delivery_day,hour,target,forecast,actual
2026-01-28,0,day_ahead_price,103.75839605515975,96.76499925
2026-01-28,1,day_ahead_price,103.59316847380256,97.2624985
2026-01-28,2,day_ahead_price,103.51968283550492,97.254999
2026-01-28,3,day_ahead_price,106.92032596512053,97.67500100000001
2026-01-28,4,day_ahead_price,106.48751302381939,97.21749875
2026-01-28,5,day_ahead_price,109.40032320661874,98.28999925
2026-01-28,6,day_ahead_price,114.31362609018626,109.0324975
2026-01-28,7,day_ahead_price,141.74863431850588,138.39249974999998
2026-01-28,8,day_ahead_price,170.40523220220484,171.02000049999998
2026-01-28,9,day_ahead_price,172.9304163120384,172.5600015
2026-01-28,10,day_ahead_price,146.64776871910001,171.1174965
2026-01-28,11,day_ahead_price,126.20907333707024,162.42750175
2026-01-28,12,day_ahead_price,122.49362342930709,152.1375005
2026-01-28,13,day_ahead_price,132.34610782238352,142.012497
2026-01-28,14,day_ahead_price,143.06818418044958,134.42000175
2026-01-28,15,day_ahead_price,154.8643977820594,137.02749649999998
2026-01-28,16,day_ahead_price,160.96639046473257,146.47999950000002
2026-01-28,17,day_ahead_price,168.7404365192514,162.0374985
2026-01-28,18,day_ahead_price,160.36360916170506,170.0550005
2026-01-28,19,day_ahead_price,154.6882545163671,153.82000325
2026-01-28,20,day_ahead_price,132.50773914739858,133.8449955
2026-01-28,21,day_ahead_price,116.84766803369735,117.35000025000001
2026-01-28,22,day_ahead_price,107.32320424073225,111.27249900000001
2026-01-28,23,day_ahead_price,100.44716386238382,105.73499875
2026-01-29,0,day_ahead_price,107.54221479986866,104.55000125
2026-01-29,1,day_ahead_price,102.16891136575785,104.0
2026-01-29,2,day_ahead_price,99.8695021538908,101.88000075
2026-01-29,3,day_ahead_price,97.31810311666018,100.022501
2026-01-29,4,day_ahead_price,95.0782540890431,100.93250075
2026-01-29,5,day_ahead_price,96.58767672777859,104.3900015
2026-01-29,6,day_ahead_price,106.79362969500195,111.62499975
2026-01-29,7,day_ahead_price,120.3583375608517,133.86750025
2026-01-29,8,day_ahead_price,142.3684748929078,157.29000100000002
2026-01-29,9,day_ahead_price,128.17423296191788,158.31000125
2026-01-29,10,day_ahead_price,124.9171604696187,147.699997
2026-01-29,11,day_ahead_price,110.84320532361274,138.4124985
2026-01-29,12,day_ahead_price,104.97540878117266,130.24500075
2026-01-29,13,day_ahead_price,94.85501108440788,128.45500149999998
2026-01-29,14,day_ahead_price,108.62001169952183,129.2525005
2026-01-29,15,day_ahead_price,116.88881418966392,129.994999
2026-01-29,16,day_ahead_price,138.6088183148721,142.49249675
2026-01-29,17,day_ahead_price,157.0696887475346,130.249996
2026-01-29,18,day_ahead_price,145.27943360471832,138.0
2026-01-29,19,day_ahead_price,139.3667206593511,126.91
2026-01-29,20,day_ahead_price,122.43307449739687,117.2800005
2026-01-29,21,day_ahead_price,109.58603095672129,111.084999
2026-01-29,22,day_ahead_price,103.12754606188896,106.5925005
2026-01-29,23,day_ahead_price,90.63173813939713,98.77750025
2026-01-30,0,day_ahead_price,98.8022303225727,98.66999975
2026-01-30,1,day_ahead_price,94.81829730866663,95.51749975
2026-01-30,2,day_ahead_price,93.38309278343905,94.4500005
2026-01-30,3,day_ahead_price,91.8435639490521,89.8150005
2026-01-30,4,day_ahead_price,91.821246443048,86.98999975
2026-01-30,5,day_ahead_price,94.37531459790142,85.16250025
2026-01-30,6,day_ahead_price,100.75295695022876,92.397501
2026-01-30,7,day_ahead_price,121.52128546473043,109.9000015
2026-01-30,8,day_ahead_price,140.83619627329563,126.99499875
2026-01-30,9,day_ahead_price,140.09404819583122,124.78000275
2026-01-30,10,day_ahead_price,133.72526392382247,121.5699995
2026-01-30,11,day_ahead_price,119.216542883405,107.994999
2026-01-30,12,day_ahead_price,115.24033753450567,101.94749825
2026-01-30,13,day_ahead_price,113.81267601317286,100.722498
2026-01-30,14,day_ahead_price,117.16002603938612,98.02000025
2026-01-30,15,day_ahead_price,126.25864840291364,98.28249925
2026-01-30,16,day_ahead_price,129.67379667174177,102.89250200000001
2026-01-30,17,day_ahead_price,141.8826697042697,107.00749975
2026-01-30,18,day_ahead_price,136.28368871738647,105.3600005
2026-01-30,19,day_ahead_price,127.01170719441387,86.14999975
2026-01-30,20,day_ahead_price,114.26863989915257,87.68249875000001
2026-01-30,21,day_ahead_price,105.90259499935966,85.9300005
2026-01-30,22,day_ahead_price,100.06912772111322,80.17249875
2026-01-30,23,day_ahead_price,92.06040587041527,83.460003
2026-01-31,0,day_ahead_price,82.49998387397437,95.00000025
2026-01-31,1,day_ahead_price,80.659250890463,92.965
2026-01-31,2,day_ahead_price,78.9638447556549,86.7474995
2026-01-31,3,day_ahead_price,76.08336845436251,82.33000200000001
2026-01-31,4,day_ahead_price,75.64304170496094,80.49000175
2026-01-31,5,day_ahead_price,75.99121061643,82.1399995
2026-01-31,6,day_ahead_price,76.77507283920951,81.74500075
2026-01-31,7,day_ahead_price,76.12027058378621,83.59749975
2026-01-31,8,day_ahead_price,82.80328192002753,87.79750075
2026-01-31,9,day_ahead_price,90.77488266719448,96.02249925
2026-01-31,10,day_ahead_price,96.60894339928024,91.13500025
2026-01-31,11,day_ahead_price,90.4695153375525,92.92499725
2026-01-31,12,day_ahead_price,89.9352763883118,91.915001
2026-01-31,13,day_ahead_price,90.52595779321682,92.06249825
2026-01-31,14,day_ahead_price,85.34087116092574,91.3999995
2026-01-31,15,day_ahead_price,94.33439878449093,96.09499925
2026-01-31,16,day_ahead_price,99.19139167149548,96.02249925000001
2026-01-31,17,day_ahead_price,107.15685135658894,89.26249899999999
2026-01-31,18,day_ahead_price,109.82952189769244,84.2874985
2026-01-31,19,day_ahead_price,97.94955539464934,84.130001
2026-01-31,20,day_ahead_price,93.68946183538998,81.5149995
2026-01-31,21,day_ahead_price,88.55938682493937,81.535
2026-01-31,22,day_ahead_price,88.46721373403582,78.9975015
2026-01-31,23,day_ahead_price,83.3553432128457,87.70000075
2026-02-01,0,day_ahead_price,88.96085437408549,92.99250025
2026-02-01,1,day_ahead_price,87.67701985351194,93.665001
2026-02-01,2,day_ahead_price,84.92417439125508,78.1175005
2026-02-01,3,day_ahead_price,83.32252859392119,87.6875
2026-02-01,4,day_ahead_price,82.60702119760907,88.5799995
2026-02-01,5,day_ahead_price,82.15394720501305,90.4575025
2026-02-01,6,day_ahead_price,76.37852560780792,85.6875
2026-02-01,7,day_ahead_price,78.17673595171472,84.46250175
2026-02-01,8,day_ahead_price,79.04430063949184,91.0299985
2026-02-01,9,day_ahead_price,86.73767323338815,89.61750025
2026-02-01,10,day_ahead_price,96.01004272868778,91.0650005
2026-02-01,11,day_ahead_price,93.38821107275244,90.5999985
2026-02-01,12,day_ahead_price,92.22598498585228,92.2924975
2026-02-01,13,day_ahead_price,90.21812153791215,90.7474995
2026-02-01,14,day_ahead_price,90.63219222651895,94.01750025
2026-02-01,15,day_ahead_price,96.02764570913432,95.78749825
2026-02-01,16,day_ahead_price,102.33730013775322,102.075001
2026-02-01,17,day_ahead_price,106.90841942685897,106.43000025
2026-02-01,18,day_ahead_price,105.80101258025955,103.05249975
2026-02-01,19,day_ahead_price,102.68020514586124,86.01000025
2026-02-01,20,day_ahead_price,97.31823304247409,86.14249975
2026-02-01,21,day_ahead_price,95.23110643039095,91.5699995
2026-02-01,22,day_ahead_price,90.51955319541037,84.94250124999999
2026-02-01,23,day_ahead_price,93.63470059582045,82.05499825
2026-02-02,0,day_ahead_price,83.2237241934905,84.370001
2026-02-02,1,day_ahead_price,82.33658948417582,83.65999975
2026-02-02,2,day_ahead_price,78.74800082646242,85.99250025
2026-02-02,3,day_ahead_price,75.74966436741259,86.76000024999999
2026-02-02,4,day_ahead_price,76.62107610979376,84.1525
2026-02-02,5,day_ahead_price,80.81069226603792,86.58
2026-02-02,6,day_ahead_price,86.0808253846882,96.9575005
2026-02-02,7,day_ahead_price,98.54484418368935,117.67250050000001
2026-02-02,8,day_ahead_price,106.13663523388274,126.0
2026-02-02,9,day_ahead_price,112.67500812029307,121.994999
2026-02-02,10,day_ahead_price,110.24735457686901,118.48749925
2026-02-02,11,day_ahead_price,102.98662165421939,112.65999975
2026-02-02,12,day_ahead_price,100.59498366869616,107.9375
2026-02-02,13,day_ahead_price,99.82158135321775,103.90999975
2026-02-02,14,day_ahead_price,104.3823631437733,102.9025
2026-02-02,15,day_ahead_price,114.4400331536923,99.99999775
2026-02-02,16,day_ahead_price,119.58449928277366,103.01
2026-02-02,17,day_ahead_price,132.6078642032935,113.9050005
2026-02-02,18,day_ahead_price,128.6359567239365,112.98999975000001
2026-02-02,19,day_ahead_price,117.7845794935778,104.687498
2026-02-02,20,day_ahead_price,108.13930536785071,102.205
2026-02-02,21,day_ahead_price,101.84391650199701,99.00250075
2026-02-02,22,day_ahead_price,95.57781323912059,95.56749925
2026-02-02,23,day_ahead_price,94.20789733721065,88.93499925
2026-02-03,0,day_ahead_price,91.05658142766615,84.200001
2026-02-03,1,day_ahead_price,89.04195693138138,88.574997
2026-02-03,2,day_ahead_price,87.32618287323805,83.8724995
2026-02-03,3,day_ahead_price,84.62475656090538,77.50000025
2026-02-03,4,day_ahead_price,84.13061517716365,73.370001
2026-02-03,5,day_ahead_price,89.84415394813769,73.6549985
2026-02-03,6,day_ahead_price,95.9859716476591,89.60250075
2026-02-03,7,day_ahead_price,116.63966032034153,98.72749875
2026-02-03,8,day_ahead_price,120.5523163094868,107.87000075
2026-02-03,9,day_ahead_price,133.1911762784142,102.8600005
2026-02-03,10,day_ahead_price,124.1430014343427,96.139999
2026-02-03,11,day_ahead_price,112.11488092051208,81.9400005
2026-02-03,12,day_ahead_price,104.71297092478663,83.36749825
2026-02-03,13,day_ahead_price,102.28622273172097,85.4800015
2026-02-03,14,day_ahead_price,111.85527568506797,92.07249825
2026-02-03,15,day_ahead_price,121.01102563227037,99.99250225
2026-02-03,16,day_ahead_price,134.22710702046948,106.48250025
2026-02-03,17,day_ahead_price,147.62170746033252,118.295
2026-02-03,18,day_ahead_price,141.0845964688208,118.61249925
2026-02-03,19,day_ahead_price,124.73676097644862,110.88999925
2026-02-03,20,day_ahead_price,114.97433263824058,104.93
2026-02-03,21,day_ahead_price,112.07186919397546,101.30250175
2026-02-03,22,day_ahead_price,102.30763250476829,98.5300005
2026-02-03,23,day_ahead_price,95.86785807109437,94.14999775000001
2026-02-04,0,day_ahead_price,91.23775095358516,83.2350005
2026-02-04,1,day_ahead_price,92.50269050663422,87.0
2026-02-04,2,day_ahead_price,91.146753292489,85.42
2026-02-04,3,day_ahead_price,89.27083517896821,80.3549995
2026-02-04,4,day_ahead_price,88.52493613702168,79.72750125
2026-02-04,5,day_ahead_price,90.90737793575218,76.96499825000001
2026-02-04,6,day_ahead_price,98.36923107539397,84.79500025
2026-02-04,7,day_ahead_price,110.8178017958628,92.63749874999999
2026-02-04,8,day_ahead_price,112.43007148888742,113.01000025
2026-02-04,9,day_ahead_price,112.4820439320454,112.99749925
2026-02-04,10,day_ahead_price,110.27814646960661,106.192501
2026-02-04,11,day_ahead_price,98.97740476520224,94.799999
2026-02-04,12,day_ahead_price,95.19980289573317,91.53999875000001
2026-02-04,13,day_ahead_price,97.26633368961527,91.1350005
2026-02-04,14,day_ahead_price,106.2467878541831,90.24250025
2026-02-04,15,day_ahead_price,115.194347336215,91.25249825
2026-02-04,16,day_ahead_price,121.45434192748549,92.02000050000001
2026-02-04,17,day_ahead_price,134.23564798821997,100.00499925
2026-02-04,18,day_ahead_price,125.47360001228071,102.42999825
2026-02-04,19,day_ahead_price,114.03092688887865,98.4025
2026-02-04,20,day_ahead_price,106.45510686896824,91.182499
2026-02-04,21,day_ahead_price,99.7898878474339,91.24499875000001
2026-02-04,22,day_ahead_price,93.67556155028277,88.499998
2026-02-04,23,day_ahead_price,89.89901550456092,83.63749874999999
2026-02-05,0,day_ahead_price,81.37073745696014,80.1800005
2026-02-05,1,day_ahead_price,81.62698965538962,84.5974995
2026-02-05,2,day_ahead_price,78.74815795931718,81.83249875
2026-02-05,3,day_ahead_price,77.42515474028549,75.36250125000001
2026-02-05,4,day_ahead_price,74.2266098604776,66.70000075
2026-02-05,5,day_ahead_price,75.5826755080868,68.09749875
2026-02-05,6,day_ahead_price,81.77442270956878,69.06000125
2026-02-05,7,day_ahead_price,85.41322864589517,98.2474995
2026-02-05,8,day_ahead_price,93.99295954332386,97.0625
2026-02-05,9,day_ahead_price,101.04075635429461,104.45999900000001
2026-02-05,10,day_ahead_price,91.30725677625246,102.1450005
2026-02-05,11,day_ahead_price,82.03227367775115,100.0349995
2026-02-05,12,day_ahead_price,79.70020310745548,95.7175005
2026-02-05,13,day_ahead_price,81.69169182478272,97.807499
2026-02-05,14,day_ahead_price,86.32432243364508,100.01749975
2026-02-05,15,day_ahead_price,94.45873020350186,102.902502
2026-02-05,16,day_ahead_price,102.36964036016998,114.8125
2026-02-05,17,day_ahead_price,110.83496815462593,123.0424975
2026-02-05,18,day_ahead_price,111.98381276796047,131.18500125
2026-02-05,19,day_ahead_price,106.03957395159566,122.78750025
2026-02-05,20,day_ahead_price,97.67425697454301,114.5199985
2026-02-05,21,day_ahead_price,90.35910852545655,105.62750075
2026-02-05,22,day_ahead_price,88.10837974189252,103.40000175
2026-02-05,23,day_ahead_price,87.3000210815421,97.46750075
2026-02-06,0,day_ahead_price,96.84487604007421,97.66749974999999
2026-02-06,1,day_ahead_price,96.55793569489292,99.12749875
2026-02-06,2,day_ahead_price,94.67674951429677,98.08749975
2026-02-06,3,day_ahead_price,93.54134110023561,98.22750125
2026-02-06,4,day_ahead_price,92.16958264367331,91.11999925
2026-02-06,5,day_ahead_price,94.77918958886046,96.209999
2026-02-06,6,day_ahead_price,104.0791933773455,104.81750075000001
2026-02-06,7,day_ahead_price,130.26306715328008,114.2350005
2026-02-06,8,day_ahead_price,158.84531939436079,137.1274985
2026-02-06,9,day_ahead_price,149.90776182415954,137.36750025
2026-02-06,10,day_ahead_price,126.30048740689574,139.892498
2026-02-06,11,day_ahead_price,119.33541967931195,136.20000075000002
2026-02-06,12,day_ahead_price,115.14123091578665,130.8999995
2026-02-06,13,day_ahead_price,115.25054287101887,130.6950015
2026-02-06,14,day_ahead_price,124.52045921896418,122.2325
2026-02-06,15,day_ahead_price,135.14371650593762,112.16749775
2026-02-06,16,day_ahead_price,147.8497894207502,124.74499700000001
2026-02-06,17,day_ahead_price,154.88142889499701,132.0324995
2026-02-06,18,day_ahead_price,148.66539841570653,129.63249775
2026-02-06,19,day_ahead_price,135.25786384271365,116.3549995
2026-02-06,20,day_ahead_price,121.55966695989457,109.625
2026-02-06,21,day_ahead_price,110.71718467595846,107.380001
2026-02-06,22,day_ahead_price,107.04134902128197,105.62499825
2026-02-06,23,day_ahead_price,97.15615561265572,101.7124995
2026-02-07,0,day_ahead_price,100.47560224247272,101.4924985
2026-02-07,1,day_ahead_price,98.32851754540955,99.99999825
2026-02-07,2,day_ahead_price,97.9537381391797,98.0424995
2026-02-07,3,day_ahead_price,95.75397651244005,96.8849985
2026-02-07,4,day_ahead_price,94.36130150564023,96.3950005
2026-02-07,5,day_ahead_price,95.37818925796333,96.7249985
2026-02-07,6,day_ahead_price,96.38221123871358,96.4750005
2026-02-07,7,day_ahead_price,101.15941179034883,103.03249925
2026-02-07,8,day_ahead_price,127.0417153189419,106.47500025
2026-02-07,9,day_ahead_price,123.73124561967172,113.05500025
2026-02-07,10,day_ahead_price,122.22471738518598,109.80000125
2026-02-07,11,day_ahead_price,117.69665403808887,104.532499
2026-02-07,12,day_ahead_price,114.73205409312172,100.15750125
2026-02-07,13,day_ahead_price,112.85134746781814,97.46750075
2026-02-07,14,day_ahead_price,117.78568237597116,99.9675005
2026-02-07,15,day_ahead_price,116.7031091957885,106.33249875
2026-02-07,16,day_ahead_price,123.69492936686387,117.965
2026-02-07,17,day_ahead_price,132.8306739054818,126.75250425000002
2026-02-07,18,day_ahead_price,140.3758943586029,132.92750175
2026-02-07,19,day_ahead_price,123.97179476151851,123.880001
2026-02-07,20,day_ahead_price,115.12227760784175,110.79249974999999
2026-02-07,21,day_ahead_price,107.41142557799834,103.8325005
2026-02-07,22,day_ahead_price,107.86565175847845,103.30249775
2026-02-07,23,day_ahead_price,100.48754224057323,97.9974995
2026-02-08,0,day_ahead_price,98.98735392664379,102.03499975
2026-02-08,1,day_ahead_price,97.41928183838036,99.045
2026-02-08,2,day_ahead_price,94.76313606920343,97.56749925
2026-02-08,3,day_ahead_price,92.33279860346819,96.424999
2026-02-08,4,day_ahead_price,91.88062526385458,94.86000075
2026-02-08,5,day_ahead_price,92.62890580059647,95.57499899999999
2026-02-08,6,day_ahead_price,91.23343550068495,94.40000175
2026-02-08,7,day_ahead_price,95.62158079345639,95.487499
2026-02-08,8,day_ahead_price,102.26464234176521,98.4225005
2026-02-08,9,day_ahead_price,105.27855976813636,100.3100015
2026-02-08,10,day_ahead_price,107.44113924969957,102.64500075
2026-02-08,11,day_ahead_price,105.36715319013231,99.59999825
2026-02-08,12,day_ahead_price,105.05767002125663,96.57250025
2026-02-08,13,day_ahead_price,103.14047558121726,95.4500005
2026-02-08,14,day_ahead_price,103.62164519536384,97.21999925
2026-02-08,15,day_ahead_price,101.67044640157754,103.3224985
2026-02-08,16,day_ahead_price,102.33443285995563,111.78499775
2026-02-08,17,day_ahead_price,112.87489316615125,127.53250125
2026-02-08,18,day_ahead_price,110.53124029681439,131.2174985
2026-02-08,19,day_ahead_price,105.67157042812454,126.90500075
2026-02-08,20,day_ahead_price,97.9876003741049,113.28250125
2026-02-08,21,day_ahead_price,91.68359776914784,107.6274985
2026-02-08,22,day_ahead_price,89.32233921597992,105.1399995
2026-02-08,23,day_ahead_price,83.43469067744219,99.98249825
2026-02-09,0,day_ahead_price,99.3944099186767,96.80500025
2026-02-09,1,day_ahead_price,98.93428679113282,95.522501
2026-02-09,2,day_ahead_price,95.91749736474934,95.76999825
2026-02-09,3,day_ahead_price,93.24368897145514,95.5375005
2026-02-09,4,day_ahead_price,93.64558263760068,96.61750025
2026-02-09,5,day_ahead_price,96.5786794934636,104.7474995
2026-02-09,6,day_ahead_price,106.50760666173919,131.6100025
2026-02-09,7,day_ahead_price,123.20883732907659,158.64249825000002
2026-02-09,8,day_ahead_price,125.90245468117267,182.824997
2026-02-09,9,day_ahead_price,123.05948618006515,169.30249799999999
2026-02-09,10,day_ahead_price,127.4620283310592,157.45249975000002
2026-02-09,11,day_ahead_price,116.33037903999248,144.50250225
2026-02-09,12,day_ahead_price,114.33403536324141,137.3224985
2026-02-09,13,day_ahead_price,114.41235473799651,135.307499
2026-02-09,14,day_ahead_price,116.14835074806018,137.90750125
2026-02-09,15,day_ahead_price,120.71458813893301,149.4649965
2026-02-09,16,day_ahead_price,124.44499959559073,170.2225035
2026-02-09,17,day_ahead_price,141.6412333856819,229.24500275
2026-02-09,18,day_ahead_price,135.11952811360726,184.40250025
2026-02-09,19,day_ahead_price,130.1697667585862,167.09500475
2026-02-09,20,day_ahead_price,117.01670170725843,144.51500325
2026-02-09,21,day_ahead_price,109.55298459225341,134.70000075
2026-02-09,22,day_ahead_price,102.91964958345794,122.98999975000001
2026-02-09,23,day_ahead_price,96.63170465223799,108.9224985
2026-02-10,0,day_ahead_price,109.42585975200308,104.64750125
2026-02-10,1,day_ahead_price,107.59957849634243,103.7474995
2026-02-10,2,day_ahead_price,103.91121426305551,102.75
2026-02-10,3,day_ahead_price,102.59761896778794,102.4375
2026-02-10,4,day_ahead_price,100.75185696819642,102.43999875
2026-02-10,5,day_ahead_price,104.51506363268578,105.4349995
2026-02-10,6,day_ahead_price,117.40993389850478,119.9349995
2026-02-10,7,day_ahead_price,150.1793173121341,139.402502
2026-02-10,8,day_ahead_price,169.81166974021914,149.79749700000002
2026-02-10,9,day_ahead_price,157.70769144945348,138.19749825
2026-02-10,10,day_ahead_price,145.08947265534587,133.71249975
2026-02-10,11,day_ahead_price,127.88182179292525,123.57000125
2026-02-10,12,day_ahead_price,119.32865192350144,114.05250175
2026-02-10,13,day_ahead_price,117.67706776643014,112.21250175
2026-02-10,14,day_ahead_price,124.71576633123526,118.02250125
2026-02-10,15,day_ahead_price,134.62605987601665,130.1950015
2026-02-10,16,day_ahead_price,148.7367774566423,131.14499849999999
2026-02-10,17,day_ahead_price,162.72260623642362,138.65999975
2026-02-10,18,day_ahead_price,157.07786004813192,136.0424995
2026-02-10,19,day_ahead_price,139.92625466475013,121.89250200000001
2026-02-10,20,day_ahead_price,121.28053318956438,111.27499975
2026-02-10,21,day_ahead_price,111.6807874038509,108.13499825
2026-02-10,22,day_ahead_price,103.62600380044194,106.69499975
2026-02-10,23,day_ahead_price,96.93801156180358,100.53000075
2026-02-11,0,day_ahead_price,97.79902888111964,96.78750025
2026-02-11,1,day_ahead_price,96.86938550258206,96.62999925
2026-02-11,2,day_ahead_price,96.26306649774494,95.762499
2026-02-11,3,day_ahead_price,94.55109072666035,94.83
2026-02-11,4,day_ahead_price,93.18068017367254,94.96999925
2026-02-11,5,day_ahead_price,95.55293057073682,99.2775
2026-02-11,6,day_ahead_price,103.80919332569411,110.65250025
2026-02-11,7,day_ahead_price,118.63510803698948,129.23249825
2026-02-11,8,day_ahead_price,138.66595676013804,137.20999925
2026-02-11,9,day_ahead_price,135.20391303789893,132.0774995
2026-02-11,10,day_ahead_price,122.64897471489294,128.307501
2026-02-11,11,day_ahead_price,111.24145907445408,125.95499975
2026-02-11,12,day_ahead_price,107.7164492478575,115.880001
2026-02-11,13,day_ahead_price,107.87945231547619,117.3475
2026-02-11,14,day_ahead_price,113.53193973451604,116.70750050000001
2026-02-11,15,day_ahead_price,122.1540356446325,118.1900005
2026-02-11,16,day_ahead_price,128.99792197729928,123.02000075000001
2026-02-11,17,day_ahead_price,132.94570224354106,127.9124965
2026-02-11,18,day_ahead_price,130.81487918361094,125.48000175
2026-02-11,19,day_ahead_price,119.04894808434453,112.03750025
2026-02-11,20,day_ahead_price,109.09750483094716,105.46999925
2026-02-11,21,day_ahead_price,103.3595892713514,104.70249925
2026-02-11,22,day_ahead_price,97.95764821937823,102.174999
2026-02-11,23,day_ahead_price,94.54237445016045,95.31250025
2026-02-12,0,day_ahead_price,95.7052963800066,88.72999949999999
2026-02-12,1,day_ahead_price,94.27519113381094,87.98249824999999
2026-02-12,2,day_ahead_price,90.75941335035779,86.51499749999999
2026-02-12,3,day_ahead_price,88.57087601697094,84.642498
2026-02-12,4,day_ahead_price,85.14506056870893,85.73749925
2026-02-12,5,day_ahead_price,86.7963312831717,89.23000175
2026-02-12,6,day_ahead_price,94.55313234502408,90.78750025
2026-02-12,7,day_ahead_price,105.83938996890089,99.500002
2026-02-12,8,day_ahead_price,115.2838663139834,89.4299985
2026-02-12,9,day_ahead_price,116.27488969789692,95.96749875
2026-02-12,10,day_ahead_price,113.06532355264275,101.2199995
2026-02-12,11,day_ahead_price,106.18814847388256,103.98750100000001
2026-02-12,12,day_ahead_price,104.00230605929812,104.51499925
2026-02-12,13,day_ahead_price,103.39924449069628,103.0525015
2026-02-12,14,day_ahead_price,107.29180890407352,104.01750200000001
2026-02-12,15,day_ahead_price,115.06551336667476,105.0825005
2026-02-12,16,day_ahead_price,124.87870816446221,108.98750125000001
2026-02-12,17,day_ahead_price,129.45975990326139,120.69999849999999
2026-02-12,18,day_ahead_price,124.03768877867061,125.00250075
2026-02-12,19,day_ahead_price,113.52092527490032,111.42499925
2026-02-12,20,day_ahead_price,105.01857810829777,105.32750125
2026-02-12,21,day_ahead_price,100.60956651235448,99.9375
2026-02-12,22,day_ahead_price,102.30492932317844,96.75250075
2026-02-12,23,day_ahead_price,94.62209880208827,89.6000005
2026-02-13,0,day_ahead_price,89.66995721867735,84.3275015
2026-02-13,1,day_ahead_price,89.28831776123769,84.07000175
2026-02-13,2,day_ahead_price,87.01263291211815,85.2525025
2026-02-13,3,day_ahead_price,84.721884444079,84.05499825
2026-02-13,4,day_ahead_price,83.8774740850346,83.779999
2026-02-13,5,day_ahead_price,85.24040200773298,87.6225015
2026-02-13,6,day_ahead_price,90.91126497260313,99.22749925
2026-02-13,7,day_ahead_price,105.98568527929685,118.30500025
2026-02-13,8,day_ahead_price,115.34078248499233,125.404999
2026-02-13,9,day_ahead_price,115.1299571410021,121.067499
2026-02-13,10,day_ahead_price,114.37297105570998,108.469999
2026-02-13,11,day_ahead_price,106.53133212904926,102.8125
2026-02-13,12,day_ahead_price,106.13858654103112,97.30000125000001
2026-02-13,13,day_ahead_price,105.63948032399833,97.49500075
2026-02-13,14,day_ahead_price,107.64197757034718,102.08999800000001
2026-02-13,15,day_ahead_price,108.87488434334229,119.15500075
2026-02-13,16,day_ahead_price,112.21101162238541,127.7075005
2026-02-13,17,day_ahead_price,121.88932117768596,134.6
2026-02-13,18,day_ahead_price,123.87610741726033,137.23249825
2026-02-13,19,day_ahead_price,113.30956959218348,132.364996
2026-02-13,20,day_ahead_price,106.84657764742988,126.125
2026-02-13,21,day_ahead_price,102.74826123735548,117.67
2026-02-13,22,day_ahead_price,102.97412899140068,110.03750025
2026-02-13,23,day_ahead_price,95.18200273080848,100.98749925
2026-02-14,0,day_ahead_price,99.82688283234361,97.26500125
2026-02-14,1,day_ahead_price,100.31335372885933,92.23750125000001
2026-02-14,2,day_ahead_price,98.79023229384947,89.5074995
2026-02-14,3,day_ahead_price,96.05449442420144,89.09499925
2026-02-14,4,day_ahead_price,95.77227055697293,87.97249975
2026-02-14,5,day_ahead_price,97.16952695992191,89.08999825000001
2026-02-14,6,day_ahead_price,100.35569184145285,90.60750025
2026-02-14,7,day_ahead_price,109.45862284683318,93.6425
2026-02-14,8,day_ahead_price,110.25663955994825,102.7924995
2026-02-14,9,day_ahead_price,115.13000159379557,107.48999975
2026-02-14,10,day_ahead_price,113.39072469950311,103.969999
2026-02-14,11,day_ahead_price,108.6896891353322,98.1625005
2026-02-14,12,day_ahead_price,109.42699548929417,95.15999975
2026-02-14,13,day_ahead_price,107.29081520063016,93.9725
2026-02-14,14,day_ahead_price,107.53485617958916,97.11250100000001
2026-02-14,15,day_ahead_price,112.2581186275659,104.97999975
2026-02-14,16,day_ahead_price,115.44397357196942,116.93500125
2026-02-14,17,day_ahead_price,131.86959609383777,126.25999999999999
2026-02-14,18,day_ahead_price,133.94704925704914,131.96249775
2026-02-14,19,day_ahead_price,124.56239769735188,128.7874985
2026-02-14,20,day_ahead_price,112.87003150528142,123.27000025
2026-02-14,21,day_ahead_price,107.00347785932676,117.0775015
2026-02-14,22,day_ahead_price,102.85399219939461,111.2699985
2026-02-14,23,day_ahead_price,98.94361607547907,101.18000025
2026-02-15,0,day_ahead_price,98.20030235185214,101.7775
2026-02-15,1,day_ahead_price,96.18956224940928,99.94750025
2026-02-15,2,day_ahead_price,94.05439580450343,100.75500124999999
2026-02-15,3,day_ahead_price,92.82770386737664,98.02499975
2026-02-15,4,day_ahead_price,93.76977738687607,96.5199985
2026-02-15,5,day_ahead_price,92.95966517910503,94.35499925
2026-02-15,6,day_ahead_price,93.88992875649254,94.16750125
2026-02-15,7,day_ahead_price,100.66634366550852,96.11500175
2026-02-15,8,day_ahead_price,99.81734936160582,96.79999925
2026-02-15,9,day_ahead_price,107.74031318924881,93.0650025
2026-02-15,10,day_ahead_price,106.48555471010684,83.017498
2026-02-15,11,day_ahead_price,100.36391923078226,74.7224995
2026-02-15,12,day_ahead_price,100.73662853152072,67.37000075
2026-02-15,13,day_ahead_price,98.05158318258707,64.40750025
2026-02-15,14,day_ahead_price,97.03922452101834,64.8650005
2026-02-15,15,day_ahead_price,94.90334257728584,71.95250025
2026-02-15,16,day_ahead_price,99.96336703422415,84.204998
2026-02-15,17,day_ahead_price,113.5225685104108,96.38500025
2026-02-15,18,day_ahead_price,118.12289059800484,98.20250125
2026-02-15,19,day_ahead_price,112.50304819311643,83.61250125000001
2026-02-15,20,day_ahead_price,104.80675533760565,71.00249875
2026-02-15,21,day_ahead_price,98.90260912784859,67.2625005
2026-02-15,22,day_ahead_price,95.75140363328109,65.61500050000001
2026-02-15,23,day_ahead_price,91.01497806978313,58.2725
2026-02-16,0,day_ahead_price,54.59887177524635,69.8199995
2026-02-16,1,day_ahead_price,54.97508262629577,65.63249975000001
2026-02-16,2,day_ahead_price,53.52078240826126,65.09499725
2026-02-16,3,day_ahead_price,50.94477132992374,64.41249925
2026-02-16,4,day_ahead_price,48.684590225424586,66.05249975
2026-02-16,5,day_ahead_price,52.01439672557881,69.98500075
2026-02-16,6,day_ahead_price,62.49454237491646,79.32750125
2026-02-16,7,day_ahead_price,74.95822571174372,94.1225015
2026-02-16,8,day_ahead_price,71.19195999247165,101.032501
2026-02-16,9,day_ahead_price,67.35176904666945,104.42499925
2026-02-16,10,day_ahead_price,66.39807943933161,101.539999
2026-02-16,11,day_ahead_price,58.271333436017265,94.86000075
2026-02-16,12,day_ahead_price,55.95428582420915,92.00249875
2026-02-16,13,day_ahead_price,63.0850400653361,94.40250025
2026-02-16,14,day_ahead_price,63.310147875235785,94.7474995
2026-02-16,15,day_ahead_price,55.59255106551152,94.539999
2026-02-16,16,day_ahead_price,67.46934037122796,102.282501
2026-02-16,17,day_ahead_price,87.25326908398046,114.41749974999999
2026-02-16,18,day_ahead_price,84.47059193032156,115.63750250000001
2026-02-16,19,day_ahead_price,79.26352901928661,117.44499775
2026-02-16,20,day_ahead_price,71.78141363534101,103.75499925
2026-02-16,21,day_ahead_price,75.87297513894683,96.1875
2026-02-16,22,day_ahead_price,74.13121343613464,94.3150005
2026-02-16,23,day_ahead_price,78.48290075771914,90.20000075
2026-02-17,0,day_ahead_price,88.68068541894228,87.01749975
2026-02-17,1,day_ahead_price,91.03345853034897,85.10249925
2026-02-17,2,day_ahead_price,89.13611477918056,84.77000025000001
2026-02-17,3,day_ahead_price,89.37974443838785,85.647499
2026-02-17,4,day_ahead_price,88.65828546430257,84.8125
2026-02-17,5,day_ahead_price,93.0948931787786,88.84
2026-02-17,6,day_ahead_price,102.54862164299956,102.459999
2026-02-17,7,day_ahead_price,128.1582883653393,114.3275015
2026-02-17,8,day_ahead_price,146.6411715794726,114.30000125000001
2026-02-17,9,day_ahead_price,134.97850331255236,110.8374995
2026-02-17,10,day_ahead_price,128.87604767933044,102.40000125
2026-02-17,11,day_ahead_price,114.44140719223483,93.05500225
2026-02-17,12,day_ahead_price,107.21446188290945,83.93999875
2026-02-17,13,day_ahead_price,110.1197556533077,82.29249924999999
2026-02-17,14,day_ahead_price,116.03289792516847,82.4174995
2026-02-17,15,day_ahead_price,138.31292251056726,86.3775005
2026-02-17,16,day_ahead_price,172.69437545936708,94.0824985
2026-02-17,17,day_ahead_price,239.85993404128598,110.80500025
2026-02-17,18,day_ahead_price,180.97082064655837,126.97500025
2026-02-17,19,day_ahead_price,183.77190716823566,126.5999985
2026-02-17,20,day_ahead_price,141.40011682700893,111.32500075
2026-02-17,21,day_ahead_price,127.52857462787772,99.95250100000001
2026-02-17,22,day_ahead_price,126.38439315006056,93.2249985
2026-02-17,23,day_ahead_price,128.52336103064732,89.6100005
2026-02-18,0,day_ahead_price,85.39244717739453,95.630001
2026-02-18,1,day_ahead_price,87.07488506622128,93.562502
2026-02-18,2,day_ahead_price,87.53113658004449,93.29249725
2026-02-18,3,day_ahead_price,85.11351795081582,92.675001
2026-02-18,4,day_ahead_price,84.13387187670736,93.41750175
2026-02-18,5,day_ahead_price,84.25551532868941,101.19750025
2026-02-18,6,day_ahead_price,92.36798292520506,122.51250075
2026-02-18,7,day_ahead_price,107.25652379231403,175.744999
2026-02-18,8,day_ahead_price,121.55485661364636,186.09249875
2026-02-18,9,day_ahead_price,117.03930526102423,136.28250125
2026-02-18,10,day_ahead_price,108.67662326146899,118.010002
2026-02-18,11,day_ahead_price,96.20718287437593,107.272499
2026-02-18,12,day_ahead_price,93.00463271679075,102.8274995
2026-02-18,13,day_ahead_price,94.07403629283175,101.66250025
2026-02-18,14,day_ahead_price,99.64149945597345,104.70249925
2026-02-18,15,day_ahead_price,105.88578513657103,114.83749975
2026-02-18,16,day_ahead_price,115.81819886272251,122.472498
2026-02-18,17,day_ahead_price,127.18800550034891,140.4050025
2026-02-18,18,day_ahead_price,127.55436693537894,142.5974995
2026-02-18,19,day_ahead_price,120.08475024362102,120.192499
2026-02-18,20,day_ahead_price,109.6686084424908,103.28750225
2026-02-18,21,day_ahead_price,103.9271036143625,101.022499
2026-02-18,22,day_ahead_price,99.46918987102771,98.557499
2026-02-18,23,day_ahead_price,97.47450719662501,89.86750025
2026-02-19,0,day_ahead_price,89.29301518466549,84.4224985
2026-02-19,1,day_ahead_price,88.39225482375976,82.55500025
2026-02-19,2,day_ahead_price,86.44978100537097,82.59999825
2026-02-19,3,day_ahead_price,85.29077412041359,82.25750175
2026-02-19,4,day_ahead_price,83.07306808132627,80.3999995
2026-02-19,5,day_ahead_price,85.03932232128163,84.94749999999999
2026-02-19,6,day_ahead_price,94.77411967189555,88.80500025
2026-02-19,7,day_ahead_price,108.71440813830748,96.44499975
2026-02-19,8,day_ahead_price,110.15219822428408,107.165001
2026-02-19,9,day_ahead_price,107.97067963657577,109.76500125
2026-02-19,10,day_ahead_price,102.36068755973359,104.15250025
2026-02-19,11,day_ahead_price,94.1682572276564,96.8374995
2026-02-19,12,day_ahead_price,90.61295582951551,92.125002
2026-02-19,13,day_ahead_price,87.00816057874401,90.7299975
2026-02-19,14,day_ahead_price,91.71955277803568,90.6849995
2026-02-19,15,day_ahead_price,99.74143420057143,93.7525005
2026-02-19,16,day_ahead_price,111.21596943159294,98.0650005
2026-02-19,17,day_ahead_price,122.02961633020229,108.8599985
2026-02-19,18,day_ahead_price,115.28592648355634,114.817501
2026-02-19,19,day_ahead_price,110.6609680317094,111.94499975
2026-02-19,20,day_ahead_price,102.83290233065529,101.6274985
2026-02-19,21,day_ahead_price,96.32784863931825,98.66250025
2026-02-19,22,day_ahead_price,91.9475380824032,92.4675005
2026-02-19,23,day_ahead_price,90.88988133150858,85.49749775000001
2026-02-20,0,day_ahead_price,84.06468948038851,86.4249975
2026-02-20,1,day_ahead_price,85.91361473696466,86.22750075
2026-02-20,2,day_ahead_price,82.26506842495003,85.55750075
2026-02-20,3,day_ahead_price,79.6937890236498,84.87999925
2026-02-20,4,day_ahead_price,78.20568337325228,84.41750175
2026-02-20,5,day_ahead_price,81.26010126329798,89.6875
2026-02-20,6,day_ahead_price,90.40372836972199,100.049999
2026-02-20,7,day_ahead_price,108.09808774936567,112.49249825
2026-02-20,8,day_ahead_price,112.00498175878485,116.39249975
2026-02-20,9,day_ahead_price,110.41806604554792,107.4000015
2026-02-20,10,day_ahead_price,102.4184284688405,90.60749975
2026-02-20,11,day_ahead_price,94.33319212996584,83.0425015
2026-02-20,12,day_ahead_price,90.78122270331136,79.3999995
2026-02-20,13,day_ahead_price,91.604100838147,78.75999825
2026-02-20,14,day_ahead_price,92.54416870858093,79.95750050000001
2026-02-20,15,day_ahead_price,96.46478118492115,81.23999975000001
2026-02-20,16,day_ahead_price,105.92001712378331,78.44000075
2026-02-20,17,day_ahead_price,116.04640167815135,79.60000225
2026-02-20,18,day_ahead_price,125.43315652763943,86.102499
2026-02-20,19,day_ahead_price,114.62170431827204,82.7075005
2026-02-20,20,day_ahead_price,107.77541502352231,78.71249975
2026-02-20,21,day_ahead_price,102.89001580199589,67.99749925
2026-02-20,22,day_ahead_price,98.67491698612325,64.64000025
2026-02-20,23,day_ahead_price,92.81938903413861,46.80500025
2026-02-21,0,day_ahead_price,48.24643414505456,52.440000749999996
2026-02-21,1,day_ahead_price,48.77862206426059,46.64499925
2026-02-21,2,day_ahead_price,48.16791835325054,43.4575005
2026-02-21,3,day_ahead_price,46.07925935952338,42.36250025
2026-02-21,4,day_ahead_price,43.746037792617116,42.0
2026-02-21,5,day_ahead_price,47.414570270108136,41.625
2026-02-21,6,day_ahead_price,46.034168280990606,35.86000025
2026-02-21,7,day_ahead_price,43.06213830730469,46.989999749999996
2026-02-21,8,day_ahead_price,51.1819312304601,56.05000025
2026-02-21,9,day_ahead_price,57.55115804256371,58.41750025
2026-02-21,10,day_ahead_price,59.461648324799135,59.914999
2026-02-21,11,day_ahead_price,51.10201290430455,59.23499975
2026-02-21,12,day_ahead_price,51.78960229748382,59.0150005
2026-02-21,13,day_ahead_price,40.25393480034796,55.502500500000004
2026-02-21,14,day_ahead_price,34.19566685004779,56.732499000000004
2026-02-21,15,day_ahead_price,17.997624105474827,68.8850015
2026-02-21,16,day_ahead_price,-7.593427409784255,81.9400005
2026-02-21,17,day_ahead_price,21.635274695724732,98.635
2026-02-21,18,day_ahead_price,73.88622804616759,108.175001
2026-02-21,19,day_ahead_price,69.26549987318447,101.17250250000001
2026-02-21,20,day_ahead_price,65.19309639270185,89.09749825
2026-02-21,21,day_ahead_price,74.34045655687844,82.81249975
2026-02-21,22,day_ahead_price,71.36759070113601,76.59249875
2026-02-21,23,day_ahead_price,72.31208758646657,66.709999
2026-02-22,0,day_ahead_price,66.25797050871529,56.67499925
2026-02-22,1,day_ahead_price,66.95501636419273,52.71000025
2026-02-22,2,day_ahead_price,66.2360051015566,47.89750025
2026-02-22,3,day_ahead_price,68.92322699130607,41.7924995
2026-02-22,4,day_ahead_price,68.48270434686216,39.647498999999996
2026-02-22,5,day_ahead_price,72.60348264371979,38.66750075
2026-02-22,6,day_ahead_price,73.66461006123936,37.64749975
2026-02-22,7,day_ahead_price,79.52791467444816,43.40250025
2026-02-22,8,day_ahead_price,86.90167614947234,47.46
2026-02-22,9,day_ahead_price,83.17355939781505,55.6724995
2026-02-22,10,day_ahead_price,77.11945523254354,56.99499975
2026-02-22,11,day_ahead_price,72.58402026313507,54.53000075
2026-02-22,12,day_ahead_price,72.06415642930398,51.4800005
2026-02-22,13,day_ahead_price,73.69373240632933,46.21
2026-02-22,14,day_ahead_price,77.26450726680315,44.5175
2026-02-22,15,day_ahead_price,80.9610518584629,49.007501
2026-02-22,16,day_ahead_price,84.01376648369457,66.8450005
2026-02-22,17,day_ahead_price,101.62476429751061,87.7800005
2026-02-22,18,day_ahead_price,103.11050033145489,91.567501
2026-02-22,19,day_ahead_price,100.97242428019774,89.825001
2026-02-22,20,day_ahead_price,88.96443871574286,82.32500075
2026-02-22,21,day_ahead_price,84.6663155507161,75.2749995
2026-02-22,22,day_ahead_price,76.1150806540446,70.45750050000001
2026-02-22,23,day_ahead_price,68.3042024052215,52.23750125
2026-02-23,0,day_ahead_price,49.685178612543744,45.84500025
2026-02-23,1,day_ahead_price,43.34299327442119,45.835
2026-02-23,2,day_ahead_price,46.51234939936504,44.4525005
2026-02-23,3,day_ahead_price,44.475491879785345,45.25500025
2026-02-23,4,day_ahead_price,46.748410414701404,45.40750025
2026-02-23,5,day_ahead_price,51.32921349879585,56.31999975
2026-02-23,6,day_ahead_price,63.35436538973846,77.7875005
2026-02-23,7,day_ahead_price,80.54855252904672,96.01249899999999
2026-02-23,8,day_ahead_price,83.3202073650105,99.11250100000001
2026-02-23,9,day_ahead_price,81.9088677507238,92.3449995
2026-02-23,10,day_ahead_price,78.51796443860377,88.95499975
2026-02-23,11,day_ahead_price,74.37735277501882,80.6624985
2026-02-23,12,day_ahead_price,74.14713202344163,83.70499975
2026-02-23,13,day_ahead_price,80.82894224520312,83.63500025
2026-02-23,14,day_ahead_price,87.53851123404603,86.21750075
2026-02-23,15,day_ahead_price,95.19158541394134,92.74250025
2026-02-23,16,day_ahead_price,99.29719468616781,89.96000325
2026-02-23,17,day_ahead_price,123.22570809188052,98.17
2026-02-23,18,day_ahead_price,111.39274097900226,107.28499975
2026-02-23,19,day_ahead_price,109.61579822264686,110.89750125
2026-02-23,20,day_ahead_price,92.71579918651099,100.05750075
2026-02-23,21,day_ahead_price,86.35082361073066,97.249998
2026-02-23,22,day_ahead_price,85.76498116331737,95.92750175
2026-02-23,23,day_ahead_price,80.56765597287954,90.3725015
2026-02-24,0,day_ahead_price,86.84490020926185,86.0249975
2026-02-24,1,day_ahead_price,87.0888024487465,84.99499875000001
2026-02-24,2,day_ahead_price,86.65749996532932,86.25749975
2026-02-24,3,day_ahead_price,85.61953947466658,86.49499875000001
2026-02-24,4,day_ahead_price,84.32321534693907,88.22250175
2026-02-24,5,day_ahead_price,86.95904190819073,94.174999
2026-02-24,6,day_ahead_price,96.46293890185292,111.7024995
2026-02-24,7,day_ahead_price,122.8100899587536,133.3500005
2026-02-24,8,day_ahead_price,147.0884329500637,147.5849955
2026-02-24,9,day_ahead_price,131.3113931581487,140.94000225
2026-02-24,10,day_ahead_price,118.32656183306563,128.904999
2026-02-24,11,day_ahead_price,113.44446739720289,111.6175005
2026-02-24,12,day_ahead_price,111.37189007570117,102.37500175
2026-02-24,13,day_ahead_price,110.66791203357401,101.21750075
2026-02-24,14,day_ahead_price,121.70599025555575,100.057499
2026-02-24,15,day_ahead_price,130.12615461139276,109.54249949999999
2026-02-24,16,day_ahead_price,137.03449015175403,126.02000025000001
2026-02-24,17,day_ahead_price,153.18056194316188,182.8025015
2026-02-24,18,day_ahead_price,142.22342954589206,184.06750075
2026-02-24,19,day_ahead_price,138.55967848959108,145.81000125
2026-02-24,20,day_ahead_price,117.62053838162424,119.01250075
2026-02-24,21,day_ahead_price,107.23182212921223,108.7250005
2026-02-24,22,day_ahead_price,100.5032071526937,101.705
2026-02-24,23,day_ahead_price,101.61317633810037,93.90250025
2026-02-25,0,day_ahead_price,91.29628969882944,92.14249975000001
2026-02-25,1,day_ahead_price,91.26345998808316,87.40250025
2026-02-25,2,day_ahead_price,90.11384812685525,84.83250050000001
2026-02-25,3,day_ahead_price,87.19670333142881,88.09499925
2026-02-25,4,day_ahead_price,87.71422423202306,88.60999899999999
2026-02-25,5,day_ahead_price,91.01789250527565,92.64000125
2026-02-25,6,day_ahead_price,101.70307832795352,109.545
2026-02-25,7,day_ahead_price,129.76903150736499,130.557499
2026-02-25,8,day_ahead_price,153.95886040123668,120.289999
2026-02-25,9,day_ahead_price,133.8188893036366,107.4975015
2026-02-25,10,day_ahead_price,120.58569422231567,91.11499975
2026-02-25,11,day_ahead_price,107.86162274612681,82.9575005
2026-02-25,12,day_ahead_price,103.14753526507977,76.9274995
2026-02-25,13,day_ahead_price,103.56374207821563,72.76249899999999
2026-02-25,14,day_ahead_price,107.03144001555454,73.43250075
2026-02-25,15,day_ahead_price,116.37482330736309,80.98749925
2026-02-25,16,day_ahead_price,122.84060503178283,100.87750075
2026-02-25,17,day_ahead_price,152.23445544449888,116.2400035
2026-02-25,18,day_ahead_price,142.91956538847947,117.91
2026-02-25,19,day_ahead_price,129.8607807554709,107.15250225
2026-02-25,20,day_ahead_price,105.97593610914997,94.25499925
2026-02-25,21,day_ahead_price,93.53057336545314,86.07000175
2026-02-25,22,day_ahead_price,89.93478349265423,84.6675015
2026-02-25,23,day_ahead_price,79.56502817259977,79.119999
2026-02-26,0,day_ahead_price,77.6861461019862,76.4224985
2026-02-26,1,day_ahead_price,74.58380701657225,72.38999925
2026-02-26,2,day_ahead_price,72.25754923655364,68.7424985
2026-02-26,3,day_ahead_price,70.5474437779,67.93250075
2026-02-26,4,day_ahead_price,69.18398780804145,67.3775005
2026-02-26,5,day_ahead_price,71.44439981423882,72.4700005
2026-02-26,6,day_ahead_price,77.03769549757307,79.80249950000001
2026-02-26,7,day_ahead_price,87.74154296264278,97.43249875000001
2026-02-26,8,day_ahead_price,93.16384189290572,97.4475
2026-02-26,9,day_ahead_price,92.74944166979081,80.42500100000001
2026-02-26,10,day_ahead_price,84.63140699970705,71.1150015
2026-02-26,11,day_ahead_price,79.83123984386455,61.3500005
2026-02-26,12,day_ahead_price,77.30177080300912,53.60750025
2026-02-26,13,day_ahead_price,78.4347133941351,51.86000075
2026-02-26,14,day_ahead_price,78.4363128313567,55.225001250000005
2026-02-26,15,day_ahead_price,83.94251305320313,71.3075
2026-02-26,16,day_ahead_price,91.94486462586154,88.79249925
2026-02-26,17,day_ahead_price,106.84512464246929,95.215
2026-02-26,18,day_ahead_price,117.80505458455704,98.995001
2026-02-26,19,day_ahead_price,113.05773982103177,97.25250075
2026-02-26,20,day_ahead_price,100.57476703900731,88.902502
2026-02-26,21,day_ahead_price,96.07026303550619,82.0
2026-02-26,22,day_ahead_price,90.42096678572914,78.0
2026-02-26,23,day_ahead_price,83.73494673337115,71.5749995
2026-02-27,0,day_ahead_price,69.79679276169207,55.1475
2026-02-27,1,day_ahead_price,70.34028614272759,56.0074995
2026-02-27,2,day_ahead_price,66.84538592011653,57.302499749999996
2026-02-27,3,day_ahead_price,68.79920583793849,60.000001
2026-02-27,4,day_ahead_price,69.63384189136613,61.795001
2026-02-27,5,day_ahead_price,74.88541866431906,65.795001
2026-02-27,6,day_ahead_price,82.14473559630233,71.76249974999999
2026-02-27,7,day_ahead_price,103.14076101864975,85.6725005
2026-02-27,8,day_ahead_price,109.34035160369677,79.32999925
2026-02-27,9,day_ahead_price,98.88061127072667,69.31750124999999
2026-02-27,10,day_ahead_price,86.20097527424167,60.82749975
2026-02-27,11,day_ahead_price,78.11686751872827,55.0275
2026-02-27,12,day_ahead_price,72.02428256736523,59.06999975
2026-02-27,13,day_ahead_price,74.63665095322723,64.47999825
2026-02-27,14,day_ahead_price,81.99109317879012,70.84999825
2026-02-27,15,day_ahead_price,96.08320604602136,75.06499875
2026-02-27,16,day_ahead_price,108.8227513448694,91.99999975
2026-02-27,17,day_ahead_price,125.57553499435411,105.50750149999999
2026-02-27,18,day_ahead_price,123.07832671219832,115.2075025
2026-02-27,19,day_ahead_price,116.71542324426723,109.25250075
2026-02-27,20,day_ahead_price,100.30638872038307,100.0300005
2026-02-27,21,day_ahead_price,92.050649945936,90.96250125
2026-02-27,22,day_ahead_price,88.1475333681003,87.51
2026-02-27,23,day_ahead_price,79.69513887596374,80.0025005
2026-02-28,0,day_ahead_price,77.70903252190911,80.0199985
2026-02-28,1,day_ahead_price,76.1470758719888,76.32250024999999
2026-02-28,2,day_ahead_price,75.57700771491433,74.745001
2026-02-28,3,day_ahead_price,73.24718740717465,72.630003
2026-02-28,4,day_ahead_price,73.6035717731455,71.942501
2026-02-28,5,day_ahead_price,76.60452035825755,72.869999
2026-02-28,6,day_ahead_price,79.52205573474248,73.61750025
2026-02-28,7,day_ahead_price,85.06280794637246,77.8650015
2026-02-28,8,day_ahead_price,87.62391684008519,78.34499925
2026-02-28,9,day_ahead_price,87.47033555021957,82.3174995
2026-02-28,10,day_ahead_price,80.19461345609204,84.75999999999999
2026-02-28,11,day_ahead_price,80.13743170232442,82.31750124999999
2026-02-28,12,day_ahead_price,79.73436039509181,71.65500075
2026-02-28,13,day_ahead_price,81.94139827225462,58.3450005
2026-02-28,14,day_ahead_price,88.0667883786291,55.41
2026-02-28,15,day_ahead_price,97.80566823363021,53.5325005
2026-02-28,16,day_ahead_price,105.90210140749424,74.0650005
2026-02-28,17,day_ahead_price,114.03374386026529,89.93499925
2026-02-28,18,day_ahead_price,116.14671129858219,95.19249925
2026-02-28,19,day_ahead_price,107.16609933575083,85.16749949999999
2026-02-28,20,day_ahead_price,94.61033995457123,69.7175
2026-02-28,21,day_ahead_price,89.50237322493844,64.722501
2026-02-28,22,day_ahead_price,85.45228079033281,64.66250025000001
2026-02-28,23,day_ahead_price,70.3600122595345,60.67250075
2026-03-01,0,day_ahead_price,59.959023697039044,48.8150005
2026-03-01,1,day_ahead_price,57.06894994866144,51.55000025
2026-03-01,2,day_ahead_price,52.554179629988134,54.2474995
2026-03-01,3,day_ahead_price,51.8935330743068,57.072500000000005
2026-03-01,4,day_ahead_price,53.668826269414964,61.084999249999996
2026-03-01,5,day_ahead_price,54.67989129289053,60.6375
2026-03-01,6,day_ahead_price,52.38518103389552,65.17000025
2026-03-01,7,day_ahead_price,48.901331511377336,64.99750025
2026-03-01,8,day_ahead_price,46.71040838422628,52.53500075
2026-03-01,9,day_ahead_price,48.38041612693162,21.35999975
2026-03-01,10,day_ahead_price,51.22311732668424,14.39750025
2026-03-01,11,day_ahead_price,51.161915458116795,10.8975
2026-03-01,12,day_ahead_price,51.977719977606604,10.092500000000001
2026-03-01,13,day_ahead_price,50.065456913415645,10.3875
2026-03-01,14,day_ahead_price,61.72509919793941,13.4925005
2026-03-01,15,day_ahead_price,63.332638744874025,32.62250075
2026-03-01,16,day_ahead_price,67.05037651281191,74.84000125
2026-03-01,17,day_ahead_price,84.96405716041883,103.76000025
2026-03-01,18,day_ahead_price,89.8492124394603,103.02000025
2026-03-01,19,day_ahead_price,84.95246226868943,97.47250149999999
2026-03-01,20,day_ahead_price,68.74177302255653,90.16250025
2026-03-01,21,day_ahead_price,64.44432077501568,81.31499875
2026-03-01,22,day_ahead_price,67.1584322037785,74.63749874999999
2026-03-01,23,day_ahead_price,65.96331989579011,68.1475
2026-03-02,0,day_ahead_price,64.63082418485861,65.13000124999999
2026-03-02,1,day_ahead_price,62.1736924226295,66.94499975
2026-03-02,2,day_ahead_price,61.812829302978315,69.0075
2026-03-02,3,day_ahead_price,60.4454120811703,69.56750075
2026-03-02,4,day_ahead_price,61.46774654602601,74.03000075
2026-03-02,5,day_ahead_price,67.29530836984993,84.0775015
2026-03-02,6,day_ahead_price,76.64373541503862,98.89000125
2026-03-02,7,day_ahead_price,92.02818793421947,131.35000025
2026-03-02,8,day_ahead_price,93.77193837681774,124.904999
2026-03-02,9,day_ahead_price,89.72077213727253,89.8975
2026-03-02,10,day_ahead_price,83.71379773677445,78.9675005
2026-03-02,11,day_ahead_price,76.21034641326838,73.8274995
2026-03-02,12,day_ahead_price,73.84410590601209,65.95000074999999
2026-03-02,13,day_ahead_price,78.86896379349133,80.5599995
2026-03-02,14,day_ahead_price,86.49753307875746,82.15249825000001
2026-03-02,15,day_ahead_price,93.79958389802798,85.1149995
2026-03-02,16,day_ahead_price,104.30417183627299,106.96000275
2026-03-02,17,day_ahead_price,120.70680633006928,162.53500350000002
2026-03-02,18,day_ahead_price,119.57493294016086,184.5475005
2026-03-02,19,day_ahead_price,119.15270105468716,142.10999850000002
2026-03-02,20,day_ahead_price,105.42779002398315,107.00749975
2026-03-02,21,day_ahead_price,95.63131905011308,96.467499
2026-03-02,22,day_ahead_price,90.29339563643062,96.79999925
2026-03-02,23,day_ahead_price,77.88014072885996,88.8950005
2026-03-03,0,day_ahead_price,85.60450228801986,89.06249825
2026-03-03,1,day_ahead_price,83.30543906688116,90.1225015
2026-03-03,2,day_ahead_price,83.21348208820591,89.4249995
2026-03-03,3,day_ahead_price,81.9689211363609,92.8150005
2026-03-03,4,day_ahead_price,84.40217260635282,95.7225
2026-03-03,5,day_ahead_price,88.61341721339079,103.1849995
2026-03-03,6,day_ahead_price,111.25814011499038,116.59749775
2026-03-03,7,day_ahead_price,146.97488516438284,140.0025025
2026-03-03,8,day_ahead_price,139.94842530872117,137.472496
2026-03-03,9,day_ahead_price,115.42712949447478,99.52000050000001
2026-03-03,10,day_ahead_price,101.00830009032929,78.17000075
2026-03-03,11,day_ahead_price,92.99525010665192,55.92250075
2026-03-03,12,day_ahead_price,88.44414717615705,32.1475
2026-03-03,13,day_ahead_price,87.27873329426119,34.9175
2026-03-03,14,day_ahead_price,80.37867285905843,61.44750025
2026-03-03,15,day_ahead_price,101.75441397589402,86.47500149999999
2026-03-03,16,day_ahead_price,115.14407780890448,106.91
2026-03-03,17,day_ahead_price,142.53524104998706,129.97749925
2026-03-03,18,day_ahead_price,140.9119797043956,179.42000175
2026-03-03,19,day_ahead_price,133.40557720417635,152.24750125
2026-03-03,20,day_ahead_price,109.04946219193603,125.03249925
2026-03-03,21,day_ahead_price,99.30369557753224,108.08250225
2026-03-03,22,day_ahead_price,85.569666304312,103.91250025
2026-03-03,23,day_ahead_price,87.74782924346017,97.75
2026-03-04,0,day_ahead_price,94.36472200130243,129.01000025
2026-03-04,1,day_ahead_price,93.26398012728022,127.82250025
2026-03-04,2,day_ahead_price,93.82638407382977,125.32250225
2026-03-04,3,day_ahead_price,94.24664446084611,124.7350005
2026-03-04,4,day_ahead_price,95.32762296753259,128.2024975
2026-03-04,5,day_ahead_price,100.42484528625715,131.69999725
2026-03-04,6,day_ahead_price,120.50099547418637,172.39250175
2026-03-04,7,day_ahead_price,179.34652227886528,253.86250325
2026-03-04,8,day_ahead_price,172.13693067135853,193.34749975
2026-03-04,9,day_ahead_price,120.72116997055582,150.75999625
2026-03-04,10,day_ahead_price,96.39216577957184,110.41749975
2026-03-04,11,day_ahead_price,83.0973172026617,78.2975015
2026-03-04,12,day_ahead_price,73.5957825057077,42.5225005
2026-03-04,13,day_ahead_price,64.79948215598026,32.977500500000005
2026-03-04,14,day_ahead_price,59.04348036493128,65.4050015
2026-03-04,15,day_ahead_price,75.43009463635606,98.59999875
2026-03-04,16,day_ahead_price,110.30532748293895,137.210003
2026-03-04,17,day_ahead_price,139.27245750356434,251.2249985
2026-03-04,18,day_ahead_price,178.4196034752547,369.95249950000004
2026-03-04,19,day_ahead_price,157.0786518684666,270.71999725
2026-03-04,20,day_ahead_price,129.7793881593471,178.914997
2026-03-04,21,day_ahead_price,108.55594606175981,152.407501
2026-03-04,22,day_ahead_price,101.08307527482935,141.722496
2026-03-04,23,day_ahead_price,90.50744137698385,124.49999975
2026-03-05,0,day_ahead_price,134.14523172774506,116.484999
2026-03-05,1,day_ahead_price,136.48780591223414,109.932499
2026-03-05,2,day_ahead_price,127.52378279079923,109.2625005
2026-03-05,3,day_ahead_price,134.09984992997852,108.785
2026-03-05,4,day_ahead_price,140.463491345043,111.06249975
2026-03-05,5,day_ahead_price,151.94375733024367,122.68000225
2026-03-05,6,day_ahead_price,171.13635414543117,147.75750349999998
2026-03-05,7,day_ahead_price,268.5507492656377,169.454998
2026-03-05,8,day_ahead_price,212.13771040654012,139.329998
2026-03-05,9,day_ahead_price,145.24904181710755,97.09249875
2026-03-05,10,day_ahead_price,115.38297458429653,72.2300015
2026-03-05,11,day_ahead_price,93.46455117857329,62.9850005
2026-03-05,12,day_ahead_price,81.58952176301796,61.5474995
2026-03-05,13,day_ahead_price,86.74254281329424,61.81999975
2026-03-05,14,day_ahead_price,88.71793625179315,64.71250075
2026-03-05,15,day_ahead_price,114.06447273794711,90.00250075
2026-03-05,16,day_ahead_price,150.09925506909798,137.75
2026-03-05,17,day_ahead_price,226.81660569122693,179.7075005
2026-03-05,18,day_ahead_price,326.7521438566473,192.0199965
2026-03-05,19,day_ahead_price,256.0994578658125,165.0
2026-03-05,20,day_ahead_price,150.50937890318932,135.24499875
2026-03-05,21,day_ahead_price,130.2951946887107,130.589998
2026-03-05,22,day_ahead_price,118.77869436441516,130.14249975
2026-03-05,23,day_ahead_price,103.92268025278963,119.69999899999999
2026-03-06,0,day_ahead_price,119.35160227366183,104.125
2026-03-06,1,day_ahead_price,113.40543626518048,105.99999975
2026-03-06,2,day_ahead_price,117.99361787033087,108.522499
2026-03-06,3,day_ahead_price,121.06587140245432,109.52500175
2026-03-06,4,day_ahead_price,123.16135748483279,115.5
2026-03-06,5,day_ahead_price,131.95851568093252,128.9925005
2026-03-06,6,day_ahead_price,151.37217670696032,157.30749724999998
2026-03-06,7,day_ahead_price,198.31173712693698,173.49999975
2026-03-06,8,day_ahead_price,155.21129286460157,138.28750025
2026-03-06,9,day_ahead_price,117.44497145536903,112.3050005
2026-03-06,10,day_ahead_price,95.16720869530593,96.5000015
2026-03-06,11,day_ahead_price,81.03310687468294,76.23750125000001
2026-03-06,12,day_ahead_price,70.18994422248136,57.057499
2026-03-06,13,day_ahead_price,67.95207285866965,54.2749995
2026-03-06,14,day_ahead_price,77.48462514719698,75.20000075
2026-03-06,15,day_ahead_price,100.98998875768473,107.067501
2026-03-06,16,day_ahead_price,129.42199175300695,130.39749725000001
2026-03-06,17,day_ahead_price,154.26582539158613,177.43750175
2026-03-06,18,day_ahead_price,188.8979114302873,229.32500075000002
2026-03-06,19,day_ahead_price,183.58141692229967,189.7650035
2026-03-06,20,day_ahead_price,150.02709262788863,153.109997
2026-03-06,21,day_ahead_price,138.33054964402973,134.19250275
2026-03-06,22,day_ahead_price,119.18244003400788,127.245001
2026-03-06,23,day_ahead_price,106.41214441416675,126.074997
2026-03-07,0,day_ahead_price,123.61898914343334,135.1624985
2026-03-07,1,day_ahead_price,140.6822788968501,130.67749975
2026-03-07,2,day_ahead_price,136.63000482624915,125.672501
2026-03-07,3,day_ahead_price,141.21263431764262,124.3899995
2026-03-07,4,day_ahead_price,146.13454181759954,124.74749925
2026-03-07,5,day_ahead_price,175.8862024644514,129.57499525
2026-03-07,6,day_ahead_price,176.32854474996753,135.619999
2026-03-07,7,day_ahead_price,189.41779512646445,129.557499
2026-03-07,8,day_ahead_price,174.85222862921765,112.90250025
2026-03-07,9,day_ahead_price,138.95598605612682,103.58499925
2026-03-07,10,day_ahead_price,113.75331566748775,84.90749925
2026-03-07,11,day_ahead_price,102.41787375172991,78.51749975
2026-03-07,12,day_ahead_price,94.5462403476167,76.96500025
2026-03-07,13,day_ahead_price,95.6517363479285,72.000001
2026-03-07,14,day_ahead_price,99.01496623877124,65.38
2026-03-07,15,day_ahead_price,134.46515804089887,84.4749995
2026-03-07,16,day_ahead_price,193.20936443914172,126.43999875
2026-03-07,17,day_ahead_price,227.3099680691514,147.63249975
2026-03-07,18,day_ahead_price,254.37282636060786,180.8724975
2026-03-07,19,day_ahead_price,256.8628670850327,166.7249985
2026-03-07,20,day_ahead_price,191.54994849522507,148.19750224999999
2026-03-07,21,day_ahead_price,166.33334083402895,137.60749825
2026-03-07,22,day_ahead_price,159.81936949617204,134.197502
2026-03-07,23,day_ahead_price,147.18442831994292,130.6450025
2026-03-08,0,day_ahead_price,129.8629756939573,135.99500275
2026-03-08,1,day_ahead_price,126.18224376344558,132.732502
2026-03-08,2,day_ahead_price,124.84285965979423,131.192499
2026-03-08,3,day_ahead_price,128.21333566070217,130.09250075
2026-03-08,4,day_ahead_price,134.98985333094248,129.33499899999998
2026-03-08,5,day_ahead_price,143.20926479792607,129.63500025000002
2026-03-08,6,day_ahead_price,147.27502925075677,131.097496
2026-03-08,7,day_ahead_price,152.3820286706416,116.98499699999999
2026-03-08,8,day_ahead_price,150.0942989954053,108.562498
2026-03-08,9,day_ahead_price,108.52345567050043,100.90999775
2026-03-08,10,day_ahead_price,94.39148108671313,94.84000025
2026-03-08,11,day_ahead_price,90.9261661404334,84.99749925
2026-03-08,12,day_ahead_price,89.20146224588325,83.522501
2026-03-08,13,day_ahead_price,87.03181307747894,80.3125
2026-03-08,14,day_ahead_price,84.02772517115207,76.96000000000001
2026-03-08,15,day_ahead_price,111.11292620903662,76.96249949999999
2026-03-08,16,day_ahead_price,127.22634745574805,117.2024995
2026-03-08,17,day_ahead_price,165.69420448606934,146.31249775
2026-03-08,18,day_ahead_price,204.4374311379,160.25999825
2026-03-08,19,day_ahead_price,190.66531391170176,154.05249775
2026-03-08,20,day_ahead_price,154.33017069168832,138.79249775
2026-03-08,21,day_ahead_price,131.0886435386403,127.43499925
2026-03-08,22,day_ahead_price,122.9571820159388,121.11500175
2026-03-08,23,day_ahead_price,111.3393384811904,113.57250225
2026-03-09,0,day_ahead_price,114.0707246766648,114.0874995
2026-03-09,1,day_ahead_price,113.78243958134135,109.27249900000001
2026-03-09,2,day_ahead_price,113.97007708950815,109.119999
2026-03-09,3,day_ahead_price,111.99058323443514,110.48000175
2026-03-09,4,day_ahead_price,114.93356311912576,116.38999925
2026-03-09,5,day_ahead_price,131.66138975488337,136.994999
2026-03-09,6,day_ahead_price,163.6187236708252,163.91999825
2026-03-09,7,day_ahead_price,188.89090696189515,191.58000175
2026-03-09,8,day_ahead_price,179.21085950324982,162.60500325
2026-03-09,9,day_ahead_price,151.53110464895514,127.072502
2026-03-09,10,day_ahead_price,116.4054828058585,102.630001
2026-03-09,11,day_ahead_price,122.18617790528133,87.4000015
2026-03-09,12,day_ahead_price,125.14672772578967,74.10750025
2026-03-09,13,day_ahead_price,121.24193878083625,72.47750075
2026-03-09,14,day_ahead_price,120.39775718487107,82.845001
2026-03-09,15,day_ahead_price,135.4246690394377,112.99249825
2026-03-09,16,day_ahead_price,159.24132125283222,143.43750025
2026-03-09,17,day_ahead_price,228.3464341957133,187.02499749999998
2026-03-09,18,day_ahead_price,287.6977717561729,254.272503
2026-03-09,19,day_ahead_price,354.666589480885,249.99750525000002
2026-03-09,20,day_ahead_price,204.9931681737703,180.8899995
2026-03-09,21,day_ahead_price,160.88588850567635,152.1574975
2026-03-09,22,day_ahead_price,158.78187353751105,143.2699965
2026-03-09,23,day_ahead_price,152.46889476350646,132.6950035
2026-03-10,0,day_ahead_price,134.38419919824946,138.58000175
2026-03-10,1,day_ahead_price,138.38393160079028,130.44000225
2026-03-10,2,day_ahead_price,135.49400738717569,127.61249925
2026-03-10,3,day_ahead_price,140.5472829689337,126.89999975
2026-03-10,4,day_ahead_price,146.07095726664494,128.477499
2026-03-10,5,day_ahead_price,163.96211412245455,138.62000075
2026-03-10,6,day_ahead_price,207.51642387339126,168.59000025
2026-03-10,7,day_ahead_price,268.62052940572636,181.8375015
2026-03-10,8,day_ahead_price,251.59082970304917,173.3200035
2026-03-10,9,day_ahead_price,186.60983314652782,140.5375005
2026-03-10,10,day_ahead_price,154.31642745699907,120.76250074999999
2026-03-10,11,day_ahead_price,113.36987379503313,112.14250200000001
2026-03-10,12,day_ahead_price,102.96938744642335,110.5650005
2026-03-10,13,day_ahead_price,100.3370921047489,107.67499925
2026-03-10,14,day_ahead_price,105.6394978007805,107.164999
2026-03-10,15,day_ahead_price,136.09923636342631,121.49249675
2026-03-10,16,day_ahead_price,171.60143531419706,144.392502
2026-03-10,17,day_ahead_price,229.8497695137545,179.0
2026-03-10,18,day_ahead_price,294.8450882370645,210.307499
2026-03-10,19,day_ahead_price,250.27307981602303,199.88249975
2026-03-10,20,day_ahead_price,183.99773222756508,154.49999624999998
2026-03-10,21,day_ahead_price,166.6313288025931,135.2249965
2026-03-10,22,day_ahead_price,157.22033199338603,123.25500125
2026-03-10,23,day_ahead_price,148.43394836833076,98.15750125
2026-03-11,0,day_ahead_price,97.10778297905642,83.95749875
2026-03-11,1,day_ahead_price,91.00115574412388,70.8049985
2026-03-11,2,day_ahead_price,93.92773193168819,65.424999
2026-03-11,3,day_ahead_price,95.63453699157081,63.552501
2026-03-11,4,day_ahead_price,95.57174168183762,49.3549995
2026-03-11,5,day_ahead_price,102.40783532136528,53.542500749999995
2026-03-11,6,day_ahead_price,127.2862204653614,51.9399985
2026-03-11,7,day_ahead_price,146.78590485951793,79.83750175
2026-03-11,8,day_ahead_price,132.39170717625848,75.5024985
2026-03-11,9,day_ahead_price,110.05968337226892,57.945002
2026-03-11,10,day_ahead_price,94.16403698033955,35.86
2026-03-11,11,day_ahead_price,77.9866627065079,32.05250025
2026-03-11,12,day_ahead_price,70.45100365176886,31.19250075
2026-03-11,13,day_ahead_price,58.13523277050261,29.24749975
2026-03-11,14,day_ahead_price,53.81191081938842,47.2725
2026-03-11,15,day_ahead_price,55.62444787978825,79.33
2026-03-11,16,day_ahead_price,95.00358206653439,93.11749825
2026-03-11,17,day_ahead_price,132.85348550029923,112.2425
2026-03-11,18,day_ahead_price,173.9436505682776,135.0
2026-03-11,19,day_ahead_price,150.946032945455,140.4975015
2026-03-11,20,day_ahead_price,124.68180122663395,121.86750025
2026-03-11,21,day_ahead_price,101.820116730942,112.0
2026-03-11,22,day_ahead_price,96.2551706295802,108.0599995
2026-03-11,23,day_ahead_price,86.06416601306488,99.63500025
2026-03-12,0,day_ahead_price,92.68772346711208,86.317501
2026-03-12,1,day_ahead_price,89.92725362305778,86.1000005
2026-03-12,2,day_ahead_price,90.72824520431914,75.29499824999999
2026-03-12,3,day_ahead_price,88.42082240521397,67.00749975
2026-03-12,4,day_ahead_price,86.52711509319967,60.4775
2026-03-12,5,day_ahead_price,92.07414827497342,48.849999499999996
2026-03-12,6,day_ahead_price,101.80714933334369,75.82500075
2026-03-12,7,day_ahead_price,126.36266216342291,90.50000175
2026-03-12,8,day_ahead_price,128.85631597003504,99.84
2026-03-12,9,day_ahead_price,137.19845444610024,75.02749925
2026-03-12,10,day_ahead_price,120.64073491159937,28.47499975
2026-03-12,11,day_ahead_price,100.24115587040822,0.5725
2026-03-12,12,day_ahead_price,99.92708709719264,-0.10750000000000001
2026-03-12,13,day_ahead_price,97.56961192622138,-0.05
2026-03-12,14,day_ahead_price,108.37885373850591,-0.0475
2026-03-12,15,day_ahead_price,118.81548789599657,3.5999999999999996
2026-03-12,16,day_ahead_price,132.54858324600843,45.824999
2026-03-12,17,day_ahead_price,168.71373803007964,67.72999974999999
2026-03-12,18,day_ahead_price,202.60575124054125,85.52000225
2026-03-12,19,day_ahead_price,186.53797171577423,78.44999874999999
2026-03-12,20,day_ahead_price,147.99696121898964,59.29750075
2026-03-12,21,day_ahead_price,133.84650095066544,41.15499975
2026-03-12,22,day_ahead_price,129.85790518572497,28.372500499999997
2026-03-12,23,day_ahead_price,112.15995104768591,17.9025
2026-03-13,0,day_ahead_price,-3.7349682970172893,6.29
2026-03-13,1,day_ahead_price,-13.881730718665722,4.1025
2026-03-13,2,day_ahead_price,-25.922852197294148,2.8875
2026-03-13,3,day_ahead_price,-21.75052666424567,1.1475
2026-03-13,4,day_ahead_price,-22.46799798878918,1.46
2026-03-13,5,day_ahead_price,-13.370255376055113,2.9074999999999998
2026-03-13,6,day_ahead_price,9.270773396739344,8.46
2026-03-13,7,day_ahead_price,46.23760104992836,19.93750025
2026-03-13,8,day_ahead_price,30.768299265295056,6.9575
2026-03-13,9,day_ahead_price,-8.558083643076557,2.3125
2026-03-13,10,day_ahead_price,-145.71906103992234,2.3275
2026-03-13,11,day_ahead_price,-73.84311684600956,2.3049999999999997
2026-03-13,12,day_ahead_price,-80.27739592630634,1.8399999999999999
2026-03-13,13,day_ahead_price,-102.15181367900226,1.6349999999999998
2026-03-13,14,day_ahead_price,-126.57150945938153,2.6325000000000003
2026-03-13,15,day_ahead_price,-135.39642428690567,47.07000025
2026-03-13,16,day_ahead_price,-128.57160336087188,80.13499925
2026-03-13,17,day_ahead_price,-18.288564622194585,130.46250175
2026-03-13,18,day_ahead_price,49.46423421646668,147.08499725000001
2026-03-13,19,day_ahead_price,49.96962120636266,137.82250224999999
2026-03-13,20,day_ahead_price,44.40322551853753,131.88750275
2026-03-13,21,day_ahead_price,58.90495579223193,127.4325025
2026-03-13,22,day_ahead_price,59.904518881731164,123.4224985
2026-03-13,23,day_ahead_price,59.32697095011511,115.8074985
2026-03-14,0,day_ahead_price,106.12464677632205,112.94500149999999
2026-03-14,1,day_ahead_price,108.10396132670652,109.0700015
2026-03-14,2,day_ahead_price,106.90576236457254,103.98999975000001
2026-03-14,3,day_ahead_price,108.09565358208053,101.86249749999999
2026-03-14,4,day_ahead_price,105.19742813987047,105.114998
2026-03-14,5,day_ahead_price,105.145195357462,109.067499
2026-03-14,6,day_ahead_price,116.92376507021436,111.5199985
2026-03-14,7,day_ahead_price,139.46131834360668,116.70750050000001
2026-03-14,8,day_ahead_price,144.43663446834668,121.879999
2026-03-14,9,day_ahead_price,150.0478489834428,116.1399995
2026-03-14,10,day_ahead_price,128.57273930624194,107.52249925
2026-03-14,11,day_ahead_price,104.88088964884639,103.92750175
2026-03-14,12,day_ahead_price,93.32200818817768,104.6775
2026-03-14,13,day_ahead_price,89.82169622989178,103.57000175
2026-03-14,14,day_ahead_price,92.94164415675952,105.67749975000001
2026-03-14,15,day_ahead_price,105.4714370589908,114.2199995
2026-03-14,16,day_ahead_price,132.38941420589236,130.00000225
2026-03-14,17,day_ahead_price,158.695008327589,138.6500015
2026-03-14,18,day_ahead_price,191.47137846515517,161.09999875
2026-03-14,19,day_ahead_price,174.7328866399289,169.8349955
2026-03-14,20,day_ahead_price,142.51175059436738,150.26499925000002
2026-03-14,21,day_ahead_price,118.04624740649604,137.4524955
2026-03-14,22,day_ahead_price,116.22979609967372,135.23749924999998
2026-03-14,23,day_ahead_price,105.94633151699699,128.045002
2026-03-15,0,day_ahead_price,123.8190414897349,137.3425005
2026-03-15,1,day_ahead_price,120.12192076746041,133.73000150000001
2026-03-15,2,day_ahead_price,116.43490202113063,124.959999
2026-03-15,3,day_ahead_price,114.97713494192928,123.5275
2026-03-15,4,day_ahead_price,117.86235831194398,122.17749975000001
2026-03-15,5,day_ahead_price,112.10324417331933,124.1200025
2026-03-15,6,day_ahead_price,112.6992124548929,124.38749899999999
2026-03-15,7,day_ahead_price,113.76480654347446,117.80750075
2026-03-15,8,day_ahead_price,112.13219276830222,109.09499925
2026-03-15,9,day_ahead_price,110.915348530513,94.76999875
2026-03-15,10,day_ahead_price,103.86152165471353,87.3049985
2026-03-15,11,day_ahead_price,96.88060009842653,72.210002
2026-03-15,12,day_ahead_price,95.99895107096843,52.96749975
2026-03-15,13,day_ahead_price,91.55609654522479,36.45749925
2026-03-15,14,day_ahead_price,89.04673523653359,37.1975
2026-03-15,15,day_ahead_price,103.40862074787165,63.07750025
2026-03-15,16,day_ahead_price,112.73087674600546,85.5075015
2026-03-15,17,day_ahead_price,151.92195636277512,116.744999
2026-03-15,18,day_ahead_price,181.01098037085882,127.98999975
2026-03-15,19,day_ahead_price,163.98405873491433,117.84250075
2026-03-15,20,day_ahead_price,154.20150120443796,93.147501
2026-03-15,21,day_ahead_price,138.02409761777074,80.795
2026-03-15,22,day_ahead_price,131.96113017636924,70.34249875
2026-03-15,23,day_ahead_price,120.49163194714254,61.45999975
2026-03-16,0,day_ahead_price,63.14853959088112,34.16499975
2026-03-16,1,day_ahead_price,53.95271471495485,23.3275
2026-03-16,2,day_ahead_price,50.26582436845101,17.59
2026-03-16,3,day_ahead_price,48.893834876958586,14.1375
2026-03-16,4,day_ahead_price,46.97772682758546,20.05750025
2026-03-16,5,day_ahead_price,53.07214078490484,37.4275
2026-03-16,6,day_ahead_price,64.97664665608961,66.1900005
2026-03-16,7,day_ahead_price,83.60234377684878,95.56749925
2026-03-16,8,day_ahead_price,83.44936972646869,95.97749875
2026-03-16,9,day_ahead_price,62.89946003685566,73.1049995
2026-03-16,10,day_ahead_price,45.22250411488395,42.5950005
2026-03-16,11,day_ahead_price,44.7203299600714,17.54749975
2026-03-16,12,day_ahead_price,46.232027602274826,13.245000000000001
2026-03-16,13,day_ahead_price,57.355406370126374,16.29
2026-03-16,14,day_ahead_price,52.76766408748504,42.1724995
2026-03-16,15,day_ahead_price,68.04750887976824,64.444999
2026-03-16,16,day_ahead_price,73.17532472840982,106.20999724999999
2026-03-16,17,day_ahead_price,111.2148819449638,137.57999999999998
2026-03-16,18,day_ahead_price,131.42005277376973,164.00249875
2026-03-16,19,day_ahead_price,124.22231407696964,177.09000025
2026-03-16,20,day_ahead_price,101.79943458434516,154.7475015
2026-03-16,21,day_ahead_price,98.1339240405301,125.71249975
2026-03-16,22,day_ahead_price,96.75023108257669,121.9125005
2026-03-16,23,day_ahead_price,91.22517871769008,99.7649995
2026-03-17,0,day_ahead_price,92.64514039339353,113.66500075
2026-03-17,1,day_ahead_price,93.07253276403478,105.58499925
2026-03-17,2,day_ahead_price,95.04123230827284,106.42250075
2026-03-17,3,day_ahead_price,96.01513954259772,106.4349995
2026-03-17,4,day_ahead_price,94.59417353075713,108.3199995
2026-03-17,5,day_ahead_price,101.54150967728465,116.237499
2026-03-17,6,day_ahead_price,122.78950323580801,142.3475
2026-03-17,7,day_ahead_price,147.64607948079862,162.159996
2026-03-17,8,day_ahead_price,150.62996685770833,151.665003
2026-03-17,9,day_ahead_price,122.4785606845607,123.0999985
2026-03-17,10,day_ahead_price,103.38864917186501,105.52999875
2026-03-17,11,day_ahead_price,81.96960134948813,97.1075
2026-03-17,12,day_ahead_price,81.40733155377318,89.03499775
2026-03-17,13,day_ahead_price,82.42862607527783,90.2800005
2026-03-17,14,day_ahead_price,88.7133235939412,88.38249975
2026-03-17,15,day_ahead_price,103.46381555812522,98.98249825
2026-03-17,16,day_ahead_price,120.59501537232096,117.80750075
2026-03-17,17,day_ahead_price,147.13796352245691,128.302498
2026-03-17,18,day_ahead_price,171.26327179050702,147.06249825
2026-03-17,19,day_ahead_price,150.45283308144622,155.84250075
2026-03-17,20,day_ahead_price,127.42446868336225,139.04499825
2026-03-17,21,day_ahead_price,109.56642015424642,117.12500175
2026-03-17,22,day_ahead_price,100.30966846787574,110.23499875
2026-03-17,23,day_ahead_price,95.19098638171144,100.4575005
2026-03-18,0,day_ahead_price,96.99450620179229,89.79999925
2026-03-18,1,day_ahead_price,96.6433495405045,86.72750075
2026-03-18,2,day_ahead_price,93.55024218357318,85.6849995
2026-03-18,3,day_ahead_price,92.74933815561054,86.86750025
2026-03-18,4,day_ahead_price,92.3758969714319,88.834999
2026-03-18,5,day_ahead_price,94.29118766738567,100.0549985
2026-03-18,6,day_ahead_price,102.38945070789322,130.73999799999999
2026-03-18,7,day_ahead_price,117.42415740276999,133.592497
2026-03-18,8,day_ahead_price,114.7179897653378,99.9375
2026-03-18,9,day_ahead_price,126.73628081109187,62.95000075
2026-03-18,10,day_ahead_price,95.78669457201083,11.37500025
2026-03-18,11,day_ahead_price,85.44474649084643,2.765
2026-03-18,12,day_ahead_price,74.11559209624806,2.4825
2026-03-18,13,day_ahead_price,71.8245289762975,3.5625
2026-03-18,14,day_ahead_price,71.20050415870502,3.545
2026-03-18,15,day_ahead_price,92.23893473098286,47.194998999999996
2026-03-18,16,day_ahead_price,104.95844084518686,107.032503
2026-03-18,17,day_ahead_price,123.58664136809189,145.21249775
2026-03-18,18,day_ahead_price,139.2975429252516,177.62249775
2026-03-18,19,day_ahead_price,121.73171126278856,170.19749825
2026-03-18,20,day_ahead_price,99.83695031814995,148.489998
2026-03-18,21,day_ahead_price,99.98374068933921,132.05749875
2026-03-18,22,day_ahead_price,98.1638512529447,123.77500125
2026-03-18,23,day_ahead_price,93.27355515761494,113.374998
2026-03-19,0,day_ahead_price,103.15475970389241,109.2474995
2026-03-19,1,day_ahead_price,102.26943003109172,112.640001
2026-03-19,2,day_ahead_price,106.89304275479064,113.98999975000001
2026-03-19,3,day_ahead_price,107.03277072048864,113.777502
2026-03-19,4,day_ahead_price,111.67939107593938,117.21499825000001
2026-03-19,5,day_ahead_price,121.12977736671056,126.39000125
2026-03-19,6,day_ahead_price,139.75805543320732,154.635
2026-03-19,7,day_ahead_price,208.5838283806018,158.2425025
2026-03-19,8,day_ahead_price,191.53902867467798,138.60250275
2026-03-19,9,day_ahead_price,156.33110594226738,90.902502
2026-03-19,10,day_ahead_price,119.55667738316725,56.04749925
2026-03-19,11,day_ahead_price,107.09857172614991,22.1225
2026-03-19,12,day_ahead_price,96.87201592520564,21.65250025
2026-03-19,13,day_ahead_price,91.76928873687105,17.389999
2026-03-19,14,day_ahead_price,104.46494144431504,44.8075005
2026-03-19,15,day_ahead_price,126.50271923074982,85.947501
2026-03-19,16,day_ahead_price,187.25733998829227,120.3474995
2026-03-19,17,day_ahead_price,202.00168644559747,152.17500325
2026-03-19,18,day_ahead_price,239.1869205643651,209.26750175
2026-03-19,19,day_ahead_price,176.56510793885792,214.38250349999998
2026-03-19,20,day_ahead_price,140.47522273966908,163.369999
2026-03-19,21,day_ahead_price,119.15642470140844,149.04000075
2026-03-19,22,day_ahead_price,116.83901642047897,139.54999899999999
2026-03-19,23,day_ahead_price,99.62255056566154,132.23750125
2026-03-20,0,day_ahead_price,130.29803045819273,143.56250025
2026-03-20,1,day_ahead_price,129.52702948660374,137.95999525000002
2026-03-20,2,day_ahead_price,125.01055514689452,135.64249825000002
2026-03-20,3,day_ahead_price,117.40444779862034,137.47499875
2026-03-20,4,day_ahead_price,123.75254828012575,138.9050025
2026-03-20,5,day_ahead_price,135.74462386774863,154.59000025
2026-03-20,6,day_ahead_price,146.96290303783914,192.29499825
2026-03-20,7,day_ahead_price,154.6961679521321,197.47750100000002
2026-03-20,8,day_ahead_price,126.3204178457554,161.2325
2026-03-20,9,day_ahead_price,96.71721266921014,132.0074995
2026-03-20,10,day_ahead_price,56.57589005487807,101.08499925
2026-03-20,11,day_ahead_price,32.53690144905595,78.47249875
2026-03-20,12,day_ahead_price,16.70238490837299,65.609999
2026-03-20,13,day_ahead_price,13.664164313440665,65.60999875
2026-03-20,14,day_ahead_price,14.0398972801339,87.39999975
2026-03-20,15,day_ahead_price,61.38382768248835,117.154999
2026-03-20,16,day_ahead_price,103.71368497247929,144.675003
2026-03-20,17,day_ahead_price,123.97534711625305,174.8174975
2026-03-20,18,day_ahead_price,150.41598991954888,207.58249675
2026-03-20,19,day_ahead_price,143.41920717365875,212.3099975
2026-03-20,20,day_ahead_price,120.02190090607084,180.03500350000002
2026-03-20,21,day_ahead_price,117.29645566897558,163.04999924999998
2026-03-20,22,day_ahead_price,112.2752980526104,151.85000225
2026-03-20,23,day_ahead_price,103.52693986590018,148.11750425
2026-03-21,0,day_ahead_price,141.11103181019473,142.39250175
2026-03-21,1,day_ahead_price,143.84619224895604,138.34250275
2026-03-21,2,day_ahead_price,134.17249991520055,136.08500275
2026-03-21,3,day_ahead_price,137.0609614076615,132.05749875
2026-03-21,4,day_ahead_price,136.22037308064276,131.18999475
2026-03-21,5,day_ahead_price,152.2029970694984,137.66000375
2026-03-21,6,day_ahead_price,151.08911182006642,142.33250049999998
2026-03-21,7,day_ahead_price,137.39225503118334,139.66249825
2026-03-21,8,day_ahead_price,125.7801594455489,127.2649975
2026-03-21,9,day_ahead_price,102.92721393893113,100.57749925
2026-03-21,10,day_ahead_price,80.84273991269193,76.472501
2026-03-21,11,day_ahead_price,65.99480289415418,45.89999975
2026-03-21,12,day_ahead_price,50.81595549323701,23.48999975
2026-03-21,13,day_ahead_price,44.18722993548254,24.27
2026-03-21,14,day_ahead_price,42.4991923524011,62.92750074999999
2026-03-21,15,day_ahead_price,54.407980549221634,89.99999825
2026-03-21,16,day_ahead_price,115.2470829669923,115.664999
2026-03-21,17,day_ahead_price,132.66647620552902,146.0249995
2026-03-21,18,day_ahead_price,164.7756935814424,171.6175005
2026-03-21,19,day_ahead_price,161.4458385064599,163.10500324999998
2026-03-21,20,day_ahead_price,141.81130364131582,141.8274995
2026-03-21,21,day_ahead_price,110.90467068912582,126.875002
2026-03-21,22,day_ahead_price,104.90174659417693,120.24249825
2026-03-21,23,day_ahead_price,97.58207286144594,108.0
2026-03-22,0,day_ahead_price,104.3023644236079,100.4125005
2026-03-22,1,day_ahead_price,100.81834984736724,95.75499925
2026-03-22,2,day_ahead_price,99.44000254094391,94.20249925
2026-03-22,3,day_ahead_price,100.6932431462375,95.26
2026-03-22,4,day_ahead_price,98.44444264173879,98.59750174999999
2026-03-22,5,day_ahead_price,102.86787097810193,101.66250025
2026-03-22,6,day_ahead_price,104.81597515726885,100.1049995
2026-03-22,7,day_ahead_price,106.21932643807432,84.710001
2026-03-22,8,day_ahead_price,94.73219960196268,41.3300005
2026-03-22,9,day_ahead_price,81.37790778614186,8.2975
2026-03-22,10,day_ahead_price,62.747026607871625,3.2875
2026-03-22,11,day_ahead_price,51.57066572220945,0.7150000000000001
2026-03-22,12,day_ahead_price,48.452156602269014,-0.0075
2026-03-22,13,day_ahead_price,33.89334739463303,-0.01
2026-03-22,14,day_ahead_price,49.60967178701888,0.0975
2026-03-22,15,day_ahead_price,77.08807793219526,11.5124995
2026-03-22,16,day_ahead_price,101.23136865412697,93.152499
2026-03-22,17,day_ahead_price,122.55850058546223,145.63500025000002
2026-03-22,18,day_ahead_price,142.12763228545452,174.18999875
2026-03-22,19,day_ahead_price,142.71553715196458,173.38000125
2026-03-22,20,day_ahead_price,126.53931667230948,164.73000325
2026-03-22,21,day_ahead_price,111.00209163306626,155.3700025
2026-03-22,22,day_ahead_price,104.6876202092778,137.34
2026-03-22,23,day_ahead_price,89.7977993687734,133.72000125
2026-03-23,0,day_ahead_price,120.513351949997,131.1349985
2026-03-23,1,day_ahead_price,120.35920464522226,125.8999995
2026-03-23,2,day_ahead_price,119.66063085863908,125.16
2026-03-23,3,day_ahead_price,118.23998196295423,128.58749975
2026-03-23,4,day_ahead_price,125.58420550224417,129.9975015
2026-03-23,5,day_ahead_price,133.86300683428206,142.517498
2026-03-23,6,day_ahead_price,167.64933921792112,174.677498
2026-03-23,7,day_ahead_price,179.9624266126939,186.1825025
2026-03-23,8,day_ahead_price,142.29007166490067,147.60500125
2026-03-23,9,day_ahead_price,109.46159431506308,108.00000399999999
2026-03-23,10,day_ahead_price,93.75273850354345,81.432502
2026-03-23,11,day_ahead_price,83.07802790940217,48.08249925
2026-03-23,12,day_ahead_price,79.13615691723138,49.25500025
2026-03-23,13,day_ahead_price,80.54904923664473,74.87499975
2026-03-23,14,day_ahead_price,82.64340164912879,94.97999949999999
2026-03-23,15,day_ahead_price,101.07277937417919,114.45250125
2026-03-23,16,day_ahead_price,137.22176345644655,130.64000125
2026-03-23,17,day_ahead_price,176.22125352476868,172.584999
2026-03-23,18,day_ahead_price,238.61591760128135,257.5499955
2026-03-23,19,day_ahead_price,229.8735084040801,240.90999975
2026-03-23,20,day_ahead_price,161.14975926237648,199.38750075000002
2026-03-23,21,day_ahead_price,139.33388559048979,167.94249725
2026-03-23,22,day_ahead_price,150.13908174667938,152.1375005
2026-03-23,23,day_ahead_price,137.45544773926764,137.0024985
2026-03-24,0,day_ahead_price,140.51014343325107,133.7050035
2026-03-24,1,day_ahead_price,132.47851982341547,117.34499749999999
2026-03-24,2,day_ahead_price,128.9496446440774,106.64000125
2026-03-24,3,day_ahead_price,131.6744499122164,95.925001
2026-03-24,4,day_ahead_price,136.3668643746337,94.79750075
2026-03-24,5,day_ahead_price,150.4481479754968,93.0825005
2026-03-24,6,day_ahead_price,184.38816213315906,78.7675
2026-03-24,7,day_ahead_price,198.01223835497288,103.8225005
2026-03-24,8,day_ahead_price,165.28660473570199,97.45750050000001
2026-03-24,9,day_ahead_price,116.71804806829766,70.9050015
2026-03-24,10,day_ahead_price,90.81703529894696,23.752499750000002
2026-03-24,11,day_ahead_price,64.0738020581689,5.359999999999999
2026-03-24,12,day_ahead_price,55.870563588810136,3.6775
2026-03-24,13,day_ahead_price,54.935243266186305,3.5225
2026-03-24,14,day_ahead_price,70.77224647535748,3.5725
2026-03-24,15,day_ahead_price,93.88966858405807,20.559999750000003
2026-03-24,16,day_ahead_price,134.8272625632477,77.43250075
2026-03-24,17,day_ahead_price,199.7501114814845,112.83999825000001
2026-03-24,18,day_ahead_price,261.200394645325,126.0
2026-03-24,19,day_ahead_price,241.45817883901142,135.579998
2026-03-24,20,day_ahead_price,193.1635779664079,101.1000005
2026-03-24,21,day_ahead_price,163.8854548789419,74.4975015
2026-03-24,22,day_ahead_price,148.65247933676642,66.1025
2026-03-24,23,day_ahead_price,129.27510603718667,22.09750025
2026-03-25,0,day_ahead_price,-11.297623926603634,1.81
2026-03-25,1,day_ahead_price,-37.47225288462482,0.36750000000000005
2026-03-25,2,day_ahead_price,-49.57968015027497,-0.0025
2026-03-25,3,day_ahead_price,-54.60671825588558,-0.0075
2026-03-25,4,day_ahead_price,-48.05747338041628,0.0
2026-03-25,5,day_ahead_price,-46.354453017820504,0.5175
2026-03-25,6,day_ahead_price,6.076764233593352,3.6625
2026-03-25,7,day_ahead_price,-17.662732017737028,10.19
2026-03-25,8,day_ahead_price,-52.30301901191869,9.4825
2026-03-25,9,day_ahead_price,-197.35034679970994,9.44
2026-03-25,10,day_ahead_price,-736.6260832740659,6.44
2026-03-25,11,day_ahead_price,-1252.486213134578,2.9425
2026-03-25,12,day_ahead_price,-709.6274488583848,2.2225
2026-03-25,13,day_ahead_price,-830.0712583517126,2.0175
2026-03-25,14,day_ahead_price,-630.8363219361403,2.6550000000000002
2026-03-25,15,day_ahead_price,-323.2830774477579,5.0975
2026-03-25,16,day_ahead_price,-55.8201907253936,36.287499
2026-03-25,17,day_ahead_price,65.74776774460966,59.97750025
2026-03-25,18,day_ahead_price,105.46683344712677,93.59499925
2026-03-25,19,day_ahead_price,115.43089487366476,76.0975
2026-03-25,20,day_ahead_price,100.5900767637958,64.84
2026-03-25,21,day_ahead_price,83.49113858566342,44.57999975
2026-03-25,22,day_ahead_price,82.87925464709775,48.120001
2026-03-25,23,day_ahead_price,69.65867607740867,33.71250075
2026-03-26,0,day_ahead_price,19.112235412509477,43.880000249999995
2026-03-26,1,day_ahead_price,6.554064694195475,48.234999
2026-03-26,2,day_ahead_price,-12.996216942731749,45.8050015
2026-03-26,3,day_ahead_price,-26.953308563981253,39.97500025
2026-03-26,4,day_ahead_price,-34.22886112028485,45.47000025
2026-03-26,5,day_ahead_price,-18.14033177331258,44.765
2026-03-26,6,day_ahead_price,11.590840354089622,81.4175015
2026-03-26,7,day_ahead_price,-1.44217527734817,99.45750050000001
2026-03-26,8,day_ahead_price,-38.728479355525266,82.1899985
2026-03-26,9,day_ahead_price,-194.7989454874102,33.20000025
2026-03-26,10,day_ahead_price,-236.16510618130894,40.36000075
2026-03-26,11,day_ahead_price,-153.37795413711362,13.74
2026-03-26,12,day_ahead_price,-92.58263738515754,4.8
2026-03-26,13,day_ahead_price,-89.21604227863143,4.547499999999999
2026-03-26,14,day_ahead_price,-295.2899491417377,7.98
2026-03-26,15,day_ahead_price,-158.08653450022393,37.4350005
2026-03-26,16,day_ahead_price,-306.31253062718037,75.817499
2026-03-26,17,day_ahead_price,69.59008160636462,115.91999824999999
2026-03-26,18,day_ahead_price,101.9301141106959,144.255001
2026-03-26,19,day_ahead_price,90.03557830373404,145.45249925000002
2026-03-26,20,day_ahead_price,50.186444731371544,133.204998
2026-03-26,21,day_ahead_price,32.90110295904731,126.1000025
2026-03-26,22,day_ahead_price,31.842160736922857,124.37250125
2026-03-26,23,day_ahead_price,30.71284607410793,115.02499975
2026-03-27,0,day_ahead_price,114.98387073292083,119.39249975
2026-03-27,1,day_ahead_price,112.07397891479522,119.50000225
2026-03-27,2,day_ahead_price,113.29944040176768,117.3425005
2026-03-27,3,day_ahead_price,112.59931486921582,117.8324985
2026-03-27,4,day_ahead_price,116.0357539611048,120.24750125
2026-03-27,5,day_ahead_price,123.38075977808946,136.4625015
2026-03-27,6,day_ahead_price,150.19634280238506,172.5324975
2026-03-27,7,day_ahead_price,217.969059231523,176.39749925
2026-03-27,8,day_ahead_price,198.33275131360148,147.55750075
2026-03-27,9,day_ahead_price,127.21649909201359,114.0025005
2026-03-27,10,day_ahead_price,102.30373674385805,87.25999825
2026-03-27,11,day_ahead_price,85.82684866964273,72.8099995
2026-03-27,12,day_ahead_price,81.05767818398418,63.319998749999996
2026-03-27,13,day_ahead_price,85.00482601184588,59.5999995
2026-03-27,14,day_ahead_price,94.8371734050274,74.07500175
2026-03-27,15,day_ahead_price,119.61750371683263,92.32250049999999
2026-03-27,16,day_ahead_price,173.64226104030342,102.8949985
2026-03-27,17,day_ahead_price,225.7955555993601,128.397501
2026-03-27,18,day_ahead_price,318.7452188316721,143.00249475
2026-03-27,19,day_ahead_price,302.39555121796127,133.375002
2026-03-27,20,day_ahead_price,271.08540582496244,120.65750125
2026-03-27,21,day_ahead_price,211.95682028242499,118.67499925
2026-03-27,22,day_ahead_price,197.66610771077677,116.00000175
2026-03-27,23,day_ahead_price,174.3774867108143,105.24749925
2026-03-28,0,day_ahead_price,97.23955139245477,92.36999875000001
2026-03-28,1,day_ahead_price,92.79218037804286,92.66500075
2026-03-28,2,day_ahead_price,89.71871034995065,89.5474985
2026-03-28,3,day_ahead_price,89.20814226230448,87.26249899999999
2026-03-28,4,day_ahead_price,91.01566728938663,88.11750025
2026-03-28,5,day_ahead_price,95.28776437768457,88.54750075
2026-03-28,6,day_ahead_price,95.985328506099,86.77750025
2026-03-28,7,day_ahead_price,93.3704046112147,79.1850015
2026-03-28,8,day_ahead_price,84.26421197228835,68.29999925
2026-03-28,9,day_ahead_price,65.01889277138355,44.9075005
2026-03-28,10,day_ahead_price,21.483324924650375,17.5825
2026-03-28,11,day_ahead_price,37.359200659716976,7.6475
2026-03-28,12,day_ahead_price,19.17647401066135,6.6975
2026-03-28,13,day_ahead_price,-40.998065772133415,7.8475
2026-03-28,14,day_ahead_price,-14.336150992078316,20.475
2026-03-28,15,day_ahead_price,60.16052575206169,54.24250025
2026-03-28,16,day_ahead_price,98.04760037985871,81.05000125
2026-03-28,17,day_ahead_price,128.56626556647436,105.52000025000001
2026-03-28,18,day_ahead_price,153.77648892896264,129.5249995
2026-03-28,19,day_ahead_price,152.10844327372524,154.06999975
2026-03-28,20,day_ahead_price,123.98813449528919,143.949995
2026-03-28,21,day_ahead_price,104.9555823863865,131.58999825
2026-03-28,22,day_ahead_price,99.12152652935269,125.33000175000001
2026-03-28,23,day_ahead_price,85.18458083052221,119.57999975
2026-03-29,0,day_ahead_price,116.35717113585055,114.55999925
2026-03-29,1,day_ahead_price,114.72648153878379,107.697502
2026-03-29,2,day_ahead_price,108.55750240522903,101.165001
2026-03-29,3,day_ahead_price,104.09385957964497,105.2250005
2026-03-29,4,day_ahead_price,103.59050324655792,104.6049995
2026-03-29,5,day_ahead_price,106.54845419966917,109.755001
2026-03-29,6,day_ahead_price,113.42237993774202,115.02999875
2026-03-29,7,day_ahead_price,102.23488871675242,114.8374995
2026-03-29,8,day_ahead_price,95.27659126381573,94.39749925
2026-03-29,9,day_ahead_price,89.5998110106419,74.80750175
2026-03-29,10,day_ahead_price,75.10477115947046,44.69749975
2026-03-29,11,day_ahead_price,51.38530282139316,10.01
2026-03-29,12,day_ahead_price,39.27846349586411,2.2625
2026-03-29,13,day_ahead_price,35.591910915940076,0.042499999999999996
2026-03-29,14,day_ahead_price,38.940210824928116,0.025
2026-03-29,15,day_ahead_price,42.979661350940354,0.8949999999999999
2026-03-29,16,day_ahead_price,67.06538956954142,32.7524995
2026-03-29,17,day_ahead_price,89.21320192637265,70.30499950000001
2026-03-29,18,day_ahead_price,118.28330684798378,93.05249950000001
2026-03-29,19,day_ahead_price,126.6031313921117,86.374998
2026-03-29,20,day_ahead_price,103.82688334661057,68.4825
2026-03-29,21,day_ahead_price,91.9822429889299,60.99749925
2026-03-29,22,day_ahead_price,93.6569396020574,25.6349995
2026-03-29,23,day_ahead_price,83.09874831087001,25.6349995
2026-03-30,0,day_ahead_price,16.34772470030876,9.1975
2026-03-30,1,day_ahead_price,11.547766308274973,3.555
2026-03-30,2,day_ahead_price,14.340675698266196,5.02
2026-03-30,3,day_ahead_price,15.964253449419587,3.825
2026-03-30,4,day_ahead_price,16.78392889091495,4.3575
2026-03-30,5,day_ahead_price,28.214309413620455,18.42249975
2026-03-30,6,day_ahead_price,44.69594556483824,64.82499975
2026-03-30,7,day_ahead_price,57.19454635850629,90.3125
2026-03-30,8,day_ahead_price,17.46802858107607,109.22250149999999
2026-03-30,9,day_ahead_price,-133.6799064189255,96.8374995
2026-03-30,10,day_ahead_price,-155.48995146925637,73.847499
2026-03-30,11,day_ahead_price,-161.2475124700943,45.997499
2026-03-30,12,day_ahead_price,-96.22648627313673,23.587500249999998
2026-03-30,13,day_ahead_price,-108.65269304518809,11.99999975
2026-03-30,14,day_ahead_price,-194.75938852287024,8.705
2026-03-30,15,day_ahead_price,-137.49066294433652,12.9375
2026-03-30,16,day_ahead_price,18.468125096406993,35.1449995
2026-03-30,17,day_ahead_price,87.17858495504541,74.70750050000001
2026-03-30,18,day_ahead_price,123.84047918370607,100.27750025
2026-03-30,19,day_ahead_price,126.69784816644793,119.99249875
2026-03-30,20,day_ahead_price,108.00331752720045,121.727501
2026-03-30,21,day_ahead_price,102.4319656300823,107.42250050000001
2026-03-30,22,day_ahead_price,96.14162852900371,107.75750175
2026-03-30,23,day_ahead_price,82.75550986057829,108.8199995
2026-03-31,0,day_ahead_price,104.47715907947688,93.03750025
2026-03-31,1,day_ahead_price,108.17612328917392,93.56500075
2026-03-31,2,day_ahead_price,110.01151883834962,95.6099985
2026-03-31,3,day_ahead_price,113.02233088027101,97.22249975
2026-03-31,4,day_ahead_price,116.4375257195299,87.977499
2026-03-31,5,day_ahead_price,132.63169167842062,103.23999975000001
2026-03-31,6,day_ahead_price,148.93058630900777,117.40250225
2026-03-31,7,day_ahead_price,165.7241163863833,130.607498
2026-03-31,8,day_ahead_price,164.65914728289408,130.1999985
2026-03-31,9,day_ahead_price,140.23192994516933,119.34500125
2026-03-31,10,day_ahead_price,106.64985176664587,104.254999
2026-03-31,11,day_ahead_price,82.39380670395661,87.3500005
2026-03-31,12,day_ahead_price,72.61055961023968,78.669998
2026-03-31,13,day_ahead_price,70.9770805911401,55.2250005
2026-03-31,14,day_ahead_price,66.70911382842203,53.487500000000004
2026-03-31,15,day_ahead_price,89.07490159718455,63.05250075
2026-03-31,16,day_ahead_price,106.66055472043622,82.217499
2026-03-31,17,day_ahead_price,122.28567019838302,110.967499
2026-03-31,18,day_ahead_price,142.06753483152897,150.37000275
2026-03-31,19,day_ahead_price,136.8785845254645,174.2750015
2026-03-31,20,day_ahead_price,115.91026944822204,176.00500075
2026-03-31,21,day_ahead_price,106.97034987798312,171.7250025
2026-03-31,22,day_ahead_price,95.16748294921227,158.329998
2026-03-31,23,day_ahead_price,89.61822959554766,148.47000125
2026-04-01,0,day_ahead_price,140.34490505180253,145.630001
2026-04-01,1,day_ahead_price,141.58443709251284,129.60499775
2026-04-01,2,day_ahead_price,146.3756965915836,125.4125005
2026-04-01,3,day_ahead_price,149.96941731112776,129.62250325000002
2026-04-01,4,day_ahead_price,154.8321742929728,129.0774995
2026-04-01,5,day_ahead_price,172.1208335981812,146.50000375
2026-04-01,6,day_ahead_price,175.63346142664298,157.59749975
2026-04-01,7,day_ahead_price,171.42961480148273,184.18749975
2026-04-01,8,day_ahead_price,162.94869413165117,199.977497
2026-04-01,9,day_ahead_price,149.8722100914389,171.5149995
2026-04-01,10,day_ahead_price,114.24507464027603,139.79999924999998
2026-04-01,11,day_ahead_price,110.62314792204583,128.07750125
2026-04-01,12,day_ahead_price,104.3168337833651,115.0524995
2026-04-01,13,day_ahead_price,94.43492233245765,93.83499925
2026-04-01,14,day_ahead_price,83.96365706449674,86.3325025
2026-04-01,15,day_ahead_price,95.8029152610679,93.8374995
2026-04-01,16,day_ahead_price,143.73528703646443,105.51499925
2026-04-01,17,day_ahead_price,146.0682919040467,124.897501
2026-04-01,18,day_ahead_price,155.96320610222529,128.597498
2026-04-01,19,day_ahead_price,150.58325051460565,186.7024955
2026-04-01,20,day_ahead_price,127.91431193902855,164.2999995
2026-04-01,21,day_ahead_price,128.71236373889548,161.557499
2026-04-01,22,day_ahead_price,121.53518720788213,151.95249925
2026-04-01,23,day_ahead_price,122.26370039821049,129.38999925000002
2026-04-02,0,day_ahead_price,111.10459533639339,126.3375015
2026-04-02,1,day_ahead_price,110.77456131915405,118.995001
2026-04-02,2,day_ahead_price,103.26942558989595,114.12499975
2026-04-02,3,day_ahead_price,98.38478761407818,107.817501
2026-04-02,4,day_ahead_price,96.95771000827042,106.5924985
2026-04-02,5,day_ahead_price,107.05664405820038,115.38500225
2026-04-02,6,day_ahead_price,121.44733942004007,118.72999949999999
2026-04-02,7,day_ahead_price,117.52704252145205,136.70000075000002
2026-04-02,8,day_ahead_price,118.863630335577,146.767502
2026-04-02,9,day_ahead_price,96.6755740833637,114.2775
2026-04-02,10,day_ahead_price,78.66200120063571,90.66250125
2026-04-02,11,day_ahead_price,68.33373595846824,74.249999
2026-04-02,12,day_ahead_price,66.1444388897101,59.74499975
2026-04-02,13,day_ahead_price,57.94912684016454,42.45499975
2026-04-02,14,day_ahead_price,52.243917846628825,52.8599995
2026-04-02,15,day_ahead_price,60.488818647708634,73.76500025
2026-04-02,16,day_ahead_price,77.10633540787633,90.61999899999999
2026-04-02,17,day_ahead_price,91.83720803855482,105.9974995
2026-04-02,18,day_ahead_price,113.43327630207519,122.83250025
2026-04-02,19,day_ahead_price,122.93087404622845,130.15250025
2026-04-02,20,day_ahead_price,108.50756287007569,128.835001
2026-04-02,21,day_ahead_price,102.2509620335725,125.16000149999999
2026-04-02,22,day_ahead_price,92.74567229394853,116.1625025
2026-04-02,23,day_ahead_price,83.20321498952318,115.59250075
2026-04-03,0,day_ahead_price,107.10375872318211,123.9000015
2026-04-03,1,day_ahead_price,106.43827053725344,113.30249950000001
2026-04-03,2,day_ahead_price,102.21312150205931,108.17249875
2026-04-03,3,day_ahead_price,99.099743540764,105.2975005
2026-04-03,4,day_ahead_price,99.37409653706914,104.5300005
2026-04-03,5,day_ahead_price,105.45705473029125,106.29750075
2026-04-03,6,day_ahead_price,112.46067212530598,112.91000174999999
2026-04-03,7,day_ahead_price,133.26511105780614,116.21999925
2026-04-03,8,day_ahead_price,133.6186809382158,121.699997
2026-04-03,9,day_ahead_price,115.93281835227518,113.18000024999999
2026-04-03,10,day_ahead_price,92.05179877009691,85.58500025000001
2026-04-03,11,day_ahead_price,78.50508399043783,52.9575
2026-04-03,12,day_ahead_price,74.61972303192611,27.66749975
2026-04-03,13,day_ahead_price,65.74478743082321,14.02
2026-04-03,14,day_ahead_price,59.808454943284325,8.405
2026-04-03,15,day_ahead_price,65.90050285968749,9.6625
2026-04-03,16,day_ahead_price,78.96478080427973,26.84250025
2026-04-03,17,day_ahead_price,97.80941053726778,66.7974975
2026-04-03,18,day_ahead_price,124.4366254221967,88.9725
2026-04-03,19,day_ahead_price,133.69319697325,99.38999925
2026-04-03,20,day_ahead_price,133.54304165547404,94.22000299999999
2026-04-03,21,day_ahead_price,128.37651458142938,84.20250125
2026-04-03,22,day_ahead_price,118.5020851567617,80.73750100000001
2026-04-03,23,day_ahead_price,112.64723830706814,60.587500500000004
2026-04-04,0,day_ahead_price,60.136588988460566,13.3
2026-04-04,1,day_ahead_price,51.566736529502904,18.0325
2026-04-04,2,day_ahead_price,48.06898169945787,19.05250025
2026-04-04,3,day_ahead_price,49.92628223468614,11.4025
2026-04-04,4,day_ahead_price,49.63752005201,9.3825
2026-04-04,5,day_ahead_price,58.41891690407601,11.735
2026-04-04,6,day_ahead_price,54.21403712988208,13.362499999999999
2026-04-04,7,day_ahead_price,38.920796153586686,19.2675
2026-04-04,8,day_ahead_price,39.95404344881641,16.69499975
2026-04-04,9,day_ahead_price,0.2758100897245015,6.6
2026-04-04,10,day_ahead_price,15.444569164011071,1.9425
2026-04-04,11,day_ahead_price,27.33162114219219,0.08
2026-04-04,12,day_ahead_price,24.64952532941532,0.0275
2026-04-04,13,day_ahead_price,21.041743157310165,0.1275
2026-04-04,14,day_ahead_price,5.345545615639082,0.10250000000000001
2026-04-04,15,day_ahead_price,17.44250490000367,0.0275
2026-04-04,16,day_ahead_price,26.07538576093117,10.689999750000002
2026-04-04,17,day_ahead_price,23.924206090700736,34.09750075
2026-04-04,18,day_ahead_price,74.82048866473464,94.2124975
2026-04-04,19,day_ahead_price,101.6430072543214,131.3500025
2026-04-04,20,day_ahead_price,100.17611379926474,120.39749925000001
2026-04-04,21,day_ahead_price,95.30953056960459,96.08999975
2026-04-04,22,day_ahead_price,92.70329370927898,73.920001
2026-04-04,23,day_ahead_price,89.31760918308669,41.8324995
2026-04-05,0,day_ahead_price,30.400269243532627,1.0625
2026-04-05,1,day_ahead_price,30.192542164529677,0.885
2026-04-05,2,day_ahead_price,32.45919948555657,1.205
2026-04-05,3,day_ahead_price,30.618004494432377,0.47250000000000003
2026-04-05,4,day_ahead_price,21.19679232044966,0.0
2026-04-05,5,day_ahead_price,27.648394809507295,0.0
2026-04-05,6,day_ahead_price,48.117840939231996,-0.0125
2026-04-05,7,day_ahead_price,39.93353512432574,-0.125
2026-04-05,8,day_ahead_price,42.37045036394996,0.0024999999999999953
2026-04-05,9,day_ahead_price,19.890852185991463,-1.3675000000000002
2026-04-05,10,day_ahead_price,28.77143745114867,-3.0275
2026-04-05,11,day_ahead_price,43.14573166801744,-5.7875
2026-04-05,12,day_ahead_price,39.85470053753563,-10.41000025
2026-04-05,13,day_ahead_price,14.795063714038108,-20.13250025
2026-04-05,14,day_ahead_price,-28.288488034692264,-25.4575
2026-04-05,15,day_ahead_price,-84.46150331819638,-24.11750025
2026-04-05,16,day_ahead_price,-36.31847844560029,-19.46000025
2026-04-05,17,day_ahead_price,-7.768729323423884,-2.5725000000000002
2026-04-05,18,day_ahead_price,78.12803256425784,0.11749999999999994
2026-04-05,19,day_ahead_price,92.16979999255636,20.0425
2026-04-05,20,day_ahead_price,82.02979718459966,33.350001
2026-04-05,21,day_ahead_price,67.59470263045861,30.2050005
2026-04-05,22,day_ahead_price,59.398154793744524,30.3775
2026-04-05,23,day_ahead_price,38.695258885651,19.02250075
2026-04-06,0,day_ahead_price,6.342564403640765,3.24
2026-04-06,1,day_ahead_price,10.970700445725981,1.985
2026-04-06,2,day_ahead_price,10.747908210734053,1.04
2026-04-06,3,day_ahead_price,-8.64368941414132,1.36
2026-04-06,4,day_ahead_price,0.8134019177254572,1.06
2026-04-06,5,day_ahead_price,19.592506152184143,2.11
2026-04-06,6,day_ahead_price,58.61292323883124,1.9849999999999999
2026-04-06,7,day_ahead_price,84.35147755755955,1.3325
2026-04-06,8,day_ahead_price,76.11357021604589,-0.0425
2026-04-06,9,day_ahead_price,3.5169477009966528,-1.01
2026-04-06,10,day_ahead_price,2.2818799418757294,-1.0150000000000001
2026-04-06,11,day_ahead_price,-18.532537158433172,-3.96
2026-04-06,12,day_ahead_price,-0.5065774906242524,-5.1925
2026-04-06,13,day_ahead_price,33.145861625740714,-5.5575
2026-04-06,14,day_ahead_price,41.25210298178252,-5.1075
2026-04-06,15,day_ahead_price,-5.302605144184639,-4.797499999999999
2026-04-06,16,day_ahead_price,-16.100574605605118,-1.4575
2026-04-06,17,day_ahead_price,59.83855114539759,0.1725
2026-04-06,18,day_ahead_price,83.21221584125168,37.042500000000004
2026-04-06,19,day_ahead_price,62.502328473274545,104.89749925
2026-04-06,20,day_ahead_price,65.27530547814041,115.7074985
2026-04-06,21,day_ahead_price,71.98965610189583,109.22249975
2026-04-06,22,day_ahead_price,73.62458400343155,113.84749975
2026-04-06,23,day_ahead_price,58.46828421839429,108.80499825
2026-04-07,0,day_ahead_price,108.65909247060975,106.40000125
2026-04-07,1,day_ahead_price,107.02900909212474,101.29499825
2026-04-07,2,day_ahead_price,104.46647218907626,101.64750075
2026-04-07,3,day_ahead_price,102.84637365549298,102.27999875
2026-04-07,4,day_ahead_price,105.93832214826674,105.1349985
2026-04-07,5,day_ahead_price,112.08879584387574,112.807499
2026-04-07,6,day_ahead_price,116.31455936733641,132.62000075
2026-04-07,7,day_ahead_price,133.5477032875334,159.6449965
2026-04-07,8,day_ahead_price,120.97339074398984,127.85749625
2026-04-07,9,day_ahead_price,92.5100420187658,81.8025
2026-04-07,10,day_ahead_price,81.54124299243944,28.300000750000002
2026-04-07,11,day_ahead_price,59.22297488286907,6.555
2026-04-07,12,day_ahead_price,57.93990803911349,4.4
2026-04-07,13,day_ahead_price,55.741286083748854,2.895
2026-04-07,14,day_ahead_price,64.52658627268819,7.272499999999999
2026-04-07,15,day_ahead_price,71.84656377225531,6.22
2026-04-07,16,day_ahead_price,84.3805004678743,7.142500249999999
2026-04-07,17,day_ahead_price,127.37081705410789,79.902501
2026-04-07,18,day_ahead_price,140.2974022518597,137.99499724999998
2026-04-07,19,day_ahead_price,145.0413524539766,185.34249875
2026-04-07,20,day_ahead_price,129.37923564980815,182.555004
2026-04-07,21,day_ahead_price,121.75295315663001,141.7675015
2026-04-07,22,day_ahead_price,120.16806657916237,128.33750325
2026-04-07,23,day_ahead_price,105.56133057397017,118.19750225
2026-04-08,0,day_ahead_price,110.94948233019375,107.17000025
2026-04-08,1,day_ahead_price,110.20882558392954,102.209999
2026-04-08,2,day_ahead_price,113.11583330867302,100.8199995
2026-04-08,3,day_ahead_price,114.57316580873814,103.49749925
2026-04-08,4,day_ahead_price,121.63678064388486,107.51249875
2026-04-08,5,day_ahead_price,130.57324243434712,116.92749775
2026-04-08,6,day_ahead_price,137.20761848164264,145.590002
2026-04-08,7,day_ahead_price,177.09220337545827,168.79749675
2026-04-08,8,day_ahead_price,161.87150150224164,138.5075015
2026-04-08,9,day_ahead_price,103.66161469601012,97.449998
2026-04-08,10,day_ahead_price,81.18949278631051,67.4524995
2026-04-08,11,day_ahead_price,54.45866568929913,36.09000025
2026-04-08,12,day_ahead_price,31.96013082001192,38.6224995
2026-04-08,13,day_ahead_price,24.67456122771417,37.567500249999995
2026-04-08,14,day_ahead_price,45.56019953362541,36.862498
2026-04-08,15,day_ahead_price,64.31326738774129,33.4849995
2026-04-08,16,day_ahead_price,95.96876919014153,41.762499500000004
2026-04-08,17,day_ahead_price,133.43685792542382,91.8749975
2026-04-08,18,day_ahead_price,156.18994703851874,134.2474995
2026-04-08,19,day_ahead_price,182.57929145517556,170.0074995
2026-04-08,20,day_ahead_price,139.01509866990452,160.552498
2026-04-08,21,day_ahead_price,118.01206300249903,137.10249725
2026-04-08,22,day_ahead_price,112.40373016233586,121.3925
2026-04-08,23,day_ahead_price,107.14421051043036,109.4750005
2026-04-09,0,day_ahead_price,94.79268307496255,104.89749925
2026-04-09,1,day_ahead_price,94.70907289419297,101.102501
2026-04-09,2,day_ahead_price,95.21475258021282,101.09499774999999
2026-04-09,3,day_ahead_price,93.9522478081842,101.86249925
2026-04-09,4,day_ahead_price,91.530710056043,104.8900015
2026-04-09,5,day_ahead_price,96.51826713276424,112.38000075
2026-04-09,6,day_ahead_price,112.88825097375343,130.59499925
2026-04-09,7,day_ahead_price,120.91704282730107,140.8624995
2026-04-09,8,day_ahead_price,119.41179945015166,128.090002
2026-04-09,9,day_ahead_price,87.14496342435523,99.6749995
2026-04-09,10,day_ahead_price,49.602780953609624,55.18
2026-04-09,11,day_ahead_price,-9.403655776076235,7.03
2026-04-09,12,day_ahead_price,-31.041311878789955,3.89
2026-04-09,13,day_ahead_price,-43.22411513974879,2.0
2026-04-09,14,day_ahead_price,-12.479752562281206,1.34
2026-04-09,15,day_ahead_price,30.40873973535267,3.8175
2026-04-09,16,day_ahead_price,23.601145481276177,27.8424995
2026-04-09,17,day_ahead_price,46.22836340275154,77.99750075
2026-04-09,18,day_ahead_price,118.72013188912646,106.0875015
2026-04-09,19,day_ahead_price,133.22892414417504,113.21749875
2026-04-09,20,day_ahead_price,134.56765432660436,107.30749850000001
2026-04-09,21,day_ahead_price,118.91074570967426,87.590001
2026-04-09,22,day_ahead_price,108.972634812844,71.17749975000001
2026-04-09,23,day_ahead_price,98.89148955334105,61.19999975
2026-04-10,0,day_ahead_price,45.110165146779096,62.052499999999995
2026-04-10,1,day_ahead_price,42.43579084475856,62.227499
2026-04-10,2,day_ahead_price,45.29514623099502,61.84249975
2026-04-10,3,day_ahead_price,44.55109254460259,59.38749875
2026-04-10,4,day_ahead_price,42.7929386389059,65.39750025000001
2026-04-10,5,day_ahead_price,55.506092234747584,76.75249975
2026-04-10,6,day_ahead_price,65.41327640818565,104.60999875
2026-04-10,7,day_ahead_price,67.94069051397466,121.62249925
2026-04-10,8,day_ahead_price,56.41624489056337,123.0874995
2026-04-10,9,day_ahead_price,30.36205941381411,119.1574975
2026-04-10,10,day_ahead_price,-33.942280769001286,109.84000025
2026-04-10,11,day_ahead_price,-95.22990811963672,102.98999975
2026-04-10,12,day_ahead_price,-127.95221346151676,92.09
2026-04-10,13,day_ahead_price,-221.0372559449658,88.9375
2026-04-10,14,day_ahead_price,-262.8615023884093,87.39999975
2026-04-10,15,day_ahead_price,-278.2822696918259,94.017498
2026-04-10,16,day_ahead_price,-182.85441044103774,108.7799985
2026-04-10,17,day_ahead_price,-20.44620220315535,127.20250125000001
2026-04-10,18,day_ahead_price,60.684921563839225,150.4299965
2026-04-10,19,day_ahead_price,103.95982968234571,221.63999975000002
2026-04-10,20,day_ahead_price,105.80603436899719,238.1574975
2026-04-10,21,day_ahead_price,93.68968118496906,170.62999725
2026-04-10,22,day_ahead_price,88.19684833044884,142.074999
2026-04-10,23,day_ahead_price,77.0503794471976,125.7200015
2026-04-11,0,day_ahead_price,124.82997643084468,130.199999
2026-04-11,1,day_ahead_price,121.90880168049094,118.9799995
2026-04-11,2,day_ahead_price,117.85371961692235,114.3375015
2026-04-11,3,day_ahead_price,114.68277883218073,112.23499875
2026-04-11,4,day_ahead_price,111.54309095104904,110.83749974999999
2026-04-11,5,day_ahead_price,124.91517154015969,108.3600005
2026-04-11,6,day_ahead_price,143.39442379302724,106.6049995
2026-04-11,7,day_ahead_price,129.3634778515101,93.23749925
2026-04-11,8,day_ahead_price,131.47204365992982,70.2525015
2026-04-11,9,day_ahead_price,124.42506849308998,26.16749975
2026-04-11,10,day_ahead_price,102.82825795646178,7.2524999999999995
2026-04-11,11,day_ahead_price,101.66862233510528,0.8125
2026-04-11,12,day_ahead_price,96.57189339321562,-8.0
2026-04-11,13,day_ahead_price,78.56654567864103,-15.1725
2026-04-11,14,day_ahead_price,82.13911103417462,-17.2425
2026-04-11,15,day_ahead_price,87.4245903946431,-17.935
2026-04-11,16,day_ahead_price,91.22381438905636,-3.055
2026-04-11,17,day_ahead_price,99.0185072367951,2.1399999999999997
2026-04-11,18,day_ahead_price,117.75154230725869,43.6975
2026-04-11,19,day_ahead_price,131.2234081116543,61.742499249999995
2026-04-11,20,day_ahead_price,131.03808269454686,60.172501499999996
2026-04-11,21,day_ahead_price,118.69484676090417,52.9874995
2026-04-11,22,day_ahead_price,115.0191160241469,51.81750025
2026-04-11,23,day_ahead_price,103.37488144058833,49.7575
2026-04-12,0,day_ahead_price,41.51635512673465,56.267499
2026-04-12,1,day_ahead_price,37.57262960017717,56.59500025
2026-04-12,2,day_ahead_price,34.762024398511215,59.56750025
2026-04-12,3,day_ahead_price,35.04604386602901,76.55999975
2026-04-12,4,day_ahead_price,38.73136246186168,85.68250075
2026-04-12,5,day_ahead_price,44.39327709214823,89.58499925
2026-04-12,6,day_ahead_price,42.82143163564765,88.9524995
2026-04-12,7,day_ahead_price,6.033703109398459,87.38750075
2026-04-12,8,day_ahead_price,-1.4772676845400667,76.102499
2026-04-12,9,day_ahead_price,18.728698026385757,53.3224995
2026-04-12,10,day_ahead_price,15.701341258658829,30.2325
2026-04-12,11,day_ahead_price,13.559281911016726,22.4150005
2026-04-12,12,day_ahead_price,0.8800025059821621,14.975
2026-04-12,13,day_ahead_price,2.4079865881383427,4.4625
2026-04-12,14,day_ahead_price,-13.846680225922853,7.6475
2026-04-12,15,day_ahead_price,-9.053605448634727,15.90499975
2026-04-12,16,day_ahead_price,48.12478420111244,66.91249825
2026-04-12,17,day_ahead_price,44.0063828715098,102.6674995
2026-04-12,18,day_ahead_price,63.86430366737817,131.70999925
2026-04-12,19,day_ahead_price,101.37164333680123,144.01750175
2026-04-12,20,day_ahead_price,112.93012865240262,145.75749975000002
2026-04-12,21,day_ahead_price,94.56879526021976,136.732502
2026-04-12,22,day_ahead_price,94.93706781782164,130.607498
2026-04-12,23,day_ahead_price,81.017643669403,121.0075015
2026-04-13,0,day_ahead_price,121.23833506859054,116.17499925
2026-04-13,1,day_ahead_price,115.98857693678882,109.795
2026-04-13,2,day_ahead_price,117.43760987543217,107.31499875
2026-04-13,3,day_ahead_price,129.54121543449423,107.59000025
2026-04-13,4,day_ahead_price,139.81188709387715,110.0200005
2026-04-13,5,day_ahead_price,179.51017600233394,117.64250175000001
2026-04-13,6,day_ahead_price,202.66999709751389,134.925005
2026-04-13,7,day_ahead_price,294.098677373031,144.3375015
2026-04-13,8,day_ahead_price,179.91651928260433,173.0525015
2026-04-13,9,day_ahead_price,138.54500056265982,160.96499649999998
2026-04-13,10,day_ahead_price,103.36431888021406,138.62999925
2026-04-13,11,day_ahead_price,81.25723967891456,116.00000025
2026-04-13,12,day_ahead_price,79.807508964003,104.73499875
2026-04-13,13,day_ahead_price,83.87175150412115,97.3925
2026-04-13,14,day_ahead_price,94.25928949400851,101.69499975
2026-04-13,15,day_ahead_price,97.86918238755226,104.637501
2026-04-13,16,day_ahead_price,110.31026799164593,114.53499975
2026-04-13,17,day_ahead_price,141.038934981872,122.249998
2026-04-13,18,day_ahead_price,188.97973125195222,135.6724965
2026-04-13,19,day_ahead_price,207.62233884572117,148.21249775
2026-04-13,20,day_ahead_price,168.4076761307802,137.04499825
2026-04-13,21,day_ahead_price,133.84042984775962,126.11500000000001
2026-04-13,22,day_ahead_price,111.94992739025629,118.41
2026-04-13,23,day_ahead_price,102.21227355238621,116.88500024999999
2026-04-14,0,day_ahead_price,107.81121540112164,114.02250099999999
2026-04-14,1,day_ahead_price,103.97572201910094,113.66499925
2026-04-14,2,day_ahead_price,99.58567318530709,114.9899995
2026-04-14,3,day_ahead_price,92.7440546768904,113.38500025
2026-04-14,4,day_ahead_price,90.89060194235002,114.5649985
2026-04-14,5,day_ahead_price,90.41184873937563,117.76000025
2026-04-14,6,day_ahead_price,102.1396915547598,136.07249825
2026-04-14,7,day_ahead_price,112.8902010835225,162.78999725
2026-04-14,8,day_ahead_price,108.8416572759397,164.49499525
2026-04-14,9,day_ahead_price,48.08995542691875,144.32999825
2026-04-14,10,day_ahead_price,23.116544973895117,128.829998
2026-04-14,11,day_ahead_price,24.51835462004307,117.33250025
2026-04-14,12,day_ahead_price,-45.963433392903866,109.5074995
2026-04-14,13,day_ahead_price,-18.165366547237255,104.69999899999999
2026-04-14,14,day_ahead_price,-33.09029767826232,108.91000175
2026-04-14,15,day_ahead_price,-134.63497971286262,115.567501
2026-04-14,16,day_ahead_price,-16.433987759327835,119.99749925
2026-04-14,17,day_ahead_price,54.0669684913549,129.32499875000002
2026-04-14,18,day_ahead_price,111.53003749809696,158.7649995
2026-04-14,19,day_ahead_price,113.93294942872106,221.37250125
2026-04-14,20,day_ahead_price,102.98463512548877,232.687504
2026-04-14,21,day_ahead_price,58.252786598878096,165.94750224999999
2026-04-14,22,day_ahead_price,57.881255185482715,147.21749875
2026-04-14,23,day_ahead_price,-7.27406413167526,132.9450015
2026-04-15,0,day_ahead_price,129.4157011067351,120.40999975
2026-04-15,1,day_ahead_price,122.53455554995583,116.45750050000001
2026-04-15,2,day_ahead_price,117.21269521331556,111.76749975
2026-04-15,3,day_ahead_price,115.0023575136719,110.0175
2026-04-15,4,day_ahead_price,111.59775965720208,110.84249875
2026-04-15,5,day_ahead_price,116.07035378765106,122.58000175000001
2026-04-15,6,day_ahead_price,128.43107893083973,148.310005
2026-04-15,7,day_ahead_price,145.20127316558847,159.55249775
2026-04-15,8,day_ahead_price,146.73336008621249,140.10000225
2026-04-15,9,day_ahead_price,125.0527166934164,116.3199995
2026-04-15,10,day_ahead_price,108.74003959376716,100.802498
2026-04-15,11,day_ahead_price,78.18984086781532,78.9399995
2026-04-15,12,day_ahead_price,72.70521812762111,61.61000075
2026-04-15,13,day_ahead_price,65.27610837151042,53.45749925
2026-04-15,14,day_ahead_price,61.9521939578958,67.2575015
2026-04-15,15,day_ahead_price,70.778665755096,81.4924985
2026-04-15,16,day_ahead_price,75.3440522266155,99.25499925
2026-04-15,17,day_ahead_price,116.6211779342833,124.84000225
2026-04-15,18,day_ahead_price,139.18820926839643,140.63750249999998
2026-04-15,19,day_ahead_price,149.947855249508,174.4375035
2026-04-15,20,day_ahead_price,135.95045111290648,176.755001
2026-04-15,21,day_ahead_price,117.4225747654521,145.38749875
2026-04-15,22,day_ahead_price,104.90173828984466,130.71500025
2026-04-15,23,day_ahead_price,95.36953473550709,116.62750075
2026-04-16,0,day_ahead_price,109.58713662299732,106.21500025
2026-04-16,1,day_ahead_price,106.87410138315755,101.39750075
2026-04-16,2,day_ahead_price,103.12075787004704,99.59500125
2026-04-16,3,day_ahead_price,101.15498846743131,98.36499975
2026-04-16,4,day_ahead_price,99.68440029278743,100.902502
2026-04-16,5,day_ahead_price,101.93410706030666,109.0999985
2026-04-16,6,day_ahead_price,114.26953032667359,137.50500125
2026-04-16,7,day_ahead_price,132.78872784498964,141.18999875
2026-04-16,8,day_ahead_price,136.54674158675937,133.635002
2026-04-16,9,day_ahead_price,152.69100865100884,110.19499975
2026-04-16,10,day_ahead_price,111.41277501530573,96.35250075
2026-04-16,11,day_ahead_price,87.22206378898736,75.6725015
2026-04-16,12,day_ahead_price,95.79077132044142,60.61499975
2026-04-16,13,day_ahead_price,90.88771297414723,49.664999
2026-04-16,14,day_ahead_price,87.32508937917612,56.28999875
2026-04-16,15,day_ahead_price,98.0054133428417,70.87000075
2026-04-16,16,day_ahead_price,139.32749013412877,89.75749775
2026-04-16,17,day_ahead_price,172.00741220328686,111.55500025
2026-04-16,18,day_ahead_price,144.217325245707,131.14499875
2026-04-16,19,day_ahead_price,175.47958924828583,166.92749425
2026-04-16,20,day_ahead_price,169.43439561949765,187.31749725
2026-04-16,21,day_ahead_price,145.86246822917573,155.01000225
2026-04-16,22,day_ahead_price,129.74353466269937,138.760002
2026-04-16,23,day_ahead_price,121.8615489641742,127.36249725
2026-04-17,0,day_ahead_price,127.39808657410092,121.77250125
2026-04-17,1,day_ahead_price,119.82677481431145,115.522499
2026-04-17,2,day_ahead_price,117.97863309803776,112.5324995
2026-04-17,3,day_ahead_price,116.07735028466485,108.51250075
2026-04-17,4,day_ahead_price,116.45250791571226,111.46750075
2026-04-17,5,day_ahead_price,127.40409820767955,120.19249925
2026-04-17,6,day_ahead_price,144.0947420247639,146.567501
2026-04-17,7,day_ahead_price,146.73088748165816,148.5550005
2026-04-17,8,day_ahead_price,132.51284086780137,127.15750125
2026-04-17,9,day_ahead_price,102.30365047418248,102.73999975000001
2026-04-17,10,day_ahead_price,64.28306958577534,91.25749875
2026-04-17,11,day_ahead_price,68.92052892240736,67.6275005
2026-04-17,12,day_ahead_price,48.9137991588096,52.489999749999996
2026-04-17,13,day_ahead_price,64.48549801728177,47.400000750000004
2026-04-17,14,day_ahead_price,73.638195297809,47.89249875
2026-04-17,15,day_ahead_price,80.0603894668938,59.9975
2026-04-17,16,day_ahead_price,72.41171422870897,81.819999
2026-04-17,17,day_ahead_price,52.828483129868005,102.3099995
2026-04-17,18,day_ahead_price,109.57858928753154,125.51500300000001
2026-04-17,19,day_ahead_price,126.57528790273221,154.57250225
2026-04-17,20,day_ahead_price,129.30697189632252,154.6274985
2026-04-17,21,day_ahead_price,118.02467119603392,138.007498
2026-04-17,22,day_ahead_price,108.29225844331768,123.9299985
2026-04-17,23,day_ahead_price,104.74099779236629,112.71000075
2026-04-18,0,day_ahead_price,105.4506984676245,113.7749995
2026-04-18,1,day_ahead_price,102.63150371090403,108.5599995
2026-04-18,2,day_ahead_price,100.86400028959176,106.2925015
2026-04-18,3,day_ahead_price,100.95021341072918,104.42999825
2026-04-18,4,day_ahead_price,102.38325634602373,104.499998
2026-04-18,5,day_ahead_price,104.67718232281534,106.53499975
2026-04-18,6,day_ahead_price,109.1818203740541,108.30250175
2026-04-18,7,day_ahead_price,110.3410236711838,105.74250025
2026-04-18,8,day_ahead_price,113.7278064743182,92.28749875
2026-04-18,9,day_ahead_price,113.89270848396758,75.31250299999999
2026-04-18,10,day_ahead_price,93.98797139309224,53.644999250000005
2026-04-18,11,day_ahead_price,85.1989710158709,40.6399995
2026-04-18,12,day_ahead_price,75.69777159537303,32.10000025
2026-04-18,13,day_ahead_price,65.76241816612054,34.03999875
2026-04-18,14,day_ahead_price,59.82410430519741,34.75749975
2026-04-18,15,day_ahead_price,69.26795574060874,34.672499
2026-04-18,16,day_ahead_price,91.0501774930771,51.75749925
2026-04-18,17,day_ahead_price,111.87046190313028,90.80500025
2026-04-18,18,day_ahead_price,139.54976288576668,119.59500125
2026-04-18,19,day_ahead_price,159.5584440333335,131.53999725
2026-04-18,20,day_ahead_price,157.10211787393544,144.8899995
2026-04-18,21,day_ahead_price,130.95735402193782,140.2949985
2026-04-18,22,day_ahead_price,118.61254514754766,129.99250225
2026-04-18,23,day_ahead_price,105.06978267428757,125.0
2026-04-19,0,day_ahead_price,119.66174883490379,116.5599995
2026-04-19,1,day_ahead_price,113.79663266245336,109.95000075
2026-04-19,2,day_ahead_price,111.75484890853937,109.20500175000001
2026-04-19,3,day_ahead_price,112.02346889038583,106.32250024999999
2026-04-19,4,day_ahead_price,114.9509971948718,105.41500075
2026-04-19,5,day_ahead_price,121.85675807054079,106.54999925
2026-04-19,6,day_ahead_price,127.41752407295603,104.78249925
2026-04-19,7,day_ahead_price,115.87983199323006,100.032501
2026-04-19,8,day_ahead_price,95.60677262485358,96.62999925
2026-04-19,9,day_ahead_price,91.23468016939,93.842499
2026-04-19,10,day_ahead_price,71.48547847179837,71.38499725
2026-04-19,11,day_ahead_price,40.77433584344054,35.62750025
2026-04-19,12,day_ahead_price,30.054052729600542,28.1400005
2026-04-19,13,day_ahead_price,19.236889142958447,22.2925005
2026-04-19,14,day_ahead_price,16.033502896828963,21.7899995
2026-04-19,15,day_ahead_price,7.180633075788222,21.9999995
2026-04-19,16,day_ahead_price,24.550604512661565,32.10750025
2026-04-19,17,day_ahead_price,50.79879477210959,73.75750024999999
2026-04-19,18,day_ahead_price,99.54840505659539,103.8549995
2026-04-19,19,day_ahead_price,125.83947595296425,117.35249925
2026-04-19,20,day_ahead_price,127.16338313086762,124.11249925
2026-04-19,21,day_ahead_price,107.24571945842072,121.54750075
2026-04-19,22,day_ahead_price,97.53117736607155,119.362501
2026-04-19,23,day_ahead_price,84.65847083451537,111.2325
2026-04-20,0,day_ahead_price,108.44817322819034,106.30750075
2026-04-20,1,day_ahead_price,106.52631978169815,101.11249925
2026-04-20,2,day_ahead_price,105.31175329714895,99.01250075
2026-04-20,3,day_ahead_price,103.54931872881957,99.040001
2026-04-20,4,day_ahead_price,104.61343232847497,102.30249975
2026-04-20,5,day_ahead_price,109.7789218872959,111.6000005
2026-04-20,6,day_ahead_price,124.6656142340489,129.38500025
2026-04-20,7,day_ahead_price,134.51177579145232,142.2074985
2026-04-20,8,day_ahead_price,133.9330614466919,134.319996
2026-04-20,9,day_ahead_price,115.4777741788238,110.0149995
2026-04-20,10,day_ahead_price,91.65776949447137,90.1975
2026-04-20,11,day_ahead_price,81.55665596880317,75.88749999999999
2026-04-20,12,day_ahead_price,75.59340572479704,51.182499750000005
2026-04-20,13,day_ahead_price,70.98332575528465,32.595
2026-04-20,14,day_ahead_price,69.34618906152,29.56999975
2026-04-20,15,day_ahead_price,70.08408135599063,46.475
2026-04-20,16,day_ahead_price,77.10107704053499,78.32499875
2026-04-20,17,day_ahead_price,94.36439878758928,97.24500075
2026-04-20,18,day_ahead_price,104.65410933263172,112.909998
2026-04-20,19,day_ahead_price,126.6573595166243,123.407501
2026-04-20,20,day_ahead_price,136.87003229149434,127.18000025
2026-04-20,21,day_ahead_price,117.88675022336942,121.94000075
2026-04-20,22,day_ahead_price,114.56511793351066,115.97249975
2026-04-20,23,day_ahead_price,104.98743961255028,106.7924995
2026-04-21,0,day_ahead_price,102.8790538285123,98.999998
2026-04-21,1,day_ahead_price,99.50082912378623,98.6425
2026-04-21,2,day_ahead_price,97.6483650071018,98.37249750000001
2026-04-21,3,day_ahead_price,96.68908048861871,99.07499874999999
2026-04-21,4,day_ahead_price,97.8118604682776,100.1900005
2026-04-21,5,day_ahead_price,108.26806972456338,108.4475
2026-04-21,6,day_ahead_price,123.80575999185389,127.08499925000001
2026-04-21,7,day_ahead_price,140.71739226519222,135.3274975
2026-04-21,8,day_ahead_price,130.97243021631508,118.94750024999999
2026-04-21,9,day_ahead_price,108.19509073451206,97.30500125
2026-04-21,10,day_ahead_price,98.52015636825412,59.8949985
2026-04-21,11,day_ahead_price,74.05442924420629,20.995
2026-04-21,12,day_ahead_price,59.77289422218273,8.67
2026-04-21,13,day_ahead_price,50.153932146689144,6.2025
2026-04-21,14,day_ahead_price,50.73986274405721,6.3325
2026-04-21,15,day_ahead_price,51.45715947322905,8.545
2026-04-21,16,day_ahead_price,63.2535363362224,17.424999500000002
2026-04-21,17,day_ahead_price,72.6169394605399,69.82999875
2026-04-21,18,day_ahead_price,94.55134567973332,102.64500050000001
2026-04-21,19,day_ahead_price,124.85362289420068,134.1100025
2026-04-21,20,day_ahead_price,131.01753058213149,144.7750015
2026-04-21,21,day_ahead_price,119.17052222684677,129.620001
2026-04-21,22,day_ahead_price,110.60791325548003,119.8449995
2026-04-21,23,day_ahead_price,96.03299185194611,111.87250125
2026-04-22,0,day_ahead_price,103.98988735518626,107.09500125
2026-04-22,1,day_ahead_price,101.47058705681728,104.1100005
2026-04-22,2,day_ahead_price,100.06425930189333,104.199999
2026-04-22,3,day_ahead_price,101.00264417394655,104.84750174999999
2026-04-22,4,day_ahead_price,100.36557910882453,109.692499
2026-04-22,5,day_ahead_price,110.64600451825626,121.23250225
2026-04-22,6,day_ahead_price,127.58554684314281,139.84249675
2026-04-22,7,day_ahead_price,140.77893342047585,134.7975005
2026-04-22,8,day_ahead_price,125.55699588300813,113.86500375
2026-04-22,9,day_ahead_price,100.94208372549043,79.86250125
2026-04-22,10,day_ahead_price,66.47235896513962,21.59750025
2026-04-22,11,day_ahead_price,46.85230256638032,0.095
2026-04-22,12,day_ahead_price,36.50462273302259,-0.0825
2026-04-22,13,day_ahead_price,31.151641165541776,-0.0825
2026-04-22,14,day_ahead_price,25.59506506954135,-1.0525
2026-04-22,15,day_ahead_price,36.09689362682,-0.2925
2026-04-22,16,day_ahead_price,40.45961265409346,0.8675
2026-04-22,17,day_ahead_price,61.81470695287859,57.40500025
2026-04-22,18,day_ahead_price,89.52565153805145,101.762501
2026-04-22,19,day_ahead_price,127.17702348124456,130.987503
2026-04-22,20,day_ahead_price,133.02454400314284,144.7625045
2026-04-22,21,day_ahead_price,121.12407251264239,121.61499975
2026-04-22,22,day_ahead_price,112.06704017270266,114.402502
2026-04-22,23,day_ahead_price,101.87761398019397,105.07749925
2026-04-23,0,day_ahead_price,98.74969480008617,100.13999925
2026-04-23,1,day_ahead_price,95.34331151992085,97.62500025
2026-04-23,2,day_ahead_price,93.76435543491137,96.73500075
2026-04-23,3,day_ahead_price,93.58495551344677,96.2075005
2026-04-23,4,day_ahead_price,95.92040009503084,95.85000025
2026-04-23,5,day_ahead_price,103.32644775535616,104.15999975
2026-04-23,6,day_ahead_price,119.45210098396137,119.0
2026-04-23,7,day_ahead_price,130.10148220152988,119.4000015
2026-04-23,8,day_ahead_price,107.57508493956976,109.697502
2026-04-23,9,day_ahead_price,74.72145808675819,64.82749975
2026-04-23,10,day_ahead_price,28.986198652533787,15.527499749999999
2026-04-23,11,day_ahead_price,3.5070723234806422,4.57
2026-04-23,12,day_ahead_price,-5.3287310142920035,1.65
2026-04-23,13,day_ahead_price,-16.889750868630856,0.175
2026-04-23,14,day_ahead_price,-16.617783451986085,-0.0075
2026-04-23,15,day_ahead_price,-4.261465262812138,-0.01
2026-04-23,16,day_ahead_price,4.4419556455059706,0.35000000000000003
2026-04-23,17,day_ahead_price,37.72799250126927,21.99000075
2026-04-23,18,day_ahead_price,105.83887096432986,93.57250049999999
2026-04-23,19,day_ahead_price,120.35784777846398,113.35249875
2026-04-23,20,day_ahead_price,125.25411430125082,121.2975005
2026-04-23,21,day_ahead_price,114.70562939449714,113.2999995
2026-04-23,22,day_ahead_price,103.9551815064453,102.47999925
2026-04-23,23,day_ahead_price,97.24347883169239,99.4574985
2026-04-24,0,day_ahead_price,94.21068690665726,102.45499825
2026-04-24,1,day_ahead_price,92.14798779003786,100.12999925
2026-04-24,2,day_ahead_price,91.63866811388262,100.70999925
2026-04-24,3,day_ahead_price,91.01711337937857,101.68999875
2026-04-24,4,day_ahead_price,91.92924775882024,105.272501
2026-04-24,5,day_ahead_price,98.55515709530998,109.8775005
2026-04-24,6,day_ahead_price,112.98432028358165,128.0
2026-04-24,7,day_ahead_price,119.8716351253875,137.98750475
2026-04-24,8,day_ahead_price,108.28838833127772,117.6849975
2026-04-24,9,day_ahead_price,89.10167046066421,80.90499675000001
2026-04-24,10,day_ahead_price,55.4696089802919,22.615
2026-04-24,11,day_ahead_price,25.801570589316043,5.1975
2026-04-24,12,day_ahead_price,4.375610879028073,2.1425
2026-04-24,13,day_ahead_price,-10.331300884132261,0.8125
2026-04-24,14,day_ahead_price,-9.403223203658783,0.05
2026-04-24,15,day_ahead_price,-12.260878570462026,0.0
2026-04-24,16,day_ahead_price,-22.409873006863165,0.0
2026-04-24,17,day_ahead_price,37.42300668650111,50.90750025
2026-04-24,18,day_ahead_price,92.70368092586284,104.81749825
2026-04-24,19,day_ahead_price,124.65337673749123,123.5150015
2026-04-24,20,day_ahead_price,131.91012155540778,131.53499975
2026-04-24,21,day_ahead_price,115.79031388885006,119.5300005
2026-04-24,22,day_ahead_price,107.34474975180854,105.85750225
2026-04-24,23,day_ahead_price,99.642377864305,96.9475005
2026-04-25,0,day_ahead_price,93.43706266610884,81.8575
2026-04-25,1,day_ahead_price,91.43082780305203,75.36000075
2026-04-25,2,day_ahead_price,91.94287660522778,70.750002
2026-04-25,3,day_ahead_price,92.17592360753795,60.6225005
2026-04-25,4,day_ahead_price,93.30381268074831,55.9975005
2026-04-25,5,day_ahead_price,98.7671054175107,54.1475
2026-04-25,6,day_ahead_price,106.64207004793639,51.64500025
2026-04-25,7,day_ahead_price,107.10284482882962,46.14
2026-04-25,8,day_ahead_price,101.28362770053778,19.35000025
2026-04-25,9,day_ahead_price,83.64151062830673,0.6224999999999999
2026-04-25,10,day_ahead_price,48.58585319528173,-1.3725
2026-04-25,11,day_ahead_price,31.563154605678434,-9.3725
2026-04-25,12,day_ahead_price,18.561875283265366,-20.0
2026-04-25,13,day_ahead_price,12.549169564953672,-31.2775
2026-04-25,14,day_ahead_price,10.687364276867442,-31.1700005
2026-04-25,15,day_ahead_price,6.086886726476848,-29.400000249999998
2026-04-25,16,day_ahead_price,24.8148685593509,-15.9975
2026-04-25,17,day_ahead_price,67.94427763377603,-0.9275
2026-04-25,18,day_ahead_price,107.22100498419414,5.375
2026-04-25,19,day_ahead_price,140.8970861555053,57.45500025
2026-04-25,20,day_ahead_price,145.94256906259363,75.420002
2026-04-25,21,day_ahead_price,125.52700423880667,72.00500124999999
2026-04-25,22,day_ahead_price,114.35012194900656,72.67749975000001
2026-04-25,23,day_ahead_price,113.88878541956491,69.9799995
2026-04-26,0,day_ahead_price,58.84033263577856,79.43999875
2026-04-26,1,day_ahead_price,60.132681219546754,83.595001
2026-04-26,2,day_ahead_price,61.758196810367664,87.0999985
2026-04-26,3,day_ahead_price,61.19904344980609,90.48749925
2026-04-26,4,day_ahead_price,63.06847357952498,94.15250025
2026-04-26,5,day_ahead_price,61.129644272684565,98.6399995
2026-04-26,6,day_ahead_price,56.54087149055705,94.1849995
2026-04-26,7,day_ahead_price,37.02155762310747,83.47000125
2026-04-26,8,day_ahead_price,19.063409679145707,55.03500175
2026-04-26,9,day_ahead_price,8.27634043472446,4.3525
2026-04-26,10,day_ahead_price,12.317340384675816,1.58
2026-04-26,11,day_ahead_price,-3.066890320784708,1.3075
2026-04-26,12,day_ahead_price,-17.773380892917373,0.515
2026-04-26,13,day_ahead_price,-27.07243309633492,0.19
2026-04-26,14,day_ahead_price,-50.58562113604603,0.0
2026-04-26,15,day_ahead_price,-95.5967167731815,0.005
2026-04-26,16,day_ahead_price,-143.7742856527363,1.605
2026-04-26,17,day_ahead_price,-133.67120656054658,12.46749975
2026-04-26,18,day_ahead_price,-12.211821816482399,113.097496
2026-04-26,19,day_ahead_price,38.162229865537455,150.28749825
2026-04-26,20,day_ahead_price,68.7980420702639,157.814995
2026-04-26,21,day_ahead_price,71.53067119579737,140.652504
2026-04-26,22,day_ahead_price,61.56647098208061,126.4075015
2026-04-26,23,day_ahead_price,71.13979422386365,122.87500025
2026-04-27,0,day_ahead_price,121.40175804856395,118.44750025
2026-04-27,1,day_ahead_price,116.61752662931815,113.02999875
2026-04-27,2,day_ahead_price,114.10824059442412,112.710001
2026-04-27,3,day_ahead_price,114.32763300267534,112.82499875
2026-04-27,4,day_ahead_price,118.86036383442007,116.73999975
2026-04-27,5,day_ahead_price,130.10896254272217,125.66749575
2026-04-27,6,day_ahead_price,149.89335364694176,165.56749725
2026-04-27,7,day_ahead_price,171.91882768685554,153.6900045
2026-04-27,8,day_ahead_price,145.60037669254802,126.949999
2026-04-27,9,day_ahead_price,115.5444229987757,98.675001
2026-04-27,10,day_ahead_price,94.95556593007515,74.7250025
2026-04-27,11,day_ahead_price,75.46832568488156,23.049999749999998
2026-04-27,12,day_ahead_price,61.86459517816986,18.51749975
2026-04-27,13,day_ahead_price,56.6348821447669,14.9975
2026-04-27,14,day_ahead_price,53.80899299948342,16.895
2026-04-27,15,day_ahead_price,52.550331127461234,18.4350005
2026-04-27,16,day_ahead_price,82.79958196001847,68.66500024999999
2026-04-27,17,day_ahead_price,125.28379106644441,107.1849995
2026-04-27,18,day_ahead_price,150.3247470861867,129.852499
2026-04-27,19,day_ahead_price,168.7010903045693,172.29999924999998
2026-04-27,20,day_ahead_price,167.56808438557513,188.11750025
2026-04-27,21,day_ahead_price,159.01569386601201,148.45999899999998
2026-04-27,22,day_ahead_price,141.84919791571699,125.64750099999999
2026-04-27,23,day_ahead_price,117.48772729869327,115.2024995
2026-04-28,0,day_ahead_price,107.36297033415349,112.66000175
2026-04-28,1,day_ahead_price,103.52911316947659,106.90250225
2026-04-28,2,day_ahead_price,104.05288362326274,102.9799995
2026-04-28,3,day_ahead_price,103.74358626693487,102.83
2026-04-28,4,day_ahead_price,108.1639484140237,105.2775
2026-04-28,5,day_ahead_price,117.46458854902983,111.834999
2026-04-28,6,day_ahead_price,144.12141303626146,122.1000005
2026-04-28,7,day_ahead_price,158.96263832431413,121.42999825000001
2026-04-28,8,day_ahead_price,153.88120021515584,112.31500075
2026-04-28,9,day_ahead_price,129.8747217580722,79.77750025
2026-04-28,10,day_ahead_price,83.49727625448074,31.99750075
2026-04-28,11,day_ahead_price,41.007631839634385,14.54000025
2026-04-28,12,day_ahead_price,43.72425727783248,12.825
2026-04-28,13,day_ahead_price,21.150838072039292,11.19
2026-04-28,14,day_ahead_price,38.10373331571555,6.8325000000000005
2026-04-28,15,day_ahead_price,47.09706192161065,7.865
2026-04-28,16,day_ahead_price,70.33751274652138,10.0
2026-04-28,17,day_ahead_price,102.88667794982251,36.0125
2026-04-28,18,day_ahead_price,143.47339851419105,90.1000005
2026-04-28,19,day_ahead_price,168.41309101319573,117.3999995
2026-04-28,20,day_ahead_price,177.8397545646126,120.9725
2026-04-28,21,day_ahead_price,144.6785219477462,115.82750325
2026-04-28,22,day_ahead_price,126.02009778726506,111.29500025
2026-04-28,23,day_ahead_price,114.10737587043975,101.7700025
2026-04-29,0,day_ahead_price,93.978635305864,98.2074985
2026-04-29,1,day_ahead_price,92.44583245429631,96.72499875
2026-04-29,2,day_ahead_price,92.53353584498456,97.9175015
2026-04-29,3,day_ahead_price,93.92642281965128,98.52749825000001
2026-04-29,4,day_ahead_price,94.9415814928554,100.6500015
2026-04-29,5,day_ahead_price,99.61448226909914,107.90500075
2026-04-29,6,day_ahead_price,115.99171805484231,139.79749675
2026-04-29,7,day_ahead_price,122.13275070623284,126.847498
2026-04-29,8,day_ahead_price,116.19557198707471,112.36499975000001
2026-04-29,9,day_ahead_price,97.67414802470024,72.8724995
2026-04-29,10,day_ahead_price,67.63867712279014,22.7925
2026-04-29,11,day_ahead_price,19.54056092978245,4.5225
2026-04-29,12,day_ahead_price,-1.3293835179932785,-6.35
2026-04-29,13,day_ahead_price,1.2929050906755464,-9.16
2026-04-29,14,day_ahead_price,-7.650939260047124,-9.9375
2026-04-29,15,day_ahead_price,-10.336237007298237,-15.8125
2026-04-29,16,day_ahead_price,17.195763078296068,-6.6775
2026-04-29,17,day_ahead_price,65.74071812243378,21.33500025
2026-04-29,18,day_ahead_price,119.49547358610373,91.11749925000001
2026-04-29,19,day_ahead_price,161.69803146463718,125.72750075
2026-04-29,20,day_ahead_price,157.43687546049392,145.785
2026-04-29,21,day_ahead_price,127.29878926067505,129.95250125
2026-04-29,22,day_ahead_price,116.11725818469594,115.65750125
2026-04-29,23,day_ahead_price,104.95428139110508,105.0975
2026-04-30,0,day_ahead_price,101.20667995072552,98.97250174999999
2026-04-30,1,day_ahead_price,97.55610795986573,98.3125
2026-04-30,2,day_ahead_price,95.81955824484851,96.80000125000001
2026-04-30,3,day_ahead_price,95.74871243076164,93.89500025000001
2026-04-30,4,day_ahead_price,97.10974535799807,93.90749925
2026-04-30,5,day_ahead_price,105.53205485142028,102.18999875
2026-04-30,6,day_ahead_price,124.8780155037007,134.41750324999998
2026-04-30,7,day_ahead_price,126.93401462179376,119.19999899999999
2026-04-30,8,day_ahead_price,109.39909054353389,96.21749875
2026-04-30,9,day_ahead_price,43.13761821104757,46.67499975
2026-04-30,10,day_ahead_price,23.9029282760806,5.1125
2026-04-30,11,day_ahead_price,12.94357447349634,1.1199999999999999
2026-04-30,12,day_ahead_price,11.628547960598297,-1.9825
2026-04-30,13,day_ahead_price,-20.61362616326386,-13.899999999999999
2026-04-30,14,day_ahead_price,-13.829608388034941,-15.997499999999999
2026-04-30,15,day_ahead_price,-13.021245644235023,-9.27
2026-04-30,16,day_ahead_price,2.851921454474848,-0.0025
2026-04-30,17,day_ahead_price,19.85983700870038,20.5799995
2026-04-30,18,day_ahead_price,97.92562599287479,92.43000025
2026-04-30,19,day_ahead_price,103.42327480321998,139.0874995
2026-04-30,20,day_ahead_price,127.17597511356337,178.619999
2026-04-30,21,day_ahead_price,112.19635099377065,145.84000025
2026-04-30,22,day_ahead_price,108.2571651527184,118.91999799999999
2026-04-30,23,day_ahead_price,97.22956057434216,109.6075
2026-05-01,0,day_ahead_price,104.91905083355604,107.22750099999999
2026-05-01,1,day_ahead_price,101.37799762615857,103.085001
2026-05-01,2,day_ahead_price,100.85488865687968,101.384998
2026-05-01,3,day_ahead_price,100.05121613500572,99.24500075
2026-05-01,4,day_ahead_price,101.96710226624792,97.9800015
2026-05-01,5,day_ahead_price,110.09218633013508,97.49500075
2026-05-01,6,day_ahead_price,126.7885563196302,103.7675
2026-05-01,7,day_ahead_price,130.1230391957415,80.33999825000001
2026-05-01,8,day_ahead_price,114.30433120789213,35.825001
2026-05-01,9,day_ahead_price,71.11797310420332,3.2775
2026-05-01,10,day_ahead_price,29.387296402109016,0.475
2026-05-01,11,day_ahead_price,9.748805044796853,-0.07250000000000001
2026-05-01,12,day_ahead_price,7.428030636538878,-2.22
2026-05-01,13,day_ahead_price,11.04204291911477,-4.375
2026-05-01,14,day_ahead_price,-3.524746353122808,-6.7725
2026-05-01,15,day_ahead_price,-6.029582047652923,-5.53
2026-05-01,16,day_ahead_price,3.103121566865923,-1.4325
2026-05-01,17,day_ahead_price,41.33423440196161,5.985
2026-05-01,18,day_ahead_price,79.24566289375171,92.52999775
2026-05-01,19,day_ahead_price,105.66119566479634,154.19000225
2026-05-01,20,day_ahead_price,129.92841920076927,173.3250045
2026-05-01,21,day_ahead_price,114.87983232748445,142.95000275
2026-05-01,22,day_ahead_price,112.21585892555078,113.222498
2026-05-01,23,day_ahead_price,97.46245210784761,96.98249799999999
2026-05-02,0,day_ahead_price,92.73946132019096,117.42499925
2026-05-02,1,day_ahead_price,90.46207809170959,103.71249975
2026-05-02,2,day_ahead_price,88.44481053696464,99.477501
2026-05-02,3,day_ahead_price,87.4415570237537,93.33500125
2026-05-02,4,day_ahead_price,90.2058884728811,93.545
2026-05-02,5,day_ahead_price,90.37779950383455,93.69750025
2026-05-02,6,day_ahead_price,86.96826832430463,91.78000075
2026-05-02,7,day_ahead_price,77.45364309151765,78.01249874999999
2026-05-02,8,day_ahead_price,25.638632408908975,18.26999975
2026-05-02,9,day_ahead_price,-40.82847355841443,1.415
2026-05-02,10,day_ahead_price,-24.71203291663005,-0.52
2026-05-02,11,day_ahead_price,-17.192293239509127,-3.1875
2026-05-02,12,day_ahead_price,-20.090563882242577,-4.2825
2026-05-02,13,day_ahead_price,-31.423748589728646,-5.9525
2026-05-02,14,day_ahead_price,-31.540259253763907,-5.97
2026-05-02,15,day_ahead_price,-41.96502668362234,-3.9775
2026-05-02,16,day_ahead_price,-20.755463364650907,0.0325
2026-05-02,17,day_ahead_price,11.364005510671333,54.9449985
2026-05-02,18,day_ahead_price,48.66914395409603,127.1399995
2026-05-02,19,day_ahead_price,90.3157154121054,165.00000175
2026-05-02,20,day_ahead_price,114.17006808287462,195.45000075000002
2026-05-02,21,day_ahead_price,103.10403764186313,154.31999975
2026-05-02,22,day_ahead_price,86.80399840216265,139.960001
2026-05-02,23,day_ahead_price,83.44439529437636,123.865
2026-05-03,0,day_ahead_price,127.01595914220808,121.19500175
2026-05-03,1,day_ahead_price,115.82432333032725,116.03250125
2026-05-03,2,day_ahead_price,112.14577494234803,110.16250025
2026-05-03,3,day_ahead_price,111.02844739261371,108.477501
2026-05-03,4,day_ahead_price,115.07530588392983,106.29249974999999
2026-05-03,5,day_ahead_price,119.31770805768782,107.07250025
2026-05-03,6,day_ahead_price,120.8061786266293,101.70000075
2026-05-03,7,day_ahead_price,111.34183120885127,85.6099995
2026-05-03,8,day_ahead_price,85.02851857049627,79.08250050000001
2026-05-03,9,day_ahead_price,42.88323562175157,46.38249975
2026-05-03,10,day_ahead_price,19.991832582051856,26.57999925
2026-05-03,11,day_ahead_price,-4.125831947330894,26.494999999999997
2026-05-03,12,day_ahead_price,-19.84785242130154,29.10249975
2026-05-03,13,day_ahead_price,-28.920945853340186,33.1475005
2026-05-03,14,day_ahead_price,-23.89672448717343,39.9974995
2026-05-03,15,day_ahead_price,-44.08359688678557,45.007501500000004
2026-05-03,16,day_ahead_price,-31.905493521503402,61.555000250000006
2026-05-03,17,day_ahead_price,29.039445005734436,82.70750175
2026-05-03,18,day_ahead_price,92.49555126025618,120.57249825
2026-05-03,19,day_ahead_price,101.14418282468507,134.79499825
2026-05-03,20,day_ahead_price,129.59205681194956,140.869999
2026-05-03,21,day_ahead_price,115.96416144474946,137.3099975
2026-05-03,22,day_ahead_price,109.42322035626039,130.3775025
2026-05-03,23,day_ahead_price,101.83992631288058,121.115
2026-05-04,0,day_ahead_price,113.92677196320898,117.3550015
2026-05-04,1,day_ahead_price,111.12398883537395,108.40999975
2026-05-04,2,day_ahead_price,109.1930655688049,110.5575005
2026-05-04,3,day_ahead_price,107.19674861048327,106.34749975
2026-05-04,4,day_ahead_price,109.10720605110232,109.90749925
2026-05-04,5,day_ahead_price,111.33938836039405,127.4175015
2026-05-04,6,day_ahead_price,128.91597118226932,147.77000025
2026-05-04,7,day_ahead_price,132.74334843382303,151.267498
2026-05-04,8,day_ahead_price,127.67087246197538,134.60249925
2026-05-04,9,day_ahead_price,106.50049447111643,113.625002
2026-05-04,10,day_ahead_price,69.33821763226021,99.9900015
2026-05-04,11,day_ahead_price,41.00095389920991,93.0949995
2026-05-04,12,day_ahead_price,41.57959523228335,75.06500025
2026-05-04,13,day_ahead_price,33.24115418404335,69.4075015
2026-05-04,14,day_ahead_price,29.519724892092277,81.0775015
2026-05-04,15,day_ahead_price,46.555839536474984,94.0024985
2026-05-04,16,day_ahead_price,67.94267229732533,107.9675005
2026-05-04,17,day_ahead_price,103.0916557047428,115.49749750000001
2026-05-04,18,day_ahead_price,139.35343162479023,124.22000125
2026-05-04,19,day_ahead_price,181.1527027991265,197.88750075
2026-05-04,20,day_ahead_price,194.60945037983294,218.175003
2026-05-04,21,day_ahead_price,158.310898991007,186.01499925000002
2026-05-04,22,day_ahead_price,152.5946493255152,153.04500225
2026-05-04,23,day_ahead_price,150.1145103427055,135.75749775
2026-05-05,0,day_ahead_price,133.98930721330998,131.3599985
2026-05-05,1,day_ahead_price,124.41250532408486,126.20000075
2026-05-05,2,day_ahead_price,121.48734441278052,122.10999875
2026-05-05,3,day_ahead_price,116.77545591212731,122.04499975
2026-05-05,4,day_ahead_price,116.34020838577938,123.89999925000001
2026-05-05,5,day_ahead_price,120.18549560655404,131.49499699999998
2026-05-05,6,day_ahead_price,143.7182653426525,156.42499924999998
2026-05-05,7,day_ahead_price,144.87973810394885,160.76499925000002
2026-05-05,8,day_ahead_price,124.16605590612686,147.23249825
2026-05-05,9,day_ahead_price,101.74430700309715,129.61000074999998
2026-05-05,10,day_ahead_price,78.1388985550895,114.12000075
2026-05-05,11,day_ahead_price,56.046618074432075,108.25749975
2026-05-05,12,day_ahead_price,52.7582752216913,99.09250075
2026-05-05,13,day_ahead_price,49.431594727282615,98.0550005
2026-05-05,14,day_ahead_price,52.110406288954685,97.74500075
2026-05-05,15,day_ahead_price,60.67218721396253,105.990002
2026-05-05,16,day_ahead_price,74.25397170872476,111.977499
2026-05-05,17,day_ahead_price,95.87181653367914,128.67000000000002
2026-05-05,18,day_ahead_price,129.1204284118498,144.0025025
2026-05-05,19,day_ahead_price,149.31940307209754,161.78499975
2026-05-05,20,day_ahead_price,165.09566593928074,160.95000425
2026-05-05,21,day_ahead_price,139.558167634188,147.00000375
2026-05-05,22,day_ahead_price,120.67396504547266,132.745001
2026-05-05,23,day_ahead_price,103.9396070908532,115.29249975
2026-05-06,0,day_ahead_price,107.78167828402282,120.03499975
2026-05-06,1,day_ahead_price,105.71027855262409,114.22999975
2026-05-06,2,day_ahead_price,104.19960441290829,113.16500075
2026-05-06,3,day_ahead_price,102.20923685302041,112.995001
2026-05-06,4,day_ahead_price,101.75186147527316,113.34000025
2026-05-06,5,day_ahead_price,103.19551652412039,118.2249985
2026-05-06,6,day_ahead_price,112.62334847153016,131.13999725
2026-05-06,7,day_ahead_price,120.84498143375002,142.45000075000002
2026-05-06,8,day_ahead_price,118.16783059623954,141.5499955
2026-05-06,9,day_ahead_price,104.17102933313147,121.3050005
2026-05-06,10,day_ahead_price,88.06293327358627,108.79999925
2026-05-06,11,day_ahead_price,71.92007930081711,104.12000075
2026-05-06,12,day_ahead_price,59.711398832832536,100.09250075
2026-05-06,13,day_ahead_price,61.04253143300744,89.340002
2026-05-06,14,day_ahead_price,63.116599787574806,91.329998
2026-05-06,15,day_ahead_price,79.11456444708402,103.125002
2026-05-06,16,day_ahead_price,87.49570013871376,112.66250025000001
2026-05-06,17,day_ahead_price,100.82945850523599,125.05249950000001
2026-05-06,18,day_ahead_price,109.21659067586675,137.91
2026-05-06,19,day_ahead_price,129.54919589753734,154.60499975
2026-05-06,20,day_ahead_price,133.66951530566467,156.91500075
2026-05-06,21,day_ahead_price,130.04585037024884,154.6100005
2026-05-06,22,day_ahead_price,115.85908047527604,143.4124985
2026-05-06,23,day_ahead_price,105.92266428436828,128.25999825
2026-05-07,0,day_ahead_price,124.52326818202141,125.1525
2026-05-07,1,day_ahead_price,116.01003728191093,116.4850005
2026-05-07,2,day_ahead_price,112.94617920152254,115.2575015
2026-05-07,3,day_ahead_price,109.88035956636797,116.48999975
2026-05-07,4,day_ahead_price,108.9060252368477,119.13749874999999
2026-05-07,5,day_ahead_price,113.63347262291254,126.87500399999999
2026-05-07,6,day_ahead_price,130.556293035612,150.99999975
2026-05-07,7,day_ahead_price,133.73579615555332,167.2924995
2026-05-07,8,day_ahead_price,130.945173501253,155.59249525
2026-05-07,9,day_ahead_price,118.5035907728258,136.41
2026-05-07,10,day_ahead_price,106.0629432145998,120.1324995
2026-05-07,11,day_ahead_price,87.83349859502307,113.52499775
2026-05-07,12,day_ahead_price,80.54585144271725,103.9224985
2026-05-07,13,day_ahead_price,80.19896604129491,101.915001
2026-05-07,14,day_ahead_price,79.30284371360058,101.72999949999999
2026-05-07,15,day_ahead_price,85.91321568574058,107.4449995
2026-05-07,16,day_ahead_price,99.8091033366753,117.9974995
2026-05-07,17,day_ahead_price,106.343139148005,132.5599995
2026-05-07,18,day_ahead_price,115.48398877295848,148.704998
2026-05-07,19,day_ahead_price,138.80397977414427,185.4850005
2026-05-07,20,day_ahead_price,154.71654834523696,217.4925005
2026-05-07,21,day_ahead_price,142.72319086301624,182.71500025
2026-05-07,22,day_ahead_price,125.54591414845143,154.4350015
2026-05-07,23,day_ahead_price,116.10834222606327,142.75749975
2026-05-08,0,day_ahead_price,131.9076818829206,130.34249875
2026-05-08,1,day_ahead_price,125.6268159287604,120.659998
2026-05-08,2,day_ahead_price,123.83958266869564,118.21499800000001
2026-05-08,3,day_ahead_price,120.45838833840887,116.97749875
2026-05-08,4,day_ahead_price,120.30917788125385,118.56500025
2026-05-08,5,day_ahead_price,123.98161156207992,126.1849995
2026-05-08,6,day_ahead_price,137.73765965166646,141.47000125
2026-05-08,7,day_ahead_price,144.22202787690105,147.02749649999998
2026-05-08,8,day_ahead_price,151.12080585069705,137.39999775
2026-05-08,9,day_ahead_price,133.62993914522622,115.24749975
2026-05-08,10,day_ahead_price,120.92795205710209,97.7475015
2026-05-08,11,day_ahead_price,104.88326754858875,75.8100005
2026-05-08,12,day_ahead_price,94.64150454020717,65.37
2026-05-08,13,day_ahead_price,105.7725413444106,58.7075015
2026-05-08,14,day_ahead_price,107.6786441320053,64.33999925
2026-05-08,15,day_ahead_price,113.25526999875612,79.63999925
2026-05-08,16,day_ahead_price,115.18946146930278,94.0625
2026-05-08,17,day_ahead_price,125.31123658026557,107.55500025
2026-05-08,18,day_ahead_price,125.83353024571464,127.81499875
2026-05-08,19,day_ahead_price,155.64021370071066,143.54249950000002
2026-05-08,20,day_ahead_price,159.31735144685697,148.87249775
2026-05-08,21,day_ahead_price,151.37368988694791,138.90000325
2026-05-08,22,day_ahead_price,128.38619065474973,127.50249875
2026-05-08,23,day_ahead_price,121.20889211824073,119.1399995
2026-05-09,0,day_ahead_price,109.4564921007115,127.692501
2026-05-09,1,day_ahead_price,106.06207196448764,123.40750125
2026-05-09,2,day_ahead_price,103.90373115892588,123.47999949999999
2026-05-09,3,day_ahead_price,101.75530271230996,124.35249875
2026-05-09,4,day_ahead_price,100.69301146201329,125.7374995
2026-05-09,5,day_ahead_price,103.19963347589848,126.4525015
2026-05-09,6,day_ahead_price,102.27476088411035,127.522499
2026-05-09,7,day_ahead_price,96.53009493880933,118.67
2026-05-09,8,day_ahead_price,97.69083846645484,107.67250250000001
2026-05-09,9,day_ahead_price,93.25568351434357,68.3075
2026-05-09,10,day_ahead_price,80.20940077497248,12.69749975
2026-05-09,11,day_ahead_price,66.06005414592528,4.7575
2026-05-09,12,day_ahead_price,60.69479503624103,3.2800000000000002
2026-05-09,13,day_ahead_price,57.499960000806674,2.585
2026-05-09,14,day_ahead_price,61.27981493242576,2.75
2026-05-09,15,day_ahead_price,70.56798207309794,3.175
2026-05-09,16,day_ahead_price,81.77039341554993,27.715000000000003
2026-05-09,17,day_ahead_price,88.10891555564267,93.6900015
2026-05-09,18,day_ahead_price,111.52206792402002,123.1899985
2026-05-09,19,day_ahead_price,139.38394805591355,138.5075035
2026-05-09,20,day_ahead_price,155.78766116111115,146.965
2026-05-09,21,day_ahead_price,137.27666342900002,143.4850005
2026-05-09,22,day_ahead_price,124.57328079590627,136.299999
2026-05-09,23,day_ahead_price,114.15309853101213,127.08749975
2026-05-10,0,day_ahead_price,121.70004502215072,128.09250075
2026-05-10,1,day_ahead_price,116.11711747209044,125.44750025
2026-05-10,2,day_ahead_price,111.96049970387664,125.432501
2026-05-10,3,day_ahead_price,111.33717543330482,123.48249824999999
2026-05-10,4,day_ahead_price,114.08355426804223,124.1975005
2026-05-10,5,day_ahead_price,121.11405640496614,123.94000075
2026-05-10,6,day_ahead_price,127.9058379446854,115.14000125
2026-05-10,7,day_ahead_price,115.20675463060567,101.16749949999999
2026-05-10,8,day_ahead_price,101.47128203275025,70.83499975
2026-05-10,9,day_ahead_price,82.01567083103964,24.55749975
2026-05-10,10,day_ahead_price,53.69364307191101,19.99750025
2026-05-10,11,day_ahead_price,39.397748113933176,13.9125
2026-05-10,12,day_ahead_price,37.431217409748236,10.045
2026-05-10,13,day_ahead_price,36.508094450874836,6.154999999999999
2026-05-10,14,day_ahead_price,30.96657469762765,4.855
2026-05-10,15,day_ahead_price,36.24335047835914,3.8825
2026-05-10,16,day_ahead_price,68.34257685606443,5.342499999999999
2026-05-10,17,day_ahead_price,94.35808373916863,71.005
2026-05-10,18,day_ahead_price,120.20289882816702,110.94249925
2026-05-10,19,day_ahead_price,142.79226897167402,122.00000175
2026-05-10,20,day_ahead_price,150.74607995266538,129.31749925
2026-05-10,21,day_ahead_price,136.04613398508238,128.5149995
2026-05-10,22,day_ahead_price,121.5227816779354,124.14000125
2026-05-10,23,day_ahead_price,118.0629732144196,119.8374995
2026-05-11,0,day_ahead_price,116.12048697127385,118.78500174999999
2026-05-11,1,day_ahead_price,109.88358048481963,112.334999
2026-05-11,2,day_ahead_price,109.29913461184739,110.42749975
2026-05-11,3,day_ahead_price,109.16299152452214,112.65749925
2026-05-11,4,day_ahead_price,113.72137381467317,113.09249875
2026-05-11,5,day_ahead_price,120.2134433664711,122.13750075
2026-05-11,6,day_ahead_price,139.09353347082697,136.47499825
2026-05-11,7,day_ahead_price,139.49836687509264,154.047497
2026-05-11,8,day_ahead_price,128.34408330167955,150.01250075000002
2026-05-11,9,day_ahead_price,101.66101230729885,136.79999899999999
2026-05-11,10,day_ahead_price,66.8012566868339,126.3075005
2026-05-11,11,day_ahead_price,44.67983071855326,113.43250075
2026-05-11,12,day_ahead_price,32.43866158614702,105.48500075
2026-05-11,13,day_ahead_price,38.389056051356675,98.78000075
2026-05-11,14,day_ahead_price,42.5740217482522,96.03250125
2026-05-11,15,day_ahead_price,47.22630933505334,96.28000075
2026-05-11,16,day_ahead_price,53.4126738554015,100.49
2026-05-11,17,day_ahead_price,81.06683941874608,116.30250175
2026-05-11,18,day_ahead_price,121.93688639471296,122.97999775
2026-05-11,19,day_ahead_price,148.17940125448385,130.71750075
2026-05-11,20,day_ahead_price,163.46345222153732,131.119999
2026-05-11,21,day_ahead_price,145.33862961864025,127.872503
2026-05-11,22,day_ahead_price,123.81061842181171,120.7650015
2026-05-11,23,day_ahead_price,115.9070015668261,108.95249925
2026-05-12,0,day_ahead_price,107.10067696332646,99.14250025
2026-05-12,1,day_ahead_price,102.63347767808806,95.2749995
2026-05-12,2,day_ahead_price,101.50784684860919,91.73999775
2026-05-12,3,day_ahead_price,98.41790597503478,89.89749925
2026-05-12,4,day_ahead_price,97.42847015206294,91.375
2026-05-12,5,day_ahead_price,103.50592990224239,94.00250075
2026-05-12,6,day_ahead_price,112.76560937503127,111.26250075
2026-05-12,7,day_ahead_price,122.45092655021575,122.5750005
2026-05-12,8,day_ahead_price,121.44537965522757,112.23999975000001
2026-05-12,9,day_ahead_price,114.24434642615795,94.074999
2026-05-12,10,day_ahead_price,102.33949991502453,79.55749875000001
2026-05-12,11,day_ahead_price,89.97986357636884,63.53500075
2026-05-12,12,day_ahead_price,71.99228646579331,45.91
2026-05-12,13,day_ahead_price,61.887170488498334,27.33000025
2026-05-12,14,day_ahead_price,62.809121686616876,25.500000749999998
2026-05-12,15,day_ahead_price,70.49243982773855,45.28249925
2026-05-12,16,day_ahead_price,85.02247348974956,74.40500075
2026-05-12,17,day_ahead_price,97.81649588187577,96.00000175
2026-05-12,18,day_ahead_price,114.65394554483005,114.879999
2026-05-12,19,day_ahead_price,139.59648446854177,136.27749825
2026-05-12,20,day_ahead_price,127.23086359628397,142.98499675
2026-05-12,21,day_ahead_price,112.93913210175232,142.7425005
2026-05-12,22,day_ahead_price,104.5242113974508,131.2250005
2026-05-12,23,day_ahead_price,92.78187937100343,118.34499925
2026-05-13,0,day_ahead_price,119.25951559774185,114.33000175000001
2026-05-13,1,day_ahead_price,114.67907588357915,106.217501
2026-05-13,2,day_ahead_price,111.80746035345362,104.3575
2026-05-13,3,day_ahead_price,109.83654957784641,107.43499925
2026-05-13,4,day_ahead_price,110.27491193633024,111.19499775
2026-05-13,5,day_ahead_price,117.67651290321541,119.99999975
2026-05-13,6,day_ahead_price,144.2487841196686,137.182499
2026-05-13,7,day_ahead_price,165.20441896536528,141.1224975
2026-05-13,8,day_ahead_price,149.33486811895608,126.70000075
2026-05-13,9,day_ahead_price,112.66938811792892,104.43499750000001
2026-05-13,10,day_ahead_price,84.52513283965264,95.79500025
2026-05-13,11,day_ahead_price,62.56541928791543,92.77499975
2026-05-13,12,day_ahead_price,58.152363565060014,82.45249925
2026-05-13,13,day_ahead_price,51.2134393945314,82.334999
2026-05-13,14,day_ahead_price,51.95685641263986,77.08250050000001
2026-05-13,15,day_ahead_price,55.573087266568805,83.27249925
2026-05-13,16,day_ahead_price,61.029407336974366,92.37499825
2026-05-13,17,day_ahead_price,83.35491317445948,112.60250075
2026-05-13,18,day_ahead_price,111.43539870943826,132.35500125
2026-05-13,19,day_ahead_price,116.72709014112867,151.49250025
2026-05-13,20,day_ahead_price,132.4817955045262,171.267498
2026-05-13,21,day_ahead_price,122.22685085875942,160.04500174999998
2026-05-13,22,day_ahead_price,109.71567119845216,142.20500175
2026-05-13,23,day_ahead_price,98.76120485784081,123.09499925
2026-05-14,0,day_ahead_price,119.49627982869396,130.54000274999999
2026-05-14,1,day_ahead_price,114.41742210863606,121.75000025
2026-05-14,2,day_ahead_price,110.3570085952725,119.22500025
2026-05-14,3,day_ahead_price,105.75725196141376,115.63750075
2026-05-14,4,day_ahead_price,107.48861340744766,112.91750175
2026-05-14,5,day_ahead_price,111.29614565271437,112.04500025
2026-05-14,6,day_ahead_price,120.91359451809203,111.40499875
2026-05-14,7,day_ahead_price,130.89509381301065,108.09000025
2026-05-14,8,day_ahead_price,121.62729037327368,99.25750175
2026-05-14,9,day_ahead_price,95.53295451308854,85.15000075
2026-05-14,10,day_ahead_price,75.65908472033566,58.6425
2026-05-14,11,day_ahead_price,50.10235628537476,35.5675005
2026-05-14,12,day_ahead_price,55.67588203742794,16.05500025
2026-05-14,13,day_ahead_price,51.51918354138217,7.5525
2026-05-14,14,day_ahead_price,54.400676692954164,5.0575
2026-05-14,15,day_ahead_price,63.39704503403843,17.8475
2026-05-14,16,day_ahead_price,65.8741616364458,66.9125
2026-05-14,17,day_ahead_price,83.53987124622692,94.76
2026-05-14,18,day_ahead_price,105.39115889743586,126.0
2026-05-14,19,day_ahead_price,124.09930955945858,141.09750375
2026-05-14,20,day_ahead_price,131.36936420936055,150.4474985
2026-05-14,21,day_ahead_price,121.80832775263082,152.0024985
2026-05-14,22,day_ahead_price,111.5691097371461,147.227497
2026-05-14,23,day_ahead_price,103.5171203559034,130.267498
2026-05-15,0,day_ahead_price,134.34151852764535,131.39999775
2026-05-15,1,day_ahead_price,124.09046508419208,125.6100005
2026-05-15,2,day_ahead_price,121.16363875324522,124.864998
2026-05-15,3,day_ahead_price,119.6602111799573,119.5599995
2026-05-15,4,day_ahead_price,122.93919956054495,114.5300005
2026-05-15,5,day_ahead_price,129.44837470709817,116.897499
2026-05-15,6,day_ahead_price,141.19355775668203,126.3100015
2026-05-15,7,day_ahead_price,146.52397924048543,125.007498
2026-05-15,8,day_ahead_price,139.2579913326228,123.40499875
2026-05-15,9,day_ahead_price,112.13818513564556,104.540001
2026-05-15,10,day_ahead_price,86.06589504557279,81.78250125
2026-05-15,11,day_ahead_price,70.05643445188527,66.81750025
2026-05-15,12,day_ahead_price,54.85585433293492,54.30249875
2026-05-15,13,day_ahead_price,47.50760386174692,40.3225005
2026-05-15,14,day_ahead_price,52.87300464087464,40.14750025
2026-05-15,15,day_ahead_price,60.176785693312,51.0024995
2026-05-15,16,day_ahead_price,73.19094091991681,77.31999875
2026-05-15,17,day_ahead_price,98.99108756725506,105.04749875
2026-05-15,18,day_ahead_price,127.34030492872454,125.04249949999999
2026-05-15,19,day_ahead_price,144.35252262588256,137.949997
2026-05-15,20,day_ahead_price,157.15668448696795,145.87499625
2026-05-15,21,day_ahead_price,141.23648803721295,149.13250324999998
2026-05-15,22,day_ahead_price,133.3037011323227,144.685005
2026-05-15,23,day_ahead_price,115.53901261274719,135.512501
2026-05-16,0,day_ahead_price,129.7632405714483,130.00000175
2026-05-16,1,day_ahead_price,124.19524566265261,121.78750025
2026-05-16,2,day_ahead_price,121.0241302829597,117.562498
2026-05-16,3,day_ahead_price,119.8091973684889,116.00249825
2026-05-16,4,day_ahead_price,119.01173173843354,114.02000225
2026-05-16,5,day_ahead_price,120.34078164744906,109.34250075
2026-05-16,6,day_ahead_price,120.27078320504337,105.70750025
2026-05-16,7,day_ahead_price,113.6502406044605,100.045
2026-05-16,8,day_ahead_price,108.11383009898468,86.95249949999999
2026-05-16,9,day_ahead_price,89.5773873849476,49.52750125
2026-05-16,10,day_ahead_price,83.26567600153109,37.42
2026-05-16,11,day_ahead_price,76.08046010359999,20.150000249999998
2026-05-16,12,day_ahead_price,62.310109451331286,16.36249975
2026-05-16,13,day_ahead_price,53.1330657587872,11.99999975
2026-05-16,14,day_ahead_price,50.17534294088632,7.0325
2026-05-16,15,day_ahead_price,67.4339358806679,9.1975
2026-05-16,16,day_ahead_price,75.93376088210051,10.00000025
2026-05-16,17,day_ahead_price,98.35691502380391,60.09250125
2026-05-16,18,day_ahead_price,120.96575774729882,100.222498
2026-05-16,19,day_ahead_price,184.98405076289288,126.4699995
2026-05-16,20,day_ahead_price,178.13718536929073,139.99750125
2026-05-16,21,day_ahead_price,180.16888553422203,140.60749850000002
2026-05-16,22,day_ahead_price,162.96557535464527,135.98999775
2026-05-16,23,day_ahead_price,137.90358618161054,126.380001
2026-05-17,0,day_ahead_price,121.86984320501536,127.71750075
2026-05-17,1,day_ahead_price,118.61638495285072,119.0625
2026-05-17,2,day_ahead_price,116.88795865001859,115.56500025
2026-05-17,3,day_ahead_price,117.01088465366252,113.89749925
2026-05-17,4,day_ahead_price,117.76886502967332,109.17
2026-05-17,5,day_ahead_price,121.24188633226595,105.44500174999999
2026-05-17,6,day_ahead_price,121.75932637876096,98.7924975
2026-05-17,7,day_ahead_price,109.53130059357227,80.795
2026-05-17,8,day_ahead_price,94.61228853244708,53.8425005
2026-05-17,9,day_ahead_price,48.42512973355865,21.512500499999998
2026-05-17,10,day_ahead_price,55.85323779427081,12.1275
2026-05-17,11,day_ahead_price,41.698458625535594,8.035
2026-05-17,12,day_ahead_price,28.410283703730386,6.077500000000001
2026-05-17,13,day_ahead_price,21.99952219553863,5.1575
2026-05-17,14,day_ahead_price,12.613995555189298,5.2225
2026-05-17,15,day_ahead_price,4.842645858035965,14.7625
2026-05-17,16,day_ahead_price,24.93356824798927,52.4375005
2026-05-17,17,day_ahead_price,83.22234843980603,100.3149985
2026-05-17,18,day_ahead_price,110.81435671994656,129.387499
2026-05-17,19,day_ahead_price,128.38927358707144,143.06749725
2026-05-17,20,day_ahead_price,142.67083641802,155.800003
2026-05-17,21,day_ahead_price,143.008905013865,156.704998
2026-05-17,22,day_ahead_price,130.9021534562981,151.36750025
2026-05-17,23,day_ahead_price,118.86637619629973,142.5750045
2026-05-18,0,day_ahead_price,147.4715660578303,134.65750325
2026-05-18,1,day_ahead_price,136.15549419064354,125.97249975
2026-05-18,2,day_ahead_price,132.8130485473739,125.9974995
2026-05-18,3,day_ahead_price,130.96227935771913,126.39250175000001
2026-05-18,4,day_ahead_price,132.70273396669756,129.3599985
2026-05-18,5,day_ahead_price,137.13661807507924,137.022501
2026-05-18,6,day_ahead_price,146.33108531598594,152.51749825000002
2026-05-18,7,day_ahead_price,151.1283711665793,160.074997
2026-05-18,8,day_ahead_price,139.15939739260673,152.1049995
2026-05-18,9,day_ahead_price,120.82025079765523,125.8799975
2026-05-18,10,day_ahead_price,101.09702859234407,107.8500005
2026-05-18,11,day_ahead_price,99.24972847970746,100.05250000000001
2026-05-18,12,day_ahead_price,75.10276522687643,94.89500050000001
2026-05-18,13,day_ahead_price,65.19277178393025,94.97749875
2026-05-18,14,day_ahead_price,62.38227982752197,96.77000025
2026-05-18,15,day_ahead_price,67.89677577425063,102.40500075
2026-05-18,16,day_ahead_price,89.95993593593036,113.96499800000001
2026-05-18,17,day_ahead_price,111.2587470777132,134.0649985
2026-05-18,18,day_ahead_price,133.79043691780439,152.137501
2026-05-18,19,day_ahead_price,164.81438000182573,192.85250075
2026-05-18,20,day_ahead_price,164.0034038682727,250.89750275
2026-05-18,21,day_ahead_price,160.5363879732188,214.33750175
2026-05-18,22,day_ahead_price,162.11322497380294,160.6474995
2026-05-18,23,day_ahead_price,138.7652449102365,148.89500049999998
2026-05-19,0,day_ahead_price,147.794077302554,148.25250225
2026-05-19,1,day_ahead_price,137.7024439499828,141.9424975
2026-05-19,2,day_ahead_price,132.52158457056132,139.3224985
2026-05-19,3,day_ahead_price,128.74015820952656,138.54000075
2026-05-19,4,day_ahead_price,129.4764924044656,141.567497
2026-05-19,5,day_ahead_price,134.10382119838943,146.92000174999998
2026-05-19,6,day_ahead_price,143.09640590953012,164.460003
2026-05-19,7,day_ahead_price,155.1483591557175,153.772499
2026-05-19,8,day_ahead_price,117.62014995409902,131.85500150000001
2026-05-19,9,day_ahead_price,104.6525538059129,108.74250025
2026-05-19,10,day_ahead_price,93.76496200412663,94.2649995
2026-05-19,11,day_ahead_price,72.13513615528169,82.08499900000001
2026-05-19,12,day_ahead_price,63.16944841070472,73.1450005
2026-05-19,13,day_ahead_price,58.03660019954752,73.73750150000001
2026-05-19,14,day_ahead_price,62.08735347578137,79.81000125
2026-05-19,15,day_ahead_price,75.06862006641477,87.56999975
2026-05-19,16,day_ahead_price,97.54256772470865,102.24999975
2026-05-19,17,day_ahead_price,115.98818613870837,127.29249949999999
2026-05-19,18,day_ahead_price,140.27746711991782,144.95000449999998
2026-05-19,19,day_ahead_price,173.78849813838235,172.4850005
2026-05-19,20,day_ahead_price,165.77203395404234,180.90250025
2026-05-19,21,day_ahead_price,156.77185591160793,163.63000475
2026-05-19,22,day_ahead_price,137.81615054303893,145.54500174999998
2026-05-19,23,day_ahead_price,125.01899301549972,131.8025035
2026-05-20,0,day_ahead_price,131.7826602214504,123.72999949999999
2026-05-20,1,day_ahead_price,123.80670337803636,114.63500025
2026-05-20,2,day_ahead_price,120.22934610603858,109.7525005
2026-05-20,3,day_ahead_price,118.31270514303091,109.97250174999999
2026-05-20,4,day_ahead_price,119.56038187954778,110.4099995
2026-05-20,5,day_ahead_price,124.7151027558689,117.049999
2026-05-20,6,day_ahead_price,138.69318356307087,131.592501
2026-05-20,7,day_ahead_price,141.67890390577278,136.9749985
2026-05-20,8,day_ahead_price,132.8371564616988,125.51249874999999
2026-05-20,9,day_ahead_price,107.83359412873023,109.05999750000001
2026-05-20,10,day_ahead_price,85.54554110264655,89.699999
2026-05-20,11,day_ahead_price,79.61338575628338,75.462499
2026-05-20,12,day_ahead_price,73.32889766244286,64.005
2026-05-20,13,day_ahead_price,68.5912984603832,44.999999
2026-05-20,14,day_ahead_price,68.04917087325268,35.065
2026-05-20,15,day_ahead_price,74.93045570885711,45.67249975
2026-05-20,16,day_ahead_price,93.65205144705385,65.00999974999999
2026-05-20,17,day_ahead_price,122.50261446551279,99.397501
2026-05-20,18,day_ahead_price,140.12426811708374,130.2125015
2026-05-20,19,day_ahead_price,150.6022011893276,149.567501
2026-05-20,20,day_ahead_price,156.46428630750836,167.92249675
2026-05-20,21,day_ahead_price,146.1820377895028,165.0000035
2026-05-20,22,day_ahead_price,134.13131697006054,150.0200005
2026-05-20,23,day_ahead_price,112.10336854240019,139.0024985
2026-05-21,0,day_ahead_price,135.2226780353228,133.02750025
2026-05-21,1,day_ahead_price,127.33762178195448,121.66000175
2026-05-21,2,day_ahead_price,123.90177187207453,116.022501
2026-05-21,3,day_ahead_price,121.15964701683141,113.55000100000001
2026-05-21,4,day_ahead_price,119.20867274912399,116.01
2026-05-21,5,day_ahead_price,124.96786282481484,128.4050005
2026-05-21,6,day_ahead_price,137.1120380001209,142.815002
2026-05-21,7,day_ahead_price,138.5347556019923,143.61749650000002
2026-05-21,8,day_ahead_price,124.66687714595164,131.38750100000001
2026-05-21,9,day_ahead_price,100.92674830995118,104.13999925
2026-05-21,10,day_ahead_price,83.8481614274164,81.19750125
2026-05-21,11,day_ahead_price,66.91083863276786,42.75250075
2026-05-21,12,day_ahead_price,60.34620942275506,12.1375
2026-05-21,13,day_ahead_price,49.13937601899168,7.369999999999999
2026-05-21,14,day_ahead_price,46.319646905511085,8.8125
2026-05-21,15,day_ahead_price,52.01516027052848,35.20000075
2026-05-21,16,day_ahead_price,66.64568257376663,71.70750075
2026-05-21,17,day_ahead_price,101.86847108776085,104.99500075
2026-05-21,18,day_ahead_price,123.88712950698019,135.257494
2026-05-21,19,day_ahead_price,145.5356292912579,163.35499950000002
2026-05-21,20,day_ahead_price,161.0589387203487,200.142498
2026-05-21,21,day_ahead_price,164.49796045998096,188.4174995
2026-05-21,22,day_ahead_price,161.48851403001908,166.03499975
2026-05-21,23,day_ahead_price,138.0937840471042,146.392498
2026-05-22,0,day_ahead_price,142.22155724415808,144.31500225
2026-05-22,1,day_ahead_price,132.97070630088243,136.9000015
2026-05-22,2,day_ahead_price,130.19521224118117,131.63750075000002
2026-05-22,3,day_ahead_price,127.28537439228951,128.94999875
2026-05-22,4,day_ahead_price,126.19210033528762,131.49750125
2026-05-22,5,day_ahead_price,134.52017245824578,135.7175025
2026-05-22,6,day_ahead_price,143.79252320345415,144.3549995
2026-05-22,7,day_ahead_price,144.85768331418495,138.177498
2026-05-22,8,day_ahead_price,130.42277407484102,123.13499999999999
2026-05-22,9,day_ahead_price,102.05507394365239,91.8825015
2026-05-22,10,day_ahead_price,83.31206473575052,43.417500499999996
2026-05-22,11,day_ahead_price,63.41877308284749,13.6425
2026-05-22,12,day_ahead_price,54.75413443018582,4.890000000000001
2026-05-22,13,day_ahead_price,41.325795299418076,7.1274999999999995
2026-05-22,14,day_ahead_price,46.2521345870275,5.295
2026-05-22,15,day_ahead_price,56.4353292455485,20.5025005
2026-05-22,16,day_ahead_price,76.88076742398545,70.23999875
2026-05-22,17,day_ahead_price,110.59020818011639,104.19500149999999
2026-05-22,18,day_ahead_price,127.46543007045318,134.95000075000002
2026-05-22,19,day_ahead_price,178.51941001137465,161.22249975
2026-05-22,20,day_ahead_price,187.62510923241604,218.427498
2026-05-22,21,day_ahead_price,195.16648015860142,193.66250225
2026-05-22,22,day_ahead_price,183.84585966199342,154.63499825
2026-05-22,23,day_ahead_price,162.13933751416744,140.734997
2026-05-23,0,day_ahead_price,139.14808007675316,136.76000025
2026-05-23,1,day_ahead_price,131.12254831936588,129.99999975
2026-05-23,2,day_ahead_price,126.88718819883088,125.86750025
2026-05-23,3,day_ahead_price,124.56871206564588,120.1725005
2026-05-23,4,day_ahead_price,124.64097731475516,115.415001
2026-05-23,5,day_ahead_price,124.16663433143762,112.88499825
2026-05-23,6,day_ahead_price,120.74055081965628,112.56499875
2026-05-23,7,day_ahead_price,112.95908790775931,96.03749975
2026-05-23,8,day_ahead_price,73.05167232375888,49.86249975
2026-05-23,9,day_ahead_price,17.33454222170903,1.6
2026-05-23,10,day_ahead_price,7.863929425421162,-0.18
2026-05-23,11,day_ahead_price,12.173467958250114,-2.925
2026-05-23,12,day_ahead_price,-13.440129593075994,-3.83
2026-05-23,13,day_ahead_price,1.7530205163047725,-10.4475
2026-05-23,14,day_ahead_price,8.987739555250727,-8.5775
2026-05-23,15,day_ahead_price,-10.521375857008266,-2.7024999999999997
2026-05-23,16,day_ahead_price,46.50988963641755,-0.28750000000000003
2026-05-23,17,day_ahead_price,57.28647405141852,44.44749875
2026-05-23,18,day_ahead_price,117.48452593935657,112.82000175
2026-05-23,19,day_ahead_price,107.28023758942803,138.835003
2026-05-23,20,day_ahead_price,151.23210061982047,163.07500075000002
2026-05-23,21,day_ahead_price,141.05343211270292,171.06499875
2026-05-23,22,day_ahead_price,129.94432149484618,151.50500125
2026-05-23,23,day_ahead_price,129.05234172293666,138.19250075
2026-05-24,0,day_ahead_price,135.59884268815506,136.300003
2026-05-24,1,day_ahead_price,128.90834298225275,132.99750125
2026-05-24,2,day_ahead_price,124.77559863826438,128.18250075
2026-05-24,3,day_ahead_price,123.63359591804195,124.6500015
2026-05-24,4,day_ahead_price,122.9061541335792,122.7425005
2026-05-24,5,day_ahead_price,125.25464658517105,117.72250174999999
2026-05-24,6,day_ahead_price,116.22936953206867,108.79499825
2026-05-24,7,day_ahead_price,86.61087683753952,88.4624995
2026-05-24,8,day_ahead_price,55.18490453383065,16.3675
2026-05-24,9,day_ahead_price,30.33678660837444,-0.025
2026-05-24,10,day_ahead_price,-8.183501062239614,-2.3325
2026-05-24,11,day_ahead_price,-21.533385934908118,-12.58750025
2026-05-24,12,day_ahead_price,-55.295714058788136,-16.0
2026-05-24,13,day_ahead_price,-50.364657835929265,-25.21249975
2026-05-24,14,day_ahead_price,-34.51430591058172,-30.000000500000002
2026-05-24,15,day_ahead_price,-80.81336169468699,-21.4225
2026-05-24,16,day_ahead_price,-12.276040827163925,-1.8225
2026-05-24,17,day_ahead_price,39.32477831268855,14.37499975
2026-05-24,18,day_ahead_price,113.70567993183433,96.37750224999999
2026-05-24,19,day_ahead_price,108.66081987179112,133.2175005
2026-05-24,20,day_ahead_price,136.0991276794795,151.017498
2026-05-24,21,day_ahead_price,142.12183259292823,153.22749725
2026-05-24,22,day_ahead_price,130.1419341880847,144.42000175
2026-05-24,23,day_ahead_price,121.21446889738274,130.44999875
2026-05-25,0,day_ahead_price,126.8450670389447,130.8675005
2026-05-25,1,day_ahead_price,118.03028791960958,125.42499925
2026-05-25,2,day_ahead_price,115.5178876931693,123.76500125
2026-05-25,3,day_ahead_price,113.54735459166997,119.61999875000001
2026-05-25,4,day_ahead_price,114.92177884902804,119.75749975
2026-05-25,5,day_ahead_price,122.16756255120062,123.2124995
2026-05-25,6,day_ahead_price,132.30112590690683,124.7000005
2026-05-25,7,day_ahead_price,130.59785362298635,117.87750249999999
2026-05-25,8,day_ahead_price,116.54145147912075,77.68000225
2026-05-25,9,day_ahead_price,94.92552121872296,5.0125
2026-05-25,10,day_ahead_price,71.16314486416026,-0.1525
2026-05-25,11,day_ahead_price,51.33893523450607,-5.085
2026-05-25,12,day_ahead_price,28.730684487198822,-12.370000000000001
2026-05-25,13,day_ahead_price,24.202705380984494,-17.53999975
2026-05-25,14,day_ahead_price,15.086838429377735,-25.8125
2026-05-25,15,day_ahead_price,39.85331825086375,-9.40750025
2026-05-25,16,day_ahead_price,60.61350181903646,-2.4125
2026-05-25,17,day_ahead_price,96.83916966393939,31.949999499999997
2026-05-25,18,day_ahead_price,128.03138346855593,110.307499
2026-05-25,19,day_ahead_price,178.3223307821646,141.625
2026-05-25,20,day_ahead_price,195.0215120605946,162.93000425
2026-05-25,21,day_ahead_price,194.75428826825566,169.0
2026-05-25,22,day_ahead_price,157.6283739513528,153.4699975
2026-05-25,23,day_ahead_price,143.08409892388795,136.295002
2026-05-26,0,day_ahead_price,134.5057168837771,135.94000075
2026-05-26,1,day_ahead_price,126.04673605991188,125.647499
2026-05-26,2,day_ahead_price,122.67722738849561,120.6450005
2026-05-26,3,day_ahead_price,120.50217391571503,121.1800005
2026-05-26,4,day_ahead_price,120.5798180058814,119.52999875
2026-05-26,5,day_ahead_price,127.92458304040842,128.91
2026-05-26,6,day_ahead_price,141.38554999993403,143.1049995
2026-05-26,7,day_ahead_price,136.5186029739128,141.539999
2026-05-26,8,day_ahead_price,115.30018026827236,122.04500200000001
2026-05-26,9,day_ahead_price,79.31960265651034,78.8000015
2026-05-26,10,day_ahead_price,47.90665069682209,7.359999999999999
2026-05-26,11,day_ahead_price,29.438872945078053,0.4925
2026-05-26,12,day_ahead_price,18.097387675567475,-1.0975000000000001
2026-05-26,13,day_ahead_price,20.018483115962464,-1.325
2026-05-26,14,day_ahead_price,0.28134263072644217,-0.365
2026-05-26,15,day_ahead_price,-1.5167192055557734,-0.0075
2026-05-26,16,day_ahead_price,23.08286995333846,13.13000025
2026-05-26,17,day_ahead_price,82.1980619796975,86.24999875
2026-05-26,18,day_ahead_price,129.82656195772324,119.72249975
2026-05-26,19,day_ahead_price,169.5027108971097,133.40500075
2026-05-26,20,day_ahead_price,186.27470878929236,148.34000375
2026-05-26,21,day_ahead_price,188.99188421910685,134.08249875
2026-05-26,22,day_ahead_price,154.09842968150681,123.93000025
2026-05-26,23,day_ahead_price,132.0091778339729,113.2800005
2026-05-27,0,day_ahead_price,109.68105770232852,97.4975015
2026-05-27,1,day_ahead_price,103.7176307835164,98.1525
2026-05-27,2,day_ahead_price,101.92959353813808,97.397501
2026-05-27,3,day_ahead_price,101.85368105689402,96.89749925
2026-05-27,4,day_ahead_price,104.49608759579868,97.2074985
2026-05-27,5,day_ahead_price,109.88213185708159,100.30499825
2026-05-27,6,day_ahead_price,122.48412934857996,110.5
2026-05-27,7,day_ahead_price,126.47518957874284,116.94750025
2026-05-27,8,day_ahead_price,104.38011361384089,97.17000025
2026-05-27,9,day_ahead_price,63.41647212273864,48.19499975
2026-05-27,10,day_ahead_price,37.94809710194671,3.425
2026-05-27,11,day_ahead_price,27.98841010445199,-0.2675
2026-05-27,12,day_ahead_price,19.026561119708,-1.0075
2026-05-27,13,day_ahead_price,16.85855817770484,-1.3824999999999998
2026-05-27,14,day_ahead_price,14.988916574153023,-1.085
2026-05-27,15,day_ahead_price,18.453652082514516,-1.1025
2026-05-27,16,day_ahead_price,35.899824580194256,-0.34
2026-05-27,17,day_ahead_price,77.91087756392946,32.2075005
2026-05-27,18,day_ahead_price,116.19099364198911,87.3500015
2026-05-27,19,day_ahead_price,155.20472040450238,118.26999875
2026-05-27,20,day_ahead_price,187.8748164207682,138.0149995
2026-05-27,21,day_ahead_price,173.13418829041726,142.59750375
2026-05-27,22,day_ahead_price,148.782876121689,136.59000025
2026-05-27,23,day_ahead_price,137.53066084497783,128.9974995
2026-05-28,0,day_ahead_price,126.89847669215752,130.23500075
2026-05-28,1,day_ahead_price,122.69167745378806,126.90750324999999
2026-05-28,2,day_ahead_price,120.15818191452743,123.5750005
2026-05-28,3,day_ahead_price,119.2619988436348,122.4725015
2026-05-28,4,day_ahead_price,120.52278671835755,126.62749875
2026-05-28,5,day_ahead_price,126.50991608968623,132.97000125
2026-05-28,6,day_ahead_price,153.710533763556,148.4524995
2026-05-28,7,day_ahead_price,149.58092965006955,138.15500075
2026-05-28,8,day_ahead_price,121.35037522206359,123.40250025
2026-05-28,9,day_ahead_price,79.171019717223,87.5424995
2026-05-28,10,day_ahead_price,46.1393286724026,19.30749975
2026-05-28,11,day_ahead_price,12.760131247285464,0.5675
2026-05-28,12,day_ahead_price,2.6444092922408586,0.0024999999999999996
2026-05-28,13,day_ahead_price,7.393058051681155,-0.0075
2026-05-28,14,day_ahead_price,5.43739163673046,0.7675000000000001
2026-05-28,15,day_ahead_price,5.586770504008733,1.2974999999999999
2026-05-28,16,day_ahead_price,22.708756586532992,39.64500025
2026-05-28,17,day_ahead_price,70.85186078867314,101.25749975
2026-05-28,18,day_ahead_price,118.48174610833958,138.25
2026-05-28,19,day_ahead_price,154.41822095612855,217.60249725
2026-05-28,20,day_ahead_price,187.40615113842057,393.93500525
2026-05-28,21,day_ahead_price,175.87286198083308,368.01749825
2026-05-28,22,day_ahead_price,147.90769077190734,215.75
2026-05-28,23,day_ahead_price,134.44890730150308,159.7975005
2026-05-29,0,day_ahead_price,153.78928979109844,144.44249925
2026-05-29,1,day_ahead_price,146.04493098094989,133.927498
2026-05-29,2,day_ahead_price,138.32163952865105,127.97499875
2026-05-29,3,day_ahead_price,132.36270817143497,126.192501
2026-05-29,4,day_ahead_price,129.19826653655352,125.27750225
2026-05-29,5,day_ahead_price,140.3892011858133,125.49499924999999
2026-05-29,6,day_ahead_price,155.2909854722328,131.88499825
2026-05-29,7,day_ahead_price,139.60411922633935,125.99500275
2026-05-29,8,day_ahead_price,98.99191996358248,113.56500249999999
2026-05-29,9,day_ahead_price,65.83222905832703,71.90750025
2026-05-29,10,day_ahead_price,44.84637167747768,17.0275
2026-05-29,11,day_ahead_price,32.2265269593228,0.3375
2026-05-29,12,day_ahead_price,19.232938581320937,-0.005
2026-05-29,13,day_ahead_price,16.763872618144138,0.0
2026-05-29,14,day_ahead_price,19.780648572318004,0.06999999999999999
2026-05-29,15,day_ahead_price,34.49495100939441,9.41
2026-05-29,16,day_ahead_price,51.7610453208708,51.61
2026-05-29,17,day_ahead_price,87.86389230601438,95.98749925
2026-05-29,18,day_ahead_price,124.76203149191647,133.72250175
2026-05-29,19,day_ahead_price,171.38845674667618,171.1850015
2026-05-29,20,day_ahead_price,191.63082964636118,225.5374985
2026-05-29,21,day_ahead_price,171.05678630229292,196.92250425
2026-05-29,22,day_ahead_price,149.53105236366065,160.702503
2026-05-29,23,day_ahead_price,135.5807903703823,144.7999995
2026-05-30,0,day_ahead_price,147.6562855935959,135.26500125
2026-05-30,1,day_ahead_price,140.28381619512743,126.177498
2026-05-30,2,day_ahead_price,135.16173750061895,121.58
2026-05-30,3,day_ahead_price,131.37012872176226,118.38999975
2026-05-30,4,day_ahead_price,127.81698484048806,118.57499899999999
2026-05-30,5,day_ahead_price,124.03878858291391,121.9500005
2026-05-30,6,day_ahead_price,117.49577824768545,116.88750075
2026-05-30,7,day_ahead_price,99.95964819718489,107.465
2026-05-30,8,day_ahead_price,82.02787254020683,88.8674985
2026-05-30,9,day_ahead_price,50.764373443422926,36.68249925
2026-05-30,10,day_ahead_price,18.67108280177304,2.96
2026-05-30,11,day_ahead_price,6.117691568952601,-0.005
2026-05-30,12,day_ahead_price,-5.885207059685911,0.0
2026-05-30,13,day_ahead_price,-16.320300748123344,-0.07250000000000001
2026-05-30,14,day_ahead_price,-8.445091665192663,-0.08
2026-05-30,15,day_ahead_price,-2.47055639642236,0.0
2026-05-30,16,day_ahead_price,3.57644650809425,3.0075
2026-05-30,17,day_ahead_price,39.30041212937725,60.62750175
2026-05-30,18,day_ahead_price,108.6091957949008,102.85749975
2026-05-30,19,day_ahead_price,138.74709993191502,133.70249925
2026-05-30,20,day_ahead_price,154.84712284173926,154.26250100000001
2026-05-30,21,day_ahead_price,161.0247954021935,165.61750025
2026-05-30,22,day_ahead_price,148.89306767519008,156.2525025
2026-05-30,23,day_ahead_price,140.18909128203364,138.93000025
2026-05-31,0,day_ahead_price,135.37577091416654,136.41249875
2026-05-31,1,day_ahead_price,131.59191237073108,129.10499950000002
2026-05-31,2,day_ahead_price,125.96408636611773,125.915001
2026-05-31,3,day_ahead_price,124.53676904669004,125.19750225
2026-05-31,4,day_ahead_price,124.17540086068666,126.9500005
2026-05-31,5,day_ahead_price,123.24923936261193,123.35750175
2026-05-31,6,day_ahead_price,116.29131834900011,115.00250075
2026-05-31,7,day_ahead_price,92.43734094551715,100.5600015
2026-05-31,8,day_ahead_price,60.548448798327186,90.437498
2026-05-31,9,day_ahead_price,31.176890578791017,56.28999975
2026-05-31,10,day_ahead_price,19.56822642778399,19.997500000000002
2026-05-31,11,day_ahead_price,-44.37818587944847,16.12999975
2026-05-31,12,day_ahead_price,-58.06738799047508,18.08999975
2026-05-31,13,day_ahead_price,-98.3016412473244,16.965
2026-05-31,14,day_ahead_price,-13.094391880873637,19.2324995
2026-05-31,15,day_ahead_price,-7.033844683419048,17.5474995
2026-05-31,16,day_ahead_price,31.941922111627775,49.0024995
2026-05-31,17,day_ahead_price,78.47594752279713,95.92500100000001
2026-05-31,18,day_ahead_price,117.73115897545784,127.26500125000001
2026-05-31,19,day_ahead_price,149.26656415486423,141.369999
2026-05-31,20,day_ahead_price,177.39205821116755,152.76250075000002
2026-05-31,21,day_ahead_price,192.10625484688333,156.03499625
2026-05-31,22,day_ahead_price,175.91951333780895,153.1275025
2026-05-31,23,day_ahead_price,166.14821827711896,145.34749975
2026-06-01,0,day_ahead_price,138.84335389683764,141.0074995
2026-06-01,1,day_ahead_price,131.40726032442143,128.255001
2026-06-01,2,day_ahead_price,129.34636895872057,123.137499
2026-06-01,3,day_ahead_price,128.27431101382055,120.29500025
2026-06-01,4,day_ahead_price,128.47840007835504,124.4874975
2026-06-01,5,day_ahead_price,129.13997435197075,135.092501
2026-06-01,6,day_ahead_price,140.34788367234492,164.029999
2026-06-01,7,day_ahead_price,147.2158207401108,160.0
2026-06-01,8,day_ahead_price,139.72906992422958,151.7149985
2026-06-01,9,day_ahead_price,105.17620521314426,133.199999
2026-06-01,10,day_ahead_price,83.61598896429635,117.66000174999999
2026-06-01,11,day_ahead_price,74.78407808351099,108.14250025
2026-06-01,12,day_ahead_price,73.83477712025521,93.0825005
2026-06-01,13,day_ahead_price,54.009818809785756,89.90749925
2026-06-01,14,day_ahead_price,54.837433077053575,87.44749825
2026-06-01,15,day_ahead_price,60.251532708182474,95.09749975
2026-06-01,16,day_ahead_price,84.53528493494792,106.73499875
2026-06-01,17,day_ahead_price,112.3052813351869,125.24250025
2026-06-01,18,day_ahead_price,144.96664760474602,141.4575025
2026-06-01,19,day_ahead_price,174.58438860712872,226.612499
2026-06-01,20,day_ahead_price,209.82430009555486,355.2525025
2026-06-01,21,day_ahead_price,216.21580687221962,333.36750025
2026-06-01,22,day_ahead_price,185.97808785099647,222.50250225000002
2026-06-01,23,day_ahead_price,176.75134738443836,161.0250015
2026-06-02,0,day_ahead_price,156.9703416166366,142.064999
2026-06-02,1,day_ahead_price,145.10190982103614,131.7225
2026-06-02,2,day_ahead_price,137.45935809560962,125.08500099999999
2026-06-02,3,day_ahead_price,133.95181484111237,120.914999
2026-06-02,4,day_ahead_price,130.2242713368975,120.6275005
2026-06-02,5,day_ahead_price,135.34544371056063,124.21500025
2026-06-02,6,day_ahead_price,146.91806322964686,131.02750025
2026-06-02,7,day_ahead_price,134.4830691657419,131.8049985
2026-06-02,8,day_ahead_price,123.10594529826224,121.0975
2026-06-02,9,day_ahead_price,100.9695496861561,105.42499925
2026-06-02,10,day_ahead_price,77.04936568025569,90.5300005
2026-06-02,11,day_ahead_price,64.17281658164552,85.22500025
2026-06-02,12,day_ahead_price,51.727442185389535,83.2799985
2026-06-02,13,day_ahead_price,48.18312211731734,85.16749949999999
2026-06-02,14,day_ahead_price,47.98205333115566,90.904999
2026-06-02,15,day_ahead_price,57.633152876124775,99.77000075000001
2026-06-02,16,day_ahead_price,80.54490637835423,112.26499925
2026-06-02,17,day_ahead_price,106.79979910687246,131.13750100000001
2026-06-02,18,day_ahead_price,132.82535490797164,146.97750474999998
2026-06-02,19,day_ahead_price,166.3325275010098,167.93749624999998
2026-06-02,20,day_ahead_price,196.83941183897736,167.27249525
2026-06-02,21,day_ahead_price,170.13444494269322,152.32500075000002
2026-06-02,22,day_ahead_price,148.0254640669188,140.43500125
2026-06-02,23,day_ahead_price,129.09176136993838,125.23749925000001
2026-06-03,0,day_ahead_price,121.74304174949303,116.299999
2026-06-03,1,day_ahead_price,114.27718430457178,111.8949985
2026-06-03,2,day_ahead_price,111.90309868968794,108.01749975
2026-06-03,3,day_ahead_price,109.83682582967161,107.299999
2026-06-03,4,day_ahead_price,110.52465816972803,107.1899985
2026-06-03,5,day_ahead_price,113.41845967822339,113.2749995
2026-06-03,6,day_ahead_price,122.25971888034188,130.7374955
2026-06-03,7,day_ahead_price,127.61026605391726,136.82999775000002
2026-06-03,8,day_ahead_price,126.88726093110046,131.07750325
2026-06-03,9,day_ahead_price,103.34790139594368,112.16250025
2026-06-03,10,day_ahead_price,87.90424801494683,94.09750149999999
2026-06-03,11,day_ahead_price,75.51903206258183,80.2474995
2026-06-03,12,day_ahead_price,77.81204989103743,59.09000125
2026-06-03,13,day_ahead_price,67.17674933696344,49.617499499999994
2026-06-03,14,day_ahead_price,61.032459307388805,43.46999925
2026-06-03,15,day_ahead_price,67.96241725736682,48.0
2026-06-03,16,day_ahead_price,87.75787879406089,76.90000125
2026-06-03,17,day_ahead_price,104.76598407532032,95.574999
2026-06-03,18,day_ahead_price,127.0661668897012,122.26499774999999
2026-06-03,19,day_ahead_price,148.24599229402583,138.47249775
2026-06-03,20,day_ahead_price,160.9523513280476,146.2575035
2026-06-03,21,day_ahead_price,170.07578979171643,133.432499
2026-06-03,22,day_ahead_price,154.26424130417405,120.95250125
2026-06-03,23,day_ahead_price,133.30218202274474,99.40749925
2026-06-04,0,day_ahead_price,97.03846912598918,86.20499975
2026-06-04,1,day_ahead_price,88.29551649494776,75.48749925
2026-06-04,2,day_ahead_price,84.77080601847621,66.91999824999999
2026-06-04,3,day_ahead_price,82.02700100032015,67.47250174999999
2026-06-04,4,day_ahead_price,82.39888692894078,67.13749874999999
2026-06-04,5,day_ahead_price,81.27394359086132,66.8549995
2026-06-04,6,day_ahead_price,98.72101677786387,73.96999925
2026-06-04,7,day_ahead_price,96.45458411463973,87.08000175000001
2026-06-04,8,day_ahead_price,95.18295591513552,75.620001
2026-06-04,9,day_ahead_price,67.01305608446017,34.1775
2026-06-04,10,day_ahead_price,52.56509138949704,15.09
2026-06-04,11,day_ahead_price,35.30007728706096,8.33
2026-06-04,12,day_ahead_price,23.495125779748044,9.6525
2026-06-04,13,day_ahead_price,21.73189563811765,9.545
2026-06-04,14,day_ahead_price,23.671434604004013,9.295
2026-06-04,15,day_ahead_price,37.597453606687026,11.1975
2026-06-04,16,day_ahead_price,59.513641579333374,28.6974995
2026-06-04,17,day_ahead_price,73.79307159357606,70.1525
2026-06-04,18,day_ahead_price,104.71792458751816,101.50250075
2026-06-04,19,day_ahead_price,137.1556318171619,114.165001
2026-06-04,20,day_ahead_price,160.70793034749866,117.967499
2026-06-04,21,day_ahead_price,148.96525632118372,115.3724995
2026-06-04,22,day_ahead_price,132.0702801708627,111.6900005
2026-06-04,23,day_ahead_price,121.09693151208381,100.04999925
2026-06-05,0,day_ahead_price,93.55066795241471,80.6950015
2026-06-05,1,day_ahead_price,89.22121951264548,79.44750024999999
2026-06-05,2,day_ahead_price,87.19666396104824,79.5024985
2026-06-05,3,day_ahead_price,88.61859737413683,77.3600005
2026-06-05,4,day_ahead_price,88.01427929864116,78.99000000000001
2026-06-05,5,day_ahead_price,89.32526286285967,87.200001
2026-06-05,6,day_ahead_price,102.95417961335411,102.8149985
2026-06-05,7,day_ahead_price,108.59890429323949,112.2024995
2026-06-05,8,day_ahead_price,106.00324227679826,112.89500025
2026-06-05,9,day_ahead_price,81.43189797924343,98.30000125000001
2026-06-05,10,day_ahead_price,51.33219937084428,86.11500175
2026-06-05,11,day_ahead_price,37.61503538643703,70.82500075
2026-06-05,12,day_ahead_price,29.537654970094604,45.20499925
2026-06-05,13,day_ahead_price,38.01246700766036,34.177499749999996
2026-06-05,14,day_ahead_price,24.472968687918645,27.19999925
2026-06-05,15,day_ahead_price,34.32075030780095,38.00999975
2026-06-05,16,day_ahead_price,46.45982384544998,72.55499925000001
2026-06-05,17,day_ahead_price,72.38049546998506,104.25249875
2026-06-05,18,day_ahead_price,113.55244239844849,128.9024985
2026-06-05,19,day_ahead_price,123.14126605926604,150.49750125
2026-06-05,20,day_ahead_price,144.24165533076243,179.04499825
2026-06-05,21,day_ahead_price,133.86334634250906,189.35499925
2026-06-05,22,day_ahead_price,125.4747177671257,169.135002
2026-06-05,23,day_ahead_price,114.73028940920204,152.06000125
2026-06-06,0,day_ahead_price,148.92242165272208,148.24249650000002
2026-06-06,1,day_ahead_price,141.5324866099677,137.17999675
2026-06-06,2,day_ahead_price,135.4084075533633,134.789997
2026-06-06,3,day_ahead_price,132.33776246027017,116.16749925
2026-06-06,4,day_ahead_price,131.06030868967338,130.182499
2026-06-06,5,day_ahead_price,129.92748105378845,126.034998
2026-06-06,6,day_ahead_price,130.5350650569103,117.6900005
2026-06-06,7,day_ahead_price,115.27616690361873,102.3150025
2026-06-06,8,day_ahead_price,107.96364395098044,81.0175
2026-06-06,9,day_ahead_price,92.41944934393287,49.99999975
2026-06-06,10,day_ahead_price,73.4718920384313,37.26000075
2026-06-06,11,day_ahead_price,50.988770235803756,28.099999750000002
2026-06-06,12,day_ahead_price,44.768824406810396,23.662499750000002
2026-06-06,13,day_ahead_price,44.73791757913186,20.0550005
2026-06-06,14,day_ahead_price,43.533013211479926,21.3475
2026-06-06,15,day_ahead_price,45.18355016220783,30.0
2026-06-06,16,day_ahead_price,58.308766479416064,46.205000749999996
2026-06-06,17,day_ahead_price,78.79464601063856,93.28250125
2026-06-06,18,day_ahead_price,99.69642637674785,121.78749675
2026-06-06,19,day_ahead_price,131.4795391468587,133.8499985
2026-06-06,20,day_ahead_price,152.2793671388339,152.432499
2026-06-06,21,day_ahead_price,155.10777007921448,150.9225005
2026-06-06,22,day_ahead_price,150.55259149895227,134.3274995
2026-06-06,23,day_ahead_price,136.77260408995272,121.54249949999999
2026-06-07,0,day_ahead_price,117.33323847982165,110.69999849999999
2026-06-07,1,day_ahead_price,112.15972069205738,99.51249874999999
2026-06-07,2,day_ahead_price,108.09102261749634,92.20749875
2026-06-07,3,day_ahead_price,106.87030314493923,81.41500075
2026-06-07,4,day_ahead_price,108.15560640181307,67.01249899999999
2026-06-07,5,day_ahead_price,110.39053548242352,39.2100005
2026-06-07,6,day_ahead_price,102.57015736407567,5.0475
2026-06-07,7,day_ahead_price,83.69090958435125,0.47000000000000003
2026-06-07,8,day_ahead_price,80.54293319772191,-0.48
2026-06-07,9,day_ahead_price,48.81292474706121,-4.800000000000001
2026-06-07,10,day_ahead_price,31.664206889025344,-6.495
2026-06-07,11,day_ahead_price,17.485699385060812,-1.6
2026-06-07,12,day_ahead_price,15.195071625533888,-3.7075000000000005
2026-06-07,13,day_ahead_price,9.450321152074366,-1.5325000000000002
2026-06-07,14,day_ahead_price,7.52012481576201,-7.9175
2026-06-07,15,day_ahead_price,18.41908079330862,-28.34249975
2026-06-07,16,day_ahead_price,50.94002542232518,-14.43
2026-06-07,17,day_ahead_price,95.67308496098579,0.49750000000000005
2026-06-07,18,day_ahead_price,130.97013815272564,53.667501
2026-06-07,19,day_ahead_price,140.53197838433735,108.00250224999999
2026-06-07,20,day_ahead_price,144.2259477770548,128.26750025
2026-06-07,21,day_ahead_price,147.6234615281876,137.1375045
2026-06-07,22,day_ahead_price,132.69398143210176,141.1875
2026-06-07,23,day_ahead_price,124.79114823874484,140.34249875
2026-06-08,0,day_ahead_price,135.88952002184323,140.43000025
2026-06-08,1,day_ahead_price,130.36253898137358,134.237499
2026-06-08,2,day_ahead_price,128.30446173204749,132.70999899999998
2026-06-08,3,day_ahead_price,127.52791424522471,127.66999799999999
2026-06-08,4,day_ahead_price,128.4489921101047,130.17499924999998
2026-06-08,5,day_ahead_price,133.39284677180518,138.56249975
2026-06-08,6,day_ahead_price,141.4976429445655,150.67500275
2026-06-08,7,day_ahead_price,149.83190929339503,145.675003
2026-06-08,8,day_ahead_price,135.07411431811173,124.87500025
2026-06-08,9,day_ahead_price,105.7368817766403,102.51000025
2026-06-08,10,day_ahead_price,78.60347807677525,87.70500175
2026-06-08,11,day_ahead_price,53.51281721569043,74.364999
2026-06-08,12,day_ahead_price,35.36024085044939,77.0199985
2026-06-08,13,day_ahead_price,28.84853344504778,72.47749925
2026-06-08,14,day_ahead_price,22.823228608562694,74.38249975
2026-06-08,15,day_ahead_price,22.527649517703317,88.85750025
2026-06-08,16,day_ahead_price,25.090881962793176,102.58
2026-06-08,17,day_ahead_price,66.49140248229716,128.875
2026-06-08,18,day_ahead_price,108.74980239653419,151.32999825
2026-06-08,19,day_ahead_price,121.01130039711424,199.32250225
2026-06-08,20,day_ahead_price,146.04268051996732,208.9025
2026-06-08,21,day_ahead_price,142.26232748510557,185.75000375000002
2026-06-08,22,day_ahead_price,124.10862803955443,152.36750025
2026-06-08,23,day_ahead_price,120.2085131998707,128.20499825000002
2026-06-09,0,day_ahead_price,119.46579111086714,129.01249875
2026-06-09,1,day_ahead_price,109.60696813274296,122.15749925
2026-06-09,2,day_ahead_price,103.85297068527949,115.5
2026-06-09,3,day_ahead_price,103.45471096018267,111.21750075
2026-06-09,4,day_ahead_price,102.55901619135874,110.4750005
2026-06-09,5,day_ahead_price,109.53262601564064,115.81499875
2026-06-09,6,day_ahead_price,112.96225483678741,128.9975015
2026-06-09,7,day_ahead_price,120.65265889486857,134.63249775
2026-06-09,8,day_ahead_price,110.25706781791877,126.89750125
2026-06-09,9,day_ahead_price,82.87281642800077,107.00000025
2026-06-09,10,day_ahead_price,57.243345451778595,82.33500125
2026-06-09,11,day_ahead_price,41.067910389291,60.9000025
2026-06-09,12,day_ahead_price,34.83390722796521,25.2150005
2026-06-09,13,day_ahead_price,35.070145620005086,3.84
2026-06-09,14,day_ahead_price,44.17201992250309,1.2075
2026-06-09,15,day_ahead_price,52.56150320052927,2.2075
2026-06-09,16,day_ahead_price,78.68912438404872,30.58499975
2026-06-09,17,day_ahead_price,106.3295417796807,75.72749974999999
2026-06-09,18,day_ahead_price,123.8622506058622,116.99999825
2026-06-09,19,day_ahead_price,142.2351745223876,133.45000075000002
2026-06-09,20,day_ahead_price,151.61853609305538,150.0
2026-06-09,21,day_ahead_price,150.26333556137263,155.362503
2026-06-09,22,day_ahead_price,139.187446868574,144.99250024999998
2026-06-09,23,day_ahead_price,123.71116205988642,131.307499
2026-06-10,0,day_ahead_price,128.41089390023092,121.094999
2026-06-10,1,day_ahead_price,122.6741244137268,112.3099995
2026-06-10,2,day_ahead_price,122.4377659895555,108.67500125
2026-06-10,3,day_ahead_price,123.47602414496417,108.182501
2026-06-10,4,day_ahead_price,125.86851526708418,106.79999925
2026-06-10,5,day_ahead_price,133.90735125754347,110.9350015
2026-06-10,6,day_ahead_price,152.39157505687825,122.424999
2026-06-10,7,day_ahead_price,150.50602051465984,125.3725015
2026-06-10,8,day_ahead_price,132.916339080641,121.22500249999999
2026-06-10,9,day_ahead_price,103.56316880478136,100.0474985
2026-06-10,10,day_ahead_price,101.51817578820922,82.35999875
2026-06-10,11,day_ahead_price,98.45226901141172,73.057499
2026-06-10,12,day_ahead_price,137.61876850143062,68.6775015
2026-06-10,13,day_ahead_price,90.03933049865901,71.56750124999999
2026-06-10,14,day_ahead_price,100.41357578637891,77.824999
2026-06-10,15,day_ahead_price,49.72138213652465,86.62500025
2026-06-10,16,day_ahead_price,81.77013440419086,101.08500125
2026-06-10,17,day_ahead_price,117.50962404548358,119.26500125000001
2026-06-10,18,day_ahead_price,140.23810657218942,140.5250015
2026-06-10,19,day_ahead_price,171.9557431974319,169.78499975
2026-06-10,20,day_ahead_price,178.67418665028816,213.97999575
2026-06-10,21,day_ahead_price,166.24241129219624,204.9975015
2026-06-10,22,day_ahead_price,158.84299227732814,168.63499825
2026-06-10,23,day_ahead_price,127.74968841284868,151.75
2026-06-11,0,day_ahead_price,146.94550935357486,144.0200005
2026-06-11,1,day_ahead_price,136.48626674207426,134.63750075000002
2026-06-11,2,day_ahead_price,131.1237569613301,126.7924995
2026-06-11,3,day_ahead_price,127.87101391514443,126.05249975
2026-06-11,4,day_ahead_price,126.84238067039097,126.325001
2026-06-11,5,day_ahead_price,135.4175182416727,127.317501
2026-06-11,6,day_ahead_price,134.05626296760613,141.77000025
2026-06-11,7,day_ahead_price,141.09659351682464,142.397499
2026-06-11,8,day_ahead_price,126.32156433732631,130.147499
2026-06-11,9,day_ahead_price,97.30260189959554,107.74500075
2026-06-11,10,day_ahead_price,64.20602485382335,90.73750100000001
2026-06-11,11,day_ahead_price,48.33486227235701,76.8325005
2026-06-11,12,day_ahead_price,28.76969660129971,63.3550015
2026-06-11,13,day_ahead_price,14.693861901143926,50.7150005
2026-06-11,14,day_ahead_price,23.364707460848194,41.05249875
2026-06-11,15,day_ahead_price,32.6501335884883,56.32500075
2026-06-11,16,day_ahead_price,54.06175609260072,78.5125005
2026-06-11,17,day_ahead_price,81.40400294728487,101.4225005
2026-06-11,18,day_ahead_price,120.50641659997531,129.6124995
2026-06-11,19,day_ahead_price,152.56748009594904,147.45500175
2026-06-11,20,day_ahead_price,166.09382473029297,178.567501
2026-06-11,21,day_ahead_price,167.4254442218888,168.6825025
2026-06-11,22,day_ahead_price,149.4801300437978,138.15749925
2026-06-11,23,day_ahead_price,134.267099758619,115.664999
2026-06-12,0,day_ahead_price,110.55541404584619,115.61000075
2026-06-12,1,day_ahead_price,101.38652156136988,101.30249975000001
2026-06-12,2,day_ahead_price,96.07858351723134,93.602499
2026-06-12,3,day_ahead_price,95.18331329533629,90.700001
2026-06-12,4,day_ahead_price,96.70130324835256,91.45750050000001
2026-06-12,5,day_ahead_price,99.9088521970709,94.20750050000001
2026-06-12,6,day_ahead_price,96.37504373361467,113.2474995
2026-06-12,7,day_ahead_price,97.3558820411323,119.79999925
2026-06-12,8,day_ahead_price,84.84437037337847,124.31999950000001
2026-06-12,9,day_ahead_price,63.64305305121154,115.620001
2026-06-12,10,day_ahead_price,34.33887225150273,100.2124995
2026-06-12,11,day_ahead_price,21.749812310296306,89.062502
2026-06-12,12,day_ahead_price,10.997951473341988,79.71499800000001
2026-06-12,13,day_ahead_price,3.6010756108096764,68.625001
2026-06-12,14,day_ahead_price,10.519342104203183,54.165001000000004
2026-06-12,15,day_ahead_price,32.13080255229305,51.4524995
2026-06-12,16,day_ahead_price,57.44563330719318,52.99750025
2026-06-12,17,day_ahead_price,78.49204795506435,68.19500075
2026-06-12,18,day_ahead_price,116.02105019658768,87.9974995
2026-06-12,19,day_ahead_price,131.68215339781463,96.83
2026-06-12,20,day_ahead_price,157.69324215004423,108.03500199999999
2026-06-12,21,day_ahead_price,147.26686339183001,109.83749975
2026-06-12,22,day_ahead_price,130.23832534652288,111.10750025
2026-06-12,23,day_ahead_price,117.34134225275629,100.83999800000001
2026-06-13,0,day_ahead_price,91.02481522834786,86.6650005
2026-06-13,1,day_ahead_price,85.34363086502934,74.03499975
2026-06-13,2,day_ahead_price,83.00531492014466,63.8999995
2026-06-13,3,day_ahead_price,80.58982459851865,57.01749875
2026-06-13,4,day_ahead_price,77.10753890631186,39.23750025
2026-06-13,5,day_ahead_price,77.69690479835413,36.727501000000004
2026-06-13,6,day_ahead_price,46.066934447135296,30.5475005
2026-06-13,7,day_ahead_price,36.57786336978576,13.655
2026-06-13,8,day_ahead_price,57.190336489791385,0.4125
2026-06-13,9,day_ahead_price,58.64066654828156,-0.4175
2026-06-13,10,day_ahead_price,47.92643913431199,-2.4
2026-06-13,11,day_ahead_price,27.049428738546872,-7.1
2026-06-13,12,day_ahead_price,12.460398058247332,-13.9975
2026-06-13,13,day_ahead_price,-3.30596451244352,-21.50750025
2026-06-13,14,day_ahead_price,0.8677419755841491,-28.95
2026-06-13,15,day_ahead_price,6.712243532207729,-26.3
2026-06-13,16,day_ahead_price,25.360738487307657,-12.61249975
2026-06-13,17,day_ahead_price,59.87154565953352,-2.9925
2026-06-13,18,day_ahead_price,77.26720595044904,0.31000000000000005
2026-06-13,19,day_ahead_price,70.79719460087293,28.245
2026-06-13,20,day_ahead_price,112.97244384401104,64.37749975
2026-06-13,21,day_ahead_price,124.14010824754635,78.18249899999999
2026-06-13,22,day_ahead_price,116.5135113033206,83.17749975
2026-06-13,23,day_ahead_price,107.83705257699103,75.93500125
2026-06-14,0,day_ahead_price,69.97568427275505,59.8500005
2026-06-14,1,day_ahead_price,67.56368516663427,48.44749925
2026-06-14,2,day_ahead_price,70.41630008607191,33.32499975
2026-06-14,3,day_ahead_price,73.02905072349888,27.3175005
2026-06-14,4,day_ahead_price,76.56304914839009,25.94749975
2026-06-14,5,day_ahead_price,72.66702852743964,21.25249975
2026-06-14,6,day_ahead_price,70.82169692590165,7.765000000000001
2026-06-14,7,day_ahead_price,50.23095387567308,0.46499999999999997
2026-06-14,8,day_ahead_price,30.909279362906403,0.0
2026-06-14,9,day_ahead_price,16.23237663694796,0.0
2026-06-14,10,day_ahead_price,5.520616547938403,0.0
2026-06-14,11,day_ahead_price,15.235025545833697,0.0025
2026-06-14,12,day_ahead_price,-2.1505435139951317,-0.01
2026-06-14,13,day_ahead_price,-6.694456877624624,-0.005
2026-06-14,14,day_ahead_price,-9.763118344933336,-0.53
2026-06-14,15,day_ahead_price,-32.579533352116755,-1.51
2026-06-14,16,day_ahead_price,-13.295591077595674,-0.0125
2026-06-14,17,day_ahead_price,35.062728139152824,0.8300000000000001
2026-06-14,18,day_ahead_price,75.85039727636328,6.73749975
2026-06-14,19,day_ahead_price,129.67769534462403,61.397498500000005
2026-06-14,20,day_ahead_price,138.48359802072235,81.2299975
2026-06-14,21,day_ahead_price,136.7395143988188,86.9050005
2026-06-14,22,day_ahead_price,127.49308466166111,84.84499925
2026-06-14,23,day_ahead_price,119.7939282121333,74.05
2026-06-15,0,day_ahead_price,68.64298114404758,65.20499875
2026-06-15,1,day_ahead_price,65.74547022443366,57.1000005
2026-06-15,2,day_ahead_price,66.56205425923494,48.2524995
2026-06-15,3,day_ahead_price,64.97562318346546,50.02000025
2026-06-15,4,day_ahead_price,64.36607346714507,50.30000025
2026-06-15,5,day_ahead_price,68.32787590644017,59.6224995
2026-06-15,6,day_ahead_price,83.74452554632012,88.59
2026-06-15,7,day_ahead_price,90.51223355323285,101.63000275
2026-06-15,8,day_ahead_price,90.74904583075937,87.10999875
2026-06-15,9,day_ahead_price,68.69763257503726,58.977499
2026-06-15,10,day_ahead_price,54.32909884744138,21.665
2026-06-15,11,day_ahead_price,48.83079752074475,5.045
2026-06-15,12,day_ahead_price,37.73397649916018,2.025
2026-06-15,13,day_ahead_price,27.022569717113566,1.9
2026-06-15,14,day_ahead_price,13.088010758783776,1.3775
2026-06-15,15,day_ahead_price,17.673473942665755,1.69
2026-06-15,16,day_ahead_price,25.156625909623784,5.0325
2026-06-15,17,day_ahead_price,24.87979270336656,43.4675
2026-06-15,18,day_ahead_price,59.3886164148842,91.277501
2026-06-15,19,day_ahead_price,87.22945474895876,129.03500350000002
2026-06-15,20,day_ahead_price,114.833140883309,148.74499525
2026-06-15,21,day_ahead_price,122.21933949048726,155.54000100000002
2026-06-15,22,day_ahead_price,105.92765313605341,153.7924995
2026-06-15,23,day_ahead_price,98.80202521081168,134.737503
2026-06-16,0,day_ahead_price,132.05205455475405,123.12000075
2026-06-16,1,day_ahead_price,125.42395955015061,117.34000025
2026-06-16,2,day_ahead_price,123.23891788317076,113.73750100000001
2026-06-16,3,day_ahead_price,121.14441570629349,110.822502
2026-06-16,4,day_ahead_price,124.89152121708649,110.7524985
2026-06-16,5,day_ahead_price,131.23664915216773,114.9799975
2026-06-16,6,day_ahead_price,150.99161681957605,127.99250025
2026-06-16,7,day_ahead_price,154.17284239057216,131.69499975
2026-06-16,8,day_ahead_price,148.86003901399587,134.81499875
2026-06-16,9,day_ahead_price,109.85735673656656,111.40250025
2026-06-16,10,day_ahead_price,76.56970844800648,107.0249995
2026-06-16,11,day_ahead_price,57.1515198792185,84.0150015
2026-06-16,12,day_ahead_price,48.8877435654167,68.99250025
2026-06-16,13,day_ahead_price,38.72534180049948,56.902501
2026-06-16,14,day_ahead_price,42.17274602904875,53.5275005
2026-06-16,15,day_ahead_price,64.29898353864156,63.5625
2026-06-16,16,day_ahead_price,69.01754984285863,82.6950005
2026-06-16,17,day_ahead_price,117.48137046193408,108.897501
2026-06-16,18,day_ahead_price,142.26514687067979,126.7575
2026-06-16,19,day_ahead_price,222.57832744566986,148.00749975
2026-06-16,20,day_ahead_price,251.99163232268677,175.257496
2026-06-16,21,day_ahead_price,213.63368468254416,182.88000125000002
2026-06-16,22,day_ahead_price,148.49636430716018,164.50500475
2026-06-16,23,day_ahead_price,139.9228228141564,143.29249950000002
2026-06-17,0,day_ahead_price,137.2188167516902,141.06750449999998
2026-06-17,1,day_ahead_price,130.1078902752857,135.237503
2026-06-17,2,day_ahead_price,125.08061346476701,129.1500035
2026-06-17,3,day_ahead_price,120.61143274758055,127.307501
2026-06-17,4,day_ahead_price,120.02628051505273,127.08499925
2026-06-17,5,day_ahead_price,128.2058081169934,127.83499925000001
2026-06-17,6,day_ahead_price,129.6706418256336,139.35999675
2026-06-17,7,day_ahead_price,134.28195790506007,135.955002
2026-06-17,8,day_ahead_price,134.6810869209476,121.715002
2026-06-17,9,day_ahead_price,111.2840184127302,106.58250025000001
2026-06-17,10,day_ahead_price,82.79037928291095,93.602501
2026-06-17,11,day_ahead_price,52.42935123419022,82.02749825000001
2026-06-17,12,day_ahead_price,35.44213116973813,75.965
2026-06-17,13,day_ahead_price,17.396701597728672,69.1049995
2026-06-17,14,day_ahead_price,26.3777797351754,68.3599985
2026-06-17,15,day_ahead_price,34.294902985154394,76.67750175
2026-06-17,16,day_ahead_price,46.25932118598108,87.51250075
2026-06-17,17,day_ahead_price,76.3701248165079,105.71249975
2026-06-17,18,day_ahead_price,109.19319127911484,120.22000125
2026-06-17,19,day_ahead_price,137.65700172583993,142.2075005
2026-06-17,20,day_ahead_price,150.80730035897884,161.39250175
2026-06-17,21,day_ahead_price,154.0070669469905,163.1100005
2026-06-17,22,day_ahead_price,141.67673022194916,158.45249925000002
2026-06-17,23,day_ahead_price,126.73940988912666,142.5625
2026-06-18,0,day_ahead_price,138.726096512827,134.80249975
2026-06-18,1,day_ahead_price,128.7302740341383,125.44000025
2026-06-18,2,day_ahead_price,125.1140099039572,121.6324995
2026-06-18,3,day_ahead_price,123.67056468599398,119.335001
2026-06-18,4,day_ahead_price,123.54005327135536,118.972498
2026-06-18,5,day_ahead_price,128.14796612476837,127.17999850000001
2026-06-18,6,day_ahead_price,143.12070304594278,135.6674995
2026-06-18,7,day_ahead_price,157.82964451429436,135.33500475
2026-06-18,8,day_ahead_price,146.74386729876065,118.82999975
2026-06-18,9,day_ahead_price,121.40947412237239,102.4350015
2026-06-18,10,day_ahead_price,96.09821545419683,76.89000025
2026-06-18,11,day_ahead_price,76.80930617441587,48.7725
2026-06-18,12,day_ahead_price,60.30997051995326,28.735
2026-06-18,13,day_ahead_price,45.36797777856714,22.53250025
2026-06-18,14,day_ahead_price,49.19523234179805,25.8999995
2026-06-18,15,day_ahead_price,57.82051717216824,48.09749975
2026-06-18,16,day_ahead_price,79.70850858791101,80.00499925
2026-06-18,17,day_ahead_price,109.70798841125912,106.057499
2026-06-18,18,day_ahead_price,134.6505809630571,135.51750025
2026-06-18,19,day_ahead_price,183.75597911302842,258.550003
2026-06-18,20,day_ahead_price,217.03498896358767,447.57749925
2026-06-18,21,day_ahead_price,221.0904226199712,455.51499924999996
2026-06-18,22,day_ahead_price,154.72612632857266,270.05500025000003
2026-06-18,23,day_ahead_price,140.75196536008963,164.30249775
2026-06-19,0,day_ahead_price,163.5650743116459,148.0
2026-06-19,1,day_ahead_price,151.28190156941469,133.10249525
2026-06-19,2,day_ahead_price,141.2914709440264,124.43749975
2026-06-19,3,day_ahead_price,135.970726255449,120.15749925
2026-06-19,4,day_ahead_price,137.0515423146569,117.82499899999999
2026-06-19,5,day_ahead_price,140.43293748602554,120.22250174999999
2026-06-19,6,day_ahead_price,139.50465714676886,140.05999725
2026-06-19,7,day_ahead_price,134.84239762312265,127.7125015
2026-06-19,8,day_ahead_price,119.21109284274904,112.8225005
2026-06-19,9,day_ahead_price,98.53556827399102,98.01000049999999
2026-06-19,10,day_ahead_price,71.16030976841873,73.8125
2026-06-19,11,day_ahead_price,51.47075243664886,32.7600005
2026-06-19,12,day_ahead_price,49.330389393998395,14.99999975
2026-06-19,13,day_ahead_price,43.53538617777332,11.7925
2026-06-19,14,day_ahead_price,48.16874397369074,16.92999975
2026-06-19,15,day_ahead_price,65.44684510109889,45.952499
2026-06-19,16,day_ahead_price,83.65103086610733,84.12249975
2026-06-19,17,day_ahead_price,117.97384644041297,109.08000175000001
2026-06-19,18,day_ahead_price,142.10300271809376,129.312502
2026-06-19,19,day_ahead_price,142.5063130403667,168.58749775
2026-06-19,20,day_ahead_price,156.40527194838896,207.03750225
2026-06-19,21,day_ahead_price,137.8017919510781,189.1800005
2026-06-19,22,day_ahead_price,137.59904398763018,158.51250075000002
2026-06-19,23,day_ahead_price,124.8017394811128,137.73500225
2026-06-20,0,day_ahead_price,134.23590452754843,130.1775015
2026-06-20,1,day_ahead_price,125.0355061668141,121.11500175
2026-06-20,2,day_ahead_price,120.26897657317787,118.5999985
2026-06-20,3,day_ahead_price,117.42553281660518,116.63500049999999
2026-06-20,4,day_ahead_price,116.18714902655296,114.54249949999999
2026-06-20,5,day_ahead_price,117.03866793842126,113.7574995
2026-06-20,6,day_ahead_price,100.64428507099771,109.67499725
2026-06-20,7,day_ahead_price,73.89109526654613,101.97500025000001
2026-06-20,8,day_ahead_price,66.57910494622621,92.06499875
2026-06-20,9,day_ahead_price,51.26133401084025,43.57999975
2026-06-20,10,day_ahead_price,35.53160497751167,4.125
2026-06-20,11,day_ahead_price,13.449027433221815,-0.0025
2026-06-20,12,day_ahead_price,24.661604515188312,-0.0125
2026-06-20,13,day_ahead_price,5.079968816405907,-0.0175
2026-06-20,14,day_ahead_price,1.4703592501633054,-0.0125
2026-06-20,15,day_ahead_price,23.411136708523564,0.25
2026-06-20,16,day_ahead_price,38.0483607794213,18.17999975
2026-06-20,17,day_ahead_price,72.59178298836714,83.65250125
2026-06-20,18,day_ahead_price,103.54946713561506,119.5199985
2026-06-20,19,day_ahead_price,112.56471907266985,145.9500025
2026-06-20,20,day_ahead_price,154.19378578787288,175.37000275
2026-06-20,21,day_ahead_price,168.49432468087363,186.517502
2026-06-20,22,day_ahead_price,149.35819098193724,167.7299995
2026-06-20,23,day_ahead_price,140.31463936361845,146.545002
2026-06-21,0,day_ahead_price,145.13202616502818,138.14250175
2026-06-21,1,day_ahead_price,134.3595340339855,128.335003
2026-06-21,2,day_ahead_price,130.35230433713173,126.1225015
2026-06-21,3,day_ahead_price,129.29664275523322,123.602501
2026-06-21,4,day_ahead_price,127.86198582709048,121.76499925
2026-06-21,5,day_ahead_price,126.82205548480712,118.75
2026-06-21,6,day_ahead_price,120.87289353105933,112.822502
2026-06-21,7,day_ahead_price,97.17461074138868,104.12000075
2026-06-21,8,day_ahead_price,78.66905428486146,75.88999925
2026-06-21,9,day_ahead_price,65.01185077756331,31.135
2026-06-21,10,day_ahead_price,45.2717706998635,1.3724999999999998
2026-06-21,11,day_ahead_price,12.708370301417105,0.065
2026-06-21,12,day_ahead_price,19.968209917051876,0.0225
2026-06-21,13,day_ahead_price,20.647299303961507,0.0
2026-06-21,14,day_ahead_price,26.213398552584753,0.0
2026-06-21,15,day_ahead_price,32.78369713042052,0.0075
2026-06-21,16,day_ahead_price,44.1422249051365,12.667499999999999
2026-06-21,17,day_ahead_price,92.01347888722017,76.755
2026-06-21,18,day_ahead_price,132.11495061592117,115.3100015
2026-06-21,19,day_ahead_price,149.0030789628389,133.70999725000001
2026-06-21,20,day_ahead_price,165.20907939986557,149.579998
2026-06-21,21,day_ahead_price,156.8427521935582,150.46249775
2026-06-21,22,day_ahead_price,161.07486350258705,146.039997
2026-06-21,23,day_ahead_price,149.38961639938844,133.84750375000002
2026-06-22,0,day_ahead_price,126.7007898819285,128.0874975
2026-06-22,1,day_ahead_price,120.27356298491935,120.004999
2026-06-22,2,day_ahead_price,117.261151325254,114.44750025
2026-06-22,3,day_ahead_price,116.36114503167397,114.4700015
2026-06-22,4,day_ahead_price,118.31898408301262,116.38750075
2026-06-22,5,day_ahead_price,123.8813408422815,123.31999775
2026-06-22,6,day_ahead_price,134.61397250516174,139.61999875
2026-06-22,7,day_ahead_price,136.2664441497388,145.7199975
2026-06-22,8,day_ahead_price,123.00413512455836,128.70250125
2026-06-22,9,day_ahead_price,95.348512531952,108.02750025
2026-06-22,10,day_ahead_price,67.45996545719608,85.33749974999999
2026-06-22,11,day_ahead_price,53.48485581448793,57.30250075
2026-06-22,12,day_ahead_price,56.424842018372544,39.5175005
2026-06-22,13,day_ahead_price,47.122003029755675,32.33499975
2026-06-22,14,day_ahead_price,49.394444352061825,40.6549995
2026-06-22,15,day_ahead_price,57.6534299411197,63.415000750000004
2026-06-22,16,day_ahead_price,71.79684580078161,90.71500025
2026-06-22,17,day_ahead_price,101.59915202421249,113.59500125
2026-06-22,18,day_ahead_price,131.4400066537413,145.35750174999998
2026-06-22,19,day_ahead_price,154.50778127353942,197.89249425
2026-06-22,20,day_ahead_price,169.55286458876233,270.90750475
2026-06-22,21,day_ahead_price,160.42129374672965,254.959999
2026-06-22,22,day_ahead_price,150.64316634952382,190.7300035
2026-06-22,23,day_ahead_price,136.54727175159655,156.99499874999998
2026-06-23,0,day_ahead_price,149.96229273951536,145.987503
2026-06-23,1,day_ahead_price,138.67303817593077,138.86500175
2026-06-23,2,day_ahead_price,130.64228928990778,134.8325005
2026-06-23,3,day_ahead_price,125.95531461533028,135.529999
2026-06-23,4,day_ahead_price,126.14383657007349,137.78999725
2026-06-23,5,day_ahead_price,129.61355080016008,142.03250125
2026-06-23,6,day_ahead_price,138.54274545740995,166.65250025
2026-06-23,7,day_ahead_price,134.5466184455671,160.18000025
2026-06-23,8,day_ahead_price,119.85640725234389,135.022501
2026-06-23,9,day_ahead_price,96.2726762432516,112.48249824999999
2026-06-23,10,day_ahead_price,65.98918203300465,96.55249975
2026-06-23,11,day_ahead_price,41.18855678144017,76.47750099999999
2026-06-23,12,day_ahead_price,32.2644051746708,66.1500005
2026-06-23,13,day_ahead_price,17.355279468973904,58.28249925
2026-06-23,14,day_ahead_price,25.88873890945861,64.5599995
2026-06-23,15,day_ahead_price,43.42438524787606,77.835
2026-06-23,16,day_ahead_price,66.28113867221161,100.0024985
2026-06-23,17,day_ahead_price,100.54295101066404,121.1275005
2026-06-23,18,day_ahead_price,132.25777564305812,169.83000175
2026-06-23,19,day_ahead_price,156.21615137871044,339.560005
2026-06-23,20,day_ahead_price,171.39313245701786,563.37751025
2026-06-23,21,day_ahead_price,155.74002155969558,547.1950075
2026-06-23,22,day_ahead_price,136.81078779945727,342.430004
2026-06-23,23,day_ahead_price,123.4555590212992,201.7275045
2026-06-24,0,day_ahead_price,187.6088408821874,180.8499985
2026-06-24,1,day_ahead_price,165.86166473710978,164.19249725
2026-06-24,2,day_ahead_price,150.35731930485696,148.6200025
2026-06-24,3,day_ahead_price,143.95384010827544,145.007496
2026-06-24,4,day_ahead_price,140.59201758427892,146.16999825
2026-06-24,5,day_ahead_price,139.36626673439088,153.482498
2026-06-24,6,day_ahead_price,151.44208883788951,180.187496
2026-06-24,7,day_ahead_price,140.16387499374983,174.41
2026-06-24,8,day_ahead_price,118.9530210767565,150.090002
2026-06-24,9,day_ahead_price,91.79447555799896,118.90499875
2026-06-24,10,day_ahead_price,63.17325653059916,101.80249975
2026-06-24,11,day_ahead_price,35.40852120882732,83.71749875
2026-06-24,12,day_ahead_price,19.342605074873667,72.084998
2026-06-24,13,day_ahead_price,10.772918978089027,68.295
2026-06-24,14,day_ahead_price,21.588960705346103,71.24000075000001
2026-06-24,15,day_ahead_price,33.16831637465606,85.82750125
2026-06-24,16,day_ahead_price,71.9360358987013,108.460001
2026-06-24,17,day_ahead_price,97.47040361265412,128.93000025
2026-06-24,18,day_ahead_price,128.5811556082803,196.67749775
2026-06-24,19,day_ahead_price,140.63367385404263,467.64751425
2026-06-24,20,day_ahead_price,180.80563588104417,696.0400085
2026-06-24,21,day_ahead_price,167.91726184686166,693.119995
2026-06-24,22,day_ahead_price,155.13376091821,484.12249775
2026-06-24,23,day_ahead_price,130.445997300258,270.25500075
2026-06-25,0,day_ahead_price,243.49742918591147,169.5
2026-06-25,1,day_ahead_price,211.1873440141676,154.5499955
2026-06-25,2,day_ahead_price,186.52656575103902,144.65749725
2026-06-25,3,day_ahead_price,175.5321458789701,141.97749725
2026-06-25,4,day_ahead_price,167.86879388112186,139.822502
2026-06-25,5,day_ahead_price,168.1086760384008,142.03750225
2026-06-25,6,day_ahead_price,162.95677139253877,161.664997
2026-06-25,7,day_ahead_price,156.16641100931716,147.25
2026-06-25,8,day_ahead_price,135.31638692480257,119.17999825
2026-06-25,9,day_ahead_price,97.01398133150131,105.00749975
2026-06-25,10,day_ahead_price,54.90410600863552,84.9725
2026-06-25,11,day_ahead_price,29.26034022232758,65.31500075
2026-06-25,12,day_ahead_price,15.755926315326356,40.235
2026-06-25,13,day_ahead_price,19.31938263726782,31.11749925
2026-06-25,14,day_ahead_price,21.3256612724591,34.217499000000004
2026-06-25,15,day_ahead_price,29.963954964665977,66.5874995
2026-06-25,16,day_ahead_price,72.2881933625261,88.602499
2026-06-25,17,day_ahead_price,96.48515818597802,105.66749949999999
2026-06-25,18,day_ahead_price,141.76135355442472,135.73749924999998
2026-06-25,19,day_ahead_price,188.67552954970435,206.31999575
2026-06-25,20,day_ahead_price,262.1688457879555,294.29249975000005
2026-06-25,21,day_ahead_price,308.26829329833555,206.44499975
2026-06-25,22,day_ahead_price,248.227556876918,188.86750025
2026-06-25,23,day_ahead_price,164.05472675872056,157.6100005
2026-06-26,0,day_ahead_price,144.53873570100012,144.36750025
2026-06-26,1,day_ahead_price,134.27062578352124,130.47250175
2026-06-26,2,day_ahead_price,128.22559267787864,122.12499975
2026-06-26,3,day_ahead_price,125.5727617602753,120.9500005
2026-06-26,4,day_ahead_price,122.49122571976037,122.71500025
2026-06-26,5,day_ahead_price,124.01373581855462,129.699999
2026-06-26,6,day_ahead_price,134.48156754722208,146.9000015
2026-06-26,7,day_ahead_price,128.12410688905783,137.88249975
2026-06-26,8,day_ahead_price,98.72040819647607,119.6099985
2026-06-26,9,day_ahead_price,75.40644556601222,107.9925
2026-06-26,10,day_ahead_price,40.440270445672944,93.17250050000001
2026-06-26,11,day_ahead_price,29.961248706912006,66.5375005
2026-06-26,12,day_ahead_price,17.196505136705472,46.3674995
2026-06-26,13,day_ahead_price,10.148311197876692,34.1850005
2026-06-26,14,day_ahead_price,9.256209075434251,37.067499749999996
2026-06-26,15,day_ahead_price,19.245716450854655,67.3875
2026-06-26,16,day_ahead_price,37.76616198066482,92.64999775
2026-06-26,17,day_ahead_price,87.95697952592514,110.334999
2026-06-26,18,day_ahead_price,120.07796984532646,150.69249725
2026-06-26,19,day_ahead_price,164.07402645189404,246.909996
2026-06-26,20,day_ahead_price,182.15333970046075,357.777504
2026-06-26,21,day_ahead_price,199.1386372972828,299.61249525
2026-06-26,22,day_ahead_price,164.06028675130557,203.022503
2026-06-26,23,day_ahead_price,149.0865082916675,154.85999675
2026-06-27,0,day_ahead_price,142.35478360504993,131.647501
2026-06-27,1,day_ahead_price,129.56115041370867,124.4074975
2026-06-27,2,day_ahead_price,122.4740555156786,117.92749975
2026-06-27,3,day_ahead_price,117.16152166165922,115.83
2026-06-27,4,day_ahead_price,118.3451876067255,115.32499899999999
2026-06-27,5,day_ahead_price,117.25716195722457,114.0
2026-06-27,6,day_ahead_price,118.26985808609119,112.72500225
2026-06-27,7,day_ahead_price,94.31408811870729,109.272501
2026-06-27,8,day_ahead_price,61.21525128967625,103.53499975
2026-06-27,9,day_ahead_price,37.55377461377949,74.11250025
2026-06-27,10,day_ahead_price,10.777896484033135,36.0249995
2026-06-27,11,day_ahead_price,6.2725096140268235,8.997499999999999
2026-06-27,12,day_ahead_price,-9.787969089207198,4.025
2026-06-27,13,day_ahead_price,-2.6760566804225228,4.495
2026-06-27,14,day_ahead_price,-21.480217954412247,4.0175
2026-06-27,15,day_ahead_price,-3.1640117909857466,12.7675
2026-06-27,16,day_ahead_price,-13.943121414067392,50.6325
2026-06-27,17,day_ahead_price,52.57392943233726,100.15500075
2026-06-27,18,day_ahead_price,123.28447050877843,127.39999775000001
2026-06-27,19,day_ahead_price,151.67738328725812,174.42749824999999
2026-06-27,20,day_ahead_price,174.70564290527128,229.12500400000002
2026-06-27,21,day_ahead_price,174.52088276582379,222.659996
2026-06-27,22,day_ahead_price,150.0257099445813,176.94499975000002
2026-06-27,23,day_ahead_price,131.9698275279732,145.38750475
2026-06-28,0,day_ahead_price,134.74542845354281,136.90500075
2026-06-28,1,day_ahead_price,125.13697581167396,126.362497
2026-06-28,2,day_ahead_price,119.92743747797424,119.682501
2026-06-28,3,day_ahead_price,116.26004955570217,115.68749975
2026-06-28,4,day_ahead_price,114.15996442127079,114.73499875
2026-06-28,5,day_ahead_price,114.34818890831112,115.1224995
2026-06-28,6,day_ahead_price,107.34349054775006,112.0625
2026-06-28,7,day_ahead_price,83.70293010257325,104.4300005
2026-06-28,8,day_ahead_price,63.94244144666778,76.68500025
2026-06-28,9,day_ahead_price,41.022667704491894,35.0050005
2026-06-28,10,day_ahead_price,25.98181661804996,27.8075005
2026-06-28,11,day_ahead_price,23.290159015950213,7.2025
2026-06-28,12,day_ahead_price,18.562610036078816,3.7325
2026-06-28,13,day_ahead_price,14.110268475534781,2.0175
2026-06-28,14,day_ahead_price,5.711875385374606,1.5025
2026-06-28,15,day_ahead_price,9.911441007664479,1.62
2026-06-28,16,day_ahead_price,26.599894525374175,27.095000499999998
2026-06-28,17,day_ahead_price,78.66172570331204,84.05749800000001
2026-06-28,18,day_ahead_price,121.55785126520011,114.29249949999999
2026-06-28,19,day_ahead_price,139.45549068376476,137.1174985
2026-06-28,20,day_ahead_price,172.59913647849302,154.5999985
2026-06-28,21,day_ahead_price,178.8597040947435,162.3125
2026-06-28,22,day_ahead_price,167.12024189156745,157.99999625
2026-06-28,23,day_ahead_price,143.39623592052757,144.54000100000002
2026-06-29,0,day_ahead_price,135.27850079128464,123.11750025
2026-06-29,1,day_ahead_price,126.67398382472771,113.664999
2026-06-29,2,day_ahead_price,123.38559008360428,113.01499925
2026-06-29,3,day_ahead_price,121.2526502097811,109.71500025
2026-06-29,4,day_ahead_price,122.18493483186906,114.6224995
2026-06-29,5,day_ahead_price,126.76393175372462,126.95250150000001
2026-06-29,6,day_ahead_price,138.7344360661888,150.52499775
2026-06-29,7,day_ahead_price,141.87426448944098,152.8499985
2026-06-29,8,day_ahead_price,131.44703874342136,143.23749925
2026-06-29,9,day_ahead_price,107.6742342093068,120.9474985
2026-06-29,10,day_ahead_price,77.00167187594484,106.925001
2026-06-29,11,day_ahead_price,61.95189878523455,99.0999985
2026-06-29,12,day_ahead_price,45.944516601145196,89.50749975
2026-06-29,13,day_ahead_price,38.99375162860767,82.02750025
2026-06-29,14,day_ahead_price,36.400381133986514,86.38500025
2026-06-29,15,day_ahead_price,53.516016871252035,96.70249925
2026-06-29,16,day_ahead_price,77.65707778000319,102.13250175
2026-06-29,17,day_ahead_price,107.33410809492499,113.0049995
2026-06-29,18,day_ahead_price,136.698159140336,135.6725005
2026-06-29,19,day_ahead_price,192.86406834626465,201.60750174999998
2026-06-29,20,day_ahead_price,235.83493947114414,298.132492
2026-06-29,21,day_ahead_price,212.77124695614637,316.84999849999997
2026-06-29,22,day_ahead_price,194.47609224868413,236.17499924999998
2026-06-29,23,day_ahead_price,161.34973623388632,172.81750075
2026-06-30,0,day_ahead_price,152.68630737297292,163.545002
2026-06-30,1,day_ahead_price,142.31902878936478,146.18500125
2026-06-30,2,day_ahead_price,132.91244382764378,141.035
2026-06-30,3,day_ahead_price,127.77256393449323,141.6674995
2026-06-30,4,day_ahead_price,129.76618910770338,142.37000275
2026-06-30,5,day_ahead_price,134.22240898948635,153.5
2026-06-30,6,day_ahead_price,142.72857237454033,189.9175035
2026-06-30,7,day_ahead_price,141.6581446022677,192.290001
2026-06-30,8,day_ahead_price,124.37987267190803,157.27500125
2026-06-30,9,day_ahead_price,104.2809210854807,123.3125
2026-06-30,10,day_ahead_price,79.60664312697858,108.72750075
2026-06-30,11,day_ahead_price,60.32784515316996,101.55500225
2026-06-30,12,day_ahead_price,44.589955749369324,98.89999975
2026-06-30,13,day_ahead_price,35.251465561085865,99.50250075
2026-06-30,14,day_ahead_price,38.85211220209287,102.8500005
2026-06-30,15,day_ahead_price,52.55448191809172,114.5650005
2026-06-30,16,day_ahead_price,72.21745377701407,125.7374995
2026-06-30,17,day_ahead_price,93.65697746411074,154.2649995
2026-06-30,18,day_ahead_price,126.87997340473818,250.71250175
2026-06-30,19,day_ahead_price,173.76466470457768,470.1524885
2026-06-30,20,day_ahead_price,201.83121679686633,534.0999987499999
2026-06-30,21,day_ahead_price,191.8499155740614,415.3724975
2026-06-30,22,day_ahead_price,163.75483128125865,283.48749925
2026-06-30,23,day_ahead_price,136.4643151304306,187.4325025
2026-07-01,0,day_ahead_price,161.86029493706613,164.86249924999998
2026-07-01,1,day_ahead_price,148.38283051690706,150.0825005
2026-07-01,2,day_ahead_price,138.21074553816976,146.377495
2026-07-01,3,day_ahead_price,137.0941848112562,146.99250025
2026-07-01,4,day_ahead_price,136.4995096963684,150.85749825
2026-07-01,5,day_ahead_price,143.2781135591903,159.73999775
2026-07-01,6,day_ahead_price,161.44338299247624,197.130001
2026-07-01,7,day_ahead_price,167.83415587906373,204.72999925
2026-07-01,8,day_ahead_price,147.4266194623303,180.6349985
2026-07-01,9,day_ahead_price,125.88932692750141,146.2250005
2026-07-01,10,day_ahead_price,100.33558071427636,124.6849995
2026-07-01,11,day_ahead_price,73.13386805828225,117.92500125
2026-07-01,12,day_ahead_price,60.01215003416391,114.0625
2026-07-01,13,day_ahead_price,52.42783908646659,107.6150015
2026-07-01,14,day_ahead_price,60.449581157285785,99.255001
2026-07-01,15,day_ahead_price,60.40817453505269,96.594999
2026-07-01,16,day_ahead_price,84.83631349736442,98.48749925
2026-07-01,17,day_ahead_price,105.98698678099117,104.50250075
2026-07-01,18,day_ahead_price,140.14848504423566,122.40250025
2026-07-01,19,day_ahead_price,215.92777224354646,171.3274975
2026-07-01,20,day_ahead_price,270.37772930917487,236.135002
2026-07-01,21,day_ahead_price,233.03648998860427,249.29000100000002
2026-07-01,22,day_ahead_price,216.73566923360426,202.80750275
2026-07-01,23,day_ahead_price,154.299879482197,158.57000349999998
2026-07-02,0,day_ahead_price,145.29254028525494,161.204998
2026-07-02,1,day_ahead_price,132.83869244164742,144.107502
2026-07-02,2,day_ahead_price,127.19076591553046,131.22750125
2026-07-02,3,day_ahead_price,121.83614424543107,119.41000174999999
2026-07-02,4,day_ahead_price,122.19576722585067,112.670002
2026-07-02,5,day_ahead_price,124.08029345743587,111.7750015
2026-07-02,6,day_ahead_price,139.48420295519992,119.0199985
2026-07-02,7,day_ahead_price,132.64399046995442,110.3225
2026-07-02,8,day_ahead_price,117.47986738488966,88.4624995
2026-07-02,9,day_ahead_price,94.82883013013982,45.072500749999996
2026-07-02,10,day_ahead_price,76.35166091129585,4.91
2026-07-02,11,day_ahead_price,52.56811028252575,2.3925
2026-07-02,12,day_ahead_price,33.1399988468622,2.27
2026-07-02,13,day_ahead_price,23.904693463660667,2.0
2026-07-02,14,day_ahead_price,26.143415587445073,0.65
2026-07-02,15,day_ahead_price,50.502797363250394,-0.10500000000000001
2026-07-02,16,day_ahead_price,80.23765464157626,-0.0024999999999999988
2026-07-02,17,day_ahead_price,115.09294547412065,-0.015
2026-07-02,18,day_ahead_price,138.2734677590802,32.80999975
2026-07-02,19,day_ahead_price,176.09481429668423,50.81999925
2026-07-02,20,day_ahead_price,225.16189081235768,46.6224985
2026-07-02,21,day_ahead_price,216.6320100135058,51.715001
2026-07-02,22,day_ahead_price,185.49914342729483,36.05500025
2026-07-02,23,day_ahead_price,154.08730911316025,24.915
2026-07-03,0,day_ahead_price,6.30147093186919,74.91749875
2026-07-03,1,day_ahead_price,-0.6931717911141533,63.4574995
2026-07-03,2,day_ahead_price,-8.567875522926997,55.012499749999996
2026-07-03,3,day_ahead_price,-16.59536558426231,43.02000025
2026-07-03,4,day_ahead_price,-23.07802370517878,40.3824995
2026-07-03,5,day_ahead_price,-23.58050074454634,42.570001
2026-07-03,6,day_ahead_price,34.986070140132796,58.93499875
2026-07-03,7,day_ahead_price,64.20580983924849,38.455
2026-07-03,8,day_ahead_price,68.8393164900829,46.74499975
2026-07-03,9,day_ahead_price,56.66705363060269,9.03250025
2026-07-03,10,day_ahead_price,19.115767480352204,0.0475
2026-07-03,11,day_ahead_price,11.107589437361924,-0.037500000000000006
2026-07-03,12,day_ahead_price,1.5063839275399111,-0.10500000000000001
2026-07-03,13,day_ahead_price,-6.663600770544521,-0.0875
2026-07-03,14,day_ahead_price,-28.15873669332876,-0.09
2026-07-03,15,day_ahead_price,-38.12128695000571,-0.0975
2026-07-03,16,day_ahead_price,-30.597298045074893,-0.075
2026-07-03,17,day_ahead_price,0.7099865837028432,-0.01
2026-07-03,18,day_ahead_price,79.62434334830749,19.822500249999997
2026-07-03,19,day_ahead_price,121.56172108024549,45.4375
2026-07-03,20,day_ahead_price,153.24140255097117,58.99499875
2026-07-03,21,day_ahead_price,127.35331158606208,62.129999
2026-07-03,22,day_ahead_price,118.5079255147622,64.30499925000001
2026-07-03,23,day_ahead_price,102.7060206496731,91.04500025
2026-07-04,0,day_ahead_price,90.40966909626273,79.2175
2026-07-04,1,day_ahead_price,91.55478517973532,87.72999949999999
2026-07-04,2,day_ahead_price,88.88816949500959,87.95250125
2026-07-04,3,day_ahead_price,88.12304049898958,84.83
2026-07-04,4,day_ahead_price,89.62182454271922,82.56999775
2026-07-04,5,day_ahead_price,87.87441871823786,75.9400005
2026-07-04,6,day_ahead_price,78.28774759889342,74.59000025
2026-07-04,7,day_ahead_price,64.90381169070207,65.85249999999999
2026-07-04,8,day_ahead_price,29.380698786013497,28.777501
2026-07-04,9,day_ahead_price,-24.30222484614579,0.9724999999999999
2026-07-04,10,day_ahead_price,-25.3420542284978,0.0
2026-07-04,11,day_ahead_price,-15.098710184192576,-0.1275
2026-07-04,12,day_ahead_price,-11.965279570277136,-0.395
2026-07-04,13,day_ahead_price,-1.713578477048987,-4.8025
2026-07-04,14,day_ahead_price,-17.832056014414576,-5.0975
2026-07-04,15,day_ahead_price,-42.41512116422008,-2.4875
2026-07-04,16,day_ahead_price,-84.16869411032516,-0.29500000000000004
2026-07-04,17,day_ahead_price,9.690178945291422,4.93749975
2026-07-04,18,day_ahead_price,82.7096356989995,57.079999
2026-07-04,19,day_ahead_price,127.0303083411553,100.602499
2026-07-04,20,day_ahead_price,154.91051854189251,116.00000025
2026-07-04,21,day_ahead_price,141.93131507363242,119.41250025
2026-07-04,22,day_ahead_price,126.57193522778985,120.34749975
2026-07-04,23,day_ahead_price,112.8199833198024,117.1875
2026-07-05,0,day_ahead_price,115.01711906861611,108.7874985
2026-07-05,1,day_ahead_price,111.86856096968303,94.875
2026-07-05,2,day_ahead_price,108.98284456985375,84.039999
2026-07-05,3,day_ahead_price,108.0250210722766,73.9975015
2026-07-05,4,day_ahead_price,110.16597678992457,64.04499975
2026-07-05,5,day_ahead_price,111.83306843108083,58.77250025
2026-07-05,6,day_ahead_price,113.42269916599817,35.3125
2026-07-05,7,day_ahead_price,110.0164857176807,20.99999975
2026-07-05,8,day_ahead_price,83.86955782539789,15.795000000000002
2026-07-05,9,day_ahead_price,50.481612572590585,1.4949999999999999
2026-07-05,10,day_ahead_price,30.6967368982284,-0.0025
2026-07-05,11,day_ahead_price,23.171284682507366,-0.0125
2026-07-05,12,day_ahead_price,20.70477338747152,-0.1
2026-07-05,13,day_ahead_price,23.73681152286268,-0.6025
2026-07-05,14,day_ahead_price,19.2858411823948,-1.145
2026-07-05,15,day_ahead_price,21.879899569631657,-1.0025
2026-07-05,16,day_ahead_price,40.32124261523601,-0.03
2026-07-05,17,day_ahead_price,94.285797463958,2.175
2026-07-05,18,day_ahead_price,145.7462261017049,12.24000025
2026-07-05,19,day_ahead_price,148.73687698841627,34.32250025
2026-07-05,20,day_ahead_price,174.19349874806963,79.14749900000001
2026-07-05,21,day_ahead_price,159.38839798947345,95.0
2026-07-05,22,day_ahead_price,147.80440600919735,100.89249775
2026-07-05,23,day_ahead_price,134.53131249505455,102.17000025
2026-07-06,0,day_ahead_price,99.50844527760165,132.71750075
2026-07-06,1,day_ahead_price,94.98482803782738,123.790001
2026-07-06,2,day_ahead_price,95.50274164944173,118.70249975
2026-07-06,3,day_ahead_price,96.336812842874,114.09249875
2026-07-06,4,day_ahead_price,97.78264705708415,114.25
2026-07-06,5,day_ahead_price,104.41013629341182,120.045
2026-07-06,6,day_ahead_price,116.83386952619284,135.7975005
2026-07-06,7,day_ahead_price,119.00734022598914,140.394993
2026-07-06,8,day_ahead_price,110.5529887153983,135.91499925
2026-07-06,9,day_ahead_price,92.28546465537235,112.4900015
2026-07-06,10,day_ahead_price,69.7026328748209,92.98499875
2026-07-06,11,day_ahead_price,52.783793862565034,74.0374995
2026-07-06,12,day_ahead_price,47.89838681136533,43.38999975
2026-07-06,13,day_ahead_price,41.78888951025122,28.029999749999998
2026-07-06,14,day_ahead_price,46.37294728044202,22.25000025
2026-07-06,15,day_ahead_price,46.08420299358344,16.39749975
2026-07-06,16,day_ahead_price,54.8691561725876,32.2300005
2026-07-06,17,day_ahead_price,91.20205085251735,68.36000125
2026-07-06,18,day_ahead_price,112.17935537137821,101.2549995
2026-07-06,19,day_ahead_price,154.64292018793395,116.67999825000001
2026-07-06,20,day_ahead_price,158.13782293920704,132.085003
2026-07-06,21,day_ahead_price,153.08936416745433,132.71749525
2026-07-06,22,day_ahead_price,141.66429195818853,129.24999825
2026-07-06,23,day_ahead_price,125.96560030268694,121.61750025
2026-07-07,0,day_ahead_price,115.71571089705728,105.0
2026-07-07,1,day_ahead_price,111.79203203707247,107.94249925
2026-07-07,2,day_ahead_price,109.4987026655266,101.91749949999999
2026-07-07,3,day_ahead_price,107.53469099307188,97.99250025
2026-07-07,4,day_ahead_price,108.28036812552611,94.494999
2026-07-07,5,day_ahead_price,115.47401720315547,96.367502
2026-07-07,6,day_ahead_price,128.92658769931566,101.40249825000001
2026-07-07,7,day_ahead_price,135.9069772163664,110.29000099999999
2026-07-07,8,day_ahead_price,130.9743822497753,98.807501
2026-07-07,9,day_ahead_price,106.8534134465197,96.8175
2026-07-07,10,day_ahead_price,67.4926073212084,46.152500249999996
2026-07-07,11,day_ahead_price,55.31047217660216,6.465
2026-07-07,12,day_ahead_price,42.626246701292075,1.07
2026-07-07,13,day_ahead_price,30.753818191827868,1.0075
2026-07-07,14,day_ahead_price,33.6514625096845,-0.0125
2026-07-07,15,day_ahead_price,36.68903280918796,0.6925
2026-07-07,16,day_ahead_price,44.59196045688337,3.4524999999999997
2026-07-07,17,day_ahead_price,92.98893712840803,3.3675
2026-07-07,18,day_ahead_price,129.64424794174656,49.5299995
2026-07-07,19,day_ahead_price,170.34993789629797,82.19499975
2026-07-07,20,day_ahead_price,168.84676240918168,84.43749975
2026-07-07,21,day_ahead_price,150.68826641329056,88.8600005
2026-07-07,22,day_ahead_price,141.31618831772363,85.94750025
2026-07-07,23,day_ahead_price,132.19455954514302,80.00749975
2026-07-08,0,day_ahead_price,79.80825982484562,100.577499
2026-07-08,1,day_ahead_price,83.10263549270752,100.00250025
2026-07-08,2,day_ahead_price,83.93686677597205,99.99999975
2026-07-08,3,day_ahead_price,83.81268256630328,103.00249875
2026-07-08,4,day_ahead_price,85.59703366332045,107.0
2026-07-08,5,day_ahead_price,90.27661437114196,104.827501
2026-07-08,6,day_ahead_price,109.21533832856994,109.59749975
2026-07-08,7,day_ahead_price,111.4148699090575,110.56000125
2026-07-08,8,day_ahead_price,95.55420059655711,98.012499
2026-07-08,9,day_ahead_price,73.49126522348166,79.99749825
2026-07-08,10,day_ahead_price,33.71692932368594,74.63500025
2026-07-08,11,day_ahead_price,28.11149911109677,68.09749975
2026-07-08,12,day_ahead_price,23.763621598131074,47.90749925
2026-07-08,13,day_ahead_price,11.693764808440932,21.62
2026-07-08,14,day_ahead_price,4.467369928704024,12.7125
2026-07-08,15,day_ahead_price,-4.489129934994285,14.2925
2026-07-08,16,day_ahead_price,-3.690197497339625,39.79750025
2026-07-08,17,day_ahead_price,24.252071100714616,78.057499
2026-07-08,18,day_ahead_price,75.9311464265984,96.3925
2026-07-08,19,day_ahead_price,112.90928064394642,125.0
2026-07-08,20,day_ahead_price,138.1393369786526,147.83499899999998
2026-07-08,21,day_ahead_price,130.57522172747758,160.0
2026-07-08,22,day_ahead_price,112.86896849781415,158.8675005
2026-07-08,23,day_ahead_price,106.47375267888506,142.00250225
2026-07-09,0,day_ahead_price,135.6835478853696,135.7824975
2026-07-09,1,day_ahead_price,129.68552720056493,132.147499
2026-07-09,2,day_ahead_price,128.39106297668158,127.317499
2026-07-09,3,day_ahead_price,124.02501787781598,124.557501
2026-07-09,4,day_ahead_price,125.10199412041567,124.93250075
2026-07-09,5,day_ahead_price,124.35924375321274,133.89000125
2026-07-09,6,day_ahead_price,135.31658495249096,145.107502
2026-07-09,7,day_ahead_price,134.36221440190715,147.26250075000002
2026-07-09,8,day_ahead_price,129.35376048471483,138.36250125
2026-07-09,9,day_ahead_price,103.46552018717107,119.00000025
2026-07-09,10,day_ahead_price,75.92489583201164,102.0825005
2026-07-09,11,day_ahead_price,71.6799143153431,90.39000125000001
2026-07-09,12,day_ahead_price,45.29041721187136,70.07249925
2026-07-09,13,day_ahead_price,30.877220828268218,45.879999999999995
2026-07-09,14,day_ahead_price,35.39416092441428,38.72000025
2026-07-09,15,day_ahead_price,40.74635472310675,53.542499500000005
2026-07-09,16,day_ahead_price,48.37510592013802,83.97750099999999
2026-07-09,17,day_ahead_price,78.2297386876146,108.9850005
2026-07-09,18,day_ahead_price,115.33131510368825,131.07249825000002
2026-07-09,19,day_ahead_price,162.59358127483094,167.17249675
2026-07-09,20,day_ahead_price,194.20425725063814,214.78749825
2026-07-09,21,day_ahead_price,179.1020556817616,217.882496
2026-07-09,22,day_ahead_price,156.96918578993495,185.1800005
2026-07-09,23,day_ahead_price,142.22564006510237,163.46750275
2026-07-10,0,day_ahead_price,163.73855123592722,154.050003
2026-07-10,1,day_ahead_price,149.1606273624287,143.55250175
2026-07-10,2,day_ahead_price,141.04168676427756,139.91249875
2026-07-10,3,day_ahead_price,139.2524052067979,138.017498
2026-07-10,4,day_ahead_price,138.68071275677866,138.12250125
2026-07-10,5,day_ahead_price,142.56738955172753,142.53250125
2026-07-10,6,day_ahead_price,151.88249803934673,151.29000100000002
2026-07-10,7,day_ahead_price,150.8541348335995,147.852501
2026-07-10,8,day_ahead_price,142.59788693071852,134.59
2026-07-10,9,day_ahead_price,131.363188374874,122.20249749999999
2026-07-10,10,day_ahead_price,112.8063092614365,100.54999925
2026-07-10,11,day_ahead_price,105.76801973700773,78.23999975
2026-07-10,12,day_ahead_price,80.93849735410927,59.459998999999996
2026-07-10,13,day_ahead_price,68.52056143019351,37.35999975
2026-07-10,14,day_ahead_price,63.892521792945345,40.950001
2026-07-10,15,day_ahead_price,76.34789742326393,62.099999749999995
2026-07-10,16,day_ahead_price,98.19022783349288,88.38749975
2026-07-10,17,day_ahead_price,112.50233446864127,114.0925005
2026-07-10,18,day_ahead_price,133.60880005608504,128.70000075000002
2026-07-10,19,day_ahead_price,162.70837110214484,165.33749775
2026-07-10,20,day_ahead_price,186.3449400614699,187.38999925000002
2026-07-10,21,day_ahead_price,180.71835531026346,176.984997
2026-07-10,22,day_ahead_price,161.1024920429072,168.0
2026-07-10,23,day_ahead_price,140.1017183002745,154.46249775
2026-07-11,0,day_ahead_price,147.98386358541043,150.39749925
2026-07-11,1,day_ahead_price,138.5719235899616,143.904999
2026-07-11,2,day_ahead_price,133.1453648436314,141.08250425
2026-07-11,3,day_ahead_price,131.07974901619,140.6050035
2026-07-11,4,day_ahead_price,129.99939152744332,140.39249825000002
2026-07-11,5,day_ahead_price,129.58999086897967,138.89250175
2026-07-11,6,day_ahead_price,127.69489452311309,136.4050025
2026-07-11,7,day_ahead_price,119.39234760756962,124.0475005
2026-07-11,8,day_ahead_price,105.61301476887421,115.4525015
2026-07-11,9,day_ahead_price,82.49728914408158,74.1050005
2026-07-11,10,day_ahead_price,53.36409948130477,16.875
2026-07-11,11,day_ahead_price,32.87547415791091,7.155
2026-07-11,12,day_ahead_price,28.780129000322418,6.699999999999999
2026-07-11,13,day_ahead_price,21.144167365965046,5.8
2026-07-11,14,day_ahead_price,22.893336810660777,5.0975
2026-07-11,15,day_ahead_price,29.991189220121804,5.055
2026-07-11,16,day_ahead_price,41.18453458858415,9.5075
2026-07-11,17,day_ahead_price,85.18492036873336,75.1825005
2026-07-11,18,day_ahead_price,121.42008223043851,120.78499975
2026-07-11,19,day_ahead_price,144.89206798312867,141.170002
2026-07-11,20,day_ahead_price,166.19632670264852,151.892498
2026-07-11,21,day_ahead_price,165.73141396016888,156.4074975
2026-07-11,22,day_ahead_price,148.13920279446617,154.88749725
2026-07-11,23,day_ahead_price,133.12793218913657,145.60000225
2026-07-12,0,day_ahead_price,137.73390410060034,137.4424975
2026-07-12,1,day_ahead_price,131.07920984483408,131.88499825
2026-07-12,2,day_ahead_price,126.97370907319095,125.5700015
2026-07-12,3,day_ahead_price,126.14706543075731,125.09999825
2026-07-12,4,day_ahead_price,124.92839789262158,122.8825015
2026-07-12,5,day_ahead_price,124.87750122806602,119.9799995
2026-07-12,6,day_ahead_price,120.71520496033739,111.612501
2026-07-12,7,day_ahead_price,108.74467562974122,99.77499975
2026-07-12,8,day_ahead_price,99.26002738690805,62.15249925
2026-07-12,9,day_ahead_price,70.52440077605992,5.9625
2026-07-12,10,day_ahead_price,38.93435960582447,1.69
2026-07-12,11,day_ahead_price,28.27177032186618,0.1225
2026-07-12,12,day_ahead_price,23.642866883725116,-1.7625000000000002
2026-07-12,13,day_ahead_price,12.831289280848567,-0.0875
2026-07-12,14,day_ahead_price,11.109982755468788,-0.0825
2026-07-12,15,day_ahead_price,12.874339540923605,-0.7975
2026-07-12,16,day_ahead_price,41.15537628308597,0.2675
2026-07-12,17,day_ahead_price,99.83182844832687,11.7425
2026-07-12,18,day_ahead_price,116.55585696848358,93.347501
2026-07-12,19,day_ahead_price,132.0354547031003,131.827503
2026-07-12,20,day_ahead_price,153.11547897583418,140.749996
2026-07-12,21,day_ahead_price,154.73266521350126,144.48749924999998
2026-07-12,22,day_ahead_price,143.46561937088785,144.93000025
2026-07-12,23,day_ahead_price,133.5592752771061,139.31749725
2026-07-13,0,day_ahead_price,138.84665088710716,129.7300015
2026-07-13,1,day_ahead_price,129.11027393437377,124.46999725
2026-07-13,2,day_ahead_price,125.85080403541133,120.40999975
2026-07-13,3,day_ahead_price,124.45557515738804,121.2749995
2026-07-13,4,day_ahead_price,125.17664811372936,123.5024985
2026-07-13,5,day_ahead_price,128.53364147015674,133.88499825
2026-07-13,6,day_ahead_price,148.1700695060506,149.1950035
2026-07-13,7,day_ahead_price,139.35436493642356,156.682499
2026-07-13,8,day_ahead_price,124.0732430193921,138.98749725
2026-07-13,9,day_ahead_price,91.10791676369999,122.619999
2026-07-13,10,day_ahead_price,67.06722377938841,99.915001
2026-07-13,11,day_ahead_price,51.8001982963326,74.000002
2026-07-13,12,day_ahead_price,41.265303298482394,50.325002
2026-07-13,13,day_ahead_price,27.503436848561613,55.95499975
2026-07-13,14,day_ahead_price,28.720675177252133,55.0875005
2026-07-13,15,day_ahead_price,30.11887804256086,62.309999250000004
2026-07-13,16,day_ahead_price,56.08879293730892,90.3374995
2026-07-13,17,day_ahead_price,95.92614986528218,120.40000175
2026-07-13,18,day_ahead_price,136.530984978179,138.414997
2026-07-13,19,day_ahead_price,172.77476822547575,165.51749775000002
2026-07-13,20,day_ahead_price,247.452166223368,182.5599975
2026-07-13,21,day_ahead_price,201.87841249356597,168.75249875
2026-07-13,22,day_ahead_price,161.90972779002823,159.07249825
2026-07-13,23,day_ahead_price,141.08704544012835,144.04500175
2026-07-14,0,day_ahead_price,136.55418724233738,139.58499925
2026-07-14,1,day_ahead_price,132.3179988850417,133.8875005
2026-07-14,2,day_ahead_price,128.3079754004325,127.35000025
2026-07-14,3,day_ahead_price,125.91600578314421,127.21749875
2026-07-14,4,day_ahead_price,125.69817438354889,127.65000175
2026-07-14,5,day_ahead_price,131.10598302676658,135.0200005
2026-07-14,6,day_ahead_price,146.11963521303232,146.0825005
2026-07-14,7,day_ahead_price,149.74446590593507,150.0249975
2026-07-14,8,day_ahead_price,143.57840388140986,135.58749775
2026-07-14,9,day_ahead_price,122.89822911539196,121.7300015
2026-07-14,10,day_ahead_price,100.07479208001178,106.84999825
2026-07-14,11,day_ahead_price,99.6270779376272,88.14250200000001
2026-07-14,12,day_ahead_price,84.2361798952914,59.9399995
2026-07-14,13,day_ahead_price,75.36994220401591,46.9175005
2026-07-14,14,day_ahead_price,72.12410255054704,52.045
2026-07-14,15,day_ahead_price,78.21919052170979,64.8499985
2026-07-14,16,day_ahead_price,98.81307172408347,90.99499875000001
2026-07-14,17,day_ahead_price,121.05659281683226,115.68499975
2026-07-14,18,day_ahead_price,144.5482110572696,136.52250275
2026-07-14,19,day_ahead_price,184.79010315166383,158.02000049999998
2026-07-14,20,day_ahead_price,205.24635735924454,181.30999775
2026-07-14,21,day_ahead_price,185.86871820425972,175.287506
2026-07-14,22,day_ahead_price,159.71684302648796,168.7649995
2026-07-14,23,day_ahead_price,141.49366560166612,151.519997
2026-07-15,0,day_ahead_price,144.0355885825306,153.41249825
2026-07-15,1,day_ahead_price,135.45639024997692,144.44749825
2026-07-15,2,day_ahead_price,130.44581515733267,138.94499975
2026-07-15,3,day_ahead_price,130.97890531896334,135.5374985
2026-07-15,4,day_ahead_price,133.1048705368004,139.54249950000002
2026-07-15,5,day_ahead_price,135.25031169518596,148.8875005
2026-07-15,6,day_ahead_price,151.6286593831989,165.42750175
2026-07-15,7,day_ahead_price,158.8305102392399,165.78499975
2026-07-15,8,day_ahead_price,144.62714183901554,155.7874985
2026-07-15,9,day_ahead_price,125.65778449910017,135.10500150000001
2026-07-15,10,day_ahead_price,110.61807445007231,110.78750025
2026-07-15,11,day_ahead_price,91.45077021791136,94.960001
2026-07-15,12,day_ahead_price,79.26454876169525,71.44750125
2026-07-15,13,day_ahead_price,77.28628330800451,60.63250075
2026-07-15,14,day_ahead_price,76.8553230183027,60.477499
2026-07-15,15,day_ahead_price,72.64138178349643,70.07499874999999
2026-07-15,16,day_ahead_price,102.82818723302539,96.48750125
2026-07-15,17,day_ahead_price,118.1610082710209,119.0
2026-07-15,18,day_ahead_price,135.40962312076456,144.70249925
2026-07-15,19,day_ahead_price,175.1372512627837,179.22500250000002
2026-07-15,20,day_ahead_price,208.90092502480758,205.83250049999998
2026-07-15,21,day_ahead_price,210.4573782710827,201.41
2026-07-15,22,day_ahead_price,181.1501420927442,188.380001
2026-07-15,23,day_ahead_price,149.63896290895153,171.41500075
2026-07-16,0,day_ahead_price,159.79429049390615,166.0324975
2026-07-16,1,day_ahead_price,151.40958281292825,159.20000075000002
2026-07-16,2,day_ahead_price,145.09333196929907,152.88749675
2026-07-16,3,day_ahead_price,139.52542889952588,148.95500175
2026-07-16,4,day_ahead_price,142.68849188470347,151.84750375
2026-07-16,5,day_ahead_price,143.56040500869864,159.44249725
2026-07-16,6,day_ahead_price,158.48473434790515,174.887501
2026-07-16,7,day_ahead_price,159.72939887995352,172.4974975
2026-07-16,8,day_ahead_price,139.0560382832023,157.8150025
2026-07-16,9,day_ahead_price,111.40131150630162,137.19250125
2026-07-16,10,day_ahead_price,86.63717517929616,118.55750275
2026-07-16,11,day_ahead_price,61.68740778224869,107.245001
2026-07-16,12,day_ahead_price,39.25620073203489,94.6000005
2026-07-16,13,day_ahead_price,34.982312449996726,87.27749825000001
2026-07-16,14,day_ahead_price,34.20444927657961,96.32750125
2026-07-16,15,day_ahead_price,51.47528793394526,109.52499975
2026-07-16,16,day_ahead_price,89.70680450808803,119.60999875
2026-07-16,17,day_ahead_price,109.0850003748631,140.19750025
2026-07-16,18,day_ahead_price,130.73785652937536,178.9699975
2026-07-16,19,day_ahead_price,164.8965342914997,238.42499924999998
2026-07-16,20,day_ahead_price,211.5984035808916,306.6900025
2026-07-16,21,day_ahead_price,192.8104784084543,259.1875
2026-07-16,22,day_ahead_price,165.58415115164254,206.84
2026-07-16,23,day_ahead_price,142.0738430898469,180.31250375000002
2026-07-17,0,day_ahead_price,169.02861236845928,170.56499875
2026-07-17,1,day_ahead_price,157.3872872199537,161.45000075000002
2026-07-17,2,day_ahead_price,147.78551106503377,151.97500225
2026-07-17,3,day_ahead_price,141.99217294298515,143.93999875
2026-07-17,4,day_ahead_price,141.935667255177,142.89999775
2026-07-17,5,day_ahead_price,145.14852898322744,152.892498
2026-07-17,6,day_ahead_price,157.72894155457067,164.66750325
2026-07-17,7,day_ahead_price,155.69418732923705,165.4075015
2026-07-17,8,day_ahead_price,137.01224210910053,157.36249924999998
2026-07-17,9,day_ahead_price,125.76990149362015,135.41999825
2026-07-17,10,day_ahead_price,106.59322483805823,128.60499775
2026-07-17,11,day_ahead_price,91.74488409320494,113.83
2026-07-17,12,day_ahead_price,65.49058479902943,103.78750025
2026-07-17,13,day_ahead_price,55.14119667148438,98.19999874999999
2026-07-17,14,day_ahead_price,52.95407465857628,98.45000075
2026-07-17,15,day_ahead_price,65.13974087548159,105.80500025
2026-07-17,16,day_ahead_price,93.24167062160822,114.86000075
2026-07-17,17,day_ahead_price,110.82238286720487,127.7425005
2026-07-17,18,day_ahead_price,131.7371515499881,138.49500075
2026-07-17,19,day_ahead_price,170.1552968031479,152.06249975
2026-07-17,20,day_ahead_price,195.37826092503008,160.1025005
2026-07-17,21,day_ahead_price,184.32747011543043,167.41999825
2026-07-17,22,day_ahead_price,172.1669061335578,164.9075015
2026-07-17,23,day_ahead_price,146.5359553326657,158.25249875
2026-07-18,0,day_ahead_price,148.76042196156456,156.1900025
2026-07-18,1,day_ahead_price,140.43857340349604,145.36750025
2026-07-18,2,day_ahead_price,134.8688369795735,142.0
2026-07-18,3,day_ahead_price,129.41287019661803,135.300003
2026-07-18,4,day_ahead_price,129.07132351341875,132.619999
2026-07-18,5,day_ahead_price,130.1881283229081,124.97999975
2026-07-18,6,day_ahead_price,128.1962899601471,120.80000125
2026-07-18,7,day_ahead_price,122.68971085678591,112.14749925000001
2026-07-18,8,day_ahead_price,109.61466250952279,97.36000075
2026-07-18,9,day_ahead_price,86.47828509448802,44.822499750000006
2026-07-18,10,day_ahead_price,70.90966810284947,10.02
2026-07-18,11,day_ahead_price,68.7247272006905,0.315
2026-07-18,12,day_ahead_price,47.74933435596887,-0.035
2026-07-18,13,day_ahead_price,37.88348234959768,-0.7575
2026-07-18,14,day_ahead_price,33.26463656588488,-1.345
2026-07-18,15,day_ahead_price,40.33707670385621,-1.755
2026-07-18,16,day_ahead_price,59.86216069654404,-0.12000000000000002
2026-07-18,17,day_ahead_price,93.01831464140207,0.9725
2026-07-18,18,day_ahead_price,117.31070679977886,57.15999875
2026-07-18,19,day_ahead_price,139.06047512083637,105.30249975
2026-07-18,20,day_ahead_price,171.70098344554992,126.84499925
2026-07-18,21,day_ahead_price,168.27437964545936,136.00249875
2026-07-18,22,day_ahead_price,156.45152570171334,140.38500225
2026-07-18,23,day_ahead_price,145.31489406907815,138.869999
2026-07-19,0,day_ahead_price,135.89445850020138,138.69750200000001
2026-07-19,1,day_ahead_price,129.2184228220774,130.7424985
2026-07-19,2,day_ahead_price,124.9842681224654,121.8999995
2026-07-19,3,day_ahead_price,122.95032295170054,118.879999
2026-07-19,4,day_ahead_price,122.10462804106689,115.05249975
2026-07-19,5,day_ahead_price,119.82653292511026,108.9974995
2026-07-19,6,day_ahead_price,115.21478305036023,100.9524995
2026-07-19,7,day_ahead_price,97.01892660231945,86.90500075
2026-07-19,8,day_ahead_price,59.14019745657176,42.36499975
2026-07-19,9,day_ahead_price,24.532896122157027,4.05
2026-07-19,10,day_ahead_price,6.94648864688088,0.0125
2026-07-19,11,day_ahead_price,-0.6949550378093647,-0.0425
2026-07-19,12,day_ahead_price,-1.844933001448549,-0.0675
2026-07-19,13,day_ahead_price,0.9627308675946438,-0.01
2026-07-19,14,day_ahead_price,5.915674364424477,-0.0375
2026-07-19,15,day_ahead_price,3.5988220373271886,0.2525
2026-07-19,16,day_ahead_price,22.049741743985177,0.7925
2026-07-19,17,day_ahead_price,67.71184698906983,2.88
2026-07-19,18,day_ahead_price,109.196300033613,48.430001250000004
2026-07-19,19,day_ahead_price,120.52093911781917,117.18749975
2026-07-19,20,day_ahead_price,133.53148784499544,140.6175005
2026-07-19,21,day_ahead_price,126.74293205529953,145.36999875
2026-07-19,22,day_ahead_price,137.10166594304653,143.970001
2026-07-19,23,day_ahead_price,133.1893951222318,136.73249825
2026-07-20,0,day_ahead_price,133.6228776270157,147.45250325
2026-07-20,1,day_ahead_price,126.83421636268808,138.48249825
2026-07-20,2,day_ahead_price,122.5188025226271,129.21500175
2026-07-20,3,day_ahead_price,120.25694183110528,123.89500025000001
2026-07-20,4,day_ahead_price,119.03609022731857,130.342499
2026-07-20,5,day_ahead_price,125.42559689866269,138.36499775
2026-07-20,6,day_ahead_price,134.96326649226168,149.3350025
2026-07-20,7,day_ahead_price,126.55670733348947,150.617504
2026-07-20,8,day_ahead_price,111.78822771753217,130.9974995
2026-07-20,9,day_ahead_price,80.75604027696635,92.71750075
2026-07-20,10,day_ahead_price,51.547788439129825,60.7349995
2026-07-20,11,day_ahead_price,31.92405229903577,18.63249975
2026-07-20,12,day_ahead_price,20.21911236215061,14.52250025
2026-07-20,13,day_ahead_price,13.527600409982137,3.7525
2026-07-20,14,day_ahead_price,15.691548343246286,6.2375
2026-07-20,15,day_ahead_price,23.84395931789637,6.6899999999999995
2026-07-20,16,day_ahead_price,34.67501789629894,21.20999975
2026-07-20,17,day_ahead_price,59.23173792813422,76.16499999999999
2026-07-20,18,day_ahead_price,83.53369924305815,120.1124955
2026-07-20,19,day_ahead_price,122.36030688851716,159.00250225
2026-07-20,20,day_ahead_price,144.4043472086428,178.3549995
2026-07-20,21,day_ahead_price,136.3385096204969,179.8549995
2026-07-20,22,day_ahead_price,144.4079010169881,174.8149985
2026-07-20,23,day_ahead_price,129.41853674364745,159.24250025
2026-07-21,0,day_ahead_price,147.55791962597002,148.24249650000002
2026-07-21,1,day_ahead_price,140.5761180122775,149.1299975
2026-07-21,2,day_ahead_price,136.19841648938146,142.83249675000002
2026-07-21,3,day_ahead_price,133.6206689025633,138.49999625
2026-07-21,4,day_ahead_price,134.47557362733366,138.96000275
2026-07-21,5,day_ahead_price,141.21955428838288,144.16000350000002
2026-07-21,6,day_ahead_price,151.8307509852106,157.47750075
2026-07-21,7,day_ahead_price,151.28287591405035,154.42750175
2026-07-21,8,day_ahead_price,132.3203096249226,145.37750075
2026-07-21,9,day_ahead_price,103.00557152684766,114.88249975
2026-07-21,10,day_ahead_price,57.48378192491595,82.2349985
2026-07-21,11,day_ahead_price,35.46242919252396,43.72500025
2026-07-21,12,day_ahead_price,25.52416863376696,10.525
2026-07-21,13,day_ahead_price,20.70031582011392,4.0775
2026-07-21,14,day_ahead_price,24.381382516723118,3.8375
2026-07-21,15,day_ahead_price,25.8389303980479,14.3425
2026-07-21,16,day_ahead_price,50.30078679418348,60.44749925
2026-07-21,17,day_ahead_price,94.22913935748474,101.299999
2026-07-21,18,day_ahead_price,119.873934109809,135.26250075000002
2026-07-21,19,day_ahead_price,158.06432328027495,153.705002
2026-07-21,20,day_ahead_price,192.49200598130028,171.73999799999999
2026-07-21,21,day_ahead_price,189.5845306313809,170.39749925
2026-07-21,22,day_ahead_price,173.1187836362239,163.26749825000002
2026-07-21,23,day_ahead_price,154.3875562459176,151.4375
2026-07-22,0,day_ahead_price,144.39061660792572,137.24249675
2026-07-22,1,day_ahead_price,141.5857114113163,128.369999
2026-07-22,2,day_ahead_price,137.80271216676232,124.02250125
2026-07-22,3,day_ahead_price,135.58038968361515,119.7175005
2026-07-22,4,day_ahead_price,138.31372430800994,116.68000025
2026-07-22,5,day_ahead_price,141.63332746117345,112.43249899999999
2026-07-22,6,day_ahead_price,152.88234926749337,119.302498
2026-07-22,7,day_ahead_price,154.09440954146547,123.64000125
2026-07-22,8,day_ahead_price,140.9357333593959,111.7800025
2026-07-22,9,day_ahead_price,106.10854544943354,90.37249925
2026-07-22,10,day_ahead_price,67.57272418927818,67.102502
2026-07-22,11,day_ahead_price,46.248990055190134,32.999999
2026-07-22,12,day_ahead_price,33.02028431099989,12.3225
2026-07-22,13,day_ahead_price,26.621980239949735,2.775
2026-07-22,14,day_ahead_price,34.48991836109584,1.81
2026-07-22,15,day_ahead_price,33.10339079039777,2.1825
2026-07-22,16,day_ahead_price,51.607639492936926,9.91250025
2026-07-22,17,day_ahead_price,89.11587341844596,63.3125005
2026-07-22,18,day_ahead_price,120.45414631423111,107.34249875
2026-07-22,19,day_ahead_price,168.8935087089191,127.8324985
2026-07-22,20,day_ahead_price,198.64084292293074,137.529999
2026-07-22,21,day_ahead_price,192.6653424727884,142.375
2026-07-22,22,day_ahead_price,170.9912809709558,141.2075005
2026-07-22,23,day_ahead_price,156.1274483069352,133.272499
2026-07-23,0,day_ahead_price,130.41086426487658,134.48500074999998
2026-07-23,1,day_ahead_price,124.61006450348293,136.02000025
2026-07-23,2,day_ahead_price,122.63669795765881,133.1399995
2026-07-23,3,day_ahead_price,118.71042000675902,132.404999
2026-07-23,4,day_ahead_price,119.7859664295212,135.61750025
2026-07-23,5,day_ahead_price,120.67137860787484,137.70000475
2026-07-23,6,day_ahead_price,132.10735812474817,158.8675005
2026-07-23,7,day_ahead_price,129.90180879779894,167.744999
2026-07-23,8,day_ahead_price,112.66998432804613,160.00749975
2026-07-23,9,day_ahead_price,77.07361798968711,134.50000025
2026-07-23,10,day_ahead_price,39.90139077764724,103.58749974999999
2026-07-23,11,day_ahead_price,22.658588303246766,82.1499995
2026-07-23,12,day_ahead_price,7.282562756925765,33.53000075
2026-07-23,13,day_ahead_price,-4.35421745628507,8.450000249999999
2026-07-23,14,day_ahead_price,-9.127451280880654,4.9425
2026-07-23,15,day_ahead_price,1.887759366456578,7.0
2026-07-23,16,day_ahead_price,23.005360027721682,27.0624995
2026-07-23,17,day_ahead_price,70.8626953334145,96.632501
2026-07-23,18,day_ahead_price,116.46771574154366,142.57999975
2026-07-23,19,day_ahead_price,153.3819896558335,166.100002
2026-07-23,20,day_ahead_price,195.12564954293725,184.82749925000002
2026-07-23,21,day_ahead_price,191.8195107733329,189.999996
2026-07-23,22,day_ahead_price,157.43784573243872,186.5424995
2026-07-23,23,day_ahead_price,141.1401757249186,170.41999825
2026-07-24,0,day_ahead_price,152.13091461892245,161.00249875
2026-07-24,1,day_ahead_price,149.8511541072587,157.0974995
2026-07-24,2,day_ahead_price,142.1565773568224,150.817501
2026-07-24,3,day_ahead_price,139.8192473302324,143.80750275
2026-07-24,4,day_ahead_price,144.41860591128523,144.2050055
2026-07-24,5,day_ahead_price,146.3244001990588,150.720001
2026-07-24,6,day_ahead_price,164.69431268427664,159.630001
2026-07-24,7,day_ahead_price,163.47644038396783,162.24999624999998
2026-07-24,8,day_ahead_price,143.3961044887866,159.95999899999998
2026-07-24,9,day_ahead_price,115.64453005431794,132.86250125
2026-07-24,10,day_ahead_price,90.17593315047141,105.057499
2026-07-24,11,day_ahead_price,59.98300530013098,78.7924995
2026-07-24,12,day_ahead_price,37.547833929999285,48.794999499999996
2026-07-24,13,day_ahead_price,24.155804762777574,23.98500025
2026-07-24,14,day_ahead_price,22.80755202754024,8.0
2026-07-24,15,day_ahead_price,33.23964958451572,16.79000025
2026-07-24,16,day_ahead_price,66.63548464922694,68.2425005
2026-07-24,17,day_ahead_price,99.42611615809439,112.6949995
2026-07-24,18,day_ahead_price,130.95577998515225,150.0
2026-07-24,19,day_ahead_price,167.3123286207179,176.72749725
2026-07-24,20,day_ahead_price,199.98833696655902,201.14749925
2026-07-24,21,day_ahead_price,189.32536660404918,204.20000100000001
2026-07-24,22,day_ahead_price,167.92650597532554,194.90250025
2026-07-24,23,day_ahead_price,153.59801343615894,180.114998
2026-07-25,0,day_ahead_price,169.19723192945412,166.29499825
2026-07-25,1,day_ahead_price,166.73640404887226,161.32
2026-07-25,2,day_ahead_price,162.8207977368747,159.0999985
2026-07-25,3,day_ahead_price,156.43624005374915,156.9799995
2026-07-25,4,day_ahead_price,152.90905325872328,145.10999700000002
2026-07-25,5,day_ahead_price,141.67561311228616,134.0075035
2026-07-25,6,day_ahead_price,134.15033336550928,127.61999725
2026-07-25,7,day_ahead_price,126.93219558493524,115.160002
2026-07-25,8,day_ahead_price,116.45763449602977,83.340002
2026-07-25,9,day_ahead_price,83.01530101439639,11.16999975
2026-07-25,10,day_ahead_price,67.72197966131226,-0.11750000000000001
2026-07-25,11,day_ahead_price,60.437120678352244,-2.6075
2026-07-25,12,day_ahead_price,45.01188389378426,-5.505
2026-07-25,13,day_ahead_price,21.259345258966142,-8.0
2026-07-25,14,day_ahead_price,15.860443888416695,-12.67
2026-07-25,15,day_ahead_price,15.422871013476676,-3.3275
2026-07-25,16,day_ahead_price,35.20560830589852,-0.3225
2026-07-25,17,day_ahead_price,86.86674990091092,11.3699995
2026-07-25,18,day_ahead_price,127.52581730047203,90.867501
2026-07-25,19,day_ahead_price,149.7179380853171,141.0475005
2026-07-25,20,day_ahead_price,167.05200061522007,156.3825
2026-07-25,21,day_ahead_price,183.88767926694922,168.95000075000002
2026-07-25,22,day_ahead_price,179.3471164486735,165.482502
2026-07-25,23,day_ahead_price,168.56968762119004,159.99999975
2026-07-26,0,day_ahead_price,159.60405139617666,152.715
2026-07-26,1,day_ahead_price,152.93142737420501,147.779999
2026-07-26,2,day_ahead_price,148.37402848116966,146.999996
2026-07-26,3,day_ahead_price,141.75611446178598,150.16500100000002
2026-07-26,4,day_ahead_price,139.6040048698204,144.68000025
2026-07-26,5,day_ahead_price,133.30316562379193,136.29249950000002
2026-07-26,6,day_ahead_price,130.97483889818338,123.864998
2026-07-26,7,day_ahead_price,113.30892638123422,110.07250025
2026-07-26,8,day_ahead_price,78.60401750320469,108.460001
2026-07-26,9,day_ahead_price,28.88913728814947,76.41749875
2026-07-26,10,day_ahead_price,15.809326254282588,11.53000025
2026-07-26,11,day_ahead_price,17.866889253520448,-0.0025
2026-07-26,12,day_ahead_price,18.115164908340226,-0.02
2026-07-26,13,day_ahead_price,2.6320914674268288,-0.005
2026-07-26,14,day_ahead_price,-3.5373364251788377,0.24
2026-07-26,15,day_ahead_price,-8.808659032487242,0.6275
2026-07-26,16,day_ahead_price,2.980635613559535,9.21750025
2026-07-26,17,day_ahead_price,45.29946404146858,58.79000175
2026-07-26,18,day_ahead_price,114.10745316170835,107.61750024999999
2026-07-26,19,day_ahead_price,158.6385105897968,137.64250175
2026-07-26,20,day_ahead_price,169.5851629225369,155.13999950000002
2026-07-26,21,day_ahead_price,184.62944694762825,152.887501
2026-07-26,22,day_ahead_price,161.50033996434357,148.39499675000002
2026-07-26,23,day_ahead_price,150.7213750108332,136.79500000000002
2026-07-27,0,day_ahead_price,134.07508471567894,84.09750175
2026-07-27,1,day_ahead_price,128.1010833727493,69.745001
2026-07-27,2,day_ahead_price,122.44415564530782,61.09000025
2026-07-27,3,day_ahead_price,119.99032088352423,61.362499
2026-07-27,4,day_ahead_price,117.82564143418905,70.0650005
2026-07-27,5,day_ahead_price,123.32656998556807,86.40000075
2026-07-27,6,day_ahead_price,134.34889373901655,113.1624985
2026-07-27,7,day_ahead_price,140.0779990804119,113.32249999999999
2026-07-27,8,day_ahead_price,130.32583325903138,105.9174975
2026-07-27,9,day_ahead_price,101.9295927600433,74.17749875
2026-07-27,10,day_ahead_price,72.11622306411917,23.6525
2026-07-27,11,day_ahead_price,49.49994860761204,1.655
2026-07-27,12,day_ahead_price,36.50842436471054,0.4675
2026-07-27,13,day_ahead_price,21.014674117339503,0.9375
2026-07-27,14,day_ahead_price,21.91060273026651,-0.01
2026-07-27,15,day_ahead_price,26.96692861359655,-0.0325
2026-07-27,16,day_ahead_price,46.30376592671118,0.0275
2026-07-27,17,day_ahead_price,76.38140161491538,14.0875
2026-07-27,18,day_ahead_price,114.0951906276346,83.89250125
2026-07-27,19,day_ahead_price,148.81380406598285,124.385
2026-07-27,20,day_ahead_price,168.00836425363678,133.3449995
2026-07-27,21,day_ahead_price,152.41116689654746,147.58749775
2026-07-27,22,day_ahead_price,147.75737467546972,148.3099975
2026-07-27,23,day_ahead_price,139.34464021961193,145.4974975
2026-07-28,0,day_ahead_price,133.86234802419673,158.295002
2026-07-28,1,day_ahead_price,127.73348803914479,147.782501
2026-07-28,2,day_ahead_price,124.2783259734388,140.7975005
2026-07-28,3,day_ahead_price,122.66732098181953,135.107502
2026-07-28,4,day_ahead_price,125.00497155348093,134.8125
2026-07-28,5,day_ahead_price,132.61421969571583,137.60999675
2026-07-28,6,day_ahead_price,163.19794412280837,152.52999875
2026-07-28,7,day_ahead_price,160.6752123364219,150.9000015
2026-07-28,8,day_ahead_price,141.24737768826662,143.1949995
2026-07-28,9,day_ahead_price,102.66331053703674,115.41750125
2026-07-28,10,day_ahead_price,68.08077251485246,40.169999499999996
2026-07-28,11,day_ahead_price,45.14956466784066,3.5725
2026-07-28,12,day_ahead_price,31.74471068212157,0.17500000000000002
2026-07-28,13,day_ahead_price,19.966619329410307,1.2275
2026-07-28,14,day_ahead_price,18.879301814588626,1.2525
2026-07-28,15,day_ahead_price,28.94747331920896,3.4575
2026-07-28,16,day_ahead_price,73.12104873519836,44.2350005
2026-07-28,17,day_ahead_price,112.99751883026659,106.89000125
2026-07-28,18,day_ahead_price,136.28022462676364,155.4624995
2026-07-28,19,day_ahead_price,184.97763564444398,195.4400025
2026-07-28,20,day_ahead_price,236.79483779284925,215.56249975
2026-07-28,21,day_ahead_price,212.3976390695212,209.9275055
2026-07-28,22,day_ahead_price,176.4423056868469,193.95749675000002
2026-07-28,23,day_ahead_price,156.2217103371764,171.6349985
2026-07-29,0,day_ahead_price,145.06807236996676,152.4225045
2026-07-29,1,day_ahead_price,141.63931316829854,147.24000175
2026-07-29,2,day_ahead_price,134.35442804884823,136.720001
2026-07-29,3,day_ahead_price,130.72849892522376,135.00249875
2026-07-29,4,day_ahead_price,131.53235143906946,139.61750025
2026-07-29,5,day_ahead_price,135.36437483023198,147.14499675000002
2026-07-29,6,day_ahead_price,145.92732951038425,166.5825005
2026-07-29,7,day_ahead_price,145.57558319458923,159.7850035
2026-07-29,8,day_ahead_price,135.92774129241946,145.4074975
2026-07-29,9,day_ahead_price,104.04944250319733,122.02750025
2026-07-29,10,day_ahead_price,67.15212920713856,84.640001
2026-07-29,11,day_ahead_price,36.173937737590805,29.034999749999997
2026-07-29,12,day_ahead_price,21.739592148132687,2.8575
2026-07-29,13,day_ahead_price,16.093117893966085,2.0324999999999998
2026-07-29,14,day_ahead_price,15.813325217264637,1.4775
2026-07-29,15,day_ahead_price,24.028645264179218,8.56500025
2026-07-29,16,day_ahead_price,59.23709969505136,76.09
2026-07-29,17,day_ahead_price,82.24617394343463,125.00999825
2026-07-29,18,day_ahead_price,125.37265625634588,162.1675035
2026-07-29,19,day_ahead_price,177.71593427510118,242.7975045
2026-07-29,20,day_ahead_price,251.73612912994278,261.7950095
2026-07-29,21,day_ahead_price,244.72803141340378,224.397499
2026-07-29,22,day_ahead_price,174.44217362847567,192.92500275
2026-07-29,23,day_ahead_price,172.79887448277856,167.232502
2026-07-30,0,day_ahead_price,151.1989419788719,149.75500125
2026-07-30,1,day_ahead_price,142.21455349616366,142.38500225
2026-07-30,2,day_ahead_price,137.57079561774609,139.99750125
2026-07-30,3,day_ahead_price,133.55239488689352,135.210003
2026-07-30,4,day_ahead_price,132.9797767692034,132.4925005
2026-07-30,5,day_ahead_price,133.32376952191683,136.4225005
2026-07-30,6,day_ahead_price,151.14100058795836,147.1399995
2026-07-30,7,day_ahead_price,149.46639571038529,146.6900005
2026-07-30,8,day_ahead_price,136.62919372476972,138.342499
2026-07-30,9,day_ahead_price,106.68182012622805,118.54249975
2026-07-30,10,day_ahead_price,59.8190739735236,84.924999
2026-07-30,11,day_ahead_price,37.45938587216631,35.46000125
2026-07-30,12,day_ahead_price,24.09203435884608,6.0675
2026-07-30,13,day_ahead_price,17.668201542935467,4.9125
2026-07-30,14,day_ahead_price,19.22419986149013,17.29750075
2026-07-30,15,day_ahead_price,23.989417555107277,67.02249975000001
2026-07-30,16,day_ahead_price,53.041992192589944,99.6975
2026-07-30,17,day_ahead_price,114.68592300855161,126.58000175
2026-07-30,18,day_ahead_price,165.93425821406913,148.937496
2026-07-30,19,day_ahead_price,217.05315647791696,174.92000174999998
2026-07-30,20,day_ahead_price,239.00238925459814,197.78500350000002
2026-07-30,21,day_ahead_price,248.74651131536342,206.755001
2026-07-30,22,day_ahead_price,185.1751628947854,190.2975005
2026-07-30,23,day_ahead_price,171.8103458600563,170.829998
2026-07-31,0,day_ahead_price,147.44178088048577,168.16500075
2026-07-31,1,day_ahead_price,142.67800904359936,162.7199975
2026-07-31,2,day_ahead_price,141.98558986961862,154.829998
2026-07-31,3,day_ahead_price,139.11501370583505,153.47999975
2026-07-31,4,day_ahead_price,141.76012890943687,154.454998
2026-07-31,5,day_ahead_price,148.60751398625257,163.0949975
2026-07-31,6,day_ahead_price,176.83688769622688,177.61000075
2026-07-31,7,day_ahead_price,172.96639729942294,172.364998
2026-07-31,8,day_ahead_price,160.10351003217727,159.1324995
2026-07-31,9,day_ahead_price,123.694349033076,142.25249875
2026-07-31,10,day_ahead_price,95.18222335046644,123.20249749999999
2026-07-31,11,day_ahead_price,76.50367506182465,102.2875005
2026-07-31,12,day_ahead_price,53.29834396715178,94.11249925
2026-07-31,13,day_ahead_price,36.71285797938448,83.26749975
2026-07-31,14,day_ahead_price,33.32794608866378,86.285
2026-07-31,15,day_ahead_price,55.972375425460335,101.7749995
2026-07-31,16,day_ahead_price,95.08126834280091,119.21499825
2026-07-31,17,day_ahead_price,141.89035131203707,144.522503
2026-07-31,18,day_ahead_price,183.59246822394022,162.00250225
2026-07-31,19,day_ahead_price,363.84935916643553,187.43750375000002
2026-07-31,20,day_ahead_price,694.7143503138632,194.8099975
2026-07-31,21,day_ahead_price,455.62203096451066,196.54499825
2026-07-31,22,day_ahead_price,233.83584252208198,191.329998
2026-07-31,23,day_ahead_price,231.98374859019836,170.052498
2026-08-01,0,day_ahead_price,158.06903504371095,169.1850015
2026-08-01,1,day_ahead_price,151.90850498995394,162.369999
2026-08-01,2,day_ahead_price,149.28187809699438,156.642498
2026-08-01,3,day_ahead_price,147.20222241022086,154.24500275
2026-08-01,4,day_ahead_price,147.04233836632,154.0424995
2026-08-01,5,day_ahead_price,140.64763263703668,155.0025025
2026-08-01,6,day_ahead_price,150.32848076213253,154.31749725
2026-08-01,7,day_ahead_price,138.99980355030794,146.42250074999998
2026-08-01,8,day_ahead_price,118.07507472126586,140.47749725
2026-08-01,9,day_ahead_price,90.7712853836442,122.7675
2026-08-01,10,day_ahead_price,80.77476803012992,97.51999875
2026-08-01,11,day_ahead_price,80.48567971913367,54.55500175
2026-08-01,12,day_ahead_price,63.51003283257003,16.0475
2026-08-01,13,day_ahead_price,40.470515896704,5.0
2026-08-01,14,day_ahead_price,33.77942555778597,3.5775
2026-08-01,15,day_ahead_price,41.778889401478175,4.9975000000000005
2026-08-01,16,day_ahead_price,63.64971189117492,43.644999999999996
2026-08-01,17,day_ahead_price,97.03971656181287,104.909998
2026-08-01,18,day_ahead_price,136.26409375228369,142.70250099999998
2026-08-01,19,day_ahead_price,172.99111118694623,167.45000075000002
2026-08-01,20,day_ahead_price,197.3421168296042,180.67250075
2026-08-01,21,day_ahead_price,207.2568110356434,180.467499
2026-08-01,22,day_ahead_price,186.59037894075925,178.5475005
2026-08-01,23,day_ahead_price,170.09979807784052,170.0
2026-08-02,0,day_ahead_price,152.2282540612461,169.32250225
2026-08-02,1,day_ahead_price,147.2317179838645,159.86999925
2026-08-02,2,day_ahead_price,140.98796992428285,156.77249925
2026-08-02,3,day_ahead_price,138.3129047595992,154.21249775
2026-08-02,4,day_ahead_price,135.59955238550938,153.28499975
2026-08-02,5,day_ahead_price,132.7946885625071,158.82749925000002
2026-08-02,6,day_ahead_price,122.03727379013458,151.1074985
2026-08-02,7,day_ahead_price,115.70044218435763,138.6775
2026-08-02,8,day_ahead_price,92.72624217466695,122.180002
2026-08-02,9,day_ahead_price,59.738878521506486,62.084998999999996
2026-08-02,10,day_ahead_price,43.3772779262488,3.0599999999999996
2026-08-02,11,day_ahead_price,8.963403640462566,0.2725
2026-08-02,12,day_ahead_price,4.729425600902903,2.025
2026-08-02,13,day_ahead_price,1.6498447104046168,2.2125
2026-08-02,14,day_ahead_price,1.0110404426137833,2.025
2026-08-02,15,day_ahead_price,13.165567675741698,3.72
2026-08-02,16,day_ahead_price,38.883289365010484,8.3075
2026-08-02,17,day_ahead_price,77.5770507210261,92.8375005
2026-08-02,18,day_ahead_price,126.11287834956025,146.36499975
2026-08-02,19,day_ahead_price,150.88000840699857,176.267498
2026-08-02,20,day_ahead_price,164.21166085331743,185.3425025
2026-08-02,21,day_ahead_price,167.64460525994295,177.1150015
2026-08-02,22,day_ahead_price,165.2022285634972,167.0475005
2026-08-02,23,day_ahead_price,156.8937024099742,151.8300015
2026-08-03,0,day_ahead_price,140.19543127984633,138.65999975
2026-08-03,1,day_ahead_price,133.96122954797613,134.27750025
2026-08-03,2,day_ahead_price,131.30183232619683,131.23500075
2026-08-03,3,day_ahead_price,134.91179884237278,129.22249625
2026-08-03,4,day_ahead_price,135.2505573725114,132.0024985
2026-08-03,5,day_ahead_price,137.24323125406588,142.79750075
2026-08-03,6,day_ahead_price,167.37362806603727,168.22250375
2026-08-03,7,day_ahead_price,174.71746366666386,164.335003
2026-08-03,8,day_ahead_price,152.3466787635493,150.0
2026-08-03,9,day_ahead_price,111.44780875490639,134.4024985
2026-08-03,10,day_ahead_price,72.86284131010216,110.1875
2026-08-03,11,day_ahead_price,48.1170318083875,64.52750025
2026-08-03,12,day_ahead_price,27.29442590348489,20.89250025
2026-08-03,13,day_ahead_price,26.94525471676478,14.2525005
2026-08-03,14,day_ahead_price,28.712665141367832,21.34499975
2026-08-03,15,day_ahead_price,29.325771267574183,59.607501
2026-08-03,16,day_ahead_price,50.96318371901461,102.48749925
2026-08-03,17,day_ahead_price,86.94613440950916,138.51000225
2026-08-03,18,day_ahead_price,126.58634635494572,161.919998
2026-08-03,19,day_ahead_price,152.61123159299558,198.4174995
2026-08-03,20,day_ahead_price,167.05662558552524,203.56999575
2026-08-03,21,day_ahead_price,161.32202094512593,186.4375
2026-08-03,22,day_ahead_price,153.11731828959893,172.85749825
2026-08-03,23,day_ahead_price,143.3018189897186,156.22500250000002
2026-08-04,0,day_ahead_price,136.76991321184863,153.12000275
2026-08-04,1,day_ahead_price,134.87510555223605,143.80999775
2026-08-04,2,day_ahead_price,132.0038049320288,138.10250100000002
2026-08-04,3,day_ahead_price,131.20886798629112,136.300003
2026-08-04,4,day_ahead_price,132.22675640342538,142.299999
2026-08-04,5,day_ahead_price,135.8772129598898,154.59000025
2026-08-04,6,day_ahead_price,150.90430556437406,165.675003
2026-08-04,7,day_ahead_price,153.09984208076318,169.20499825000002
2026-08-04,8,day_ahead_price,145.25561728653946,161.49000175
2026-08-04,9,day_ahead_price,110.31443774778559,146.537504
2026-08-04,10,day_ahead_price,68.36996309828048,124.1449985
2026-08-04,11,day_ahead_price,45.18970996464451,103.68000025
2026-08-04,12,day_ahead_price,29.60569117159909,87.3125
2026-08-04,13,day_ahead_price,22.07354886632799,76.464998
2026-08-04,14,day_ahead_price,21.20641927127695,84.06250025
2026-08-04,15,day_ahead_price,36.843849717971906,108.675001
2026-08-04,16,day_ahead_price,50.1609652327673,125.9450015
2026-08-04,17,day_ahead_price,93.18515961762873,151.352497
2026-08-04,18,day_ahead_price,146.34368910899278,167.5600015
2026-08-04,19,day_ahead_price,178.10780525346442,226.829998
2026-08-04,20,day_ahead_price,196.78754576149555,239.55249775000001
2026-08-04,21,day_ahead_price,192.22061124272523,212.0
2026-08-04,22,day_ahead_price,170.95773139551338,184.67499525
2026-08-04,23,day_ahead_price,150.6943151109026,161.68500125
2026-08-05,0,day_ahead_price,149.10387592612574,154.36000075
2026-08-05,1,day_ahead_price,140.80578983063307,148.74499525
2026-08-05,2,day_ahead_price,136.18947265153926,147.192501
2026-08-05,3,day_ahead_price,136.8567443961876,143.345001
2026-08-05,4,day_ahead_price,140.91560280694372,138.07749575
2026-08-05,5,day_ahead_price,149.33522289615462,136.19750225
2026-08-05,6,day_ahead_price,181.4597829608115,138.9999965
2026-08-05,7,day_ahead_price,187.42177485255866,149.19499975
2026-08-05,8,day_ahead_price,179.0172764243112,138.92500124999998
2026-08-05,9,day_ahead_price,161.21549406024042,112.03750050000001
2026-08-05,10,day_ahead_price,130.9673088268285,64.7424995
2026-08-05,11,day_ahead_price,93.7406654194634,9.665000000000001
2026-08-05,12,day_ahead_price,68.84131114659533,2.67
2026-08-05,13,day_ahead_price,61.70777908540597,2.705
2026-08-05,14,day_ahead_price,62.89089978308583,2.4625000000000004
2026-08-05,15,day_ahead_price,74.41896645063852,0.5800000000000001
2026-08-05,16,day_ahead_price,109.7100541414546,7.765000000000001
2026-08-05,17,day_ahead_price,153.52909336932444,60.38249975
2026-08-05,18,day_ahead_price,193.384873382891,119.8949985
2026-08-05,19,day_ahead_price,243.24288823413707,158.53000275
2026-08-05,20,day_ahead_price,238.29370310005194,169.09999875
2026-08-05,21,day_ahead_price,215.44667003089396,173.01250075000002
2026-08-05,22,day_ahead_price,186.41241313806128,168.07499725
2026-08-05,23,day_ahead_price,167.18117714899003,157.170002
2026-08-06,0,day_ahead_price,151.49361878418742,148.37500025
2026-08-06,1,day_ahead_price,144.0493646368068,141.609997
2026-08-06,2,day_ahead_price,139.0186663252531,127.55000125000001
2026-08-06,3,day_ahead_price,134.4818588005296,121.12999925
2026-08-06,4,day_ahead_price,133.434096456273,116.82750125
2026-08-06,5,day_ahead_price,138.82208188974656,119.034998
2026-08-06,6,day_ahead_price,156.6491342769408,123.000002
2026-08-06,7,day_ahead_price,139.6854974645388,126.44999899999999
2026-08-06,8,day_ahead_price,123.88642074853325,108.7299995
2026-08-06,9,day_ahead_price,93.37524973091502,84.5600005
2026-08-06,10,day_ahead_price,38.95366873517042,25.3000005
2026-08-06,11,day_ahead_price,-11.753563555082849,0.39
2026-08-06,12,day_ahead_price,-24.821423328796314,0.10750000000000001
2026-08-06,13,day_ahead_price,-14.705327211107246,1.3525
2026-08-06,14,day_ahead_price,-11.583328888516828,1.46
2026-08-06,15,day_ahead_price,-7.075495729108994,0.025
2026-08-06,16,day_ahead_price,20.99785724951774,0.015
2026-08-06,17,day_ahead_price,78.01355533933386,34.6425005
2026-08-06,18,day_ahead_price,120.77117594785848,80.0
2026-08-06,19,day_ahead_price,161.14304569468973,107.57250025
2026-08-06,20,day_ahead_price,206.14964717941285,125.23499724999999
2026-08-06,21,day_ahead_price,179.13919885059005,128.59249875
2026-08-06,22,day_ahead_price,162.21024628284388,136.640003
2026-08-06,23,day_ahead_price,147.87027925803588,135.097504
2026-08-07,0,day_ahead_price,133.36053842076984,130.38750075000002
2026-08-07,1,day_ahead_price,129.01543239726473,128.277502
2026-08-07,2,day_ahead_price,122.02035175158456,128.0949975
2026-08-07,3,day_ahead_price,118.81759701709268,125.41250025
2026-08-07,4,day_ahead_price,118.61439271966798,125.2675015
2026-08-07,5,day_ahead_price,122.26287581610288,131.64749925
2026-08-07,6,day_ahead_price,128.6810947548491,142.3374975
2026-08-07,7,day_ahead_price,126.89473799024876,147.11999875
2026-08-07,8,day_ahead_price,110.4245989107584,142.875002
2026-08-07,9,day_ahead_price,90.69138918923903,125.99999824999999
2026-08-07,10,day_ahead_price,50.7700148952354,101.13499825
2026-08-07,11,day_ahead_price,32.85020648607407,66.3324985
2026-08-07,12,day_ahead_price,8.542752799537814,31.0024995
2026-08-07,13,day_ahead_price,-4.57539602635137,16.747500249999998
2026-08-07,14,day_ahead_price,-9.969548415622473,21.61499975
2026-08-07,15,day_ahead_price,-9.649969950029048,46.53249825
2026-08-07,16,day_ahead_price,13.072510259510828,85.69750025
2026-08-07,17,day_ahead_price,52.013820186291255,115.505001
2026-08-07,18,day_ahead_price,97.2815286994781,140.87250125
2026-08-07,19,day_ahead_price,122.84206629162256,170.22999975
2026-08-07,20,day_ahead_price,108.82107761939304,196.39749875
2026-08-07,21,day_ahead_price,136.81273715075463,195.09749975
2026-08-07,22,day_ahead_price,145.99786116223362,178.39750275
2026-08-07,23,day_ahead_price,142.1051713383138,165.72249575
2026-08-08,0,day_ahead_price,151.3044108621666,155.23249825
2026-08-08,1,day_ahead_price,144.17336978022655,148.694996
2026-08-08,2,day_ahead_price,138.6712017083877,144.85999700000002
2026-08-08,3,day_ahead_price,133.43243300569208,143.6399995
2026-08-08,4,day_ahead_price,135.6633934807608,141.51750175
2026-08-08,5,day_ahead_price,142.71403218266778,144.334999
2026-08-08,6,day_ahead_price,139.99970460291334,146.04000075
2026-08-08,7,day_ahead_price,138.279323373898,137.6974965
2026-08-08,8,day_ahead_price,127.35363150502417,115.0324995
2026-08-08,9,day_ahead_price,98.12354316336935,62.5449995
2026-08-08,10,day_ahead_price,65.6542024711337,4.5125
2026-08-08,11,day_ahead_price,27.454517277736233,1.885
2026-08-08,12,day_ahead_price,15.494348043941784,1.025
2026-08-08,13,day_ahead_price,7.65764605190631,0.0
2026-08-08,14,day_ahead_price,9.189371224520121,0.5525
2026-08-08,15,day_ahead_price,21.854212050928986,0.7125
2026-08-08,16,day_ahead_price,60.23584873279301,1.6824999999999999
2026-08-08,17,day_ahead_price,110.97182833902536,67.76750150000001
2026-08-08,18,day_ahead_price,130.82124259367905,139.1875
2026-08-08,19,day_ahead_price,186.51264970584205,167.2800025
2026-08-08,20,day_ahead_price,215.48314505985985,183.94750175
2026-08-08,21,day_ahead_price,212.12708095787397,179.420002
2026-08-08,22,day_ahead_price,190.89914866720792,170.84999475
2026-08-08,23,day_ahead_price,171.49927180298806,154.420002
2026-08-09,0,day_ahead_price,144.749897131598,145.27499775
2026-08-09,1,day_ahead_price,139.46120165219878,139.34499725
2026-08-09,2,day_ahead_price,133.97058015824942,136.442501
2026-08-09,3,day_ahead_price,131.36349029843078,133.95000075000002
2026-08-09,4,day_ahead_price,126.74634946653647,134.02750025
2026-08-09,5,day_ahead_price,126.77169862252444,135.0000035
2026-08-09,6,day_ahead_price,115.77033839070762,131.79749875
2026-08-09,7,day_ahead_price,111.77642047763406,118.07250225
2026-08-09,8,day_ahead_price,90.44714012087871,91.59250175
2026-08-09,9,day_ahead_price,44.2079463687933,27.28750025
2026-08-09,10,day_ahead_price,4.495314231836723,0.44
2026-08-09,11,day_ahead_price,-17.2711978646711,0.0925
2026-08-09,12,day_ahead_price,-22.26966691162128,0.022500000000000003
2026-08-09,13,day_ahead_price,-10.733670533985082,0.0
2026-08-09,14,day_ahead_price,-10.52277425040025,-0.01
2026-08-09,15,day_ahead_price,-25.592167796804773,-0.015
2026-08-09,16,day_ahead_price,-14.032200062208553,3.8049999999999997
2026-08-09,17,day_ahead_price,50.83482163384433,81.90000025
2026-08-09,18,day_ahead_price,100.69768535912249,150.58249849999999
2026-08-09,19,day_ahead_price,127.31201447196895,167.98749925
2026-08-09,20,day_ahead_price,136.2662883394386,175.607498
2026-08-09,21,day_ahead_price,141.11853082899722,174.13249625
2026-08-09,22,day_ahead_price,152.98434074081516,170.00000375
2026-08-09,23,day_ahead_price,148.51481450331923,157.0
2026-08-10,0,day_ahead_price,146.15576079792245,146.375
2026-08-10,1,day_ahead_price,138.88264065428922,137.6450005
2026-08-10,2,day_ahead_price,135.36440358577545,131.16750150000001
2026-08-10,3,day_ahead_price,131.21189467577588,126.7325
2026-08-10,4,day_ahead_price,133.453579070053,127.430002
2026-08-10,5,day_ahead_price,141.40261357581207,143.07500075000002
2026-08-10,6,day_ahead_price,162.14867572600798,163.26499925
2026-08-10,7,day_ahead_price,162.00739839929292,164.7125015
2026-08-10,8,day_ahead_price,145.16407823389147,160.88500225
2026-08-10,9,day_ahead_price,112.61360405088065,138.88249975
2026-08-10,10,day_ahead_price,76.41053999315456,111.7299995
2026-08-10,11,day_ahead_price,41.32532472113847,79.307501
2026-08-10,12,day_ahead_price,24.970849825244258,39.25499975
2026-08-10,13,day_ahead_price,19.731034886559126,10.93750025
2026-08-10,14,day_ahead_price,22.73329895065051,7.5425
2026-08-10,15,day_ahead_price,40.67797524076467,10.165
2026-08-10,16,day_ahead_price,78.1529703375763,42.200001
2026-08-10,17,day_ahead_price,115.0795156306498,58.79999925
2026-08-10,18,day_ahead_price,157.65368934528195,85.21999925
2026-08-10,19,day_ahead_price,216.9769565684847,123.79999925
2026-08-10,20,day_ahead_price,251.03535869805137,135.00000375
2026-08-10,21,day_ahead_price,217.87191211096265,135.8174975
2026-08-10,22,day_ahead_price,179.70691589710336,132.4699975
2026-08-10,23,day_ahead_price,154.77936759467767,127.45750050000001
2026-08-11,0,day_ahead_price,128.57109881110944,111.8375015
2026-08-11,1,day_ahead_price,121.85795595677398,105.79000099999999
2026-08-11,2,day_ahead_price,116.81241813203496,100.7000005
2026-08-11,3,day_ahead_price,113.92979601051171,94.72750099999999
2026-08-11,4,day_ahead_price,113.51761714951444,100.01999875
2026-08-11,5,day_ahead_price,118.03867945195105,114.82250025
2026-08-11,6,day_ahead_price,125.61731545777657,127.83500275
2026-08-11,7,day_ahead_price,125.13537663664474,135.97750100000002
2026-08-11,8,day_ahead_price,107.24632931366071,129.46249975
2026-08-11,9,day_ahead_price,69.80254487565729,108.10000050000001
2026-08-11,10,day_ahead_price,20.42587930471602,56.75499925
2026-08-11,11,day_ahead_price,-7.95385011787814,10.1525
2026-08-11,12,day_ahead_price,-4.803167924885031,1.675
2026-08-11,13,day_ahead_price,-4.576687082666091,1.6575
2026-08-11,14,day_ahead_price,-9.453940452368954,1.6199999999999999
2026-08-11,15,day_ahead_price,-8.65144798809371,4.24
2026-08-11,16,day_ahead_price,-9.441742506534077,42.74249925
2026-08-11,17,day_ahead_price,37.50008716302662,109.1450005
2026-08-11,18,day_ahead_price,104.75318593317878,145.57499875
2026-08-11,19,day_ahead_price,127.4487186325924,176.0925025
2026-08-11,20,day_ahead_price,131.30590185390048,200.4474985
2026-08-11,21,day_ahead_price,114.40248954416884,190.28999725
2026-08-11,22,day_ahead_price,129.92860831207705,172.18000425
2026-08-11,23,day_ahead_price,128.1193405925766,153.409996
2026-08-12,0,day_ahead_price,142.4874681787882,155.192501
2026-08-12,1,day_ahead_price,136.4021491280657,149.50499725
2026-08-12,2,day_ahead_price,132.75665248664154,143.29999925
2026-08-12,3,day_ahead_price,135.6144116022015,139.752502
2026-08-12,4,day_ahead_price,133.0895850033231,139.89999775
2026-08-12,5,day_ahead_price,135.2976367843262,153.4999965
2026-08-12,6,day_ahead_price,158.81260540328992,172.47999950000002
2026-08-12,7,day_ahead_price,156.9555369952231,167.54250325
2026-08-12,8,day_ahead_price,148.9599041656352,155.232502
2026-08-12,9,day_ahead_price,111.70158262437958,129.2524985
2026-08-12,10,day_ahead_price,71.63791176161881,87.42249975
2026-08-12,11,day_ahead_price,43.72545870384926,39.914999
2026-08-12,12,day_ahead_price,28.425604365029393,14.57
2026-08-12,13,day_ahead_price,22.31739729978311,13.475
2026-08-12,14,day_ahead_price,15.988342062447188,14.6975
2026-08-12,15,day_ahead_price,31.65340010923878,39.89750075
2026-08-12,16,day_ahead_price,62.081229914747965,96.39500025000001
2026-08-12,17,day_ahead_price,104.92715527746869,140.58750125
2026-08-12,18,day_ahead_price,143.9578150443469,183.6399995
2026-08-12,19,day_ahead_price,178.26134123761827,300.0
2026-08-12,20,day_ahead_price,210.93309962477855,300.420002
2026-08-12,21,day_ahead_price,220.96433476609337,229.61999874999998
2026-08-12,22,day_ahead_price,186.57858110361386,190.66249825
2026-08-12,23,day_ahead_price,161.2098090906282,172.10000225
2026-08-13,0,day_ahead_price,153.89675166883006,154.10249725
2026-08-13,1,day_ahead_price,149.3539381907015,147.59249875
2026-08-13,2,day_ahead_price,142.96749749357105,143.42250075
2026-08-13,3,day_ahead_price,141.05202141199356,142.72249975
2026-08-13,4,day_ahead_price,144.4506637635683,144.920002
2026-08-13,5,day_ahead_price,139.57340521406093,157.3974955
2026-08-13,6,day_ahead_price,152.2608680740639,174.23250175
2026-08-13,7,day_ahead_price,150.1220243297854,171.0975035
2026-08-13,8,day_ahead_price,139.10401077389452,156.79999924999998
2026-08-13,9,day_ahead_price,113.10771315789862,135.9900015
2026-08-13,10,day_ahead_price,86.272415542887,109.55750275
2026-08-13,11,day_ahead_price,53.96313837087385,55.779999000000004
2026-08-13,12,day_ahead_price,24.265125165724065,25.097499749999997
2026-08-13,13,day_ahead_price,15.717286468981019,44.695
2026-08-13,14,day_ahead_price,16.03777139254226,26.967499500000002
2026-08-13,15,day_ahead_price,30.70560180151437,48.73749875
2026-08-13,16,day_ahead_price,68.65917894248267,111.4375
2026-08-13,17,day_ahead_price,110.86051055938421,149.96999925
2026-08-13,18,day_ahead_price,137.47402882279698,203.99749775
2026-08-13,19,day_ahead_price,161.42141156292698,326.600006
2026-08-13,20,day_ahead_price,195.87367410314764,338.862503
2026-08-13,21,day_ahead_price,186.39525647233665,270.010002
2026-08-13,22,day_ahead_price,176.37058187023044,213.48249850000002
2026-08-13,23,day_ahead_price,161.76817163531598,175.04499825
2026-08-14,0,day_ahead_price,162.5987690896384,158.41500100000002
2026-08-14,1,day_ahead_price,155.11000379233926,151.3499985
2026-08-14,2,day_ahead_price,151.4252088808534,145.72999575
2026-08-14,3,day_ahead_price,150.548191360453,142.0499955
2026-08-14,4,day_ahead_price,149.2437468954265,143.9074975
2026-08-14,5,day_ahead_price,150.33840610587117,154.6974985
2026-08-14,6,day_ahead_price,170.8812667573819,171.95999899999998
2026-08-14,7,day_ahead_price,163.88248017764016,170.0825005
2026-08-14,8,day_ahead_price,151.0341876249347,151.2350025
2026-08-14,9,day_ahead_price,137.2206515224172,137.4100015
2026-08-14,10,day_ahead_price,113.8265766383273,104.65000175
2026-08-14,11,day_ahead_price,72.14839617563507,61.50000025
2026-08-14,12,day_ahead_price,48.894784227608625,25.09500075
2026-08-14,13,day_ahead_price,48.64654441212312,13.43
2026-08-14,14,day_ahead_price,54.761604871951896,19.8975
2026-08-14,15,day_ahead_price,66.42849467741414,65.51
2026-08-14,16,day_ahead_price,91.19917388869646,116.32000149999999
2026-08-14,17,day_ahead_price,126.90434153642205,143.65500075
2026-08-14,18,day_ahead_price,159.7396330086217,180.0
2026-08-14,19,day_ahead_price,195.15677273813571,247.03250100000002
2026-08-14,20,day_ahead_price,184.73547362581883,264.09000775
2026-08-14,21,day_ahead_price,189.3872865778627,231.56999975
2026-08-14,22,day_ahead_price,177.23623716623678,198.0
2026-08-14,23,day_ahead_price,163.48870341750848,177.51750175
2026-08-15,0,day_ahead_price,162.6272181988458,169.4474985
2026-08-15,1,day_ahead_price,153.2537143040229,162.39750275
2026-08-15,2,day_ahead_price,149.34654015482187,156.90250025
2026-08-15,3,day_ahead_price,145.16654245847985,156.9375
2026-08-15,4,day_ahead_price,150.1773355398493,154.5149955
2026-08-15,5,day_ahead_price,152.51661839862186,153.84249875
2026-08-15,6,day_ahead_price,157.78781655341368,156.98249825
2026-08-15,7,day_ahead_price,147.4819021920078,154.92750175
2026-08-15,8,day_ahead_price,132.02461201079694,150.46749499999999
2026-08-15,9,day_ahead_price,86.74663352150932,129.0
2026-08-15,10,day_ahead_price,48.35225598012414,84.5350005
2026-08-15,11,day_ahead_price,17.488278889996856,28.88750025
2026-08-15,12,day_ahead_price,13.545721655212107,7.0425
2026-08-15,13,day_ahead_price,13.088129355325806,2.9275
2026-08-15,14,day_ahead_price,13.378447331083073,5.03
2026-08-15,15,day_ahead_price,27.436370721424687,15.0975
2026-08-15,16,day_ahead_price,57.732355716783,68.5875
2026-08-15,17,day_ahead_price,112.09694781710891,129.1850015
2026-08-15,18,day_ahead_price,167.69075189542195,157.45499825
2026-08-15,19,day_ahead_price,201.423435319176,179.67250425
2026-08-15,20,day_ahead_price,229.08849712762589,184.9900015
2026-08-15,21,day_ahead_price,206.91942533461997,183.3424985
2026-08-15,22,day_ahead_price,188.09198357307153,179.59249499999999
2026-08-15,23,day_ahead_price,163.5132925951755,173.9900015
2026-08-16,0,day_ahead_price,160.0625343042441,174.3125
2026-08-16,1,day_ahead_price,154.81436178941613,168.58750125
2026-08-16,2,day_ahead_price,151.4873165139613,165.329998
2026-08-16,3,day_ahead_price,147.4187599084596,157.53499975
2026-08-16,4,day_ahead_price,146.73138977683956,156.9000015
2026-08-16,5,day_ahead_price,144.5445976553857,156.945
2026-08-16,6,day_ahead_price,139.27783066616516,156.5999985
2026-08-16,7,day_ahead_price,134.40209805865905,150.37000275
2026-08-16,8,day_ahead_price,116.17713650745362,146.9925005
2026-08-16,9,day_ahead_price,83.20449127633844,124.5425015
2026-08-16,10,day_ahead_price,41.32839723399227,96.90000175
2026-08-16,11,day_ahead_price,1.5739197746620306,61.23000075
2026-08-16,12,day_ahead_price,-6.990638827994424,43.5300005
2026-08-16,13,day_ahead_price,-5.285482495808408,27.3375
2026-08-16,14,day_ahead_price,1.7314141971640264,36.5575005
2026-08-16,15,day_ahead_price,8.863233423147483,67.70250125
2026-08-16,16,day_ahead_price,28.829117787267567,116.13500225
2026-08-16,17,day_ahead_price,98.80925768375343,145.32500275
2026-08-16,18,day_ahead_price,141.42162051456805,169.39250175
2026-08-16,19,day_ahead_price,161.655638156326,187.97000125
2026-08-16,20,day_ahead_price,165.86299335830904,200.01750175
2026-08-16,21,day_ahead_price,161.99839108690452,205.675003
2026-08-16,22,day_ahead_price,164.14709835000534,206.53499975
2026-08-16,23,day_ahead_price,160.32194140356756,192.64750275
2026-08-17,0,day_ahead_price,185.842496021255,192.12749875
2026-08-17,1,day_ahead_price,178.4896571052164,178.80999375
2026-08-17,2,day_ahead_price,178.07869140824448,163.89999774999998
2026-08-17,3,day_ahead_price,182.04717853874962,160.27999875
2026-08-17,4,day_ahead_price,183.59364674123503,159.0699995
2026-08-17,5,day_ahead_price,212.22212727186636,174.96749875
2026-08-17,6,day_ahead_price,255.07943000606056,197.39999775
2026-08-17,7,day_ahead_price,267.4233931830889,205.14999775
2026-08-17,8,day_ahead_price,257.4993877942924,208.75750349999998
2026-08-17,9,day_ahead_price,212.29708293476818,198.727501
2026-08-17,10,day_ahead_price,195.37092394384698,175.36249899999999
2026-08-17,11,day_ahead_price,158.4851582401792,166.85249725
2026-08-17,12,day_ahead_price,123.02285434754114,154.2775
2026-08-17,13,day_ahead_price,101.32431280161597,150.17500325
2026-08-17,14,day_ahead_price,114.05599599274836,141.294998
2026-08-17,15,day_ahead_price,140.7381627455738,138.54249575
2026-08-17,16,day_ahead_price,162.3887891956338,139.3600005
2026-08-17,17,day_ahead_price,214.5776478861896,148.25500125
2026-08-17,18,day_ahead_price,240.90638998808726,178.674999
2026-08-17,19,day_ahead_price,297.58410915120794,204.6674995
2026-08-17,20,day_ahead_price,271.3403288282754,213.494999
2026-08-17,21,day_ahead_price,250.25651654183906,210.0025025
2026-08-17,22,day_ahead_price,221.82999154568995,197.70500149999998
2026-08-17,23,day_ahead_price,196.10815320977594,179.91999825
2026-08-18,0,day_ahead_price,168.09924893843765,173.5674975
2026-08-18,1,day_ahead_price,162.63880537534925,159.7874985
2026-08-18,2,day_ahead_price,156.34661894381568,150.8050005
2026-08-18,3,day_ahead_price,156.49660470332353,148.392498
2026-08-18,4,day_ahead_price,155.4858659522481,149.22000125
2026-08-18,5,day_ahead_price,162.8927561864356,159.03000225
2026-08-18,6,day_ahead_price,177.38016366639133,184.869999
2026-08-18,7,day_ahead_price,185.2958070510564,191.22249975
2026-08-18,8,day_ahead_price,181.39668830684914,185.22000125
2026-08-18,9,day_ahead_price,165.00178302204057,161.9375
2026-08-18,10,day_ahead_price,126.28818636828615,152.302498
2026-08-18,11,day_ahead_price,87.44991417146113,145.27500125
2026-08-18,12,day_ahead_price,65.78454108670925,136.460003
2026-08-18,13,day_ahead_price,48.69601381727419,131.59
2026-08-18,14,day_ahead_price,57.323569397108336,130.255001
2026-08-18,15,day_ahead_price,77.26507016831668,132.1375045
2026-08-18,16,day_ahead_price,91.79390920764604,138.79000100000002
2026-08-18,17,day_ahead_price,117.64310483977815,153.19499975
2026-08-18,18,day_ahead_price,155.9392755252307,176.74999975
2026-08-18,19,day_ahead_price,191.8543007520527,197.69249725
2026-08-18,20,day_ahead_price,197.97683798246393,200.77249925
2026-08-18,21,day_ahead_price,178.32290248767347,198.91750325
2026-08-18,22,day_ahead_price,177.54484643866812,191.3849985
2026-08-18,23,day_ahead_price,163.92911987058918,177.142498
2026-08-19,0,day_ahead_price,166.21917224211566,176.5999985
2026-08-19,1,day_ahead_price,156.58547336401216,157.60000250000002
2026-08-19,2,day_ahead_price,147.78409448495097,151.412502
2026-08-19,3,day_ahead_price,146.78105908677398,147.29999924999998
2026-08-19,4,day_ahead_price,145.32715928147877,148.9950025
2026-08-19,5,day_ahead_price,154.32642102606414,161.61500175
2026-08-19,6,day_ahead_price,167.92550544926826,184.71249775
2026-08-19,7,day_ahead_price,172.22347782410918,192.630001
2026-08-19,8,day_ahead_price,169.7397019772921,190.8650015
2026-08-19,9,day_ahead_price,137.88618239777648,169.67499924999998
2026-08-19,10,day_ahead_price,105.90986953804418,152.7599985
2026-08-19,11,day_ahead_price,83.17725484528182,142.96000275
2026-08-19,12,day_ahead_price,68.97325750826045,136.08250025
2026-08-19,13,day_ahead_price,47.66773856156154,129.0025005
2026-08-19,14,day_ahead_price,45.60244956281614,127.8650015
2026-08-19,15,day_ahead_price,47.11047907316724,131.08250225
2026-08-19,16,day_ahead_price,67.50728013648276,138.56999975
2026-08-19,17,day_ahead_price,103.57221810076128,153.817501
2026-08-19,18,day_ahead_price,118.68324042156647,183.72999975
2026-08-19,19,day_ahead_price,170.56221249003926,207.6525
2026-08-19,20,day_ahead_price,180.08326049091784,209.38500200000001
2026-08-19,21,day_ahead_price,169.48193926566532,206.12250125
2026-08-19,22,day_ahead_price,169.3739667387054,199.09749975
2026-08-19,23,day_ahead_price,149.08641934384136,186.5475005
2026-08-20,0,day_ahead_price,175.98096852116157,172.71249775
2026-08-20,1,day_ahead_price,164.3258661107207,162.35000250000002
2026-08-20,2,day_ahead_price,157.2019642361108,153.732502
2026-08-20,3,day_ahead_price,151.41973771764842,147.98749899999999
2026-08-20,4,day_ahead_price,153.88579216040313,148.48249825
2026-08-20,5,day_ahead_price,161.73788100504152,159.43499775
2026-08-20,6,day_ahead_price,174.6596157807558,182.6124955
2026-08-20,7,day_ahead_price,178.80214015250763,186.387497
2026-08-20,8,day_ahead_price,164.74585105439914,171.7475015
2026-08-20,9,day_ahead_price,136.7290964046212,154.50499725
2026-08-20,10,day_ahead_price,111.47760413565226,135.7424985
2026-08-20,11,day_ahead_price,89.82926824023954,112.29000125
2026-08-20,12,day_ahead_price,61.57657780222091,89.29250325
2026-08-20,13,day_ahead_price,49.68957603443335,82.79749875
2026-08-20,14,day_ahead_price,45.169640399507955,84.77750225
2026-08-20,15,day_ahead_price,67.04360628805809,93.38250174999999
2026-08-20,16,day_ahead_price,91.80393526218667,128.369999
2026-08-20,17,day_ahead_price,112.4884564512743,143.9474985
2026-08-20,18,day_ahead_price,144.5164571344072,164.42750175
2026-08-20,19,day_ahead_price,190.6243709713397,193.28250125
2026-08-20,20,day_ahead_price,214.4941967091236,201.15249649999998
2026-08-20,21,day_ahead_price,200.16800290306293,195.6174965
2026-08-20,22,day_ahead_price,175.65397928857502,187.9275015
2026-08-20,23,day_ahead_price,163.31141245119278,173.0149955
2026-08-21,0,day_ahead_price,164.68260291639416,170.3499985
2026-08-21,1,day_ahead_price,154.26486071217337,160.4900015
2026-08-21,2,day_ahead_price,145.2597434342508,152.3025015
2026-08-21,3,day_ahead_price,138.35579297925244,151.467499
2026-08-21,4,day_ahead_price,137.37343694376287,153.1624985
2026-08-21,5,day_ahead_price,145.23195219585307,165.71500025
2026-08-21,6,day_ahead_price,158.5796191730175,188.87499625
2026-08-21,7,day_ahead_price,160.15027318001052,193.89000325
2026-08-21,8,day_ahead_price,157.2692453007946,192.585003
2026-08-21,9,day_ahead_price,138.69006834792674,167.82999775000002
2026-08-21,10,day_ahead_price,117.87855038714847,148.99999975
2026-08-21,11,day_ahead_price,97.08503227651573,138.68000025
2026-08-21,12,day_ahead_price,75.98327735805725,134.42499925
2026-08-21,13,day_ahead_price,63.577150758540185,138.66749975
2026-08-21,14,day_ahead_price,63.534311424700164,140.03499975
2026-08-21,15,day_ahead_price,78.65807840330083,146.47500225
2026-08-21,16,day_ahead_price,108.14343966445296,151.90749725
2026-08-21,17,day_ahead_price,112.07657028462012,170.80749525
2026-08-21,18,day_ahead_price,139.0405911884077,189.6575015
2026-08-21,19,day_ahead_price,164.21155364674493,204.34999825
2026-08-21,20,day_ahead_price,175.5396344202246,204.16999825
2026-08-21,21,day_ahead_price,173.10519891269865,198.715004
2026-08-21,22,day_ahead_price,166.0073965531621,187.38750075000002
2026-08-21,23,day_ahead_price,157.2411607879535,173.5
2026-08-22,0,day_ahead_price,165.03563205013694,167.66499725
2026-08-22,1,day_ahead_price,155.02825156148506,161.5200005
2026-08-22,2,day_ahead_price,148.3136443247369,158.7125015
2026-08-22,3,day_ahead_price,141.0416042827407,154.34249875
2026-08-22,4,day_ahead_price,138.3667600794739,148.21500025
2026-08-22,5,day_ahead_price,144.5892614584818,144.51750175
2026-08-22,6,day_ahead_price,142.41769083886626,153.1100005
2026-08-22,7,day_ahead_price,139.10787543832322,142.50500075
2026-08-22,8,day_ahead_price,129.87967139000588,128.13000275000002
2026-08-22,9,day_ahead_price,100.89973865804464,90.1949995
2026-08-22,10,day_ahead_price,76.556510529575,49.66
2026-08-22,11,day_ahead_price,59.82410152163346,18.94250025
2026-08-22,12,day_ahead_price,40.691094290952606,1.5725
2026-08-22,13,day_ahead_price,26.32754048117962,1.3450000000000002
2026-08-22,14,day_ahead_price,26.193077401808218,1.235
2026-08-22,15,day_ahead_price,38.136550269244296,1.2275
2026-08-22,16,day_ahead_price,61.078987356560944,1.6600000000000001
2026-08-22,17,day_ahead_price,100.33399169243627,29.152499249999998
2026-08-22,18,day_ahead_price,133.25262411283003,104.78249925
2026-08-22,19,day_ahead_price,155.30805413112375,134.8199995
2026-08-22,20,day_ahead_price,160.1415528719213,137.43000025
2026-08-22,21,day_ahead_price,165.2610125408231,130.0075015
2026-08-22,22,day_ahead_price,163.88689824564995,124.01500125
2026-08-22,23,day_ahead_price,158.41441284253096,124.02750025
2026-08-23,0,day_ahead_price,124.0068563008804,128.672501
2026-08-23,1,day_ahead_price,119.26114194620203,124.017498
2026-08-23,2,day_ahead_price,113.41023835263273,118.0199965
2026-08-23,3,day_ahead_price,110.22142650708977,115.3050005
2026-08-23,4,day_ahead_price,103.23697909626345,113.999998
2026-08-23,5,day_ahead_price,101.37180333000035,116.2075025
2026-08-23,6,day_ahead_price,79.89461135747173,116.22249975
2026-08-23,7,day_ahead_price,67.33961412903327,102.09249875
2026-08-23,8,day_ahead_price,38.47420051547516,49.2875005
2026-08-23,9,day_ahead_price,-4.486200393475954,1.325
2026-08-23,10,day_ahead_price,-42.33627498402549,0.2775
2026-08-23,11,day_ahead_price,-43.62990091073126,0.745
2026-08-23,12,day_ahead_price,-29.13398546219351,1.6575
2026-08-23,13,day_ahead_price,-26.58459738945494,1.5350000000000001
2026-08-23,14,day_ahead_price,-36.17542387160629,1.11
2026-08-23,15,day_ahead_price,-45.14201640178089,-0.0025
2026-08-23,16,day_ahead_price,-68.18836035302382,0.4575
2026-08-23,17,day_ahead_price,-28.880522785612087,47.9750005
2026-08-23,18,day_ahead_price,60.408049387932735,142.54750074999998
2026-08-23,19,day_ahead_price,63.88865985503537,178.85500324999998
2026-08-23,20,day_ahead_price,42.704126715260685,184.83749775
2026-08-23,21,day_ahead_price,71.14092227500105,179.6875
2026-08-23,22,day_ahead_price,111.11663021254526,173.942501
2026-08-23,23,day_ahead_price,125.6149149710013,166.39249825000002
2026-08-24,0,day_ahead_price,156.749436587606,160.8899995
2026-08-24,1,day_ahead_price,153.02058528149013,153.10749825
2026-08-24,2,day_ahead_price,148.54103915537368,148.64749925
2026-08-24,3,day_ahead_price,144.45349246206982,148.6225015
2026-08-24,4,day_ahead_price,153.88760834541873,150.800003
2026-08-24,5,day_ahead_price,172.64909977877613,171.11500175
2026-08-24,6,day_ahead_price,214.56515606758194,206.170002
2026-08-24,7,day_ahead_price,207.5307800478417,208.3325005
2026-08-24,8,day_ahead_price,173.6780400252543,178.52250275
2026-08-24,9,day_ahead_price,153.7950145870618,143.9375055
2026-08-24,10,day_ahead_price,144.5768517310671,110.76500300000001
2026-08-24,11,day_ahead_price,98.65554296644608,78.64249925
2026-08-24,12,day_ahead_price,51.04576791843198,56.7250005
2026-08-24,13,day_ahead_price,28.08936355595079,60.71749975
2026-08-24,14,day_ahead_price,34.611587079798134,65.03499875
2026-08-24,15,day_ahead_price,57.77313256840927,85.05000050000001
2026-08-24,16,day_ahead_price,107.73350651981556,108.14250175
2026-08-24,17,day_ahead_price,124.71838442415846,143.47249775
2026-08-24,18,day_ahead_price,155.22933441657756,183.2024995
2026-08-24,19,day_ahead_price,205.7121493835825,220.75000375000002
2026-08-24,20,day_ahead_price,234.8906390921935,222.75749975
2026-08-24,21,day_ahead_price,214.28788170809835,188.9349975
2026-08-24,22,day_ahead_price,192.57456317474526,171.4275015
2026-08-24,23,day_ahead_price,172.9450367403593,154.35250075
2026-08-26,0,day_ahead_price,153.2553269168313,163.67750175
2026-08-26,1,day_ahead_price,146.3704043926964,156.84000375
2026-08-26,2,day_ahead_price,143.83859477867497,151.2249985
2026-08-26,3,day_ahead_price,143.17980240214743,149.07999825
2026-08-26,4,day_ahead_price,144.81673963909623,151.342499
2026-08-26,5,day_ahead_price,152.78567976258662,159.8125
2026-08-26,6,day_ahead_price,178.49309832272377,185.0250015
2026-08-26,7,day_ahead_price,178.9073137792926,195.65250025
2026-08-26,8,day_ahead_price,169.23872202908882,193.52000025
2026-08-26,9,day_ahead_price,156.18024132916685,165.7350005
2026-08-26,10,day_ahead_price,124.85509484294919,135.90250175
2026-08-26,11,day_ahead_price,101.97641718336877,117.8900015
2026-08-26,12,day_ahead_price,73.49363078532895,93.20000075
2026-08-26,13,day_ahead_price,66.47959555072542,84.64999975
2026-08-26,14,day_ahead_price,75.80130875272559,88.36000025
2026-08-26,15,day_ahead_price,88.99870322290488,100.87999925
2026-08-26,16,day_ahead_price,113.24140654728238,121.802498
2026-08-26,17,day_ahead_price,133.29479858969964,157.6000005
2026-08-26,18,day_ahead_price,161.95921214594213,185.442497
2026-08-26,19,day_ahead_price,208.52647968949864,211.32250225
2026-08-26,20,day_ahead_price,215.42006948138956,200.39750275
2026-08-26,21,day_ahead_price,206.06121878836694,178.060005
2026-08-26,22,day_ahead_price,179.3423378785636,163.057499
2026-08-26,23,day_ahead_price,159.31745716917615,150.125
2026-08-27,0,day_ahead_price,145.99617883497933,147.54000100000002
2026-08-27,1,day_ahead_price,140.24814139960918,141.27000075
2026-08-27,2,day_ahead_price,135.90162516474297,134.175003
2026-08-27,3,day_ahead_price,132.8780322178681,133.51250075000002
2026-08-27,4,day_ahead_price,133.91852370754506,135.5475005
2026-08-27,5,day_ahead_price,140.48933059563225,141.782501
2026-08-27,6,day_ahead_price,157.77987778861888,156.00749975
2026-08-27,7,day_ahead_price,164.0185482081619,169.24000175
2026-08-27,8,day_ahead_price,154.269390553649,157.06250025
2026-08-27,9,day_ahead_price,137.01353121634898,121.60999875
2026-08-27,10,day_ahead_price,114.10437938877847,94.41500075
2026-08-27,11,day_ahead_price,78.22347457680269,48.76749975
2026-08-27,12,day_ahead_price,42.27211196367178,2.2800000000000002
2026-08-27,13,day_ahead_price,34.25632130082203,1.5325
2026-08-27,14,day_ahead_price,35.657639704292315,1.66
2026-08-27,15,day_ahead_price,55.420612273240394,26.0125
2026-08-27,16,day_ahead_price,96.18990499588497,84.562498
2026-08-27,17,day_ahead_price,128.5662840852354,134.41999825
2026-08-27,18,day_ahead_price,156.07335689542805,151.75500075
2026-08-27,19,day_ahead_price,177.12220796704779,156.58999649999998
2026-08-27,20,day_ahead_price,177.28882780862514,146.41999825
2026-08-27,21,day_ahead_price,169.2395189340281,137.30000325
2026-08-27,22,day_ahead_price,162.54553770863868,129.61749875
2026-08-27,23,day_ahead_price,151.01600356013944,129.5725
2026-08-28,0,day_ahead_price,131.3292302028131,107.90750125
2026-08-28,1,day_ahead_price,127.41228471429879,110.6799985
2026-08-28,2,day_ahead_price,123.51905497857632,112.992502
2026-08-28,3,day_ahead_price,119.78041751526156,113.93000025
2026-08-28,4,day_ahead_price,120.44412660061766,113.70750025000001
2026-08-28,5,day_ahead_price,127.78727020691959,123.0625
2026-08-28,6,day_ahead_price,142.28713935687256,141.53750575
2026-08-28,7,day_ahead_price,150.17298624999304,153.15250025
2026-08-28,8,day_ahead_price,147.72455472367605,154.08749775
2026-08-28,9,day_ahead_price,124.14545495622954,150.95500175
2026-08-28,10,day_ahead_price,97.8285985948987,139.96249975
2026-08-28,11,day_ahead_price,64.66331028015999,125.817499
2026-08-28,12,day_ahead_price,32.71708118948038,115.05249975
2026-08-28,13,day_ahead_price,21.532555618273783,99.99000175
2026-08-28,14,day_ahead_price,23.213499144354394,106.12250125
2026-08-28,15,day_ahead_price,49.02642149203902,114.71500025
2026-08-28,16,day_ahead_price,90.45260355603861,117.12500175
2026-08-28,17,day_ahead_price,123.59886119208826,141.8274995
2026-08-28,18,day_ahead_price,148.74203239317436,160.27750025
2026-08-28,19,day_ahead_price,159.69262690839537,172.53500375
2026-08-28,20,day_ahead_price,157.4221712452915,176.53249725
2026-08-28,21,day_ahead_price,154.05595521340558,165.69750225
2026-08-28,22,day_ahead_price,144.830017690066,161.25500075
2026-08-28,23,day_ahead_price,144.05247542532794,143.892498
2026-01-28,0,capacity_price,0.5579148364145914,0.54
2026-01-28,1,capacity_price,0.40064693787457206,0.67
2026-01-28,2,capacity_price,0.8550879328045047,0.67
2026-01-28,3,capacity_price,1.944656031849521,0.67
2026-01-28,4,capacity_price,1.4026787272539394,0.67
2026-01-28,5,capacity_price,4.742650671196072,3.35
2026-01-28,6,capacity_price,15.840690820741237,13.26
2026-01-28,7,capacity_price,19.71747594404514,13.32
2026-01-28,8,capacity_price,56.12227320215296,46.59
2026-01-28,9,capacity_price,50.33509972693316,39.23
2026-01-28,10,capacity_price,50.36152789022426,80.35
2026-01-28,11,capacity_price,71.61096819897575,71.36
2026-01-28,12,capacity_price,42.89221126682419,46.59
2026-01-28,13,capacity_price,31.363834255499285,60.92
2026-01-28,14,capacity_price,39.95574017918852,46.59
2026-01-28,15,capacity_price,63.6887179242456,46.59
2026-01-28,16,capacity_price,49.86911678499466,80.35
2026-01-28,17,capacity_price,42.65353224904446,80.35
2026-01-28,18,capacity_price,35.38638860289171,80.35
2026-01-28,19,capacity_price,35.660175251642386,80.35
2026-01-28,20,capacity_price,29.555976021630734,74.58
2026-01-28,21,capacity_price,22.308674266876192,62.77
2026-01-28,22,capacity_price,25.770909906753538,13.39
2026-01-28,23,capacity_price,-0.7826145789482428,1.21
2026-01-29,0,capacity_price,1.3299535720728621,0.67
2026-01-29,1,capacity_price,1.0093191340637266,0.54
2026-01-29,2,capacity_price,-0.24483554700640364,0.54
2026-01-29,3,capacity_price,-0.4479616461622016,0.67
2026-01-29,4,capacity_price,0.24810217662401235,0.67
2026-01-29,5,capacity_price,3.0523589875098818,1.21
2026-01-29,6,capacity_price,11.806213399471986,10.0
2026-01-29,7,capacity_price,14.518209542858742,10.0
2026-01-29,8,capacity_price,22.49048073827947,13.32
2026-01-29,9,capacity_price,38.0793269509395,13.39
2026-01-29,10,capacity_price,41.75054684821018,16.25
2026-01-29,11,capacity_price,25.409180522367453,13.39
2026-01-29,12,capacity_price,21.14840680462723,13.32
2026-01-29,13,capacity_price,23.15261858374089,13.39
2026-01-29,14,capacity_price,15.770793408388977,13.32
2026-01-29,15,capacity_price,22.98682764619631,13.32
2026-01-29,16,capacity_price,25.66257690323136,13.39
2026-01-29,17,capacity_price,47.842349245511386,74.33
2026-01-29,18,capacity_price,52.198139011586164,80.36
2026-01-29,19,capacity_price,53.58059601064495,80.36
2026-01-29,20,capacity_price,29.849730148846827,62.12
2026-01-29,21,capacity_price,27.709496358998724,13.39
2026-01-29,22,capacity_price,5.185750340755537,6.7
2026-01-29,23,capacity_price,6.904398763741426,1.21
2026-01-30,0,capacity_price,0.968925308237068,0.67
2026-01-30,1,capacity_price,0.1960722434627391,0.67
2026-01-30,2,capacity_price,0.15346004885954256,0.67
2026-01-30,3,capacity_price,-0.22751457068872627,0.67
2026-01-30,4,capacity_price,1.2465922047582414,0.67
2026-01-30,5,capacity_price,5.374429859728258,1.21
2026-01-30,6,capacity_price,13.716228525078144,1.21
2026-01-30,7,capacity_price,15.252118689569784,1.21
2026-01-30,8,capacity_price,30.371223078676884,10.0
2026-01-30,9,capacity_price,47.79396978587105,13.26
2026-01-30,10,capacity_price,52.27503397240345,13.26
2026-01-30,11,capacity_price,45.28498985742451,13.26
2026-01-30,12,capacity_price,49.74122196383724,13.39
2026-01-30,13,capacity_price,40.86489807646123,22.49
2026-01-30,14,capacity_price,39.450174702197586,20.88
2026-01-30,15,capacity_price,38.756068987443015,13.33
2026-01-30,16,capacity_price,53.711872345380414,13.33
2026-01-30,17,capacity_price,77.28978568954135,51.97
2026-01-30,18,capacity_price,86.90189355239187,48.05
2026-01-30,19,capacity_price,77.63445237526989,32.68
2026-01-30,20,capacity_price,65.29436956688309,24.18
2026-01-30,21,capacity_price,38.789481900278176,13.26
2026-01-30,22,capacity_price,15.530778100198134,15.15
2026-01-30,23,capacity_price,7.410284342407606,1.21
2026-01-31,0,capacity_price,0.6452322357571386,0.67
2026-01-31,1,capacity_price,0.9768540332842717,0.67
2026-01-31,2,capacity_price,0.9220631979488446,0.35
2026-01-31,3,capacity_price,0.9650773045732981,0.35
2026-01-31,4,capacity_price,1.4676192414774292,0.31
2026-01-31,5,capacity_price,5.97587542817231,0.67
2026-01-31,6,capacity_price,3.53408752769846,0.67
2026-01-31,7,capacity_price,5.275902212096894,0.67
2026-01-31,8,capacity_price,10.722404895515268,0.67
2026-01-31,9,capacity_price,22.155253271032546,1.21
2026-01-31,10,capacity_price,36.42299129666691,1.21
2026-01-31,11,capacity_price,31.21550925940213,1.21
2026-01-31,12,capacity_price,20.17250833629236,1.21
2026-01-31,13,capacity_price,52.24987380818401,1.21
2026-01-31,14,capacity_price,38.138981116163464,1.21
2026-01-31,15,capacity_price,35.70662440127823,1.21
2026-01-31,16,capacity_price,39.502511519790474,10.18
2026-01-31,17,capacity_price,64.79534906416693,13.39
2026-01-31,18,capacity_price,53.47883795515186,13.39
2026-01-31,19,capacity_price,37.9614985603788,13.39
2026-01-31,20,capacity_price,27.783015463561462,13.39
2026-01-31,21,capacity_price,10.343813162227384,13.26
2026-01-31,22,capacity_price,26.479859878327822,1.21
2026-01-31,23,capacity_price,3.6813850589807853,0.67
2026-02-01,0,capacity_price,2.045927370631617,0.67
2026-02-01,1,capacity_price,0.9651695402238043,0.31
2026-02-01,2,capacity_price,0.0483682274271513,0.54
2026-02-01,3,capacity_price,-1.9456226620775867,0.54
2026-02-01,4,capacity_price,-0.7454526882816974,0.31
2026-02-01,5,capacity_price,1.9280713028707739,0.54
2026-02-01,6,capacity_price,4.4752964673530435,1.21
2026-02-01,7,capacity_price,4.097517958311781,1.21
2026-02-01,8,capacity_price,3.2336231395935133,0.67
2026-02-01,9,capacity_price,6.765571850271598,1.21
2026-02-01,10,capacity_price,7.460783220493625,1.21
2026-02-01,11,capacity_price,2.455444558345466,1.21
2026-02-01,12,capacity_price,5.551666013048593,1.21
2026-02-01,13,capacity_price,6.685475230561602,1.21
2026-02-01,14,capacity_price,5.5175917954015405,1.21
2026-02-01,15,capacity_price,-3.6775905290463733,1.21
2026-02-01,16,capacity_price,4.634794869649596,9.89
2026-02-01,17,capacity_price,33.25227988694534,13.26
2026-02-01,18,capacity_price,26.068912381573803,13.26
2026-02-01,19,capacity_price,26.679246219222918,13.66
2026-02-01,20,capacity_price,13.312157929079852,13.26
2026-02-01,21,capacity_price,9.560391544925434,13.26
2026-02-01,22,capacity_price,-0.2110047900913159,1.21
2026-02-01,23,capacity_price,4.11897226977157,0.67
2026-02-02,0,capacity_price,0.7016348982770905,0.31
2026-02-02,1,capacity_price,0.9907966235042381,0.31
2026-02-02,2,capacity_price,1.2346225339134884,0.31
2026-02-02,3,capacity_price,0.8714669452112638,0.31
2026-02-02,4,capacity_price,1.2345237593517668,0.67
2026-02-02,5,capacity_price,3.502258456998864,1.21
2026-02-02,6,capacity_price,6.749274908945531,1.21
2026-02-02,7,capacity_price,10.83673512681586,3.35
2026-02-02,8,capacity_price,15.462271767223784,6.7
2026-02-02,9,capacity_price,19.53478797597214,13.26
2026-02-02,10,capacity_price,38.74407727524742,13.26
2026-02-02,11,capacity_price,19.982196157860976,10.0
2026-02-02,12,capacity_price,13.32683757869923,1.21
2026-02-02,13,capacity_price,17.738221432091386,3.35
2026-02-02,14,capacity_price,21.68365635246183,1.21
2026-02-02,15,capacity_price,18.959637910045455,10.0
2026-02-02,16,capacity_price,30.086490075401983,10.0
2026-02-02,17,capacity_price,45.06127870678978,13.32
2026-02-02,18,capacity_price,52.817855346942764,13.32
2026-02-02,19,capacity_price,40.06274613552063,17.62
2026-02-02,20,capacity_price,27.359517379750173,6.7
2026-02-02,21,capacity_price,16.033269730675677,8.11
2026-02-02,22,capacity_price,11.664885223780782,1.21
2026-02-02,23,capacity_price,-0.5945677698183411,0.67
2026-02-03,0,capacity_price,0.1724051453775437,0.67
2026-02-03,1,capacity_price,0.49518793497291513,0.31
2026-02-03,2,capacity_price,0.42908255789442185,0.31
2026-02-03,3,capacity_price,0.25501870977661034,0.54
2026-02-03,4,capacity_price,0.6449977543097217,0.31
2026-02-03,5,capacity_price,2.339413719178865,0.67
2026-02-03,6,capacity_price,8.438526822889028,0.67
2026-02-03,7,capacity_price,9.818247337101816,3.35
2026-02-03,8,capacity_price,13.003737075118316,6.7
2026-02-03,9,capacity_price,15.842117141697923,10.0
2026-02-03,10,capacity_price,15.809421854259183,20.77
2026-02-03,11,capacity_price,13.703457306237475,6.27
2026-02-03,12,capacity_price,10.600182725006386,3.73
2026-02-03,13,capacity_price,10.013734843342396,4.12
2026-02-03,14,capacity_price,15.327258504780033,6.62
2026-02-03,15,capacity_price,16.38355879383464,9.33
2026-02-03,16,capacity_price,16.898568341632725,14.38
2026-02-03,17,capacity_price,38.03414431772454,22.52
2026-02-03,18,capacity_price,47.57563309269757,13.39
2026-02-03,19,capacity_price,24.38196898283004,17.46
2026-02-03,20,capacity_price,17.2543229272206,24.94
2026-02-03,21,capacity_price,11.724637032504276,6.7
2026-02-03,22,capacity_price,3.527885860863975,1.21
2026-02-03,23,capacity_price,-1.3349908289145143,0.67
2026-02-04,0,capacity_price,0.5003731410432183,0.31
2026-02-04,1,capacity_price,0.8029603524343237,0.67
2026-02-04,2,capacity_price,0.6045423580493945,0.31
2026-02-04,3,capacity_price,1.4193776962091005,0.31
2026-02-04,4,capacity_price,1.1562614258926365,0.54
2026-02-04,5,capacity_price,3.9412600215563254,1.21
2026-02-04,6,capacity_price,8.135786510616175,1.21
2026-02-04,7,capacity_price,13.053771715368338,3.35
2026-02-04,8,capacity_price,12.42212537769458,6.69
2026-02-04,9,capacity_price,12.773708224577147,29.87
2026-02-04,10,capacity_price,13.089503200784943,24.34
2026-02-04,11,capacity_price,11.295936842208942,13.25
2026-02-04,12,capacity_price,8.388878453702839,9.37
2026-02-04,13,capacity_price,8.229610880229526,9.37
2026-02-04,14,capacity_price,6.761870429842234,10.0
2026-02-04,15,capacity_price,12.016556330396533,19.28
2026-02-04,16,capacity_price,17.73982602283113,20.76
2026-02-04,17,capacity_price,37.62150579067065,13.39
2026-02-04,18,capacity_price,31.74645958758123,13.39
2026-02-04,19,capacity_price,26.29560129088292,13.39
2026-02-04,20,capacity_price,25.43203672767144,20.76
2026-02-04,21,capacity_price,9.66496939800361,16.3
2026-02-04,22,capacity_price,5.638141416098023,1.21
2026-02-04,23,capacity_price,1.23966340605027,0.67
2026-02-05,0,capacity_price,0.862886728535007,0.27
2026-02-05,1,capacity_price,0.7902853408768054,0.31
2026-02-05,2,capacity_price,0.5009849874373942,0.31
2026-02-05,3,capacity_price,1.3693150256573554,0.31
2026-02-05,4,capacity_price,0.6656155930779708,0.67
2026-02-05,5,capacity_price,0.7981337558625556,0.67
2026-02-05,6,capacity_price,7.020055861511015,0.67
2026-02-05,7,capacity_price,9.357979694557073,1.21
2026-02-05,8,capacity_price,14.376731896473931,6.69
2026-02-05,9,capacity_price,12.255048006775631,8.03
2026-02-05,10,capacity_price,14.944030413538904,10.0
2026-02-05,11,capacity_price,9.245374647316915,10.0
2026-02-05,12,capacity_price,7.396288831140951,1.21
2026-02-05,13,capacity_price,6.493182821858309,1.34
2026-02-05,14,capacity_price,0.6264251653896551,3.35
2026-02-05,15,capacity_price,12.099487522046562,9.24
2026-02-05,16,capacity_price,5.054368996285525,10.0
2026-02-05,17,capacity_price,27.946602166671866,20.08
2026-02-05,18,capacity_price,34.94412904002512,20.08
2026-02-05,19,capacity_price,32.1611352338712,20.08
2026-02-05,20,capacity_price,23.34459327586298,14.05
2026-02-05,21,capacity_price,14.121231221022247,9.13
2026-02-05,22,capacity_price,3.2906378214067384,1.21
2026-02-05,23,capacity_price,3.1373382192471437,0.67
2026-02-06,0,capacity_price,0.5860310350259356,0.31
2026-02-06,1,capacity_price,0.6945098812221184,0.31
2026-02-06,2,capacity_price,0.6286134296984208,0.31
2026-02-06,3,capacity_price,1.2851103913029502,0.31
2026-02-06,4,capacity_price,0.9077720787186987,0.67
2026-02-06,5,capacity_price,1.693344143855976,1.21
2026-02-06,6,capacity_price,6.778941258523993,1.21
2026-02-06,7,capacity_price,4.800656462758932,5.76
2026-02-06,8,capacity_price,5.782649690277382,5.76
2026-02-06,9,capacity_price,10.449341370854006,6.7
2026-02-06,10,capacity_price,7.857105061418502,15.4
2026-02-06,11,capacity_price,4.333024800673812,10.0
2026-02-06,12,capacity_price,3.977708289016735,9.38
2026-02-06,13,capacity_price,4.560033930949935,10.04
2026-02-06,14,capacity_price,-4.323382863835164,5.76
2026-02-06,15,capacity_price,8.277409559662896,5.76
2026-02-06,16,capacity_price,7.6833282480248,10.31
2026-02-06,17,capacity_price,32.56333767522017,15.4
2026-02-06,18,capacity_price,41.607829594375666,15.4
2026-02-06,19,capacity_price,21.056876880425182,10.04
2026-02-06,20,capacity_price,16.369689803645684,10.04
2026-02-06,21,capacity_price,21.331132041209546,3.35
2026-02-06,22,capacity_price,9.90704185122482,1.21
2026-02-06,23,capacity_price,3.5350537346183533,0.67
2026-02-07,0,capacity_price,0.455268816692439,0.54
2026-02-07,1,capacity_price,0.868038783752009,0.67
2026-02-07,2,capacity_price,0.6619093493203383,0.67
2026-02-07,3,capacity_price,1.0770630511023604,0.31
2026-02-07,4,capacity_price,0.4998308815531882,0.54
2026-02-07,5,capacity_price,2.000727389681477,1.21
2026-02-07,6,capacity_price,2.6853277864613636,1.21
2026-02-07,7,capacity_price,6.276859348609968,1.21
2026-02-07,8,capacity_price,11.196949628650927,1.21
2026-02-07,9,capacity_price,15.732615799536937,1.21
2026-02-07,10,capacity_price,16.684695655645726,1.21
2026-02-07,11,capacity_price,12.393598899884784,1.21
2026-02-07,12,capacity_price,8.886572314365239,1.21
2026-02-07,13,capacity_price,7.006387348069548,3.35
2026-02-07,14,capacity_price,11.486508498519935,1.21
2026-02-07,15,capacity_price,13.72980376967537,1.21
2026-02-07,16,capacity_price,18.610707342631997,5.63
2026-02-07,17,capacity_price,31.9956148409754,57.28
2026-02-07,18,capacity_price,39.23783136387635,63.37
2026-02-07,19,capacity_price,34.01758640521872,62.62
2026-02-07,20,capacity_price,30.025306272772923,38.84
2026-02-07,21,capacity_price,21.644097878104052,34.82
2026-02-07,22,capacity_price,14.450474898275981,6.7
2026-02-07,23,capacity_price,7.442579659481637,1.21
2026-02-08,0,capacity_price,0.5746107840268482,1.21
2026-02-08,1,capacity_price,0.6047152010040726,0.54
2026-02-08,2,capacity_price,0.41179366097298914,0.67
2026-02-08,3,capacity_price,-0.41528420268496125,0.67
2026-02-08,4,capacity_price,0.14786672951003532,0.54
2026-02-08,5,capacity_price,3.734055940340415,1.21
2026-02-08,6,capacity_price,10.906244198063836,1.21
2026-02-08,7,capacity_price,10.196948135232493,3.35
2026-02-08,8,capacity_price,10.693044554332216,3.35
2026-02-08,9,capacity_price,20.61157282442253,8.03
2026-02-08,10,capacity_price,10.66808968684253,5.76
2026-02-08,11,capacity_price,14.021548745462821,5.76
2026-02-08,12,capacity_price,14.182584013567602,5.89
2026-02-08,13,capacity_price,9.887241062225886,5.62
2026-02-08,14,capacity_price,8.937469949159809,5.62
2026-02-08,15,capacity_price,11.409969371398109,8.03
2026-02-08,16,capacity_price,20.35686185416303,8.03
2026-02-08,17,capacity_price,49.9994368727912,10.0
2026-02-08,18,capacity_price,47.54100225768128,10.0
2026-02-08,19,capacity_price,41.23210481870021,10.0
2026-02-08,20,capacity_price,28.382400313677906,10.0
2026-02-08,21,capacity_price,24.83000030877015,10.0
2026-02-08,22,capacity_price,6.489716082543552,8.03
2026-02-08,23,capacity_price,4.777724384566106,1.21
2026-02-09,0,capacity_price,1.223698210959761,0.67
2026-02-09,1,capacity_price,0.8676384120744347,0.67
2026-02-09,2,capacity_price,0.6100290912159525,0.67
2026-02-09,3,capacity_price,1.2373527524250727,0.67
2026-02-09,4,capacity_price,1.441298077266064,1.21
2026-02-09,5,capacity_price,3.149042160325086,1.21
2026-02-09,6,capacity_price,5.164011701367224,5.62
2026-02-09,7,capacity_price,9.230676683887587,20.08
2026-02-09,8,capacity_price,16.470162306800077,10.0
2026-02-09,9,capacity_price,20.27223420636513,20.08
2026-02-09,10,capacity_price,35.47680799991721,10.0
2026-02-09,11,capacity_price,16.566877556365764,10.0
2026-02-09,12,capacity_price,23.15378236425711,13.39
2026-02-09,13,capacity_price,23.948250990853772,26.78
2026-02-09,14,capacity_price,20.638761735737333,15.4
2026-02-09,15,capacity_price,27.68964341257437,6.4
2026-02-09,16,capacity_price,27.488198100951458,23.7
2026-02-09,17,capacity_price,51.918545770932774,87.05
2026-02-09,18,capacity_price,48.28736212178498,61.6
2026-02-09,19,capacity_price,47.42492265074237,53.57
2026-02-09,20,capacity_price,44.265563408168106,38.84
2026-02-09,21,capacity_price,34.26540045448006,20.09
2026-02-09,22,capacity_price,12.772002479175246,5.62
2026-02-09,23,capacity_price,7.37746922001042,1.21
2026-02-10,0,capacity_price,-0.21387520566553264,0.54
2026-02-10,1,capacity_price,0.4961992578706711,0.54
2026-02-10,2,capacity_price,0.6081242869821489,0.67
2026-02-10,3,capacity_price,0.6899039793935101,0.54
2026-02-10,4,capacity_price,0.445598586623991,4.02
2026-02-10,5,capacity_price,2.6735080364199932,10.0
2026-02-10,6,capacity_price,6.487293959267806,13.39
2026-02-10,7,capacity_price,6.155680268837142,37.09
2026-02-10,8,capacity_price,6.396489573922126,40.17
2026-02-10,9,capacity_price,7.351719259243149,33.61
2026-02-10,10,capacity_price,15.221196382685017,33.75
2026-02-10,11,capacity_price,6.019131819107843,33.88
2026-02-10,12,capacity_price,9.29461886638589,33.61
2026-02-10,13,capacity_price,8.531293749523481,33.48
2026-02-10,14,capacity_price,9.747204352243983,13.39
2026-02-10,15,capacity_price,9.960652759205106,11.78
2026-02-10,16,capacity_price,13.270581975126774,33.75
2026-02-10,17,capacity_price,18.736252695580465,35.62
2026-02-10,18,capacity_price,28.608904273516735,40.17
2026-02-10,19,capacity_price,31.914839046613956,63.07
2026-02-10,20,capacity_price,16.585312966544347,46.87
2026-02-10,21,capacity_price,14.697869075170441,46.6
2026-02-10,22,capacity_price,6.01120366385866,1.21
2026-02-10,23,capacity_price,4.716679163023304,1.21
2026-02-11,0,capacity_price,-0.6855440515999589,0.67
2026-02-11,1,capacity_price,0.8293897845062277,0.67
2026-02-11,2,capacity_price,0.8270992266275495,0.67
2026-02-11,3,capacity_price,0.1453081709105526,0.67
2026-02-11,4,capacity_price,0.9772785150669159,1.21
2026-02-11,5,capacity_price,4.04687988429874,1.21
2026-02-11,6,capacity_price,7.436231824953174,1.21
2026-02-11,7,capacity_price,12.39583905116709,19.81
2026-02-11,8,capacity_price,29.93883696295728,20.08
2026-02-11,9,capacity_price,28.96756368440888,6.69
2026-02-11,10,capacity_price,21.749677541039112,10.0
2026-02-11,11,capacity_price,50.1872301338069,28.24
2026-02-11,12,capacity_price,40.784847041106815,12.98
2026-02-11,13,capacity_price,22.14298814765182,12.98
2026-02-11,14,capacity_price,26.131094315820295,12.98
2026-02-11,15,capacity_price,37.53534458130257,16.2
2026-02-11,16,capacity_price,31.433713788560194,33.6
2026-02-11,17,capacity_price,54.94039979443336,33.74
2026-02-11,18,capacity_price,58.768196291601804,33.74
2026-02-11,19,capacity_price,47.57815242197484,60.91
2026-02-11,20,capacity_price,42.78064697918035,51.0
2026-02-11,21,capacity_price,28.568993801713383,6.69
2026-02-11,22,capacity_price,12.194637936159872,6.69
2026-02-11,23,capacity_price,7.852262882074044,1.21
2026-02-12,0,capacity_price,0.9183970472827927,0.44
2026-02-12,1,capacity_price,0.9411377115406954,0.44
2026-02-12,2,capacity_price,0.4374625401675384,0.44
2026-02-12,3,capacity_price,0.825559811572921,0.44
2026-02-12,4,capacity_price,0.6867498651666061,0.67
2026-02-12,5,capacity_price,0.9756983173928948,0.67
2026-02-12,6,capacity_price,7.03238405956882,0.67
2026-02-12,7,capacity_price,11.493825885187043,1.21
2026-02-12,8,capacity_price,8.855821577050147,1.21
2026-02-12,9,capacity_price,9.779877240662405,1.21
2026-02-12,10,capacity_price,21.690414768970083,7.36
2026-02-12,11,capacity_price,11.775350875364683,7.36
2026-02-12,12,capacity_price,11.575790176634532,4.02
2026-02-12,13,capacity_price,15.086751656173691,4.02
2026-02-12,14,capacity_price,9.520715448060525,3.35
2026-02-12,15,capacity_price,7.63231276234275,1.21
2026-02-12,16,capacity_price,-3.7049339254832425,10.0
2026-02-12,17,capacity_price,43.062284501507584,25.16
2026-02-12,18,capacity_price,38.23733583800807,28.24
2026-02-12,19,capacity_price,37.941412146197386,15.4
2026-02-12,20,capacity_price,31.23326539226876,3.35
2026-02-12,21,capacity_price,13.978364227904217,1.21
2026-02-12,22,capacity_price,2.333549336315312,1.21
2026-02-12,23,capacity_price,8.064685450680948,0.67
2026-02-13,0,capacity_price,1.206985601474486,0.35
2026-02-13,1,capacity_price,0.6199446783642263,0.35
2026-02-13,2,capacity_price,0.6394155971887172,0.35
2026-02-13,3,capacity_price,0.5766890463458034,0.35
2026-02-13,4,capacity_price,0.9800138349552829,0.54
2026-02-13,5,capacity_price,2.37507231077248,1.21
2026-02-13,6,capacity_price,-1.253876023291065,1.21
2026-02-13,7,capacity_price,11.37044853995332,1.21
2026-02-13,8,capacity_price,11.389107443988983,1.21
2026-02-13,9,capacity_price,10.745865591864629,1.21
2026-02-13,10,capacity_price,13.956898905443566,5.62
2026-02-13,11,capacity_price,11.263067452174951,5.62
2026-02-13,12,capacity_price,14.99696338440857,4.02
2026-02-13,13,capacity_price,12.575249531412668,4.02
2026-02-13,14,capacity_price,11.489627892823316,1.21
2026-02-13,15,capacity_price,13.558495262856477,1.21
2026-02-13,16,capacity_price,13.962253052388041,6.8
2026-02-13,17,capacity_price,15.150414533407009,5.89
2026-02-13,18,capacity_price,32.64561180224108,5.89
2026-02-13,19,capacity_price,26.96592140983263,5.89
2026-02-13,20,capacity_price,31.323635540718637,5.89
2026-02-13,21,capacity_price,13.756243009090257,4.02
2026-02-13,22,capacity_price,7.828675503164543,3.35
2026-02-13,23,capacity_price,7.8592123463016765,1.21
2026-02-14,0,capacity_price,0.43169740051427763,0.67
2026-02-14,1,capacity_price,0.7948563145680541,0.33
2026-02-14,2,capacity_price,0.8459073489508413,0.33
2026-02-14,3,capacity_price,1.049159464690516,0.33
2026-02-14,4,capacity_price,0.7542030303851626,0.67
2026-02-14,5,capacity_price,2.0599176714939293,1.2
2026-02-14,6,capacity_price,5.63370736949077,1.47
2026-02-14,7,capacity_price,6.507064193180743,1.2
2026-02-14,8,capacity_price,9.634288041365421,1.2
2026-02-14,9,capacity_price,15.977627253152054,1.2
2026-02-14,10,capacity_price,24.981486269345435,1.2
2026-02-14,11,capacity_price,21.460803184423796,1.2
2026-02-14,12,capacity_price,15.028817345509513,1.2
2026-02-14,13,capacity_price,15.06681863153219,1.2
2026-02-14,14,capacity_price,16.940971839324753,1.2
2026-02-14,15,capacity_price,23.02684510644663,1.2
2026-02-14,16,capacity_price,33.96027581145408,5.89
2026-02-14,17,capacity_price,51.637285601476265,46.06
2026-02-14,18,capacity_price,55.035429740645476,51.94
2026-02-14,19,capacity_price,50.83860447831202,38.56
2026-02-14,20,capacity_price,34.026579298670406,20.08
2026-02-14,21,capacity_price,25.58480909438491,5.89
2026-02-14,22,capacity_price,12.319940381616913,3.35
2026-02-14,23,capacity_price,5.744398534910326,1.2
2026-02-15,0,capacity_price,0.9177378375891267,0.67
2026-02-15,1,capacity_price,0.6227723405909961,0.67
2026-02-15,2,capacity_price,0.5743210865798978,0.31
2026-02-15,3,capacity_price,-0.11572831465479738,0.33
2026-02-15,4,capacity_price,-0.11928153245495343,0.31
2026-02-15,5,capacity_price,2.8172939579145067,0.54
2026-02-15,6,capacity_price,5.58123417851958,1.2
2026-02-15,7,capacity_price,3.825695839404828,1.2
2026-02-15,8,capacity_price,3.534311344963816,1.2
2026-02-15,9,capacity_price,13.306264731677807,1.2
2026-02-15,10,capacity_price,8.408320250198631,1.2
2026-02-15,11,capacity_price,4.764241515673138,1.2
2026-02-15,12,capacity_price,5.160387522372489,1.2
2026-02-15,13,capacity_price,7.16141930278855,1.2
2026-02-15,14,capacity_price,4.808558877414486,0.67
2026-02-15,15,capacity_price,6.385305911258891,1.2
2026-02-15,16,capacity_price,14.20335518971932,1.2
2026-02-15,17,capacity_price,23.658507717100242,1.2
2026-02-15,18,capacity_price,21.959898228024986,3.35
2026-02-15,19,capacity_price,22.62378390286485,3.35
2026-02-15,20,capacity_price,16.83302668169118,3.35
2026-02-15,21,capacity_price,11.912696939439654,1.2
2026-02-15,22,capacity_price,4.5540769874056455,0.54
2026-02-15,23,capacity_price,3.5497679995064066,0.31
2026-02-16,0,capacity_price,0.3284394203946399,0.31
2026-02-16,1,capacity_price,0.4389004880849634,0.31
2026-02-16,2,capacity_price,0.5712978952468493,0.31
2026-02-16,3,capacity_price,0.8241585262011282,0.31
2026-02-16,4,capacity_price,0.7177866421070673,0.31
2026-02-16,5,capacity_price,1.700478370969287,0.67
2026-02-16,6,capacity_price,6.16250143068595,1.2
2026-02-16,7,capacity_price,8.615870265660462,1.2
2026-02-16,8,capacity_price,7.896431220435591,1.2
2026-02-16,9,capacity_price,16.39779510915477,1.2
2026-02-16,10,capacity_price,7.845058094067322,1.2
2026-02-16,11,capacity_price,6.922824378416385,1.2
2026-02-16,12,capacity_price,9.119866168997325,1.2
2026-02-16,13,capacity_price,12.133165895142508,1.2
2026-02-16,14,capacity_price,7.933357415245469,1.2
2026-02-16,15,capacity_price,17.488230313046206,1.2
2026-02-16,16,capacity_price,24.129505406188795,1.2
2026-02-16,17,capacity_price,42.74555425555709,5.62
2026-02-16,18,capacity_price,40.0594096315496,5.62
2026-02-16,19,capacity_price,24.25779874834253,5.62
2026-02-16,20,capacity_price,16.37273453546298,3.35
2026-02-16,21,capacity_price,16.73848855934174,1.2
2026-02-16,22,capacity_price,9.032581952950853,1.2
2026-02-16,23,capacity_price,8.41783586228844,0.31
2026-02-17,0,capacity_price,0.07000593141303124,1.2
2026-02-17,1,capacity_price,0.1224110623479,1.2
2026-02-17,2,capacity_price,0.17212669457952073,1.2
2026-02-17,3,capacity_price,-0.10492557071955755,1.2
2026-02-17,4,capacity_price,0.0013918626566014058,1.2
2026-02-17,5,capacity_price,1.2325899008511172,1.2
2026-02-17,6,capacity_price,1.6520825834557575,1.2
2026-02-17,7,capacity_price,2.63052098559365,1.2
2026-02-17,8,capacity_price,0.8150613547103767,1.2
2026-02-17,9,capacity_price,3.0347326011006164,1.2
2026-02-17,10,capacity_price,9.61830101180076,1.2
2026-02-17,11,capacity_price,3.6072484572463335,1.2
2026-02-17,12,capacity_price,0.9096397171282309,1.2
2026-02-17,13,capacity_price,3.4865971825363964,1.2
2026-02-17,14,capacity_price,0.8889962510093223,1.2
2026-02-17,15,capacity_price,1.9776303515621603,1.2
2026-02-17,16,capacity_price,8.398478851436966,5.76
2026-02-17,17,capacity_price,4.2180154489220385,53.77
2026-02-17,18,capacity_price,9.298156478864023,63.67
2026-02-17,19,capacity_price,13.355790817028488,87.69
2026-02-17,20,capacity_price,7.350315392295752,9.0
2026-02-17,21,capacity_price,11.004634748170883,4.02
2026-02-17,22,capacity_price,0.33433020696675975,1.2
2026-02-17,23,capacity_price,-5.8895609155727655,1.2
2026-02-18,0,capacity_price,0.7048986046523333,0.32
2026-02-18,1,capacity_price,0.49968349483300867,0.38
2026-02-18,2,capacity_price,0.44255219580334754,0.38
2026-02-18,3,capacity_price,0.8243595962691332,0.32
2026-02-18,4,capacity_price,0.5468042538136023,0.67
2026-02-18,5,capacity_price,5.384763063255723,1.2
2026-02-18,6,capacity_price,11.654738435940846,1.2
2026-02-18,7,capacity_price,10.174406261621677,69.87
2026-02-18,8,capacity_price,18.345912905610852,100.39
2026-02-18,9,capacity_price,43.68184909456709,120.45
2026-02-18,10,capacity_price,17.176228908119338,88.79
2026-02-18,11,capacity_price,15.130112420797708,3.35
2026-02-18,12,capacity_price,15.86730582051036,3.35
2026-02-18,13,capacity_price,14.896402491499554,3.35
2026-02-18,14,capacity_price,14.831516716926625,1.2
2026-02-18,15,capacity_price,20.929650814334412,1.2
2026-02-18,16,capacity_price,47.80186027342317,5.62
2026-02-18,17,capacity_price,50.97623247313451,68.18
2026-02-18,18,capacity_price,46.175263649170944,69.25
2026-02-18,19,capacity_price,50.977866073406474,57.2
2026-02-18,20,capacity_price,37.63402569915152,3.35
2026-02-18,21,capacity_price,23.718810334224052,3.35
2026-02-18,22,capacity_price,13.42743750572776,0.67
2026-02-18,23,capacity_price,13.96479341426338,0.67
2026-02-19,0,capacity_price,0.7939389358062692,0.67
2026-02-19,1,capacity_price,0.4430182603117172,0.32
2026-02-19,2,capacity_price,0.7983274377680124,0.32
2026-02-19,3,capacity_price,0.8201890599544842,0.32
2026-02-19,4,capacity_price,1.395459069538921,0.67
2026-02-19,5,capacity_price,5.566393752901613,1.2
2026-02-19,6,capacity_price,-0.9848866540222652,1.2
2026-02-19,7,capacity_price,8.782870537597073,1.2
2026-02-19,8,capacity_price,20.916046283256964,1.2
2026-02-19,9,capacity_price,20.801719440293724,3.35
2026-02-19,10,capacity_price,8.041478375555148,5.76
2026-02-19,11,capacity_price,5.746231285100266,1.47
2026-02-19,12,capacity_price,-2.5146827211226945,1.2
2026-02-19,13,capacity_price,10.650916727923688,1.2
2026-02-19,14,capacity_price,13.458139351675776,1.2
2026-02-19,15,capacity_price,19.317773821444455,1.47
2026-02-19,16,capacity_price,24.851388503607435,8.83
2026-02-19,17,capacity_price,35.16167694728337,5.89
2026-02-19,18,capacity_price,46.30184596577645,5.89
2026-02-19,19,capacity_price,69.42321260478315,5.89
2026-02-19,20,capacity_price,38.57408827832029,5.76
2026-02-19,21,capacity_price,24.822244182568497,5.76
2026-02-19,22,capacity_price,10.595961004342726,1.2
2026-02-19,23,capacity_price,8.57148456919932,0.67
2026-02-20,0,capacity_price,0.8480096034025929,0.67
2026-02-20,1,capacity_price,1.1783539817793165,0.54
2026-02-20,2,capacity_price,0.5216246110603102,0.67
2026-02-20,3,capacity_price,1.4201940071965953,0.67
2026-02-20,4,capacity_price,1.8701901557276353,0.67
2026-02-20,5,capacity_price,1.7547362729307978,1.2
2026-02-20,6,capacity_price,8.149159287049438,1.31
2026-02-20,7,capacity_price,-2.4752161693022314,1.2
2026-02-20,8,capacity_price,-7.745307878585376,3.35
2026-02-20,9,capacity_price,4.0346059422166896,7.36
2026-02-20,10,capacity_price,15.042804279330566,5.62
2026-02-20,11,capacity_price,-0.5760934143371106,1.31
2026-02-20,12,capacity_price,8.624383021610116,1.31
2026-02-20,13,capacity_price,2.661511374876701,1.31
2026-02-20,14,capacity_price,-4.385867565514761,1.31
2026-02-20,15,capacity_price,0.3491698211137688,1.2
2026-02-20,16,capacity_price,7.690049625167866,1.2
2026-02-20,17,capacity_price,42.32199212107406,5.76
2026-02-20,18,capacity_price,46.02507574143538,5.76
2026-02-20,19,capacity_price,48.96492581071409,5.76
2026-02-20,20,capacity_price,29.652218089718414,5.76
2026-02-20,21,capacity_price,11.015290192754351,1.2
2026-02-20,22,capacity_price,-0.12719582779447514,1.31
2026-02-20,23,capacity_price,-7.86095275095284,0.67
2026-02-21,0,capacity_price,0.935190909749512,0.67
2026-02-21,1,capacity_price,0.657976069551254,0.67
2026-02-21,2,capacity_price,0.33861566289458683,0.67
2026-02-21,3,capacity_price,1.0669601411082252,0.67
2026-02-21,4,capacity_price,0.684718677676099,0.67
2026-02-21,5,capacity_price,-2.1155381950853736,0.67
2026-02-21,6,capacity_price,-8.015311068868828,0.54
2026-02-21,7,capacity_price,-0.6997783255991976,0.67
2026-02-21,8,capacity_price,-25.436291161142062,1.31
2026-02-21,9,capacity_price,-80.22216032065789,1.2
2026-02-21,10,capacity_price,-71.20088903011258,1.31
2026-02-21,11,capacity_price,-96.47773602529388,1.2
2026-02-21,12,capacity_price,-102.84047761776642,1.2
2026-02-21,13,capacity_price,-23.552584782276174,1.31
2026-02-21,14,capacity_price,-18.582432622580264,1.31
2026-02-21,15,capacity_price,-43.36297688210829,1.2
2026-02-21,16,capacity_price,-13.087204097468533,1.2
2026-02-21,17,capacity_price,31.678070267543823,1.34
2026-02-21,18,capacity_price,27.784977064030013,1.34
2026-02-21,19,capacity_price,15.512220269023683,1.34
2026-02-21,20,capacity_price,6.4633763128401895,5.75
2026-02-21,21,capacity_price,13.032126723102815,5.75
2026-02-21,22,capacity_price,7.3393560769297785,3.35
2026-02-21,23,capacity_price,2.6459086928394164,1.2
2026-02-22,0,capacity_price,1.0851720539688676,1.31
2026-02-22,1,capacity_price,0.7215180642106765,1.31
2026-02-22,2,capacity_price,0.5419167540529688,0.43
2026-02-22,3,capacity_price,0.5664407748141864,0.67
2026-02-22,4,capacity_price,0.9641040338378982,0.43
2026-02-22,5,capacity_price,1.4325949669998375,0.67
2026-02-22,6,capacity_price,1.82211043447872,1.31
2026-02-22,7,capacity_price,2.2722076937409215,1.31
2026-02-22,8,capacity_price,3.5114386719794273,1.2
2026-02-22,9,capacity_price,2.829183552358556,1.2
2026-02-22,10,capacity_price,5.667470831170263,1.2
2026-02-22,11,capacity_price,4.932218738479633,1.2
2026-02-22,12,capacity_price,3.8635568806942313,1.2
2026-02-22,13,capacity_price,4.7989975933121585,1.31
2026-02-22,14,capacity_price,3.706105773269387,1.31
2026-02-22,15,capacity_price,2.5942850169247222,1.31
2026-02-22,16,capacity_price,3.3612760462489817,1.2
2026-02-22,17,capacity_price,4.217249729657809,6.69
2026-02-22,18,capacity_price,9.280971573695375,24.89
2026-02-22,19,capacity_price,13.203655665688128,24.89
2026-02-22,20,capacity_price,9.269944357000947,10.46
2026-02-22,21,capacity_price,11.372804267512928,6.61
2026-02-22,22,capacity_price,4.342500768453389,5.03
2026-02-22,23,capacity_price,3.4641517737905043,0.54
2026-02-23,0,capacity_price,0.8871804879523054,0.67
2026-02-23,1,capacity_price,0.8440941440788299,0.27
2026-02-23,2,capacity_price,0.7068388407976454,0.27
2026-02-23,3,capacity_price,1.1756910355028292,0.67
2026-02-23,4,capacity_price,2.5587970061544323,0.67
2026-02-23,5,capacity_price,3.0011389012585825,0.67
2026-02-23,6,capacity_price,6.849449891151454,1.31
2026-02-23,7,capacity_price,14.073389515398404,1.2
2026-02-23,8,capacity_price,14.93220299108399,1.31
2026-02-23,9,capacity_price,29.558125786347873,1.2
2026-02-23,10,capacity_price,24.169643826242712,1.31
2026-02-23,11,capacity_price,15.887024388323766,1.31
2026-02-23,12,capacity_price,11.843932297866672,1.2
2026-02-23,13,capacity_price,13.071865279279494,1.2
2026-02-23,14,capacity_price,12.998969508152356,1.31
2026-02-23,15,capacity_price,23.064022508176663,1.31
2026-02-23,16,capacity_price,31.459184387883326,1.31
2026-02-23,17,capacity_price,51.813416286954,9.37
2026-02-23,18,capacity_price,55.117897001146645,9.0
2026-02-23,19,capacity_price,47.501848945033004,9.0
2026-02-23,20,capacity_price,35.71277305939428,9.37
2026-02-23,21,capacity_price,31.2770534623252,5.89
2026-02-23,22,capacity_price,9.487483446579137,1.31
2026-02-23,23,capacity_price,4.034304228609861,0.67
2026-02-24,0,capacity_price,0.44751781574184674,0.4
2026-02-24,1,capacity_price,0.5157934028652853,0.4
2026-02-24,2,capacity_price,0.5369322636753464,0.4
2026-02-24,3,capacity_price,0.43466070972554904,0.67
2026-02-24,4,capacity_price,1.694997323137979,1.2
2026-02-24,5,capacity_price,2.0032608101107403,1.2
2026-02-24,6,capacity_price,4.97152880493457,1.34
2026-02-24,7,capacity_price,7.184533782252625,5.62
2026-02-24,8,capacity_price,13.7434836158102,5.75
2026-02-24,9,capacity_price,13.458948491309584,5.89
2026-02-24,10,capacity_price,16.29759691577928,9.0
2026-02-24,11,capacity_price,11.339483888444942,10.31
2026-02-24,12,capacity_price,11.351557139531778,5.75
2026-02-24,13,capacity_price,7.6830129307894275,5.75
2026-02-24,14,capacity_price,8.075443306652465,10.31
2026-02-24,15,capacity_price,8.479887362777522,5.75
2026-02-24,16,capacity_price,16.588345472911783,5.89
2026-02-24,17,capacity_price,50.13502878996222,103.74
2026-02-24,18,capacity_price,50.0301503135416,66.93
2026-02-24,19,capacity_price,43.46177110827668,46.85
2026-02-24,20,capacity_price,25.91722391126081,22.22
2026-02-24,21,capacity_price,16.674933174103263,9.0
2026-02-24,22,capacity_price,4.331175417082074,5.62
2026-02-24,23,capacity_price,4.519491897370235,1.31
2026-02-25,0,capacity_price,0.1375493655728448,0.54
2026-02-25,1,capacity_price,0.6704351791248462,0.54
2026-02-25,2,capacity_price,1.016077356560844,0.27
2026-02-25,3,capacity_price,0.504672975221347,0.29
2026-02-25,4,capacity_price,0.8715401786268715,0.67
2026-02-25,5,capacity_price,1.5813437734693536,1.2
2026-02-25,6,capacity_price,11.582997312019298,1.31
2026-02-25,7,capacity_price,16.67189763768974,1.31
2026-02-25,8,capacity_price,30.737207244862482,5.62
2026-02-25,9,capacity_price,27.10518168402902,5.89
2026-02-25,10,capacity_price,25.954513201117035,1.31
2026-02-25,11,capacity_price,19.349094037592764,1.31
2026-02-25,12,capacity_price,22.06626466283606,1.31
2026-02-25,13,capacity_price,19.124139363401454,1.31
2026-02-25,14,capacity_price,20.554224542889678,1.34
2026-02-25,15,capacity_price,19.47035057117956,1.34
2026-02-25,16,capacity_price,41.39990001977889,9.0
2026-02-25,17,capacity_price,71.76355100803869,52.87
2026-02-25,18,capacity_price,53.35072948063578,61.44
2026-02-25,19,capacity_price,58.462942115826195,63.86
2026-02-25,20,capacity_price,37.005757615226315,66.93
2026-02-25,21,capacity_price,28.3883474838591,5.89
2026-02-25,22,capacity_price,11.844443091508067,1.2
2026-02-25,23,capacity_price,0.7596673536165248,0.54
2026-02-26,0,capacity_price,1.0876027666768926,0.13
2026-02-26,1,capacity_price,0.6274718680078383,0.13
2026-02-26,2,capacity_price,0.567511225700195,0.13
2026-02-26,3,capacity_price,0.6021630426025781,0.13
2026-02-26,4,capacity_price,0.8299940919027351,0.67
2026-02-26,5,capacity_price,1.1769744201295347,0.67
2026-02-26,6,capacity_price,16.216331558787275,0.54
2026-02-26,7,capacity_price,12.53313857190549,0.67
2026-02-26,8,capacity_price,16.46274470106189,1.2
2026-02-26,9,capacity_price,17.06163686580559,1.2
2026-02-26,10,capacity_price,15.833865314045035,1.2
2026-02-26,11,capacity_price,18.334902650996547,0.67
2026-02-26,12,capacity_price,10.349331178959588,0.54
2026-02-26,13,capacity_price,11.423124998281388,0.67
2026-02-26,14,capacity_price,12.226201690754866,0.67
2026-02-26,15,capacity_price,13.261931863326035,1.2
2026-02-26,16,capacity_price,48.30220402673524,5.62
2026-02-26,17,capacity_price,68.23610429577707,5.89
2026-02-26,18,capacity_price,61.699763563904014,8.83
2026-02-26,19,capacity_price,36.4854127939337,5.62
2026-02-26,20,capacity_price,34.65076490650572,5.62
2026-02-26,21,capacity_price,23.461478741249564,5.62
2026-02-26,22,capacity_price,11.006810051328529,1.2
2026-02-26,23,capacity_price,5.599886776959437,0.67
2026-02-27,0,capacity_price,0.21210826602204835,0.13
2026-02-27,1,capacity_price,0.5359353248793692,0.13
2026-02-27,2,capacity_price,0.5472177834483437,0.13
2026-02-27,3,capacity_price,0.4964795134695015,0.26
2026-02-27,4,capacity_price,0.5652198021508916,1.44
2026-02-27,5,capacity_price,0.7222900934322398,1.2
2026-02-27,6,capacity_price,0.9179935756194344,4.0
2026-02-27,7,capacity_price,1.288609228878581,1.31
2026-02-27,8,capacity_price,-3.2637506924168305,5.76
2026-02-27,9,capacity_price,-5.267440538702715,5.89
2026-02-27,10,capacity_price,2.1438131290976674,10.44
2026-02-27,11,capacity_price,-1.1820236535482032,1.2
2026-02-27,12,capacity_price,0.8154881970502181,1.2
2026-02-27,13,capacity_price,-4.3157980623358485,1.31
2026-02-27,14,capacity_price,-12.851642402822801,1.31
2026-02-27,15,capacity_price,-16.86470216403724,5.89
2026-02-27,16,capacity_price,7.440069754355452,58.74
2026-02-27,17,capacity_price,7.492644634115592,105.71
2026-02-27,18,capacity_price,1.1304115786048428,75.42
2026-02-27,19,capacity_price,-4.222332623498275,94.25
2026-02-27,20,capacity_price,4.104984204248424,63.01
2026-02-27,21,capacity_price,2.6957768607828463,26.5
2026-02-27,22,capacity_price,-4.386972515354391,5.89
2026-02-27,23,capacity_price,0.11173987240575078,5.89
2026-02-28,0,capacity_price,0.6633346405638679,0.67
2026-02-28,1,capacity_price,0.671435555834809,0.67
2026-02-28,2,capacity_price,0.4906077600619757,0.67
2026-02-28,3,capacity_price,-0.0017493588896291268,0.67
2026-02-28,4,capacity_price,1.0100340951374582,1.31
2026-02-28,5,capacity_price,1.7390044776407148,13.38
2026-02-28,6,capacity_price,4.454996126354724,5.89
2026-02-28,7,capacity_price,7.998529546347755,5.75
2026-02-28,8,capacity_price,14.479239026665454,6.69
2026-02-28,9,capacity_price,21.12442795897585,16.59
2026-02-28,10,capacity_price,18.674127979452294,10.0
2026-02-28,11,capacity_price,16.881235246119946,8.16
2026-02-28,12,capacity_price,12.225148559958518,6.69
2026-02-28,13,capacity_price,15.426668252871693,6.69
2026-02-28,14,capacity_price,6.266677720164667,6.69
2026-02-28,15,capacity_price,13.449196285434077,12.85
2026-02-28,16,capacity_price,25.909997643376954,24.89
2026-02-28,17,capacity_price,42.16399865195297,102.49
2026-02-28,18,capacity_price,45.184557771268366,108.52
2026-02-28,19,capacity_price,38.31347479311243,101.29
2026-02-28,20,capacity_price,23.881160344356978,88.19
2026-02-28,21,capacity_price,12.84467179343539,26.5
2026-02-28,22,capacity_price,3.513627932886112,24.89
2026-02-28,23,capacity_price,2.4294585781381643,6.69
2026-03-01,0,capacity_price,1.1577829009823122,0.54
2026-03-01,1,capacity_price,0.6927856446504914,0.67
2026-03-01,2,capacity_price,0.33991606886693465,0.13
2026-03-01,3,capacity_price,0.2585079939924982,0.13
2026-03-01,4,capacity_price,-0.8501521188600605,0.67
2026-03-01,5,capacity_price,1.2866332470019683,0.67
2026-03-01,6,capacity_price,3.588705599167959,1.31
2026-03-01,7,capacity_price,2.760809196064564,1.2
2026-03-01,8,capacity_price,6.12322006257983,1.31
2026-03-01,9,capacity_price,7.809792628178124,1.31
2026-03-01,10,capacity_price,5.361892427519836,1.2
2026-03-01,11,capacity_price,2.1318783890487296,1.31
2026-03-01,12,capacity_price,8.978027297294345,1.2
2026-03-01,13,capacity_price,6.620186094272357,1.2
2026-03-01,14,capacity_price,7.003571695739704,1.31
2026-03-01,15,capacity_price,9.886080259760435,4.0
2026-03-01,16,capacity_price,16.59736939465798,24.89
2026-03-01,17,capacity_price,41.293554806499245,83.65
2026-03-01,18,capacity_price,34.23506747798567,43.72
2026-03-01,19,capacity_price,27.58207817387191,5.89
2026-03-01,20,capacity_price,22.137366834889473,5.75
2026-03-01,21,capacity_price,15.587464283160207,5.75
2026-03-01,22,capacity_price,7.232424979376943,1.2
2026-03-01,23,capacity_price,4.010109992212741,0.54
2026-03-02,0,capacity_price,0.6405548591999615,0.46
2026-03-02,1,capacity_price,0.5764339459766348,0.67
2026-03-02,2,capacity_price,0.17981636113910593,0.27
2026-03-02,3,capacity_price,0.27958867790976866,1.31
2026-03-02,4,capacity_price,0.4293479518328369,3.35
2026-03-02,5,capacity_price,-0.5675514182371524,6.69
2026-03-02,6,capacity_price,0.8880645640264366,5.89
2026-03-02,7,capacity_price,-15.753612496183685,3.35
2026-03-02,8,capacity_price,-6.517097752493162,5.75
2026-03-02,9,capacity_price,-5.703199183506115,6.69
2026-03-02,10,capacity_price,-1.6752475535296156,6.69
2026-03-02,11,capacity_price,-16.08927690691689,6.02
2026-03-02,12,capacity_price,-5.569615210095804,5.75
2026-03-02,13,capacity_price,-9.066907251579554,6.02
2026-03-02,14,capacity_price,-16.942661710384048,6.02
2026-03-02,15,capacity_price,-24.10150910898487,6.69
2026-03-02,16,capacity_price,-0.34330820826449227,60.24
2026-03-02,17,capacity_price,32.18784068030902,64.11
2026-03-02,18,capacity_price,20.58382106764987,75.08
2026-03-02,19,capacity_price,22.243904392459108,57.82
2026-03-02,20,capacity_price,11.579627673391384,59.98
2026-03-02,21,capacity_price,7.380606606309485,38.86
2026-03-02,22,capacity_price,-7.27526933921956,5.75
2026-03-02,23,capacity_price,-1.0163706775370884,0.67
2026-03-03,0,capacity_price,0.7521981535247046,0.54
2026-03-03,1,capacity_price,0.50705763874153,0.67
2026-03-03,2,capacity_price,0.34954273162002525,0.67
2026-03-03,3,capacity_price,0.7224956117861825,0.67
2026-03-03,4,capacity_price,1.3788864044271314,1.31
2026-03-03,5,capacity_price,2.425061056329647,4.0
2026-03-03,6,capacity_price,-0.06317582675481814,5.22
2026-03-03,7,capacity_price,0.8842908745482045,1.31
2026-03-03,8,capacity_price,9.156276175534192,45.65
2026-03-03,9,capacity_price,7.634812050042038,6.69
2026-03-03,10,capacity_price,4.347454644263567,5.89
2026-03-03,11,capacity_price,7.0834495672269755,5.89
2026-03-03,12,capacity_price,4.543976846998153,6.02
2026-03-03,13,capacity_price,8.273987498594526,5.89
2026-03-03,14,capacity_price,3.8887148627428343,5.89
2026-03-03,15,capacity_price,7.111788734840436,24.89
2026-03-03,16,capacity_price,21.936484699275027,79.83
2026-03-03,17,capacity_price,43.81136450550561,66.93
2026-03-03,18,capacity_price,51.976999815520934,64.64
2026-03-03,19,capacity_price,38.68187992968515,65.45
2026-03-03,20,capacity_price,31.241764648974513,51.26
2026-03-03,21,capacity_price,6.349470227947612,52.73
2026-03-03,22,capacity_price,4.467922403065918,5.62
2026-03-03,23,capacity_price,-1.4906540648745512,1.2
2026-03-04,0,capacity_price,0.9436476452359696,1.2
2026-03-04,1,capacity_price,0.7113516964630308,1.31
2026-03-04,2,capacity_price,0.12263881449695746,1.2
2026-03-04,3,capacity_price,0.40770550458455623,1.2
2026-03-04,4,capacity_price,0.8166191139053417,6.69
2026-03-04,5,capacity_price,1.8903300516088217,38.4
2026-03-04,6,capacity_price,5.050729280327997,53.54
2026-03-04,7,capacity_price,11.335475334424672,6.69
2026-03-04,8,capacity_price,19.53645254090243,94.09
2026-03-04,9,capacity_price,26.26260297749457,67.06
2026-03-04,10,capacity_price,40.18482072410538,40.16
2026-03-04,11,capacity_price,14.962795917747718,31.18
2026-03-04,12,capacity_price,16.413630952746878,14.86
2026-03-04,13,capacity_price,18.59213363023712,14.86
2026-03-04,14,capacity_price,11.986737423181893,24.9
2026-03-04,15,capacity_price,11.72795000505716,60.24
2026-03-04,16,capacity_price,24.61713856925059,73.88
2026-03-04,17,capacity_price,85.75566115959174,101.67
2026-03-04,18,capacity_price,86.64509238128599,127.17
2026-03-04,19,capacity_price,53.07269943600102,133.73
2026-03-04,20,capacity_price,39.07011500791299,102.4
2026-03-04,21,capacity_price,17.54311476529678,69.47
2026-03-04,22,capacity_price,4.781776991184319,40.16
2026-03-04,23,capacity_price,1.7380803432320278,5.76
2026-03-05,0,capacity_price,1.5950144643012734,4.0
2026-03-05,1,capacity_price,0.8083341484411474,0.67
2026-03-05,2,capacity_price,0.6554022136682751,0.54
2026-03-05,3,capacity_price,0.959027105562611,0.67
2026-03-05,4,capacity_price,1.310389439867245,1.31
2026-03-05,5,capacity_price,6.662891513068513,6.56
2026-03-05,6,capacity_price,9.748559377951107,6.69
2026-03-05,7,capacity_price,-15.066265784347461,5.89
2026-03-05,8,capacity_price,7.6639038857541415,88.4
2026-03-05,9,capacity_price,14.22447021812031,23.42
2026-03-05,10,capacity_price,25.67368014274118,6.02
2026-03-05,11,capacity_price,6.670519811131817,5.76
2026-03-05,12,capacity_price,5.262548374397826,5.76
2026-03-05,13,capacity_price,10.220114513782296,6.02
2026-03-05,14,capacity_price,14.842021469530831,6.69
2026-03-05,15,capacity_price,25.46703251551731,53.54
2026-03-05,16,capacity_price,35.3588450931601,77.6
2026-03-05,17,capacity_price,75.72600804543927,116.6
2026-03-05,18,capacity_price,80.31743939409404,127.16
2026-03-05,19,capacity_price,57.40682395728413,130.24
2026-03-05,20,capacity_price,48.25692313044843,116.26
2026-03-05,21,capacity_price,20.640053823552538,120.48
2026-03-05,22,capacity_price,11.626185999702255,77.52
2026-03-05,23,capacity_price,2.2159349910101254,5.89
2026-03-06,0,capacity_price,1.7315839394651662,1.31
2026-03-06,1,capacity_price,1.1525805492074943,1.31
2026-03-06,2,capacity_price,1.0553149027982887,1.31
2026-03-06,3,capacity_price,1.4957390869185578,1.31
2026-03-06,4,capacity_price,4.070128037982753,5.62
2026-03-06,5,capacity_price,17.145019758925674,6.69
2026-03-06,6,capacity_price,16.960196107929086,6.69
2026-03-06,7,capacity_price,5.79923800117113,6.69
2026-03-06,8,capacity_price,40.468227761116204,70.8
2026-03-06,9,capacity_price,24.200983335596103,46.85
2026-03-06,10,capacity_price,14.668931290536655,5.76
2026-03-06,11,capacity_price,9.246479794003694,4.0
2026-03-06,12,capacity_price,14.692918034796303,3.35
2026-03-06,13,capacity_price,4.174853719096147,4.68
2026-03-06,14,capacity_price,9.512834643938227,5.35
2026-03-06,15,capacity_price,48.51633998676331,53.54
2026-03-06,16,capacity_price,38.827670275888146,67.19
2026-03-06,17,capacity_price,71.4825460550878,133.55
2026-03-06,18,capacity_price,65.84258768365012,187.41
2026-03-06,19,capacity_price,81.121469291067,125.14
2026-03-06,20,capacity_price,100.98331561470877,81.64
2026-03-06,21,capacity_price,161.0105866441413,67.19
2026-03-06,22,capacity_price,39.62834044175708,50.19
2026-03-06,23,capacity_price,3.3579680083377896,6.69
2026-03-07,0,capacity_price,1.1496534442535538,0.67
2026-03-07,1,capacity_price,0.5865402067112521,0.67
2026-03-07,2,capacity_price,0.4755818841471767,0.67
2026-03-07,3,capacity_price,1.0223305619296281,0.67
2026-03-07,4,capacity_price,2.3291351625746577,1.2
2026-03-07,5,capacity_price,5.520501754354928,5.75
2026-03-07,6,capacity_price,8.16786875041007,5.89
2026-03-07,7,capacity_price,3.148354152995302,4.0
2026-03-07,8,capacity_price,69.84891018457986,5.89
2026-03-07,9,capacity_price,17.91159100196341,5.89
2026-03-07,10,capacity_price,10.25809812029573,5.89
2026-03-07,11,capacity_price,-7.13374250126659,4.0
2026-03-07,12,capacity_price,-3.5617961614988802,1.31
2026-03-07,13,capacity_price,-1.2852575645857334,1.2
2026-03-07,14,capacity_price,2.094187473381737,5.62
2026-03-07,15,capacity_price,24.479288272548004,5.89
2026-03-07,16,capacity_price,176.36523411782093,48.72
2026-03-07,17,capacity_price,100.54318565813563,53.53
2026-03-07,18,capacity_price,143.84331719004436,80.31
2026-03-07,19,capacity_price,111.12454015737818,83.65
2026-03-07,20,capacity_price,95.45828877488063,60.9
2026-03-07,21,capacity_price,138.12208475533515,56.35
2026-03-07,22,capacity_price,117.63639114478008,5.89
2026-03-07,23,capacity_price,6.775428319627263,5.89
2026-03-08,0,capacity_price,3.3511123768735853,1.31
2026-03-08,1,capacity_price,3.685918144553393,5.76
2026-03-08,2,capacity_price,0.7640449025389955,0.67
2026-03-08,3,capacity_price,1.5700835132567388,1.31
2026-03-08,4,capacity_price,1.8376542424314946,3.75
2026-03-08,5,capacity_price,7.229363381853,5.89
2026-03-08,6,capacity_price,5.786693940918923,5.89
2026-03-08,7,capacity_price,2.1666642873909185,5.62
2026-03-08,8,capacity_price,13.952042485427803,4.0
2026-03-08,9,capacity_price,20.958416379000433,5.62
2026-03-08,10,capacity_price,1.1070800105927976,1.31
2026-03-08,11,capacity_price,4.7200315139468785,1.2
2026-03-08,12,capacity_price,7.0207085373569225,1.31
2026-03-08,13,capacity_price,6.681462417833322,1.2
2026-03-08,14,capacity_price,10.491394275214608,1.31
2026-03-08,15,capacity_price,18.683246634361456,1.2
2026-03-08,16,capacity_price,29.725166557457992,23.42
2026-03-08,17,capacity_price,47.98707249093479,69.87
2026-03-08,18,capacity_price,52.72050177086301,100.39
2026-03-08,19,capacity_price,61.92622522734216,56.89
2026-03-08,20,capacity_price,74.48575133770262,68.0
2026-03-08,21,capacity_price,54.99677871807138,26.77
2026-03-08,22,capacity_price,11.207609614551394,5.89
2026-03-08,23,capacity_price,5.605452093149816,1.2
2026-03-09,0,capacity_price,0.4314884085489566,0.54
2026-03-09,1,capacity_price,0.9725782064662536,0.54
2026-03-09,2,capacity_price,0.6776874325264941,0.54
2026-03-09,3,capacity_price,1.8365415297342613,1.31
2026-03-09,4,capacity_price,1.4492734404765648,6.69
2026-03-09,5,capacity_price,3.8382429414714254,11.78
2026-03-09,6,capacity_price,3.331895780084655,6.69
2026-03-09,7,capacity_price,-26.39977484051793,6.69
2026-03-09,8,capacity_price,0.7330430752093919,85.27
2026-03-09,9,capacity_price,-16.081549984893,6.69
2026-03-09,10,capacity_price,-20.708620380084987,6.69
2026-03-09,11,capacity_price,-12.0578781545488,5.89
2026-03-09,12,capacity_price,-8.32918789779799,4.0
2026-03-09,13,capacity_price,-23.740878692383003,4.0
2026-03-09,14,capacity_price,-3.8703850384536915,6.69
2026-03-09,15,capacity_price,-1.0114914739990049,14.86
2026-03-09,16,capacity_price,33.62908629483663,56.89
2026-03-09,17,capacity_price,43.514262831342556,145.34
2026-03-09,18,capacity_price,68.85525693998166,239.97
2026-03-09,19,capacity_price,59.37436718800959,193.26
2026-03-09,20,capacity_price,50.03749003534295,108.29
2026-03-09,21,capacity_price,21.610101599466336,79.64
2026-03-09,22,capacity_price,-7.382464603098412,56.89
2026-03-09,23,capacity_price,-1.713711098998104,1.2
2026-03-10,0,capacity_price,0.8031697523449239,0.54
2026-03-10,1,capacity_price,0.5880538336637369,0.54
2026-03-10,2,capacity_price,0.9148997297072577,0.54
2026-03-10,3,capacity_price,0.6020236143558004,1.31
2026-03-10,4,capacity_price,10.389038936684567,6.69
2026-03-10,5,capacity_price,42.82786609201007,6.69
2026-03-10,6,capacity_price,11.568267776534901,11.52
2026-03-10,7,capacity_price,7.295641011121907,6.69
2026-03-10,8,capacity_price,105.03273774425152,72.55
2026-03-10,9,capacity_price,17.082420791273925,46.85
2026-03-10,10,capacity_price,-4.724847312314337,6.69
2026-03-10,11,capacity_price,5.134665372426412,5.89
2026-03-10,12,capacity_price,4.934744143839394,5.89
2026-03-10,13,capacity_price,7.841058904568656,5.89
2026-03-10,14,capacity_price,16.811024038786098,5.89
2026-03-10,15,capacity_price,24.225307050595696,94.58
2026-03-10,16,capacity_price,98.57488181541552,119.34
2026-03-10,17,capacity_price,153.32708309883267,147.18
2026-03-10,18,capacity_price,218.02347079016548,201.79
2026-03-10,19,capacity_price,348.7955278101643,176.3
2026-03-10,20,capacity_price,261.89053551406323,97.58
2026-03-10,21,capacity_price,123.46529697276085,71.21
2026-03-10,22,capacity_price,97.38364679015005,14.86
2026-03-10,23,capacity_price,1.5804795495722195,1.31
2026-03-11,0,capacity_price,0.31175124362835144,0.33
2026-03-11,1,capacity_price,-0.46622952136829243,0.27
2026-03-11,2,capacity_price,0.10656176418999386,0.27
2026-03-11,3,capacity_price,0.04627751916683709,0.27
2026-03-11,4,capacity_price,1.9703274598877603,0.54
2026-03-11,5,capacity_price,3.048789611946366,1.2
2026-03-11,6,capacity_price,5.711144566233461,1.31
2026-03-11,7,capacity_price,-2.80849614118587,11.78
2026-03-11,8,capacity_price,13.091470839724245,13.12
2026-03-11,9,capacity_price,17.66406923253123,3.35
2026-03-11,10,capacity_price,4.174911289584365,1.31
2026-03-11,11,capacity_price,-34.93333817168675,1.31
2026-03-11,12,capacity_price,-13.409444297831566,1.31
2026-03-11,13,capacity_price,-4.272341408676604,1.31
2026-03-11,14,capacity_price,-16.938258937452062,1.31
2026-03-11,15,capacity_price,1.60646140080385,26.77
2026-03-11,16,capacity_price,57.311586622922036,53.14
2026-03-11,17,capacity_price,106.38889751826196,107.08
2026-03-11,18,capacity_price,126.40164050745443,135.43
2026-03-11,19,capacity_price,78.66990061690211,92.23
2026-03-11,20,capacity_price,69.33733514365795,65.59
2026-03-11,21,capacity_price,30.987803551254824,53.81
2026-03-11,22,capacity_price,-0.42149050003088107,20.75
2026-03-11,23,capacity_price,2.773182234765678,1.2
2026-03-12,0,capacity_price,0.5512272912293115,0.3
2026-03-12,1,capacity_price,1.296626847537744,0.27
2026-03-12,2,capacity_price,0.6555535637280538,0.27
2026-03-12,3,capacity_price,0.7212217675375614,0.27
2026-03-12,4,capacity_price,0.8322449146160438,1.2
2026-03-12,5,capacity_price,0.9283570005649346,1.2
2026-03-12,6,capacity_price,11.100990355779409,1.2
2026-03-12,7,capacity_price,10.648341489588503,5.76
2026-03-12,8,capacity_price,16.53569692442069,6.69
2026-03-12,9,capacity_price,6.773013985423315,1.31
2026-03-12,10,capacity_price,13.909842578565614,1.31
2026-03-12,11,capacity_price,-2.041227523391284,1.2
2026-03-12,12,capacity_price,-6.130481159386776,0.54
2026-03-12,13,capacity_price,-5.684751121426516,0.67
2026-03-12,14,capacity_price,-7.786622391241157,0.73
2026-03-12,15,capacity_price,9.937020761893814,1.31
2026-03-12,16,capacity_price,53.014405024753486,5.89
2026-03-12,17,capacity_price,44.73091323646655,6.69
2026-03-12,18,capacity_price,54.13777869604623,53.54
2026-03-12,19,capacity_price,34.08601528222911,5.89
2026-03-12,20,capacity_price,42.82668727808312,5.89
2026-03-12,21,capacity_price,21.505034665208242,12.31
2026-03-12,22,capacity_price,10.329521308187196,1.31
2026-03-12,23,capacity_price,1.246571259481987,0.67
2026-03-13,0,capacity_price,0.44266316216426915,0.1
2026-03-13,1,capacity_price,0.9188386556454367,0.1
2026-03-13,2,capacity_price,0.4437958504289503,0.07
2026-03-13,3,capacity_price,0.9726202198552029,0.13
2026-03-13,4,capacity_price,-1.0186328484727758,0.4
2026-03-13,5,capacity_price,0.10710077824715203,0.67
2026-03-13,6,capacity_price,1.856215128728615,1.2
2026-03-13,7,capacity_price,1.467038548603278,1.2
2026-03-13,8,capacity_price,4.152205743914543,1.2
2026-03-13,9,capacity_price,-11.143879027196457,1.2
2026-03-13,10,capacity_price,-8.211638163577437,0.67
2026-03-13,11,capacity_price,-4.641548065468645,0.67
2026-03-13,12,capacity_price,-0.7585334576873963,0.54
2026-03-13,13,capacity_price,-3.3713227979803913,0.67
2026-03-13,14,capacity_price,0.31792676271039966,0.67
2026-03-13,15,capacity_price,-9.581949137863576,4.0
2026-03-13,16,capacity_price,8.48552228798312,72.58
2026-03-13,17,capacity_price,58.77864504708712,126.05
2026-03-13,18,capacity_price,62.50338957361606,128.19
2026-03-13,19,capacity_price,52.39437210726736,101.55
2026-03-13,20,capacity_price,47.96781721257979,52.2
2026-03-13,21,capacity_price,10.491784809609237,6.69
2026-03-13,22,capacity_price,5.348959498324596,6.69
2026-03-13,23,capacity_price,0.27374796294064385,5.89
2026-03-14,0,capacity_price,0.8807376643235652,0.67
2026-03-14,1,capacity_price,0.8595025612395671,0.54
2026-03-14,2,capacity_price,0.8070621003821316,0.4
2026-03-14,3,capacity_price,0.25347224381935635,0.67
2026-03-14,4,capacity_price,1.8658198966375241,1.31
2026-03-14,5,capacity_price,3.8551555477441193,1.31
2026-03-14,6,capacity_price,8.082144512862284,5.75
2026-03-14,7,capacity_price,8.412528145236926,5.62
2026-03-14,8,capacity_price,14.007054132434122,6.69
2026-03-14,9,capacity_price,21.032138541747386,6.69
2026-03-14,10,capacity_price,22.311607904421862,5.89
2026-03-14,11,capacity_price,16.343611087911587,5.62
2026-03-14,12,capacity_price,14.94880922624926,5.35
2026-03-14,13,capacity_price,13.827386665638112,5.89
2026-03-14,14,capacity_price,22.788856708347858,4.0
2026-03-14,15,capacity_price,15.107003892869763,5.89
2026-03-14,16,capacity_price,20.480234278660404,6.69
2026-03-14,17,capacity_price,106.61392497994743,76.28
2026-03-14,18,capacity_price,154.2783337077205,99.84
2026-03-14,19,capacity_price,111.06396679823673,90.33
2026-03-14,20,capacity_price,56.77217754941949,75.88
2026-03-14,21,capacity_price,35.450904512116765,6.69
2026-03-14,22,capacity_price,17.3384876255977,4.0
2026-03-14,23,capacity_price,3.510075790841821,1.2
2026-03-15,0,capacity_price,-0.4556921784595188,1.2
2026-03-15,1,capacity_price,-0.3395293669111611,1.2
2026-03-15,2,capacity_price,-0.6994738676417785,0.67
2026-03-15,3,capacity_price,-3.307948801825453,0.67
2026-03-15,4,capacity_price,-1.1756245652727801,1.2
2026-03-15,5,capacity_price,-15.258892012414217,5.35
2026-03-15,6,capacity_price,-0.9455716814555073,5.89
2026-03-15,7,capacity_price,4.123530758175499,5.89
2026-03-15,8,capacity_price,-0.8697310082514411,6.69
2026-03-15,9,capacity_price,-7.8669015493456875,6.69
2026-03-15,10,capacity_price,-51.60429864784194,1.31
2026-03-15,11,capacity_price,-26.416729058449636,1.31
2026-03-15,12,capacity_price,-25.868896425197764,1.2
2026-03-15,13,capacity_price,-16.3185770762306,0.54
2026-03-15,14,capacity_price,-37.6540241981462,1.2
2026-03-15,15,capacity_price,-67.03178359572195,1.2
2026-03-15,16,capacity_price,-12.604094758065532,24.89
2026-03-15,17,capacity_price,33.435400373309925,92.77
2026-03-15,18,capacity_price,32.9179590312952,106.75
2026-03-15,19,capacity_price,10.210760794433579,30.11
2026-03-15,20,capacity_price,-50.905388391627255,6.69
2026-03-15,21,capacity_price,-25.33800327583127,4.0
2026-03-15,22,capacity_price,-14.86542963349876,1.31
2026-03-15,23,capacity_price,-0.5011271521030956,0.67
2026-03-16,0,capacity_price,0.10149485082407483,0.13
2026-03-16,1,capacity_price,0.1398096026401876,0.13
2026-03-16,2,capacity_price,0.45824215349492736,0.13
2026-03-16,3,capacity_price,0.052874618164010734,0.4
2026-03-16,4,capacity_price,0.5538339248253815,0.54
2026-03-16,5,capacity_price,0.583870502144696,1.31
2026-03-16,6,capacity_price,0.20521343987206553,3.88
2026-03-16,7,capacity_price,-4.2650186263281435,6.69
2026-03-16,8,capacity_price,-15.86962863548213,5.75
2026-03-16,9,capacity_price,-2.34851300631433,5.75
2026-03-16,10,capacity_price,-47.475720490295956,5.35
2026-03-16,11,capacity_price,-43.46700114238782,1.31
2026-03-16,12,capacity_price,-17.672809395473042,1.2
2026-03-16,13,capacity_price,-16.962474889095017,1.2
2026-03-16,14,capacity_price,-61.35705738527983,1.31
2026-03-16,15,capacity_price,-17.463910976853793,13.38
2026-03-16,16,capacity_price,18.118679537897208,109.25
2026-03-16,17,capacity_price,35.1651377944851,108.55
2026-03-16,18,capacity_price,37.830813559952446,116.4
2026-03-16,19,capacity_price,0.13086018007570743,90.73
2026-03-16,20,capacity_price,-15.325913554610786,77.62
2026-03-16,21,capacity_price,3.5348733811951014,50.19
2026-03-16,22,capacity_price,-7.85408029933265,5.75
2026-03-16,23,capacity_price,0.20160481803549457,1.2
2026-03-17,0,capacity_price,0.3061456697055645,0.67
2026-03-17,1,capacity_price,0.25558343585627125,0.49
2026-03-17,2,capacity_price,0.7184034805116992,0.27
2026-03-17,3,capacity_price,0.423127942593439,0.67
2026-03-17,4,capacity_price,2.8067442458052057,1.2
2026-03-17,5,capacity_price,4.523877495869524,4.0
2026-03-17,6,capacity_price,10.413872694092444,5.35
2026-03-17,7,capacity_price,9.806711083062417,6.69
2026-03-17,8,capacity_price,10.324210566731145,6.69
2026-03-17,9,capacity_price,6.728397776421744,5.89
2026-03-17,10,capacity_price,-6.981026168575436,4.0
2026-03-17,11,capacity_price,2.6589692612888216,3.35
2026-03-17,12,capacity_price,3.7062644338783595,1.31
2026-03-17,13,capacity_price,5.484959403257191,1.31
2026-03-17,14,capacity_price,3.6902457885107913,3.35
2026-03-17,15,capacity_price,19.2371654116261,13.38
2026-03-17,16,capacity_price,37.55084114525831,75.0
2026-03-17,17,capacity_price,97.41052037247549,132.09
2026-03-17,18,capacity_price,125.07792679169756,140.78
2026-03-17,19,capacity_price,90.65578673593464,62.09
2026-03-17,20,capacity_price,61.87521196765327,57.14
2026-03-17,21,capacity_price,11.78751369778767,6.69
2026-03-17,22,capacity_price,5.67773096418728,1.31
2026-03-17,23,capacity_price,0.9084031867487028,1.2
2026-03-18,0,capacity_price,0.2928880570015593,0.36
2026-03-18,1,capacity_price,0.20946012661641467,0.36
2026-03-18,2,capacity_price,-0.06850415676746924,0.4
2026-03-18,3,capacity_price,0.33633734356827905,0.36
2026-03-18,4,capacity_price,-0.012285010648036332,0.67
2026-03-18,5,capacity_price,1.6939648899583917,1.2
2026-03-18,6,capacity_price,3.6274839826984735,1.31
2026-03-18,7,capacity_price,1.16251924727018,1.31
2026-03-18,8,capacity_price,9.048460726935197,9.9
2026-03-18,9,capacity_price,5.511343164729705,3.35
2026-03-18,10,capacity_price,10.641860621911254,1.2
2026-03-18,11,capacity_price,0.20123011311661898,1.2
2026-03-18,12,capacity_price,-4.23034525927745,1.31
2026-03-18,13,capacity_price,-0.5135061490190145,1.2
2026-03-18,14,capacity_price,-3.112988983885061,1.31
2026-03-18,15,capacity_price,5.333142326883917,9.77
2026-03-18,16,capacity_price,17.44896477293915,59.56
2026-03-18,17,capacity_price,60.36943612872081,82.44
2026-03-18,18,capacity_price,64.22808659217046,86.99
2026-03-18,19,capacity_price,43.51198185078964,6.69
2026-03-18,20,capacity_price,30.156721071651493,9.77
2026-03-18,21,capacity_price,9.26623333315603,9.64
2026-03-18,22,capacity_price,2.4012168628044206,1.2
2026-03-18,23,capacity_price,0.13642292945367607,0.67
2026-03-19,0,capacity_price,1.1170955918952485,0.31
2026-03-19,1,capacity_price,0.6910968868472309,0.31
2026-03-19,2,capacity_price,0.08075879691708965,0.31
2026-03-19,3,capacity_price,0.6590268864506108,0.4
2026-03-19,4,capacity_price,1.1946657208866625,0.47
2026-03-19,5,capacity_price,1.83678069153295,1.2
2026-03-19,6,capacity_price,4.795662098433685,1.2
2026-03-19,7,capacity_price,-2.8580884850282438,1.2
2026-03-19,8,capacity_price,8.147421609228681,57.95
2026-03-19,9,capacity_price,6.730964620968327,9.9
2026-03-19,10,capacity_price,3.407607222626307,1.31
2026-03-19,11,capacity_price,-1.191827978895641,1.31
2026-03-19,12,capacity_price,-6.160633167087059,1.31
2026-03-19,13,capacity_price,-0.8210399179992027,1.2
2026-03-19,14,capacity_price,2.072974622940402,1.31
2026-03-19,15,capacity_price,10.15854178942246,9.9
2026-03-19,16,capacity_price,35.324745677943575,55.81
2026-03-19,17,capacity_price,57.00233686466602,81.64
2026-03-19,18,capacity_price,77.525298238816,104.12
2026-03-19,19,capacity_price,69.57236805830797,9.64
2026-03-19,20,capacity_price,43.67589428321786,9.77
2026-03-19,21,capacity_price,22.28122272471752,9.9
2026-03-19,22,capacity_price,9.799451690247462,5.35
2026-03-19,23,capacity_price,1.169674892377186,0.67
2026-03-20,0,capacity_price,0.5306776467020877,0.31
2026-03-20,1,capacity_price,0.10470429078678978,0.31
2026-03-20,2,capacity_price,0.5035964179365098,0.31
2026-03-20,3,capacity_price,0.7528405022998554,0.31
2026-03-20,4,capacity_price,0.9664905321484137,1.2
2026-03-20,5,capacity_price,6.420960865034996,1.2
2026-03-20,6,capacity_price,10.589694234073738,1.31
2026-03-20,7,capacity_price,8.497844993118214,5.35
2026-03-20,8,capacity_price,63.514373383412895,75.21
2026-03-20,9,capacity_price,21.040886994558374,52.73
2026-03-20,10,capacity_price,4.051909141316154,23.69
2026-03-20,11,capacity_price,-0.08618301469887779,8.83
2026-03-20,12,capacity_price,3.941225564926901,4.17
2026-03-20,13,capacity_price,6.777400294529689,2.11
2026-03-20,14,capacity_price,3.173386487293368,3.35
2026-03-20,15,capacity_price,32.70560442564464,9.77
2026-03-20,16,capacity_price,46.4355815837083,46.84
2026-03-20,17,capacity_price,62.007232687652866,86.99
2026-03-20,18,capacity_price,97.1789166877398,49.81
2026-03-20,19,capacity_price,50.16233924673536,9.64
2026-03-20,20,capacity_price,35.9094536281729,6.69
2026-03-20,21,capacity_price,33.41390538304441,9.64
2026-03-20,22,capacity_price,13.793825635976997,1.31
2026-03-20,23,capacity_price,1.7780894391065623,1.31
2026-03-21,0,capacity_price,0.7202816669674631,1.31
2026-03-21,1,capacity_price,0.6422771867189228,0.4
2026-03-21,2,capacity_price,0.17942225268104822,0.31
2026-03-21,3,capacity_price,0.31532343836616455,0.31
2026-03-21,4,capacity_price,0.769813278026745,0.31
2026-03-21,5,capacity_price,3.184088242415023,1.31
2026-03-21,6,capacity_price,3.956329394199598,1.2
2026-03-21,7,capacity_price,6.351049262489869,1.2
2026-03-21,8,capacity_price,18.699430758061855,53.53
2026-03-21,9,capacity_price,17.500013218549366,53.53
2026-03-21,10,capacity_price,27.942468018404483,6.69
2026-03-21,11,capacity_price,3.563655860285449,1.31
2026-03-21,12,capacity_price,2.6448173254933556,1.2
2026-03-21,13,capacity_price,5.2100036754747086,1.31
2026-03-21,14,capacity_price,5.622288884904342,1.2
2026-03-21,15,capacity_price,38.66061393000605,6.69
2026-03-21,16,capacity_price,47.95748356837465,75.55
2026-03-21,17,capacity_price,90.37274565527593,113.78
2026-03-21,18,capacity_price,102.6425241948892,51.92
2026-03-21,19,capacity_price,106.7369345523275,9.77
2026-03-21,20,capacity_price,54.50997822330489,9.77
2026-03-21,21,capacity_price,31.420643495802246,9.9
2026-03-21,22,capacity_price,13.12396369617037,4.0
2026-03-21,23,capacity_price,2.4387498702137904,5.35
2026-03-22,0,capacity_price,0.9712625303769298,0.54
2026-03-22,1,capacity_price,1.1101525933802834,0.67
2026-03-22,2,capacity_price,0.5030784145468539,0.31
2026-03-22,3,capacity_price,0.43675133658072784,0.4
2026-03-22,4,capacity_price,-0.021070649542327846,0.54
2026-03-22,5,capacity_price,1.6070866418300904,0.67
2026-03-22,6,capacity_price,-0.8890297284166206,1.31
2026-03-22,7,capacity_price,-1.178113774702645,1.31
2026-03-22,8,capacity_price,14.537302196916393,9.9
2026-03-22,9,capacity_price,22.22244139811429,5.35
2026-03-22,10,capacity_price,7.04217969270783,1.31
2026-03-22,11,capacity_price,2.475949798784268,0.67
2026-03-22,12,capacity_price,0.5367927883084764,0.54
2026-03-22,13,capacity_price,-2.5526478151948977,0.54
2026-03-22,14,capacity_price,2.296415773952779,0.67
2026-03-22,15,capacity_price,12.229156116252554,4.68
2026-03-22,16,capacity_price,54.06689208078477,60.23
2026-03-22,17,capacity_price,74.35851958784514,100.47
2026-03-22,18,capacity_price,76.85845987963995,9.9
2026-03-22,19,capacity_price,32.583419904215,6.69
2026-03-22,20,capacity_price,28.701599406399232,6.69
2026-03-22,21,capacity_price,20.189798024596353,6.69
2026-03-22,22,capacity_price,6.956273966695196,1.31
2026-03-22,23,capacity_price,6.667701515341453,0.67
2026-03-23,0,capacity_price,0.8220141481579519,0.31
2026-03-23,1,capacity_price,0.5766500730642545,0.31
2026-03-23,2,capacity_price,0.38923672202591003,0.31
2026-03-23,3,capacity_price,0.4285201129664896,0.54
2026-03-23,4,capacity_price,0.7138800972098125,0.67
2026-03-23,5,capacity_price,1.8131401991154106,1.31
2026-03-23,6,capacity_price,-2.904693524701653,1.2
2026-03-23,7,capacity_price,0.4819111438462258,4.0
2026-03-23,8,capacity_price,10.1599372660953,113.78
2026-03-23,9,capacity_price,6.115396171553833,55.47
2026-03-23,10,capacity_price,-6.754923525075998,10.0
2026-03-23,11,capacity_price,-10.220368816219136,9.9
2026-03-23,12,capacity_price,-17.60429891965458,9.9
2026-03-23,13,capacity_price,-10.629405974952576,9.77
2026-03-23,14,capacity_price,-12.16832714583283,31.73
2026-03-23,15,capacity_price,-7.199529983747354,72.75
2026-03-23,16,capacity_price,37.051346298441445,108.24
2026-03-23,17,capacity_price,42.23454037382242,158.48
2026-03-23,18,capacity_price,29.89653035351745,180.03
2026-03-23,19,capacity_price,-44.54488296495181,169.44
2026-03-23,20,capacity_price,-2.349901997556845,128.33
2026-03-23,21,capacity_price,6.484711031417847,87.0
2026-03-23,22,capacity_price,-2.7017562153971015,26.55
2026-03-23,23,capacity_price,0.4786634761798926,5.35
2026-03-24,0,capacity_price,0.5523893185447151,1.31
2026-03-24,1,capacity_price,0.7259555269693234,0.4
2026-03-24,2,capacity_price,0.23694458906249716,0.31
2026-03-24,3,capacity_price,0.5868728763605486,0.31
2026-03-24,4,capacity_price,1.4343772810554933,0.31
2026-03-24,5,capacity_price,8.06232562737182,1.2
2026-03-24,6,capacity_price,7.39248465206082,4.0
2026-03-24,7,capacity_price,14.944079767116285,20.08
2026-03-24,8,capacity_price,417.8381438511702,54.7
2026-03-24,9,capacity_price,176.5290876020128,17.0
2026-03-24,10,capacity_price,62.24562196254149,6.69
2026-03-24,11,capacity_price,46.03109093699163,1.31
2026-03-24,12,capacity_price,29.970201596078375,0.13
2026-03-24,13,capacity_price,23.296147770906373,0.13
2026-03-24,14,capacity_price,40.61209685402553,0.13
2026-03-24,15,capacity_price,59.04247834469864,1.34
2026-03-24,16,capacity_price,125.58241090589114,9.9
2026-03-24,17,capacity_price,106.30924759676208,95.0
2026-03-24,18,capacity_price,83.96694191760373,101.69
2026-03-24,19,capacity_price,44.99974649613465,33.46
2026-03-24,20,capacity_price,56.66419426195187,4.0
2026-03-24,21,capacity_price,35.19716912673976,1.2
2026-03-24,22,capacity_price,11.219162487441642,0.31
2026-03-24,23,capacity_price,2.0614293432066226,0.13
2026-03-25,0,capacity_price,-0.09126978898459825,0.13
2026-03-25,1,capacity_price,0.05574483170959765,0.1
2026-03-25,2,capacity_price,-0.33191629905117603,0.1
2026-03-25,3,capacity_price,-0.0402151686053136,0.1
2026-03-25,4,capacity_price,0.14897950889289713,0.13
2026-03-25,5,capacity_price,1.3540957399425821,0.31
2026-03-25,6,capacity_price,3.013333224707605,0.31
2026-03-25,7,capacity_price,7.116233612881608,0.31
2026-03-25,8,capacity_price,22.457572551692714,6.69
2026-03-25,9,capacity_price,12.259493897237785,0.67
2026-03-25,10,capacity_price,6.430014485785426,0.67
2026-03-25,11,capacity_price,2.518276583258028,1.31
2026-03-25,12,capacity_price,5.411536331411771,1.34
2026-03-25,13,capacity_price,7.86529194061231,3.35
2026-03-25,14,capacity_price,8.583537404943176,3.35
2026-03-25,15,capacity_price,9.245706478125753,2.68
2026-03-25,16,capacity_price,40.39031082291956,6.84
2026-03-25,17,capacity_price,83.81790061997918,56.85
2026-03-25,18,capacity_price,104.03834301489829,33.46
2026-03-25,19,capacity_price,45.455605408065445,9.77
2026-03-25,20,capacity_price,34.06837181852391,9.77
2026-03-25,21,capacity_price,32.24190869214689,9.64
2026-03-25,22,capacity_price,13.809375444721606,1.2
2026-03-25,23,capacity_price,1.4716509201942096,0.31
2026-03-26,0,capacity_price,0.47653872160698796,0.31
2026-03-26,1,capacity_price,0.7186633276729183,0.31
2026-03-26,2,capacity_price,0.324811966304919,0.27
2026-03-26,3,capacity_price,0.5110972878437666,0.27
2026-03-26,4,capacity_price,0.2096323845143112,0.31
2026-03-26,5,capacity_price,1.2803415688996094,0.67
2026-03-26,6,capacity_price,-0.3261191722413921,1.2
2026-03-26,7,capacity_price,7.0413772116654805,1.2
2026-03-26,8,capacity_price,10.199779627680657,9.9
2026-03-26,9,capacity_price,12.177233043419891,10.71
2026-03-26,10,capacity_price,2.573608992857949,1.31
2026-03-26,11,capacity_price,-1.238414173095519,1.31
2026-03-26,12,capacity_price,-3.87209959466756,0.67
2026-03-26,13,capacity_price,-1.1948171340978808,0.43
2026-03-26,14,capacity_price,4.993807657630681,1.2
2026-03-26,15,capacity_price,16.019127752766394,3.35
2026-03-26,16,capacity_price,44.870274852592345,36.35
2026-03-26,17,capacity_price,90.23585646981687,106.4
2026-03-26,18,capacity_price,115.43992602534442,72.28
2026-03-26,19,capacity_price,87.54162085125407,33.46
2026-03-26,20,capacity_price,85.42240492602654,9.64
2026-03-26,21,capacity_price,16.68683433158164,5.35
2026-03-26,22,capacity_price,9.610548550165694,1.2
2026-03-26,23,capacity_price,1.785487792980565,0.31
2026-03-27,0,capacity_price,0.11675380161903237,0.31
2026-03-27,1,capacity_price,0.09601657718859669,0.31
2026-03-27,2,capacity_price,0.02250241090571914,0.31
2026-03-27,3,capacity_price,-0.011857105320346006,0.31
2026-03-27,4,capacity_price,-0.034168446834760946,0.67
2026-03-27,5,capacity_price,0.5213663713285673,2.0
2026-03-27,6,capacity_price,-1.7076673327664085,6.69
2026-03-27,7,capacity_price,3.7640088161263745,53.54
2026-03-27,8,capacity_price,6.707565740580752,107.23
2026-03-27,9,capacity_price,6.300778557478765,33.59
2026-03-27,10,capacity_price,-0.7148777227076826,24.89
2026-03-27,11,capacity_price,-0.1118932230761489,9.77
2026-03-27,12,capacity_price,0.8293894849322117,6.69
2026-03-27,13,capacity_price,3.8831326085265023,5.35
2026-03-27,14,capacity_price,-0.27270896819760093,9.1
2026-03-27,15,capacity_price,6.12373981654366,24.89
2026-03-27,16,capacity_price,46.86580833827142,104.37
2026-03-27,17,capacity_price,60.41639367021096,127.14
2026-03-27,18,capacity_price,44.577795415015366,100.37
2026-03-27,19,capacity_price,48.36960269403221,60.76
2026-03-27,20,capacity_price,32.50516652908809,9.9
2026-03-27,21,capacity_price,4.080123760249306,9.64
2026-03-27,22,capacity_price,2.925519985159177,6.69
2026-03-27,23,capacity_price,0.4371279704874166,6.69
2026-03-28,0,capacity_price,0.7981185901245589,0.67
2026-03-28,1,capacity_price,0.7904392462208808,0.31
2026-03-28,2,capacity_price,0.8601422130184591,0.31
2026-03-28,3,capacity_price,0.421826523088612,0.31
2026-03-28,4,capacity_price,1.5178093026802357,0.31
2026-03-28,5,capacity_price,5.225065288947642,0.54
2026-03-28,6,capacity_price,10.153373865944491,0.67
2026-03-28,7,capacity_price,20.488455107264123,0.67
2026-03-28,8,capacity_price,22.602205729950178,6.69
2026-03-28,9,capacity_price,7.646636101361776,1.31
2026-03-28,10,capacity_price,15.157337075862259,1.2
2026-03-28,11,capacity_price,8.725945791532318,0.67
2026-03-28,12,capacity_price,7.507972404532234,0.54
2026-03-28,13,capacity_price,8.106033844144463,0.54
2026-03-28,14,capacity_price,14.884305223991298,0.54
2026-03-28,15,capacity_price,25.02639648917358,6.69
2026-03-28,16,capacity_price,58.757345688655874,32.12
2026-03-28,17,capacity_price,105.35806656847882,104.45
2026-03-28,18,capacity_price,87.62171619729918,51.92
2026-03-28,19,capacity_price,91.6791950907635,6.69
2026-03-28,20,capacity_price,55.110933675900846,9.64
2026-03-28,21,capacity_price,43.82529849450711,6.69
2026-03-28,22,capacity_price,13.835095265299493,1.2
2026-03-28,23,capacity_price,7.809107743702379,1.31
2026-03-29,0,capacity_price,0.685269604914572,1.2
2026-03-29,1,capacity_price,0.6837957945430783,1.2
2026-03-29,2,capacity_price,0.3951743035999334,0.31
2026-03-29,3,capacity_price,0.305769022248746,0.31
2026-03-29,4,capacity_price,0.18081678851874905,0.35
2026-03-29,5,capacity_price,0.5791928789644226,1.2
2026-03-29,6,capacity_price,0.552416196256754,4.0
2026-03-29,7,capacity_price,2.0403137812728986,68.32
2026-03-29,8,capacity_price,11.858986085346391,41.73
2026-03-29,9,capacity_price,9.981863609257648,6.69
2026-03-29,10,capacity_price,-2.709981235339707,2.96
2026-03-29,11,capacity_price,2.2554501386129076,0.4
2026-03-29,12,capacity_price,1.1928449832811259,0.13
2026-03-29,13,capacity_price,3.785278255543306,0.13
2026-03-29,14,capacity_price,2.3165006019378747,0.13
2026-03-29,15,capacity_price,0.6711977780859968,0.54
2026-03-29,16,capacity_price,28.848033830737158,20.59
2026-03-29,17,capacity_price,78.48996769793881,22.75
2026-03-29,18,capacity_price,40.49629673699153,9.64
2026-03-29,19,capacity_price,-0.5884450648223449,3.35
2026-03-29,20,capacity_price,-20.879215567701678,1.2
2026-03-29,21,capacity_price,-10.500277551288612,0.54
2026-03-29,22,capacity_price,1.6256185646330312,0.13
2026-03-29,23,capacity_price,1.3632207480783436,0.13
2026-03-30,0,capacity_price,0.7922810029408217,0.13
2026-03-30,1,capacity_price,0.9155704125153676,0.07
2026-03-30,2,capacity_price,0.8942779288095675,0.07
2026-03-30,3,capacity_price,1.0402121749318094,0.1
2026-03-30,4,capacity_price,0.7367011124174292,0.31
2026-03-30,5,capacity_price,0.3953604233294715,0.54
2026-03-30,6,capacity_price,0.6110465454636299,0.54
2026-03-30,7,capacity_price,0.699450620687391,1.2
2026-03-30,8,capacity_price,26.210745229423996,59.96
2026-03-30,9,capacity_price,-2.329386958838028,44.43
2026-03-30,10,capacity_price,2.8684737646197993,9.91
2026-03-30,11,capacity_price,4.674783563774441,5.35
2026-03-30,12,capacity_price,3.9473055667286108,1.2
2026-03-30,13,capacity_price,2.1257419912292286,0.54
2026-03-30,14,capacity_price,6.1891396204461016,0.54
2026-03-30,15,capacity_price,19.826772890893317,3.35
2026-03-30,16,capacity_price,66.1938935827124,13.61
2026-03-30,17,capacity_price,75.45519812408563,26.63
2026-03-30,18,capacity_price,73.86069364167444,53.5
2026-03-30,19,capacity_price,48.917304919184204,57.68
2026-03-30,20,capacity_price,27.397333725824254,9.64
2026-03-30,21,capacity_price,29.804363353314614,5.35
2026-03-30,22,capacity_price,9.187557835833319,1.2
2026-03-30,23,capacity_price,5.956540209782493,0.54
2026-03-31,0,capacity_price,0.8668204944255689,0.31
2026-03-31,1,capacity_price,0.4353048272864712,0.31
2026-03-31,2,capacity_price,0.13804435381318103,0.31
2026-03-31,3,capacity_price,0.0939423622186073,0.31
2026-03-31,4,capacity_price,-1.1548409465628457,0.54
2026-03-31,5,capacity_price,0.842738123305898,0.67
2026-03-31,6,capacity_price,-1.398172077811177,1.2
2026-03-31,7,capacity_price,-0.7805292280629468,1.2
2026-03-31,8,capacity_price,12.09000430838484,9.9
2026-03-31,9,capacity_price,-8.25460626644674,13.65
2026-03-31,10,capacity_price,-3.1298594289809616,20.07
2026-03-31,11,capacity_price,-1.5313431861240279,3.35
2026-03-31,12,capacity_price,-18.503125108979823,1.2
2026-03-31,13,capacity_price,-10.88860183761172,0.67
2026-03-31,14,capacity_price,-4.390279771646472,0.54
2026-03-31,15,capacity_price,-5.857991334683703,9.64
2026-03-31,16,capacity_price,25.324723203412777,40.15
2026-03-31,17,capacity_price,49.62763872751066,88.28
2026-03-31,18,capacity_price,-15.065296543788214,73.61
2026-03-31,19,capacity_price,-18.08882586893145,91.67
2026-03-31,20,capacity_price,-14.145781270843461,9.77
2026-03-31,21,capacity_price,-41.09913247384326,15.87
2026-03-31,22,capacity_price,-19.428285674354516,5.35
2026-03-31,23,capacity_price,0.6617517083988858,0.67
2026-04-01,0,capacity_price,-0.4451662491982228,1.2
2026-04-01,1,capacity_price,-0.2832931186847528,1.2
2026-04-01,2,capacity_price,0.021576056073961514,1.2
2026-04-01,3,capacity_price,-0.19447532461773576,1.2
2026-04-01,4,capacity_price,0.10919970673104973,1.2
2026-04-01,5,capacity_price,1.3918349967864683,1.2
2026-04-01,6,capacity_price,0.945116593629021,1.2
2026-04-01,7,capacity_price,5.536518394815575,1.2
2026-04-01,8,capacity_price,11.358172895623017,86.99
2026-04-01,9,capacity_price,7.200991079547293,66.92
2026-04-01,10,capacity_price,3.208851526361675,36.4
2026-04-01,11,capacity_price,1.6447261341677022,20.08
2026-04-01,12,capacity_price,0.5153902152114842,10.04
2026-04-01,13,capacity_price,1.4051731260676377,7.63
2026-04-01,14,capacity_price,5.937014898970133,9.34
2026-04-01,15,capacity_price,10.963137705993967,9.63
2026-04-01,16,capacity_price,21.238393309374526,37.2
2026-04-01,17,capacity_price,48.64821477448271,91.83
2026-04-01,18,capacity_price,50.86250126587802,76.95
2026-04-01,19,capacity_price,26.66842797341768,12.5
2026-04-01,20,capacity_price,11.560089186572286,8.1
2026-04-01,21,capacity_price,-1.5153877821229962,8.1
2026-04-01,22,capacity_price,3.417606164588261,8.17
2026-04-01,23,capacity_price,0.3493082985952959,2.0
2026-04-02,0,capacity_price,1.0100449324620409,1.2
2026-04-02,1,capacity_price,0.34594322183892545,1.2
2026-04-02,2,capacity_price,0.2355299022018848,1.2
2026-04-02,3,capacity_price,0.6177229225233356,1.2
2026-04-02,4,capacity_price,0.547733186681232,1.2
2026-04-02,5,capacity_price,0.6867772875302958,1.2
2026-04-02,6,capacity_price,1.9807799794656114,1.2
2026-04-02,7,capacity_price,3.9631567146650593,1.2
2026-04-02,8,capacity_price,15.425315651762133,63.96
2026-04-02,9,capacity_price,7.323861177009227,35.33
2026-04-02,10,capacity_price,3.0382150458511883,30.78
2026-04-02,11,capacity_price,-1.3625754380069255,9.9
2026-04-02,12,capacity_price,0.6388859255896344,4.0
2026-04-02,13,capacity_price,-5.575359387382889,4.0
2026-04-02,14,capacity_price,-0.5095628055548742,4.0
2026-04-02,15,capacity_price,9.272203204159853,9.63
2026-04-02,16,capacity_price,76.86824227812208,60.22
2026-04-02,17,capacity_price,126.98046653620312,86.48
2026-04-02,18,capacity_price,70.25637270355202,51.93
2026-04-02,19,capacity_price,37.468666283204506,40.14
2026-04-02,20,capacity_price,16.309255389328968,9.77
2026-04-02,21,capacity_price,14.83041929565071,4.0
2026-04-02,22,capacity_price,8.068027000456338,4.0
2026-04-02,23,capacity_price,1.7279218093563222,2.0
2026-04-03,0,capacity_price,2.112398059830329,0.54
2026-04-03,1,capacity_price,0.8098166413313322,1.2
2026-04-03,2,capacity_price,0.715966651357396,0.67
2026-04-03,3,capacity_price,0.9779671087323709,0.67
2026-04-03,4,capacity_price,1.1900954863524775,0.67
2026-04-03,5,capacity_price,0.9510853356592606,0.67
2026-04-03,6,capacity_price,-0.2451280340277624,0.67
2026-04-03,7,capacity_price,-3.040754033091631,1.2
2026-04-03,8,capacity_price,21.17163531229102,20.07
2026-04-03,9,capacity_price,68.22669264544899,20.07
2026-04-03,10,capacity_price,11.280058769169292,9.63
2026-04-03,11,capacity_price,-2.3918403021392454,4.0
2026-04-03,12,capacity_price,-3.787837791765851,1.2
2026-04-03,13,capacity_price,-4.7192584985215715,0.67
2026-04-03,14,capacity_price,-2.455745273628591,0.54
2026-04-03,15,capacity_price,13.259385361652145,1.2
2026-04-03,16,capacity_price,65.02410013405519,14.4
2026-04-03,17,capacity_price,81.19044069100016,33.99
2026-04-03,18,capacity_price,51.918122378039925,9.77
2026-04-03,19,capacity_price,52.17372883274905,1.2
2026-04-03,20,capacity_price,33.84191227583707,0.54
2026-04-03,21,capacity_price,15.428666272098457,0.54
2026-04-03,22,capacity_price,5.218434417362546,0.67
2026-04-03,23,capacity_price,2.724502590877756,0.47
2026-04-04,0,capacity_price,0.7662355862274043,0.31
2026-04-04,1,capacity_price,0.8142958187239224,0.32
2026-04-04,2,capacity_price,0.6888842302945498,0.31
2026-04-04,3,capacity_price,0.9249573169997121,0.31
2026-04-04,4,capacity_price,1.125101658085352,0.31
2026-04-04,5,capacity_price,1.2711155317397413,0.32
2026-04-04,6,capacity_price,1.2365746766198298,0.32
2026-04-04,7,capacity_price,1.86833030254071,0.67
2026-04-04,8,capacity_price,19.281346250350122,6.69
2026-04-04,9,capacity_price,3.3345452593147393,1.2
2026-04-04,10,capacity_price,9.934884842589852,0.67
2026-04-04,11,capacity_price,5.358954679856513,0.21
2026-04-04,12,capacity_price,1.7912016885350295,0.13
2026-04-04,13,capacity_price,1.1724538343144424,0.13
2026-04-04,14,capacity_price,8.591886561767948,0.13
2026-04-04,15,capacity_price,17.319530907342383,0.13
2026-04-04,16,capacity_price,35.17937284130297,0.32
2026-04-04,17,capacity_price,61.97981514892618,22.76
2026-04-04,18,capacity_price,38.41315426460395,72.26
2026-04-04,19,capacity_price,19.699256798917915,33.46
2026-04-04,20,capacity_price,2.5374329249320464,9.77
2026-04-04,21,capacity_price,22.149393744465065,7.7
2026-04-04,22,capacity_price,7.982200590855776,1.2
2026-04-04,23,capacity_price,1.8560689746800088,0.67
2026-04-05,0,capacity_price,0.30931477615264513,0.31
2026-04-05,1,capacity_price,0.8305762367435325,0.31
2026-04-05,2,capacity_price,0.183948319086903,0.13
2026-04-05,3,capacity_price,0.3071821273420002,0.13
2026-04-05,4,capacity_price,-0.48800964783944156,0.13
2026-04-05,5,capacity_price,-2.7552149261864765,0.13
2026-04-05,6,capacity_price,0.9337164809182047,0.2
2026-04-05,7,capacity_price,2.499994130216871,0.31
2026-04-05,8,capacity_price,3.6083897976245565,0.13
2026-04-05,9,capacity_price,5.0553112081905125,0.13
2026-04-05,10,capacity_price,3.890331386042906,0.13
2026-04-05,11,capacity_price,-7.855095458510176,0.13
2026-04-05,12,capacity_price,-6.201166740593811,0.13
2026-04-05,13,capacity_price,-4.141592762124185,0.13
2026-04-05,14,capacity_price,-6.440568441346665,0.13
2026-04-05,15,capacity_price,-59.38870072936757,0.13
2026-04-05,16,capacity_price,-51.909667877118366,0.13
2026-04-05,17,capacity_price,18.359877377815103,0.26
2026-04-05,18,capacity_price,18.94773204218572,0.31
2026-04-05,19,capacity_price,23.010147780006925,1.2
2026-04-05,20,capacity_price,-39.3568222633274,1.2
2026-04-05,21,capacity_price,-29.293417048538927,1.2
2026-04-05,22,capacity_price,-3.1365660871854635,0.67
2026-04-05,23,capacity_price,-3.2818998347451744,0.31
2026-04-06,0,capacity_price,0.2183231252913222,0.31
2026-04-06,1,capacity_price,0.4700069469830772,0.31
2026-04-06,2,capacity_price,0.4568693985376205,0.38
2026-04-06,3,capacity_price,0.516634888369476,0.31
2026-04-06,4,capacity_price,0.6419245508479664,0.67
2026-04-06,5,capacity_price,1.0261657688147818,0.67
2026-04-06,6,capacity_price,1.33979201557844,0.54
2026-04-06,7,capacity_price,3.873919481828842,0.54
2026-04-06,8,capacity_price,8.975755204013776,6.69
2026-04-06,9,capacity_price,11.239475114424954,0.54
2026-04-06,10,capacity_price,11.722106312342436,0.54
2026-04-06,11,capacity_price,8.046755667869416,0.27
2026-04-06,12,capacity_price,4.6511461694380145,0.13
2026-04-06,13,capacity_price,7.264316423099512,0.13
2026-04-06,14,capacity_price,7.882246143505019,0.13
2026-04-06,15,capacity_price,27.83338892141412,0.13
2026-04-06,16,capacity_price,40.255553824428475,0.54
2026-04-06,17,capacity_price,99.82375516140154,1.2
2026-04-06,18,capacity_price,93.45555063797991,6.69
2026-04-06,19,capacity_price,51.393942360386646,1.2
2026-04-06,20,capacity_price,53.16543073357194,5.35
2026-04-06,21,capacity_price,19.76884795967201,1.2
2026-04-06,22,capacity_price,4.479203105766051,0.54
2026-04-06,23,capacity_price,1.2518328402715468,0.38
2026-04-07,0,capacity_price,0.356857683121639,0.31
2026-04-07,1,capacity_price,0.47688565435418123,0.67
2026-04-07,2,capacity_price,0.4820571463237305,0.67
2026-04-07,3,capacity_price,0.40972649509258513,0.67
2026-04-07,4,capacity_price,0.9690562760099467,1.2
2026-04-07,5,capacity_price,1.5057282583922404,1.2
2026-04-07,6,capacity_price,1.2643381315531423,1.2
2026-04-07,7,capacity_price,2.929002521172487,6.69
2026-04-07,8,capacity_price,8.762109777723488,101.28
2026-04-07,9,capacity_price,7.424404241822895,45.51
2026-04-07,10,capacity_price,8.013900829877771,13.52
2026-04-07,11,capacity_price,4.211901968102156,0.67
2026-04-07,12,capacity_price,3.3210764069951004,0.67
2026-04-07,13,capacity_price,2.977438383154493,0.4
2026-04-07,14,capacity_price,2.749658879490938,0.13
2026-04-07,15,capacity_price,4.07800083867002,0.54
2026-04-07,16,capacity_price,20.0683636928277,4.0
2026-04-07,17,capacity_price,52.95476606947235,68.97
2026-04-07,18,capacity_price,56.442360702050564,57.41
2026-04-07,19,capacity_price,47.54209958479148,44.57
2026-04-07,20,capacity_price,23.78866665298183,9.77
2026-04-07,21,capacity_price,9.632434932040816,9.63
2026-04-07,22,capacity_price,2.2433129846811393,6.69
2026-04-07,23,capacity_price,1.0069014476614733,0.54
2026-04-08,0,capacity_price,0.2894112656177108,0.4
2026-04-08,1,capacity_price,0.2529670968516349,0.67
2026-04-08,2,capacity_price,0.37398846397908414,0.67
2026-04-08,3,capacity_price,0.5220305089673852,0.67
2026-04-08,4,capacity_price,0.2730822735227385,0.67
2026-04-08,5,capacity_price,1.1384683231982273,1.2
2026-04-08,6,capacity_price,0.9080782464297575,2.0
2026-04-08,7,capacity_price,3.719050942971484,5.35
2026-04-08,8,capacity_price,19.703442952840376,76.14
2026-04-08,9,capacity_price,14.382561961934286,42.69
2026-04-08,10,capacity_price,12.384220329932038,20.07
2026-04-08,11,capacity_price,4.536527920447334,1.81
2026-04-08,12,capacity_price,2.3701392092657017,1.34
2026-04-08,13,capacity_price,1.102159666081552,0.54
2026-04-08,14,capacity_price,1.6358424587220026,0.67
2026-04-08,15,capacity_price,7.845874537054231,1.34
2026-04-08,16,capacity_price,28.99887701111912,7.35
2026-04-08,17,capacity_price,65.60486903605666,73.6
2026-04-08,18,capacity_price,43.303004930507925,65.44
2026-04-08,19,capacity_price,41.1142257374916,73.6
2026-04-08,20,capacity_price,14.095472652448537,17.64
2026-04-08,21,capacity_price,15.23811505614357,20.07
2026-04-08,22,capacity_price,4.403618734417475,6.0
2026-04-08,23,capacity_price,1.2908325225591857,0.67
2026-04-09,0,capacity_price,0.4454193822232498,0.38
2026-04-09,1,capacity_price,0.6710927104024164,2.0
2026-04-09,2,capacity_price,0.5138385415086435,0.31
2026-04-09,3,capacity_price,0.5874953926798493,0.31
2026-04-09,4,capacity_price,0.5968766955083272,2.0
2026-04-09,5,capacity_price,0.7176218835639752,2.0
2026-04-09,6,capacity_price,1.1180436491899368,1.2
2026-04-09,7,capacity_price,4.964062138400601,1.2
2026-04-09,8,capacity_price,19.673402304472603,46.84
2026-04-09,9,capacity_price,17.146415938627843,3.35
2026-04-09,10,capacity_price,3.440765310298645,1.2
2026-04-09,11,capacity_price,-1.6086214986033704,1.2
2026-04-09,12,capacity_price,1.4307032770554287,0.54
2026-04-09,13,capacity_price,-0.6056799157750845,0.54
2026-04-09,14,capacity_price,1.3378568093549048,0.54
2026-04-09,15,capacity_price,1.2421571045529172,0.67
2026-04-09,16,capacity_price,11.043046231003535,3.35
2026-04-09,17,capacity_price,76.42291501081989,40.35
2026-04-09,18,capacity_price,55.0224863538379,6.69
2026-04-09,19,capacity_price,53.755058466119095,6.0
2026-04-09,20,capacity_price,15.05194995018027,4.0
2026-04-09,21,capacity_price,8.183288962325076,1.2
2026-04-09,22,capacity_price,4.14185455676459,0.54
2026-04-09,23,capacity_price,0.838364905239341,0.31
2026-04-10,0,capacity_price,0.5464856265305966,0.37
2026-04-10,1,capacity_price,1.0352593952206104,0.27
2026-04-10,2,capacity_price,0.42583606581144323,0.31
2026-04-10,3,capacity_price,0.6341905383646941,0.27
2026-04-10,4,capacity_price,0.9646278241580236,0.31
2026-04-10,5,capacity_price,1.1703920876864997,0.67
2026-04-10,6,capacity_price,1.2006992117104922,1.2
2026-04-10,7,capacity_price,2.698065584998815,1.2
2026-04-10,8,capacity_price,20.603092072539635,63.7
2026-04-10,9,capacity_price,6.173147149450191,9.9
2026-04-10,10,capacity_price,2.6993604841991234,6.69
2026-04-10,11,capacity_price,0.8027138380795389,6.69
2026-04-10,12,capacity_price,-0.15178689944061974,3.35
2026-04-10,13,capacity_price,-1.4957401435954685,1.62
2026-04-10,14,capacity_price,2.2752757418707814,1.2
2026-04-10,15,capacity_price,2.3922747224344043,6.69
2026-04-10,16,capacity_price,36.19418195868458,24.89
2026-04-10,17,capacity_price,60.83028317302399,72.6
2026-04-10,18,capacity_price,61.19445759781271,65.57
2026-04-10,19,capacity_price,89.34876233243452,9.63
2026-04-10,20,capacity_price,31.06013466506497,9.63
2026-04-10,21,capacity_price,23.878141259924575,1.2
2026-04-10,22,capacity_price,15.523871340945348,1.2
2026-04-10,23,capacity_price,1.7807837979444727,0.67
2026-04-11,0,capacity_price,-0.4704443808450379,0.67
2026-04-11,1,capacity_price,0.10253249168109552,1.2
2026-04-11,2,capacity_price,0.2301963884334731,0.67
2026-04-11,3,capacity_price,0.46471852204852293,0.31
2026-04-11,4,capacity_price,0.40246309749945486,0.4
2026-04-11,5,capacity_price,0.5576253901604324,0.67
2026-04-11,6,capacity_price,-1.5140117970260287,1.2
2026-04-11,7,capacity_price,-0.24475472853459146,1.2
2026-04-11,8,capacity_price,13.688049142779374,10.0
2026-04-11,9,capacity_price,6.363452694388906,1.2
2026-04-11,10,capacity_price,1.8972749401760671,0.54
2026-04-11,11,capacity_price,2.1192925870437485,0.13
2026-04-11,12,capacity_price,1.4738050803142548,0.13
2026-04-11,13,capacity_price,1.282201763383651,0.13
2026-04-11,14,capacity_price,1.6557423852723323,0.13
2026-04-11,15,capacity_price,5.318226383925876,0.13
2026-04-11,16,capacity_price,19.96619003579885,0.54
2026-04-11,17,capacity_price,50.576558009060086,1.2
2026-04-11,18,capacity_price,47.154142139421,1.2
2026-04-11,19,capacity_price,23.111396683052863,1.2
2026-04-11,20,capacity_price,8.699021679057322,1.2
2026-04-11,21,capacity_price,10.540934643519213,0.54
2026-04-11,22,capacity_price,3.9865195138116043,0.54
2026-04-11,23,capacity_price,0.5814319634682545,0.39
2026-04-12,0,capacity_price,0.46160432219613823,0.32
2026-04-12,1,capacity_price,0.23867601071628464,0.32
2026-04-12,2,capacity_price,0.1943152944098115,0.32
2026-04-12,3,capacity_price,-0.10869928353962255,0.32
2026-04-12,4,capacity_price,0.42297757185636237,0.67
2026-04-12,5,capacity_price,1.1614285906040158,0.67
2026-04-12,6,capacity_price,0.4524650720762682,1.2
2026-04-12,7,capacity_price,1.7824697164064034,1.2
2026-04-12,8,capacity_price,11.401220704895385,20.07
2026-04-12,9,capacity_price,-0.16466678050654426,20.08
2026-04-12,10,capacity_price,6.995118926848806,1.2
2026-04-12,11,capacity_price,-0.6051053152125032,0.67
2026-04-12,12,capacity_price,0.9583441826830041,0.28
2026-04-12,13,capacity_price,-0.9423376216600752,0.13
2026-04-12,14,capacity_price,0.9659378553761018,0.13
2026-04-12,15,capacity_price,3.980307565863502,0.67
2026-04-12,16,capacity_price,1.25392257171654,6.1
2026-04-12,17,capacity_price,19.9504190160807,66.08
2026-04-12,18,capacity_price,0.23249896857458907,42.55
2026-04-12,19,capacity_price,2.899487438262902,33.46
2026-04-12,20,capacity_price,-7.043812005169086,7.6
2026-04-12,21,capacity_price,6.269775481541448,5.35
2026-04-12,22,capacity_price,1.4261647413277903,1.2
2026-04-12,23,capacity_price,0.7511551772713021,0.54
2026-04-13,0,capacity_price,0.46390641901659413,1.2
2026-04-13,1,capacity_price,0.4220904895806201,1.2
2026-04-13,2,capacity_price,0.4092605190258093,1.2
2026-04-13,3,capacity_price,0.32831419051853417,1.2
2026-04-13,4,capacity_price,0.9378674800199285,2.0
2026-04-13,5,capacity_price,1.4599981651023015,2.0
2026-04-13,6,capacity_price,1.4830659079317954,5.35
2026-04-13,7,capacity_price,3.2555200423841457,9.77
2026-04-13,8,capacity_price,23.27373822174128,51.93
2026-04-13,9,capacity_price,17.43776823227032,9.9
2026-04-13,10,capacity_price,10.02229556921375,9.77
2026-04-13,11,capacity_price,3.343463694937978,6.69
2026-04-13,12,capacity_price,2.8185615070012697,1.2
2026-04-13,13,capacity_price,3.490616886048175,1.2
2026-04-13,14,capacity_price,2.4354626116272957,1.2
2026-04-13,15,capacity_price,6.43153345100395,9.63
2026-04-13,16,capacity_price,14.791418507499111,24.89
2026-04-13,17,capacity_price,63.78867905053345,73.61
2026-04-13,18,capacity_price,78.43403073295674,44.03
2026-04-13,19,capacity_price,57.44004861546981,46.84
2026-04-13,20,capacity_price,16.862411759957457,104.92
2026-04-13,21,capacity_price,11.689648608633547,6.69
2026-04-13,22,capacity_price,5.153803488847512,1.2
2026-04-13,23,capacity_price,1.3127671007922501,0.67
2026-04-14,0,capacity_price,0.6451800682873413,2.0
2026-04-14,1,capacity_price,0.7983978824012989,1.2
2026-04-14,2,capacity_price,0.3997056259689793,1.47
2026-04-14,3,capacity_price,0.7160501870580899,1.47
2026-04-14,4,capacity_price,0.6919538267232244,4.42
2026-04-14,5,capacity_price,1.337160768407479,2.0
2026-04-14,6,capacity_price,1.3407785393421259,16.19
2026-04-14,7,capacity_price,1.3759168752686024,25.16
2026-04-14,8,capacity_price,11.758343211454159,25.16
2026-04-14,9,capacity_price,3.855422654847983,9.9
2026-04-14,10,capacity_price,-12.906386628001602,9.77
2026-04-14,11,capacity_price,-0.6387263595022743,6.69
2026-04-14,12,capacity_price,1.0713089625252898,1.2
2026-04-14,13,capacity_price,0.5198736624380778,3.35
2026-04-14,14,capacity_price,2.2366395541720987,1.2
2026-04-14,15,capacity_price,7.272431060358162,9.63
2026-04-14,16,capacity_price,22.533503248606202,8.83
2026-04-14,17,capacity_price,76.9585615799094,66.65
2026-04-14,18,capacity_price,69.11998067466875,63.7
2026-04-14,19,capacity_price,55.887042163217956,101.57
2026-04-14,20,capacity_price,14.155004834815696,102.51
2026-04-14,21,capacity_price,13.601399630619063,9.9
2026-04-14,22,capacity_price,3.7656339894961652,17.69
2026-04-14,23,capacity_price,1.2802739430962804,1.2
2026-04-15,0,capacity_price,1.6978404424831801,1.2
2026-04-15,1,capacity_price,1.4575865329225133,1.2
2026-04-15,2,capacity_price,1.1407366644192405,1.2
2026-04-15,3,capacity_price,0.8945137004218678,1.2
2026-04-15,4,capacity_price,1.4581125758217905,8.83
2026-04-15,5,capacity_price,1.2048378703322666,2.0
2026-04-15,6,capacity_price,3.2546940980882972,6.69
2026-04-15,7,capacity_price,2.2385671023444016,9.63
2026-04-15,8,capacity_price,15.006542437835204,9.9
2026-04-15,9,capacity_price,6.1923687135338366,9.9
2026-04-15,10,capacity_price,-2.8544139253856704,9.63
2026-04-15,11,capacity_price,-4.125925402556262,6.69
2026-04-15,12,capacity_price,-13.151603961920925,1.2
2026-04-15,13,capacity_price,-4.100379675324767,1.2
2026-04-15,14,capacity_price,-5.595626881898842,1.2
2026-04-15,15,capacity_price,5.3646663523759734,6.69
2026-04-15,16,capacity_price,11.433873552858795,4.0
2026-04-15,17,capacity_price,74.85032949404892,51.52
2026-04-15,18,capacity_price,103.16216893157625,85.92
2026-04-15,19,capacity_price,140.87758016326887,146.27
2026-04-15,20,capacity_price,71.02640460669886,142.17
2026-04-15,21,capacity_price,18.082391297336052,76.41
2026-04-15,22,capacity_price,14.559477935937128,9.63
2026-04-15,23,capacity_price,1.7425679148451487,1.2
2026-04-16,0,capacity_price,1.6012492289453482,1.2
2026-04-16,1,capacity_price,1.1418584789336377,1.2
2026-04-16,2,capacity_price,1.1168435365452507,0.67
2026-04-16,3,capacity_price,0.918652675036129,0.67
2026-04-16,4,capacity_price,7.3709200592692,1.2
2026-04-16,5,capacity_price,5.118735703620497,1.2
2026-04-16,6,capacity_price,12.828525086066456,9.63
2026-04-16,7,capacity_price,12.143757605317202,66.92
2026-04-16,8,capacity_price,15.544683661135135,71.86
2026-04-16,9,capacity_price,11.189673378007742,46.3
2026-04-16,10,capacity_price,6.2486340037033345,9.9
2026-04-16,11,capacity_price,4.515807341947991,6.69
2026-04-16,12,capacity_price,1.0197920528581126,1.2
2026-04-16,13,capacity_price,1.5559788303366333,0.54
2026-04-16,14,capacity_price,2.9934114256650535,0.54
2026-04-16,15,capacity_price,10.22275912096671,1.2
2026-04-16,16,capacity_price,34.57668166668984,6.69
2026-04-16,17,capacity_price,73.39303071597881,44.56
2026-04-16,18,capacity_price,190.7055971565518,71.19
2026-04-16,19,capacity_price,113.6086444414025,158.21
2026-04-16,20,capacity_price,159.03511975985248,145.6
2026-04-16,21,capacity_price,17.599105634626383,57.95
2026-04-16,22,capacity_price,15.031467467472337,18.74
2026-04-16,23,capacity_price,2.9038840874204466,5.35
2026-04-17,0,capacity_price,0.4816759709677828,1.2
2026-04-17,1,capacity_price,0.9202227294829116,1.2
2026-04-17,2,capacity_price,0.3039691699878231,0.67
2026-04-17,3,capacity_price,1.0179861888676636,1.2
2026-04-17,4,capacity_price,2.433460583636276,1.2
2026-04-17,5,capacity_price,1.8215159815509168,1.2
2026-04-17,6,capacity_price,3.1328282187665817,5.35
2026-04-17,7,capacity_price,3.3468893759297442,9.77
2026-04-17,8,capacity_price,-10.157948334033804,31.18
2026-04-17,9,capacity_price,6.2681677879769815,9.9
2026-04-17,10,capacity_price,4.688476715383935,6.69
2026-04-17,11,capacity_price,3.8696129174656426,1.2
2026-04-17,12,capacity_price,2.3379361407600507,1.2
2026-04-17,13,capacity_price,0.9894506708132025,1.2
2026-04-17,14,capacity_price,2.793322779059922,2.94
2026-04-17,15,capacity_price,-4.535414761909096,3.35
2026-04-17,16,capacity_price,7.2482313394607365,3.35
2026-04-17,17,capacity_price,44.66930421401424,16.19
2026-04-17,18,capacity_price,39.77758180307064,57.54
2026-04-17,19,capacity_price,68.75435991350014,96.21
2026-04-17,20,capacity_price,71.201373780564,97.95
2026-04-17,21,capacity_price,9.704061299944264,26.3
2026-04-17,22,capacity_price,5.788985627184658,6.69
2026-04-17,23,capacity_price,1.9041238481554275,9.77
2026-04-18,0,capacity_price,0.5543513335775035,1.2
2026-04-18,1,capacity_price,0.8444888246370145,2.0
2026-04-18,2,capacity_price,0.2057962518366718,1.2
2026-04-18,3,capacity_price,0.6933887561988743,1.2
2026-04-18,4,capacity_price,1.0308596199793987,1.2
2026-04-18,5,capacity_price,1.3757985497610206,2.0
2026-04-18,6,capacity_price,2.941744787920646,5.35
2026-04-18,7,capacity_price,3.5590789799860856,6.0
2026-04-18,8,capacity_price,-5.36212321226546,11.78
2026-04-18,9,capacity_price,-71.2095629990101,6.69
2026-04-18,10,capacity_price,-46.23255938505785,1.2
2026-04-18,11,capacity_price,-13.034367640086403,0.54
2026-04-18,12,capacity_price,0.044210520715777246,0.54
2026-04-18,13,capacity_price,0.16170755464431052,0.67
2026-04-18,14,capacity_price,-1.0188476811585319,0.67
2026-04-18,15,capacity_price,-39.35944446088012,1.2
2026-04-18,16,capacity_price,-10.882672685891997,6.69
2026-04-18,17,capacity_price,43.70829346526811,42.69
2026-04-18,18,capacity_price,52.304820566387534,48.17
2026-04-18,19,capacity_price,65.9523757834292,59.28
2026-04-18,20,capacity_price,57.13042029839148,66.37
2026-04-18,21,capacity_price,8.753405873227205,35.6
2026-04-18,22,capacity_price,1.0472031629821852,9.63
2026-04-18,23,capacity_price,1.3379176961181956,9.77
2026-04-19,0,capacity_price,2.066865571128463,2.0
2026-04-19,1,capacity_price,3.318167214701951,1.2
2026-04-19,2,capacity_price,1.3843502489826982,1.2
2026-04-19,3,capacity_price,1.8414426429772055,1.2
2026-04-19,4,capacity_price,2.0406170513434723,5.35
2026-04-19,5,capacity_price,1.7469935767644666,1.2
2026-04-19,6,capacity_price,4.297076013614767,5.35
2026-04-19,7,capacity_price,9.042751061001248,7.4
2026-04-19,8,capacity_price,11.22915041103765,6.69
2026-04-19,9,capacity_price,-14.458773896937071,6.0
2026-04-19,10,capacity_price,-7.1221121118031485,6.0
2026-04-19,11,capacity_price,0.2640566458419298,1.2
2026-04-19,12,capacity_price,-0.13159561784349716,1.2
2026-04-19,13,capacity_price,-1.291577446575364,0.63
2026-04-19,14,capacity_price,1.7023833105233779,1.2
2026-04-19,15,capacity_price,1.147342007565351,1.2
2026-04-19,16,capacity_price,12.581025155923955,11.92
2026-04-19,17,capacity_price,45.125149020170646,43.11
2026-04-19,18,capacity_price,55.03435086232441,46.84
2026-04-19,19,capacity_price,48.83934353724752,55.13
2026-04-19,20,capacity_price,58.65893024549465,46.84
2026-04-19,21,capacity_price,19.52337934969176,13.38
2026-04-19,22,capacity_price,7.218551871260754,5.35
2026-04-19,23,capacity_price,2.191640505479413,6.69
2026-04-20,0,capacity_price,2.219758693130398,1.2
2026-04-20,1,capacity_price,1.6678798956820082,1.2
2026-04-20,2,capacity_price,1.118873001942307,1.2
2026-04-20,3,capacity_price,1.9400118669375916,1.2
2026-04-20,4,capacity_price,5.1893357648779865,5.35
2026-04-20,5,capacity_price,1.5698218173417147,6.69
2026-04-20,6,capacity_price,11.094738389935047,4.68
2026-04-20,7,capacity_price,7.888136566229799,35.6
2026-04-20,8,capacity_price,13.760148986463896,54.86
2026-04-20,9,capacity_price,19.54806546175807,11.78
2026-04-20,10,capacity_price,2.895475226623592,3.35
2026-04-20,11,capacity_price,2.8883443229188765,3.35
2026-04-20,12,capacity_price,2.07539683895027,1.2
2026-04-20,13,capacity_price,2.5135868662110017,1.2
2026-04-20,14,capacity_price,2.1079997946120046,1.2
2026-04-20,15,capacity_price,3.9002823028445803,2.14
2026-04-20,16,capacity_price,19.65082280859535,9.63
2026-04-20,17,capacity_price,84.75349674570617,69.47
2026-04-20,18,capacity_price,82.82677134042675,87.9
2026-04-20,19,capacity_price,128.2550201192977,107.74
2026-04-20,20,capacity_price,164.85408377446996,109.09
2026-04-20,21,capacity_price,26.56523517213318,16.73
2026-04-20,22,capacity_price,10.210829757051448,16.73
2026-04-20,23,capacity_price,4.947611933818561,6.69
2026-04-21,0,capacity_price,1.1323808610690476,1.2
2026-04-21,1,capacity_price,1.0530174112772706,0.67
2026-04-21,2,capacity_price,0.9534632365276576,0.67
2026-04-21,3,capacity_price,1.4747528324502173,1.2
2026-04-21,4,capacity_price,4.605644021649487,6.69
2026-04-21,5,capacity_price,3.3166112351736254,5.35
2026-04-21,6,capacity_price,14.3029866075378,9.9
2026-04-21,7,capacity_price,7.77710312116252,57.27
2026-04-21,8,capacity_price,23.94787996252728,97.62
2026-04-21,9,capacity_price,7.681484615463573,35.59
2026-04-21,10,capacity_price,5.239722062359276,6.69
2026-04-21,11,capacity_price,1.5170774760449857,3.35
2026-04-21,12,capacity_price,0.9685271537040654,1.2
2026-04-21,13,capacity_price,1.018597602950383,1.2
2026-04-21,14,capacity_price,1.391546914022294,1.34
2026-04-21,15,capacity_price,6.499941615332904,2.01
2026-04-21,16,capacity_price,24.51713323107602,4.0
2026-04-21,17,capacity_price,55.01771045750769,27.43
2026-04-21,18,capacity_price,87.59586698500013,85.93
2026-04-21,19,capacity_price,89.82442257992514,107.43
2026-04-21,20,capacity_price,72.27955221039463,113.75
2026-04-21,21,capacity_price,26.101101780051774,95.88
2026-04-21,22,capacity_price,8.954555555337,16.19
2026-04-21,23,capacity_price,4.216801667062008,1.2
2026-04-22,0,capacity_price,0.9809820679729921,1.2
2026-04-22,1,capacity_price,1.1472676933081396,1.2
2026-04-22,2,capacity_price,1.1668061397652079,1.2
2026-04-22,3,capacity_price,1.30680397980725,1.2
2026-04-22,4,capacity_price,5.667631999079709,21.5
2026-04-22,5,capacity_price,5.59775843208434,32.78
2026-04-22,6,capacity_price,8.718993431600296,53.26
2026-04-22,7,capacity_price,14.829099921439164,111.96
2026-04-22,8,capacity_price,34.70613554139169,118.46
2026-04-22,9,capacity_price,18.548090139369645,24.89
2026-04-22,10,capacity_price,2.6633329251099527,6.69
2026-04-22,11,capacity_price,2.5446553334759,1.34
2026-04-22,12,capacity_price,0.3684913276978081,1.2
2026-04-22,13,capacity_price,0.1844022165337058,1.2
2026-04-22,14,capacity_price,0.9991268976527207,1.2
2026-04-22,15,capacity_price,7.859440695405639,2.68
2026-04-22,16,capacity_price,23.77159186212159,6.69
2026-04-22,17,capacity_price,44.68716125553128,79.09
2026-04-22,18,capacity_price,113.30203579646664,109.33
2026-04-22,19,capacity_price,223.6042284842463,123.38
2026-04-22,20,capacity_price,196.78627600651504,121.91
2026-04-22,21,capacity_price,88.21674908192325,66.91
2026-04-22,22,capacity_price,34.51505426592694,35.59
2026-04-22,23,capacity_price,2.724048443520747,2.0
2026-04-23,0,capacity_price,0.9170255598226311,1.2
2026-04-23,1,capacity_price,1.040864065535028,1.2
2026-04-23,2,capacity_price,1.176369733508107,1.2
2026-04-23,3,capacity_price,1.1630274444333877,6.0
2026-04-23,4,capacity_price,8.881300046214209,53.53
2026-04-23,5,capacity_price,3.5488740496048425,73.54
2026-04-23,6,capacity_price,4.14836760434776,92.09
2026-04-23,7,capacity_price,7.9697293783494025,101.73
2026-04-23,8,capacity_price,41.99977006617287,112.84
2026-04-23,9,capacity_price,9.06430556598224,42.41
2026-04-23,10,capacity_price,1.738833430364437,5.35
2026-04-23,11,capacity_price,4.138045620438428,1.34
2026-04-23,12,capacity_price,2.003028387946478,1.34
2026-04-23,13,capacity_price,1.6893164098020212,1.2
2026-04-23,14,capacity_price,1.996403348834369,0.67
2026-04-23,15,capacity_price,9.710677944409168,1.34
2026-04-23,16,capacity_price,10.38922269821686,6.02
2026-04-23,17,capacity_price,19.65084218851397,36.7
2026-04-23,18,capacity_price,48.487608792982925,91.16
2026-04-23,19,capacity_price,157.7414949931203,119.13
2026-04-23,20,capacity_price,119.71447191313435,126.22
2026-04-23,21,capacity_price,56.11468212708984,93.66
2026-04-23,22,capacity_price,21.3438359501125,79.29
2026-04-23,23,capacity_price,3.244015181719141,11.7
2026-04-24,0,capacity_price,2.467107159399153,1.2
2026-04-24,1,capacity_price,3.1161135276083183,1.2
2026-04-24,2,capacity_price,2.470898172597912,1.2
2026-04-24,3,capacity_price,3.855002942298161,18.74
2026-04-24,4,capacity_price,45.58213669168749,51.92
2026-04-24,5,capacity_price,22.987816914633854,68.15
2026-04-24,6,capacity_price,14.098429945555798,98.64
2026-04-24,7,capacity_price,28.45891801415033,127.02
2026-04-24,8,capacity_price,96.22244709355712,107.89
2026-04-24,9,capacity_price,29.696854316258488,66.91
2026-04-24,10,capacity_price,4.393043321657004,20.12
2026-04-24,11,capacity_price,3.2179399959741106,6.02
2026-04-24,12,capacity_price,2.05797948203492,0.67
2026-04-24,13,capacity_price,1.8113092939284214,0.67
2026-04-24,14,capacity_price,1.5572469699738865,0.54
2026-04-24,15,capacity_price,8.289149700776603,0.54
2026-04-24,16,capacity_price,13.50011328707222,6.69
2026-04-24,17,capacity_price,33.28528881521285,50.61
2026-04-24,18,capacity_price,65.53514368793358,93.57
2026-04-24,19,capacity_price,127.12051082008554,111.63
2026-04-24,20,capacity_price,183.4756940043734,107.89
2026-04-24,21,capacity_price,95.47193866259622,77.55
2026-04-24,22,capacity_price,186.205798793378,14.2
2026-04-24,23,capacity_price,51.89824000515106,66.91
2026-04-25,0,capacity_price,1.5876323910978587,2.0
2026-04-25,1,capacity_price,4.629625039598861,1.2
2026-04-25,2,capacity_price,1.6708990820485297,1.2
2026-04-25,3,capacity_price,13.690937728221426,3.35
2026-04-25,4,capacity_price,109.62508603530664,1.2
2026-04-25,5,capacity_price,54.98538710001613,12.58
2026-04-25,6,capacity_price,44.74550378332522,12.71
2026-04-25,7,capacity_price,36.803879317260865,33.67
2026-04-25,8,capacity_price,24.83671088375121,8.45
2026-04-25,9,capacity_price,8.022542655574036,1.34
2026-04-25,10,capacity_price,3.961597822060746,0.54
2026-04-25,11,capacity_price,0.46489619026657536,0.54
2026-04-25,12,capacity_price,0.5953908190749774,0.54
2026-04-25,13,capacity_price,0.6523968357431408,0.54
2026-04-25,14,capacity_price,0.6808843966071956,0.67
2026-04-25,15,capacity_price,1.1722885832852237,0.67
2026-04-25,16,capacity_price,-4.56650242886386,0.67
2026-04-25,17,capacity_price,0.1952090688803807,1.2
2026-04-25,18,capacity_price,60.10754824299359,4.01
2026-04-25,19,capacity_price,91.051866257147,12.58
2026-04-25,20,capacity_price,122.58723297763073,56.65
2026-04-25,21,capacity_price,43.768399307732885,33.46
2026-04-25,22,capacity_price,45.34215574329582,25.16
2026-04-25,23,capacity_price,71.65266399921734,12.71
2026-04-26,0,capacity_price,1.291294482272919,1.2
2026-04-26,1,capacity_price,3.521049172833739,1.2
2026-04-26,2,capacity_price,1.1052261560449437,3.35
2026-04-26,3,capacity_price,2.699927114069899,6.3
2026-04-26,4,capacity_price,6.8069952581951245,12.58
2026-04-26,5,capacity_price,2.848403638792151,12.58
2026-04-26,6,capacity_price,6.41598341973088,18.74
2026-04-26,7,capacity_price,2.966742519093935,12.85
2026-04-26,8,capacity_price,5.70443430104516,12.58
2026-04-26,9,capacity_price,-65.36445777310917,1.2
2026-04-26,10,capacity_price,-19.86564579245755,1.34
2026-04-26,11,capacity_price,-6.578431495427271,1.2
2026-04-26,12,capacity_price,0.30650384403081365,0.67
2026-04-26,13,capacity_price,0.1263383727487284,0.54
2026-04-26,14,capacity_price,0.5817996247532888,0.67
2026-04-26,15,capacity_price,-4.536864386997284,0.67
2026-04-26,16,capacity_price,-33.75547553661077,1.34
2026-04-26,17,capacity_price,-39.116252886586366,6.14
2026-04-26,18,capacity_price,-25.65208318889743,75.6
2026-04-26,19,capacity_price,-15.686986997603135,75.34
2026-04-26,20,capacity_price,7.01872235073056,66.91
2026-04-26,21,capacity_price,16.02933299799147,33.46
2026-04-26,22,capacity_price,4.544772789409954,8.9
2026-04-26,23,capacity_price,2.9183996669103953,2.0
2026-04-27,0,capacity_price,0.862954586747338,0.54
2026-04-27,1,capacity_price,0.6701060544164106,0.67
2026-04-27,2,capacity_price,2.021433805831732,1.2
2026-04-27,3,capacity_price,3.0790262657139147,1.2
2026-04-27,4,capacity_price,12.29215479694816,6.69
2026-04-27,5,capacity_price,25.748599594429773,12.58
2026-04-27,6,capacity_price,32.18173923511621,12.3
2026-04-27,7,capacity_price,79.22219452961832,12.85
2026-04-27,8,capacity_price,94.83995012257108,60.08
2026-04-27,9,capacity_price,39.91488810122452,12.85
2026-04-27,10,capacity_price,17.282531918090992,12.71
2026-04-27,11,capacity_price,6.518910865373083,1.2
2026-04-27,12,capacity_price,3.044355598670886,2.68
2026-04-27,13,capacity_price,2.4112158984446386,1.2
2026-04-27,14,capacity_price,2.6224424922534793,1.19
2026-04-27,15,capacity_price,11.000080735656166,1.2
2026-04-27,16,capacity_price,8.918639491162665,15.26
2026-04-27,17,capacity_price,42.526136009018146,33.46
2026-04-27,18,capacity_price,146.69026778750313,80.96
2026-04-27,19,capacity_price,119.81620537388432,139.86
2026-04-27,20,capacity_price,117.7983039844348,127.41
2026-04-27,21,capacity_price,73.06100401591154,33.46
2026-04-27,22,capacity_price,26.790910281490202,12.58
2026-04-27,23,capacity_price,3.7146534116445125,1.2
2026-04-28,0,capacity_price,1.5666333486472495,1.2
2026-04-28,1,capacity_price,1.0270757387423122,1.2
2026-04-28,2,capacity_price,1.5606032982336846,1.2
2026-04-28,3,capacity_price,2.0606463548451703,1.2
2026-04-28,4,capacity_price,29.60448157345097,12.58
2026-04-28,5,capacity_price,42.53334703926946,12.85
2026-04-28,6,capacity_price,26.99520170157666,13.8
2026-04-28,7,capacity_price,10.811689117350285,66.24
2026-04-28,8,capacity_price,37.637735093500304,79.3
2026-04-28,9,capacity_price,28.439281413773166,61.33
2026-04-28,10,capacity_price,12.572792270490279,12.58
2026-04-28,11,capacity_price,6.3990723607667075,1.2
2026-04-28,12,capacity_price,4.083160215861506,1.2
2026-04-28,13,capacity_price,3.3111616050534356,1.2
2026-04-28,14,capacity_price,1.2410944106651631,1.2
2026-04-28,15,capacity_price,11.516628020581296,3.35
2026-04-28,16,capacity_price,22.9986167838713,1.2
2026-04-28,17,capacity_price,71.7301349044353,40.12
2026-04-28,18,capacity_price,171.99738274912593,71.58
2026-04-28,19,capacity_price,149.44150823386775,100.29
2026-04-28,20,capacity_price,352.38599838058184,113.76
2026-04-28,21,capacity_price,80.45873340627226,33.46
2026-04-28,22,capacity_price,47.18412215790857,11.8
2026-04-28,23,capacity_price,1.3196275013957797,1.2
2026-04-29,0,capacity_price,1.0968010786274915,0.67
2026-04-29,1,capacity_price,0.6560765649316912,1.2
2026-04-29,2,capacity_price,0.989073853762237,0.67
2026-04-29,3,capacity_price,1.1585409702347345,1.2
2026-04-29,4,capacity_price,5.1612091261909026,32.12
2026-04-29,5,capacity_price,6.178974770573661,12.58
2026-04-29,6,capacity_price,11.986018341049071,9.9
2026-04-29,7,capacity_price,12.824708946681628,64.5
2026-04-29,8,capacity_price,25.341262784291267,66.92
2026-04-29,9,capacity_price,-0.8702322498097024,6.69
2026-04-29,10,capacity_price,-43.178731154854674,0.67
2026-04-29,11,capacity_price,-1.6991611542200604,0.47
2026-04-29,12,capacity_price,-0.8357046440847311,0.67
2026-04-29,13,capacity_price,0.06369046589631289,0.39
2026-04-29,14,capacity_price,-2.3442981650421952,0.47
2026-04-29,15,capacity_price,0.7499943370960964,0.27
2026-04-29,16,capacity_price,2.455785223682166,0.33
2026-04-29,17,capacity_price,31.172700534347783,1.2
2026-04-29,18,capacity_price,76.52476021713136,12.85
2026-04-29,19,capacity_price,77.43334854907977,12.85
2026-04-29,20,capacity_price,46.41199350264286,13.0
2026-04-29,21,capacity_price,31.70420419274187,13.0
2026-04-29,22,capacity_price,12.857264492651588,12.58
2026-04-29,23,capacity_price,1.5699518302124242,5.35
2026-04-30,0,capacity_price,0.8417455909697535,1.2
2026-04-30,1,capacity_price,0.9120640608984268,1.2
2026-04-30,2,capacity_price,0.7834695816221384,1.2
2026-04-30,3,capacity_price,2.6997785110551376,1.2
2026-04-30,4,capacity_price,16.569283989373027,7.8
2026-04-30,5,capacity_price,25.56750622774854,7.8
2026-04-30,6,capacity_price,15.878882564769137,7.8
2026-04-30,7,capacity_price,14.570648973020534,16.33
2026-04-30,8,capacity_price,16.312432346652855,69.37
2026-04-30,9,capacity_price,2.993238309145317,12.58
2026-04-30,10,capacity_price,-29.995394577652338,1.34
2026-04-30,11,capacity_price,1.592646035179936,0.54
2026-04-30,12,capacity_price,-0.14060173245092678,0.54
2026-04-30,13,capacity_price,0.25059003370167265,0.54
2026-04-30,14,capacity_price,2.1161844736178868,1.34
2026-04-30,15,capacity_price,0.4644155108514747,0.67
2026-04-30,16,capacity_price,7.484463082913453,0.54
2026-04-30,17,capacity_price,36.44975165141599,12.58
2026-04-30,18,capacity_price,43.46469416385974,45.0
2026-04-30,19,capacity_price,51.64679092068358,53.4
2026-04-30,20,capacity_price,74.22858293423008,64.1
2026-04-30,21,capacity_price,21.70216260505409,14.4
2026-04-30,22,capacity_price,18.580917333568287,12.85
2026-04-30,23,capacity_price,17.74356744181958,12.58
2026-05-01,0,capacity_price,1.209935032346824,2.0
2026-05-01,1,capacity_price,1.4763610811003547,1.2
2026-05-01,2,capacity_price,1.2171376884350285,1.2
2026-05-01,3,capacity_price,1.6086366174852331,2.0
2026-05-01,4,capacity_price,6.235717125024016,7.1
2026-05-01,5,capacity_price,36.005492636102105,7.1
2026-05-01,6,capacity_price,15.116778398331999,7.1
2026-05-01,7,capacity_price,31.60175995508181,7.1
2026-05-01,8,capacity_price,28.4758144573115,32.21
2026-05-01,9,capacity_price,40.71314088148448,1.34
2026-05-01,10,capacity_price,40.59608186515773,0.67
2026-05-01,11,capacity_price,1.9718996031745684,0.67
2026-05-01,12,capacity_price,1.0484325945670196,0.67
2026-05-01,13,capacity_price,0.1324526206467962,0.54
2026-05-01,14,capacity_price,1.4657373314124242,0.54
2026-05-01,15,capacity_price,-1.3427466265544723,0.54
2026-05-01,16,capacity_price,-13.759138710928884,0.67
2026-05-01,17,capacity_price,5.549506124818457,4.84
2026-05-01,18,capacity_price,52.799736810104996,47.9
2026-05-01,19,capacity_price,61.88214204744807,89.6
2026-05-01,20,capacity_price,53.37878062636463,12.85
2026-05-01,21,capacity_price,14.595633588957524,12.8
2026-05-01,22,capacity_price,14.891107925534584,12.71
2026-05-01,23,capacity_price,54.04251247618013,5.89
2026-05-02,0,capacity_price,0.7423372193753048,1.2
2026-05-02,1,capacity_price,0.9022301028438373,1.2
2026-05-02,2,capacity_price,0.8411150360126358,1.2
2026-05-02,3,capacity_price,1.5472292955429094,1.2
2026-05-02,4,capacity_price,3.4915620060584907,6.0
2026-05-02,5,capacity_price,13.045134235730854,6.0
2026-05-02,6,capacity_price,5.34944559064386,6.0
2026-05-02,7,capacity_price,7.983672275924706,6.0
2026-05-02,8,capacity_price,21.693683309204864,3.35
2026-05-02,9,capacity_price,10.682833126944715,1.2
2026-05-02,10,capacity_price,8.56836939717088,0.27
2026-05-02,11,capacity_price,2.2828330362286,0.13
2026-05-02,12,capacity_price,1.4273355259231868,0.13
2026-05-02,13,capacity_price,0.4681286084331846,0.13
2026-05-02,14,capacity_price,0.4586185171534245,0.13
2026-05-02,15,capacity_price,2.2331540988042775,0.2
2026-05-02,16,capacity_price,3.1136726791746714,1.2
2026-05-02,17,capacity_price,10.912567223290282,12.58
2026-05-02,18,capacity_price,40.56845444532969,88.49
2026-05-02,19,capacity_price,48.39513535762492,70.27
2026-05-02,20,capacity_price,23.933005060305163,65.31
2026-05-02,21,capacity_price,20.369106018997712,12.85
2026-05-02,22,capacity_price,9.560609500702387,12.58
2026-05-02,23,capacity_price,2.778492087750357,8.7
2026-05-03,0,capacity_price,1.3980400512291957,12.58
2026-05-03,1,capacity_price,1.0385775062100506,12.58
2026-05-03,2,capacity_price,0.9944921452943485,6.69
2026-05-03,3,capacity_price,1.3029581038958549,6.69
2026-05-03,4,capacity_price,6.927153312822282,6.0
2026-05-03,5,capacity_price,11.232442245647189,6.0
2026-05-03,6,capacity_price,10.485067730841749,6.0
2026-05-03,7,capacity_price,6.482235505329859,6.69
2026-05-03,8,capacity_price,-32.75099945190873,6.0
2026-05-03,9,capacity_price,-48.69763136614272,6.69
2026-05-03,10,capacity_price,-15.717975965176738,0.54
2026-05-03,11,capacity_price,0.4429424276476783,0.54
2026-05-03,12,capacity_price,1.1371675068249107,0.67
2026-05-03,13,capacity_price,0.5884198534722962,0.2
2026-05-03,14,capacity_price,2.223466956290233,0.43
2026-05-03,15,capacity_price,-0.2593253078284672,0.54
2026-05-03,16,capacity_price,4.8215864157818675,1.2
2026-05-03,17,capacity_price,40.3707294512096,6.69
2026-05-03,18,capacity_price,86.27933841412936,46.84
2026-05-03,19,capacity_price,78.75448817272894,12.85
2026-05-03,20,capacity_price,39.56718947053797,12.71
2026-05-03,21,capacity_price,19.086998230230527,12.1
2026-05-03,22,capacity_price,8.214229928399071,33.46
2026-05-03,23,capacity_price,1.762480652685132,2.0
2026-05-04,0,capacity_price,1.0524034543737244,6.69
2026-05-04,1,capacity_price,1.494246495961197,1.2
2026-05-04,2,capacity_price,1.1910934863471851,1.2
2026-05-04,3,capacity_price,2.383974263031399,6.69
2026-05-04,4,capacity_price,10.309806831607776,12.58
2026-05-04,5,capacity_price,8.252316479082822,12.85
2026-05-04,6,capacity_price,9.30187321581419,12.58
2026-05-04,7,capacity_price,20.91304940282777,55.01
2026-05-04,8,capacity_price,87.86010659644177,20.07
2026-05-04,9,capacity_price,17.142444064185433,24.89
2026-05-04,10,capacity_price,7.76663392560755,6.0
2026-05-04,11,capacity_price,0.1702787642717858,12.58
2026-05-04,12,capacity_price,0.1658174221083033,1.2
2026-05-04,13,capacity_price,0.18116483056902233,2.68
2026-05-04,14,capacity_price,-0.12086451799633635,2.68
2026-05-04,15,capacity_price,2.1019866695064717,24.89
2026-05-04,16,capacity_price,13.550503952791171,6.69
2026-05-04,17,capacity_price,41.84308681367426,24.89
2026-05-04,18,capacity_price,94.9190903792516,55.28
2026-05-04,19,capacity_price,97.56085540060539,87.13
2026-05-04,20,capacity_price,72.53508560400407,89.67
2026-05-04,21,capacity_price,33.493232497250595,84.99
2026-05-04,22,capacity_price,15.7442919591636,12.58
2026-05-04,23,capacity_price,3.0918197950612423,2.0
2026-05-05,0,capacity_price,2.6807892783962215,1.2
2026-05-05,1,capacity_price,1.6413159158589856,1.2
2026-05-05,2,capacity_price,1.493086755188876,1.2
2026-05-05,3,capacity_price,2.7565721888119055,1.2
2026-05-05,4,capacity_price,25.019799006088117,36.0
2026-05-05,5,capacity_price,57.438575256668926,12.58
2026-05-05,6,capacity_price,69.72209637250805,13.2
2026-05-05,7,capacity_price,179.25566075780654,63.57
2026-05-05,8,capacity_price,46.97650979019963,54.47
2026-05-05,9,capacity_price,11.033703906597093,40.02
2026-05-05,10,capacity_price,8.734369693634623,24.89
2026-05-05,11,capacity_price,10.899940440723277,12.71
2026-05-05,12,capacity_price,3.44502747191293,6.69
2026-05-05,13,capacity_price,1.8474521818413618,6.69
2026-05-05,14,capacity_price,2.2159150816009547,6.69
2026-05-05,15,capacity_price,6.640093371284667,12.85
2026-05-05,16,capacity_price,21.63540924540927,16.33
2026-05-05,17,capacity_price,34.18452943873547,30.78
2026-05-05,18,capacity_price,112.93106887740748,50.46
2026-05-05,19,capacity_price,124.33505851480892,59.83
2026-05-05,20,capacity_price,396.28034211576767,62.1
2026-05-05,21,capacity_price,208.68106665545585,55.81
2026-05-05,22,capacity_price,18.05171182152901,12.71
2026-05-05,23,capacity_price,2.3334333431153533,2.0
2026-05-06,0,capacity_price,1.0187616130210846,1.2
2026-05-06,1,capacity_price,0.8345263287224611,1.2
2026-05-06,2,capacity_price,1.2256277199933403,1.2
2026-05-06,3,capacity_price,1.243781681013251,2.0
2026-05-06,4,capacity_price,4.9537652191870825,6.69
2026-05-06,5,capacity_price,8.933767783509222,6.6
2026-05-06,6,capacity_price,13.71893931560916,6.69
2026-05-06,7,capacity_price,151.99901538241514,57.95
2026-05-06,8,capacity_price,61.399892510029616,61.43
2026-05-06,9,capacity_price,197.1418019109459,44.96
2026-05-06,10,capacity_price,221.7327858556555,36.53
2026-05-06,11,capacity_price,41.36227141344547,12.98
2026-05-06,12,capacity_price,25.84979248994178,12.71
2026-05-06,13,capacity_price,19.433989343612584,12.71
2026-05-06,14,capacity_price,115.92466604844381,12.58
2026-05-06,15,capacity_price,18.51413330062905,24.89
2026-05-06,16,capacity_price,19.304817851366145,12.85
2026-05-06,17,capacity_price,52.24829442261172,53.53
2026-05-06,18,capacity_price,160.9789656002822,71.33
2026-05-06,19,capacity_price,192.96900095867008,93.94
2026-05-06,20,capacity_price,701.883434098025,104.52
2026-05-06,21,capacity_price,95.75493745423962,80.3
2026-05-06,22,capacity_price,38.009292000134245,12.71
2026-05-06,23,capacity_price,139.6162597224623,6.69
2026-05-07,0,capacity_price,1.0733680819289364,1.2
2026-05-07,1,capacity_price,0.8740000487121443,1.2
2026-05-07,2,capacity_price,0.8536749578688235,1.2
2026-05-07,3,capacity_price,1.3939495267200726,1.2
2026-05-07,4,capacity_price,6.668768748062483,19.27
2026-05-07,5,capacity_price,8.945092501179676,12.85
2026-05-07,6,capacity_price,7.930363160940805,53.53
2026-05-07,7,capacity_price,59.77020863585881,22.3
2026-05-07,8,capacity_price,49.49858232912722,24.3
2026-05-07,9,capacity_price,21.978205237352057,12.9
2026-05-07,10,capacity_price,15.192973646840137,12.9
2026-05-07,11,capacity_price,9.180965553418591,12.9
2026-05-07,12,capacity_price,3.416931664210758,12.71
2026-05-07,13,capacity_price,3.0474090294555545,12.58
2026-05-07,14,capacity_price,4.174361391490537,12.58
2026-05-07,15,capacity_price,4.318974828819833,14.79
2026-05-07,16,capacity_price,-8.871653160302547,12.58
2026-05-07,17,capacity_price,3.3493201363195837,28.24
2026-05-07,18,capacity_price,34.10012951075515,74.81
2026-05-07,19,capacity_price,61.9358815914149,133.56
2026-05-07,20,capacity_price,44.396345614182536,122.05
2026-05-07,21,capacity_price,27.344126385573823,26.4
2026-05-07,22,capacity_price,11.34970521021987,13.38
2026-05-07,23,capacity_price,10.72357113483135,13.38
2026-05-08,0,capacity_price,1.4078891455476599,6.69
2026-05-08,1,capacity_price,1.8164667100561709,1.2
2026-05-08,2,capacity_price,1.4099944862266607,2.0
2026-05-08,3,capacity_price,1.3707362947386381,12.71
2026-05-08,4,capacity_price,3.6804780393189294,12.71
2026-05-08,5,capacity_price,5.614734535330428,12.71
2026-05-08,6,capacity_price,7.532923457955043,44.57
2026-05-08,7,capacity_price,7.831662513617639,26.9
2026-05-08,8,capacity_price,-6.879146094287577,12.71
2026-05-08,9,capacity_price,-5.742927097680546,11.8
2026-05-08,10,capacity_price,8.534408973953866,11.8
2026-05-08,11,capacity_price,10.723860387347182,12.58
2026-05-08,12,capacity_price,15.864431847933972,6.69
2026-05-08,13,capacity_price,8.706528382255415,6.69
2026-05-08,14,capacity_price,4.8865564965971,6.69
2026-05-08,15,capacity_price,12.480615996474317,6.69
2026-05-08,16,capacity_price,11.500361615874027,6.69
2026-05-08,17,capacity_price,46.10314078779397,12.71
2026-05-08,18,capacity_price,77.29633769190067,63.16
2026-05-08,19,capacity_price,77.5992462750853,67.89
2026-05-08,20,capacity_price,70.67124174708172,67.59
2026-05-08,21,capacity_price,30.594623736508986,53.53
2026-05-08,22,capacity_price,30.733431558198042,12.71
2026-05-08,23,capacity_price,6.261298185754506,6.69
2026-05-09,0,capacity_price,2.659164902665566,6.0
2026-05-09,1,capacity_price,1.2466485744449625,3.21
2026-05-09,2,capacity_price,1.7650013555480177,1.2
2026-05-09,3,capacity_price,2.2568167175425407,1.2
2026-05-09,4,capacity_price,8.190528367045268,1.2
2026-05-09,5,capacity_price,8.188384712220557,12.58
2026-05-09,6,capacity_price,17.873275052322093,6.5
2026-05-09,7,capacity_price,33.22408892576479,6.69
2026-05-09,8,capacity_price,-2.216908666429493,12.85
2026-05-09,9,capacity_price,8.847527232867835,6.69
2026-05-09,10,capacity_price,1.7181846038646142,0.54
2026-05-09,11,capacity_price,6.424091431940004,0.67
2026-05-09,12,capacity_price,2.3489060423741863,0.67
2026-05-09,13,capacity_price,3.419841539275651,0.54
2026-05-09,14,capacity_price,3.013623279668809,0.54
2026-05-09,15,capacity_price,6.86205045094372,0.67
2026-05-09,16,capacity_price,3.0209124044269346,6.99
2026-05-09,17,capacity_price,0.8242899823874623,6.0
2026-05-09,18,capacity_price,46.77873111940487,12.71
2026-05-09,19,capacity_price,85.20780997737978,12.85
2026-05-09,20,capacity_price,116.73942042053022,12.85
2026-05-09,21,capacity_price,40.42688030696309,33.46
2026-05-09,22,capacity_price,27.18155755232841,9.0
2026-05-09,23,capacity_price,5.496442735662428,9.0
2026-05-10,0,capacity_price,1.4857294941375747,1.2
2026-05-10,1,capacity_price,1.0698358541163588,0.67
2026-05-10,2,capacity_price,0.84344430091791,0.67
2026-05-10,3,capacity_price,1.432048858764475,0.67
2026-05-10,4,capacity_price,2.3321861974869216,0.67
2026-05-10,5,capacity_price,3.4519772203590584,0.67
2026-05-10,6,capacity_price,5.013392239445458,6.0
2026-05-10,7,capacity_price,5.998455847600109,6.69
2026-05-10,8,capacity_price,-21.567540368695308,33.09
2026-05-10,9,capacity_price,-10.44142434650078,1.2
2026-05-10,10,capacity_price,2.8343418781192122,0.67
2026-05-10,11,capacity_price,4.397461231088389,0.54
2026-05-10,12,capacity_price,3.514438653939366,0.27
2026-05-10,13,capacity_price,3.246449704765791,0.2
2026-05-10,14,capacity_price,4.205619753754544,0.2
2026-05-10,15,capacity_price,6.277926172450208,0.2
2026-05-10,16,capacity_price,16.244148527876764,1.29
2026-05-10,17,capacity_price,12.202100755755104,12.85
2026-05-10,18,capacity_price,45.08427748687664,86.99
2026-05-10,19,capacity_price,47.18319400319238,94.42
2026-05-10,20,capacity_price,41.620165006415704,98.73
2026-05-10,21,capacity_price,48.14868354513466,19.27
2026-05-10,22,capacity_price,16.923172861197983,1.2
2026-05-10,23,capacity_price,2.7040139809607986,0.67
2026-05-11,0,capacity_price,0.7865906433439983,1.2
2026-05-11,1,capacity_price,0.7273027239414122,0.67
2026-05-11,2,capacity_price,0.7599135134321015,1.2
2026-05-11,3,capacity_price,0.752841487522005,0.67
2026-05-11,4,capacity_price,3.6796691341109433,0.67
2026-05-11,5,capacity_price,2.6575742556809314,0.67
2026-05-11,6,capacity_price,4.772651590080465,11.4
2026-05-11,7,capacity_price,11.21238571795845,12.58
2026-05-11,8,capacity_price,15.345442847353922,65.31
2026-05-11,9,capacity_price,6.320988870737533,46.84
2026-05-11,10,capacity_price,7.978592928727044,31.18
2026-05-11,11,capacity_price,3.0115179930646514,12.85
2026-05-11,12,capacity_price,4.6821740214884,12.71
2026-05-11,13,capacity_price,4.097984341912503,12.71
2026-05-11,14,capacity_price,7.9297485739215965,12.85
2026-05-11,15,capacity_price,-0.1809391695475453,12.71
2026-05-11,16,capacity_price,-1.4053599216560038,9.6
2026-05-11,17,capacity_price,46.678088852175684,29.58
2026-05-11,18,capacity_price,136.35961608788892,45.37
2026-05-11,19,capacity_price,107.90205318165417,28.24
2026-05-11,20,capacity_price,91.99059288436136,56.74
2026-05-11,21,capacity_price,11.838254900306513,12.71
2026-05-11,22,capacity_price,8.578138990358568,1.2
2026-05-11,23,capacity_price,1.1429253633744947,0.67
2026-05-12,0,capacity_price,1.558132409494785,1.2
2026-05-12,1,capacity_price,1.650610552687059,0.67
2026-05-12,2,capacity_price,2.281365664479616,0.67
2026-05-12,3,capacity_price,0.7271661537756915,0.67
2026-05-12,4,capacity_price,2.280638459418258,0.67
2026-05-12,5,capacity_price,1.1790103534744216,0.67
2026-05-12,6,capacity_price,3.6031720375103307,7.6
2026-05-12,7,capacity_price,22.971071997778303,12.85
2026-05-12,8,capacity_price,16.604550298276692,26.77
2026-05-12,9,capacity_price,17.22444782519985,25.16
2026-05-12,10,capacity_price,11.582487383924644,6.69
2026-05-12,11,capacity_price,5.8382384678110135,6.0
2026-05-12,12,capacity_price,2.5422671414961346,5.0
2026-05-12,13,capacity_price,3.4436790565717015,1.2
2026-05-12,14,capacity_price,2.2190489186910725,5.35
2026-05-12,15,capacity_price,9.16595708100034,4.29
2026-05-12,16,capacity_price,4.812023946019782,6.69
2026-05-12,17,capacity_price,95.74098603356371,48.7
2026-05-12,18,capacity_price,68.77471990037893,78.55
2026-05-12,19,capacity_price,60.51875164472296,66.11
2026-05-12,20,capacity_price,42.268205701714635,113.33
2026-05-12,21,capacity_price,-1.2958399387967958,64.23
2026-05-12,22,capacity_price,3.9587853772401242,12.71
2026-05-12,23,capacity_price,1.2578022316218855,1.2
2026-05-13,0,capacity_price,0.5568000461718101,1.61
2026-05-13,1,capacity_price,0.7450897071285546,1.61
2026-05-13,2,capacity_price,1.0253597259473286,0.67
2026-05-13,3,capacity_price,0.7886004549126063,0.67
2026-05-13,4,capacity_price,1.9329623964688083,1.2
2026-05-13,5,capacity_price,1.5563088955410602,33.46
2026-05-13,6,capacity_price,8.367677701120272,37.47
2026-05-13,7,capacity_price,26.795098070780718,17.9
2026-05-13,8,capacity_price,174.33717566652965,89.57
2026-05-13,9,capacity_price,34.767821445396585,12.85
2026-05-13,10,capacity_price,13.170271441288321,20.08
2026-05-13,11,capacity_price,4.361774760652631,13.12
2026-05-13,12,capacity_price,1.6027105500821988,7.49
2026-05-13,13,capacity_price,2.4670042755166888,6.69
2026-05-13,14,capacity_price,2.328422927295896,6.69
2026-05-13,15,capacity_price,-0.08016191607040568,14.23
2026-05-13,16,capacity_price,-1.4269152374560328,6.69
2026-05-13,17,capacity_price,42.13298670760655,12.58
2026-05-13,18,capacity_price,61.80631328533384,52.32
2026-05-13,19,capacity_price,54.75871893531792,74.94
2026-05-13,20,capacity_price,44.488229340049315,73.61
2026-05-13,21,capacity_price,19.035068369384277,44.57
2026-05-13,22,capacity_price,5.324167669867241,12.85
2026-05-13,23,capacity_price,1.9290829376593384,12.58
2026-05-14,0,capacity_price,2.085944520428395,2.0
2026-05-14,1,capacity_price,0.848311068317305,1.2
2026-05-14,2,capacity_price,1.1689346891263543,0.54
2026-05-14,3,capacity_price,1.1042806091302761,0.54
2026-05-14,4,capacity_price,1.321898299470439,1.2
2026-05-14,5,capacity_price,2.3014626710489012,1.2
2026-05-14,6,capacity_price,11.772704081167172,12.58
2026-05-14,7,capacity_price,8.585949596949309,6.0
2026-05-14,8,capacity_price,12.946119379706294,12.58
2026-05-14,9,capacity_price,14.218418698211337,6.69
2026-05-14,10,capacity_price,5.308362067388667,5.76
2026-05-14,11,capacity_price,2.353047399512617,4.01
2026-05-14,12,capacity_price,-0.2720666737168733,1.2
2026-05-14,13,capacity_price,-1.3729239143830594,0.54
2026-05-14,14,capacity_price,1.3044727809207468,0.67
2026-05-14,15,capacity_price,5.062634095420057,0.67
2026-05-14,16,capacity_price,6.471411383686908,6.1
2026-05-14,17,capacity_price,85.57218597478865,13.14
2026-05-14,18,capacity_price,68.57977550047862,50.85
2026-05-14,19,capacity_price,62.41288865751069,76.55
2026-05-14,20,capacity_price,39.881218725941295,97.82
2026-05-14,21,capacity_price,30.240315399949047,60.22
2026-05-14,22,capacity_price,8.33691457581377,46.84
2026-05-14,23,capacity_price,19.060612337355913,12.58
2026-05-15,0,capacity_price,2.781852814857424,1.2
2026-05-15,1,capacity_price,1.1972226134582282,0.67
2026-05-15,2,capacity_price,1.2946361565973492,0.67
2026-05-15,3,capacity_price,1.1932351735070426,0.67
2026-05-15,4,capacity_price,3.790000910797695,1.2
2026-05-15,5,capacity_price,4.611821754321875,0.67
2026-05-15,6,capacity_price,14.440198532818993,1.2
2026-05-15,7,capacity_price,7.8794186861683055,1.2
2026-05-15,8,capacity_price,40.168091498282074,1.2
2026-05-15,9,capacity_price,27.79680003767696,1.2
2026-05-15,10,capacity_price,13.15324385943973,1.2
2026-05-15,11,capacity_price,4.838656965001656,0.67
2026-05-15,12,capacity_price,2.540786057889086,0.67
2026-05-15,13,capacity_price,2.370418077535671,0.67
2026-05-15,14,capacity_price,3.226110409865355,0.67
2026-05-15,15,capacity_price,4.119972065438315,0.67
2026-05-15,16,capacity_price,6.095011726717477,1.2
2026-05-15,17,capacity_price,37.072070110460345,6.0
2026-05-15,18,capacity_price,79.93279801738475,12.71
2026-05-15,19,capacity_price,95.73881632776377,6.0
2026-05-15,20,capacity_price,58.03471033286084,33.46
2026-05-15,21,capacity_price,28.679910101058525,6.69
2026-05-15,22,capacity_price,10.413166349430426,1.2
2026-05-15,23,capacity_price,13.067970144525498,1.2
2026-05-16,0,capacity_price,0.6253385522883422,0.67
2026-05-16,1,capacity_price,0.8311682274811529,0.67
2026-05-16,2,capacity_price,0.7074721517291397,0.67
2026-05-16,3,capacity_price,0.5722632401470618,0.67
2026-05-16,4,capacity_price,0.2757789435194631,0.67
2026-05-16,5,capacity_price,-1.7152038955809679,1.2
2026-05-16,6,capacity_price,1.1036463775250462,1.2
2026-05-16,7,capacity_price,-6.592616162528664,1.2
2026-05-16,8,capacity_price,-141.03483300864767,1.2
2026-05-16,9,capacity_price,-35.673137122031655,1.2
2026-05-16,10,capacity_price,-12.599518233622348,1.2
2026-05-16,11,capacity_price,1.112193003497047,0.67
2026-05-16,12,capacity_price,0.46838592908535615,0.67
2026-05-16,13,capacity_price,-0.06108312047464226,0.54
2026-05-16,14,capacity_price,0.6810501883177347,0.27
2026-05-16,15,capacity_price,-1.2277889673343743,0.54
2026-05-16,16,capacity_price,7.03053930599769,1.2
2026-05-16,17,capacity_price,42.247186467965285,6.69
2026-05-16,18,capacity_price,59.77941641664128,17.4
2026-05-16,19,capacity_price,82.11258276265731,6.69
2026-05-16,20,capacity_price,73.56803864322185,14.2
2026-05-16,21,capacity_price,20.383319099340646,12.58
2026-05-16,22,capacity_price,0.07002322128903149,1.2
2026-05-16,23,capacity_price,1.5406542993930552,1.2
2026-05-17,0,capacity_price,1.1027358568685108,0.67
2026-05-17,1,capacity_price,0.8095268541596622,0.67
2026-05-17,2,capacity_price,0.7108830182527708,0.67
2026-05-17,3,capacity_price,1.1291949231269975,1.2
2026-05-17,4,capacity_price,3.508811565416699,0.67
2026-05-17,5,capacity_price,2.8173059612536573,0.67
2026-05-17,6,capacity_price,5.573113442567372,1.2
2026-05-17,7,capacity_price,7.923985558521842,1.2
2026-05-17,8,capacity_price,10.615368895294559,1.2
2026-05-17,9,capacity_price,9.802679354691891,1.2
2026-05-17,10,capacity_price,6.329686757731799,0.67
2026-05-17,11,capacity_price,1.8037790182523226,0.67
2026-05-17,12,capacity_price,1.3142512294303548,0.67
2026-05-17,13,capacity_price,1.4523952241163727,0.67
2026-05-17,14,capacity_price,1.98834945460081,0.67
2026-05-17,15,capacity_price,2.175704461998827,0.67
2026-05-17,16,capacity_price,2.577647270064036,1.2
2026-05-17,17,capacity_price,30.375011991740713,6.0
2026-05-17,18,capacity_price,60.215519819279265,12.71
2026-05-17,19,capacity_price,64.57854276325342,6.0
2026-05-17,20,capacity_price,57.8657679371054,6.69
2026-05-17,21,capacity_price,22.140093459598468,6.69
2026-05-17,22,capacity_price,2.071552744218953,1.2
2026-05-17,23,capacity_price,2.1470425078827575,0.67
2026-05-18,0,capacity_price,0.8643583190236847,1.2
2026-05-18,1,capacity_price,0.5647329380532915,0.67
2026-05-18,2,capacity_price,0.6898721395372647,0.67
2026-05-18,3,capacity_price,0.838349574912011,0.67
2026-05-18,4,capacity_price,1.5396411333783522,0.67
2026-05-18,5,capacity_price,1.1456715629066432,0.67
2026-05-18,6,capacity_price,1.7935730288178096,1.2
2026-05-18,7,capacity_price,9.394464915729642,1.2
2026-05-18,8,capacity_price,11.333467066137306,6.69
2026-05-18,9,capacity_price,11.704441179957794,1.2
2026-05-18,10,capacity_price,3.978513794125325,1.2
2026-05-18,11,capacity_price,6.649027840058629,1.2
2026-05-18,12,capacity_price,1.6182869456233417,1.2
2026-05-18,13,capacity_price,1.6669308143196597,3.35
2026-05-18,14,capacity_price,1.8179241994929474,1.2
2026-05-18,15,capacity_price,6.143774374656886,1.2
2026-05-18,16,capacity_price,6.051296505828036,1.2
2026-05-18,17,capacity_price,24.847596792028252,12.85
2026-05-18,18,capacity_price,2.5690842684598465,12.0
2026-05-18,19,capacity_price,44.935238317998056,17.4
2026-05-18,20,capacity_price,31.1373706352124,12.58
2026-05-18,21,capacity_price,14.757462746658021,6.69
2026-05-18,22,capacity_price,4.150994128615777,1.2
2026-05-18,23,capacity_price,1.1730422930793982,0.67
2026-05-19,0,capacity_price,0.7389031917053297,2.0
2026-05-19,1,capacity_price,0.36137325170950013,1.2
2026-05-19,2,capacity_price,0.6510296771303503,1.2
2026-05-19,3,capacity_price,0.4877827273364369,1.2
2026-05-19,4,capacity_price,1.6444356544929046,2.0
2026-05-19,5,capacity_price,1.8018479516787091,52.58
2026-05-19,6,capacity_price,2.212258857652955,12.85
2026-05-19,7,capacity_price,6.628835740110281,66.91
2026-05-19,8,capacity_price,10.891459966221356,12.85
2026-05-19,9,capacity_price,16.299681417917245,6.69
2026-05-19,10,capacity_price,6.953130490042927,6.0
2026-05-19,11,capacity_price,2.277977996193132,6.0
2026-05-19,12,capacity_price,1.2511292277518136,6.69
2026-05-19,13,capacity_price,1.9642114850285526,6.69
2026-05-19,14,capacity_price,1.5049113566956813,6.69
2026-05-19,15,capacity_price,2.9633191062589646,6.69
2026-05-19,16,capacity_price,0.7848462328654797,5.35
2026-05-19,17,capacity_price,6.125244979100501,17.8
2026-05-19,18,capacity_price,37.991109405408345,54.46
2026-05-19,19,capacity_price,23.182794789426417,45.5
2026-05-19,20,capacity_price,13.033536870307817,98.61
2026-05-19,21,capacity_price,8.94454924748969,34.3
2026-05-19,22,capacity_price,3.9320921427184565,12.71
2026-05-19,23,capacity_price,0.790135914692746,2.0
2026-05-20,0,capacity_price,1.409015927102001,0.67
2026-05-20,1,capacity_price,0.41045011553076843,0.67
2026-05-20,2,capacity_price,0.7508470431829943,0.67
2026-05-20,3,capacity_price,0.6865236897456642,0.67
2026-05-20,4,capacity_price,1.902515915676207,0.67
2026-05-20,5,capacity_price,1.046347786912241,0.67
2026-05-20,6,capacity_price,6.488206022245577,1.2
2026-05-20,7,capacity_price,8.39364202796116,6.69
2026-05-20,8,capacity_price,-21.652599277321528,6.69
2026-05-20,9,capacity_price,-1.7410045064714579,1.2
2026-05-20,10,capacity_price,7.250720563562607,1.2
2026-05-20,11,capacity_price,5.769007842673259,1.2
2026-05-20,12,capacity_price,1.8622385484957626,0.67
2026-05-20,13,capacity_price,3.0679190751139878,0.67
2026-05-20,14,capacity_price,1.3738138315247557,0.67
2026-05-20,15,capacity_price,3.7657526808536996,1.2
2026-05-20,16,capacity_price,0.6989242528377542,4.0
2026-05-20,17,capacity_price,-34.06750449978066,12.58
2026-05-20,18,capacity_price,-5.939731792867477,12.84
2026-05-20,19,capacity_price,51.04183800687744,30.0
2026-05-20,20,capacity_price,45.06156629310818,45.5
2026-05-20,21,capacity_price,23.79329780162989,30.0
2026-05-20,22,capacity_price,2.8535259980695935,1.2
2026-05-20,23,capacity_price,1.3783983088143439,0.67
2026-05-21,0,capacity_price,0.30175819542494986,1.2
2026-05-21,1,capacity_price,0.4530979960758783,0.67
2026-05-21,2,capacity_price,0.37138106282550015,0.67
2026-05-21,3,capacity_price,0.4114242517135077,0.67
2026-05-21,4,capacity_price,2.5093128748002487,8.7
2026-05-21,5,capacity_price,6.789262372485499,2.0
2026-05-21,6,capacity_price,4.301572951514138,1.2
2026-05-21,7,capacity_price,23.82933904852267,4.0
2026-05-21,8,capacity_price,-20.198588056537268,20.0
2026-05-21,9,capacity_price,7.851141327342397,1.2
2026-05-21,10,capacity_price,8.086681561316453,1.2
2026-05-21,11,capacity_price,1.8098126730374777,1.2
2026-05-21,12,capacity_price,1.3463364615560767,1.2
2026-05-21,13,capacity_price,0.4188955080526854,0.67
2026-05-21,14,capacity_price,1.6726383916288738,0.67
2026-05-21,15,capacity_price,2.7912549009349292,1.2
2026-05-21,16,capacity_price,-6.409803118463831,1.2
2026-05-21,17,capacity_price,-14.85959705833696,12.58
2026-05-21,18,capacity_price,49.12815885417653,26.77
2026-05-21,19,capacity_price,29.781215373703322,12.58
2026-05-21,20,capacity_price,59.19108010761363,23.5
2026-05-21,21,capacity_price,16.563712520753437,74.27
2026-05-21,22,capacity_price,9.70268551740339,1.2
2026-05-21,23,capacity_price,1.7803063490537583,0.67
2026-05-22,0,capacity_price,0.7208664905224724,1.2
2026-05-22,1,capacity_price,0.4123369746244381,0.67
2026-05-22,2,capacity_price,0.6736954387248684,0.67
2026-05-22,3,capacity_price,0.9138418746757357,0.67
2026-05-22,4,capacity_price,2.7141369321999105,1.2
2026-05-22,5,capacity_price,2.9906017296901926,2.0
2026-05-22,6,capacity_price,3.49231286545864,1.61
2026-05-22,7,capacity_price,36.393445718179315,1.61
2026-05-22,8,capacity_price,739.6299159189088,6.69
2026-05-22,9,capacity_price,90.72639041453854,1.2
2026-05-22,10,capacity_price,8.200923771508876,1.2
2026-05-22,11,capacity_price,5.506122034873364,1.2
2026-05-22,12,capacity_price,5.931401871946687,1.07
2026-05-22,13,capacity_price,9.843170861905984,0.67
2026-05-22,14,capacity_price,2.223815793210858,0.67
2026-05-22,15,capacity_price,6.443738325891713,0.67
2026-05-22,16,capacity_price,20.043242443816048,0.67
2026-05-22,17,capacity_price,65.23282373549304,6.42
2026-05-22,18,capacity_price,32.643530661055976,6.0
2026-05-22,19,capacity_price,53.62184736985593,6.0
2026-05-22,20,capacity_price,29.43720610692397,6.69
2026-05-22,21,capacity_price,17.692746359671357,6.69
2026-05-22,22,capacity_price,15.848494426859999,1.2
2026-05-22,23,capacity_price,10.837625194349062,0.67
2026-05-23,0,capacity_price,0.8001778567396288,1.2
2026-05-23,1,capacity_price,1.0688968713112055,1.2
2026-05-23,2,capacity_price,0.753177034628812,0.67
2026-05-23,3,capacity_price,0.9000852682782455,0.67
2026-05-23,4,capacity_price,1.561901586517554,0.67
2026-05-23,5,capacity_price,2.143986202162719,2.0
2026-05-23,6,capacity_price,2.631450454427555,1.2
2026-05-23,7,capacity_price,2.06963225592901,1.2
2026-05-23,8,capacity_price,19.966237586813385,1.2
2026-05-23,9,capacity_price,40.460169879710094,0.67
2026-05-23,10,capacity_price,18.65437302516832,0.67
2026-05-23,11,capacity_price,1.292451530954453,0.54
2026-05-23,12,capacity_price,3.5377473292689556,0.54
2026-05-23,13,capacity_price,8.745629380280707,0.2
2026-05-23,14,capacity_price,2.7114404348014842,0.2
2026-05-23,15,capacity_price,4.243707728728916,0.67
2026-05-23,16,capacity_price,2.6538349109577206,0.54
2026-05-23,17,capacity_price,41.99121579277809,4.0
2026-05-23,18,capacity_price,50.01006614160063,6.2
2026-05-23,19,capacity_price,48.16829654406962,12.58
2026-05-23,20,capacity_price,33.019832728144316,12.58
2026-05-23,21,capacity_price,17.015856959763575,9.9
2026-05-23,22,capacity_price,8.683026131371374,12.58
2026-05-23,23,capacity_price,1.6919500829854466,1.2
2026-05-24,0,capacity_price,1.0973959702138103,1.2
2026-05-24,1,capacity_price,0.9151788801041365,1.2
2026-05-24,2,capacity_price,0.773757960148896,0.67
2026-05-24,3,capacity_price,1.206148185367113,0.67
2026-05-24,4,capacity_price,1.5929267490684746,1.2
2026-05-24,5,capacity_price,1.476977121235366,1.2
2026-05-24,6,capacity_price,3.6385452178864988,1.2
2026-05-24,7,capacity_price,4.516040009034489,1.2
2026-05-24,8,capacity_price,30.20582844929052,1.2
2026-05-24,9,capacity_price,19.355776445272802,0.67
2026-05-24,10,capacity_price,5.997110283097368,0.67
2026-05-24,11,capacity_price,3.036611763785624,0.54
2026-05-24,12,capacity_price,1.4937672538831712,0.67
2026-05-24,13,capacity_price,2.278489807146054,0.2
2026-05-24,14,capacity_price,2.234548367385325,0.2
2026-05-24,15,capacity_price,5.657311079887419,0.2
2026-05-24,16,capacity_price,9.172646317817513,0.67
2026-05-24,17,capacity_price,60.03150504638816,2.68
2026-05-24,18,capacity_price,94.70134042529429,6.69
2026-05-24,19,capacity_price,64.3712768322313,20.0
2026-05-24,20,capacity_price,29.72659761532696,11.4
2026-05-24,21,capacity_price,14.237144532597084,11.4
2026-05-24,22,capacity_price,7.125849669304967,4.0
2026-05-24,23,capacity_price,1.4920570066872014,1.2
2026-05-25,0,capacity_price,0.7445593967452908,1.2
2026-05-25,1,capacity_price,0.7488941861278213,1.2
2026-05-25,2,capacity_price,0.7229902892217193,1.2
2026-05-25,3,capacity_price,0.8244081387799699,1.2
2026-05-25,4,capacity_price,1.8053516443256303,2.0
2026-05-25,5,capacity_price,1.0591528045101413,1.2
2026-05-25,6,capacity_price,1.5630787675909312,1.2
2026-05-25,7,capacity_price,2.480784385402075,1.2
2026-05-25,8,capacity_price,17.379804593999836,2.41
2026-05-25,9,capacity_price,15.265947111652533,0.67
2026-05-25,10,capacity_price,7.551407403992747,0.67
2026-05-25,11,capacity_price,2.9165654548802924,0.67
2026-05-25,12,capacity_price,1.7635747205636942,0.67
2026-05-25,13,capacity_price,1.9644744771507718,0.27
2026-05-25,14,capacity_price,1.5390161297096807,0.67
2026-05-25,15,capacity_price,3.5643089330467266,0.67
2026-05-25,16,capacity_price,4.772532279657345,0.67
2026-05-25,17,capacity_price,35.572726173800916,1.2
2026-05-25,18,capacity_price,28.311200149378912,6.9
2026-05-25,19,capacity_price,25.926132830439293,6.9
2026-05-25,20,capacity_price,18.2763697554137,52.0
2026-05-25,21,capacity_price,14.176357082671311,13.0
2026-05-25,22,capacity_price,3.1616650071496597,1.2
2026-05-25,23,capacity_price,0.6022325984417055,0.67
2026-05-26,0,capacity_price,0.8353425755655377,2.0
2026-05-26,1,capacity_price,0.8528026831771727,0.67
2026-05-26,2,capacity_price,0.7305448578539763,1.2
2026-05-26,3,capacity_price,0.6836637100808752,1.2
2026-05-26,4,capacity_price,1.553258371930878,1.2
2026-05-26,5,capacity_price,1.6833019148740163,6.69
2026-05-26,6,capacity_price,2.027530494233079,1.2
2026-05-26,7,capacity_price,8.912033701297737,4.0
2026-05-26,8,capacity_price,3.602589012622799,21.58
2026-05-26,9,capacity_price,1.1627747620414244,1.2
2026-05-26,10,capacity_price,3.474412703214789,0.67
2026-05-26,11,capacity_price,1.7505714721669765,0.67
2026-05-26,12,capacity_price,-0.017491581170319348,0.67
2026-05-26,13,capacity_price,0.9455992092828551,0.67
2026-05-26,14,capacity_price,0.299695088200134,0.67
2026-05-26,15,capacity_price,1.681757870755572,0.67
2026-05-26,16,capacity_price,-3.6965782269627008,1.2
2026-05-26,17,capacity_price,14.203805288999977,6.69
2026-05-26,18,capacity_price,10.00355142292549,12.58
2026-05-26,19,capacity_price,37.094024389351944,12.71
2026-05-26,20,capacity_price,28.3672841048996,22.8
2026-05-26,21,capacity_price,9.491393047211119,20.08
2026-05-26,22,capacity_price,-1.0422901159582336,1.2
2026-05-26,23,capacity_price,0.8383532342312573,0.67
2026-05-27,0,capacity_price,0.8337326311231369,0.67
2026-05-27,1,capacity_price,0.9920149704914651,0.67
2026-05-27,2,capacity_price,0.9542546883156588,0.67
2026-05-27,3,capacity_price,1.090709587542008,0.67
2026-05-27,4,capacity_price,2.9104214721243196,1.2
2026-05-27,5,capacity_price,1.936020041171688,2.0
2026-05-27,6,capacity_price,2.5310181601036135,1.2
2026-05-27,7,capacity_price,10.50538298662962,4.0
2026-05-27,8,capacity_price,32.47591346691011,18.74
2026-05-27,9,capacity_price,10.654744952444918,6.69
2026-05-27,10,capacity_price,11.156586664956468,0.8
2026-05-27,11,capacity_price,1.7066629773556832,0.67
2026-05-27,12,capacity_price,2.026370401229913,0.67
2026-05-27,13,capacity_price,2.112543496536778,0.67
2026-05-27,14,capacity_price,1.3238660789463652,0.67
2026-05-27,15,capacity_price,2.9525257224001153,0.67
2026-05-27,16,capacity_price,4.017079640798318,0.8
2026-05-27,17,capacity_price,40.587098986888364,11.75
2026-05-27,18,capacity_price,61.56822407239531,13.4
2026-05-27,19,capacity_price,75.99721261914274,62.62
2026-05-27,20,capacity_price,69.83190729017812,82.43
2026-05-27,21,capacity_price,24.6950046017454,12.71
2026-05-27,22,capacity_price,8.45708684752315,4.0
2026-05-27,23,capacity_price,1.436723177015681,1.2
2026-05-28,0,capacity_price,1.0972371600996218,0.67
2026-05-28,1,capacity_price,0.7888861122602806,0.67
2026-05-28,2,capacity_price,0.9299456772728429,0.67
2026-05-28,3,capacity_price,0.6789489341477422,0.67
2026-05-28,4,capacity_price,3.231244254214853,0.67
2026-05-28,5,capacity_price,2.0733560574597405,1.2
2026-05-28,6,capacity_price,3.8986400825012275,12.58
2026-05-28,7,capacity_price,7.095583939760785,12.71
2026-05-28,8,capacity_price,24.064894004141628,6.1
2026-05-28,9,capacity_price,14.657964625002265,1.2
2026-05-28,10,capacity_price,3.5144281153987476,1.2
2026-05-28,11,capacity_price,1.3051469137820262,0.67
2026-05-28,12,capacity_price,1.6044078562923714,0.67
2026-05-28,13,capacity_price,1.15621060122871,0.67
2026-05-28,14,capacity_price,1.8927978136703056,0.67
2026-05-28,15,capacity_price,2.3505334004578953,0.67
2026-05-28,16,capacity_price,2.8948868396610736,0.67
2026-05-28,17,capacity_price,43.40920947073875,4.0
2026-05-28,18,capacity_price,61.32825202793806,6.1
2026-05-28,19,capacity_price,52.804771556069205,12.58
2026-05-28,20,capacity_price,53.33634547822808,26.0
2026-05-28,21,capacity_price,17.832383561389967,117.37
2026-05-28,22,capacity_price,10.231237192094415,1.2
2026-05-28,23,capacity_price,1.144053172341756,0.67
2026-05-29,0,capacity_price,1.6479768077524826,0.67
2026-05-29,1,capacity_price,1.1715403741528094,0.67
2026-05-29,2,capacity_price,0.8591931704649894,0.67
2026-05-29,3,capacity_price,0.9551286037360207,0.67
2026-05-29,4,capacity_price,1.4815753934115383,0.67
2026-05-29,5,capacity_price,3.4353487696956293,1.2
2026-05-29,6,capacity_price,5.150365899086817,2.0
2026-05-29,7,capacity_price,7.383996517237649,12.58
2026-05-29,8,capacity_price,12.313780457971355,1.2
2026-05-29,9,capacity_price,8.324188644659584,1.2
2026-05-29,10,capacity_price,2.9404597432281125,0.67
2026-05-29,11,capacity_price,1.734586426328001,0.67
2026-05-29,12,capacity_price,1.5869937361394069,0.67
2026-05-29,13,capacity_price,1.7374599439915202,0.67
2026-05-29,14,capacity_price,2.258371791179517,0.67
2026-05-29,15,capacity_price,3.7842536036202086,0.67
2026-05-29,16,capacity_price,1.5020606629144089,0.67
2026-05-29,17,capacity_price,-2.167413045113584,1.2
2026-05-29,18,capacity_price,-4.688116245935213,1.2
2026-05-29,19,capacity_price,31.56428833566717,6.0
2026-05-29,20,capacity_price,51.68845270683617,30.3
2026-05-29,21,capacity_price,32.75389743816573,12.71
2026-05-29,22,capacity_price,6.6440787704507684,1.2
2026-05-29,23,capacity_price,1.572867653636157,1.2
2026-05-30,0,capacity_price,0.82013823974245,1.2
2026-05-30,1,capacity_price,0.5423096479869687,1.2
2026-05-30,2,capacity_price,0.6328078074132968,0.67
2026-05-30,3,capacity_price,0.49485713876463777,0.67
2026-05-30,4,capacity_price,0.6423429453890156,0.67
2026-05-30,5,capacity_price,0.824483056722489,1.2
2026-05-30,6,capacity_price,2.071433851463101,20.0
2026-05-30,7,capacity_price,2.3653852864148193,6.0
2026-05-30,8,capacity_price,8.720492129810815,12.58
2026-05-30,9,capacity_price,-14.856330740349343,6.69
2026-05-30,10,capacity_price,0.227578455196082,0.67
2026-05-30,11,capacity_price,-0.16812016673259733,0.67
2026-05-30,12,capacity_price,0.28818131518812795,0.67
2026-05-30,13,capacity_price,0.19846408291428252,0.67
2026-05-30,14,capacity_price,0.6440284879054238,0.67
2026-05-30,15,capacity_price,-0.47028733714924265,0.67
2026-05-30,16,capacity_price,-0.9559755968729258,0.67
2026-05-30,17,capacity_price,19.075650674543684,5.35
2026-05-30,18,capacity_price,11.00369913279431,20.0
2026-05-30,19,capacity_price,11.777162434776152,12.71
2026-05-30,20,capacity_price,16.49719188796346,116.56
2026-05-30,21,capacity_price,7.520183070391629,12.71
2026-05-30,22,capacity_price,2.764575156507424,4.0
2026-05-30,23,capacity_price,1.3503283409572275,1.2
2026-05-31,0,capacity_price,1.5314066240563382,1.2
2026-05-31,1,capacity_price,1.1485767181992175,1.2
2026-05-31,2,capacity_price,0.7919181346534984,1.2
2026-05-31,3,capacity_price,0.9908330989643799,0.67
2026-05-31,4,capacity_price,1.7514489688066668,1.2
2026-05-31,5,capacity_price,1.6833401529082483,1.2
2026-05-31,6,capacity_price,7.783161495841656,1.2
2026-05-31,7,capacity_price,10.034380155514349,1.2
2026-05-31,8,capacity_price,24.658836311521178,1.2
2026-05-31,9,capacity_price,11.100535632982877,1.34
2026-05-31,10,capacity_price,6.262407855606924,0.67
2026-05-31,11,capacity_price,4.3935570718286865,0.67
2026-05-31,12,capacity_price,2.385580015313411,0.67
2026-05-31,13,capacity_price,1.9454164352555883,0.67
2026-05-31,14,capacity_price,1.5254259782417596,0.54
2026-05-31,15,capacity_price,3.493341016052713,0.67
2026-05-31,16,capacity_price,-1.3041744413279286,0.67
2026-05-31,17,capacity_price,27.035584347601436,1.2
2026-05-31,18,capacity_price,27.68959296465056,1.2
2026-05-31,19,capacity_price,45.88702544148976,12.58
2026-05-31,20,capacity_price,53.438200394876475,17.3
2026-05-31,21,capacity_price,23.789493775779672,4.0
2026-05-31,22,capacity_price,7.605495356590989,1.2
2026-05-31,23,capacity_price,1.5269234698138439,0.67
2026-06-01,0,capacity_price,0.6952592822210296,2.01
2026-06-01,1,capacity_price,0.7681124353264337,0.67
2026-06-01,2,capacity_price,0.8946822240257214,0.67
2026-06-01,3,capacity_price,0.8482956206436872,2.01
2026-06-01,4,capacity_price,1.6148836942990898,2.01
2026-06-01,5,capacity_price,2.001026868317042,2.01
2026-06-01,6,capacity_price,4.794410765934949,2.01
2026-06-01,7,capacity_price,10.301166316019113,2.01
2026-06-01,8,capacity_price,39.03392926613864,2.01
2026-06-01,9,capacity_price,9.963257650561074,2.01
2026-06-01,10,capacity_price,5.990915043377956,2.01
2026-06-01,11,capacity_price,5.431401792813819,6.69
2026-06-01,12,capacity_price,2.6223073992322985,2.01
2026-06-01,13,capacity_price,2.4185712891549755,2.01
2026-06-01,14,capacity_price,2.7944199343318394,2.01
2026-06-01,15,capacity_price,4.979002240138518,6.69
2026-06-01,16,capacity_price,6.345460504453342,2.01
2026-06-01,17,capacity_price,55.35131423105743,2.01
2026-06-01,18,capacity_price,63.98040786961308,2.01
2026-06-01,19,capacity_price,55.06046910839083,14.0
2026-06-01,20,capacity_price,84.72289992847354,22.0
2026-06-01,21,capacity_price,28.14364431394563,12.58
2026-06-01,22,capacity_price,6.0684272268964286,2.01
2026-06-01,23,capacity_price,2.582246062946731,0.67
2026-06-02,0,capacity_price,1.156753254112701,2.01
2026-06-02,1,capacity_price,0.8048429203963118,2.0
2026-06-02,2,capacity_price,1.057865302145393,0.67
2026-06-02,3,capacity_price,0.8185912790662647,0.67
2026-06-02,4,capacity_price,0.6903271589886756,0.67
2026-06-02,5,capacity_price,1.735531580908162,2.01
2026-06-02,6,capacity_price,2.141784306199378,6.0
2026-06-02,7,capacity_price,5.861893763659539,6.0
2026-06-02,8,capacity_price,5.851425791215572,2.01
2026-06-02,9,capacity_price,-9.967406584524053,2.01
2026-06-02,10,capacity_price,4.974843886234957,2.01
2026-06-02,11,capacity_price,5.171527312759361,2.01
2026-06-02,12,capacity_price,1.4767391653789093,2.01
2026-06-02,13,capacity_price,1.8829221806089151,2.01
2026-06-02,14,capacity_price,1.7046789709945247,2.01
2026-06-02,15,capacity_price,3.1734271897110498,6.69
2026-06-02,16,capacity_price,4.807199858633776,2.01
2026-06-02,17,capacity_price,25.97184413379911,2.01
2026-06-02,18,capacity_price,3.3184185420263006,2.01
2026-06-02,19,capacity_price,18.204656215128782,12.71
2026-06-02,20,capacity_price,25.30547095368912,9.4
2026-06-02,21,capacity_price,5.958517425076233,9.4
2026-06-02,22,capacity_price,1.8446504526149634,2.01
2026-06-02,23,capacity_price,0.540937605779733,0.67
2026-06-03,0,capacity_price,1.349092195881212,2.01
2026-06-03,1,capacity_price,0.8492526859886447,0.67
2026-06-03,2,capacity_price,0.8946520871438481,0.67
2026-06-03,3,capacity_price,0.8137295470799059,0.67
2026-06-03,4,capacity_price,1.4511789003891884,2.01
2026-06-03,5,capacity_price,2.163417917302529,2.01
2026-06-03,6,capacity_price,3.864258495690254,6.69
2026-06-03,7,capacity_price,6.55456218102522,2.01
2026-06-03,8,capacity_price,10.67357345843685,2.01
2026-06-03,9,capacity_price,9.056658776595473,2.01
2026-06-03,10,capacity_price,5.809059890631099,5.75
2026-06-03,11,capacity_price,4.6498569866920985,2.01
2026-06-03,12,capacity_price,1.983752145444038,2.68
2026-06-03,13,capacity_price,2.9267107057157062,2.68
2026-06-03,14,capacity_price,2.180996831466683,2.01
2026-06-03,15,capacity_price,5.223230457869697,2.01
2026-06-03,16,capacity_price,1.3644207421051888,0.67
2026-06-03,17,capacity_price,-2.7940262391697956,2.01
2026-06-03,18,capacity_price,29.028357860336765,2.01
2026-06-03,19,capacity_price,30.25036893436905,12.71
2026-06-03,20,capacity_price,44.30263419894382,10.9
2026-06-03,21,capacity_price,24.304872366629645,12.84
2026-06-03,22,capacity_price,7.874621353499704,4.0
2026-06-03,23,capacity_price,1.286091693653816,2.01
2026-06-04,0,capacity_price,2.058201890455482,1.07
2026-06-04,1,capacity_price,0.8613370157819817,1.07
2026-06-04,2,capacity_price,0.7673148824557411,0.67
2026-06-04,3,capacity_price,0.8848976075865334,1.07
2026-06-04,4,capacity_price,1.8492825071771883,1.07
2026-06-04,5,capacity_price,1.2956006627393677,0.67
2026-06-04,6,capacity_price,1.2420952892381547,2.01
2026-06-04,7,capacity_price,2.30886882662114,2.01
2026-06-04,8,capacity_price,14.502725795413067,2.01
2026-06-04,9,capacity_price,7.824630041820493,2.58
2026-06-04,10,capacity_price,0.8636912567488073,0.67
2026-06-04,11,capacity_price,2.6244215434386566,0.67
2026-06-04,12,capacity_price,2.943961767668656,0.67
2026-06-04,13,capacity_price,3.7871781087635705,0.67
2026-06-04,14,capacity_price,3.608387954232561,0.67
2026-06-04,15,capacity_price,9.649135945420067,0.67
2026-06-04,16,capacity_price,9.187632332312464,1.07
2026-06-04,17,capacity_price,31.045094336001817,6.69
2026-06-04,18,capacity_price,29.2897731682046,2.01
2026-06-04,19,capacity_price,68.71807039273446,10.3
2026-06-04,20,capacity_price,99.35629490601623,13.38
2026-06-04,21,capacity_price,33.83800689977075,11.77
2026-06-04,22,capacity_price,8.40788652786135,2.01
2026-06-04,23,capacity_price,2.386658003568855,2.94
2026-06-05,0,capacity_price,1.3882973986283718,2.01
2026-06-05,1,capacity_price,0.5965876234848703,0.67
2026-06-05,2,capacity_price,0.5796226840793179,0.67
2026-06-05,3,capacity_price,0.8079752664731261,0.67
2026-06-05,4,capacity_price,0.8778550409237446,0.67
2026-06-05,5,capacity_price,1.8633357817861504,0.67
2026-06-05,6,capacity_price,3.2532570314278075,2.01
2026-06-05,7,capacity_price,5.531119669525728,2.01
2026-06-05,8,capacity_price,8.293990103642646,2.01
2026-06-05,9,capacity_price,10.919414269531629,2.01
2026-06-05,10,capacity_price,4.07758390025934,1.07
2026-06-05,11,capacity_price,2.81858198146928,0.67
2026-06-05,12,capacity_price,1.5407165810928851,0.67
2026-06-05,13,capacity_price,1.4320528983330005,0.67
2026-06-05,14,capacity_price,2.3801597051942625,0.67
2026-06-05,15,capacity_price,1.7604996456393702,0.67
2026-06-05,16,capacity_price,0.46679510213157904,1.47
2026-06-05,17,capacity_price,6.970442057481922,2.01
2026-06-05,18,capacity_price,-15.822477202390232,2.01
2026-06-05,19,capacity_price,4.375152253356504,66.9
2026-06-05,20,capacity_price,17.48160823708559,145.73
2026-06-05,21,capacity_price,9.234487331600718,15.4
2026-06-05,22,capacity_price,2.052143011450959,2.01
2026-06-05,23,capacity_price,2.0108308867450893,0.67
2026-06-06,0,capacity_price,1.6322526365491823,0.67
2026-06-06,1,capacity_price,0.9935833220360097,0.67
2026-06-06,2,capacity_price,0.9818748488074156,0.67
2026-06-06,3,capacity_price,0.7995443050138011,0.67
2026-06-06,4,capacity_price,1.4796356311717536,2.0
2026-06-06,5,capacity_price,1.9246214237027646,2.01
2026-06-06,6,capacity_price,3.049662496686695,2.01
2026-06-06,7,capacity_price,4.5201603071042635,2.01
2026-06-06,8,capacity_price,-6.222413527705703,12.27
2026-06-06,9,capacity_price,0.9997920254294002,2.01
2026-06-06,10,capacity_price,-1.223895795336607,2.01
2026-06-06,11,capacity_price,1.365194049426948,3.35
2026-06-06,12,capacity_price,1.1359868502252,0.67
2026-06-06,13,capacity_price,1.8746202962849738,0.67
2026-06-06,14,capacity_price,1.834235278738901,1.96
2026-06-06,15,capacity_price,3.3090260705040544,0.67
2026-06-06,16,capacity_price,0.027104688733452953,2.01
2026-06-06,17,capacity_price,15.529852993672531,3.35
2026-06-06,18,capacity_price,39.85804189543828,2.01
2026-06-06,19,capacity_price,32.17962699806722,90.32
2026-06-06,20,capacity_price,44.705744012850836,12.84
2026-06-06,21,capacity_price,12.895341052427463,73.59
2026-06-06,22,capacity_price,6.561900363063471,4.0
2026-06-06,23,capacity_price,1.5046363137725858,2.01
2026-06-07,0,capacity_price,0.6289648609957786,2.01
2026-06-07,1,capacity_price,0.769415202556275,0.67
2026-06-07,2,capacity_price,0.4222998713376555,0.67
2026-06-07,3,capacity_price,0.5760955848190156,0.67
2026-06-07,4,capacity_price,1.351812444546373,0.67
2026-06-07,5,capacity_price,1.5624722461966654,2.0
2026-06-07,6,capacity_price,1.9856408803170544,2.01
2026-06-07,7,capacity_price,2.292131981098562,2.01
2026-06-07,8,capacity_price,5.612335505389927,2.01
2026-06-07,9,capacity_price,5.879721754529732,0.67
2026-06-07,10,capacity_price,4.186494968796022,0.67
2026-06-07,11,capacity_price,0.8993618873414324,0.67
2026-06-07,12,capacity_price,1.3431837158479818,0.67
2026-06-07,13,capacity_price,1.0505696941109006,0.2
2026-06-07,14,capacity_price,0.8079399785097057,0.2
2026-06-07,15,capacity_price,1.607297956554262,0.23
2026-06-07,16,capacity_price,4.597018386402892,0.54
2026-06-07,17,capacity_price,61.7824425481587,2.01
2026-06-07,18,capacity_price,60.09900941883859,2.01
2026-06-07,19,capacity_price,92.7788780184173,69.58
2026-06-07,20,capacity_price,50.71631600758927,52.85
2026-06-07,21,capacity_price,29.908024909651388,20.0
2026-06-07,22,capacity_price,6.844268714502119,0.67
2026-06-07,23,capacity_price,1.8348479699848252,0.67
2026-06-08,0,capacity_price,1.287068523026186,0.67
2026-06-08,1,capacity_price,1.496171031617063,0.67
2026-06-08,2,capacity_price,1.145279749530294,0.67
2026-06-08,3,capacity_price,0.7405726991247931,0.67
2026-06-08,4,capacity_price,0.7465048688148963,2.0
2026-06-08,5,capacity_price,2.7352022810063623,2.01
2026-06-08,6,capacity_price,9.456603279760422,53.52
2026-06-08,7,capacity_price,5.151534382290066,2.01
2026-06-08,8,capacity_price,21.886734285322458,2.01
2026-06-08,9,capacity_price,6.564377049868382,6.69
2026-06-08,10,capacity_price,3.06886368078479,2.01
2026-06-08,11,capacity_price,1.655747004951011,2.01
2026-06-08,12,capacity_price,1.9916156559600875,2.01
2026-06-08,13,capacity_price,2.8943163398745027,2.01
2026-06-08,14,capacity_price,1.6728893481255667,2.01
2026-06-08,15,capacity_price,2.2198304230864885,2.01
2026-06-08,16,capacity_price,2.625329221046475,2.01
2026-06-08,17,capacity_price,24.344774155607283,2.01
2026-06-08,18,capacity_price,24.362259806789563,2.01
2026-06-08,19,capacity_price,27.744195787649737,152.14
2026-06-08,20,capacity_price,41.86168473480355,27.16
2026-06-08,21,capacity_price,15.329351457920204,27.03
2026-06-08,22,capacity_price,14.002499761213976,2.01
2026-06-08,23,capacity_price,0.7469248897838858,0.67
2026-06-09,0,capacity_price,0.7970199819980854,0.67
2026-06-09,1,capacity_price,0.5970016906396334,0.67
2026-06-09,2,capacity_price,0.5988161320907155,0.67
2026-06-09,3,capacity_price,1.1914918925922655,0.67
2026-06-09,4,capacity_price,0.6773014690617739,0.67
2026-06-09,5,capacity_price,1.701464018389241,2.01
2026-06-09,6,capacity_price,1.5328480923726642,26.76
2026-06-09,7,capacity_price,5.1531399254347034,20.0
2026-06-09,8,capacity_price,13.342749011196007,6.0
2026-06-09,9,capacity_price,14.195889012146957,6.0
2026-06-09,10,capacity_price,10.14990721182907,13.38
2026-06-09,11,capacity_price,2.4170205896518464,2.01
2026-06-09,12,capacity_price,3.0268886253630525,2.01
2026-06-09,13,capacity_price,2.363007583374373,2.01
2026-06-09,14,capacity_price,1.8118100439669829,0.67
2026-06-09,15,capacity_price,1.6761882949757076,0.67
2026-06-09,16,capacity_price,6.007556808047592,0.67
2026-06-09,17,capacity_price,45.29914416481809,2.01
2026-06-09,18,capacity_price,57.67992247268489,2.01
2026-06-09,19,capacity_price,59.71880894385775,20.0
2026-06-09,20,capacity_price,43.22419721531348,73.59
2026-06-09,21,capacity_price,41.58813304926238,55.0
2026-06-09,22,capacity_price,8.548663430472255,2.01
2026-06-09,23,capacity_price,3.537325221868004,0.67
2026-06-10,0,capacity_price,1.1730797980690881,0.67
2026-06-10,1,capacity_price,1.5239439444814014,0.67
2026-06-10,2,capacity_price,1.0783294939478327,0.67
2026-06-10,3,capacity_price,0.8061107465144624,0.67
2026-06-10,4,capacity_price,1.1406717335200092,0.67
2026-06-10,5,capacity_price,1.6261401044919257,2.01
2026-06-10,6,capacity_price,8.986112059638543,6.1
2026-06-10,7,capacity_price,6.725688076013503,2.01
2026-06-10,8,capacity_price,29.346791187918406,2.01
2026-06-10,9,capacity_price,14.650101099906859,2.01
2026-06-10,10,capacity_price,3.0618369997739556,2.01
2026-06-10,11,capacity_price,2.204023199899641,2.01
2026-06-10,12,capacity_price,1.682002796109546,2.01
2026-06-10,13,capacity_price,1.6736220843861112,2.01
2026-06-10,14,capacity_price,0.9507931387278371,2.01
2026-06-10,15,capacity_price,1.099529611896332,2.01
2026-06-10,16,capacity_price,-3.3635846089756685,2.01
2026-06-10,17,capacity_price,-3.174228412509521,2.01
2026-06-10,18,capacity_price,-9.552165323333796,2.01
2026-06-10,19,capacity_price,27.053317024920847,77.21
2026-06-10,20,capacity_price,45.96316860630466,173.93
2026-06-10,21,capacity_price,40.603773681398266,27.16
2026-06-10,22,capacity_price,5.003179531197841,2.01
2026-06-10,23,capacity_price,0.9492194653737889,0.67
2026-06-11,0,capacity_price,0.6475925554189882,0.67
2026-06-11,1,capacity_price,0.8011387715962569,0.67
2026-06-11,2,capacity_price,0.7243013443926889,0.67
2026-06-11,3,capacity_price,0.7953022741530658,0.67
2026-06-11,4,capacity_price,1.299706376963221,0.67
2026-06-11,5,capacity_price,2.103842077481913,2.0
2026-06-11,6,capacity_price,9.847016022541371,2.01
2026-06-11,7,capacity_price,-1.527212551442192,2.01
2026-06-11,8,capacity_price,8.565561444765306,2.01
2026-06-11,9,capacity_price,-3.738205967261517,5.35
2026-06-11,10,capacity_price,1.534746198306553,2.94
2026-06-11,11,capacity_price,4.2115479493411865,2.01
2026-06-11,12,capacity_price,3.131862976282034,0.67
2026-06-11,13,capacity_price,4.00677865774485,0.67
2026-06-11,14,capacity_price,5.5830700675084435,0.67
2026-06-11,15,capacity_price,5.524740106446876,0.67
2026-06-11,16,capacity_price,4.090283862340685,0.67
2026-06-11,17,capacity_price,10.211302460272549,2.01
2026-06-11,18,capacity_price,14.8152294900868,2.01
2026-06-11,19,capacity_price,72.34578699523209,69.58
2026-06-11,20,capacity_price,63.9112374826656,26.89
2026-06-11,21,capacity_price,32.76931327940477,9.4
2026-06-11,22,capacity_price,5.892767493874473,2.01
2026-06-11,23,capacity_price,1.634103054460858,0.67
2026-06-12,0,capacity_price,1.2171576948029863,0.67
2026-06-12,1,capacity_price,0.457692463766757,0.67
2026-06-12,2,capacity_price,0.5657853611006789,0.67
2026-06-12,3,capacity_price,0.7949060669652277,0.67
2026-06-12,4,capacity_price,0.6989917705507193,0.67
2026-06-12,5,capacity_price,2.3087796328483496,0.67
2026-06-12,6,capacity_price,4.917368982250091,2.27
2026-06-12,7,capacity_price,-0.5417443427475561,2.01
2026-06-12,8,capacity_price,-0.6523642766522197,2.01
2026-06-12,9,capacity_price,-0.8582572034835101,2.01
2026-06-12,10,capacity_price,2.270297658421826,2.01
2026-06-12,11,capacity_price,2.4254882200141434,2.01
2026-06-12,12,capacity_price,1.9831695130970455,2.01
2026-06-12,13,capacity_price,1.358810533135233,2.01
2026-06-12,14,capacity_price,2.646470160207636,0.67
2026-06-12,15,capacity_price,1.0854121190739914,0.74
2026-06-12,16,capacity_price,2.3108620353315983,2.01
2026-06-12,17,capacity_price,-2.1260529650771716,2.01
2026-06-12,18,capacity_price,-4.9063594353672855,11.48
2026-06-12,19,capacity_price,31.63323788890615,27.02
2026-06-12,20,capacity_price,20.904616427064383,28.32
2026-06-12,21,capacity_price,12.529625399310245,26.89
2026-06-12,22,capacity_price,1.820586868819857,2.01
2026-06-12,23,capacity_price,1.9677078926662568,0.67
2026-06-13,0,capacity_price,1.1837328217916792,2.0
2026-06-13,1,capacity_price,1.0813911027945164,0.67
2026-06-13,2,capacity_price,0.7905561744302828,0.67
2026-06-13,3,capacity_price,0.8637820069682844,0.67
2026-06-13,4,capacity_price,0.9604226185698366,0.67
2026-06-13,5,capacity_price,1.6780683521885171,2.01
2026-06-13,6,capacity_price,4.513864677365085,6.69
2026-06-13,7,capacity_price,-0.7002515886120877,2.01
2026-06-13,8,capacity_price,-12.8458158485085,0.67
2026-06-13,9,capacity_price,-2.4604214163042757,0.67
2026-06-13,10,capacity_price,2.7856200111589504,0.54
2026-06-13,11,capacity_price,2.673709305994289,0.54
2026-06-13,12,capacity_price,5.062107488808086,0.54
2026-06-13,13,capacity_price,3.4039337226519626,0.67
2026-06-13,14,capacity_price,2.4708410615960754,0.67
2026-06-13,15,capacity_price,4.098389967689437,0.67
2026-06-13,16,capacity_price,3.826846200378135,0.67
2026-06-13,17,capacity_price,23.872533895138538,0.67
2026-06-13,18,capacity_price,35.61237668430967,0.67
2026-06-13,19,capacity_price,48.379456131897655,6.0
2026-06-13,20,capacity_price,43.746901227124425,27.02
2026-06-13,21,capacity_price,17.76668539150368,26.89
2026-06-13,22,capacity_price,3.5852860558700708,2.01
2026-06-13,23,capacity_price,1.348062711537089,0.67
2026-06-14,0,capacity_price,1.3354044188179632,2.01
2026-06-14,1,capacity_price,0.7516381762079904,3.88
2026-06-14,2,capacity_price,0.6015994996164586,0.67
2026-06-14,3,capacity_price,0.6592357873868797,0.67
2026-06-14,4,capacity_price,1.0174238961968056,0.67
2026-06-14,5,capacity_price,2.351016076787664,2.01
2026-06-14,6,capacity_price,8.51334727120653,0.67
2026-06-14,7,capacity_price,3.587115446410772,0.67
2026-06-14,8,capacity_price,4.000276833375798,0.67
2026-06-14,9,capacity_price,1.0566705957034763,0.54
2026-06-14,10,capacity_price,1.137469575696573,0.67
2026-06-14,11,capacity_price,0.437418220645827,0.67
2026-06-14,12,capacity_price,1.3558607289288447,0.54
2026-06-14,13,capacity_price,1.4195210575580874,0.54
2026-06-14,14,capacity_price,1.2140596892840574,0.67
2026-06-14,15,capacity_price,0.6073868022428635,0.54
2026-06-14,16,capacity_price,-3.264083167893321,0.67
2026-06-14,17,capacity_price,-15.59419638849537,0.67
2026-06-14,18,capacity_price,-50.95471153387152,2.01
2026-06-14,19,capacity_price,7.660394960533004,6.0
2026-06-14,20,capacity_price,36.97384042470394,56.03
2026-06-14,21,capacity_price,12.120788754208867,9.3
2026-06-14,22,capacity_price,1.545685461923958,2.01
2026-06-14,23,capacity_price,0.16806965793978423,0.67
2026-06-15,0,capacity_price,1.8807522571802873,0.67
2026-06-15,1,capacity_price,0.8265098976695201,0.67
2026-06-15,2,capacity_price,0.8255422849294122,0.67
2026-06-15,3,capacity_price,1.002536003487058,0.67
2026-06-15,4,capacity_price,1.0819565860540952,2.01
2026-06-15,5,capacity_price,-7.506776398851539,2.0
2026-06-15,6,capacity_price,-1.7597286521721083,2.01
2026-06-15,7,capacity_price,0.5223002771697214,2.01
2026-06-15,8,capacity_price,10.858351027906421,2.01
2026-06-15,9,capacity_price,9.697400787455818,2.01
2026-06-15,10,capacity_price,3.2892387062367305,4.01
2026-06-15,11,capacity_price,4.375332934549132,2.01
2026-06-15,12,capacity_price,0.9523211673010235,2.01
2026-06-15,13,capacity_price,1.1596107846403714,2.94
2026-06-15,14,capacity_price,1.2434725043493753,0.83
2026-06-15,15,capacity_price,2.4094494855697874,2.01
2026-06-15,16,capacity_price,8.266249300928946,2.01
2026-06-15,17,capacity_price,23.23063375528372,2.01
2026-06-15,18,capacity_price,15.507754253976621,2.01
2026-06-15,19,capacity_price,31.91431571730955,87.34
2026-06-15,20,capacity_price,19.320239140696398,108.52
2026-06-15,21,capacity_price,26.91176927508728,33.58
2026-06-15,22,capacity_price,3.6597236949247156,0.67
2026-06-15,23,capacity_price,0.5073911105374318,0.67
2026-06-16,0,capacity_price,0.7753244968005424,0.67
2026-06-16,1,capacity_price,0.8199069046426015,0.67
2026-06-16,2,capacity_price,0.8808268704390304,0.67
2026-06-16,3,capacity_price,0.8842400017625249,0.67
2026-06-16,4,capacity_price,3.4158669619471596,0.67
2026-06-16,5,capacity_price,3.290555301487536,0.67
2026-06-16,6,capacity_price,2.6626652280931884,2.01
2026-06-16,7,capacity_price,4.421709044943037,2.01
2026-06-16,8,capacity_price,14.952177184561307,2.01
2026-06-16,9,capacity_price,5.9408085504368735,2.01
2026-06-16,10,capacity_price,2.765633106452326,2.94
2026-06-16,11,capacity_price,3.8008320223356358,4.0
2026-06-16,12,capacity_price,2.7183588371312233,6.69
2026-06-16,13,capacity_price,2.3150368437633384,2.01
2026-06-16,14,capacity_price,3.2864250633776306,2.01
2026-06-16,15,capacity_price,6.406106867901218,2.94
2026-06-16,16,capacity_price,3.2233531252560605,2.94
2026-06-16,17,capacity_price,26.861723726717198,2.01
2026-06-16,18,capacity_price,51.45420606619374,2.01
2026-06-16,19,capacity_price,84.97464708059482,132.11
2026-06-16,20,capacity_price,65.01708032356618,152.67
2026-06-16,21,capacity_price,53.28804761993553,69.58
2026-06-16,22,capacity_price,8.232311525570191,2.01
2026-06-16,23,capacity_price,2.153835803669418,0.67
2026-06-17,0,capacity_price,1.5717617211827535,0.67
2026-06-17,1,capacity_price,0.7821822430814175,0.67
2026-06-17,2,capacity_price,0.7557128747458716,0.67
2026-06-17,3,capacity_price,0.7432775522153232,0.67
2026-06-17,4,capacity_price,1.2881144827470778,0.67
2026-06-17,5,capacity_price,4.147058811724932,0.67
2026-06-17,6,capacity_price,5.94506892443991,2.01
2026-06-17,7,capacity_price,4.483983741766477,2.01
2026-06-17,8,capacity_price,-5.2824095465887595,2.01
2026-06-17,9,capacity_price,1.9933039604819216,2.01
2026-06-17,10,capacity_price,2.4580092445795554,6.0
2026-06-17,11,capacity_price,3.016354460744623,13.38
2026-06-17,12,capacity_price,2.9150348379468274,13.38
2026-06-17,13,capacity_price,2.284183530879891,14.92
2026-06-17,14,capacity_price,2.68555900852881,15.41
2026-06-17,15,capacity_price,2.3909599823232615,2.01
2026-06-17,16,capacity_price,0.2387617489930305,6.69
2026-06-17,17,capacity_price,-0.26584630981227875,2.01
2026-06-17,18,capacity_price,32.16088442005427,26.36
2026-06-17,19,capacity_price,139.5113609968945,49.77
2026-06-17,20,capacity_price,115.87966718664948,69.57
2026-06-17,21,capacity_price,46.592536606358706,33.72
2026-06-17,22,capacity_price,6.217329935583233,2.01
2026-06-17,23,capacity_price,1.7623432612517047,0.67
2026-06-18,0,capacity_price,1.8888312091658415,0.67
2026-06-18,1,capacity_price,1.2233099474260811,0.67
2026-06-18,2,capacity_price,0.7428505855852163,0.67
2026-06-18,3,capacity_price,0.5474419843345097,0.67
2026-06-18,4,capacity_price,0.6234191944604182,0.67
2026-06-18,5,capacity_price,2.2761875350829985,0.67
2026-06-18,6,capacity_price,5.046079492099018,2.0
2026-06-18,7,capacity_price,-3.2602378164181536,2.01
2026-06-18,8,capacity_price,-7.564316985521533,2.01
2026-06-18,9,capacity_price,1.0803716485067483,4.0
2026-06-18,10,capacity_price,3.811277065455057,4.01
2026-06-18,11,capacity_price,2.632142295203891,2.01
2026-06-18,12,capacity_price,5.648814455098661,4.01
2026-06-18,13,capacity_price,4.201980474399701,0.67
2026-06-18,14,capacity_price,4.572966594521155,0.67
2026-06-18,15,capacity_price,3.5984577443229817,1.2
2026-06-18,16,capacity_price,8.444816782061663,2.01
2026-06-18,17,capacity_price,9.610517078806833,2.01
2026-06-18,18,capacity_price,17.76874564789084,2.01
2026-06-18,19,capacity_price,23.269217541114966,33.58
2026-06-18,20,capacity_price,46.95368798260456,40.1
2026-06-18,21,capacity_price,20.703747015193237,33.85
2026-06-18,22,capacity_price,5.077013488524656,2.01
2026-06-18,23,capacity_price,1.6897459301680082,0.67
2026-06-19,0,capacity_price,0.7890092189692997,1.2
2026-06-19,1,capacity_price,0.753296555133624,0.67
2026-06-19,2,capacity_price,0.41294115002268783,0.67
2026-06-19,3,capacity_price,0.47328510853963524,0.67
2026-06-19,4,capacity_price,0.7621465498267799,0.67
2026-06-19,5,capacity_price,3.0643195770345457,1.2
2026-06-19,6,capacity_price,4.333029312810769,2.01
2026-06-19,7,capacity_price,-6.317002503605287,13.38
2026-06-19,8,capacity_price,-19.76683453194894,2.01
2026-06-19,9,capacity_price,-11.506387617609573,2.01
2026-06-19,10,capacity_price,-9.604399504980334,3.34
2026-06-19,11,capacity_price,-1.4968784652528222,3.34
2026-06-19,12,capacity_price,0.9501527751463188,1.2
2026-06-19,13,capacity_price,0.3821897856399075,0.67
2026-06-19,14,capacity_price,-0.02397881958736614,0.67
2026-06-19,15,capacity_price,0.3242148362389552,0.67
2026-06-19,16,capacity_price,2.171266274589001,0.67
2026-06-19,17,capacity_price,-8.006524449340446,2.01
2026-06-19,18,capacity_price,-2.344418813310803,2.01
2026-06-19,19,capacity_price,36.94679876779556,120.62
2026-06-19,20,capacity_price,54.29301542500354,120.42
2026-06-19,21,capacity_price,29.5111642192312,33.71
2026-06-19,22,capacity_price,4.858726562391554,2.01
2026-06-19,23,capacity_price,1.228110448988279,0.67
2026-06-20,0,capacity_price,1.1724869679942886,0.67
2026-06-20,1,capacity_price,0.5955108804791786,0.36
2026-06-20,2,capacity_price,0.4023518676343235,0.36
2026-06-20,3,capacity_price,0.3306666244547267,0.36
2026-06-20,4,capacity_price,0.16051078939331154,0.36
2026-06-20,5,capacity_price,-1.267614003309137,0.36
2026-06-20,6,capacity_price,-0.6701118150523149,2.01
2026-06-20,7,capacity_price,-1.2047744342867865,2.01
2026-06-20,8,capacity_price,-9.249583412771994,6.69
2026-06-20,9,capacity_price,-10.510110857334166,8.03
2026-06-20,10,capacity_price,-3.967286423506367,0.36
2026-06-20,11,capacity_price,0.10020451100045236,0.67
2026-06-20,12,capacity_price,0.4089436412269023,0.54
2026-06-20,13,capacity_price,0.09088590565722987,0.54
2026-06-20,14,capacity_price,-0.11355477398359981,0.67
2026-06-20,15,capacity_price,0.3753592920700983,0.54
2026-06-20,16,capacity_price,-3.7474712013083966,1.2
2026-06-20,17,capacity_price,-18.411845290357075,4.0
2026-06-20,18,capacity_price,-39.59237472939087,4.0
2026-06-20,19,capacity_price,22.815671448470123,13.38
2026-06-20,20,capacity_price,27.871342970641386,180.63
2026-06-20,21,capacity_price,25.981954465745225,202.61
2026-06-20,22,capacity_price,-1.182249950249905,101.56
2026-06-20,23,capacity_price,-2.7771518640947805,19.7
2026-06-21,0,capacity_price,0.8629113032890682,1.2
2026-06-21,1,capacity_price,0.7824780096214236,0.38
2026-06-21,2,capacity_price,0.8151023200507077,0.38
2026-06-21,3,capacity_price,0.7437528893271026,0.38
2026-06-21,4,capacity_price,1.1437787933346848,0.38
2026-06-21,5,capacity_price,1.233568712201209,0.38
2026-06-21,6,capacity_price,-1.4897656894263243,1.2
2026-06-21,7,capacity_price,5.922714627017912,2.01
2026-06-21,8,capacity_price,-22.37508151575033,2.01
2026-06-21,9,capacity_price,-3.8339113581449036,0.54
2026-06-21,10,capacity_price,-3.040905595872146,0.67
2026-06-21,11,capacity_price,-5.012225275014375,4.01
2026-06-21,12,capacity_price,-6.862382997893998,1.34
2026-06-21,13,capacity_price,-7.301998085878895,1.2
2026-06-21,14,capacity_price,-9.309509226195454,1.2
2026-06-21,15,capacity_price,-21.800994084617642,1.2
2026-06-21,16,capacity_price,-15.321439946135076,0.67
2026-06-21,17,capacity_price,-5.1565823047547426,2.01
2026-06-21,18,capacity_price,4.347102601606288,2.01
2026-06-21,19,capacity_price,23.518255650243805,147.18
2026-06-21,20,capacity_price,47.28386550688525,33.85
2026-06-21,21,capacity_price,6.973738732007116,127.18
2026-06-21,22,capacity_price,-2.0931727456564797,13.9
2026-06-21,23,capacity_price,1.598029877829658,0.38
2026-06-22,0,capacity_price,1.3869429718510604,0.67
2026-06-22,1,capacity_price,1.3529993214359024,0.67
2026-06-22,2,capacity_price,1.0136518042407183,0.67
2026-06-22,3,capacity_price,0.7560266450176292,0.67
2026-06-22,4,capacity_price,1.4797999801680524,2.0
2026-06-22,5,capacity_price,4.558298014261586,2.0
2026-06-22,6,capacity_price,9.499697084695221,2.01
2026-06-22,7,capacity_price,13.56310506139743,4.0
2026-06-22,8,capacity_price,13.80112565275709,4.0
2026-06-22,9,capacity_price,11.321469887652825,4.01
2026-06-22,10,capacity_price,6.003884170183815,26.76
2026-06-22,11,capacity_price,7.382132152677279,20.12
2026-06-22,12,capacity_price,11.501671743387226,8.87
2026-06-22,13,capacity_price,9.101601505128372,6.32
2026-06-22,14,capacity_price,14.876865985656446,11.9
2026-06-22,15,capacity_price,10.430383761948555,3.34
2026-06-22,16,capacity_price,9.953239263380047,2.01
2026-06-22,17,capacity_price,19.91902895744785,2.01
2026-06-22,18,capacity_price,52.3165325289302,4.0
2026-06-22,19,capacity_price,91.41740249646745,33.58
2026-06-22,20,capacity_price,101.55684506884286,69.57
2026-06-22,21,capacity_price,65.91011780653125,4.0
2026-06-22,22,capacity_price,32.12152487750018,2.01
2026-06-22,23,capacity_price,2.2616905786411667,0.67
2026-06-23,0,capacity_price,1.4001668168598633,2.01
2026-06-23,1,capacity_price,1.4315549882537595,0.67
2026-06-23,2,capacity_price,0.9533776474747665,0.67
2026-06-23,3,capacity_price,1.4773621836417703,0.67
2026-06-23,4,capacity_price,2.0626251808428404,0.67
2026-06-23,5,capacity_price,9.987782274260004,2.01
2026-06-23,6,capacity_price,9.520444346848546,10.4
2026-06-23,7,capacity_price,3.6338847775386642,10.4
2026-06-23,8,capacity_price,-5.877024467951857,35.59
2026-06-23,9,capacity_price,6.886503894146999,33.71
2026-06-23,10,capacity_price,4.995218127363511,2.01
2026-06-23,11,capacity_price,2.217802762256513,2.01
2026-06-23,12,capacity_price,5.111127456444134,2.01
2026-06-23,13,capacity_price,2.245786465372088,20.0
2026-06-23,14,capacity_price,1.632358484546066,13.38
2026-06-23,15,capacity_price,1.17543458127124,2.01
2026-06-23,16,capacity_price,2.6747691968326195,2.01
2026-06-23,17,capacity_price,14.68954499177898,2.01
2026-06-23,18,capacity_price,43.61054614329757,2.01
2026-06-23,19,capacity_price,38.01686042400981,13.38
2026-06-23,20,capacity_price,46.58533129283737,33.71
2026-06-23,21,capacity_price,38.539990237485014,2.01
2026-06-23,22,capacity_price,7.696447715175517,4.0
2026-06-23,23,capacity_price,0.014851771221221943,2.0
2026-06-24,0,capacity_price,1.2151817624823469,0.28
2026-06-24,1,capacity_price,0.7606645177521913,0.28
2026-06-24,2,capacity_price,0.701587619337809,0.28
2026-06-24,3,capacity_price,0.9746205791184708,0.28
2026-06-24,4,capacity_price,0.9088045774066116,0.28
2026-06-24,5,capacity_price,4.289426405686392,1.2
2026-06-24,6,capacity_price,10.315087490681796,2.01
2026-06-24,7,capacity_price,3.7582073260667994,4.0
2026-06-24,8,capacity_price,16.18487011041825,4.0
2026-06-24,9,capacity_price,7.024169452507485,2.01
2026-06-24,10,capacity_price,7.693587633679584,4.01
2026-06-24,11,capacity_price,2.3850858481260104,4.01
2026-06-24,12,capacity_price,2.5216750141235353,1.2
2026-06-24,13,capacity_price,2.6681680333505686,1.2
2026-06-24,14,capacity_price,2.468235741413873,1.2
2026-06-24,15,capacity_price,1.5031206784485418,1.2
2026-06-24,16,capacity_price,0.5096458541068314,2.01
2026-06-24,17,capacity_price,-2.0155875157684218,2.01
2026-06-24,18,capacity_price,-24.428545722955292,4.0
2026-06-24,19,capacity_price,4.4916118980029935,120.41
2026-06-24,20,capacity_price,41.0484054293655,321.1
2026-06-24,21,capacity_price,42.937229413760846,408.32
2026-06-24,22,capacity_price,2.3999567032120295,2.01
2026-06-24,23,capacity_price,1.2454799023779501,1.2
2026-06-25,0,capacity_price,1.431659459359896,0.67
2026-06-25,1,capacity_price,0.811013679542667,0.67
2026-06-25,2,capacity_price,0.6540827269518094,0.67
2026-06-25,3,capacity_price,0.6545983276969863,0.67
2026-06-25,4,capacity_price,-0.03915017542743704,2.01
2026-06-25,5,capacity_price,1.8034529686062941,2.01
2026-06-25,6,capacity_price,5.272826128478675,2.01
2026-06-25,7,capacity_price,4.6022359246462266,2.01
2026-06-25,8,capacity_price,17.285834942494603,2.01
2026-06-25,9,capacity_price,-3.938276182786188,2.01
2026-06-25,10,capacity_price,2.094785072065194,6.0
2026-06-25,11,capacity_price,1.492862860378531,4.01
2026-06-25,12,capacity_price,1.3656446848213661,2.01
2026-06-25,13,capacity_price,0.8588514323304616,4.01
2026-06-25,14,capacity_price,1.3886297803138363,4.01
2026-06-25,15,capacity_price,-0.3775808413307078,4.01
2026-06-25,16,capacity_price,3.5447506233252555,2.01
2026-06-25,17,capacity_price,7.648297166121819,2.01
2026-06-25,18,capacity_price,37.322658063581436,2.01
2026-06-25,19,capacity_price,175.81695550213578,29.56
2026-06-25,20,capacity_price,103.97008931215444,120.4
2026-06-25,21,capacity_price,50.45007902124946,26.89
2026-06-25,22,capacity_price,3.6635630658702447,1.2
2026-06-25,23,capacity_price,1.7344318592764925,0.67
2026-06-26,0,capacity_price,2.880253536216437,0.38
2026-06-26,1,capacity_price,0.7252851487640184,0.38
2026-06-26,2,capacity_price,0.8608536650181322,1.2
2026-06-26,3,capacity_price,1.224531036305446,1.2
2026-06-26,4,capacity_price,1.8955743840310086,0.38
2026-06-26,5,capacity_price,3.2027674076370976,2.0
2026-06-26,6,capacity_price,6.664716562471358,2.01
2026-06-26,7,capacity_price,2.63891690118409,4.0
2026-06-26,8,capacity_price,-2.6092578492729306,4.0
2026-06-26,9,capacity_price,5.480210058383713,2.01
2026-06-26,10,capacity_price,3.8338094046091156,4.01
2026-06-26,11,capacity_price,2.4339399622886067,4.01
2026-06-26,12,capacity_price,2.6016321558856284,4.01
2026-06-26,13,capacity_price,1.9434050141456782,6.0
2026-06-26,14,capacity_price,2.5213473605333303,0.38
2026-06-26,15,capacity_price,2.296096362430628,0.38
2026-06-26,16,capacity_price,3.949842387087195,0.38
2026-06-26,17,capacity_price,12.039140605740904,4.0
2026-06-26,18,capacity_price,34.40161858615788,4.0
2026-06-26,19,capacity_price,106.25721293601241,202.46
2026-06-26,20,capacity_price,50.610388026725474,445.2
2026-06-26,21,capacity_price,49.6554649648556,409.68
2026-06-26,22,capacity_price,10.913652376488328,2.01
2026-06-26,23,capacity_price,1.9130537549870867,0.38
2026-06-27,0,capacity_price,0.19997418905795117,0.4
2026-06-27,1,capacity_price,0.643491197424703,0.4
2026-06-27,2,capacity_price,0.6179866665970034,0.4
2026-06-27,3,capacity_price,0.22612109465430363,0.4
2026-06-27,4,capacity_price,1.3652026948472278,0.4
2026-06-27,5,capacity_price,1.9669848102581104,2.0
2026-06-27,6,capacity_price,3.3655268089618184,2.01
2026-06-27,7,capacity_price,-1.362955064623769,2.01
2026-06-27,8,capacity_price,-6.049267148246402,1.2
2026-06-27,9,capacity_price,-3.908058281825144,4.28
2026-06-27,10,capacity_price,0.4248836697100997,6.0
2026-06-27,11,capacity_price,2.6266769078414978,0.4
2026-06-27,12,capacity_price,3.302945689027463,1.2
2026-06-27,13,capacity_price,1.5690648563974348,1.2
2026-06-27,14,capacity_price,2.146623882523709,0.4
2026-06-27,15,capacity_price,0.19504025721365004,2.94
2026-06-27,16,capacity_price,-5.505971789334433,2.01
2026-06-27,17,capacity_price,-18.172692776004485,1.2
2026-06-27,18,capacity_price,-0.51751829173255,2.01
2026-06-27,19,capacity_price,108.49313797304009,2.01
2026-06-27,20,capacity_price,82.47945587434596,133.79
2026-06-27,21,capacity_price,97.733999194209,178.23
2026-06-27,22,capacity_price,7.538601765983912,2.01
2026-06-27,23,capacity_price,1.7478418206420634,1.2
2026-06-28,0,capacity_price,0.8255651197404217,0.21
2026-06-28,1,capacity_price,0.9666216313188158,0.21
2026-06-28,2,capacity_price,0.8312367470322232,0.21
2026-06-28,3,capacity_price,0.7017232966284418,0.21
2026-06-28,4,capacity_price,1.0709768704057252,0.67
2026-06-28,5,capacity_price,1.2845058014248034,1.2
2026-06-28,6,capacity_price,-0.34896034611796845,2.01
2026-06-28,7,capacity_price,4.376446072818888,2.01
2026-06-28,8,capacity_price,2.8202079478449393,1.2
2026-06-28,9,capacity_price,-0.9228592323248179,2.94
2026-06-28,10,capacity_price,-2.825581908126213,0.67
2026-06-28,11,capacity_price,-4.58241386193497,0.21
2026-06-28,12,capacity_price,0.5942912732267572,0.21
2026-06-28,13,capacity_price,0.3107034092362047,0.21
2026-06-28,14,capacity_price,-3.170779365636701,0.21
2026-06-28,15,capacity_price,-2.9186507848921703,0.21
2026-06-28,16,capacity_price,-0.49391250424276034,0.54
2026-06-28,17,capacity_price,3.2514101243421454,1.2
2026-06-28,18,capacity_price,-4.3003559487113705,2.01
2026-06-28,19,capacity_price,26.317392007702757,4.0
2026-06-28,20,capacity_price,153.44689499542642,2.01
2026-06-28,21,capacity_price,113.45231249545475,139.26
2026-06-28,22,capacity_price,3.9790463652396397,130.21
2026-06-28,23,capacity_price,0.6041706041039271,2.01
2026-06-29,0,capacity_price,-0.31762280550100064,0.28
2026-06-29,1,capacity_price,0.19069053514620576,0.28
2026-06-29,2,capacity_price,0.27037264404582306,0.28
2026-06-29,3,capacity_price,0.23779703921692041,0.28
2026-06-29,4,capacity_price,1.2770118083297815,2.0
2026-06-29,5,capacity_price,2.0175880715132015,2.01
2026-06-29,6,capacity_price,-0.08539460538228871,2.01
2026-06-29,7,capacity_price,6.169221286046867,4.0
2026-06-29,8,capacity_price,30.806027628636123,2.01
2026-06-29,9,capacity_price,7.74902471369994,1.2
2026-06-29,10,capacity_price,3.849572776502603,2.01
2026-06-29,11,capacity_price,1.4480397032316648,0.67
2026-06-29,12,capacity_price,1.1997555647837377,0.54
2026-06-29,13,capacity_price,1.6912512831596205,0.67
2026-06-29,14,capacity_price,0.538459664257525,0.54
2026-06-29,15,capacity_price,0.8613870546781535,1.2
2026-06-29,16,capacity_price,-7.8326408656945254,2.01
2026-06-29,17,capacity_price,-6.0065573414773485,13.38
2026-06-29,18,capacity_price,4.62571021005267,4.0
2026-06-29,19,capacity_price,19.097840908378565,2.01
2026-06-29,20,capacity_price,68.81331811290126,20.0
2026-06-29,21,capacity_price,45.96602372705035,274.68
2026-06-29,22,capacity_price,4.140508688675442,187.49
2026-06-29,23,capacity_price,1.1996480274386592,0.28
2026-06-30,0,capacity_price,0.7014228878678803,0.47
2026-06-30,1,capacity_price,0.5897379889445378,0.47
2026-06-30,2,capacity_price,0.34307759902609103,1.2
2026-06-30,3,capacity_price,0.6254452597214917,0.47
2026-06-30,4,capacity_price,5.4632916208018525,2.01
2026-06-30,5,capacity_price,5.3350379105665855,2.01
2026-06-30,6,capacity_price,1.919992372068754,2.01
2026-06-30,7,capacity_price,7.551203196776196,2.01
2026-06-30,8,capacity_price,15.070268712983964,2.01
2026-06-30,9,capacity_price,8.349922479511784,1.2
2026-06-30,10,capacity_price,2.0564484697579077,1.2
2026-06-30,11,capacity_price,-0.1544288893122614,0.54
2026-06-30,12,capacity_price,-0.8489125021127684,0.67
2026-06-30,13,capacity_price,0.5041072176903468,0.47
2026-06-30,14,capacity_price,0.593185140752538,0.47
2026-06-30,15,capacity_price,-1.3910836753579499,0.67
2026-06-30,16,capacity_price,2.9283768692435057,0.54
2026-06-30,17,capacity_price,12.294354629051824,2.01
2026-06-30,18,capacity_price,-1.858701405271578,2.01
2026-06-30,19,capacity_price,-17.917132662091007,20.0
2026-06-30,20,capacity_price,-86.10609979457024,44.28
2026-06-30,21,capacity_price,-0.902406093577909,295.57
2026-06-30,22,capacity_price,13.542906286817626,195.58
2026-06-30,23,capacity_price,1.4185245016561083,0.47
2026-07-01,0,capacity_price,1.2732756175058568,0.28
2026-07-01,1,capacity_price,0.5342719116319936,0.28
2026-07-01,2,capacity_price,0.6302693123164741,0.28
2026-07-01,3,capacity_price,1.6867818474307041,0.28
2026-07-01,4,capacity_price,6.034576234060462,0.28
2026-07-01,5,capacity_price,5.235775230452101,2.01
2026-07-01,6,capacity_price,-2.19313632562047,2.01
2026-07-01,7,capacity_price,6.1158004451105175,4.0
2026-07-01,8,capacity_price,35.86771901107969,4.0
2026-07-01,9,capacity_price,11.050362023728756,2.01
2026-07-01,10,capacity_price,-0.1860617879108708,2.01
2026-07-01,11,capacity_price,2.298966629357557,2.01
2026-07-01,12,capacity_price,0.730787211391444,0.54
2026-07-01,13,capacity_price,2.0666740317800136,0.67
2026-07-01,14,capacity_price,2.5300820955274697,0.67
2026-07-01,15,capacity_price,1.0052829861843673,0.67
2026-07-01,16,capacity_price,-2.464884410673821,0.54
2026-07-01,17,capacity_price,6.143788807420148,4.0
2026-07-01,18,capacity_price,12.719833673215184,2.01
2026-07-01,19,capacity_price,-12.934780810108272,20.0
2026-07-01,20,capacity_price,56.969785848800356,44.28
2026-07-01,21,capacity_price,34.412146016767466,240.83
2026-07-01,22,capacity_price,15.502027547640509,172.26
2026-07-01,23,capacity_price,0.9214546370128116,1.2
2026-07-02,0,capacity_price,-1.3318064255289206,0.33
2026-07-02,1,capacity_price,-0.011053603858504735,0.33
2026-07-02,2,capacity_price,0.2244209056220205,1.2
2026-07-02,3,capacity_price,-0.47143985276295497,1.2
2026-07-02,4,capacity_price,0.37707695394826324,0.33
2026-07-02,5,capacity_price,-0.8638822526597929,2.0
2026-07-02,6,capacity_price,0.40739800171524343,2.01
2026-07-02,7,capacity_price,0.7310882693893537,13.25
2026-07-02,8,capacity_price,2.7563413844911135,2.01
2026-07-02,9,capacity_price,1.661118517673334,1.2
2026-07-02,10,capacity_price,-0.24248627158548386,1.2
2026-07-02,11,capacity_price,1.5419913461041683,0.54
2026-07-02,12,capacity_price,0.7609724323794551,0.33
2026-07-02,13,capacity_price,0.5749100890176361,0.33
2026-07-02,14,capacity_price,1.0720481821970402,0.33
2026-07-02,15,capacity_price,0.151407610518433,0.33
2026-07-02,16,capacity_price,0.5545180466475452,0.35
2026-07-02,17,capacity_price,8.643065567325838,2.01
2026-07-02,18,capacity_price,14.222112536569753,2.01
2026-07-02,19,capacity_price,-19.24109522573422,2.01
2026-07-02,20,capacity_price,6.456720196970156,2.01
2026-07-02,21,capacity_price,53.28116456565405,2.01
2026-07-02,22,capacity_price,26.587130084718396,1.2
2026-07-02,23,capacity_price,0.6172981057725685,14.85
2026-07-03,0,capacity_price,3.2885207332519784,2.44
2026-07-03,1,capacity_price,0.5312345688867053,1.2
2026-07-03,2,capacity_price,1.0224150930948575,1.07
2026-07-03,3,capacity_price,1.291442264271668,1.2
2026-07-03,4,capacity_price,-0.027842796644273027,2.0
2026-07-03,5,capacity_price,-1.966939317949027,2.44
2026-07-03,6,capacity_price,0.7517394946401637,2.44
2026-07-03,7,capacity_price,-0.33256913506483077,2.44
2026-07-03,8,capacity_price,-22.273472133209054,9.1
2026-07-03,9,capacity_price,-20.19651714885523,2.44
2026-07-03,10,capacity_price,-32.927577148767156,4.0
2026-07-03,11,capacity_price,-1.5648532436472102,2.68
2026-07-03,12,capacity_price,-1.3133384145221425,0.54
2026-07-03,13,capacity_price,1.3516709611658144,0.67
2026-07-03,14,capacity_price,1.4939160344673903,0.35
2026-07-03,15,capacity_price,-0.22760214884222707,0.54
2026-07-03,16,capacity_price,-1.1670448543619911,0.67
2026-07-03,17,capacity_price,-37.2584110761897,2.44
2026-07-03,18,capacity_price,-15.524872273081101,27.89
2026-07-03,19,capacity_price,-93.2802392577932,2.44
2026-07-03,20,capacity_price,69.2770275009469,2.44
2026-07-03,21,capacity_price,17.98884702760908,2.44
2026-07-03,22,capacity_price,3.468336728921198,61.0
2026-07-03,23,capacity_price,4.30929667960123,40.27
2026-07-04,0,capacity_price,1.601844167724013,2.0
2026-07-04,1,capacity_price,0.9581350961939865,2.0
2026-07-04,2,capacity_price,1.1451855856199895,1.2
2026-07-04,3,capacity_price,1.1904619273176724,1.2
2026-07-04,4,capacity_price,0.8308696867165704,2.01
2026-07-04,5,capacity_price,1.7783484691655174,2.19
2026-07-04,6,capacity_price,1.3312512641631904,2.19
2026-07-04,7,capacity_price,4.929886352520636,2.19
2026-07-04,8,capacity_price,1.6111062061696906,2.19
2026-07-04,9,capacity_price,1.3251005933753306,2.19
2026-07-04,10,capacity_price,-2.669026815744468,4.39
2026-07-04,11,capacity_price,-1.3995089634302151,1.2
2026-07-04,12,capacity_price,-14.528234681569105,0.44
2026-07-04,13,capacity_price,-0.4647904360000813,0.2
2026-07-04,14,capacity_price,-0.4848234163303259,0.2
2026-07-04,15,capacity_price,0.03481192949479417,1.2
2026-07-04,16,capacity_price,0.3977221266531987,1.2
2026-07-04,17,capacity_price,7.836979157534152,8.81
2026-07-04,18,capacity_price,5.750837995170693,2.19
2026-07-04,19,capacity_price,-55.080704276621184,2.19
2026-07-04,20,capacity_price,-17.845362342817822,2.19
2026-07-04,21,capacity_price,24.895356489511766,2.19
2026-07-04,22,capacity_price,14.284233939518654,72.88
2026-07-04,23,capacity_price,1.8474439770247177,47.23
2026-07-05,0,capacity_price,4.249266243292166,2.36
2026-07-05,1,capacity_price,3.9484076717151573,2.01
2026-07-05,2,capacity_price,2.0576285989777316,2.01
2026-07-05,3,capacity_price,1.5032522724358828,2.36
2026-07-05,4,capacity_price,3.9855618714210808,2.36
2026-07-05,5,capacity_price,1.8725033171055228,2.36
2026-07-05,6,capacity_price,1.5971976319004915,2.36
2026-07-05,7,capacity_price,0.8942088052795838,2.36
2026-07-05,8,capacity_price,-8.143290198900468,2.36
2026-07-05,9,capacity_price,10.61449899114009,2.36
2026-07-05,10,capacity_price,1.1198165110396265,2.36
2026-07-05,11,capacity_price,-0.6274209677867608,2.76
2026-07-05,12,capacity_price,-2.3603341400009805,1.34
2026-07-05,13,capacity_price,-1.1037772000290342,1.34
2026-07-05,14,capacity_price,-0.24354208513697773,1.34
2026-07-05,15,capacity_price,0.5274436537276644,1.34
2026-07-05,16,capacity_price,-0.2002126910564499,2.01
2026-07-05,17,capacity_price,2.2447600245258066,2.36
2026-07-05,18,capacity_price,13.377298095674705,5.89
2026-07-05,19,capacity_price,1.4742888767490925,2.36
2026-07-05,20,capacity_price,10.254966260859874,2.36
2026-07-05,21,capacity_price,41.048426259299156,2.36
2026-07-05,22,capacity_price,59.544205024069186,48.17
2026-07-05,23,capacity_price,0.9112614678843882,20.0
2026-07-06,0,capacity_price,2.324983861856457,2.45
2026-07-06,1,capacity_price,1.0389909780329525,2.01
2026-07-06,2,capacity_price,1.8379818192035633,2.0
2026-07-06,3,capacity_price,2.450964417651102,2.01
2026-07-06,4,capacity_price,2.735804691916079,2.01
2026-07-06,5,capacity_price,2.7000235262468495,2.45
2026-07-06,6,capacity_price,10.680935266688904,2.45
2026-07-06,7,capacity_price,13.506893968804642,4.0
2026-07-06,8,capacity_price,18.33534095979128,2.45
2026-07-06,9,capacity_price,27.8724060584533,2.45
2026-07-06,10,capacity_price,5.626142873309072,2.45
2026-07-06,11,capacity_price,3.2319204963165618,2.94
2026-07-06,12,capacity_price,0.9330047777649235,2.45
2026-07-06,13,capacity_price,1.1120912272999277,2.94
2026-07-06,14,capacity_price,3.1857458383811643,2.45
2026-07-06,15,capacity_price,7.031461582643976,13.43
2026-07-06,16,capacity_price,2.489264865836695,2.01
2026-07-06,17,capacity_price,20.306552868020162,2.45
2026-07-06,18,capacity_price,42.101002585814506,2.45
2026-07-06,19,capacity_price,26.42276990172184,2.45
2026-07-06,20,capacity_price,56.9266288952515,2.45
2026-07-06,21,capacity_price,23.060326893886387,2.45
2026-07-06,22,capacity_price,23.883633657625687,2.45
2026-07-06,23,capacity_price,14.999722813741956,2.45
2026-07-07,0,capacity_price,3.388386053062023,2.21
2026-07-07,1,capacity_price,1.760441061228097,4.42
2026-07-07,2,capacity_price,1.5989797868900544,1.2
2026-07-07,3,capacity_price,1.2882546539162494,2.21
2026-07-07,4,capacity_price,1.9764750670697362,2.21
2026-07-07,5,capacity_price,2.655916581618376,2.21
2026-07-07,6,capacity_price,13.313451467154099,2.21
2026-07-07,7,capacity_price,15.550809513390774,2.21
2026-07-07,8,capacity_price,12.982104700015453,2.21
2026-07-07,9,capacity_price,4.960080642615425,2.21
2026-07-07,10,capacity_price,4.32766075850836,2.21
2026-07-07,11,capacity_price,4.99859063432265,2.21
2026-07-07,12,capacity_price,2.6234829487183937,2.01
2026-07-07,13,capacity_price,3.4227094211153064,2.01
2026-07-07,14,capacity_price,3.2193001539160546,0.67
2026-07-07,15,capacity_price,6.2767997907655255,0.67
2026-07-07,16,capacity_price,1.7682962771170807,2.01
2026-07-07,17,capacity_price,6.7255016486930135,2.21
2026-07-07,18,capacity_price,21.5473469658255,2.21
2026-07-07,19,capacity_price,-2.0345176428721885,2.21
2026-07-07,20,capacity_price,11.060982763362738,2.94
2026-07-07,21,capacity_price,1.4723146707109454,4.42
2026-07-07,22,capacity_price,4.741566336703693,2.21
2026-07-07,23,capacity_price,1.949088919412001,0.54
2026-07-08,0,capacity_price,1.6054650156234735,1.2
2026-07-08,1,capacity_price,1.1532103499441695,2.0
2026-07-08,2,capacity_price,0.7942681804671233,1.2
2026-07-08,3,capacity_price,0.9185024118856029,13.38
2026-07-08,4,capacity_price,1.7136657798527293,2.26
2026-07-08,5,capacity_price,1.898603735611517,2.26
2026-07-08,6,capacity_price,2.0605312767362003,2.26
2026-07-08,7,capacity_price,3.5560496206677508,2.26
2026-07-08,8,capacity_price,8.737755070156082,2.26
2026-07-08,9,capacity_price,5.898807706713393,2.26
2026-07-08,10,capacity_price,2.778594083931172,2.26
2026-07-08,11,capacity_price,1.469437735197078,4.0
2026-07-08,12,capacity_price,2.1242290487330493,2.01
2026-07-08,13,capacity_price,1.9128599242406557,0.67
2026-07-08,14,capacity_price,1.326455950746682,0.67
2026-07-08,15,capacity_price,2.1540936796494075,1.2
2026-07-08,16,capacity_price,-0.39956115621846333,2.26
2026-07-08,17,capacity_price,6.523869551171613,2.94
2026-07-08,18,capacity_price,19.21738177519362,2.26
2026-07-08,19,capacity_price,9.414717758860228,2.26
2026-07-08,20,capacity_price,14.65330038689239,2.26
2026-07-08,21,capacity_price,17.244912926423805,2.26
2026-07-08,22,capacity_price,-0.8360397965046373,18.6
2026-07-08,23,capacity_price,0.9625669365847338,11.37
2026-07-09,0,capacity_price,4.345152607193705,2.29
2026-07-09,1,capacity_price,1.8613566301587778,1.2
2026-07-09,2,capacity_price,1.3012348390154451,1.2
2026-07-09,3,capacity_price,1.961411330204938,2.01
2026-07-09,4,capacity_price,1.2932574057510593,2.29
2026-07-09,5,capacity_price,2.2319216128551975,2.29
2026-07-09,6,capacity_price,0.988117504285573,2.29
2026-07-09,7,capacity_price,-8.180935384173717,2.29
2026-07-09,8,capacity_price,-59.54075721436418,2.29
2026-07-09,9,capacity_price,-67.69824151035849,2.29
2026-07-09,10,capacity_price,-9.038740016746603,4.0
2026-07-09,11,capacity_price,0.3885721512577135,20.0
2026-07-09,12,capacity_price,-1.5619204154364346,2.29
2026-07-09,13,capacity_price,-0.2667842381659813,4.77
2026-07-09,14,capacity_price,-0.9221285872591293,2.01
2026-07-09,15,capacity_price,-1.3453334933853884,8.68
2026-07-09,16,capacity_price,-6.692071561131609,5.89
2026-07-09,17,capacity_price,-10.556203752843782,2.29
2026-07-09,18,capacity_price,-3.0863229364759306,2.29
2026-07-09,19,capacity_price,2.9796824229273575,2.29
2026-07-09,20,capacity_price,-6.273106827421742,2.29
2026-07-09,21,capacity_price,-5.200083831958748,2.29
2026-07-09,22,capacity_price,8.058848215373594,13.38
2026-07-09,23,capacity_price,2.5543145008490686,2.01
2026-07-10,0,capacity_price,1.988396081881063,2.01
2026-07-10,1,capacity_price,1.2246454944072478,0.67
2026-07-10,2,capacity_price,2.012777318216249,0.54
2026-07-10,3,capacity_price,2.390327769880957,0.67
2026-07-10,4,capacity_price,1.7819637708431104,2.02
2026-07-10,5,capacity_price,2.6680242159035106,2.18
2026-07-10,6,capacity_price,2.165896200214802,2.13
2026-07-10,7,capacity_price,-3.36043268751604,2.02
2026-07-10,8,capacity_price,3.139343569167034,2.13
2026-07-10,9,capacity_price,-0.7390271125385897,2.18
2026-07-10,10,capacity_price,3.97416180403279,4.0
2026-07-10,11,capacity_price,8.525217734013046,11.37
2026-07-10,12,capacity_price,2.4592063078510034,2.02
2026-07-10,13,capacity_price,1.1139575735840603,2.02
2026-07-10,14,capacity_price,0.5857403590898344,9.2
2026-07-10,15,capacity_price,1.320213468324642,2.02
2026-07-10,16,capacity_price,2.2636133403250853,2.02
2026-07-10,17,capacity_price,2.8953549005181953,2.18
2026-07-10,18,capacity_price,11.162542175920688,2.02
2026-07-10,19,capacity_price,26.23958349587864,2.13
2026-07-10,20,capacity_price,-0.773411728686078,2.02
2026-07-10,21,capacity_price,16.931644737371176,2.02
2026-07-10,22,capacity_price,6.034941308879331,16.4
2026-07-10,23,capacity_price,0.5582695638929986,6.69
2026-07-11,0,capacity_price,1.4920586204864896,2.19
2026-07-11,1,capacity_price,0.8568024032004364,2.19
2026-07-11,2,capacity_price,0.5800196434923174,2.19
2026-07-11,3,capacity_price,0.9058545333629919,2.19
2026-07-11,4,capacity_price,1.148253476554476,2.19
2026-07-11,5,capacity_price,1.6697312870525545,2.19
2026-07-11,6,capacity_price,2.1040476894124787,2.19
2026-07-11,7,capacity_price,0.1418544498686174,2.19
2026-07-11,8,capacity_price,6.619659940757754,2.19
2026-07-11,9,capacity_price,1.4815459793637298,2.29
2026-07-11,10,capacity_price,1.680138877507229,2.68
2026-07-11,11,capacity_price,0.03333340132108087,2.68
2026-07-11,12,capacity_price,1.1155410392248704,2.01
2026-07-11,13,capacity_price,1.1289542166386048,2.01
2026-07-11,14,capacity_price,0.7885347082761305,2.01
2026-07-11,15,capacity_price,1.1128331545893348,2.29
2026-07-11,16,capacity_price,0.031204602449358854,2.19
2026-07-11,17,capacity_price,6.63354065104269,2.38
2026-07-11,18,capacity_price,9.845656210746556,2.29
2026-07-11,19,capacity_price,1.550603758388391,2.38
2026-07-11,20,capacity_price,-60.68952754447099,2.19
2026-07-11,21,capacity_price,-50.788887068164094,2.19
2026-07-11,22,capacity_price,-0.12890889744408351,84.02
2026-07-11,23,capacity_price,3.2352535000863654,12.6
2026-07-12,0,capacity_price,3.2055369558889772,2.26
2026-07-12,1,capacity_price,1.1514743805114653,2.26
2026-07-12,2,capacity_price,1.4562578722772137,2.26
2026-07-12,3,capacity_price,2.314501805782302,2.26
2026-07-12,4,capacity_price,1.5235656807046891,2.26
2026-07-12,5,capacity_price,1.6581321988811708,2.26
2026-07-12,6,capacity_price,5.204731066622025,2.26
2026-07-12,7,capacity_price,1.190012643809502,2.28
2026-07-12,8,capacity_price,2.2414017483427413,2.26
2026-07-12,9,capacity_price,1.3244963930696727,2.26
2026-07-12,10,capacity_price,3.026255430346561,2.28
2026-07-12,11,capacity_price,3.1185727606043425,1.2
2026-07-12,12,capacity_price,0.9712316747292012,0.67
2026-07-12,13,capacity_price,0.5486138791632683,0.2
2026-07-12,14,capacity_price,1.1548644020302148,0.2
2026-07-12,15,capacity_price,-0.7930565397150438,0.2
2026-07-12,16,capacity_price,2.0075852543939714,1.46
2026-07-12,17,capacity_price,0.8511950495317331,2.26
2026-07-12,18,capacity_price,3.5854682455029323,2.28
2026-07-12,19,capacity_price,49.93979229931681,2.26
2026-07-12,20,capacity_price,31.515782425729114,2.26
2026-07-12,21,capacity_price,23.74868638034505,2.26
2026-07-12,22,capacity_price,7.1754606383243065,70.63
2026-07-12,23,capacity_price,4.260840134911285,12.1
2026-07-13,0,capacity_price,1.4959307968973814,2.43
2026-07-13,1,capacity_price,1.108526967897708,2.01
2026-07-13,2,capacity_price,1.3799506190403097,2.01
2026-07-13,3,capacity_price,1.5913997224534469,2.45
2026-07-13,4,capacity_price,2.0556348726451046,2.43
2026-07-13,5,capacity_price,1.8966667721603436,2.43
2026-07-13,6,capacity_price,2.48349731165251,2.45
2026-07-13,7,capacity_price,4.442512041232384,2.43
2026-07-13,8,capacity_price,4.5838687486286105,2.43
2026-07-13,9,capacity_price,4.3550758755829495,2.43
2026-07-13,10,capacity_price,2.0230600676020156,2.45
2026-07-13,11,capacity_price,2.865372524210737,2.45
2026-07-13,12,capacity_price,0.9257950683710349,2.43
2026-07-13,13,capacity_price,1.5652335293051625,13.38
2026-07-13,14,capacity_price,1.4870654176429463,2.43
2026-07-13,15,capacity_price,1.096487318759871,2.43
2026-07-13,16,capacity_price,0.7036491921164199,2.43
2026-07-13,17,capacity_price,7.148864080351384,2.45
2026-07-13,18,capacity_price,2.519171154718178,2.43
2026-07-13,19,capacity_price,45.27912375446265,11.64
2026-07-13,20,capacity_price,47.67603461832817,2.43
2026-07-13,21,capacity_price,5.617327710433911,2.45
2026-07-13,22,capacity_price,6.297081466342949,85.22
2026-07-13,23,capacity_price,2.940915137874315,2.45
2026-07-14,0,capacity_price,2.0049594716597188,2.48
2026-07-14,1,capacity_price,1.2723552244371872,2.08
2026-07-14,2,capacity_price,1.3772136709231289,2.16
2026-07-14,3,capacity_price,2.062643080209874,2.48
2026-07-14,4,capacity_price,1.923070708909394,2.48
2026-07-14,5,capacity_price,1.6927309964499424,2.48
2026-07-14,6,capacity_price,0.9008811785639053,2.48
2026-07-14,7,capacity_price,4.416445981686092,2.48
2026-07-14,8,capacity_price,-1.8132475485523054,2.48
2026-07-14,9,capacity_price,1.1761248357022105,2.48
2026-07-14,10,capacity_price,1.9012188780336703,2.48
2026-07-14,11,capacity_price,4.583259725103911,2.48
2026-07-14,12,capacity_price,2.676246794226083,2.48
2026-07-14,13,capacity_price,2.0748425060294036,12.1
2026-07-14,14,capacity_price,1.8546048718522075,11.35
2026-07-14,15,capacity_price,1.130603885630132,11.37
2026-07-14,16,capacity_price,0.8412818476736563,5.89
2026-07-14,17,capacity_price,4.020881122223789,2.48
2026-07-14,18,capacity_price,3.701899714481864,2.48
2026-07-14,19,capacity_price,-2.6927384252738378,2.48
2026-07-14,20,capacity_price,22.42879315516472,2.48
2026-07-14,21,capacity_price,14.054614318935078,2.48
2026-07-14,22,capacity_price,14.899701760510357,17.4
2026-07-14,23,capacity_price,1.845828537718629,2.01
2026-07-15,0,capacity_price,1.7018806695675086,2.41
2026-07-15,1,capacity_price,2.1317673870060836,2.05
2026-07-15,2,capacity_price,1.5430433814859716,2.18
2026-07-15,3,capacity_price,1.7022664582197984,2.41
2026-07-15,4,capacity_price,2.6437279809906604,2.41
2026-07-15,5,capacity_price,2.9342574167426116,2.18
2026-07-15,6,capacity_price,1.2846698696291396,2.18
2026-07-15,7,capacity_price,2.6455390093704123,2.41
2026-07-15,8,capacity_price,5.947055614931185,2.18
2026-07-15,9,capacity_price,1.5772092432963718,2.18
2026-07-15,10,capacity_price,1.7879183573632673,13.38
2026-07-15,11,capacity_price,4.898893207437681,6.69
2026-07-15,12,capacity_price,3.9971657647219443,2.18
2026-07-15,13,capacity_price,18.791050380765345,2.18
2026-07-15,14,capacity_price,6.66208981546057,6.69
2026-07-15,15,capacity_price,6.5785579743911775,2.41
2026-07-15,16,capacity_price,5.392286459089638,2.18
2026-07-15,17,capacity_price,4.417415615914573,2.18
2026-07-15,18,capacity_price,2.346335926129049,2.41
2026-07-15,19,capacity_price,-29.36944819920873,2.41
2026-07-15,20,capacity_price,-68.32685443460265,2.41
2026-07-15,21,capacity_price,-64.57486015329981,2.18
2026-07-15,22,capacity_price,14.324191376332966,30.2
2026-07-15,23,capacity_price,2.1103596764372217,20.0
2026-07-16,0,capacity_price,1.9983320175622268,11.37
2026-07-16,1,capacity_price,1.4876747493770743,2.45
2026-07-16,2,capacity_price,1.6742321610982267,2.04
2026-07-16,3,capacity_price,2.359162672398112,13.38
2026-07-16,4,capacity_price,1.2303003913006538,74.24
2026-07-16,5,capacity_price,1.4205635299992347,79.33
2026-07-16,6,capacity_price,0.45616651490571813,106.62
2026-07-16,7,capacity_price,2.9855371287094523,102.07
2026-07-16,8,capacity_price,3.534673477976731,13.38
2026-07-16,9,capacity_price,2.144566068015223,11.64
2026-07-16,10,capacity_price,3.8817844785701583,20.0
2026-07-16,11,capacity_price,1.8052897611141085,7.0
2026-07-16,12,capacity_price,2.2243184793072794,2.37
2026-07-16,13,capacity_price,1.1630189874815569,19.73
2026-07-16,14,capacity_price,1.1311973154209833,2.68
2026-07-16,15,capacity_price,0.7258022108940199,2.37
2026-07-16,16,capacity_price,2.1138110391767118,2.37
2026-07-16,17,capacity_price,2.5135246793536026,2.37
2026-07-16,18,capacity_price,1.5520244202562754,2.37
2026-07-16,19,capacity_price,-9.936176396181512,13.38
2026-07-16,20,capacity_price,-24.386721430509223,2.46
2026-07-16,21,capacity_price,0.039636719688846966,224.47
2026-07-16,22,capacity_price,37.122713143264534,2.46
2026-07-16,23,capacity_price,20.703228747797827,2.37
2026-07-17,0,capacity_price,2.021214520243243,2.14
2026-07-17,1,capacity_price,0.9339133659554322,2.46
2026-07-17,2,capacity_price,0.8440111179840526,2.14
2026-07-17,3,capacity_price,1.132082081758463,2.01
2026-07-17,4,capacity_price,4.303093995530401,2.46
2026-07-17,5,capacity_price,5.226325149465541,2.46
2026-07-17,6,capacity_price,3.3228897358669327,2.14
2026-07-17,7,capacity_price,7.141539069864537,4.0
2026-07-17,8,capacity_price,6.821687923237422,4.0
2026-07-17,9,capacity_price,6.046162867454417,2.14
2026-07-17,10,capacity_price,2.6247975420597838,2.14
2026-07-17,11,capacity_price,-2.7919408418297795,2.14
2026-07-17,12,capacity_price,-0.7569442035512695,2.14
2026-07-17,13,capacity_price,-0.2550072195036911,2.14
2026-07-17,14,capacity_price,-0.8688542027486769,2.14
2026-07-17,15,capacity_price,-1.4698055800618322,2.14
2026-07-17,16,capacity_price,3.275331353787064,2.14
2026-07-17,17,capacity_price,3.3557285454579424,2.14
2026-07-17,18,capacity_price,-12.973686013963087,2.14
2026-07-17,19,capacity_price,42.986102475099095,96.32
2026-07-17,20,capacity_price,125.48854815327336,2.46
2026-07-17,21,capacity_price,158.63254647923506,2.14
2026-07-17,22,capacity_price,2.2553758428772896,2.14
2026-07-17,23,capacity_price,6.677281335681006,16.3
2026-07-18,0,capacity_price,1.6834452732908947,2.05
2026-07-18,1,capacity_price,1.8805745500945827,2.05
2026-07-18,2,capacity_price,1.1929805599977668,2.05
2026-07-18,3,capacity_price,2.3459501823589517,2.05
2026-07-18,4,capacity_price,3.6099105426680156,2.05
2026-07-18,5,capacity_price,4.220246541372315,2.44
2026-07-18,6,capacity_price,7.37547101047843,2.05
2026-07-18,7,capacity_price,-1.8122901816672004,2.44
2026-07-18,8,capacity_price,8.391054500235603,2.05
2026-07-18,9,capacity_price,5.331627005718907,5.08
2026-07-18,10,capacity_price,9.397632633445925,4.0
2026-07-18,11,capacity_price,5.230140162172286,2.01
2026-07-18,12,capacity_price,5.016626706787447,0.54
2026-07-18,13,capacity_price,2.736501274013287,0.2
2026-07-18,14,capacity_price,1.8170088127852169,0.2
2026-07-18,15,capacity_price,1.8730692828398374,0.54
2026-07-18,16,capacity_price,0.19913001967419053,2.01
2026-07-18,17,capacity_price,-12.018384122957738,4.0
2026-07-18,18,capacity_price,1.270678647981791,2.05
2026-07-18,19,capacity_price,18.623819741862874,2.05
2026-07-18,20,capacity_price,26.39926603490143,20.0
2026-07-18,21,capacity_price,31.393082147503627,2.44
2026-07-18,22,capacity_price,10.945242633546869,2.44
2026-07-18,23,capacity_price,1.8874387688682357,14.0
2026-07-19,0,capacity_price,2.839874317991881,2.01
2026-07-19,1,capacity_price,1.5514679811607537,2.17
2026-07-19,2,capacity_price,0.9290595758785072,2.17
2026-07-19,3,capacity_price,1.3015551120719775,2.01
2026-07-19,4,capacity_price,2.0757759222610304,2.01
2026-07-19,5,capacity_price,1.6893021960994803,2.01
2026-07-19,6,capacity_price,3.100573772357792,2.32
2026-07-19,7,capacity_price,-1.9279221328831584,2.17
2026-07-19,8,capacity_price,4.316323809806326,2.17
2026-07-19,9,capacity_price,1.443468219422423,2.01
2026-07-19,10,capacity_price,3.235203203790212,2.01
2026-07-19,11,capacity_price,6.792118520781093,1.2
2026-07-19,12,capacity_price,5.936739308658531,0.54
2026-07-19,13,capacity_price,2.6511703206046517,0.54
2026-07-19,14,capacity_price,2.7843592188873356,0.67
2026-07-19,15,capacity_price,1.8477871648621107,0.67
2026-07-19,16,capacity_price,3.075038911687699,0.54
2026-07-19,17,capacity_price,6.06646486480224,2.17
2026-07-19,18,capacity_price,14.303444089823127,2.17
2026-07-19,19,capacity_price,32.04644853926423,2.32
2026-07-19,20,capacity_price,4.1038793641086535,2.32
2026-07-19,21,capacity_price,32.33621753657875,14.85
2026-07-19,22,capacity_price,9.528870583543737,20.0
2026-07-19,23,capacity_price,3.6840059501501683,2.01
2026-07-20,0,capacity_price,2.022403043187573,2.38
2026-07-20,1,capacity_price,1.6911512627493637,13.38
2026-07-20,2,capacity_price,1.2290874774575506,2.23
2026-07-20,3,capacity_price,1.545071541468807,2.01
2026-07-20,4,capacity_price,3.075630401352182,2.38
2026-07-20,5,capacity_price,3.1579188349154728,2.38
2026-07-20,6,capacity_price,3.0019344694309873,2.38
2026-07-20,7,capacity_price,2.5878959607731105,2.38
2026-07-20,8,capacity_price,2.9653556371328587,2.38
2026-07-20,9,capacity_price,2.0354706743620667,2.38
2026-07-20,10,capacity_price,3.827462368141583,2.38
2026-07-20,11,capacity_price,6.116249730381302,7.36
2026-07-20,12,capacity_price,1.5834232631784693,2.01
2026-07-20,13,capacity_price,3.443474071659266,0.67
2026-07-20,14,capacity_price,1.7997128463001406,0.54
2026-07-20,15,capacity_price,3.6680208768389475,2.23
2026-07-20,16,capacity_price,2.1017496668897753,2.38
2026-07-20,17,capacity_price,1.4979265811847942,2.38
2026-07-20,18,capacity_price,1.5181932931761617,2.38
2026-07-20,19,capacity_price,13.704623853168158,2.38
2026-07-20,20,capacity_price,25.76169454029055,14.85
2026-07-20,21,capacity_price,34.576234530258944,14.85
2026-07-20,22,capacity_price,10.717065452080941,2.38
2026-07-20,23,capacity_price,-1.3011835579918258,13.38
2026-07-21,0,capacity_price,2.621078429218369,2.41
2026-07-21,1,capacity_price,1.649222601640339,2.16
2026-07-21,2,capacity_price,1.412125047672125,2.41
2026-07-21,3,capacity_price,2.269524826739286,2.41
2026-07-21,4,capacity_price,0.856339811527407,2.41
2026-07-21,5,capacity_price,1.814786963023695,2.41
2026-07-21,6,capacity_price,2.9801668883342276,2.41
2026-07-21,7,capacity_price,3.120078300802806,2.41
2026-07-21,8,capacity_price,6.208693950111042,2.41
2026-07-21,9,capacity_price,4.405078971382464,2.41
2026-07-21,10,capacity_price,3.592830278631462,2.41
2026-07-21,11,capacity_price,7.012145428976432,2.41
2026-07-21,12,capacity_price,2.154174371696745,2.41
2026-07-21,13,capacity_price,3.010223850051679,6.02
2026-07-21,14,capacity_price,1.7613720371426034,2.41
2026-07-21,15,capacity_price,1.6631345559382518,2.41
2026-07-21,16,capacity_price,3.9053126338919064,2.41
2026-07-21,17,capacity_price,0.84707072773337,2.41
2026-07-21,18,capacity_price,3.023081998688367,2.41
2026-07-21,19,capacity_price,9.79238681756247,2.41
2026-07-21,20,capacity_price,18.023979671525034,2.41
2026-07-21,21,capacity_price,-1.5929213999630623,2.41
2026-07-21,22,capacity_price,10.762433537855,2.41
2026-07-21,23,capacity_price,2.1581355668814024,2.16
2026-07-22,0,capacity_price,2.012433719188107,2.01
2026-07-22,1,capacity_price,2.6360973606276277,2.46
2026-07-22,2,capacity_price,1.6732720995605952,2.27
2026-07-22,3,capacity_price,3.6087338789396086,2.27
2026-07-22,4,capacity_price,0.9203387594412955,2.27
2026-07-22,5,capacity_price,2.2289864463084306,2.33
2026-07-22,6,capacity_price,0.47359721549916833,2.27
2026-07-22,7,capacity_price,-0.007091999122406101,2.27
2026-07-22,8,capacity_price,1.7613930327999334,2.27
2026-07-22,9,capacity_price,2.0065351082052607,2.27
2026-07-22,10,capacity_price,3.02741487841964,2.33
2026-07-22,11,capacity_price,6.518656946273487,2.27
2026-07-22,12,capacity_price,2.9235673793260384,7.36
2026-07-22,13,capacity_price,1.7737568716275374,2.68
2026-07-22,14,capacity_price,1.2185074830574205,2.46
2026-07-22,15,capacity_price,2.2042713305926522,2.27
2026-07-22,16,capacity_price,3.1152854373917567,2.27
2026-07-22,17,capacity_price,5.511921212672133,2.46
2026-07-22,18,capacity_price,5.165355275663741,2.33
2026-07-22,19,capacity_price,-1.0358389252464804,2.33
2026-07-22,20,capacity_price,-37.88034011990369,14.85
2026-07-22,21,capacity_price,-5.3881282581225864,14.85
2026-07-22,22,capacity_price,5.4112205593385365,2.27
2026-07-22,23,capacity_price,4.785763808255573,2.33
2026-07-23,0,capacity_price,1.7428979339156965,2.01
2026-07-23,1,capacity_price,1.1961566071280094,2.01
2026-07-23,2,capacity_price,0.9311173111339002,2.04
2026-07-23,3,capacity_price,0.5172420299394878,2.46
2026-07-23,4,capacity_price,1.6717656325773786,2.22
2026-07-23,5,capacity_price,2.169338720740237,2.46
2026-07-23,6,capacity_price,2.7044029385422426,2.22
2026-07-23,7,capacity_price,2.655854795278702,2.46
2026-07-23,8,capacity_price,3.210704368040215,2.46
2026-07-23,9,capacity_price,-3.2828531761754176,2.22
2026-07-23,10,capacity_price,2.737418096689524,2.46
2026-07-23,11,capacity_price,6.468202808355411,7.36
2026-07-23,12,capacity_price,6.360384905776709,2.22
2026-07-23,13,capacity_price,10.616496433958515,2.22
2026-07-23,14,capacity_price,2.8912587584280622,2.22
2026-07-23,15,capacity_price,2.895165347616717,2.22
2026-07-23,16,capacity_price,4.1497641637605565,2.22
2026-07-23,17,capacity_price,5.15232760925494,2.22
2026-07-23,18,capacity_price,10.674747435024596,2.22
2026-07-23,19,capacity_price,37.39898222483066,2.46
2026-07-23,20,capacity_price,42.51379970728596,22.4
2026-07-23,21,capacity_price,15.58534920256111,22.4
2026-07-23,22,capacity_price,-3.766955742811806,2.22
2026-07-23,23,capacity_price,0.44192068841214827,2.46
2026-07-24,0,capacity_price,3.265085740141566,2.45
2026-07-24,1,capacity_price,1.8300904234904882,2.05
2026-07-24,2,capacity_price,1.1323292929250826,2.45
2026-07-24,3,capacity_price,1.1179347475834587,2.15
2026-07-24,4,capacity_price,3.019598523733177,2.45
2026-07-24,5,capacity_price,3.2395729166320915,2.45
2026-07-24,6,capacity_price,2.2628467246810793,2.45
2026-07-24,7,capacity_price,1.7839904467749101,2.45
2026-07-24,8,capacity_price,2.7196054007856034,2.45
2026-07-24,9,capacity_price,1.5437849990274093,2.45
2026-07-24,10,capacity_price,2.67115819455075,2.45
2026-07-24,11,capacity_price,4.233881287146598,2.45
2026-07-24,12,capacity_price,2.513671273619374,2.45
2026-07-24,13,capacity_price,5.348857022479397,2.01
2026-07-24,14,capacity_price,3.0996027595261997,0.63
2026-07-24,15,capacity_price,2.001108100349998,7.36
2026-07-24,16,capacity_price,2.0854401164323844,2.45
2026-07-24,17,capacity_price,-3.835651896546242,2.45
2026-07-24,18,capacity_price,-7.031161068958285,2.45
2026-07-24,19,capacity_price,-23.537716460257272,2.45
2026-07-24,20,capacity_price,8.366732234754306,15.9
2026-07-24,21,capacity_price,24.74802487753845,15.9
2026-07-24,22,capacity_price,8.910979655581908,2.45
2026-07-24,23,capacity_price,3.427522905567991,2.45
2026-07-25,0,capacity_price,2.0037111567643735,2.13
2026-07-25,1,capacity_price,1.7279162017637413,2.13
2026-07-25,2,capacity_price,1.3026369752756928,2.01
2026-07-25,3,capacity_price,1.1159356718116775,2.01
2026-07-25,4,capacity_price,2.449617389140443,2.13
2026-07-25,5,capacity_price,1.1601589917996937,2.03
2026-07-25,6,capacity_price,0.9265989822872096,2.13
2026-07-25,7,capacity_price,0.05382582666305069,2.03
2026-07-25,8,capacity_price,3.35780740578545,2.01
2026-07-25,9,capacity_price,1.7394930276474327,2.01
2026-07-25,10,capacity_price,2.947428746962891,1.2
2026-07-25,11,capacity_price,2.3542598794069036,0.67
2026-07-25,12,capacity_price,2.157015528818479,0.54
2026-07-25,13,capacity_price,2.199557887122474,0.54
2026-07-25,14,capacity_price,1.161756989870953,0.54
2026-07-25,15,capacity_price,2.21646628220262,0.67
2026-07-25,16,capacity_price,2.5177126422196054,0.54
2026-07-25,17,capacity_price,3.5380561233700334,2.01
2026-07-25,18,capacity_price,3.049847268851569,2.13
2026-07-25,19,capacity_price,27.04574941484431,2.13
2026-07-25,20,capacity_price,1.912607818826494,14.85
2026-07-25,21,capacity_price,21.022845397344504,13.38
2026-07-25,22,capacity_price,13.86085287823078,2.03
2026-07-25,23,capacity_price,3.27164779171453,2.01
2026-07-26,0,capacity_price,1.7981723770850508,2.19
2026-07-26,1,capacity_price,2.4439552147010115,2.19
2026-07-26,2,capacity_price,1.256091363269842,2.19
2026-07-26,3,capacity_price,1.8816548968762394,2.19
2026-07-26,4,capacity_price,1.0501602652246016,2.32
2026-07-26,5,capacity_price,1.643238950628384,2.19
2026-07-26,6,capacity_price,1.3643384134897134,2.32
2026-07-26,7,capacity_price,2.5274336422994264,2.32
2026-07-26,8,capacity_price,4.035009914980032,2.19
2026-07-26,9,capacity_price,2.93303228352276,2.19
2026-07-26,10,capacity_price,1.4007670768656766,2.19
2026-07-26,11,capacity_price,1.6901571941055162,2.01
2026-07-26,12,capacity_price,0.7994815532636919,0.54
2026-07-26,13,capacity_price,0.759504065674519,0.54
2026-07-26,14,capacity_price,0.47561837194020007,0.54
2026-07-26,15,capacity_price,-0.07466520469830851,0.54
2026-07-26,16,capacity_price,1.917623704151539,2.32
2026-07-26,17,capacity_price,5.007321595305341,2.19
2026-07-26,18,capacity_price,3.0783561948176006,2.32
2026-07-26,19,capacity_price,-29.48283268418318,2.36
2026-07-26,20,capacity_price,5.800227662634782,14.85
2026-07-26,21,capacity_price,21.76772494967032,14.85
2026-07-26,22,capacity_price,11.135688363374262,2.19
2026-07-26,23,capacity_price,2.6264892066637544,2.19
2026-07-27,0,capacity_price,1.8646845119459163,2.46
2026-07-27,1,capacity_price,1.7603214251942774,2.46
2026-07-27,2,capacity_price,1.1472454708919506,2.07
2026-07-27,3,capacity_price,1.273220983626981,13.38
2026-07-27,4,capacity_price,-0.7595890391598554,2.46
2026-07-27,5,capacity_price,1.9060666691362411,2.46
2026-07-27,6,capacity_price,2.199093068347272,2.46
2026-07-27,7,capacity_price,1.633878544915523,2.46
2026-07-27,8,capacity_price,4.301250953918386,2.46
2026-07-27,9,capacity_price,1.470084501620414,2.46
2026-07-27,10,capacity_price,-0.06892234321753365,2.46
2026-07-27,11,capacity_price,3.032395593605141,2.46
2026-07-27,12,capacity_price,1.079587295550542,13.38
2026-07-27,13,capacity_price,2.331411840305581,2.01
2026-07-27,14,capacity_price,1.6183993918000963,1.2
2026-07-27,15,capacity_price,7.089043652729215,0.67
2026-07-27,16,capacity_price,2.256119911384236,2.14
2026-07-27,17,capacity_price,3.0663579302116997,2.46
2026-07-27,18,capacity_price,2.4657160693064686,2.46
2026-07-27,19,capacity_price,-8.745060670338887,2.46
2026-07-27,20,capacity_price,-5.716043976801249,14.85
2026-07-27,21,capacity_price,12.400433033996991,13.4
2026-07-27,22,capacity_price,6.339059389083525,2.46
2026-07-27,23,capacity_price,2.5209656403957563,2.46
2026-07-28,0,capacity_price,2.0552789956288073,2.26
2026-07-28,1,capacity_price,2.422847731354119,13.38
2026-07-28,2,capacity_price,2.068425929273737,2.01
2026-07-28,3,capacity_price,2.6352589148073076,2.26
2026-07-28,4,capacity_price,1.7207071826141442,2.26
2026-07-28,5,capacity_price,2.6756717974637168,2.26
2026-07-28,6,capacity_price,2.670650629128783,2.26
2026-07-28,7,capacity_price,2.725922443705559,2.26
2026-07-28,8,capacity_price,2.408150046696634,2.26
2026-07-28,9,capacity_price,2.5228168924434575,2.37
2026-07-28,10,capacity_price,3.8285647724757457,2.26
2026-07-28,11,capacity_price,6.648340281738184,2.26
2026-07-28,12,capacity_price,3.6532545602253883,5.58
2026-07-28,13,capacity_price,5.639950466278844,1.65
2026-07-28,14,capacity_price,3.015284643945398,2.01
2026-07-28,15,capacity_price,4.24081559363593,2.26
2026-07-28,16,capacity_price,3.894313358353413,2.26
2026-07-28,17,capacity_price,1.0517069710478009,2.37
2026-07-28,18,capacity_price,2.4735586327421264,2.26
2026-07-28,19,capacity_price,8.992225412625526,2.26
2026-07-28,20,capacity_price,5.274588971535838,36.6
2026-07-28,21,capacity_price,-4.885005464111606,36.6
2026-07-28,22,capacity_price,-7.697415822847605,2.26
2026-07-28,23,capacity_price,2.1299835373027753,2.26
2026-07-29,0,capacity_price,1.541285243361338,2.42
2026-07-29,1,capacity_price,1.9385579188878657,2.42
2026-07-29,2,capacity_price,1.551975131571849,2.49
2026-07-29,3,capacity_price,2.1948953943479736,2.42
2026-07-29,4,capacity_price,0.699531978185749,2.42
2026-07-29,5,capacity_price,2.5492923249669737,2.42
2026-07-29,6,capacity_price,1.8897864411360772,2.49
2026-07-29,7,capacity_price,3.92098205445601,2.42
2026-07-29,8,capacity_price,2.9396248927325748,2.42
2026-07-29,9,capacity_price,0.9816294890343789,2.42
2026-07-29,10,capacity_price,2.0311450057855756,2.42
2026-07-29,11,capacity_price,3.2455270341559714,2.42
2026-07-29,12,capacity_price,3.529031075715551,2.42
2026-07-29,13,capacity_price,2.7055564558099445,2.42
2026-07-29,14,capacity_price,4.314277094536316,20.0
2026-07-29,15,capacity_price,1.559079968913256,2.42
2026-07-29,16,capacity_price,1.7603746279615962,2.44
2026-07-29,17,capacity_price,-0.6457348746676277,2.42
2026-07-29,18,capacity_price,0.3407617264554226,2.42
2026-07-29,19,capacity_price,5.49544761215097,14.85
2026-07-29,20,capacity_price,42.6435650283299,32.1
2026-07-29,21,capacity_price,23.886225959348195,2.42
2026-07-29,22,capacity_price,6.778960496597687,2.44
2026-07-29,23,capacity_price,2.021553941854126,2.42
2026-07-30,0,capacity_price,3.03212642944834,2.34
2026-07-30,1,capacity_price,1.7783665313048522,2.34
2026-07-30,2,capacity_price,1.7927473567125718,2.24
2026-07-30,3,capacity_price,2.944171193548934,6.0
2026-07-30,4,capacity_price,3.1238823089194865,2.34
2026-07-30,5,capacity_price,3.1975865174220726,2.34
2026-07-30,6,capacity_price,3.531966484135739,2.34
2026-07-30,7,capacity_price,5.45889598220014,2.34
2026-07-30,8,capacity_price,4.913960777235079,2.34
2026-07-30,9,capacity_price,6.0282998562428585,2.34
2026-07-30,10,capacity_price,4.137392776666731,2.34
2026-07-30,11,capacity_price,3.6067371302003357,2.34
2026-07-30,12,capacity_price,3.9015709506439062,2.34
2026-07-30,13,capacity_price,2.2366601645340443,2.34
2026-07-30,14,capacity_price,3.2614976338625383,2.34
2026-07-30,15,capacity_price,1.7858790223353713,2.34
2026-07-30,16,capacity_price,4.575594513560336,2.34
2026-07-30,17,capacity_price,2.5467764157454593,2.34
2026-07-30,18,capacity_price,3.0802084474140483,2.34
2026-07-30,19,capacity_price,14.372150025568716,2.34
2026-07-30,20,capacity_price,28.385891708828666,20.6
2026-07-30,21,capacity_price,92.04211891445189,20.6
2026-07-30,22,capacity_price,1.1778626932407814,2.34
2026-07-30,23,capacity_price,1.3978468711137753,2.34
2026-07-31,0,capacity_price,2.662001226595075,2.41
2026-07-31,1,capacity_price,2.281493969981475,2.03
2026-07-31,2,capacity_price,1.7610574176919287,2.26
2026-07-31,3,capacity_price,2.3834237009864996,2.03
2026-07-31,4,capacity_price,3.3015610265226885,2.41
2026-07-31,5,capacity_price,3.3084027783589107,2.41
2026-07-31,6,capacity_price,4.7341868631757915,2.41
2026-07-31,7,capacity_price,4.276918584314945,2.41
2026-07-31,8,capacity_price,2.354342810013373,2.41
2026-07-31,9,capacity_price,3.5665363425680523,2.41
2026-07-31,10,capacity_price,3.5914495347561575,2.41
2026-07-31,11,capacity_price,2.0022502019626685,2.41
2026-07-31,12,capacity_price,1.9581865250763888,2.41
2026-07-31,13,capacity_price,2.4424153746262496,2.41
2026-07-31,14,capacity_price,1.479871852454497,2.41
2026-07-31,15,capacity_price,1.2994406417980315,2.41
2026-07-31,16,capacity_price,2.055681789635627,2.41
2026-07-31,17,capacity_price,2.544377043182758,4.01
2026-07-31,18,capacity_price,2.249142284252904,2.41
2026-07-31,19,capacity_price,6.68071500140965,2.41
2026-07-31,20,capacity_price,17.01365516686792,31.0
2026-07-31,21,capacity_price,13.396086445306565,31.0
2026-07-31,22,capacity_price,-9.671404098375389,2.41
2026-07-31,23,capacity_price,1.3205869920220268,2.41
2026-08-01,0,capacity_price,2.7488659886609774,2.4
2026-08-01,1,capacity_price,2.399586914303165,6.1
2026-08-01,2,capacity_price,1.9313046087272694,20.0
2026-08-01,3,capacity_price,1.8517647856608734,2.4
2026-08-01,4,capacity_price,2.1944380959970995,2.5
2026-08-01,5,capacity_price,2.212393346639058,2.4
2026-08-01,6,capacity_price,2.2455637888309252,2.4
2026-08-01,7,capacity_price,2.735199479346455,2.4
2026-08-01,8,capacity_price,2.3309724713029856,2.4
2026-08-01,9,capacity_price,1.8798625294509752,2.4
2026-08-01,10,capacity_price,1.791825679767752,2.4
2026-08-01,11,capacity_price,2.4515829699836336,2.4
2026-08-01,12,capacity_price,1.3767407769428353,1.07
2026-08-01,13,capacity_price,2.3783520848550417,1.07
2026-08-01,14,capacity_price,1.6500470232641418,1.07
2026-08-01,15,capacity_price,2.450060424688161,2.01
2026-08-01,16,capacity_price,1.6592873337892886,2.4
2026-08-01,17,capacity_price,2.1874684251713514,2.4
2026-08-01,18,capacity_price,1.3858115479645252,2.4
2026-08-01,19,capacity_price,3.6660235404087693,2.5
2026-08-01,20,capacity_price,25.247609179788757,20.0
2026-08-01,21,capacity_price,34.32539126531337,20.0
2026-08-01,22,capacity_price,3.6875067452622416,2.4
2026-08-01,23,capacity_price,1.7315631072838409,2.49
2026-08-02,0,capacity_price,2.853877282822417,2.03
2026-08-02,1,capacity_price,2.2218006801783146,2.1
2026-08-02,2,capacity_price,2.9646347203269436,2.1
2026-08-02,3,capacity_price,4.158317372486493,2.03
2026-08-02,4,capacity_price,3.146238158639715,2.03
2026-08-02,5,capacity_price,2.6613871012326813,2.03
2026-08-02,6,capacity_price,1.6667637723332869,2.18
2026-08-02,7,capacity_price,2.7050348603580616,2.18
2026-08-02,8,capacity_price,2.332607895425149,2.18
2026-08-02,9,capacity_price,3.009106816488845,2.03
2026-08-02,10,capacity_price,1.3676447653001347,2.03
2026-08-02,11,capacity_price,2.191418558272426,0.54
2026-08-02,12,capacity_price,0.9867208851233167,0.54
2026-08-02,13,capacity_price,1.0774726115803022,0.54
2026-08-02,14,capacity_price,0.7264202676808258,0.54
2026-08-02,15,capacity_price,1.3178990302592715,0.54
2026-08-02,16,capacity_price,2.228903328227495,2.18
2026-08-02,17,capacity_price,2.467157152198122,2.03
2026-08-02,18,capacity_price,1.6148118588962461,2.18
2026-08-02,19,capacity_price,8.224953344640507,2.1
2026-08-02,20,capacity_price,15.241225075173329,14.85
2026-08-02,21,capacity_price,47.27343777502409,14.85
2026-08-02,22,capacity_price,2.977856222594407,2.03
2026-08-02,23,capacity_price,2.055400978244964,2.03
2026-08-03,0,capacity_price,2.2814105250646133,2.03
2026-08-03,1,capacity_price,5.598263477369242,2.03
2026-08-03,2,capacity_price,3.5412448357921598,2.34
2026-08-03,3,capacity_price,2.0871469178056694,2.03
2026-08-03,4,capacity_price,2.060116113965422,2.1
2026-08-03,5,capacity_price,1.7404353001424673,2.34
2026-08-03,6,capacity_price,0.7401022132470936,2.03
2026-08-03,7,capacity_price,1.061510851509148,2.03
2026-08-03,8,capacity_price,2.0429211424168194,2.03
2026-08-03,9,capacity_price,1.994387432890221,2.1
2026-08-03,10,capacity_price,-0.17435154883368176,2.03
2026-08-03,11,capacity_price,3.4556648310528653,2.34
2026-08-03,12,capacity_price,1.7585540170463951,2.34
2026-08-03,13,capacity_price,2.235247405911269,2.03
2026-08-03,14,capacity_price,5.556975888219552,2.03
2026-08-03,15,capacity_price,3.7795404494723757,2.03
2026-08-03,16,capacity_price,1.7621264447931138,2.03
2026-08-03,17,capacity_price,2.6793648103530603,2.03
2026-08-03,18,capacity_price,3.3955445870962877,2.03
2026-08-03,19,capacity_price,1.8794757164748948,2.1
2026-08-03,20,capacity_price,24.42276396365927,21.3
2026-08-03,21,capacity_price,-8.440578023328424,21.3
2026-08-03,22,capacity_price,2.2817285780093512,2.03
2026-08-03,23,capacity_price,4.113581474457192,2.03
2026-08-04,0,capacity_price,2.13151938977464,2.01
2026-08-04,1,capacity_price,5.668266424931934,2.0
2026-08-04,2,capacity_price,4.1025414315928925,2.0
2026-08-04,3,capacity_price,3.392307439371195,2.01
2026-08-04,4,capacity_price,1.077046755342137,2.37
2026-08-04,5,capacity_price,2.402034866930453,2.37
2026-08-04,6,capacity_price,2.4956146786325566,2.37
2026-08-04,7,capacity_price,2.972003171987863,2.37
2026-08-04,8,capacity_price,2.695265724435168,2.37
2026-08-04,9,capacity_price,2.1939658048424246,2.37
2026-08-04,10,capacity_price,2.712619036651253,2.49
2026-08-04,11,capacity_price,2.912921954580864,2.37
2026-08-04,12,capacity_price,5.119995528465731,2.37
2026-08-04,13,capacity_price,2.8436080769054604,2.37
2026-08-04,14,capacity_price,3.9243934406656624,2.37
2026-08-04,15,capacity_price,2.447893945439967,2.37
2026-08-04,16,capacity_price,2.867109540899609,2.37
2026-08-04,17,capacity_price,2.728325586894554,2.49
2026-08-04,18,capacity_price,3.1334203568327914,2.37
2026-08-04,19,capacity_price,-110.92534437854816,20.0
2026-08-04,20,capacity_price,-25.283557265567616,31.7
2026-08-04,21,capacity_price,11.395380344235722,2.37
2026-08-04,22,capacity_price,1.8416858088502468,2.37
2026-08-04,23,capacity_price,1.4543559696446566,2.01
2026-08-05,0,capacity_price,1.846252084994736,2.01
2026-08-05,1,capacity_price,2.4166657796060145,1.2
2026-08-05,2,capacity_price,2.256449186109327,2.02
2026-08-05,3,capacity_price,1.9951413583352364,2.17
2026-08-05,4,capacity_price,2.5518146888644004,2.17
2026-08-05,5,capacity_price,2.455335750110947,2.17
2026-08-05,6,capacity_price,2.5295212700362675,2.17
2026-08-05,7,capacity_price,2.818853772685865,2.17
2026-08-05,8,capacity_price,2.58495639919512,2.17
2026-08-05,9,capacity_price,2.324816323463987,2.17
2026-08-05,10,capacity_price,2.999781990141399,2.17
2026-08-05,11,capacity_price,2.0844464969910663,2.17
2026-08-05,12,capacity_price,3.351618474328493,2.01
2026-08-05,13,capacity_price,2.4279479897971745,2.02
2026-08-05,14,capacity_price,1.9190382577913918,2.01
2026-08-05,15,capacity_price,1.7862632170922943,2.01
2026-08-05,16,capacity_price,2.71762270667658,2.17
2026-08-05,17,capacity_price,1.8555568063923256,2.17
2026-08-05,18,capacity_price,3.3005119100907008,2.17
2026-08-05,19,capacity_price,15.909150317667516,2.17
2026-08-05,20,capacity_price,34.25132370147295,2.17
2026-08-05,21,capacity_price,16.85123325027446,18.1
2026-08-05,22,capacity_price,1.8060011950082062,18.1
2026-08-05,23,capacity_price,2.2615326566189276,2.02
2026-08-06,0,capacity_price,2.4412752886362377,2.16
2026-08-06,1,capacity_price,2.2541073650491965,1.2
2026-08-06,2,capacity_price,2.124173606400398,0.67
2026-08-06,3,capacity_price,1.7089917479492471,2.16
2026-08-06,4,capacity_price,2.244491786517586,2.15
2026-08-06,5,capacity_price,2.44142790789199,2.15
2026-08-06,6,capacity_price,2.4730260937721016,2.11
2026-08-06,7,capacity_price,3.036167474279967,2.15
2026-08-06,8,capacity_price,2.3043368503743573,2.11
2026-08-06,9,capacity_price,2.1994108303728535,2.11
2026-08-06,10,capacity_price,2.086392495564595,2.11
2026-08-06,11,capacity_price,2.4504303904842084,2.11
2026-08-06,12,capacity_price,1.3159743393826537,2.01
2026-08-06,13,capacity_price,1.5493805272676895,2.01
2026-08-06,14,capacity_price,1.4371843061893128,6.2
2026-08-06,15,capacity_price,1.9885869350304612,6.94
2026-08-06,16,capacity_price,1.7576653110533893,2.11
2026-08-06,17,capacity_price,2.705117516286128,2.16
2026-08-06,18,capacity_price,2.3038726280791413,2.11
2026-08-06,19,capacity_price,-1.618836173717085,2.15
2026-08-06,20,capacity_price,9.94070916670524,2.15
2026-08-06,21,capacity_price,21.860311284662306,2.11
2026-08-06,22,capacity_price,4.854332278644575,57.52
2026-08-06,23,capacity_price,3.6725417468371404,2.01
2026-08-07,0,capacity_price,2.0980516944166347,1.2
2026-08-07,1,capacity_price,1.8942598762665441,2.15
2026-08-07,2,capacity_price,2.089819088779154,1.2
2026-08-07,3,capacity_price,1.6738841596032605,2.28
2026-08-07,4,capacity_price,3.3945624070113576,2.37
2026-08-07,5,capacity_price,2.4424564672419793,2.37
2026-08-07,6,capacity_price,3.4632595894943483,2.37
2026-08-07,7,capacity_price,3.808469052695693,2.37
2026-08-07,8,capacity_price,3.8589367848040643,2.37
2026-08-07,9,capacity_price,2.9262572089757897,2.48
2026-08-07,10,capacity_price,4.068023083787206,2.37
2026-08-07,11,capacity_price,3.109203786663053,2.37
2026-08-07,12,capacity_price,1.237192978474913,7.89
2026-08-07,13,capacity_price,2.5498253683855436,7.89
2026-08-07,14,capacity_price,2.4948975905287254,2.68
2026-08-07,15,capacity_price,1.9667366461339617,2.37
2026-08-07,16,capacity_price,1.6647077531497816,2.37
2026-08-07,17,capacity_price,2.283631743895213,2.37
2026-08-07,18,capacity_price,2.589601417839101,2.37
2026-08-07,19,capacity_price,15.119676447022156,2.37
2026-08-07,20,capacity_price,17.00757086467256,2.37
2026-08-07,21,capacity_price,21.696688521604294,11.3
2026-08-07,22,capacity_price,25.28082779276166,11.3
2026-08-07,23,capacity_price,3.4122450411405683,2.37
2026-08-08,0,capacity_price,2.4040768879903354,2.12
2026-08-08,1,capacity_price,5.231930996253773,2.12
2026-08-08,2,capacity_price,2.432613841232665,2.12
2026-08-08,3,capacity_price,3.7102296918929687,2.12
2026-08-08,4,capacity_price,2.199464822600371,6.0
2026-08-08,5,capacity_price,2.1421089123295483,2.42
2026-08-08,6,capacity_price,2.670414531254505,2.42
2026-08-08,7,capacity_price,3.414379688968668,2.42
2026-08-08,8,capacity_price,3.480009425070824,2.45
2026-08-08,9,capacity_price,2.065158430229809,2.42
2026-08-08,10,capacity_price,1.9681062101482865,2.42
2026-08-08,11,capacity_price,-2.417366386850726,2.01
2026-08-08,12,capacity_price,2.6133573253387876,1.2
2026-08-08,13,capacity_price,2.855106402065359,0.31
2026-08-08,14,capacity_price,2.057082132508506,0.2
2026-08-08,15,capacity_price,2.394832308838403,2.45
2026-08-08,16,capacity_price,-0.38373381560673536,7.51
2026-08-08,17,capacity_price,2.3716298204478794,2.42
2026-08-08,18,capacity_price,1.9614347894841184,2.45
2026-08-08,19,capacity_price,-47.90882458825752,13.38
2026-08-08,20,capacity_price,8.736731797653409,2.42
2026-08-08,21,capacity_price,9.028400815252944,2.42
2026-08-08,22,capacity_price,5.615597855773572,21.9
2026-08-08,23,capacity_price,2.4532045460553444,2.42
2026-08-09,0,capacity_price,3.490345165808364,2.19
2026-08-09,1,capacity_price,2.0696059661322646,2.01
2026-08-09,2,capacity_price,1.7479587595168626,2.0
2026-08-09,3,capacity_price,3.3192180462307874,2.41
2026-08-09,4,capacity_price,3.477155303761,2.41
2026-08-09,5,capacity_price,3.113543215469427,2.19
2026-08-09,6,capacity_price,2.3900502483414887,2.19
2026-08-09,7,capacity_price,2.6826456989386163,2.19
2026-08-09,8,capacity_price,2.3803777943241595,2.19
2026-08-09,9,capacity_price,3.089445821519934,2.48
2026-08-09,10,capacity_price,2.244276599648097,2.21
2026-08-09,11,capacity_price,3.0290303007972152,0.54
2026-08-09,12,capacity_price,0.6702146812528088,0.2
2026-08-09,13,capacity_price,1.7649635788288398,0.2
2026-08-09,14,capacity_price,1.505439482881125,0.2
2026-08-09,15,capacity_price,1.8638080132285755,0.2
2026-08-09,16,capacity_price,1.775569096264117,2.48
2026-08-09,17,capacity_price,1.5687363315928708,2.19
2026-08-09,18,capacity_price,1.8071322957137204,2.19
2026-08-09,19,capacity_price,13.654370062659986,2.41
2026-08-09,20,capacity_price,1.301197248091686,2.19
2026-08-09,21,capacity_price,-19.213866383120823,2.19
2026-08-09,22,capacity_price,13.147297755752945,15.1
2026-08-09,23,capacity_price,4.010362049976326,15.1
2026-08-10,0,capacity_price,5.365490744056786,13.38
2026-08-10,1,capacity_price,2.1422748799035913,2.0
2026-08-10,2,capacity_price,1.8344443865886761,2.14
2026-08-10,3,capacity_price,4.385264186573352,2.13
2026-08-10,4,capacity_price,2.1638135118785233,2.44
2026-08-10,5,capacity_price,2.4572830935926575,2.44
2026-08-10,6,capacity_price,3.70643958671588,2.44
2026-08-10,7,capacity_price,2.9627059445785906,2.44
2026-08-10,8,capacity_price,2.6148942725599826,2.44
2026-08-10,9,capacity_price,1.8107676085936881,2.44
2026-08-10,10,capacity_price,2.1837100090577715,2.44
2026-08-10,11,capacity_price,3.6837171593100226,2.44
2026-08-10,12,capacity_price,1.6271504450911096,10.0
2026-08-10,13,capacity_price,2.19837419085132,10.0
2026-08-10,14,capacity_price,0.8503654491413668,2.01
2026-08-10,15,capacity_price,1.7336815089347912,2.01
2026-08-10,16,capacity_price,2.151624366482775,2.01
2026-08-10,17,capacity_price,2.266933235301657,2.44
2026-08-10,18,capacity_price,2.496542060846231,2.44
2026-08-10,19,capacity_price,-2.700728832886881,13.38
2026-08-10,20,capacity_price,12.499948609213416,2.44
2026-08-10,21,capacity_price,41.045206885007026,2.44
2026-08-10,22,capacity_price,18.72584426998702,14.3
2026-08-10,23,capacity_price,5.63574642004735,13.38
2026-08-11,0,capacity_price,3.5848639384585868,2.27
2026-08-11,1,capacity_price,2.2857350742873748,2.27
2026-08-11,2,capacity_price,2.3199222931849897,2.05
2026-08-11,3,capacity_price,3.0215374570690696,2.05
2026-08-11,4,capacity_price,2.9578488550374016,2.28
2026-08-11,5,capacity_price,2.690059810768896,2.28
2026-08-11,6,capacity_price,4.408589571740425,2.28
2026-08-11,7,capacity_price,2.837347166746155,2.28
2026-08-11,8,capacity_price,2.3881415088528843,2.28
2026-08-11,9,capacity_price,3.838542456064189,2.28
2026-08-11,10,capacity_price,7.389589538156113,2.28
2026-08-11,11,capacity_price,7.885384692000847,2.28
2026-08-11,12,capacity_price,10.378602300117615,5.08
2026-08-11,13,capacity_price,6.562641608626528,0.67
2026-08-11,14,capacity_price,13.29489018603298,1.2
2026-08-11,15,capacity_price,7.758193322222632,2.01
2026-08-11,16,capacity_price,6.204623815897812,2.28
2026-08-11,17,capacity_price,2.2648163447610346,2.28
2026-08-11,18,capacity_price,3.230072229012569,2.28
2026-08-11,19,capacity_price,18.486276261173597,13.38
2026-08-11,20,capacity_price,29.114461391264857,2.28
2026-08-11,21,capacity_price,-11.280768143547602,2.28
2026-08-11,22,capacity_price,10.227225242191604,25.7
2026-08-11,23,capacity_price,7.5748591682862845,2.27
2026-08-12,0,capacity_price,2.2081752215837103,1.2
2026-08-12,1,capacity_price,2.204459183743068,2.04
2026-08-12,2,capacity_price,1.6880905214873843,2.04
2026-08-12,3,capacity_price,2.294846747813178,2.45
2026-08-12,4,capacity_price,1.992976526078828,2.16
2026-08-12,5,capacity_price,1.8806261648161673,2.16
2026-08-12,6,capacity_price,2.3656737849575977,2.16
2026-08-12,7,capacity_price,2.658768474397818,2.43
2026-08-12,8,capacity_price,2.071247496433961,2.45
2026-08-12,9,capacity_price,2.859079630041487,2.16
2026-08-12,10,capacity_price,3.2850085757838308,4.0
2026-08-12,11,capacity_price,2.131008712027532,2.16
2026-08-12,12,capacity_price,1.1612927124352617,2.16
2026-08-12,13,capacity_price,1.3911899014108824,2.04
2026-08-12,14,capacity_price,2.644707064852002,4.37
2026-08-12,15,capacity_price,1.8150142581863498,7.89
2026-08-12,16,capacity_price,2.604679119285879,2.16
2026-08-12,17,capacity_price,2.0811946641331778,2.45
2026-08-12,18,capacity_price,2.1518043598331507,2.16
2026-08-12,19,capacity_price,10.41880345012015,7.89
2026-08-12,20,capacity_price,-2.162104147758491,28.7
2026-08-12,21,capacity_price,-8.931545637602733,2.16
2026-08-12,22,capacity_price,28.101881892069432,4.0
2026-08-12,23,capacity_price,3.760990269097813,2.04
2026-08-13,0,capacity_price,2.6928949061373793,0.67
2026-08-13,1,capacity_price,1.4563100455784888,0.67
2026-08-13,2,capacity_price,1.6530112586159638,0.67
2026-08-13,3,capacity_price,2.4175139998607733,2.17
2026-08-13,4,capacity_price,4.258736091034235,2.41
2026-08-13,5,capacity_price,2.4488124216352953,2.47
2026-08-13,6,capacity_price,5.853619051032808,2.47
2026-08-13,7,capacity_price,5.497682440462874,2.47
2026-08-13,8,capacity_price,4.649319606109894,2.47
2026-08-13,9,capacity_price,6.801894216707312,2.47
2026-08-13,10,capacity_price,5.277077056996971,2.47
2026-08-13,11,capacity_price,3.5534997440824774,2.47
2026-08-13,12,capacity_price,2.432440426671818,7.89
2026-08-13,13,capacity_price,12.874837205485795,6.29
2026-08-13,14,capacity_price,20.29399392125532,7.89
2026-08-13,15,capacity_price,3.6024400011299216,7.89
2026-08-13,16,capacity_price,2.783187979331206,6.0
2026-08-13,17,capacity_price,3.0556947290409617,2.47
2026-08-13,18,capacity_price,2.291206121733948,2.47
2026-08-13,19,capacity_price,18.462596780523548,7.89
2026-08-13,20,capacity_price,19.163540095137275,33.0
2026-08-13,21,capacity_price,30.970160923238076,9.23
2026-08-13,22,capacity_price,5.856245003954864,2.47
2026-08-13,23,capacity_price,4.254722244789411,2.01
2026-08-14,0,capacity_price,1.7714931576669952,2.28
2026-08-14,1,capacity_price,2.2232300739261674,0.67
2026-08-14,2,capacity_price,1.5024889486149773,0.67
2026-08-14,3,capacity_price,2.0986740503863777,2.28
2026-08-14,4,capacity_price,2.500241537976816,2.43
2026-08-14,5,capacity_price,2.258047021460695,2.43
2026-08-14,6,capacity_price,1.8172922775025622,2.43
2026-08-14,7,capacity_price,2.296870097407023,2.47
2026-08-14,8,capacity_price,2.37490148301068,2.47
2026-08-14,9,capacity_price,2.2216068471107424,2.43
2026-08-14,10,capacity_price,7.572222629249119,2.47
2026-08-14,11,capacity_price,2.900490961011786,4.0
2026-08-14,12,capacity_price,2.9889151587288487,2.43
2026-08-14,13,capacity_price,2.4232219108771504,3.01
2026-08-14,14,capacity_price,2.26062220424562,6.0
2026-08-14,15,capacity_price,2.704155979750691,2.43
2026-08-14,16,capacity_price,2.6405741353733867,2.43
2026-08-14,17,capacity_price,2.5486919765184224,2.43
2026-08-14,18,capacity_price,3.050431217135489,2.43
2026-08-14,19,capacity_price,10.523111515644343,7.89
2026-08-14,20,capacity_price,34.33322916432281,25.1
2026-08-14,21,capacity_price,9.906022765873482,20.0
2026-08-14,22,capacity_price,2.959629119119037,2.43
2026-08-14,23,capacity_price,3.336022184266817,2.01
2026-08-15,0,capacity_price,3.3051913409062266,2.01
2026-08-15,1,capacity_price,2.925817377491252,1.2
2026-08-15,2,capacity_price,2.1209481490892585,2.01
2026-08-15,3,capacity_price,1.8899668722877383,1.2
2026-08-15,4,capacity_price,3.039239163414375,2.01
2026-08-15,5,capacity_price,2.574210477694409,2.19
2026-08-15,6,capacity_price,3.5696012995874495,2.19
2026-08-15,7,capacity_price,3.6983872705813723,2.19
2026-08-15,8,capacity_price,2.894039479939993,2.19
2026-08-15,9,capacity_price,4.139954463657011,2.19
2026-08-15,10,capacity_price,0.720733205594861,2.47
2026-08-15,11,capacity_price,1.6021170981988297,2.19
2026-08-15,12,capacity_price,0.9665163836081399,2.01
2026-08-15,13,capacity_price,-0.6722019066929192,2.01
2026-08-15,14,capacity_price,1.232220854567766,2.01
2026-08-15,15,capacity_price,0.9934013376859261,3.34
2026-08-15,16,capacity_price,3.1174981781688316,6.0
2026-08-15,17,capacity_price,1.6889554010225187,2.26
2026-08-15,18,capacity_price,1.8922062719816353,2.19
2026-08-15,19,capacity_price,6.421027321494982,6.0
2026-08-15,20,capacity_price,8.42041669592096,2.47
2026-08-15,21,capacity_price,21.061836622985975,2.47
2026-08-15,22,capacity_price,3.489482577536389,10.4
2026-08-15,23,capacity_price,2.498439727440341,2.26
2026-08-16,0,capacity_price,2.530796695346991,2.09
2026-08-16,1,capacity_price,1.3207114133242908,0.54
2026-08-16,2,capacity_price,1.4948128648937717,0.54
2026-08-16,3,capacity_price,1.2999635019897946,0.4
2026-08-16,4,capacity_price,1.5766150422730563,0.67
2026-08-16,5,capacity_price,1.718820652264584,9.23
2026-08-16,6,capacity_price,2.490317903676745,2.09
2026-08-16,7,capacity_price,2.2864953600307723,2.09
2026-08-16,8,capacity_price,2.1513519969211354,2.09
2026-08-16,9,capacity_price,2.0578655699090684,2.09
2026-08-16,10,capacity_price,-0.0991998969225465,2.09
2026-08-16,11,capacity_price,-0.17462497363281848,2.01
2026-08-16,12,capacity_price,0.32908079324371586,0.54
2026-08-16,13,capacity_price,-1.4965540423233248,0.4
2026-08-16,14,capacity_price,-0.38439820947770176,0.4
2026-08-16,15,capacity_price,0.06402744613247213,0.67
2026-08-16,16,capacity_price,0.5400249584241896,4.0
2026-08-16,17,capacity_price,2.492499324809774,2.09
2026-08-16,18,capacity_price,2.193533194695048,2.09
2026-08-16,19,capacity_price,6.183642829244074,2.09
2026-08-16,20,capacity_price,21.12427809136137,15.9
2026-08-16,21,capacity_price,18.80806796672941,2.09
2026-08-16,22,capacity_price,17.296587057019515,15.9
2026-08-16,23,capacity_price,6.73533849405401,9.23
2026-08-17,0,capacity_price,1.2400568802340992,2.2
2026-08-17,1,capacity_price,1.567941140655023,0.54
2026-08-17,2,capacity_price,1.5624327043559163,0.67
2026-08-17,3,capacity_price,0.7360801730501227,0.67
2026-08-17,4,capacity_price,1.6668034651497257,9.23
2026-08-17,5,capacity_price,1.355372137991822,2.16
2026-08-17,6,capacity_price,2.062155595601677,2.16
2026-08-17,7,capacity_price,1.237826648136363,2.16
2026-08-17,8,capacity_price,1.9302738647872877,2.16
2026-08-17,9,capacity_price,0.5349160072286456,2.16
2026-08-17,10,capacity_price,-0.13522680983643998,2.16
2026-08-17,11,capacity_price,0.7038185100399486,2.16
2026-08-17,12,capacity_price,1.2934047753185869,2.16
2026-08-17,13,capacity_price,2.046805748545906,2.16
2026-08-17,14,capacity_price,-0.09041602790469094,2.16
2026-08-17,15,capacity_price,1.5271794798772742,2.16
2026-08-17,16,capacity_price,1.781611204634453,7.89
2026-08-17,17,capacity_price,1.786235053745282,2.16
2026-08-17,18,capacity_price,2.580856424467878,2.16
2026-08-17,19,capacity_price,5.133197974822571,9.23
2026-08-17,20,capacity_price,27.50714588760657,2.16
2026-08-17,21,capacity_price,13.689770156724204,23.6
2026-08-17,22,capacity_price,10.539638765257566,2.16
2026-08-17,23,capacity_price,4.3388494777572015,2.2
2026-08-18,0,capacity_price,2.512072004933437,0.54
2026-08-18,1,capacity_price,1.2307230943388145,0.54
2026-08-18,2,capacity_price,1.1617395313900896,0.67
2026-08-18,3,capacity_price,1.071179733608972,0.4
2026-08-18,4,capacity_price,2.3273436056493004,2.08
2026-08-18,5,capacity_price,2.197035974021093,2.08
2026-08-18,6,capacity_price,2.3097311046543534,2.08
2026-08-18,7,capacity_price,2.229111878096269,2.08
2026-08-18,8,capacity_price,2.191225408189668,2.08
2026-08-18,9,capacity_price,0.06824388203131715,2.08
2026-08-18,10,capacity_price,1.1049825644323945,2.08
2026-08-18,11,capacity_price,-1.5345847732671452,2.08
2026-08-18,12,capacity_price,4.025000266847153,2.08
2026-08-18,13,capacity_price,1.043117959568404,2.08
2026-08-18,14,capacity_price,1.5587444793967637,2.08
2026-08-18,15,capacity_price,0.810288489811316,2.08
2026-08-18,16,capacity_price,2.566577023935664,2.08
2026-08-18,17,capacity_price,2.2849404006314176,2.08
2026-08-18,18,capacity_price,2.1045194486422734,2.08
2026-08-18,19,capacity_price,4.539213665079172,9.23
2026-08-18,20,capacity_price,-1.7503745897276346,20.2
2026-08-18,21,capacity_price,-2.2377523408666544,2.08
2026-08-18,22,capacity_price,3.9876204836141156,2.08
2026-08-18,23,capacity_price,3.9262753885837913,0.54
2026-08-19,0,capacity_price,1.4931671267460063,0.4
2026-08-19,1,capacity_price,0.9690733076711134,0.67
2026-08-19,2,capacity_price,0.9922081797120917,0.67
2026-08-19,3,capacity_price,1.0241600447996209,0.67
2026-08-19,4,capacity_price,1.2325567724594866,20.0
2026-08-19,5,capacity_price,2.2954702528464854,2.23
2026-08-19,6,capacity_price,2.7305963102309034,2.23
2026-08-19,7,capacity_price,2.21423914066011,2.23
2026-08-19,8,capacity_price,2.2168667984309494,2.23
2026-08-19,9,capacity_price,2.1897992170012133,2.23
2026-08-19,10,capacity_price,2.3990275360793496,2.23
2026-08-19,11,capacity_price,1.9507939687130715,2.23
2026-08-19,12,capacity_price,5.968148014878659,2.23
2026-08-19,13,capacity_price,4.938007854850801,20.0
2026-08-19,14,capacity_price,2.4880152562407205,9.23
2026-08-19,15,capacity_price,1.2044415659426069,9.23
2026-08-19,16,capacity_price,2.8298218151331467,6.69
2026-08-19,17,capacity_price,2.6587479227810853,2.23
2026-08-19,18,capacity_price,2.4023854510539784,2.23
2026-08-19,19,capacity_price,7.29387291962269,9.23
2026-08-19,20,capacity_price,17.953717197932086,21.0
2026-08-19,21,capacity_price,-11.62360432733655,2.23
2026-08-19,22,capacity_price,8.046972599022164,2.23
2026-08-19,23,capacity_price,3.180066997277324,0.54
2026-08-20,0,capacity_price,2.239975297634377,0.67
2026-08-20,1,capacity_price,-0.5592815699745475,0.67
2026-08-20,2,capacity_price,0.6607727888704589,0.54
2026-08-20,3,capacity_price,2.081425202538873,0.67
2026-08-20,4,capacity_price,3.583792662829778,2.02
2026-08-20,5,capacity_price,4.645344975404295,2.02
2026-08-20,6,capacity_price,2.9719400294034353,2.02
2026-08-20,7,capacity_price,2.38991511134711,2.02
2026-08-20,8,capacity_price,3.88602695938733,2.02
2026-08-20,9,capacity_price,3.339216061295404,2.02
2026-08-20,10,capacity_price,3.399334069874585,2.02
2026-08-20,11,capacity_price,5.157996212862458,2.02
2026-08-20,12,capacity_price,3.5506903351947674,7.89
2026-08-20,13,capacity_price,5.856630980672779,0.54
2026-08-20,14,capacity_price,7.582226599748083,0.54
2026-08-20,15,capacity_price,4.664496167775745,6.69
2026-08-20,16,capacity_price,4.219598352245967,6.69
2026-08-20,17,capacity_price,2.18235166707598,2.02
2026-08-20,18,capacity_price,2.027061811878392,2.02
2026-08-20,19,capacity_price,25.62966189247599,51.5
2026-08-20,20,capacity_price,25.280753409397057,51.5
2026-08-20,21,capacity_price,16.93787501792746,2.02
2026-08-20,22,capacity_price,4.426771930401067,2.02
2026-08-20,23,capacity_price,1.363903064826208,0.67
2026-08-21,0,capacity_price,2.8892881949161433,0.67
2026-08-21,1,capacity_price,0.6273870299710288,0.4
2026-08-21,2,capacity_price,0.48628311054784235,0.4
2026-08-21,3,capacity_price,1.2689776225711416,0.4
2026-08-21,4,capacity_price,4.494217267470747,41.87
2026-08-21,5,capacity_price,3.2081271272479097,2.39
2026-08-21,6,capacity_price,2.705049368406452,2.39
2026-08-21,7,capacity_price,2.42600727598096,2.39
2026-08-21,8,capacity_price,2.3470923141745934,2.39
2026-08-21,9,capacity_price,2.084786028427282,2.39
2026-08-21,10,capacity_price,3.480061389601903,2.39
2026-08-21,11,capacity_price,2.8380543782186347,2.39
2026-08-21,12,capacity_price,6.819155660595679,7.89
2026-08-21,13,capacity_price,24.85033354850122,7.89
2026-08-21,14,capacity_price,6.647280850845896,7.89
2026-08-21,15,capacity_price,1.6798661187953703,9.23
2026-08-21,16,capacity_price,3.170474175690266,2.39
2026-08-21,17,capacity_price,1.4633279085912263,2.39
2026-08-21,18,capacity_price,2.082532747705999,2.39
2026-08-21,19,capacity_price,22.19324214256293,105.41
2026-08-21,20,capacity_price,43.160937051863826,108.75
2026-08-21,21,capacity_price,17.465078242970396,2.39
2026-08-21,22,capacity_price,1.6180085747179973,2.39
2026-08-21,23,capacity_price,0.4499999665441037,7.89
2026-08-22,0,capacity_price,3.994991955180753,2.0
2026-08-22,1,capacity_price,0.7276643874455437,0.54
2026-08-22,2,capacity_price,1.2358649837232005,0.4
2026-08-22,3,capacity_price,1.6049492852321736,0.4
2026-08-22,4,capacity_price,4.015831590064525,0.67
2026-08-22,5,capacity_price,3.0583144915667972,20.0
2026-08-22,6,capacity_price,6.49768924410686,2.4
2026-08-22,7,capacity_price,3.901819573702804,2.4
2026-08-22,8,capacity_price,10.119476822008865,2.4
2026-08-22,9,capacity_price,3.1035751060976047,2.4
2026-08-22,10,capacity_price,3.568672737324442,2.4
2026-08-22,11,capacity_price,2.4445589260641825,1.34
2026-08-22,12,capacity_price,9.489362393878638,0.4
2026-08-22,13,capacity_price,3.1088941226823392,0.4
2026-08-22,14,capacity_price,1.3741401936421291,0.4
2026-08-22,15,capacity_price,3.6096439417465884,0.67
2026-08-22,16,capacity_price,4.352939656950696,0.67
2026-08-22,17,capacity_price,2.466187336044047,2.4
2026-08-22,18,capacity_price,2.490209791102211,2.4
2026-08-22,19,capacity_price,69.54196342044214,46.68
2026-08-22,20,capacity_price,65.71333545955645,2.4
2026-08-22,21,capacity_price,58.26494591204568,2.4
2026-08-22,22,capacity_price,2.9334697957251574,39.33
2026-08-22,23,capacity_price,0.8476391986553418,2.4
2026-08-23,0,capacity_price,-0.054208332662009084,9.23
2026-08-23,1,capacity_price,-0.5001668908443913,2.01
2026-08-23,2,capacity_price,0.025518763528942,0.4
2026-08-23,3,capacity_price,0.5739744254246946,0.67
2026-08-23,4,capacity_price,2.242975987668513,0.4
2026-08-23,5,capacity_price,1.954540114114446,0.67
2026-08-23,6,capacity_price,2.0923207654743328,2.4
2026-08-23,7,capacity_price,1.9040860541538822,2.4
2026-08-23,8,capacity_price,0.4512688301931471,2.4
2026-08-23,9,capacity_price,0.8692018769971945,5.0
2026-08-23,10,capacity_price,-3.2303926145975015,2.45
2026-08-23,11,capacity_price,-0.6632853549733362,0.54
2026-08-23,12,capacity_price,-1.6333072502918435,0.67
2026-08-23,13,capacity_price,-2.485578732209098,0.67
2026-08-23,14,capacity_price,0.45360873813089975,0.4
2026-08-23,15,capacity_price,2.28891183691717,0.67
2026-08-23,16,capacity_price,1.9671765277313862,0.67
2026-08-23,17,capacity_price,2.108469197878221,6.69
2026-08-23,18,capacity_price,2.479330589787394,2.4
2026-08-23,19,capacity_price,60.623569777529596,2.4
2026-08-23,20,capacity_price,42.07997366586643,45.3
2026-08-23,21,capacity_price,-2.2849948430262774,45.3
2026-08-23,22,capacity_price,25.73113396111872,2.4
2026-08-23,23,capacity_price,2.947106668973058,7.89
2026-08-24,0,capacity_price,2.0375874606454256,0.67
2026-08-24,1,capacity_price,1.6224988818276744,0.4
2026-08-24,2,capacity_price,0.7019018752681413,0.67
2026-08-24,3,capacity_price,-0.24349611306968633,0.4
2026-08-24,4,capacity_price,-29.683631728922663,2.01
2026-08-24,5,capacity_price,-0.4260568089411425,2.2
2026-08-24,6,capacity_price,3.2265950972596924,2.2
2026-08-24,7,capacity_price,2.269258068022779,2.2
2026-08-24,8,capacity_price,2.345708574340228,2.2
2026-08-24,9,capacity_price,-0.26303550112233687,2.2
2026-08-24,10,capacity_price,-5.822280492826371,4.0
2026-08-24,11,capacity_price,-2.2416976051350592,4.0
2026-08-24,12,capacity_price,2.0666865923309126,2.2
2026-08-24,13,capacity_price,-0.8282338774779701,6.69
2026-08-24,14,capacity_price,-1.9823043322235305,6.69
2026-08-24,15,capacity_price,-1.8562765043897802,6.69
2026-08-24,16,capacity_price,-4.458053301007756,7.89
2026-08-24,17,capacity_price,0.6200885545261456,2.2
2026-08-24,18,capacity_price,1.9361656868279447,2.2
2026-08-24,19,capacity_price,19.682331499210214,49.4
2026-08-24,20,capacity_price,18.52140189178652,49.4
2026-08-24,21,capacity_price,21.233187229862118,2.2
2026-08-24,22,capacity_price,1.145877024211039,2.2
2026-08-24,23,capacity_price,-1.3541831333232826,7.89
2026-08-26,0,capacity_price,-0.9990511537966276,0.4
2026-08-26,1,capacity_price,0.8413471521551776,0.67
2026-08-26,2,capacity_price,0.4864006968191713,0.67
2026-08-26,3,capacity_price,-0.3680112298999666,0.67
2026-08-26,4,capacity_price,3.237923745127194,2.24
2026-08-26,5,capacity_price,0.4333955736820967,2.24
2026-08-26,6,capacity_price,2.6571321637011973,2.24
2026-08-26,7,capacity_price,1.6922775546406972,2.24
2026-08-26,8,capacity_price,0.8952895979903126,2.24
2026-08-26,9,capacity_price,3.475968822518195,2.24
2026-08-26,10,capacity_price,-1.2529054618797235,25.28
2026-08-26,11,capacity_price,-0.18672940707292307,33.44
2026-08-26,12,capacity_price,3.238770929485125,2.24
2026-08-26,13,capacity_price,2.659317163582248,2.24
2026-08-26,14,capacity_price,3.7325246437459585,2.24
2026-08-26,15,capacity_price,3.1546306173068306,2.24
2026-08-26,16,capacity_price,5.989989953066061,2.24
2026-08-26,17,capacity_price,2.58445888858603,2.24
2026-08-26,18,capacity_price,1.9360236795004622,2.24
2026-08-26,19,capacity_price,66.12809633378865,89.49
2026-08-26,20,capacity_price,33.2904909845405,2.24
2026-08-26,21,capacity_price,13.73181178338608,69.83
2026-08-26,22,capacity_price,1.000320072809518,2.24
2026-08-26,23,capacity_price,-11.141273520299492,0.54
2026-08-27,0,capacity_price,2.7344825623190627,0.4
2026-08-27,1,capacity_price,0.8275782569290229,0.4
2026-08-27,2,capacity_price,-0.24314317750183756,0.67
2026-08-27,3,capacity_price,0.5068414938289976,0.67
2026-08-27,4,capacity_price,3.251876199868696,2.06
2026-08-27,5,capacity_price,-0.5384744545773943,2.06
2026-08-27,6,capacity_price,3.136594218557821,2.06
2026-08-27,7,capacity_price,2.1879155793957277,2.06
2026-08-27,8,capacity_price,4.008180834254856,2.06
2026-08-27,9,capacity_price,10.373146704715595,2.06
2026-08-27,10,capacity_price,3.3191102042139407,4.0
2026-08-27,11,capacity_price,3.142562506883687,2.06
2026-08-27,12,capacity_price,0.9887030264545393,2.06
2026-08-27,13,capacity_price,13.568677561783293,2.06
2026-08-27,14,capacity_price,4.999833084825263,2.94
2026-08-27,15,capacity_price,8.191276288804922,20.07
2026-08-27,16,capacity_price,5.378799478444045,2.06
2026-08-27,17,capacity_price,3.0929740197436963,2.06
2026-08-27,18,capacity_price,3.1786126384539606,133.77
2026-08-27,19,capacity_price,42.32067542803983,60.87
2026-08-27,20,capacity_price,50.687286077622474,2.06
2026-08-27,21,capacity_price,17.50642813898758,2.06
2026-08-27,22,capacity_price,2.5393242518653025,2.06
2026-08-27,23,capacity_price,5.193412256224811,0.54
2026-08-28,0,capacity_price,0.7923128731883848,0.4
2026-08-28,1,capacity_price,0.5151312123254856,0.67
2026-08-28,2,capacity_price,-0.17775698820769803,0.54
2026-08-28,3,capacity_price,0.3391720787399291,0.54
2026-08-28,4,capacity_price,-21.21670751406689,2.01
2026-08-28,5,capacity_price,1.9485486361630344,2.01
2026-08-28,6,capacity_price,2.3330113452287873,2.01
2026-08-28,7,capacity_price,0.13045321188617365,2.01
2026-08-28,8,capacity_price,1.8422722445842807,2.01
2026-08-28,9,capacity_price,3.1988215136259828,2.01
2026-08-28,10,capacity_price,1.967413595060317,2.01
2026-08-28,11,capacity_price,-1.7265602404335483,2.01
2026-08-28,12,capacity_price,1.7994891395498054,2.01
2026-08-28,13,capacity_price,0.65156095110905,2.01
2026-08-28,14,capacity_price,-6.9545001297095945,2.01
2026-08-28,15,capacity_price,-0.3028010029606385,2.01
2026-08-28,16,capacity_price,1.7590274424247996,2.01
2026-08-28,17,capacity_price,2.5364870673211533,2.01
2026-08-28,18,capacity_price,3.441152064149911,2.01
2026-08-28,19,capacity_price,12.229451303601,77.2
2026-08-28,20,capacity_price,34.18333188699668,2.01
2026-08-28,21,capacity_price,-42.231652548053795,28.8
2026-08-28,22,capacity_price,0.14487764619183574,2.01
2026-08-28,23,capacity_price,15.603908570015886,0.54
