delivery_day,target,hour,forecast,actual
2026-01-28,day_ahead_price,0,78.87875,96.76499925
2026-01-28,day_ahead_price,1,77.036255,97.2624985
2026-01-28,day_ahead_price,2,72.805,97.254999
2026-01-28,day_ahead_price,3,70.205,97.675001
2026-01-28,day_ahead_price,4,67.65375,97.21749875
2026-01-28,day_ahead_price,5,65.2825,98.28999925
2026-01-28,day_ahead_price,6,73.369995,109.03249749999999
2026-01-28,day_ahead_price,7,82.59125,138.39249974999998
2026-01-28,day_ahead_price,8,90.28875,171.02000049999998
2026-01-28,day_ahead_price,9,89.33625,172.5600015
2026-01-28,day_ahead_price,10,85.6275,171.1174965
2026-01-28,day_ahead_price,11,79.3375,162.42750174999998
2026-01-28,day_ahead_price,12,77.307495,152.1375005
2026-01-28,day_ahead_price,13,77.784996,142.012497
2026-01-28,day_ahead_price,14,81.009995,134.42000175
2026-01-28,day_ahead_price,15,88.685,137.02749649999998
2026-01-28,day_ahead_price,16,96.917496,146.47999950000002
2026-01-28,day_ahead_price,17,111.82,162.0374985
2026-01-28,day_ahead_price,18,112.8075,170.0550005
2026-01-28,day_ahead_price,19,107.21,153.82000324999998
2026-01-28,day_ahead_price,20,94.285,133.8449955
2026-01-28,day_ahead_price,21,88.39875,117.35000025000001
2026-01-28,day_ahead_price,22,84.3675,111.27249900000001
2026-01-28,day_ahead_price,23,78.02625,105.73499874999999
2026-01-28,capacity_price,0,1.21,0.54
2026-01-28,capacity_price,1,1.21,0.67
2026-01-28,capacity_price,2,1.21,0.67
2026-01-28,capacity_price,3,1.21,0.67
2026-01-28,capacity_price,4,1.34,0.67
2026-01-28,capacity_price,5,3.53,3.35
2026-01-28,capacity_price,6,6.7,13.26
2026-01-28,capacity_price,7,11.35,13.32
2026-01-28,capacity_price,8,24.9,46.59
2026-01-28,capacity_price,9,12.530001,39.23
2026-01-28,capacity_price,10,12.56,80.35
2026-01-28,capacity_price,11,8.13,71.36
2026-01-28,capacity_price,12,8.295,46.59
2026-01-28,capacity_price,13,6.7,60.92
2026-01-28,capacity_price,14,9.285,46.59
2026-01-28,capacity_price,15,19.675,46.59
2026-01-28,capacity_price,16,34.48,80.35
2026-01-28,capacity_price,17,45.385,80.35
2026-01-28,capacity_price,18,44.59,80.35
2026-01-28,capacity_price,19,44.92,80.35
2026-01-28,capacity_price,20,31.515,74.58
2026-01-28,capacity_price,21,24.9,62.77
2026-01-28,capacity_price,22,10.0,13.39
2026-01-28,capacity_price,23,10.905001,1.21
2026-01-28,activation_volume,0,16.275,56.54
2026-01-28,activation_volume,1,19.83,46.56
2026-01-28,activation_volume,2,11.309999,22.06
2026-01-28,activation_volume,3,4.075,0.0
2026-01-28,activation_volume,4,5.26,4.54
2026-01-28,activation_volume,5,7.6000004,2.45
2026-01-28,activation_volume,6,14.395,17.599999999999998
2026-01-28,activation_volume,7,8.67,13.910000000000002
2026-01-28,activation_volume,8,15.305,3.3499999999999996
2026-01-28,activation_volume,9,18.34,2.17
2026-01-28,activation_volume,10,12.370001,39.44
2026-01-28,activation_volume,11,14.41,9.26
2026-01-28,activation_volume,12,14.0,0.44
2026-01-28,activation_volume,13,13.07,7.1899999999999995
2026-01-28,activation_volume,14,10.89,7.989999999999999
2026-01-28,activation_volume,15,10.45,4.27
2026-01-28,activation_volume,16,15.55,1.92
2026-01-28,activation_volume,17,14.245,5.67
2026-01-28,activation_volume,18,5.865,0.0
2026-01-28,activation_volume,19,5.385,0.0
2026-01-28,activation_volume,20,3.59,0.0
2026-01-28,activation_volume,21,4.21,0.0
2026-01-28,activation_volume,22,5.1099997,0.0
2026-01-28,activation_volume,23,4.76,0.31
2026-01-28,activation_price,0,106.14351,551.7278440042447
2026-01-28,activation_price,1,89.77057,177.9866043814433
2026-01-28,activation_price,2,90.764435,133.3132048957389
2026-01-28,activation_price,3,57.99904,
2026-01-28,activation_price,4,77.02311,116.74504405286345
2026-01-28,activation_price,5,81.605736,122.02085714285714
2026-01-28,activation_price,6,115.77177,221.6976931818182
2026-01-28,activation_price,7,114.96277,313.99523364485975
2026-01-28,activation_price,8,126.02173,160.1754328358209
2026-01-28,activation_price,9,131.69995,174.31700460829492
2026-01-28,activation_price,10,123.17714,1880.7294320486817
2026-01-28,activation_price,11,119.62627,178.51993520518357
2026-01-28,activation_price,12,116.82215,156.3
2026-01-28,activation_price,13,119.39059,224.0597218358832
2026-01-28,activation_price,14,116.704315,208.758760951189
2026-01-28,activation_price,15,112.470055,435.6332552693209
2026-01-28,activation_price,16,120.620804,146.32729166666667
2026-01-28,activation_price,17,144.44847,140.27012345679012
2026-01-28,activation_price,18,114.4436,
2026-01-28,activation_price,19,105.50513,
2026-01-28,activation_price,20,92.48073,
2026-01-28,activation_price,21,92.240944,
2026-01-28,activation_price,22,93.37502,
2026-01-28,activation_price,23,85.63266,118.76
2026-01-29,day_ahead_price,0,62.23875,104.55000125
2026-01-29,day_ahead_price,1,62.93,104.0
2026-01-29,day_ahead_price,2,60.761253,101.88000075000001
2026-01-29,day_ahead_price,3,58.2475,100.02250099999999
2026-01-29,day_ahead_price,4,57.91375,100.93250075
2026-01-29,day_ahead_price,5,57.0325,104.3900015
2026-01-29,day_ahead_price,6,67.652504,111.62499975
2026-01-29,day_ahead_price,7,80.44125,133.86750025
2026-01-29,day_ahead_price,8,88.40625,157.29000100000002
2026-01-29,day_ahead_price,9,82.47,158.31000125
2026-01-29,day_ahead_price,10,81.26375,147.699997
2026-01-29,day_ahead_price,11,77.70875,138.4124985
2026-01-29,day_ahead_price,12,76.46125,130.24500075
2026-01-29,day_ahead_price,13,77.025,128.4550015
2026-01-29,day_ahead_price,14,80.7125,129.2525005
2026-01-29,day_ahead_price,15,83.665,129.994999
2026-01-29,day_ahead_price,16,97.0325,142.49249675000002
2026-01-29,day_ahead_price,17,105.667496,130.249996
2026-01-29,day_ahead_price,18,105.1425,138.0
2026-01-29,day_ahead_price,19,95.37875,126.91000000000001
2026-01-29,day_ahead_price,20,87.432495,117.2800005
2026-01-29,day_ahead_price,21,77.94,111.08499900000001
2026-01-29,day_ahead_price,22,75.14751,106.5925005
2026-01-29,day_ahead_price,23,69.53,98.77750025
2026-01-29,capacity_price,0,1.21,0.67
2026-01-29,capacity_price,1,1.21,0.54
2026-01-29,capacity_price,2,1.2,0.54
2026-01-29,capacity_price,3,1.21,0.67
2026-01-29,capacity_price,4,1.21,0.67
2026-01-29,capacity_price,5,2.6550002,1.21
2026-01-29,capacity_price,6,6.43,10.0
2026-01-29,capacity_price,7,11.265,10.0
2026-01-29,capacity_price,8,24.9,13.32
2026-01-29,capacity_price,9,13.39,13.39
2026-01-29,capacity_price,10,7.215,16.25
2026-01-29,capacity_price,11,6.7,13.39
2026-01-29,capacity_price,12,6.7,13.32
2026-01-29,capacity_price,13,6.7,13.39
2026-01-29,capacity_price,14,7.46,13.32
2026-01-29,capacity_price,15,13.26,13.32
2026-01-29,capacity_price,16,25.09,13.39
2026-01-29,capacity_price,17,46.44,74.33
2026-01-29,capacity_price,18,44.59,80.36
2026-01-29,capacity_price,19,38.46,80.36
2026-01-29,capacity_price,20,28.74,62.12
2026-01-29,capacity_price,21,19.44,13.39
2026-01-29,capacity_price,22,9.51,6.7
2026-01-29,capacity_price,23,6.7799997,1.21
2026-01-29,activation_volume,0,28.64,3.5
2026-01-29,activation_volume,1,19.55,20.23
2026-01-29,activation_volume,2,9.98,5.960000000000001
2026-01-29,activation_volume,3,3.29,18.310000000000002
2026-01-29,activation_volume,4,5.83,1.01
2026-01-29,activation_volume,5,12.84,0.07
2026-01-29,activation_volume,6,17.915,30.740000000000002
2026-01-29,activation_volume,7,8.91,12.36
2026-01-29,activation_volume,8,17.8,14.290000000000001
2026-01-29,activation_volume,9,15.02,20.810000000000002
2026-01-29,activation_volume,10,11.39,55.879999999999995
2026-01-29,activation_volume,11,11.02,5.300000000000001
2026-01-29,activation_volume,12,13.425,8.1
2026-01-29,activation_volume,13,12.83,11.02
2026-01-29,activation_volume,14,13.65,0.16
2026-01-29,activation_volume,15,13.855,5.26
2026-01-29,activation_volume,16,13.15,0.44
2026-01-29,activation_volume,17,10.815001,0.0
2026-01-29,activation_volume,18,3.29,3.57
2026-01-29,activation_volume,19,5.02,0.0
2026-01-29,activation_volume,20,3.6100001,0.0
2026-01-29,activation_volume,21,4.66,0.0
2026-01-29,activation_volume,22,5.23,0.0
2026-01-29,activation_volume,23,5.085,0.22
2026-01-29,activation_price,0,101.67447,85.52148571428572
2026-01-29,activation_price,1,84.61,119.37872960949088
2026-01-29,activation_price,2,74.38721,126.1844798657718
2026-01-29,activation_price,3,53.52,141.82878208629162
2026-01-29,activation_price,4,69.695656,124.12514851485149
2026-01-29,activation_price,5,83.99966,98.84
2026-01-29,activation_price,6,110.3917,352.9000878334417
2026-01-29,activation_price,7,112.526886,176.1413430420712
2026-01-29,activation_price,8,123.59149,202.61379286214134
2026-01-29,activation_price,9,124.229164,329.3980345987506
2026-01-29,activation_price,10,113.84397,2032.433502147459
2026-01-29,activation_price,11,105.747154,166.89205660377357
2026-01-29,activation_price,12,106.81599,259.0048888888889
2026-01-29,activation_price,13,94.68889,663.4976225045373
2026-01-29,activation_price,14,101.818054,126.05999999999999
2026-01-29,activation_price,15,125.35334,183.54057034220534
2026-01-29,activation_price,16,95.28183,125.03
2026-01-29,activation_price,17,117.46262,
2026-01-29,activation_price,18,98.5878,169.40789915966388
2026-01-29,activation_price,19,89.838455,
2026-01-29,activation_price,20,91.82214,
2026-01-29,activation_price,21,91.21047,
2026-01-29,activation_price,22,87.91951,
2026-01-29,activation_price,23,88.55833,93.25545454545455
2026-01-30,day_ahead_price,0,72.39,98.66999975
2026-01-30,day_ahead_price,1,68.706245,95.51749975000001
2026-01-30,day_ahead_price,2,70.87125,94.45000050000002
2026-01-30,day_ahead_price,3,66.32,89.8150005
2026-01-30,day_ahead_price,4,64.6475,86.98999975
2026-01-30,day_ahead_price,5,65.103745,85.16250025
2026-01-30,day_ahead_price,6,72.675,92.397501
2026-01-30,day_ahead_price,7,86.48125,109.9000015
2026-01-30,day_ahead_price,8,98.20375,126.99499875000001
2026-01-30,day_ahead_price,9,86.25,124.78000275
2026-01-30,day_ahead_price,10,83.115,121.5699995
2026-01-30,day_ahead_price,11,79.0025,107.99499899999999
2026-01-30,day_ahead_price,12,76.958755,101.94749825
2026-01-30,day_ahead_price,13,77.409996,100.722498
2026-01-30,day_ahead_price,14,82.1725,98.02000025
2026-01-30,day_ahead_price,15,83.665,98.28249925
2026-01-30,day_ahead_price,16,97.0325,102.892502
2026-01-30,day_ahead_price,17,108.485,107.00749975
2026-01-30,day_ahead_price,18,108.25,105.3600005
2026-01-30,day_ahead_price,19,97.505,86.14999974999999
2026-01-30,day_ahead_price,20,87.7125,87.68249875000001
2026-01-30,day_ahead_price,21,79.7975,85.9300005
2026-01-30,day_ahead_price,22,75.4525,80.17249875
2026-01-30,day_ahead_price,23,68.40875,83.460003
2026-01-30,capacity_price,0,1.21,0.67
2026-01-30,capacity_price,1,1.205,0.67
2026-01-30,capacity_price,2,0.67,0.67
2026-01-30,capacity_price,3,1.21,0.67
2026-01-30,capacity_price,4,1.2750001,0.67
2026-01-30,capacity_price,5,2.6550002,1.21
2026-01-30,capacity_price,6,6.69,1.21
2026-01-30,capacity_price,7,8.025,1.21
2026-01-30,capacity_price,8,13.26,10.0
2026-01-30,capacity_price,9,11.645,13.26
2026-01-30,capacity_price,10,11.63,13.26
2026-01-30,capacity_price,11,9.745,13.26
2026-01-30,capacity_price,12,10.0,13.39
2026-01-30,capacity_price,13,6.7,22.49
2026-01-30,capacity_price,14,9.285,20.88
2026-01-30,capacity_price,15,13.26,13.33
2026-01-30,capacity_price,16,20.08,13.33
2026-01-30,capacity_price,17,34.105003,51.97
2026-01-30,capacity_price,18,39.565002,48.05
2026-01-30,capacity_price,19,37.295,32.68
2026-01-30,capacity_price,20,28.744999,24.18
2026-01-30,capacity_price,21,19.555,13.26
2026-01-30,capacity_price,22,6.7799997,15.15
2026-01-30,capacity_price,23,6.69,1.21
2026-01-30,activation_volume,0,25.994999,14.950000000000001
2026-01-30,activation_volume,1,20.105,28.04
2026-01-30,activation_volume,2,9.895,5.5
2026-01-30,activation_volume,3,3.38,0.26
2026-01-30,activation_volume,4,3.68,29.540000000000003
2026-01-30,activation_volume,5,8.98,15.51
2026-01-30,activation_volume,6,15.33,44.0
2026-01-30,activation_volume,7,9.56,30.96
2026-01-30,activation_volume,8,14.85,13.98
2026-01-30,activation_volume,9,12.205,32.69
2026-01-30,activation_volume,10,13.92,32.1
2026-01-30,activation_volume,11,11.63,1.77
2026-01-30,activation_volume,12,15.065001,0.31
2026-01-30,activation_volume,13,15.085,0.05
2026-01-30,activation_volume,14,13.96,4.28
2026-01-30,activation_volume,15,15.5,0.0
2026-01-30,activation_volume,16,14.12,1.8
2026-01-30,activation_volume,17,11.8,0.0
2026-01-30,activation_volume,18,2.875,0.0
2026-01-30,activation_volume,19,3.83,0.0
2026-01-30,activation_volume,20,2.8899999,0.0
2026-01-30,activation_volume,21,3.82,0.42
2026-01-30,activation_volume,22,5.19,1.57
2026-01-30,activation_volume,23,1.655,1.86
2026-01-30,activation_price,0,98.35374,115.38277591973244
2026-01-30,activation_price,1,84.422516,117.09625178316692
2026-01-30,activation_price,2,82.58048,125.68399999999998
2026-01-30,activation_price,3,58.66452,93.56115384615384
2026-01-30,activation_price,4,66.34813,133.0472105619499
2026-01-30,activation_price,5,81.57387,122.5086976144423
2026-01-30,activation_price,6,121.15183,165.70512272727274
2026-01-30,activation_price,7,116.90196,208.188669250646
2026-01-30,activation_price,8,122.07011,210.7691273247496
2026-01-30,activation_price,9,108.888885,189.25448455185074
2026-01-30,activation_price,10,123.17714,257.1304859813084
2026-01-30,activation_price,11,104.521805,193.65079096045196
2026-01-30,activation_price,12,111.35046,115.48967741935483
2026-01-30,activation_price,13,112.5481,103.57999999999998
2026-01-30,activation_price,14,120.02188,117.91039719626168
2026-01-30,activation_price,15,137.8465,
2026-01-30,activation_price,16,123.22528,108.10566666666666
2026-01-30,activation_price,17,119.37824,
2026-01-30,activation_price,18,90.254234,
2026-01-30,activation_price,19,89.838455,
2026-01-30,activation_price,20,83.84255,
2026-01-30,activation_price,21,94.06833,77.56
2026-01-30,activation_price,22,86.619995,91.65636942675161
2026-01-30,activation_price,23,81.9,103.83612903225806
2026-01-31,day_ahead_price,0,69.5175,95.00000025
2026-01-31,day_ahead_price,1,67.307495,92.965
2026-01-31,day_ahead_price,2,72.27875,86.7474995
2026-01-31,day_ahead_price,3,71.065,82.33000200000001
2026-01-31,day_ahead_price,4,67.65375,80.49000174999999
2026-01-31,day_ahead_price,5,67.181244,82.13999949999999
2026-01-31,day_ahead_price,6,81.3425,81.74500075
2026-01-31,day_ahead_price,7,91.45375,83.59749975
2026-01-31,day_ahead_price,8,98.085,87.79750075000001
2026-01-31,day_ahead_price,9,94.97125,96.02249925000001
2026-01-31,day_ahead_price,10,89.25,91.13500025
2026-01-31,day_ahead_price,11,84.5475,92.92499725
2026-01-31,day_ahead_price,12,81.39875,91.91500099999999
2026-01-31,day_ahead_price,13,84.0,92.06249825
2026-01-31,day_ahead_price,14,90.215004,91.3999995
2026-01-31,day_ahead_price,15,96.8975,96.09499925
2026-01-31,day_ahead_price,16,106.5225,96.02249925
2026-01-31,day_ahead_price,17,119.25625,89.262499
2026-01-31,day_ahead_price,18,113.215,84.2874985
2026-01-31,day_ahead_price,19,103.7775,84.130001
2026-01-31,day_ahead_price,20,93.16625,81.5149995
2026-01-31,day_ahead_price,21,90.5225,81.535
2026-01-31,day_ahead_price,22,86.045,78.9975015
2026-01-31,day_ahead_price,23,81.025,87.70000075
2026-01-31,capacity_price,0,1.21,0.67
2026-01-31,capacity_price,1,1.21,0.67
2026-01-31,capacity_price,2,1.21,0.35
2026-01-31,capacity_price,3,1.21,0.35
2026-01-31,capacity_price,4,2.6550002,0.31
2026-01-31,capacity_price,5,6.02,0.67
2026-01-31,capacity_price,6,11.13,0.67
2026-01-31,capacity_price,7,21.93,0.67
2026-01-31,capacity_price,8,25.375,0.67
2026-01-31,capacity_price,9,23.88,1.21
2026-01-31,capacity_price,10,15.255,1.21
2026-01-31,capacity_price,11,18.08,1.21
2026-01-31,capacity_price,12,16.18,1.21
2026-01-31,capacity_price,13,11.84,1.21
2026-01-31,capacity_price,14,16.34,1.21
2026-01-31,capacity_price,15,29.46,1.21
2026-01-31,capacity_price,16,36.15,10.18
2026-01-31,capacity_price,17,51.67,13.39
2026-01-31,capacity_price,18,51.41,13.39
2026-01-31,capacity_price,19,50.265,13.39
2026-01-31,capacity_price,20,38.495,13.39
2026-01-31,capacity_price,21,27.45,13.26
2026-01-31,capacity_price,22,20.88,1.21
2026-01-31,capacity_price,23,13.04,0.67
2026-01-31,activation_volume,0,22.635,1.3
2026-01-31,activation_volume,1,10.545,6.9399999999999995
2026-01-31,activation_volume,2,6.78,20.84
2026-01-31,activation_volume,3,4.14,2.58
2026-01-31,activation_volume,4,5.25,0.05
2026-01-31,activation_volume,5,9.61,0.0
2026-01-31,activation_volume,6,15.555,0.0
2026-01-31,activation_volume,7,9.61,0.33
2026-01-31,activation_volume,8,15.87,0.5800000000000001
2026-01-31,activation_volume,9,12.52,0.38
2026-01-31,activation_volume,10,10.65,0.9
2026-01-31,activation_volume,11,14.4,2.42
2026-01-31,activation_volume,12,13.1,0.0
2026-01-31,activation_volume,13,15.809999,0.11
2026-01-31,activation_volume,14,13.285,0.03
2026-01-31,activation_volume,15,10.79,0.0
2026-01-31,activation_volume,16,10.299999,1.3399999999999999
2026-01-31,activation_volume,17,13.205,0.66
2026-01-31,activation_volume,18,4.12,0.4
2026-01-31,activation_volume,19,5.39,0.0
2026-01-31,activation_volume,20,4.35,0.28
2026-01-31,activation_volume,21,2.05,0.15
2026-01-31,activation_volume,22,4.265,1.41
2026-01-31,activation_volume,23,4.8,3.26
2026-01-31,activation_price,0,110.20763,85.03307692307692
2026-01-31,activation_price,1,84.422516,89.01548991354467
2026-01-31,activation_price,2,74.085625,133.56906909788867
2026-01-31,activation_price,3,67.84301,118.97116279069768
2026-01-31,activation_price,4,83.62002,84.61
2026-01-31,activation_price,5,93.80127,
2026-01-31,activation_price,6,136.8548,
2026-01-31,activation_price,7,115.01867,115.43999999999998
2026-01-31,activation_price,8,125.298615,104.25275862068965
2026-01-31,activation_price,9,131.69995,112.38078947368422
2026-01-31,activation_price,10,121.509384,102.58155555555554
2026-01-31,activation_price,11,118.87797,110.46000000000001
2026-01-31,activation_price,12,106.81599,
2026-01-31,activation_price,13,123.20723,104.25545454545454
2026-01-31,activation_price,14,143.10013,107.65
2026-01-31,activation_price,15,130.03365,
2026-01-31,activation_price,16,124.41454,118.8073880597015
2026-01-31,activation_price,17,145.15498,107.3330303030303
2026-01-31,activation_price,18,120.87537,97.2
2026-01-31,activation_price,19,116.1318,
2026-01-31,activation_price,20,105.40613,95.41
2026-01-31,activation_price,21,100.681854,90.42
2026-01-31,activation_price,22,88.80662,94.6518439716312
2026-01-31,activation_price,23,93.103806,112.04
2026-02-01,day_ahead_price,0,69.863754,92.99250025
2026-02-01,day_ahead_price,1,68.066246,93.665001
2026-02-01,day_ahead_price,2,66.9425,78.1175005
2026-02-01,day_ahead_price,3,67.515,87.6875
2026-02-01,day_ahead_price,4,64.2425,88.57999949999999
2026-02-01,day_ahead_price,5,64.655,90.4575025
2026-02-01,day_ahead_price,6,77.20625,85.6875
2026-02-01,day_ahead_price,7,88.595,84.46250175
2026-02-01,day_ahead_price,8,95.9775,91.0299985
2026-02-01,day_ahead_price,9,87.03,89.61750025
2026-02-01,day_ahead_price,10,81.565,91.0650005
2026-02-01,day_ahead_price,11,78.67,90.5999985
2026-02-01,day_ahead_price,12,75.99,92.2924975
2026-02-01,day_ahead_price,13,79.575,90.7474995
2026-02-01,day_ahead_price,14,86.9,94.01750025
2026-02-01,day_ahead_price,15,95.0825,95.78749825
2026-02-01,day_ahead_price,16,97.515,102.075001
2026-02-01,day_ahead_price,17,102.485,106.43000024999999
2026-02-01,day_ahead_price,18,101.285,103.05249975
2026-02-01,day_ahead_price,19,98.6175,86.01000024999999
2026-02-01,day_ahead_price,20,89.0,86.14249975
2026-02-01,day_ahead_price,21,80.32,91.5699995
2026-02-01,day_ahead_price,22,76.8125,84.94250124999999
2026-02-01,day_ahead_price,23,73.854996,82.05499825
2026-02-01,capacity_price,0,1.21,0.67
2026-02-01,capacity_price,1,1.21,0.31
2026-02-01,capacity_price,2,1.21,0.54
2026-02-01,capacity_price,3,1.21,0.54
2026-02-01,capacity_price,4,1.21,0.31
2026-02-01,capacity_price,5,3.8200002,0.54
2026-02-01,capacity_price,6,10.01,1.21
2026-02-01,capacity_price,7,10.3,1.21
2026-02-01,capacity_price,8,9.115,0.67
2026-02-01,capacity_price,9,9.389999,1.21
2026-02-01,capacity_price,10,10.0,1.21
2026-02-01,capacity_price,11,6.7,1.21
2026-02-01,capacity_price,12,8.665,1.21
2026-02-01,capacity_price,13,6.7,1.21
2026-02-01,capacity_price,14,7.08,1.21
2026-02-01,capacity_price,15,17.26,1.21
2026-02-01,capacity_price,16,25.09,9.89
2026-02-01,capacity_price,17,45.195,13.26
2026-02-01,capacity_price,18,41.84,13.26
2026-02-01,capacity_price,19,37.59,13.66
2026-02-01,capacity_price,20,30.195,13.26
2026-02-01,capacity_price,21,16.445,13.26
2026-02-01,capacity_price,22,6.7,1.21
2026-02-01,capacity_price,23,7.94,0.67
2026-02-01,activation_volume,0,25.42,14.02
2026-02-01,activation_volume,1,14.375,16.02
2026-02-01,activation_volume,2,6.5699997,2.29
2026-02-01,activation_volume,3,4.675,0.0
2026-02-01,activation_volume,4,4.48,0.0
2026-02-01,activation_volume,5,11.43,0.74
2026-02-01,activation_volume,6,12.235001,0.24
2026-02-01,activation_volume,7,7.89,0.35
2026-02-01,activation_volume,8,14.530001,7.550000000000001
2026-02-01,activation_volume,9,9.030001,2.21
2026-02-01,activation_volume,10,15.375,0.0
2026-02-01,activation_volume,11,10.549999,1.25
2026-02-01,activation_volume,12,13.1,1.4999999999999998
2026-02-01,activation_volume,13,15.085,15.549999999999999
2026-02-01,activation_volume,14,14.805,5.2
2026-02-01,activation_volume,15,15.715,0.0
2026-02-01,activation_volume,16,10.99,0.17
2026-02-01,activation_volume,17,11.8,28.17
2026-02-01,activation_volume,18,3.23,0.0
2026-02-01,activation_volume,19,6.14,18.39
2026-02-01,activation_volume,20,2.8899999,17.08
2026-02-01,activation_volume,21,2.1,0.48
2026-02-01,activation_volume,22,4.9,0.0
2026-02-01,activation_volume,23,1.96,0.0
2026-02-01,activation_price,0,101.101,100.6005206847361
2026-02-01,activation_price,1,82.17479,92.27479400749064
2026-02-01,activation_price,2,74.5703,77.907903930131
2026-02-01,activation_price,3,65.37674,
2026-02-01,activation_price,4,71.84073,
2026-02-01,activation_price,5,87.12741,34.44
2026-02-01,activation_price,6,105.07227,42.58
2026-02-01,activation_price,7,108.360855,32.55285714285714
2026-02-01,activation_price,8,116.86303,95.18185430463576
2026-02-01,activation_price,9,104.86593,85.89067873303168
2026-02-01,activation_price,10,118.335304,
2026-02-01,activation_price,11,101.09453,83.42328
2026-02-01,activation_price,12,106.81599,80.22026666666667
2026-02-01,activation_price,13,113.80296,103.79244372990354
2026-02-01,activation_price,14,117.72429,106.03730769230769
2026-02-01,activation_price,15,132.57803,
2026-02-01,activation_price,16,108.51067,33.8
2026-02-01,activation_price,17,133.9789,161.3047816826411
2026-02-01,activation_price,18,107.20343,
2026-02-01,activation_price,19,94.98091,137.10644371941274
2026-02-01,activation_price,20,83.84255,149.25
2026-02-01,activation_price,21,92.240944,172.09500000000003
2026-02-01,activation_price,22,85.449585,
2026-02-01,activation_price,23,85.76189,
2026-02-02,day_ahead_price,0,78.675,84.370001
2026-02-02,day_ahead_price,1,77.973755,83.65999975
2026-02-02,day_ahead_price,2,74.761246,85.99250025
2026-02-02,day_ahead_price,3,73.765,86.76000025
2026-02-02,day_ahead_price,4,73.67,84.1525
2026-02-02,day_ahead_price,5,71.2,86.58
2026-02-02,day_ahead_price,6,75.1425,96.95750050000001
2026-02-02,day_ahead_price,7,88.61,117.6725005
2026-02-02,day_ahead_price,8,95.0,126.0
2026-02-02,day_ahead_price,9,86.695,121.99499899999999
2026-02-02,day_ahead_price,10,84.4975,118.48749925
2026-02-02,day_ahead_price,11,82.95125,112.65999975
2026-02-02,day_ahead_price,12,79.6475,107.9375
2026-02-02,day_ahead_price,13,81.9325,103.90999975000001
2026-02-02,day_ahead_price,14,88.3275,102.90249999999999
2026-02-02,day_ahead_price,15,95.8375,99.99999775
2026-02-02,day_ahead_price,16,104.5525,103.01
2026-02-02,day_ahead_price,17,113.7975,113.9050005
2026-02-02,day_ahead_price,18,109.81875,112.98999975
2026-02-02,day_ahead_price,19,99.36875,104.687498
2026-02-02,day_ahead_price,20,90.125,102.205
2026-02-02,day_ahead_price,21,83.1425,99.00250075
2026-02-02,day_ahead_price,22,80.8675,95.56749925
2026-02-02,day_ahead_price,23,76.1525,88.93499924999999
2026-02-02,capacity_price,0,1.21,0.31
2026-02-02,capacity_price,1,1.21,0.31
2026-02-02,capacity_price,2,1.21,0.31
2026-02-02,capacity_price,3,1.21,0.31
2026-02-02,capacity_price,4,1.34,0.67
2026-02-02,capacity_price,5,5.3,1.21
2026-02-02,capacity_price,6,7.97,1.21
2026-02-02,capacity_price,7,13.07,3.35
2026-02-02,capacity_price,8,24.9,6.7
2026-02-02,capacity_price,9,16.975,13.26
2026-02-02,capacity_price,10,13.395,13.26
2026-02-02,capacity_price,11,8.69,10.0
2026-02-02,capacity_price,12,10.04,1.21
2026-02-02,capacity_price,13,7.75,3.35
2026-02-02,capacity_price,14,7.46,1.21
2026-02-02,capacity_price,15,17.535,10.0
2026-02-02,capacity_price,16,34.48,10.0
2026-02-02,capacity_price,17,45.62,13.32
2026-02-02,capacity_price,18,51.4,13.32
2026-02-02,capacity_price,19,46.215,17.62
2026-02-02,capacity_price,20,36.95,6.7
2026-02-02,capacity_price,21,24.9,8.11
2026-02-02,capacity_price,22,9.855,1.21
2026-02-02,capacity_price,23,7.4700003,0.67
2026-02-02,activation_volume,0,19.785,36.529999999999994
2026-02-02,activation_volume,1,15.2,79.32
2026-02-02,activation_volume,2,9.9,0.0
2026-02-02,activation_volume,3,5.07,0.0
2026-02-02,activation_volume,4,4.99,37.81
2026-02-02,activation_volume,5,5.24,48.08
2026-02-02,activation_volume,6,14.72,44.07
2026-02-02,activation_volume,7,10.14,10.56
2026-02-02,activation_volume,8,14.85,11.14
2026-02-02,activation_volume,9,12.71,1.93
2026-02-02,activation_volume,10,9.605,0.22
2026-02-02,activation_volume,11,11.16,0.77
2026-02-02,activation_volume,12,13.1,0.01
2026-02-02,activation_volume,13,12.83,5.72
2026-02-02,activation_volume,14,13.264999,18.86
2026-02-02,activation_volume,15,12.299999,0.1
2026-02-02,activation_volume,16,14.25,11.43
2026-02-02,activation_volume,17,7.9849997,9.71
2026-02-02,activation_volume,18,3.83,0.0
2026-02-02,activation_volume,19,5.255,0.04
2026-02-02,activation_volume,20,5.05,3.04
2026-02-02,activation_volume,21,7.455,0.0
2026-02-02,activation_volume,22,5.775,5.83
2026-02-02,activation_volume,23,4.3450003,1.64
2026-02-02,activation_price,0,102.497086,100.17946892964687
2026-02-02,activation_price,1,89.77057,119.64951336359051
2026-02-02,activation_price,2,85.329254,
2026-02-02,activation_price,3,67.03875,
2026-02-02,activation_price,4,72.82903,107.86416556466543
2026-02-02,activation_price,5,88.16449,137.1336064891847
2026-02-02,activation_price,6,119.0551,257.985525300658
2026-02-02,activation_price,7,105.491035,434.7794791666667
2026-02-02,activation_price,8,120.24467,177.02961400359064
2026-02-02,activation_price,9,109.63418,168.78
2026-02-02,activation_price,10,111.90256,148.01999999999998
2026-02-02,activation_price,11,113.613846,224.22000000000003
2026-02-02,activation_price,12,108.544754,70.55
2026-02-02,activation_price,13,113.80296,113.99999999999999
2026-02-02,activation_price,14,142.97005,114.01674443266174
2026-02-02,activation_price,15,119.88614,114.78000000000002
2026-02-02,activation_price,16,128.90839,117.48500437445318
2026-02-02,activation_price,17,119.37824,208.1180535530381
2026-02-02,activation_price,18,110.93852,
2026-02-02,activation_price,19,93.9366,64.85
2026-02-02,activation_price,20,105.40613,101.06776315789473
2026-02-02,activation_price,21,110.1302,
2026-02-02,activation_price,22,88.273796,115.56715265866208
2026-02-02,activation_price,23,79.11102,90.91536585365854
2026-02-03,day_ahead_price,0,74.87625,84.200001
2026-02-03,day_ahead_price,1,70.104996,88.574997
2026-02-03,day_ahead_price,2,72.806244,83.8724995
2026-02-03,day_ahead_price,3,69.55,77.50000025
2026-02-03,day_ahead_price,4,68.6275,73.370001
2026-02-03,day_ahead_price,5,67.786255,73.6549985
2026-02-03,day_ahead_price,6,72.276245,89.60250075
2026-02-03,day_ahead_price,7,82.82,98.72749875
2026-02-03,day_ahead_price,8,89.697495,107.87000075
2026-02-03,day_ahead_price,9,90.395004,102.8600005
2026-02-03,day_ahead_price,10,88.432495,96.13999900000002
2026-02-03,day_ahead_price,11,82.832504,81.9400005
2026-02-03,day_ahead_price,12,79.99125,83.36749825
2026-02-03,day_ahead_price,13,79.59875,85.4800015
2026-02-03,day_ahead_price,14,83.89625,92.07249825000001
2026-02-03,day_ahead_price,15,90.44,99.99250225
2026-02-03,day_ahead_price,16,97.515,106.48250025
2026-02-03,day_ahead_price,17,106.5125,118.29499999999999
2026-02-03,day_ahead_price,18,108.905,118.61249925
2026-02-03,day_ahead_price,19,104.0475,110.88999925000002
2026-02-03,day_ahead_price,20,94.03,104.92999999999999
2026-02-03,day_ahead_price,21,84.8275,101.30250175
2026-02-03,day_ahead_price,22,81.72125,98.5300005
2026-02-03,day_ahead_price,23,77.41,94.14999775000001
2026-02-03,capacity_price,0,1.21,0.67
2026-02-03,capacity_price,1,1.21,0.31
2026-02-03,capacity_price,2,1.205,0.31
2026-02-03,capacity_price,3,1.21,0.54
2026-02-03,capacity_price,4,1.495,0.31
2026-02-03,capacity_price,5,3.71,0.67
2026-02-03,capacity_price,6,6.69,0.67
2026-02-03,capacity_price,7,11.34,3.35
2026-02-03,capacity_price,8,20.06,6.7
2026-02-03,capacity_price,9,15.434999,10.0
2026-02-03,capacity_price,10,13.725,20.77
2026-02-03,capacity_price,11,9.094999,6.27
2026-02-03,capacity_price,12,9.61,3.73
2026-02-03,capacity_price,13,9.115,4.12
2026-02-03,capacity_price,14,12.05,6.62
2026-02-03,capacity_price,15,19.7,9.33
2026-02-03,capacity_price,16,34.77,14.38
2026-02-03,capacity_price,17,47.28,22.52
2026-02-03,capacity_price,18,46.125,13.39
2026-02-03,capacity_price,19,47.86,17.46
2026-02-03,capacity_price,20,33.195,24.94
2026-02-03,capacity_price,21,24.9,6.7
2026-02-03,capacity_price,22,10.0,1.21
2026-02-03,capacity_price,23,10.0,0.67
2026-02-03,activation_volume,0,19.08,27.75
2026-02-03,activation_volume,1,15.32,12.72
2026-02-03,activation_volume,2,6.745,4.47
2026-02-03,activation_volume,3,4.325,17.009999999999998
2026-02-03,activation_volume,4,4.585,1.91
2026-02-03,activation_volume,5,6.9750004,12.190000000000001
2026-02-03,activation_volume,6,16.154999,23.839999999999996
2026-02-03,activation_volume,7,8.91,7.950000000000001
2026-02-03,activation_volume,8,14.72,46.89
2026-02-03,activation_volume,9,11.53,4.470000000000001
2026-02-03,activation_volume,10,10.67,0.0
2026-02-03,activation_volume,11,11.16,0.04
2026-02-03,activation_volume,12,14.0,0.1
2026-02-03,activation_volume,13,12.905,0.12
2026-02-03,activation_volume,14,12.0,0.0
2026-02-03,activation_volume,15,10.45,0.0
2026-02-03,activation_volume,16,12.06,16.12
2026-02-03,activation_volume,17,11.62,0.41000000000000003
2026-02-03,activation_volume,18,3.705,0.0
2026-02-03,activation_volume,19,5.1000004,0.0
2026-02-03,activation_volume,20,4.29,0.0
2026-02-03,activation_volume,21,4.1949997,0.0
2026-02-03,activation_volume,22,5.09,0.0
2026-02-03,activation_volume,23,4.4750004,2.09
2026-02-03,activation_price,0,96.396805,101.57992432432431
2026-02-03,activation_price,1,84.79674,83.42846698113209
2026-02-03,activation_price,2,74.085625,75.99427293064876
2026-02-03,activation_price,3,68.88057,103.466860670194
2026-02-03,activation_price,4,67.056305,55.54403141361257
2026-02-03,activation_price,5,82.25635,86.70518457752256
2026-02-03,activation_price,6,121.93465,138.6909899328859
2026-02-03,activation_price,7,114.96277,129.7842767295597
2026-02-03,activation_price,8,127.9972,1345.182431222009
2026-02-03,activation_price,9,132.60756,216.49903803131986
2026-02-03,activation_price,10,129.30359,
2026-02-03,activation_price,11,116.47533,64.8
2026-02-03,activation_price,12,111.07381,73.73
2026-02-03,activation_price,13,120.12345,82.78
2026-02-03,activation_price,14,122.31947,
2026-02-03,activation_price,15,124.94308,
2026-02-03,activation_price,16,124.77749,141.47618486352357
2026-02-03,activation_price,17,140.34427,97.95365853658537
2026-02-03,activation_price,18,106.772125,
2026-02-03,activation_price,19,107.97042,
2026-02-03,activation_price,20,94.5396,
2026-02-03,activation_price,21,96.78202,
2026-02-03,activation_price,22,89.0618,
2026-02-03,activation_price,23,86.22463,119.89
2026-02-04,day_ahead_price,0,75.3075,83.23500050000001
2026-02-04,day_ahead_price,1,73.1325,87.0
2026-02-04,day_ahead_price,2,71.6975,85.42
2026-02-04,day_ahead_price,3,69.3575,80.3549995
2026-02-04,day_ahead_price,4,68.537506,79.72750124999999
2026-02-04,day_ahead_price,5,71.2,76.96499825000001
2026-02-04,day_ahead_price,6,76.0725,84.79500025
2026-02-04,day_ahead_price,7,82.8675,92.63749875
2026-02-04,day_ahead_price,8,93.05,113.01000025
2026-02-04,day_ahead_price,9,93.2125,112.99749925
2026-02-04,day_ahead_price,10,86.723755,106.192501
2026-02-04,day_ahead_price,11,82.350006,94.79999900000001
2026-02-04,day_ahead_price,12,80.13125,91.53999875000001
2026-02-04,day_ahead_price,13,79.845,91.1350005
2026-02-04,day_ahead_price,14,86.95125,90.24250025
2026-02-04,day_ahead_price,15,95.09125,91.25249825
2026-02-04,day_ahead_price,16,100.402504,92.02000050000001
2026-02-04,day_ahead_price,17,111.270004,100.00499925
2026-02-04,day_ahead_price,18,111.21125,102.42999825
2026-02-04,day_ahead_price,19,104.615005,98.4025
2026-02-04,day_ahead_price,20,93.9325,91.182499
2026-02-04,day_ahead_price,21,86.275,91.24499875000001
2026-02-04,day_ahead_price,22,80.8675,88.49999799999999
2026-02-04,day_ahead_price,23,76.9825,83.63749874999999
2026-02-04,capacity_price,0,1.21,0.31
2026-02-04,capacity_price,1,1.21,0.67
2026-02-04,capacity_price,2,1.21,0.31
2026-02-04,capacity_price,3,1.21,0.31
2026-02-04,capacity_price,4,1.65,0.54
2026-02-04,capacity_price,5,4.975,1.21
2026-02-04,capacity_price,6,6.69,1.21
2026-02-04,capacity_price,7,11.885,3.35
2026-02-04,capacity_price,8,24.904999,6.69
2026-02-04,capacity_price,9,19.21,29.87
2026-02-04,capacity_price,10,13.73,24.34
2026-02-04,capacity_price,11,10.02,13.25
2026-02-04,capacity_price,12,13.255,9.37
2026-02-04,capacity_price,13,10.0,9.37
2026-02-04,capacity_price,14,13.26,10.0
2026-02-04,capacity_price,15,24.9,19.28
2026-02-04,capacity_price,16,36.15,20.76
2026-02-04,capacity_price,17,48.32,13.39
2026-02-04,capacity_price,18,50.739998,13.39
2026-02-04,capacity_price,19,50.2,13.39
2026-02-04,capacity_price,20,36.95,20.76
2026-02-04,capacity_price,21,25.775,16.3
2026-02-04,capacity_price,22,10.0,1.21
2026-02-04,capacity_price,23,8.32,0.67
2026-02-04,activation_volume,0,19.36,25.11
2026-02-04,activation_volume,1,13.355,0.0
2026-02-04,activation_volume,2,9.99,0.36
2026-02-04,activation_volume,3,4.225,0.78
2026-02-04,activation_volume,4,5.83,0.0
2026-02-04,activation_volume,5,5.01,11.950000000000001
2026-02-04,activation_volume,6,13.01,24.939999999999998
2026-02-04,activation_volume,7,11.365,23.58
2026-02-04,activation_volume,8,14.985001,11.01
2026-02-04,activation_volume,9,14.86,7.75
2026-02-04,activation_volume,10,15.375,13.3
2026-02-04,activation_volume,11,11.63,7.430000000000001
2026-02-04,activation_volume,12,11.85,3.18
2026-02-04,activation_volume,13,11.47,18.21
2026-02-04,activation_volume,14,17.2,0.58
2026-02-04,activation_volume,15,13.1,1.9500000000000002
2026-02-04,activation_volume,16,13.75,0.0
2026-02-04,activation_volume,17,15.72,0.0
2026-02-04,activation_volume,18,4.355,0.0
2026-02-04,activation_volume,19,4.91,0.0
2026-02-04,activation_volume,20,4.78,0.0
2026-02-04,activation_volume,21,6.4,0.0
2026-02-04,activation_volume,22,4.91,1.69
2026-02-04,activation_volume,23,6.3599997,5.09
2026-02-04,activation_price,0,101.60315,102.65422939068101
2026-02-04,activation_price,1,89.70845,
2026-02-04,activation_price,2,73.810074,79.25
2026-02-04,activation_price,3,65.939926,87.28
2026-02-04,activation_price,4,84.78867,
2026-02-04,activation_price,5,83.99966,124.40127196652719
2026-02-04,activation_price,6,131.62247,140.12291499599039
2026-02-04,activation_price,7,108.866356,137.42997879558948
2026-02-04,activation_price,8,121.110435,132.1816348773842
2026-02-04,activation_price,9,127.73654,122.53543225806452
2026-02-04,activation_price,10,129.30359,143.90061654135337
2026-02-04,activation_price,11,129.38667,123.92803499327051
2026-02-04,activation_price,12,109.87,103.01276729559748
2026-02-04,activation_price,13,98.057556,186.37576606260296
2026-02-04,activation_price,14,139.28558,185.66
2026-02-04,activation_price,15,122.80761,98.71692307692307
2026-02-04,activation_price,16,120.620804,
2026-02-04,activation_price,17,133.9789,
2026-02-04,activation_price,18,107.48498,
2026-02-04,activation_price,19,120.293594,
2026-02-04,activation_price,20,96.598465,
2026-02-04,activation_price,21,106.03128,
2026-02-04,activation_price,22,92.55869,177.47000000000003
2026-02-04,activation_price,23,92.06597,258.2097838899804
2026-02-05,day_ahead_price,0,72.42125,80.1800005
2026-02-05,day_ahead_price,1,70.22,84.5974995
2026-02-05,day_ahead_price,2,70.34375,81.83249875
2026-02-05,day_ahead_price,3,67.54,75.36250125000001
2026-02-05,day_ahead_price,4,65.73125,66.70000075
2026-02-05,day_ahead_price,5,65.49,68.09749875
2026-02-05,day_ahead_price,6,73.1,69.06000125
2026-02-05,day_ahead_price,7,85.45625,98.2474995
2026-02-05,day_ahead_price,8,93.05,97.06249999999999
2026-02-05,day_ahead_price,9,85.509995,104.45999900000001
2026-02-05,day_ahead_price,10,82.72125,102.14500050000001
2026-02-05,day_ahead_price,11,79.38,100.0349995
2026-02-05,day_ahead_price,12,76.4825,95.7175005
2026-02-05,day_ahead_price,13,79.020004,97.807499
2026-02-05,day_ahead_price,14,80.7125,100.01749975
2026-02-05,day_ahead_price,15,88.89375,102.902502
2026-02-05,day_ahead_price,16,96.32,114.81249999999999
2026-02-05,day_ahead_price,17,105.085,123.0424975
2026-02-05,day_ahead_price,18,101.67,131.18500125
2026-02-05,day_ahead_price,19,93.38251,122.78750025
2026-02-05,day_ahead_price,20,84.31,114.5199985
2026-02-05,day_ahead_price,21,79.113754,105.62750075
2026-02-05,day_ahead_price,22,75.815,103.40000175
2026-02-05,day_ahead_price,23,70.905,97.46750075
2026-02-05,capacity_price,0,1.21,0.27
2026-02-05,capacity_price,1,1.21,0.31
2026-02-05,capacity_price,2,1.21,0.31
2026-02-05,capacity_price,3,1.21,0.31
2026-02-05,capacity_price,4,1.21,0.67
2026-02-05,capacity_price,5,4.6,0.67
2026-02-05,capacity_price,6,6.69,0.67
2026-02-05,capacity_price,7,11.5,1.21
2026-02-05,capacity_price,8,14.31,6.69
2026-02-05,capacity_price,9,13.22,8.03
2026-02-05,capacity_price,10,12.975,10.0
2026-02-05,capacity_price,11,8.2,10.0
2026-02-05,capacity_price,12,11.55,1.21
2026-02-05,capacity_price,13,9.24,1.34
2026-02-05,capacity_price,14,11.360001,3.35
2026-02-05,capacity_price,15,20.76,9.24
2026-02-05,capacity_price,16,33.98,10.0
2026-02-05,capacity_price,17,45.39,20.08
2026-02-05,capacity_price,18,43.95,20.08
2026-02-05,capacity_price,19,37.69,20.08
2026-02-05,capacity_price,20,31.21,14.05
2026-02-05,capacity_price,21,22.63,9.13
2026-02-05,capacity_price,22,8.84,1.21
2026-02-05,capacity_price,23,7.2200003,0.67
2026-02-05,activation_volume,0,15.21,22.299999999999997
2026-02-05,activation_volume,1,13.355,16.73
2026-02-05,activation_volume,2,6.71,25.55
2026-02-05,activation_volume,3,3.86,10.2
2026-02-05,activation_volume,4,5.82,10.799999999999999
2026-02-05,activation_volume,5,7.26,9.52
2026-02-05,activation_volume,6,10.155001,56.91
2026-02-05,activation_volume,7,8.67,18.62
2026-02-05,activation_volume,8,14.945,20.69
2026-02-05,activation_volume,9,12.71,20.03
2026-02-05,activation_volume,10,8.39,6.970000000000001
2026-02-05,activation_volume,11,7.66,9.870000000000001
2026-02-05,activation_volume,12,12.38,4.21
2026-02-05,activation_volume,13,8.55,0.0
2026-02-05,activation_volume,14,14.805,3.64
2026-02-05,activation_volume,15,13.1,3.4899999999999998
2026-02-05,activation_volume,16,12.23,8.709999999999999
2026-02-05,activation_volume,17,8.92,1.59
2026-02-05,activation_volume,18,2.9250002,0.0
2026-02-05,activation_volume,19,3.0700002,0.0
2026-02-05,activation_volume,20,2.69,0.0
2026-02-05,activation_volume,21,2.435,0.0
2026-02-05,activation_volume,22,3.44,0.16
2026-02-05,activation_volume,23,2.825,5.9399999999999995
2026-02-05,activation_price,0,98.150375,102.1947533632287
2026-02-05,activation_price,1,84.60925,96.87404064554691
2026-02-05,activation_price,2,86.22246,118.02767906066535
2026-02-05,activation_price,3,65.37674,85.59258823529413
2026-02-05,activation_price,4,76.12843,64.5493148148148
2026-02-05,activation_price,5,88.552536,90.40613445378152
2026-02-05,activation_price,6,97.22212,142.71845545598313
2026-02-05,activation_price,7,105.491035,165.50848549946295
2026-02-05,activation_price,8,124.59708,168.59739004349927
2026-02-05,activation_price,9,124.82063,150.76031452820772
2026-02-05,activation_price,10,121.509384,125.44091822094691
2026-02-05,activation_price,11,105.56328,139.62023302938195
2026-02-05,activation_price,12,102.74455,127.82019002375299
2026-02-05,activation_price,13,118.219604,
2026-02-05,activation_price,14,125.52992,118.06673076923076
2026-02-05,activation_price,15,129.78963,100.59237822349571
2026-02-05,activation_price,16,110.9147,130.4932261768083
2026-02-05,activation_price,17,118.54229,100.60616352201258
2026-02-05,activation_price,18,106.06,
2026-02-05,activation_price,19,94.4521,
2026-02-05,activation_price,20,94.559525,
2026-02-05,activation_price,21,103.51374,
2026-02-05,activation_price,22,84.01975,107.39
2026-02-05,activation_price,23,87.520706,111.01481481481483
2026-02-06,day_ahead_price,0,67.402504,97.66749974999999
2026-02-06,day_ahead_price,1,66.88125,99.12749875
2026-02-06,day_ahead_price,2,67.4075,98.08749975
2026-02-06,day_ahead_price,3,64.53625,98.22750125
2026-02-06,day_ahead_price,4,63.1025,91.11999925
2026-02-06,day_ahead_price,5,65.759995,96.209999
2026-02-06,day_ahead_price,6,72.886246,104.81750075000001
2026-02-06,day_ahead_price,7,82.8675,114.2350005
2026-02-06,day_ahead_price,8,89.697495,137.1274985
2026-02-06,day_ahead_price,9,85.805,137.36750025
2026-02-06,day_ahead_price,10,81.605,139.892498
2026-02-06,day_ahead_price,11,79.3375,136.20000075
2026-02-06,day_ahead_price,12,76.81,130.8999995
2026-02-06,day_ahead_price,13,79.1775,130.6950015
2026-02-06,day_ahead_price,14,85.8475,122.2325
2026-02-06,day_ahead_price,15,91.14875,112.16749775
2026-02-06,day_ahead_price,16,97.515,124.74499700000001
2026-02-06,day_ahead_price,17,107.825,132.0324995
2026-02-06,day_ahead_price,18,107.70625,129.63249775
2026-02-06,day_ahead_price,19,97.4925,116.3549995
2026-02-06,day_ahead_price,20,90.57875,109.625
2026-02-06,day_ahead_price,21,80.8375,107.380001
2026-02-06,day_ahead_price,22,77.6575,105.62499825
2026-02-06,day_ahead_price,23,73.222496,101.71249949999999
2026-02-06,capacity_price,0,1.21,0.31
2026-02-06,capacity_price,1,1.21,0.31
2026-02-06,capacity_price,2,1.21,0.31
2026-02-06,capacity_price,3,1.21,0.31
2026-02-06,capacity_price,4,1.34,0.67
2026-02-06,capacity_price,5,6.02,1.21
2026-02-06,capacity_price,6,12.475,1.21
2026-02-06,capacity_price,7,13.26,5.76
2026-02-06,capacity_price,8,22.685,5.76
2026-02-06,capacity_price,9,19.81,6.7
2026-02-06,capacity_price,10,15.12,15.4
2026-02-06,capacity_price,11,14.48,10.0
2026-02-06,capacity_price,12,14.99,9.38
2026-02-06,capacity_price,13,11.755,10.04
2026-02-06,capacity_price,14,13.325001,5.76
2026-02-06,capacity_price,15,24.9,5.76
2026-02-06,capacity_price,16,36.945,10.31
2026-02-06,capacity_price,17,45.51,15.4
2026-02-06,capacity_price,18,44.59,15.4
2026-02-06,capacity_price,19,44.585,10.04
2026-02-06,capacity_price,20,32.77,10.04
2026-02-06,capacity_price,21,26.71,3.35
2026-02-06,capacity_price,22,14.24,1.21
2026-02-06,capacity_price,23,10.71,0.67
2026-02-06,activation_volume,0,19.36,20.39
2026-02-06,activation_volume,1,13.4,0.0
2026-02-06,activation_volume,2,5.9399996,3.77
2026-02-06,activation_volume,3,4.415,11.22
2026-02-06,activation_volume,4,4.99,5.65
2026-02-06,activation_volume,5,5.285,8.9
2026-02-06,activation_volume,6,10.06,45.64
2026-02-06,activation_volume,7,9.585,7.460000000000001
2026-02-06,activation_volume,8,14.530001,1.72
2026-02-06,activation_volume,9,10.36,0.31
2026-02-06,activation_volume,10,8.39,6.68
2026-02-06,activation_volume,11,12.16,0.5
2026-02-06,activation_volume,12,12.455,0.15
2026-02-06,activation_volume,13,11.91,3.09
2026-02-06,activation_volume,14,12.969999,1.7999999999999998
2026-02-06,activation_volume,15,12.035,2.84
2026-02-06,activation_volume,16,12.06,9.01
2026-02-06,activation_volume,17,14.41,3.2699999999999996
2026-02-06,activation_volume,18,4.14,0.0
2026-02-06,activation_volume,19,4.665,0.0
2026-02-06,activation_volume,20,4.29,0.48
2026-02-06,activation_volume,21,3.35,2.62
2026-02-06,activation_volume,22,5.74,4.8
2026-02-06,activation_volume,23,2.8200002,14.959999999999999
2026-02-06,activation_price,0,101.101,112.25251593918588
2026-02-06,activation_price,1,85.466576,
2026-02-06,activation_price,2,86.578064,117.8051724137931
2026-02-06,activation_price,3,68.88057,108.59196078431373
2026-02-06,activation_price,4,81.75907,109.03483185840709
2026-02-06,activation_price,5,88.16449,119.48115730337078
2026-02-06,activation_price,6,104.65731,183.6027695004382
2026-02-06,activation_price,7,108.360855,148.846327077748
2026-02-06,activation_price,8,130.8046,146.2528488372093
2026-02-06,activation_price,9,112.075554,120.69774193548388
2026-02-06,activation_price,10,111.17504,143.3180389221557
2026-02-06,activation_price,11,103.48123,169.4774
2026-02-06,activation_price,12,111.35046,138.35
2026-02-06,activation_price,13,118.219604,157.3553721682848
2026-02-06,activation_price,14,129.06726,193.46783333333335
2026-02-06,activation_price,15,136.1666,155.30278169014088
2026-02-06,activation_price,16,115.6194,175.82220865704775
2026-02-06,activation_price,17,143.51956,170.51532110091742
2026-02-06,activation_price,18,108.62913,
2026-02-06,activation_price,19,92.89229,
2026-02-06,activation_price,20,96.598465,50.29083333333333
2026-02-06,activation_price,21,107.294266,160.38
2026-02-06,activation_price,22,86.619995,138.074875
2026-02-06,activation_price,23,87.39148,153.40024064171124
2026-02-07,day_ahead_price,0,75.245,101.4924985
2026-02-07,day_ahead_price,1,70.104996,99.99999825
2026-02-07,day_ahead_price,2,66.9425,98.0424995
2026-02-07,day_ahead_price,3,65.075,96.8849985
2026-02-07,day_ahead_price,4,63.1025,96.3950005
2026-02-07,day_ahead_price,5,64.655,96.7249985
2026-02-07,day_ahead_price,6,73.1,96.4750005
2026-02-07,day_ahead_price,7,84.46625,103.03249925000001
2026-02-07,day_ahead_price,8,86.5225,106.47500025
2026-02-07,day_ahead_price,9,85.555,113.05500024999999
2026-02-07,day_ahead_price,10,81.565,109.80000125
2026-02-07,day_ahead_price,11,78.67,104.532499
2026-02-07,day_ahead_price,12,76.1125,100.15750125000001
2026-02-07,day_ahead_price,13,78.8275,97.46750075
2026-02-07,day_ahead_price,14,85.2,99.9675005
2026-02-07,day_ahead_price,15,88.685,106.33249875
2026-02-07,day_ahead_price,16,94.65875,117.965
2026-02-07,day_ahead_price,17,105.085,126.75250424999999
2026-02-07,day_ahead_price,18,97.945,132.92750175
2026-02-07,day_ahead_price,19,93.04125,123.880001
2026-02-07,day_ahead_price,20,87.515,110.79249975
2026-02-07,day_ahead_price,21,80.899994,103.8325005
2026-02-07,day_ahead_price,22,76.8125,103.30249775000001
2026-02-07,day_ahead_price,23,74.4875,97.9974995
2026-02-07,capacity_price,0,1.21,0.54
2026-02-07,capacity_price,1,1.21,0.67
2026-02-07,capacity_price,2,1.205,0.67
2026-02-07,capacity_price,3,1.21,0.31
2026-02-07,capacity_price,4,1.21,0.54
2026-02-07,capacity_price,5,3.71,1.21
2026-02-07,capacity_price,6,6.6949997,1.21
2026-02-07,capacity_price,7,15.66,1.21
2026-02-07,capacity_price,8,13.785,1.21
2026-02-07,capacity_price,9,13.39,1.21
2026-02-07,capacity_price,10,13.39,1.21
2026-02-07,capacity_price,11,13.934999,1.21
2026-02-07,capacity_price,12,10.91,1.21
2026-02-07,capacity_price,13,10.0,3.35
2026-02-07,capacity_price,14,14.06,1.21
2026-02-07,capacity_price,15,21.425,1.21
2026-02-07,capacity_price,16,32.14,5.63
2026-02-07,capacity_price,17,45.39,57.28
2026-02-07,capacity_price,18,48.07,63.37
2026-02-07,capacity_price,19,43.65,62.62
2026-02-07,capacity_price,20,30.13,38.84
2026-02-07,capacity_price,21,24.9,34.82
2026-02-07,capacity_price,22,10.0,6.7
2026-02-07,capacity_price,23,8.26,1.21
2026-02-07,activation_volume,0,19.64,6.97
2026-02-07,activation_volume,1,9.125,17.37
2026-02-07,activation_volume,2,6.43,40.22
2026-02-07,activation_volume,3,3.95,8.8
2026-02-07,activation_volume,4,4.0,11.06
2026-02-07,activation_volume,5,7.94,10.38
2026-02-07,activation_volume,6,12.62,1.98
2026-02-07,activation_volume,7,8.545,4.24
2026-02-07,activation_volume,8,15.12,1.2
2026-02-07,activation_volume,9,8.09,1.53
2026-02-07,activation_volume,10,11.01,1.25
2026-02-07,activation_volume,11,8.01,3.5
2026-02-07,activation_volume,12,7.45,10.74
2026-02-07,activation_volume,13,11.89,5.85
2026-02-07,activation_volume,14,10.08,16.96
2026-02-07,activation_volume,15,10.93,5.59
2026-02-07,activation_volume,16,9.255,2.4400000000000004
2026-02-07,activation_volume,17,6.11,7.7
2026-02-07,activation_volume,18,2.83,2.07
2026-02-07,activation_volume,19,2.515,12.059999999999999
2026-02-07,activation_volume,20,3.335,1.78
2026-02-07,activation_volume,21,3.36,0.47
2026-02-07,activation_volume,22,4.73,2.2
2026-02-07,activation_volume,23,1.895,1.86
2026-02-07,activation_price,0,96.12135,100.94525107604018
2026-02-07,activation_price,1,81.3786,107.35910189982728
2026-02-07,activation_price,2,85.86685,143.25814022874192
2026-02-07,activation_price,3,63.731155,118.71938636363635
2026-02-07,activation_price,4,75.765,114.90473779385171
2026-02-07,activation_price,5,82.72606,131.53300578034683
2026-02-07,activation_price,6,102.32255,90.64328282828284
2026-02-07,activation_price,7,109.52916,109.62596698113207
2026-02-07,activation_price,8,124.036964,90.27741666666667
2026-02-07,activation_price,9,124.229164,125.74339869281044
2026-02-07,activation_price,10,127.071686,110.13368
2026-02-07,activation_price,11,119.486115,107.41
2026-02-07,activation_price,12,108.544754,139.50337988826817
2026-02-07,activation_price,13,115.05782,108.91423931623933
2026-02-07,activation_price,14,103.50127,143.4247759433962
2026-02-07,activation_price,15,132.45602,114.95769230769231
2026-02-07,activation_price,16,117.34197,137.62327868852458
2026-02-07,activation_price,17,129.54216,130.82074025974026
2026-02-07,activation_price,18,105.67215,114.57217391304347
2026-02-07,activation_price,19,100.04919,151.29002487562192
2026-02-07,activation_price,20,84.54504,94.83955056179775
2026-02-07,activation_price,21,95.23694,77.4036170212766
2026-02-07,activation_price,22,85.59,107.10327272727272
2026-02-07,activation_price,23,86.35386,98.50155913978493
2026-02-08,day_ahead_price,0,77.7375,102.03499975000001
2026-02-08,day_ahead_price,1,77.79,99.045
2026-02-08,day_ahead_price,2,74.74,97.56749925
2026-02-08,day_ahead_price,3,72.395,96.424999
2026-02-08,day_ahead_price,4,70.034996,94.86000075000001
2026-02-08,day_ahead_price,5,67.22626,95.574999
2026-02-08,day_ahead_price,6,72.25,94.40000175
2026-02-08,day_ahead_price,7,82.29875,95.48749900000001
2026-02-08,day_ahead_price,8,88.42999,98.4225005
2026-02-08,day_ahead_price,9,85.509995,100.31000149999998
2026-02-08,day_ahead_price,10,83.8375,102.64500075000001
2026-02-08,day_ahead_price,11,79.935,99.59999825
2026-02-08,day_ahead_price,12,79.1575,96.57250025
2026-02-08,day_ahead_price,13,79.465,95.4500005
2026-02-08,day_ahead_price,14,84.27374,97.21999924999999
2026-02-08,day_ahead_price,15,93.03125,103.32249850000001
2026-02-08,day_ahead_price,16,97.515,111.78499775
2026-02-08,day_ahead_price,17,102.19,127.53250125
2026-02-08,day_ahead_price,18,99.4225,131.2174985
2026-02-08,day_ahead_price,19,97.4925,126.90500074999999
2026-02-08,day_ahead_price,20,88.51375,113.28250125
2026-02-08,day_ahead_price,21,82.815,107.6274985
2026-02-08,day_ahead_price,22,78.61875,105.13999949999999
2026-02-08,day_ahead_price,23,72.11125,99.98249824999999
2026-02-08,capacity_price,0,1.21,1.21
2026-02-08,capacity_price,1,1.21,0.54
2026-02-08,capacity_price,2,1.21,0.67
2026-02-08,capacity_price,3,1.21,0.67
2026-02-08,capacity_price,4,1.495,0.54
2026-02-08,capacity_price,5,3.44,1.21
2026-02-08,capacity_price,6,11.13,1.21
2026-02-08,capacity_price,7,15.66,3.35
2026-02-08,capacity_price,8,20.47,3.35
2026-02-08,capacity_price,9,19.21,8.03
2026-02-08,capacity_price,10,13.46,5.76
2026-02-08,capacity_price,11,9.99,5.76
2026-02-08,capacity_price,12,10.889999,5.89
2026-02-08,capacity_price,13,6.7,5.62
2026-02-08,capacity_price,14,12.05,5.62
2026-02-08,capacity_price,15,19.7,8.03
2026-02-08,capacity_price,16,34.129997,8.03
2026-02-08,capacity_price,17,45.324997,10.0
2026-02-08,capacity_price,18,43.07,10.0
2026-02-08,capacity_price,19,44.585,10.0
2026-02-08,capacity_price,20,30.189999,10.0
2026-02-08,capacity_price,21,24.9,10.0
2026-02-08,capacity_price,22,10.0,8.03
2026-02-08,capacity_price,23,7.94,1.21
2026-02-08,activation_volume,0,16.275,0.5700000000000001
2026-02-08,activation_volume,1,13.06,21.31
2026-02-08,activation_volume,2,5.285,1.45
2026-02-08,activation_volume,3,4.415,5.49
2026-02-08,activation_volume,4,4.32,17.450000000000003
2026-02-08,activation_volume,5,7.26,0.0
2026-02-08,activation_volume,6,11.370001,0.0
2026-02-08,activation_volume,7,7.54,0.77
2026-02-08,activation_volume,8,13.495,3.1199999999999997
2026-02-08,activation_volume,9,14.405001,2.08
2026-02-08,activation_volume,10,10.65,3.63
2026-02-08,activation_volume,11,14.21,15.41
2026-02-08,activation_volume,12,10.27,22.0
2026-02-08,activation_volume,13,12.235001,29.369999999999997
2026-02-08,activation_volume,14,10.18,11.200000000000001
2026-02-08,activation_volume,15,11.58,2.41
2026-02-08,activation_volume,16,12.06,6.22
2026-02-08,activation_volume,17,11.8,2.45
2026-02-08,activation_volume,18,3.705,4.04
2026-02-08,activation_volume,19,3.24,6.36
2026-02-08,activation_volume,20,4.875,1.9100000000000001
2026-02-08,activation_volume,21,3.35,1.0699999999999998
2026-02-08,activation_volume,22,4.955,1.3900000000000001
2026-02-08,activation_volume,23,6.25,2.94
2026-02-08,activation_price,0,100.57116,77.64403508771929
2026-02-08,activation_price,1,92.23838,96.14280150164241
2026-02-08,activation_price,2,87.07636,109.74
2026-02-08,activation_price,3,72.052185,106.78369763205829
2026-02-08,activation_price,4,74.875404,112.29827507163323
2026-02-08,activation_price,5,83.99966,
2026-02-08,activation_price,6,108.89493,
2026-02-08,activation_price,7,108.33348,111.25948051948053
2026-02-08,activation_price,8,130.69579,97.62080128205127
2026-02-08,activation_price,9,129.04218,114.90274038461537
2026-02-08,activation_price,10,112.59736,94.35457300275483
2026-02-08,activation_price,11,103.48123,147.04926022063597
2026-02-08,activation_price,12,115.62665,139.83247272727274
2026-02-08,activation_price,13,101.68682,182.33382703438886
2026-02-08,activation_price,14,125.52992,114.80617857142855
2026-02-08,activation_price,15,129.91164,145.01954356846474
2026-02-08,activation_price,16,120.252205,149.61855305466239
2026-02-08,activation_price,17,135.47935,152.01493877551016
2026-02-08,activation_price,18,105.67215,179.36554455445545
2026-02-08,activation_price,19,98.434166,138.8904716981132
2026-02-08,activation_price,20,96.598465,101.63329842931935
2026-02-08,activation_price,21,104.57348,92.90859813084113
2026-02-08,activation_price,22,86.47959,123.91532374100719
2026-02-08,activation_price,23,90.50183,626.0842857142858
2026-02-09,day_ahead_price,0,69.88125,96.80500025
2026-02-09,day_ahead_price,1,68.066246,95.522501
2026-02-09,day_ahead_price,2,67.785,95.76999824999999
2026-02-09,day_ahead_price,3,65.6725,95.5375005
2026-02-09,day_ahead_price,4,63.6725,96.61750025
2026-02-09,day_ahead_price,5,64.83375,104.7474995
2026-02-09,day_ahead_price,6,72.3025,131.6100025
2026-02-09,day_ahead_price,7,82.315,158.64249825000002
2026-02-09,day_ahead_price,8,87.79375,182.824997
2026-02-09,day_ahead_price,9,90.395004,169.302498
2026-02-09,day_ahead_price,10,88.2125,157.45249975000002
2026-02-09,day_ahead_price,11,82.350006,144.50250225
2026-02-09,day_ahead_price,12,79.6475,137.3224985
2026-02-09,day_ahead_price,13,79.34625,135.307499
2026-02-09,day_ahead_price,14,84.445,137.90750125
2026-02-09,day_ahead_price,15,88.685,149.4649965
2026-02-09,day_ahead_price,16,99.556244,170.22250350000002
2026-02-09,day_ahead_price,17,106.38125,229.24500275
2026-02-09,day_ahead_price,18,108.07125,184.40250025
2026-02-09,day_ahead_price,19,97.505,167.09500475
2026-02-09,day_ahead_price,20,87.2525,144.51500324999998
2026-02-09,day_ahead_price,21,78.40875,134.70000075
2026-02-09,day_ahead_price,22,75.113754,122.98999975000001
2026-02-09,day_ahead_price,23,69.7675,108.9224985
2026-02-09,capacity_price,0,1.21,0.67
2026-02-09,capacity_price,1,1.21,0.67
2026-02-09,capacity_price,2,1.21,0.67
2026-02-09,capacity_price,3,1.21,0.67
2026-02-09,capacity_price,4,1.65,1.21
2026-02-09,capacity_price,5,4.32,1.21
2026-02-09,capacity_price,6,6.69,5.62
2026-02-09,capacity_price,7,9.87,20.08
2026-02-09,capacity_price,8,24.9,10.0
2026-02-09,capacity_price,9,18.345,20.08
2026-02-09,capacity_price,10,13.39,10.0
2026-02-09,capacity_price,11,7.375,10.0
2026-02-09,capacity_price,12,8.43,13.39
2026-02-09,capacity_price,13,6.7,26.78
2026-02-09,capacity_price,14,13.26,15.4
2026-02-09,capacity_price,15,20.895,6.4
2026-02-09,capacity_price,16,34.72,23.7
2026-02-09,capacity_price,17,47.485,87.05
2026-02-09,capacity_price,18,47.864998,61.6
2026-02-09,capacity_price,19,46.72,53.57
2026-02-09,capacity_price,20,34.355,38.84
2026-02-09,capacity_price,21,25.54,20.09
2026-02-09,capacity_price,22,10.0,5.62
2026-02-09,capacity_price,23,6.7799997,1.21
2026-02-09,activation_volume,0,16.08,0.14
2026-02-09,activation_volume,1,17.52,0.28
2026-02-09,activation_volume,2,6.265,0.0
2026-02-09,activation_volume,3,2.8899999,1.0599999999999998
2026-02-09,activation_volume,4,3.97,0.65
2026-02-09,activation_volume,5,4.955,6.26
2026-02-09,activation_volume,6,16.45,5.83
2026-02-09,activation_volume,7,9.559999,4.75
2026-02-09,activation_volume,8,15.305,1.87
2026-02-09,activation_volume,9,18.46,5.85
2026-02-09,activation_volume,10,12.370001,2.49
2026-02-09,activation_volume,11,9.565,0.65
2026-02-09,activation_volume,12,11.385,8.28
2026-02-09,activation_volume,13,15.809999,3.54
2026-02-09,activation_volume,14,15.5,4.88
2026-02-09,activation_volume,15,12.11,2.72
2026-02-09,activation_volume,16,10.809999,1.2400000000000002
2026-02-09,activation_volume,17,11.58,2.62
2026-02-09,activation_volume,18,2.9099998,3.45
2026-02-09,activation_volume,19,3.83,3.7399999999999998
2026-02-09,activation_volume,20,4.385,0.75
2026-02-09,activation_volume,21,4.66,1.46
2026-02-09,activation_volume,22,5.1099997,4.25
2026-02-09,activation_volume,23,3.01,3.7800000000000002
2026-02-09,activation_price,0,100.836075,71.46142857142857
2026-02-09,activation_price,1,80.19408,74.32035714285713
2026-02-09,activation_price,2,72.046814,
2026-02-09,activation_price,3,62.216087,76.48349056603774
2026-02-09,activation_price,4,78.837524,84.94553846153846
2026-02-09,activation_price,5,81.57387,122.83051118210865
2026-02-09,activation_price,6,124.814186,175.93632933104632
2026-02-09,activation_price,7,109.659096,187.31840000000003
2026-02-09,activation_price,8,120.24467,182.60491978609622
2026-02-09,activation_price,9,131.58963,169.0028717948718
2026-02-09,activation_price,10,128.67111,162.33995983935742
2026-02-09,activation_price,11,124.27137,149.8056923076923
2026-02-09,activation_price,12,113.42704,160.4977657004831
2026-02-09,activation_price,13,113.29912,156.06203389830506
2026-02-09,activation_price,14,143.85281,183.72000000000003
2026-02-09,activation_price,15,110.43036,170.5062867647059
2026-02-09,activation_price,16,104.407005,107.1249193548387
2026-02-09,activation_price,17,135.47935,158.91969465648853
2026-02-09,activation_price,18,107.20343,161.97211594202898
2026-02-09,activation_price,19,103.97604,146.02034759358293
2026-02-09,activation_price,20,84.84291,150.31813333333335
2026-02-09,activation_price,21,92.89972,138.0198630136986
2026-02-09,activation_price,22,93.25165,152.3612705882353
2026-02-09,activation_price,23,85.04069,113.65362433862435
2026-02-10,day_ahead_price,0,74.9075,104.64750124999999
2026-02-10,day_ahead_price,1,73.1325,103.7474995
2026-02-10,day_ahead_price,2,70.87,102.75
2026-02-10,day_ahead_price,3,68.875,102.4375
2026-02-10,day_ahead_price,4,67.5825,102.43999875
2026-02-10,day_ahead_price,5,66.45,105.4349995
2026-02-10,day_ahead_price,6,75.52625,119.9349995
2026-02-10,day_ahead_price,7,82.238754,139.402502
2026-02-10,day_ahead_price,8,87.79375,149.79749700000002
2026-02-10,day_ahead_price,9,90.85125,138.19749825
2026-02-10,day_ahead_price,10,86.723755,133.71249975
2026-02-10,day_ahead_price,11,80.08375,123.57000125
2026-02-10,day_ahead_price,12,76.155,114.05250175
2026-02-10,day_ahead_price,13,78.48125,112.21250175
2026-02-10,day_ahead_price,14,86.295,118.02250125
2026-02-10,day_ahead_price,15,93.8975,130.1950015
2026-02-10,day_ahead_price,16,99.94,131.14499849999999
2026-02-10,day_ahead_price,17,110.4075,138.65999975
2026-02-10,day_ahead_price,18,109.12,136.0424995
2026-02-10,day_ahead_price,19,102.338745,121.892502
2026-02-10,day_ahead_price,20,91.47875,111.27499975
2026-02-10,day_ahead_price,21,86.275,108.13499825000001
2026-02-10,day_ahead_price,22,83.455,106.69499975
2026-02-10,day_ahead_price,23,77.8375,100.53000075
2026-02-10,capacity_price,0,1.21,0.54
2026-02-10,capacity_price,1,1.21,0.54
2026-02-10,capacity_price,2,1.21,0.67
2026-02-10,capacity_price,3,1.21,0.54
2026-02-10,capacity_price,4,2.01,4.02
2026-02-10,capacity_price,5,6.02,10.0
2026-02-10,capacity_price,6,6.69,13.39
2026-02-10,capacity_price,7,12.045,37.09
2026-02-10,capacity_price,8,19.9,40.17
2026-02-10,capacity_price,9,18.285,33.61
2026-02-10,capacity_price,10,13.39,33.75
2026-02-10,capacity_price,11,10.02,33.88
2026-02-10,capacity_price,12,14.26,33.61
2026-02-10,capacity_price,13,9.24,33.48
2026-02-10,capacity_price,14,16.18,13.39
2026-02-10,capacity_price,15,24.9,11.78
2026-02-10,capacity_price,16,35.545,33.75
2026-02-10,capacity_price,17,46.105,35.62
2026-02-10,capacity_price,18,46.795,40.17
2026-02-10,capacity_price,19,47.855003,63.07
2026-02-10,capacity_price,20,37.225,46.87
2026-02-10,capacity_price,21,26.65,46.6
2026-02-10,capacity_price,22,18.855,1.21
2026-02-10,capacity_price,23,13.04,1.21
2026-02-10,activation_volume,0,16.08,63.080000000000005
2026-02-10,activation_volume,1,10.545,48.68
2026-02-10,activation_volume,2,5.45,5.1
2026-02-10,activation_volume,3,3.1550002,14.459999999999999
2026-02-10,activation_volume,4,5.25,9.39
2026-02-10,activation_volume,5,4.13,25.340000000000003
2026-02-10,activation_volume,6,8.389999,5.720000000000001
2026-02-10,activation_volume,7,8.15,3.92
2026-02-10,activation_volume,8,14.530001,0.37
2026-02-10,activation_volume,9,12.205,5.59
2026-02-10,activation_volume,10,7.31,2.5300000000000002
2026-02-10,activation_volume,11,9.295,0.05
2026-02-10,activation_volume,12,11.775,6.96
2026-02-10,activation_volume,13,11.825,7.640000000000001
2026-02-10,activation_volume,14,13.96,8.42
2026-02-10,activation_volume,15,12.11,1.4700000000000002
2026-02-10,activation_volume,16,11.88,1.9300000000000002
2026-02-10,activation_volume,17,11.58,2.87
2026-02-10,activation_volume,18,4.13,3.0600000000000005
2026-02-10,activation_volume,19,5.23,7.17
2026-02-10,activation_volume,20,4.16,6.59
2026-02-10,activation_volume,21,5.145,10.620000000000001
2026-02-10,activation_volume,22,4.99,3.94
2026-02-10,activation_volume,23,4.76,0.2
2026-02-10,activation_price,0,99.29703,194.98975269499047
2026-02-10,activation_price,1,82.91502,123.12192686935086
2026-02-10,activation_price,2,86.578064,110.90107843137254
2026-02-10,activation_price,3,75.363464,115.46515214384509
2026-02-10,activation_price,4,81.163635,123.78268370607026
2026-02-10,activation_price,5,85.23902,143.21441199684293
2026-02-10,activation_price,6,97.91588,226.47248251748252
2026-02-10,activation_price,7,101.49437,213.70999999999998
2026-02-10,activation_price,8,123.59149,65.91405405405406
2026-02-10,activation_price,9,127.14507,424.93679785330943
2026-02-10,activation_price,10,118.335304,220.08221343873515
2026-02-10,activation_price,11,118.87797,90.764
2026-02-10,activation_price,12,107.680374,180.7060775862069
2026-02-10,activation_price,13,116.85777,115.35276178010471
2026-02-10,activation_price,14,137.68793,140.30292161520188
2026-02-10,activation_price,15,121.082405,119.02877551020408
2026-02-10,activation_price,16,117.34197,187.5278756476684
2026-02-10,activation_price,17,125.13212,118.99205574912892
2026-02-10,activation_price,18,106.20329,140.24356209150326
2026-02-10,activation_price,19,103.97604,157.75895397489538
2026-02-10,activation_price,20,91.82214,133.62807283763277
2026-02-10,activation_price,21,103.0366,183.54682674199623
2026-02-10,activation_price,22,101.1,130.05593908629444
2026-02-10,activation_price,23,85.63266,93.765
2026-02-11,day_ahead_price,0,77.7375,96.78750025
2026-02-11,day_ahead_price,1,75.5025,96.62999925
2026-02-11,day_ahead_price,2,71.285,95.76249899999999
2026-02-11,day_ahead_price,3,69.11625,94.83
2026-02-11,day_ahead_price,4,67.65375,94.96999925
2026-02-11,day_ahead_price,5,67.520004,99.2775
2026-02-11,day_ahead_price,6,72.4875,110.65250025
2026-02-11,day_ahead_price,7,82.315,129.23249825
2026-02-11,day_ahead_price,8,89.395,137.20999925
2026-02-11,day_ahead_price,9,87.365005,132.0774995
2026-02-11,day_ahead_price,10,85.1575,128.307501
2026-02-11,day_ahead_price,11,81.3275,125.95499974999998
2026-02-11,day_ahead_price,12,77.307495,115.880001
2026-02-11,day_ahead_price,13,79.87125,117.3475
2026-02-11,day_ahead_price,14,85.2,116.70750050000001
2026-02-11,day_ahead_price,15,89.91875,118.1900005
2026-02-11,day_ahead_price,16,98.9525,123.02000075000001
2026-02-11,day_ahead_price,17,106.5125,127.9124965
2026-02-11,day_ahead_price,18,108.25,125.48000175000001
2026-02-11,day_ahead_price,19,98.8125,112.03750025000001
2026-02-11,day_ahead_price,20,89.63875,105.46999925
2026-02-11,day_ahead_price,21,82.815,104.70249925
2026-02-11,day_ahead_price,22,80.223755,102.174999
2026-02-11,day_ahead_price,23,74.11,95.31250024999999
2026-02-11,capacity_price,0,1.21,0.67
2026-02-11,capacity_price,1,1.21,0.67
2026-02-11,capacity_price,2,1.21,0.67
2026-02-11,capacity_price,3,1.21,0.67
2026-02-11,capacity_price,4,2.01,1.21
2026-02-11,capacity_price,5,6.02,1.21
2026-02-11,capacity_price,6,6.69,1.21
2026-02-11,capacity_price,7,12.59,19.81
2026-02-11,capacity_price,8,19.86,20.08
2026-02-11,capacity_price,9,19.82,6.69
2026-02-11,capacity_price,10,13.4,10.0
2026-02-11,capacity_price,11,10.780001,28.24
2026-02-11,capacity_price,12,13.1,12.98
2026-02-11,capacity_price,13,6.7799997,12.98
2026-02-11,capacity_price,14,12.655001,12.98
2026-02-11,capacity_price,15,22.09,16.2
2026-02-11,capacity_price,16,38.155,33.6
2026-02-11,capacity_price,17,46.925,33.74
2026-02-11,capacity_price,18,44.05,33.74
2026-02-11,capacity_price,19,41.315002,60.91
2026-02-11,capacity_price,20,32.78,51.0
2026-02-11,capacity_price,21,25.775,6.69
2026-02-11,capacity_price,22,13.39,6.69
2026-02-11,capacity_price,23,10.155001,1.21
2026-02-11,activation_volume,0,16.275,14.59
2026-02-11,activation_volume,1,13.290001,19.849999999999998
2026-02-11,activation_volume,2,7.195,11.020000000000001
2026-02-11,activation_volume,3,4.14,3.34
2026-02-11,activation_volume,4,6.245,10.440000000000001
2026-02-11,activation_volume,5,7.6000004,25.57
2026-02-11,activation_volume,6,10.06,7.56
2026-02-11,activation_volume,7,10.95,3.9199999999999995
2026-02-11,activation_volume,8,15.49,1.87
2026-02-11,activation_volume,9,12.92,4.99
2026-02-11,activation_volume,10,10.65,4.54
2026-02-11,activation_volume,11,12.22,1.7799999999999998
2026-02-11,activation_volume,12,10.6,1.97
2026-02-11,activation_volume,13,9.0,7.170000000000001
2026-02-11,activation_volume,14,12.37,23.15
2026-02-11,activation_volume,15,12.035,4.36
2026-02-11,activation_volume,16,12.66,6.34
2026-02-11,activation_volume,17,11.58,8.06
2026-02-11,activation_volume,18,3.74,4.3
2026-02-11,activation_volume,19,2.8400002,7.1899999999999995
2026-02-11,activation_volume,20,4.9350004,5.23
2026-02-11,activation_volume,21,6.4,12.09
2026-02-11,activation_volume,22,5.74,2.0700000000000003
2026-02-11,activation_volume,23,5.085,20.36
2026-02-11,activation_price,0,101.4234,99.60511994516791
2026-02-11,activation_price,1,84.60925,101.05250377833754
2026-02-11,activation_price,2,87.75766,112.20725952813066
2026-02-11,activation_price,3,71.81142,85.57589820359281
2026-02-11,activation_price,4,82.66867,102.88738505747126
2026-02-11,activation_price,5,83.63432,116.71556511536957
2026-02-11,activation_price,6,98.11175,121.54866402116402
2026-02-11,activation_price,7,103.84834,120.33579081632656
2026-02-11,activation_price,8,128.75601,108.21016042780748
2026-02-11,activation_price,9,132.47034,133.37450901803606
2026-02-11,activation_price,10,123.17714,660.1149339207049
2026-02-11,activation_price,11,122.182816,117.82438202247192
2026-02-11,activation_price,12,103.23321,99.39862944162437
2026-02-11,activation_price,13,97.73433,112.8218410041841
2026-02-11,activation_price,14,123.9247,168.612656587473
2026-02-11,activation_price,15,121.082405,121.41431192660549
2026-02-11,activation_price,16,123.22528,177.59006309148265
2026-02-11,activation_price,17,127.33714,164.749429280397
2026-02-11,activation_price,18,108.62913,129.65720930232558
2026-02-11,activation_price,19,94.4521,141.9218636995828
2026-02-11,activation_price,20,91.82214,88.52414913957935
2026-02-11,activation_price,21,103.99088,170.8644665012407
2026-02-11,activation_price,22,94.04662,90.61734299516907
2026-02-11,activation_price,23,86.483086,128.36712671905696
2026-02-12,day_ahead_price,0,79.71875,88.72999949999999
2026-02-12,day_ahead_price,1,78.1575,87.98249825
2026-02-12,day_ahead_price,2,74.74,86.51499749999999
2026-02-12,day_ahead_price,3,73.255,84.642498
2026-02-12,day_ahead_price,4,68.537506,85.73749925
2026-02-12,day_ahead_price,5,67.786255,89.23000175
2026-02-12,day_ahead_price,6,76.0725,90.78750025
2026-02-12,day_ahead_price,7,84.8475,99.50000200000001
2026-02-12,day_ahead_price,8,90.5775,89.4299985
2026-02-12,day_ahead_price,9,84.59125,95.96749875
2026-02-12,day_ahead_price,10,83.381256,101.2199995
2026-02-12,day_ahead_price,11,79.35875,103.987501
2026-02-12,day_ahead_price,12,76.4825,104.51499925
2026-02-12,day_ahead_price,13,79.99875,103.0525015
2026-02-12,day_ahead_price,14,87.002495,104.017502
2026-02-12,day_ahead_price,15,95.0825,105.0825005
2026-02-12,day_ahead_price,16,100.0,108.98750125
2026-02-12,day_ahead_price,17,103.0,120.69999849999999
2026-02-12,day_ahead_price,18,97.945,125.00250075
2026-02-12,day_ahead_price,19,95.99,111.42499925
2026-02-12,day_ahead_price,20,86.56875,105.32750125
2026-02-12,day_ahead_price,21,81.30875,99.9375
2026-02-12,day_ahead_price,22,76.8125,96.75250075
2026-02-12,day_ahead_price,23,74.7425,89.6000005
2026-02-12,capacity_price,0,1.21,0.44
2026-02-12,capacity_price,1,1.21,0.44
2026-02-12,capacity_price,2,1.21,0.44
2026-02-12,capacity_price,3,1.21,0.44
2026-02-12,capacity_price,4,1.34,0.67
2026-02-12,capacity_price,5,5.3,0.67
2026-02-12,capacity_price,6,6.69,0.67
2026-02-12,capacity_price,7,9.74,1.21
2026-02-12,capacity_price,8,14.31,1.21
2026-02-12,capacity_price,9,11.28,1.21
2026-02-12,capacity_price,10,11.695,7.36
2026-02-12,capacity_price,11,9.094999,7.36
2026-02-12,capacity_price,12,11.57,4.02
2026-02-12,capacity_price,13,9.24,4.02
2026-02-12,capacity_price,14,11.95,3.35
2026-02-12,capacity_price,15,22.09,1.21
2026-02-12,capacity_price,16,34.745003,10.0
2026-02-12,capacity_price,17,45.51,25.16
2026-02-12,capacity_price,18,46.795,28.24
2026-02-12,capacity_price,19,43.525,15.4
2026-02-12,capacity_price,20,34.48,3.35
2026-02-12,capacity_price,21,23.765,1.21
2026-02-12,capacity_price,22,10.0,1.21
2026-02-12,capacity_price,23,7.2200003,0.67
2026-02-12,activation_volume,0,18.14,15.24
2026-02-12,activation_volume,1,15.32,34.16
2026-02-12,activation_volume,2,5.7749996,6.33
2026-02-12,activation_volume,3,3.415,0.9800000000000001
2026-02-12,activation_volume,4,4.99,1.06
2026-02-12,activation_volume,5,5.025,1.8599999999999999
2026-02-12,activation_volume,6,11.82,3.5500000000000003
2026-02-12,activation_volume,7,11.365,1.9
2026-02-12,activation_volume,8,14.945,1.04
2026-02-12,activation_volume,9,18.46,0.41000000000000003
2026-02-12,activation_volume,10,8.56,1.33
2026-02-12,activation_volume,11,13.18,2.4499999999999997
2026-02-12,activation_volume,12,10.6,0.07
2026-02-12,activation_volume,13,11.5,2.5300000000000002
2026-02-12,activation_volume,14,13.65,0.43
2026-02-12,activation_volume,15,13.1,1.26
2026-02-12,activation_volume,16,15.235001,0.47000000000000003
2026-02-12,activation_volume,17,11.11,1.5700000000000003
2026-02-12,activation_volume,18,3.28,0.9
2026-02-12,activation_volume,19,2.63,2.81
2026-02-12,activation_volume,20,2.875,0.14
2026-02-12,activation_volume,21,3.29,0.0
2026-02-12,activation_volume,22,4.815,5.48
2026-02-12,activation_volume,23,3.6750002,0.2
2026-02-12,activation_price,0,101.4234,101.24770341207348
2026-02-12,activation_price,1,83.82763,107.68980971896957
2026-02-12,activation_price,2,87.75766,117.55725118483413
2026-02-12,activation_price,3,69.35464,92.92377551020408
2026-02-12,activation_price,4,79.75727,98.15452830188678
2026-02-12,activation_price,5,86.27609,106.20962365591399
2026-02-12,activation_price,6,110.92212,130.45340845070422
2026-02-12,activation_price,7,109.39923,151.52536842105266
2026-02-12,activation_price,8,122.198944,100.2208653846154
2026-02-12,activation_price,9,129.98587,55.25634146341462
2026-02-12,activation_price,10,114.50939,112.75293233082706
2026-02-12,activation_price,11,105.93103,136.1649387755102
2026-02-12,activation_price,12,109.9476,121.03
2026-02-12,activation_price,13,111.16287,118.33252964426876
2026-02-12,activation_price,14,130.82239,115.8032558139535
2026-02-12,activation_price,15,122.80761,110.60222222222222
2026-02-12,activation_price,16,120.252205,175.40531914893617
2026-02-12,activation_price,17,125.13212,112.44675159235668
2026-02-12,activation_price,18,106.06575,125.06288888888889
2026-02-12,activation_price,19,105.11746,112.09569395017793
2026-02-12,activation_price,20,86.99654,107.72214285714284
2026-02-12,activation_price,21,92.240944,
2026-02-12,activation_price,22,87.65,113.49645985401457
2026-02-12,activation_price,23,90.50183,69.3265
2026-02-13,day_ahead_price,0,77.713745,84.32750150000001
2026-02-13,day_ahead_price,1,76.652504,84.07000175
2026-02-13,day_ahead_price,2,71.285,85.2525025
2026-02-13,day_ahead_price,3,68.46125,84.05499825
2026-02-13,day_ahead_price,4,67.4725,83.779999
2026-02-13,day_ahead_price,5,68.223755,87.6225015
2026-02-13,day_ahead_price,6,77.692505,99.22749925
2026-02-13,day_ahead_price,7,88.745,118.30500025
2026-02-13,day_ahead_price,8,95.615,125.404999
2026-02-13,day_ahead_price,9,94.863754,121.06749900000001
2026-02-13,day_ahead_price,10,89.25,108.469999
2026-02-13,day_ahead_price,11,84.08125,102.8125
2026-02-13,day_ahead_price,12,80.3025,97.30000125000001
2026-02-13,day_ahead_price,13,81.0,97.49500075
2026-02-13,day_ahead_price,14,89.4825,102.089998
2026-02-13,day_ahead_price,15,97.645,119.15500075
2026-02-13,day_ahead_price,16,101.935,127.70750050000001
2026-02-13,day_ahead_price,17,116.9575,134.6
2026-02-13,day_ahead_price,18,111.0225,137.23249825
2026-02-13,day_ahead_price,19,101.0,132.364996
2026-02-13,day_ahead_price,20,92.4,126.125
2026-02-13,day_ahead_price,21,85.552505,117.67
2026-02-13,day_ahead_price,22,80.8675,110.03750025
2026-02-13,day_ahead_price,23,75.322495,100.98749925
2026-02-13,capacity_price,0,1.21,0.35
2026-02-13,capacity_price,1,1.21,0.35
2026-02-13,capacity_price,2,1.21,0.35
2026-02-13,capacity_price,3,1.21,0.35
2026-02-13,capacity_price,4,1.34,0.54
2026-02-13,capacity_price,5,6.02,1.21
2026-02-13,capacity_price,6,6.69,1.21
2026-02-13,capacity_price,7,11.425,1.21
2026-02-13,capacity_price,8,19.9,1.21
2026-02-13,capacity_price,9,13.39,1.21
2026-02-13,capacity_price,10,13.39,5.62
2026-02-13,capacity_price,11,11.54,5.62
2026-02-13,capacity_price,12,13.12,4.02
2026-02-13,capacity_price,13,8.7,4.02
2026-02-13,capacity_price,14,13.725,1.21
2026-02-13,capacity_price,15,24.9,1.21
2026-02-13,capacity_price,16,36.15,6.8
2026-02-13,capacity_price,17,48.714996,5.89
2026-02-13,capacity_price,18,51.47,5.89
2026-02-13,capacity_price,19,46.480003,5.89
2026-02-13,capacity_price,20,31.99,5.89
2026-02-13,capacity_price,21,24.9,4.02
2026-02-13,capacity_price,22,10.0,3.35
2026-02-13,capacity_price,23,7.2200003,1.21
2026-02-13,activation_volume,0,19.785,102.36999999999999
2026-02-13,activation_volume,1,13.870001,18.73
2026-02-13,activation_volume,2,9.42,0.74
2026-02-13,activation_volume,3,3.23,0.45999999999999996
2026-02-13,activation_volume,4,4.425,0.25
2026-02-13,activation_volume,5,7.0099998,49.849999999999994
2026-02-13,activation_volume,6,12.62,14.19
2026-02-13,activation_volume,7,9.56,6.92
2026-02-13,activation_volume,8,14.655001,0.87
2026-02-13,activation_volume,9,12.0,1.1500000000000001
2026-02-13,activation_volume,10,13.92,0.81
2026-02-13,activation_volume,11,10.549999,0.89
2026-02-13,activation_volume,12,10.18,2.0199999999999996
2026-02-13,activation_volume,13,10.42,2.03
2026-02-13,activation_volume,14,11.815001,0.0
2026-02-13,activation_volume,15,10.32,1.28
2026-02-13,activation_volume,16,9.59,0.0
2026-02-13,activation_volume,17,8.54,0.5599999999999999
2026-02-13,activation_volume,18,2.89,0.0
2026-02-13,activation_volume,19,3.73,0.0
2026-02-13,activation_volume,20,3.74,1.07
2026-02-13,activation_volume,21,7.4,1.4899999999999998
2026-02-13,activation_volume,22,4.955,1.43
2026-02-13,activation_volume,23,4.18,8.02
2026-02-13,activation_price,0,103.58803,1146.9750649604377
2026-02-13,activation_price,1,84.98348,104.1827068873465
2026-02-13,activation_price,2,88.3265,88.26621621621621
2026-02-13,activation_price,3,77.004486,90.95086956521739
2026-02-13,activation_price,4,75.94672,74.0008
2026-02-13,activation_price,5,87.51546,431.2978836509529
2026-02-13,activation_price,6,130.67686,584.4958985200846
2026-02-13,activation_price,7,114.99072,176.98057803468208
2026-02-13,activation_price,8,120.24467,120.35885057471263
2026-02-13,activation_price,9,130.57172,161.57947826086956
2026-02-13,activation_price,10,131.77933,117.05666666666666
2026-02-13,activation_price,11,124.1376,117.0
2026-02-13,activation_price,12,115.2565,112.70965346534655
2026-02-13,activation_price,13,115.05782,113.65541871921182
2026-02-13,activation_price,14,122.31947,
2026-02-13,activation_price,15,119.14485,168.03
2026-02-13,activation_price,16,128.90839,
2026-02-13,activation_price,17,119.5001,152.20625
2026-02-13,activation_price,18,106.062874,
2026-02-13,activation_price,19,108.885,
2026-02-13,activation_price,20,90.53202,166.5396261682243
2026-02-13,activation_price,21,104.7168,125.37442953020134
2026-02-13,activation_price,22,94.50272,125.30881118881119
2026-02-13,activation_price,23,92.548904,124.0181296758105
2026-02-14,day_ahead_price,0,75.245,97.26500125
2026-02-14,day_ahead_price,1,70.104996,92.23750125
2026-02-14,day_ahead_price,2,65.525,89.5074995
2026-02-14,day_ahead_price,3,63.9975,89.09499925
2026-02-14,day_ahead_price,4,62.771248,87.97249975
2026-02-14,day_ahead_price,5,64.655,89.08999825
2026-02-14,day_ahead_price,6,72.63875,90.60750025
2026-02-14,day_ahead_price,7,82.195,93.6425
2026-02-14,day_ahead_price,8,87.79375,102.79249949999999
2026-02-14,day_ahead_price,9,85.68,107.48999975
2026-02-14,day_ahead_price,10,80.613754,103.969999
2026-02-14,day_ahead_price,11,78.3975,98.1625005
2026-02-14,day_ahead_price,12,76.08875,95.15999975
2026-02-14,day_ahead_price,13,77.1125,93.9725
2026-02-14,day_ahead_price,14,84.27374,97.112501
2026-02-14,day_ahead_price,15,92.04125,104.97999975
2026-02-14,day_ahead_price,16,100.0,116.93500125
2026-02-14,day_ahead_price,17,110.715,126.25999999999999
2026-02-14,day_ahead_price,18,109.12,131.96249775
2026-02-14,day_ahead_price,19,103.6775,128.7874985
2026-02-14,day_ahead_price,20,93.26375,123.27000025000001
2026-02-14,day_ahead_price,21,90.5225,117.07750150000001
2026-02-14,day_ahead_price,22,85.81875,111.2699985
2026-02-14,day_ahead_price,23,81.38,101.18000024999999
2026-02-14,capacity_price,0,1.21,0.67
2026-02-14,capacity_price,1,1.21,0.33
2026-02-14,capacity_price,2,1.2,0.33
2026-02-14,capacity_price,3,1.21,0.33
2026-02-14,capacity_price,4,1.6700001,0.67
2026-02-14,capacity_price,5,4.265,1.2
2026-02-14,capacity_price,6,6.69,1.47
2026-02-14,capacity_price,7,7.0299997,1.2
2026-02-14,capacity_price,8,13.32,1.2
2026-02-14,capacity_price,9,18.285,1.2
2026-02-14,capacity_price,10,13.325001,1.2
2026-02-14,capacity_price,11,9.355,1.2
2026-02-14,capacity_price,12,10.02,1.2
2026-02-14,capacity_price,13,9.385,1.2
2026-02-14,capacity_price,14,11.41,1.2
2026-02-14,capacity_price,15,17.535,1.2
2026-02-14,capacity_price,16,29.76,5.89
2026-02-14,capacity_price,17,44.385,46.06
2026-02-14,capacity_price,18,45.525,51.94
2026-02-14,capacity_price,19,44.585,38.56
2026-02-14,capacity_price,20,33.62,20.08
2026-02-14,capacity_price,21,20.08,5.89
2026-02-14,capacity_price,22,11.695,3.35
2026-02-14,capacity_price,23,7.0,1.2
2026-02-14,activation_volume,0,28.14,12.479999999999999
2026-02-14,activation_volume,1,10.18,17.67
2026-02-14,activation_volume,2,5.68,2.65
2026-02-14,activation_volume,3,3.95,1.08
2026-02-14,activation_volume,4,7.6400003,4.9
2026-02-14,activation_volume,5,10.045,2.9499999999999997
2026-02-14,activation_volume,6,13.895,4.01
2026-02-14,activation_volume,7,9.51,1.44
2026-02-14,activation_volume,8,15.08,19.349999999999998
2026-02-14,activation_volume,9,17.76,7.85
2026-02-14,activation_volume,10,12.78,5.5
2026-02-14,activation_volume,11,9.295,3.34
2026-02-14,activation_volume,12,11.0,3.1500000000000004
2026-02-14,activation_volume,13,12.684999,20.23
2026-02-14,activation_volume,14,10.08,33.81
2026-02-14,activation_volume,15,10.88,19.919999999999998
2026-02-14,activation_volume,16,15.48,4.83
2026-02-14,activation_volume,17,9.085,2.9699999999999998
2026-02-14,activation_volume,18,3.56,1.13
2026-02-14,activation_volume,19,3.24,4.199999999999999
2026-02-14,activation_volume,20,3.355,2.91
2026-02-14,activation_volume,21,7.76,5.699999999999999
2026-02-14,activation_volume,22,6.66,8.100000000000001
2026-02-14,activation_volume,23,4.18,22.61
2026-02-14,activation_price,0,109.63101,112.99342147435898
2026-02-14,activation_price,1,83.82763,100.36484436898698
2026-02-14,activation_price,2,82.36557,97.7631320754717
2026-02-14,activation_price,3,69.35464,105.50407407407407
2026-02-14,activation_price,4,83.07705,118.42002040816325
2026-02-14,activation_price,5,88.70061,107.10610169491527
2026-02-14,activation_price,6,102.32255,110.7750872817955
2026-02-14,activation_price,7,105.29694,107.48194444444445
2026-02-14,activation_price,8,120.015366,388.355715762274
2026-02-14,activation_price,9,136.68724,136.0651464968153
2026-02-14,activation_price,10,113.500626,123.01227272727273
2026-02-14,activation_price,11,105.746704,118.24464071856288
2026-02-14,activation_price,12,109.67096,110.21288888888888
2026-02-14,activation_price,13,111.16287,137.48244191794365
2026-02-14,activation_price,14,111.55272,159.20505175983433
2026-02-14,activation_price,15,129.78963,165.36484437751002
2026-02-14,activation_price,16,123.85593,149.98327122153208
2026-02-14,activation_price,17,115.23455,146.3414814814815
2026-02-14,activation_price,18,106.06575,140.24530973451328
2026-02-14,activation_price,19,107.97042,146.235
2026-02-14,activation_price,20,97.28432,143.8159793814433
2026-02-14,activation_price,21,107.20244,143.55638596491227
2026-02-14,activation_price,22,101.1,138.1261481481481
2026-02-14,activation_price,23,92.06597,118.85681999115435
2026-02-15,day_ahead_price,0,71.50875,101.7775
2026-02-15,day_ahead_price,1,69.3,99.94750025
2026-02-15,day_ahead_price,2,66.9425,100.75500125
2026-02-15,day_ahead_price,3,65.6725,98.02499974999999
2026-02-15,day_ahead_price,4,63.6725,96.5199985
2026-02-15,day_ahead_price,5,65.9725,94.35499925
2026-02-15,day_ahead_price,6,72.25,94.16750125000002
2026-02-15,day_ahead_price,7,79.64,96.11500175
2026-02-15,day_ahead_price,8,86.475,96.79999925
2026-02-15,day_ahead_price,9,83.35875,93.0650025
2026-02-15,day_ahead_price,10,78.9725,83.017498
2026-02-15,day_ahead_price,11,75.415,74.7224995
2026-02-15,day_ahead_price,12,76.065,67.37000075
2026-02-15,day_ahead_price,13,77.409996,64.40750025
2026-02-15,day_ahead_price,14,85.18875,64.8650005
2026-02-15,day_ahead_price,15,88.9975,71.95250025000001
2026-02-15,day_ahead_price,16,94.65875,84.204998
2026-02-15,day_ahead_price,17,99.795,96.38500025
2026-02-15,day_ahead_price,18,97.71875,98.20250124999998
2026-02-15,day_ahead_price,19,93.65125,83.61250125
2026-02-15,day_ahead_price,20,85.28999,71.00249875
2026-02-15,day_ahead_price,21,79.7975,67.2625005
2026-02-15,day_ahead_price,22,75.63375,65.61500050000001
2026-02-15,day_ahead_price,23,71.0,58.2725
2026-02-15,capacity_price,0,1.21,0.67
2026-02-15,capacity_price,1,1.21,0.67
2026-02-15,capacity_price,2,1.2,0.31
2026-02-15,capacity_price,3,1.21,0.33
2026-02-15,capacity_price,4,2.6550002,0.31
2026-02-15,capacity_price,5,6.02,0.54
2026-02-15,capacity_price,6,6.69,1.2
2026-02-15,capacity_price,7,7.8149996,1.2
2026-02-15,capacity_price,8,6.6949997,1.2
2026-02-15,capacity_price,9,13.155001,1.2
2026-02-15,capacity_price,10,13.39,1.2
2026-02-15,capacity_price,11,11.54,1.2
2026-02-15,capacity_price,12,13.255,1.2
2026-02-15,capacity_price,13,8.31,1.2
2026-02-15,capacity_price,14,10.975,0.67
2026-02-15,capacity_price,15,17.27,1.2
2026-02-15,capacity_price,16,26.4,1.2
2026-02-15,capacity_price,17,41.77,1.2
2026-02-15,capacity_price,18,40.18,3.35
2026-02-15,capacity_price,19,37.49,3.35
2026-02-15,capacity_price,20,32.77,3.35
2026-02-15,capacity_price,21,20.08,1.2
2026-02-15,capacity_price,22,10.0,0.54
2026-02-15,capacity_price,23,6.7,0.31
2026-02-15,activation_volume,0,20.105,7.6000000000000005
2026-02-15,activation_volume,1,14.43,31.189999999999998
2026-02-15,activation_volume,2,6.925,3.8699999999999997
2026-02-15,activation_volume,3,3.005,31.759999999999998
2026-02-15,activation_volume,4,4.585,35.42
2026-02-15,activation_volume,5,7.6000004,3.28
2026-02-15,activation_volume,6,8.81,6.550000000000001
2026-02-15,activation_volume,7,8.045,6.21
2026-02-15,activation_volume,8,11.95,6.91
2026-02-15,activation_volume,9,9.0,0.0
2026-02-15,activation_volume,10,6.59,17.29
2026-02-15,activation_volume,11,7.48,53.58
2026-02-15,activation_volume,12,10.09,0.77
2026-02-15,activation_volume,13,10.42,16.46
2026-02-15,activation_volume,14,13.219999,38.31
2026-02-15,activation_volume,15,10.88,80.11000000000001
2026-02-15,activation_volume,16,9.59,89.6
2026-02-15,activation_volume,17,7.89,53.059999999999995
2026-02-15,activation_volume,18,2.76,18.16
2026-02-15,activation_volume,19,2.665,43.72
2026-02-15,activation_volume,20,2.875,16.42
2026-02-15,activation_volume,21,2.58,38.58
2026-02-15,activation_volume,22,3.35,15.350000000000001
2026-02-15,activation_volume,23,1.51,31.090000000000007
2026-02-15,activation_price,0,99.29703,145.23693421052627
2026-02-15,activation_price,1,79.80575,155.81106444373196
2026-02-15,activation_price,2,83.44,111.81521963824288
2026-02-15,activation_price,3,65.59203,152.08503463476072
2026-02-15,activation_price,4,71.84073,157.89939582156973
2026-02-15,activation_price,5,83.26898,101.08
2026-02-15,activation_price,6,93.57356,109.95746564885494
2026-02-15,activation_price,7,92.29149,116.17555555555556
2026-02-15,activation_price,8,114.096,120.2129088277858
2026-02-15,activation_price,9,113.29972,
2026-02-15,activation_price,10,110.25083,155.43278773857722
2026-02-15,activation_price,11,98.70042,151.8228443449048
2026-02-15,activation_price,12,98.905365,98.6
2026-02-15,activation_price,13,101.68682,132.73911300121506
2026-02-15,activation_price,14,116.704315,133.26104672409292
2026-02-15,activation_price,15,117.95146,180.32158157533388
2026-02-15,activation_price,16,115.6194,1690.7337321428572
2026-02-15,activation_price,17,119.5001,381.1093969091594
2026-02-15,activation_price,18,108.62913,195.75641519823787
2026-02-15,activation_price,19,85.747116,192.77566559926805
2026-02-15,activation_price,20,88.76428,155.49616321559074
2026-02-15,activation_price,21,94.06833,128.40754017625716
2026-02-15,activation_price,22,89.83309,93.8592964169381
2026-02-15,activation_price,23,80.55849,109.75972660019296
2026-02-16,day_ahead_price,0,75.245,69.8199995
2026-02-16,day_ahead_price,1,70.3975,65.63249975
2026-02-16,day_ahead_price,2,70.34375,65.09499725
2026-02-16,day_ahead_price,3,68.22,64.41249925
2026-02-16,day_ahead_price,4,67.401245,66.05249975
2026-02-16,day_ahead_price,5,67.49251,69.98500075
2026-02-16,day_ahead_price,6,76.0725,79.32750125
2026-02-16,day_ahead_price,7,83.585,94.1225015
2026-02-16,day_ahead_price,8,89.42625,101.032501
2026-02-16,day_ahead_price,9,89.771255,104.42499925000001
2026-02-16,day_ahead_price,10,85.82,101.539999
2026-02-16,day_ahead_price,11,83.479996,94.86000075000001
2026-02-16,day_ahead_price,12,80.485,92.00249875
2026-02-16,day_ahead_price,13,81.9325,94.40250024999999
2026-02-16,day_ahead_price,14,86.10124,94.7474995
2026-02-16,day_ahead_price,15,93.1975,94.539999
2026-02-16,day_ahead_price,16,100.705,102.282501
2026-02-16,day_ahead_price,17,110.1,114.41749975
2026-02-16,day_ahead_price,18,108.25,115.6375025
2026-02-16,day_ahead_price,19,98.6175,117.44499775
2026-02-16,day_ahead_price,20,89.152504,103.75499925000001
2026-02-16,day_ahead_price,21,82.905,96.1875
2026-02-16,day_ahead_price,22,79.9875,94.3150005
2026-02-16,day_ahead_price,23,76.1525,90.20000075
2026-02-16,capacity_price,0,1.21,0.31
2026-02-16,capacity_price,1,1.21,0.31
2026-02-16,capacity_price,2,1.21,0.31
2026-02-16,capacity_price,3,1.21,0.31
2026-02-16,capacity_price,4,1.34,0.31
2026-02-16,capacity_price,5,4.6549997,0.67
2026-02-16,capacity_price,6,6.69,1.2
2026-02-16,capacity_price,7,11.265,1.2
2026-02-16,capacity_price,8,11.395,1.2
2026-02-16,capacity_price,9,11.28,1.2
2026-02-16,capacity_price,10,11.63,1.2
2026-02-16,capacity_price,11,6.7,1.2
2026-02-16,capacity_price,12,10.0,1.2
2026-02-16,capacity_price,13,7.98,1.2
2026-02-16,capacity_price,14,11.95,1.2
2026-02-16,capacity_price,15,23.65,1.2
2026-02-16,capacity_price,16,34.28,1.2
2026-02-16,capacity_price,17,44.190002,5.62
2026-02-16,capacity_price,18,43.95,5.62
2026-02-16,capacity_price,19,44.45,5.62
2026-02-16,capacity_price,20,33.205,3.35
2026-02-16,capacity_price,21,24.9,1.2
2026-02-16,capacity_price,22,13.39,1.2
2026-02-16,capacity_price,23,6.7799997,0.31
2026-02-16,activation_volume,0,16.275,69.69
2026-02-16,activation_volume,1,14.815001,113.41
2026-02-16,activation_volume,2,5.91,45.60000000000001
2026-02-16,activation_volume,3,4.045,5.03
2026-02-16,activation_volume,4,7.61,51.949999999999996
2026-02-16,activation_volume,5,5.24,11.97
2026-02-16,activation_volume,6,9.435,3.71
2026-02-16,activation_volume,7,9.535,0.0
2026-02-16,activation_volume,8,15.95,23.430000000000003
2026-02-16,activation_volume,9,16.1,2.7800000000000002
2026-02-16,activation_volume,10,7.9350004,1.7799999999999998
2026-02-16,activation_volume,11,11.02,0.47
2026-02-16,activation_volume,12,10.18,27.78
2026-02-16,activation_volume,13,12.235001,1.6800000000000002
2026-02-16,activation_volume,14,15.745,32.66
2026-02-16,activation_volume,15,11.96,6.140000000000001
2026-02-16,activation_volume,16,12.66,6.76
2026-02-16,activation_volume,17,8.92,4.7
2026-02-16,activation_volume,18,2.47,3.7
2026-02-16,activation_volume,19,2.4899998,4.47
2026-02-16,activation_volume,20,2.02,5.869999999999999
2026-02-16,activation_volume,21,3.23,0.0
2026-02-16,activation_volume,22,3.44,0.0
2026-02-16,activation_volume,23,5.5699997,27.06
2026-02-16,activation_price,0,99.374985,348.59304634811303
2026-02-16,activation_price,1,84.422516,869.8627598977163
2026-02-16,activation_price,2,84.65343,164.37333552631577
2026-02-16,activation_price,3,69.12134,60.47359840954273
2026-02-16,activation_price,4,81.163635,110.04391722810394
2026-02-16,activation_price,5,82.0434,92.9582873851295
2026-02-16,activation_price,6,93.57356,98.10506738544474
2026-02-16,activation_price,7,105.491035,
2026-02-16,activation_price,8,130.8046,137.6237131882202
2026-02-16,activation_price,9,130.92958,117.97061151079136
2026-02-16,activation_price,10,110.25083,103.29460674157303
2026-02-16,activation_price,11,114.99423,110.27
2026-02-16,activation_price,12,102.625275,117.65745140388768
2026-02-16,activation_price,13,114.050125,90.95130952380954
2026-02-16,activation_price,14,143.95978,118.16067973055726
2026-02-16,activation_price,15,130.03365,107.50752442996743
2026-02-16,activation_price,16,117.34197,120.76576923076924
2026-02-16,activation_price,17,116.514725,127.15874468085104
2026-02-16,activation_price,18,106.06,124.32913513513515
2026-02-16,activation_price,19,86.78462,115.22044742729307
2026-02-16,activation_price,20,91.16356,119.00664395229985
2026-02-16,activation_price,21,103.0366,
2026-02-16,activation_price,22,92.90517,
2026-02-16,activation_price,23,92.62,122.72711012564672
2026-02-17,day_ahead_price,0,70.2275,87.01749975
2026-02-17,day_ahead_price,1,68.825,85.10249925
2026-02-17,day_ahead_price,2,67.363754,84.77000025
2026-02-17,day_ahead_price,3,66.270004,85.647499
2026-02-17,day_ahead_price,4,64.8625,84.8125
2026-02-17,day_ahead_price,5,65.49,88.83999999999999
2026-02-17,day_ahead_price,6,72.3025,102.459999
2026-02-17,day_ahead_price,7,82.195,114.3275015
2026-02-17,day_ahead_price,8,87.322495,114.30000125000001
2026-02-17,day_ahead_price,9,90.395004,110.8374995
2026-02-17,day_ahead_price,10,85.82,102.40000125
2026-02-17,day_ahead_price,11,83.07,93.05500225
2026-02-17,day_ahead_price,12,81.32875,83.93999875
2026-02-17,day_ahead_price,13,83.82625,82.29249924999999
2026-02-17,day_ahead_price,14,88.3275,82.4174995
2026-02-17,day_ahead_price,15,95.0,86.3775005
2026-02-17,day_ahead_price,16,98.6725,94.0824985
2026-02-17,day_ahead_price,17,108.113754,110.80500024999999
2026-02-17,day_ahead_price,18,109.12,126.97500025
2026-02-17,day_ahead_price,19,104.0475,126.5999985
2026-02-17,day_ahead_price,20,93.9325,111.32500075000002
2026-02-17,day_ahead_price,21,83.5175,99.95250100000001
2026-02-17,day_ahead_price,22,84.52875,93.2249985
2026-02-17,day_ahead_price,23,81.025,89.61000049999998
2026-02-17,capacity_price,0,1.21,1.2
2026-02-17,capacity_price,1,1.2,1.2
2026-02-17,capacity_price,2,1.2,1.2
2026-02-17,capacity_price,3,1.21,1.2
2026-02-17,capacity_price,4,2.01,1.2
2026-02-17,capacity_price,5,3.53,1.2
2026-02-17,capacity_price,6,6.69,1.2
2026-02-17,capacity_price,7,9.32,1.2
2026-02-17,capacity_price,8,6.7,1.2
2026-02-17,capacity_price,9,8.7,1.2
2026-02-17,capacity_price,10,10.0,1.2
2026-02-17,capacity_price,11,10.02,1.2
2026-02-17,capacity_price,12,10.889999,1.2
2026-02-17,capacity_price,13,9.24,1.2
2026-02-17,capacity_price,14,10.0,1.2
2026-02-17,capacity_price,15,13.325001,1.2
2026-02-17,capacity_price,16,29.76,5.76
2026-02-17,capacity_price,17,43.51,53.77
2026-02-17,capacity_price,18,41.84,63.67
2026-02-17,capacity_price,19,38.46,87.69
2026-02-17,capacity_price,20,32.77,9.0
2026-02-17,capacity_price,21,23.765,4.02
2026-02-17,capacity_price,22,10.0,1.2
2026-02-17,capacity_price,23,7.63,1.2
2026-02-17,activation_volume,0,22.09,63.96
2026-02-17,activation_volume,1,15.605,33.84
2026-02-17,activation_volume,2,6.265,0.03
2026-02-17,activation_volume,3,2.48,1.92
2026-02-17,activation_volume,4,4.64,3.3
2026-02-17,activation_volume,5,7.26,23.91
2026-02-17,activation_volume,6,9.325001,11.35
2026-02-17,activation_volume,7,5.69,11.52
2026-02-17,activation_volume,8,12.2,12.65
2026-02-17,activation_volume,9,10.45,7.44
2026-02-17,activation_volume,10,6.62,6.13
2026-02-17,activation_volume,11,8.65,17.77
2026-02-17,activation_volume,12,8.565,2.79
2026-02-17,activation_volume,13,8.01,3.58
2026-02-17,activation_volume,14,9.87,3.1799999999999997
2026-02-17,activation_volume,15,10.205,2.53
2026-02-17,activation_volume,16,8.735001,9.670000000000002
2026-02-17,activation_volume,17,7.87,24.700000000000003
2026-02-17,activation_volume,18,2.86,1.4000000000000001
2026-02-17,activation_volume,19,4.045,0.15
2026-02-17,activation_volume,20,2.02,0.38
2026-02-17,activation_volume,21,2.0,2.44
2026-02-17,activation_volume,22,3.14,8.42
2026-02-17,activation_volume,23,2.7,23.099999999999998
2026-02-17,activation_price,0,96.67226,112.0842401500938
2026-02-17,activation_price,1,80.58241,100.2039598108747
2026-02-17,activation_price,2,81.835495,57.42
2026-02-17,activation_price,3,62.939404,101.34651041666667
2026-02-17,activation_price,4,75.05712,104.78636363636365
2026-02-17,activation_price,5,87.12741,114.17013801756588
2026-02-17,activation_price,6,98.74587,126.76109251101322
2026-02-17,activation_price,7,109.52916,168.88005208333334
2026-02-17,activation_price,8,106.35016,330.8858577075099
2026-02-17,activation_price,9,113.29972,151.23819892473117
2026-02-17,activation_price,10,123.17714,209.63350734094618
2026-02-17,activation_price,11,118.87797,147.52697805289816
2026-02-17,activation_price,12,110.797165,109.83293906810036
2026-02-17,activation_price,13,112.5481,115.9745251396648
2026-02-17,activation_price,14,111.55272,117.11298742138365
2026-02-17,activation_price,15,119.59982,129.46830039525693
2026-02-17,activation_price,16,113.645035,149.54935884177866
2026-02-17,activation_price,17,117.46262,160.13167611336033
2026-02-17,activation_price,18,106.06575,143.8025714285714
2026-02-17,activation_price,19,122.13202,79.36
2026-02-17,activation_price,20,96.598465,127.96394736842107
2026-02-17,activation_price,21,103.80504,126.00942622950818
2026-02-17,activation_price,22,101.1,133.76057007125888
2026-02-17,activation_price,23,92.307434,134.17428571428573
2026-02-18,day_ahead_price,0,78.145004,95.630001
2026-02-18,day_ahead_price,1,77.8775,93.562502
2026-02-18,day_ahead_price,2,75.301254,93.29249725
2026-02-18,day_ahead_price,3,74.0375,92.675001
2026-02-18,day_ahead_price,4,72.369995,93.41750175
2026-02-18,day_ahead_price,5,72.95375,101.19750025
2026-02-18,day_ahead_price,6,77.1475,122.51250074999999
2026-02-18,day_ahead_price,7,82.84375,175.744999
2026-02-18,day_ahead_price,8,90.63375,186.09249875
2026-02-18,day_ahead_price,9,94.3925,136.28250125
2026-02-18,day_ahead_price,10,89.94625,118.010002
2026-02-18,day_ahead_price,11,86.85,107.272499
2026-02-18,day_ahead_price,12,84.70125,102.82749950000002
2026-02-18,day_ahead_price,13,86.7775,101.66250025
2026-02-18,day_ahead_price,14,91.9925,104.70249924999999
2026-02-18,day_ahead_price,15,97.7925,114.83749974999999
2026-02-18,day_ahead_price,16,108.4925,122.472498
2026-02-18,day_ahead_price,17,118.1225,140.40500250000002
2026-02-18,day_ahead_price,18,112.5275,142.5974995
2026-02-18,day_ahead_price,19,104.94,120.19249900000001
2026-02-18,day_ahead_price,20,94.1275,103.28750224999999
2026-02-18,day_ahead_price,21,90.82,101.02249900000001
2026-02-18,day_ahead_price,22,86.045,98.557499
2026-02-18,day_ahead_price,23,81.815,89.86750024999999
2026-02-18,capacity_price,0,1.21,0.32
2026-02-18,capacity_price,1,1.21,0.38
2026-02-18,capacity_price,2,1.21,0.38
2026-02-18,capacity_price,3,1.21,0.32
2026-02-18,capacity_price,4,1.6700001,0.67
2026-02-18,capacity_price,5,5.365,1.2
2026-02-18,capacity_price,6,6.69,1.2
2026-02-18,capacity_price,7,9.74,69.87
2026-02-18,capacity_price,8,16.98,100.39
2026-02-18,capacity_price,9,13.22,120.45
2026-02-18,capacity_price,10,12.975,88.79
2026-02-18,capacity_price,11,9.110001,3.35
2026-02-18,capacity_price,12,13.1,3.35
2026-02-18,capacity_price,13,9.53,3.35
2026-02-18,capacity_price,14,11.360001,1.2
2026-02-18,capacity_price,15,19.675,1.2
2026-02-18,capacity_price,16,34.68,5.62
2026-02-18,capacity_price,17,45.195,68.18
2026-02-18,capacity_price,18,44.59,69.25
2026-02-18,capacity_price,19,38.129997,57.2
2026-02-18,capacity_price,20,32.78,3.35
2026-02-18,capacity_price,21,24.9,3.35
2026-02-18,capacity_price,22,13.39,0.67
2026-02-18,capacity_price,23,8.7,0.67
2026-02-18,activation_volume,0,25.994999,103.78
2026-02-18,activation_volume,1,15.32,68.89
2026-02-18,activation_volume,2,6.005,0.11
2026-02-18,activation_volume,3,2.85,15.659999999999998
2026-02-18,activation_volume,4,4.8149996,12.64
2026-02-18,activation_volume,5,5.24,34.81
2026-02-18,activation_volume,6,5.93,31.27
2026-02-18,activation_volume,7,9.915001,12.809999999999999
2026-02-18,activation_volume,8,15.04,11.820000000000002
2026-02-18,activation_volume,9,15.925,53.14
2026-02-18,activation_volume,10,15.23,17.85
2026-02-18,activation_volume,11,12.61,24.659999999999997
2026-02-18,activation_volume,12,10.18,4.8100000000000005
2026-02-18,activation_volume,13,12.54,19.38
2026-02-18,activation_volume,14,13.2,1.8699999999999999
2026-02-18,activation_volume,15,11.82,3.54
2026-02-18,activation_volume,16,15.59,29.89
2026-02-18,activation_volume,17,10.01,11.72
2026-02-18,activation_volume,18,2.9250002,17.869999999999997
2026-02-18,activation_volume,19,3.24,10.74
2026-02-18,activation_volume,20,2.7,2.37
2026-02-18,activation_volume,21,3.165,10.82
2026-02-18,activation_volume,22,3.57,14.76
2026-02-18,activation_volume,23,2.38,28.97
2026-02-18,activation_price,0,101.7458,512.1979398728079
2026-02-18,activation_price,1,84.23503,110.09820583538975
2026-02-18,activation_price,2,88.69626,76.51727272727273
2026-02-18,activation_price,3,67.03875,97.65129629629631
2026-02-18,activation_price,4,81.75907,99.40107594936708
2026-02-18,activation_price,5,93.9025,118.96447572536624
2026-02-18,activation_price,6,106.235214,2070.14044451551
2026-02-18,activation_price,7,115.01867,674.242318501171
2026-02-18,activation_price,8,120.67755,476.47022842639586
2026-02-18,activation_price,9,138.27686,1991.602453895371
2026-02-18,activation_price,10,119.92235,1202.8700336134452
2026-02-18,activation_price,11,116.9361,429.7389132197892
2026-02-18,activation_price,12,119.69054,97.4530769230769
2026-02-18,activation_price,13,127.08795,112.79562435500517
2026-02-18,activation_price,14,147.4097,86.93224598930482
2026-02-18,activation_price,15,136.0948,118.20627118644069
2026-02-18,activation_price,16,128.90839,392.7999899631984
2026-02-18,activation_price,17,116.514725,275.4905887372014
2026-02-18,activation_price,18,106.06575,132.63669837716847
2026-02-18,activation_price,19,120.293594,748.607597765363
2026-02-18,activation_price,20,96.63832,125.43177215189876
2026-02-18,activation_price,21,104.57348,154.43039741219962
2026-02-18,activation_price,22,94.27467,118.26517615176152
2026-02-18,activation_price,23,98.64315,210.38099413186052
2026-02-19,day_ahead_price,0,77.94125,84.4224985
2026-02-19,day_ahead_price,1,75.87125,82.55500024999999
2026-02-19,day_ahead_price,2,73.240005,82.59999825
2026-02-19,day_ahead_price,3,69.76375,82.25750174999999
2026-02-19,day_ahead_price,4,67.725,80.3999995
2026-02-19,day_ahead_price,5,68.46,84.9475
2026-02-19,day_ahead_price,6,76.61,88.80500025
2026-02-19,day_ahead_price,7,83.585,96.44499975
2026-02-19,day_ahead_price,8,90.06125,107.165001
2026-02-19,day_ahead_price,9,92.295006,109.76500125
2026-02-19,day_ahead_price,10,88.2125,104.15250025
2026-02-19,day_ahead_price,11,84.182495,96.8374995
2026-02-19,day_ahead_price,12,82.505005,92.12500200000001
2026-02-19,day_ahead_price,13,81.98625,90.7299975
2026-02-19,day_ahead_price,14,88.3275,90.6849995
2026-02-19,day_ahead_price,15,95.08624,93.7525005
2026-02-19,day_ahead_price,16,105.0725,98.0650005
2026-02-19,day_ahead_price,17,118.6775,108.8599985
2026-02-19,day_ahead_price,18,115.8175,114.817501
2026-02-19,day_ahead_price,19,103.9125,111.94499975
2026-02-19,day_ahead_price,20,94.285,101.6274985
2026-02-19,day_ahead_price,21,91.4825,98.66250025
2026-02-19,day_ahead_price,22,87.8375,92.4675005
2026-02-19,day_ahead_price,23,81.38,85.49749775000001
2026-02-19,capacity_price,0,1.21,0.67
2026-02-19,capacity_price,1,1.2,0.32
2026-02-19,capacity_price,2,1.2,0.32
2026-02-19,capacity_price,3,1.21,0.32
2026-02-19,capacity_price,4,1.21,0.67
2026-02-19,capacity_price,5,3.2849998,1.2
2026-02-19,capacity_price,6,6.69,1.2
2026-02-19,capacity_price,7,7.0299997,1.2
2026-02-19,capacity_price,8,7.7,1.2
2026-02-19,capacity_price,9,11.28,3.35
2026-02-19,capacity_price,10,12.56,5.76
2026-02-19,capacity_price,11,6.7,1.47
2026-02-19,capacity_price,12,6.69,1.2
2026-02-19,capacity_price,13,6.7,1.2
2026-02-19,capacity_price,14,10.0,1.2
2026-02-19,capacity_price,15,17.26,1.47
2026-02-19,capacity_price,16,28.02,8.83
2026-02-19,capacity_price,17,42.15,5.89
2026-02-19,capacity_price,18,49.465,5.89
2026-02-19,capacity_price,19,44.795,5.89
2026-02-19,capacity_price,20,33.205,5.76
2026-02-19,capacity_price,21,20.99,5.76
2026-02-19,capacity_price,22,8.2699995,1.2
2026-02-19,capacity_price,23,7.0,0.67
2026-02-19,activation_volume,0,28.53,55.03
2026-02-19,activation_volume,1,13.290001,57.02
2026-02-19,activation_volume,2,6.005,44.95
2026-02-19,activation_volume,3,6.28,0.62
2026-02-19,activation_volume,4,6.0,5.01
2026-02-19,activation_volume,5,10.77,72.64000000000001
2026-02-19,activation_volume,6,11.85,125.64999999999999
2026-02-19,activation_volume,7,8.91,57.470000000000006
2026-02-19,activation_volume,8,15.04,42.75
2026-02-19,activation_volume,9,12.28,80.46000000000001
2026-02-19,activation_volume,10,6.59,15.16
2026-02-19,activation_volume,11,7.93,4.550000000000001
2026-02-19,activation_volume,12,11.0,1.22
2026-02-19,activation_volume,13,13.11,3.7800000000000002
2026-02-19,activation_volume,14,12.58,34.44
2026-02-19,activation_volume,15,9.33,44.82
2026-02-19,activation_volume,16,12.72,70.94999999999999
2026-02-19,activation_volume,17,8.92,31.23
2026-02-19,activation_volume,18,2.795,3.37
2026-02-19,activation_volume,19,3.01,0.29000000000000004
2026-02-19,activation_volume,20,3.83,1.63
2026-02-19,activation_volume,21,4.03,1.58
2026-02-19,activation_volume,22,3.58,3.5
2026-02-19,activation_volume,23,1.81,2.6199999999999997
2026-02-19,activation_price,0,99.51,568.5441195711429
2026-02-19,activation_price,1,86.67346,140.08978603998594
2026-02-19,activation_price,2,81.291145,109.67590656284762
2026-02-19,activation_price,3,74.93526,92.45693548387098
2026-02-19,activation_price,4,81.75907,100.14193612774451
2026-02-19,activation_price,5,92.34128,192.34783727973564
2026-02-19,activation_price,6,125.93169,2089.213318742539
2026-02-19,activation_price,7,112.642334,1830.6761197146336
2026-02-19,activation_price,8,129.8347,824.1338760233918
2026-02-19,activation_price,9,141.73022,1369.6465920954508
2026-02-19,activation_price,10,124.84489,1563.7220052770447
2026-02-19,activation_price,11,124.27137,111.04149450549448
2026-02-19,activation_price,12,115.761246,108.44901639344262
2026-02-19,activation_price,13,128.88663,114.08357142857143
2026-02-19,activation_price,14,126.403114,258.3170150987225
2026-02-19,activation_price,15,138.67648,325.9549352967425
2026-02-19,activation_price,16,146.14346,1490.5321240310082
2026-02-19,activation_price,17,119.621956,569.4159045789305
2026-02-19,activation_price,18,120.87537,216.75569732937686
2026-02-19,activation_price,19,131.42427,121.09793103448274
2026-02-19,activation_price,20,107.07096,113.04840490797545
2026-02-19,activation_price,21,107.20244,128.11341772151897
2026-02-19,activation_price,22,109.0715,124.29654285714285
2026-02-19,activation_price,23,90.31215,107.6172900763359
2026-02-20,day_ahead_price,0,77.7375,86.4249975
2026-02-20,day_ahead_price,1,75.5025,86.22750075
2026-02-20,day_ahead_price,2,69.8175,85.55750075
2026-02-20,day_ahead_price,3,68.875,84.87999925
2026-02-20,day_ahead_price,4,67.5825,84.41750174999999
2026-02-20,day_ahead_price,5,65.49,89.6875
2026-02-20,day_ahead_price,6,79.65875,100.049999
2026-02-20,day_ahead_price,7,88.58,112.49249825
2026-02-20,day_ahead_price,8,95.70375,116.39249975
2026-02-20,day_ahead_price,9,95.335,107.4000015
2026-02-20,day_ahead_price,10,92.432495,90.60749975000002
2026-02-20,day_ahead_price,11,88.5375,83.0425015
2026-02-20,day_ahead_price,12,83.03125,79.39999949999999
2026-02-20,day_ahead_price,13,85.17,78.75999825000001
2026-02-20,day_ahead_price,14,89.6825,79.95750050000001
2026-02-20,day_ahead_price,15,95.09,81.23999975000001
2026-02-20,day_ahead_price,16,100.205,78.44000075
2026-02-20,day_ahead_price,17,110.41,79.60000225
2026-02-20,day_ahead_price,18,110.825,86.102499
2026-02-20,day_ahead_price,19,97.505,82.70750050000001
2026-02-20,day_ahead_price,20,91.0325,78.71249975
2026-02-20,day_ahead_price,21,83.5175,67.99749925
2026-02-20,day_ahead_price,22,80.8675,64.64000025
2026-02-20,day_ahead_price,23,75.159996,46.80500025
2026-02-20,capacity_price,0,1.21,0.67
2026-02-20,capacity_price,1,1.21,0.54
2026-02-20,capacity_price,2,1.21,0.67
2026-02-20,capacity_price,3,1.21,0.67
2026-02-20,capacity_price,4,2.21,0.67
2026-02-20,capacity_price,5,3.93,1.2
2026-02-20,capacity_price,6,6.69,1.31
2026-02-20,capacity_price,7,10.0,1.2
2026-02-20,capacity_price,8,8.7,3.35
2026-02-20,capacity_price,9,8.38,7.36
2026-02-20,capacity_price,10,10.0,5.62
2026-02-20,capacity_price,11,8.04,1.31
2026-02-20,capacity_price,12,7.565,1.31
2026-02-20,capacity_price,13,8.7,1.31
2026-02-20,capacity_price,14,10.275,1.31
2026-02-20,capacity_price,15,22.779999,1.2
2026-02-20,capacity_price,16,31.2,1.2
2026-02-20,capacity_price,17,45.39,5.76
2026-02-20,capacity_price,18,42.86,5.76
2026-02-20,capacity_price,19,37.394997,5.76
2026-02-20,capacity_price,20,29.715,5.76
2026-02-20,capacity_price,21,22.63,1.2
2026-02-20,capacity_price,22,10.0,1.31
2026-02-20,capacity_price,23,6.7,0.67
2026-02-20,activation_volume,0,27.01,46.92
2026-02-20,activation_volume,1,15.44,61.88
2026-02-20,activation_volume,2,6.39,6.12
2026-02-20,activation_volume,3,3.29,46.44
2026-02-20,activation_volume,4,7.685,5.02
2026-02-20,activation_volume,5,9.62,0.96
2026-02-20,activation_volume,6,15.555,13.899999999999999
2026-02-20,activation_volume,7,9.61,0.62
2026-02-20,activation_volume,8,15.12,13.57
2026-02-20,activation_volume,9,15.02,0.97
2026-02-20,activation_volume,10,12.875,0.0
2026-02-20,activation_volume,11,8.504999,17.47
2026-02-20,activation_volume,12,8.86,14.379999999999999
2026-02-20,activation_volume,13,16.875,69.22
2026-02-20,activation_volume,14,13.264999,54.31999999999999
2026-02-20,activation_volume,15,9.33,23.84
2026-02-20,activation_volume,16,12.23,66.64
2026-02-20,activation_volume,17,7.87,0.0
2026-02-20,activation_volume,18,2.8449998,0.0
2026-02-20,activation_volume,19,3.0700002,0.0
2026-02-20,activation_volume,20,1.7,0.0
2026-02-20,activation_volume,21,1.89,0.14
2026-02-20,activation_volume,22,1.325,11.59
2026-02-20,activation_volume,23,2.17,18.32
2026-02-20,activation_price,0,101.7458,420.31890238704176
2026-02-20,activation_price,1,83.82763,300.41740627020044
2026-02-20,activation_price,2,80.60892,160.2672712418301
2026-02-20,activation_price,3,62.826057,368.02439276485785
2026-02-20,activation_price,4,83.62002,110.3565737051793
2026-02-20,activation_price,5,94.03628,88.52302083333332
2026-02-20,activation_price,6,110.92212,966.6907769784173
2026-02-20,activation_price,7,118.80022,102.20967741935483
2026-02-20,activation_price,8,122.198944,763.6723802505527
2026-02-20,activation_price,9,131.76857,134.15
2026-02-20,activation_price,10,121.509384,
2026-02-20,activation_price,11,121.870834,120.08342873497425
2026-02-20,activation_price,12,110.797165,112.55239916550767
2026-02-20,activation_price,13,133.01537,332.6077304247328
2026-02-20,activation_price,14,144.9495,281.4725478645067
2026-02-20,activation_price,15,128.36981,177.70885067114094
2026-02-20,activation_price,16,119.883606,402.28118247298926
2026-02-20,activation_price,17,113.9848,
2026-02-20,activation_price,18,105.53173,
2026-02-20,activation_price,19,112.27182,
2026-02-20,activation_price,20,96.598465,
2026-02-20,activation_price,21,103.80504,76.28
2026-02-20,activation_price,22,91.61,107.25760138050045
2026-02-20,activation_price,23,97.55354,97.91117903930132
2026-02-21,day_ahead_price,0,69.88125,52.440000749999996
2026-02-21,day_ahead_price,1,67.64,46.64499925
2026-02-21,day_ahead_price,2,67.363754,43.4575005
2026-02-21,day_ahead_price,3,67.515,42.36250025
2026-02-21,day_ahead_price,4,64.2425,42.0
2026-02-21,day_ahead_price,5,64.655,41.625
2026-02-21,day_ahead_price,6,77.1475,35.86000025
2026-02-21,day_ahead_price,7,82.5075,46.98999975
2026-02-21,day_ahead_price,8,90.69,56.05000025
2026-02-21,day_ahead_price,9,91.30499,58.41750025
2026-02-21,day_ahead_price,10,87.6275,59.914999
2026-02-21,day_ahead_price,11,84.182495,59.23499975
2026-02-21,day_ahead_price,12,83.082504,59.0150005
2026-02-21,day_ahead_price,13,86.53,55.5025005
2026-02-21,day_ahead_price,14,88.8525,56.732499000000004
2026-02-21,day_ahead_price,15,95.041245,68.88500149999999
2026-02-21,day_ahead_price,16,100.00375,81.9400005
2026-02-21,day_ahead_price,17,111.82,98.635
2026-02-21,day_ahead_price,18,110.838745,108.175001
2026-02-21,day_ahead_price,19,102.3375,101.17250250000001
2026-02-21,day_ahead_price,20,93.322495,89.09749825
2026-02-21,day_ahead_price,21,87.5875,82.81249975
2026-02-21,day_ahead_price,22,83.465004,76.59249875
2026-02-21,day_ahead_price,23,78.240005,66.709999
2026-02-21,capacity_price,0,1.21,0.67
2026-02-21,capacity_price,1,1.21,0.67
2026-02-21,capacity_price,2,1.21,0.67
2026-02-21,capacity_price,3,1.21,0.67
2026-02-21,capacity_price,4,2.01,0.67
2026-02-21,capacity_price,5,6.02,0.67
2026-02-21,capacity_price,6,6.6949997,0.54
2026-02-21,capacity_price,7,10.0,0.67
2026-02-21,capacity_price,8,13.26,1.31
2026-02-21,capacity_price,9,13.155001,1.2
2026-02-21,capacity_price,10,13.26,1.31
2026-02-21,capacity_price,11,15.55,1.2
2026-02-21,capacity_price,12,8.43,1.2
2026-02-21,capacity_price,13,6.86,1.31
2026-02-21,capacity_price,14,10.275,1.31
2026-02-21,capacity_price,15,23.47,1.2
2026-02-21,capacity_price,16,35.61,1.2
2026-02-21,capacity_price,17,45.39,1.34
2026-02-21,capacity_price,18,44.59,1.34
2026-02-21,capacity_price,19,38.46,1.34
2026-02-21,capacity_price,20,27.765,5.75
2026-02-21,capacity_price,21,24.9,5.75
2026-02-21,capacity_price,22,14.24,3.35
2026-02-21,capacity_price,23,8.1,1.2
2026-02-21,activation_volume,0,27.01,169.3
2026-02-21,activation_volume,1,15.44,70.17
2026-02-21,activation_volume,2,8.135,58.26
2026-02-21,activation_volume,3,5.085,96.96
2026-02-21,activation_volume,4,6.0,18.029999999999998
2026-02-21,activation_volume,5,10.045,0.96
2026-02-21,activation_volume,6,9.530001,7.0
2026-02-21,activation_volume,7,9.61,1.2000000000000002
2026-02-21,activation_volume,8,12.95,48.98
2026-02-21,activation_volume,9,7.82,24.33
2026-02-21,activation_volume,10,12.78,19.82
2026-02-21,activation_volume,11,14.28,79.22999999999999
2026-02-21,activation_volume,12,13.75,34.36
2026-02-21,activation_volume,13,12.235001,77.50000000000001
2026-02-21,activation_volume,14,9.98,2.0500000000000003
2026-02-21,activation_volume,15,10.83,53.36
2026-02-21,activation_volume,16,13.15,13.82
2026-02-21,activation_volume,17,6.99,6.81
2026-02-21,activation_volume,18,3.16,11.58
2026-02-21,activation_volume,19,2.65,21.24
2026-02-21,activation_volume,20,3.05,2.44
2026-02-21,activation_volume,21,7.76,0.33
2026-02-21,activation_volume,22,4.955,68.46000000000001
2026-02-21,activation_volume,23,2.38,67.64999999999999
2026-02-21,activation_price,0,98.622025,1483.4803461311283
2026-02-21,activation_price,1,82.17479,112.06965797349292
2026-02-21,activation_price,2,89.73035,118.32536560247169
2026-02-21,activation_price,3,75.789764,129.03572091584158
2026-02-21,activation_price,4,82.66867,77.28316139767055
2026-02-21,activation_price,5,100.29453,10.7675
2026-02-21,activation_price,6,108.89493,65.13957142857143
2026-02-21,activation_price,7,108.89374,71.94016666666667
2026-02-21,activation_price,8,120.24467,83.77802164148633
2026-02-21,activation_price,9,124.229164,72.51543773119604
2026-02-21,activation_price,10,114.23349,82.04111503531786
2026-02-21,activation_price,11,124.00383,97.60429004165091
2026-02-21,activation_price,12,115.62665,98.51200523864959
2026-02-21,activation_price,13,121.14752,99.74842709677418
2026-02-21,activation_price,14,133.84749,61.753121951219505
2026-02-21,activation_price,15,122.214676,120.25892616191906
2026-02-21,activation_price,16,120.252205,116.9363531114327
2026-02-21,activation_price,17,110.53,134.0008663729809
2026-02-21,activation_price,18,120.87537,89.4931347150259
2026-02-21,activation_price,19,125.4563,112.87720338983053
2026-02-21,activation_price,20,91.16356,87.98196721311476
2026-02-21,activation_price,21,107.294266,59.152727272727276
2026-02-21,activation_price,22,107.57578,112.38755185509787
2026-02-21,activation_price,23,85.76189,115.10155506282337
2026-02-22,day_ahead_price,0,78.29,56.674999250000006
2026-02-22,day_ahead_price,1,77.8775,52.71000024999999
2026-02-22,day_ahead_price,2,75.56375,47.89750024999999
2026-02-22,day_ahead_price,3,74.46625,41.792499500000005
2026-02-22,day_ahead_price,4,75.2575,39.647498999999996
2026-02-22,day_ahead_price,5,73.96,38.66750075
2026-02-22,day_ahead_price,6,81.225,37.647499749999994
2026-02-22,day_ahead_price,7,87.738754,43.40250025
2026-02-22,day_ahead_price,8,94.8025,47.46
2026-02-22,day_ahead_price,9,93.756256,55.6724995
2026-02-22,day_ahead_price,10,88.2125,56.99499975
2026-02-22,day_ahead_price,11,84.9525,54.53000075
2026-02-22,day_ahead_price,12,85.15625,51.480000499999996
2026-02-22,day_ahead_price,13,87.835,46.21
2026-02-22,day_ahead_price,14,93.9575,44.5175
2026-02-22,day_ahead_price,15,98.0925,49.007501
2026-02-22,day_ahead_price,16,108.78125,66.8450005
2026-02-22,day_ahead_price,17,117.3625,87.7800005
2026-02-22,day_ahead_price,18,111.823746,91.567501
2026-02-22,day_ahead_price,19,102.3375,89.82500100000001
2026-02-22,day_ahead_price,20,93.322495,82.32500075
2026-02-22,day_ahead_price,21,89.055,75.27499949999999
2026-02-22,day_ahead_price,22,85.43625,70.45750050000001
2026-02-22,day_ahead_price,23,79.71,52.237501249999994
2026-02-22,capacity_price,0,1.21,1.31
2026-02-22,capacity_price,1,1.21,1.31
2026-02-22,capacity_price,2,1.205,0.43
2026-02-22,capacity_price,3,1.21,0.67
2026-02-22,capacity_price,4,1.34,0.43
2026-02-22,capacity_price,5,5.3,0.67
2026-02-22,capacity_price,6,6.69,1.31
2026-02-22,capacity_price,7,12.88,1.31
2026-02-22,capacity_price,8,13.32,1.2
2026-02-22,capacity_price,9,14.125,1.2
2026-02-22,capacity_price,10,13.855,1.2
2026-02-22,capacity_price,11,13.87,1.2
2026-02-22,capacity_price,12,13.38,1.2
2026-02-22,capacity_price,13,10.0,1.31
2026-02-22,capacity_price,14,10.66,1.31
2026-02-22,capacity_price,15,23.47,1.31
2026-02-22,capacity_price,16,29.26,1.2
2026-02-22,capacity_price,17,47.3,6.69
2026-02-22,capacity_price,18,51.940002,24.89
2026-02-22,capacity_price,19,37.295,24.89
2026-02-22,capacity_price,20,29.439999,10.46
2026-02-22,capacity_price,21,21.81,6.61
2026-02-22,capacity_price,22,10.0,5.03
2026-02-22,capacity_price,23,9.13,0.54
2026-02-22,activation_volume,0,28.335,15.89
2026-02-22,activation_volume,1,13.165001,67.42
2026-02-22,activation_volume,2,5.22,69.66
2026-02-22,activation_volume,3,3.47,37.010000000000005
2026-02-22,activation_volume,4,3.0349998,41.79
2026-02-22,activation_volume,5,7.26,38.86
2026-02-22,activation_volume,6,10.57,1.0
2026-02-22,activation_volume,7,12.375,3.37
2026-02-22,activation_volume,8,15.04,26.28
2026-02-22,activation_volume,9,12.84,37.15
2026-02-22,activation_volume,10,9.605,0.0
2026-02-22,activation_volume,11,8.504999,70.11999999999999
2026-02-22,activation_volume,12,10.6,97.09
2026-02-22,activation_volume,13,11.93,41.02
2026-02-22,activation_volume,14,13.48,148.89
2026-02-22,activation_volume,15,11.889999,76.99
2026-02-22,activation_volume,16,14.03,22.9
2026-02-22,activation_volume,17,5.3450003,33.019999999999996
2026-02-22,activation_volume,18,2.795,7.09
2026-02-22,activation_volume,19,2.73,3.03
2026-02-22,activation_volume,20,3.065,7.029999999999999
2026-02-22,activation_volume,21,3.37,4.17
2026-02-22,activation_volume,22,4.77,5.359999999999999
2026-02-22,activation_volume,23,1.41,1.0899999999999999
2026-02-22,activation_price,0,109.03866,100.63779735682819
2026-02-22,activation_price,1,84.117516,99.23426876297833
2026-02-22,activation_price,2,83.65491,118.37730548377836
2026-02-22,activation_price,3,75.789764,84.67114023236962
2026-02-22,activation_price,4,83.041016,92.38955970327828
2026-02-22,activation_price,5,100.29453,66.04567678847144
2026-02-22,activation_price,6,110.92212,56.24
2026-02-22,activation_price,7,121.09936,39.05878338278932
2026-02-22,activation_price,8,120.67755,80.42154490106545
2026-02-22,activation_price,9,136.0597,92.40739434724091
2026-02-22,activation_price,10,113.306046,
2026-02-22,activation_price,11,121.870834,657.4717527096407
2026-02-22,activation_price,12,111.35046,290.0309959831085
2026-02-22,activation_price,13,119.74772,92.1145733788396
2026-02-22,activation_price,14,128.85484,488.15670494996306
2026-02-22,activation_price,15,140.57057,91.91549032341864
2026-02-22,activation_price,16,136.16095,146.39400873362445
2026-02-22,activation_price,17,122.37704,1042.2525620835856
2026-02-22,activation_price,18,114.5,107.05918194640338
2026-02-22,activation_price,19,105.45873,86.47683168316833
2026-02-22,activation_price,20,93.88101,95.0741678520626
2026-02-22,activation_price,21,102.58178,78.87956834532373
2026-02-22,activation_price,22,93.25165,103.12050373134328
2026-02-22,activation_price,23,92.06597,52.77256880733946
2026-02-23,day_ahead_price,0,78.2175,45.84500025
2026-02-23,day_ahead_price,1,75.0,45.835
2026-02-23,day_ahead_price,2,71.28375,44.452500500000006
2026-02-23,day_ahead_price,3,69.11625,45.25500025
2026-02-23,day_ahead_price,4,69.6725,45.40750025
2026-02-23,day_ahead_price,5,69.83,56.31999975000001
2026-02-23,day_ahead_price,6,77.1475,77.7875005
2026-02-23,day_ahead_price,7,84.575,96.012499
2026-02-23,day_ahead_price,8,92.085,99.112501
2026-02-23,day_ahead_price,9,92.75375,92.3449995
2026-02-23,day_ahead_price,10,88.73125,88.95499975
2026-02-23,day_ahead_price,11,83.85,80.6624985
2026-02-23,day_ahead_price,12,81.39875,83.70499975000001
2026-02-23,day_ahead_price,13,82.97375,83.63500025
2026-02-23,day_ahead_price,14,88.8525,86.21750075
2026-02-23,day_ahead_price,15,95.83625,92.74250024999999
2026-02-23,day_ahead_price,16,100.7025,89.96000325
2026-02-23,day_ahead_price,17,111.270004,98.16999999999999
2026-02-23,day_ahead_price,18,111.0225,107.28499975000001
2026-02-23,day_ahead_price,19,105.12625,110.89750125
2026-02-23,day_ahead_price,20,92.62375,100.05750075
2026-02-23,day_ahead_price,21,86.275,97.249998
2026-02-23,day_ahead_price,22,85.5925,95.92750175
2026-02-23,day_ahead_price,23,78.265,90.3725015
2026-02-23,capacity_price,0,1.21,0.67
2026-02-23,capacity_price,1,1.2,0.27
2026-02-23,capacity_price,2,1.2,0.27
2026-02-23,capacity_price,3,1.21,0.67
2026-02-23,capacity_price,4,1.34,0.67
2026-02-23,capacity_price,5,3.53,0.67
2026-02-23,capacity_price,6,6.69,1.31
2026-02-23,capacity_price,7,10.3,1.2
2026-02-23,capacity_price,8,6.7,1.31
2026-02-23,capacity_price,9,10.3,1.2
2026-02-23,capacity_price,10,13.395,1.31
2026-02-23,capacity_price,11,8.04,1.31
2026-02-23,capacity_price,12,13.110001,1.2
2026-02-23,capacity_price,13,6.7,1.2
2026-02-23,capacity_price,14,8.2699995,1.31
2026-02-23,capacity_price,15,22.09,1.31
2026-02-23,capacity_price,16,34.68,1.31
2026-02-23,capacity_price,17,42.82,9.37
2026-02-23,capacity_price,18,42.489998,9.0
2026-02-23,capacity_price,19,37.49,9.0
2026-02-23,capacity_price,20,28.75,9.37
2026-02-23,capacity_price,21,20.08,5.89
2026-02-23,capacity_price,22,10.0,1.31
2026-02-23,capacity_price,23,6.7,0.67
2026-02-23,activation_volume,0,15.32,37.49
2026-02-23,activation_volume,1,10.5,0.8799999999999999
2026-02-23,activation_volume,2,5.285,0.01
2026-02-23,activation_volume,3,4.3,5.05
2026-02-23,activation_volume,4,4.64,34.63
2026-02-23,activation_volume,5,11.594999,50.0
2026-02-23,activation_volume,6,8.19,51.629999999999995
2026-02-23,activation_volume,7,8.514999,36.050000000000004
2026-02-23,activation_volume,8,13.41,11.13
2026-02-23,activation_volume,9,11.34,5.839999999999999
2026-02-23,activation_volume,10,6.1400003,0.59
2026-02-23,activation_volume,11,12.1,41.7
2026-02-23,activation_volume,12,10.6,28.360000000000003
2026-02-23,activation_volume,13,11.125,20.43
2026-02-23,activation_volume,14,13.48,21.73
2026-02-23,activation_volume,15,10.65,26.950000000000003
2026-02-23,activation_volume,16,8.885,42.33
2026-02-23,activation_volume,17,14.675,11.52
2026-02-23,activation_volume,18,2.795,0.72
2026-02-23,activation_volume,19,2.8400002,1.22
2026-02-23,activation_volume,20,2.32,6.25
2026-02-23,activation_volume,21,1.9399999,1.9100000000000001
2026-02-23,activation_volume,22,2.85,6.0200000000000005
2026-02-23,activation_volume,23,1.43,2.29
2026-02-23,activation_price,0,101.84929,83.5118111496399
2026-02-23,activation_price,1,78.95,12.740568181818183
2026-02-23,activation_price,2,86.578064,-1.4
2026-02-23,activation_price,3,67.84301,49.93550495049505
2026-02-23,activation_price,4,82.7047,107.59863124458562
2026-02-23,activation_price,5,93.627914,158.71562400000002
2026-02-23,activation_price,6,100.65387,181.94206081735427
2026-02-23,activation_price,7,109.39923,191.77578085991678
2026-02-23,activation_price,8,115.7018,164.88913746630726
2026-02-23,activation_price,9,114.265335,118.27178082191782
2026-02-23,activation_price,10,109.36073,38.03677966101694
2026-02-23,activation_price,11,105.562386,193.21717505995204
2026-02-23,activation_price,12,111.04607,114.64197813822284
2026-02-23,activation_price,13,118.43866,126.84894273127755
2026-02-23,activation_price,14,135.72037,146.45435342843993
2026-02-23,activation_price,15,130.03365,204.24150649350645
2026-02-23,activation_price,16,115.6194,550.8568084101111
2026-02-23,activation_price,17,134.6049,179.4859201388889
2026-02-23,activation_price,18,112.89964,107.52958333333333
2026-02-23,activation_price,19,126.942154,110.04295081967216
2026-02-23,activation_price,20,97.94801,127.83096000000002
2026-02-23,activation_price,21,102.273766,121.47973821989528
2026-02-23,activation_price,22,94.27467,98.48401993355482
2026-02-23,activation_price,23,85.229164,99.37366812227074
2026-02-24,day_ahead_price,0,78.350006,86.0249975
2026-02-24,day_ahead_price,1,77.79,84.99499875
2026-02-24,day_ahead_price,2,75.301254,86.25749975
2026-02-24,day_ahead_price,3,75.6775,86.49499875
2026-02-24,day_ahead_price,4,78.7975,88.22250175
2026-02-24,day_ahead_price,5,72.405,94.174999
2026-02-24,day_ahead_price,6,77.692505,111.70249949999999
2026-02-24,day_ahead_price,7,88.745,133.3500005
2026-02-24,day_ahead_price,8,95.615,147.5849955
2026-02-24,day_ahead_price,9,95.47875,140.94000225000002
2026-02-24,day_ahead_price,10,92.345,128.90499899999998
2026-02-24,day_ahead_price,11,87.08125,111.61750049999999
2026-02-24,day_ahead_price,12,83.895004,102.37500175
2026-02-24,day_ahead_price,13,86.691246,101.21750075
2026-02-24,day_ahead_price,14,93.62125,100.057499
2026-02-24,day_ahead_price,15,100.87,109.5424995
2026-02-24,day_ahead_price,16,107.07125,126.02000025000001
2026-02-24,day_ahead_price,17,117.16,182.8025015
2026-02-24,day_ahead_price,18,111.4,184.06750075
2026-02-24,day_ahead_price,19,104.0475,145.81000125
2026-02-24,day_ahead_price,20,95.4125,119.01250075
2026-02-24,day_ahead_price,21,92.5075,108.7250005
2026-02-24,day_ahead_price,22,87.8375,101.70500000000001
2026-02-24,day_ahead_price,23,82.75125,93.90250024999999
2026-02-24,capacity_price,0,1.21,0.4
2026-02-24,capacity_price,1,1.2,0.4
2026-02-24,capacity_price,2,1.2,0.4
2026-02-24,capacity_price,3,1.21,0.67
2026-02-24,capacity_price,4,2.6550002,1.2
2026-02-24,capacity_price,5,6.02,1.2
2026-02-24,capacity_price,6,6.69,1.34
2026-02-24,capacity_price,7,6.7,5.62
2026-02-24,capacity_price,8,9.115,5.75
2026-02-24,capacity_price,9,13.35,5.89
2026-02-24,capacity_price,10,13.32,9.0
2026-02-24,capacity_price,11,9.110001,10.31
2026-02-24,capacity_price,12,7.1949997,5.75
2026-02-24,capacity_price,13,7.7,5.75
2026-02-24,capacity_price,14,12.05,10.31
2026-02-24,capacity_price,15,24.9,5.75
2026-02-24,capacity_price,16,38.010002,5.89
2026-02-24,capacity_price,17,46.945,103.74
2026-02-24,capacity_price,18,45.59,66.93
2026-02-24,capacity_price,19,45.52,46.85
2026-02-24,capacity_price,20,34.48,22.22
2026-02-24,capacity_price,21,25.1,9.0
2026-02-24,capacity_price,22,15.09,5.62
2026-02-24,capacity_price,23,8.32,1.31
2026-02-24,activation_volume,0,22.09,98.66
2026-02-24,activation_volume,1,10.18,59.879999999999995
2026-02-24,activation_volume,2,4.72,4.38
2026-02-24,activation_volume,3,2.8899999,28.24
2026-02-24,activation_volume,4,4.45,27.89
2026-02-24,activation_volume,5,9.690001,21.560000000000002
2026-02-24,activation_volume,6,8.81,25.9
2026-02-24,activation_volume,7,6.48,28.200000000000003
2026-02-24,activation_volume,8,13.18,1.8099999999999998
2026-02-24,activation_volume,9,12.0,30.75
2026-02-24,activation_volume,10,5.395,2.58
2026-02-24,activation_volume,11,4.92,3.77
2026-02-24,activation_volume,12,5.36,20.57
2026-02-24,activation_volume,13,8.01,52.63
2026-02-24,activation_volume,14,9.32,16.28
2026-02-24,activation_volume,15,6.0950003,23.690000000000005
2026-02-24,activation_volume,16,8.015,35.18
2026-02-24,activation_volume,17,6.36,6.569999999999999
2026-02-24,activation_volume,18,2.53,4.15
2026-02-24,activation_volume,19,2.775,3.04
2026-02-24,activation_volume,20,3.025,5.37
2026-02-24,activation_volume,21,4.03,3.9299999999999997
2026-02-24,activation_volume,22,2.11,4.9799999999999995
2026-02-24,activation_volume,23,4.8,2.32
2026-02-24,activation_price,0,112.35451,612.3164220555443
2026-02-24,activation_price,1,81.72,129.38301937207748
2026-02-24,activation_price,2,80.11169,111.10022831050229
2026-02-24,activation_price,3,74.508965,108.47520184135978
2026-02-24,activation_price,4,85.20004,257.27499462172824
2026-02-24,activation_price,5,100.822685,316.65456864564
2026-02-24,activation_price,6,105.90313,168.22089575289576
2026-02-24,activation_price,7,108.89374,507.3833049645389
2026-02-24,activation_price,8,120.67755,159.39895027624308
2026-02-24,activation_price,9,140.59398,999.094318699187
2026-02-24,activation_price,10,115.17481,155.7912403100775
2026-02-24,activation_price,11,120.88232,146.0753580901857
2026-02-24,activation_price,12,110.33359,523.5765289256198
2026-02-24,activation_price,13,120.903854,463.6437013110393
2026-02-24,activation_price,14,117.72429,647.9689312039311
2026-02-24,activation_price,15,123.34694,652.640688054031
2026-02-24,activation_price,16,128.90839,531.7504462762934
2026-02-24,activation_price,17,127.33714,190.38468797564687
2026-02-24,activation_price,18,109.554565,148.59556626506023
2026-02-24,activation_price,19,112.27182,231.69092105263158
2026-02-24,activation_price,20,101.44898,139.7696089385475
2026-02-24,activation_price,21,104.28218,156.44356234096693
2026-02-24,activation_price,22,92.55869,133.76343373493975
2026-02-24,activation_price,23,102.67081,120.14073275862069
2026-02-25,day_ahead_price,0,77.689995,92.14249975000001
2026-02-25,day_ahead_price,1,76.652504,87.40250025
2026-02-25,day_ahead_price,2,74.74,84.83250050000001
2026-02-25,day_ahead_price,3,70.17,88.09499925
2026-02-25,day_ahead_price,4,71.7175,88.60999899999999
2026-02-25,day_ahead_price,5,71.9475,92.64000125
2026-02-25,day_ahead_price,6,79.335,109.54499999999999
2026-02-25,day_ahead_price,7,88.677505,130.557499
2026-02-25,day_ahead_price,8,96.100006,120.28999900000001
2026-02-25,day_ahead_price,9,94.3925,107.4975015
2026-02-25,day_ahead_price,10,89.3625,91.11499975
2026-02-25,day_ahead_price,11,84.9925,82.95750050000001
2026-02-25,day_ahead_price,12,87.4125,76.92749950000001
2026-02-25,day_ahead_price,13,88.46,72.762499
2026-02-25,day_ahead_price,14,94.542496,73.43250075
2026-02-25,day_ahead_price,15,99.685005,80.98749925
2026-02-25,day_ahead_price,16,108.785,100.87750075
2026-02-25,day_ahead_price,17,117.16,116.2400035
2026-02-25,day_ahead_price,18,109.9725,117.91000000000001
2026-02-25,day_ahead_price,19,97.505,107.15250225
2026-02-25,day_ahead_price,20,92.4,94.25499925
2026-02-25,day_ahead_price,21,87.5875,86.07000175
2026-02-25,day_ahead_price,22,80.8675,84.6675015
2026-02-25,day_ahead_price,23,75.159996,79.11999899999999
2026-02-25,capacity_price,0,1.21,0.54
2026-02-25,capacity_price,1,1.21,0.54
2026-02-25,capacity_price,2,1.21,0.27
2026-02-25,capacity_price,3,1.21,0.29
2026-02-25,capacity_price,4,3.0149999,0.67
2026-02-25,capacity_price,5,6.02,1.2
2026-02-25,capacity_price,6,6.69,1.31
2026-02-25,capacity_price,7,9.87,1.31
2026-02-25,capacity_price,8,13.25,5.62
2026-02-25,capacity_price,9,10.9,5.89
2026-02-25,capacity_price,10,13.385,1.31
2026-02-25,capacity_price,11,13.255,1.31
2026-02-25,capacity_price,12,13.39,1.31
2026-02-25,capacity_price,13,10.0,1.31
2026-02-25,capacity_price,14,13.39,1.34
2026-02-25,capacity_price,15,24.9,1.34
2026-02-25,capacity_price,16,36.02,9.0
2026-02-25,capacity_price,17,45.51,52.87
2026-02-25,capacity_price,18,44.32,61.44
2026-02-25,capacity_price,19,38.57,63.86
2026-02-25,capacity_price,20,29.085,66.93
2026-02-25,capacity_price,21,23.765,5.89
2026-02-25,capacity_price,22,10.0,1.2
2026-02-25,capacity_price,23,6.69,0.54
2026-02-25,activation_volume,0,23.18,39.76
2026-02-25,activation_volume,1,15.2,18.169999999999998
2026-02-25,activation_volume,2,6.35,10.739999999999998
2026-02-25,activation_volume,3,3.08,21.43
2026-02-25,activation_volume,4,6.245,32.760000000000005
2026-02-25,activation_volume,5,7.26,34.36
2026-02-25,activation_volume,6,12.62,20.759999999999998
2026-02-25,activation_volume,7,13.305,5.43
2026-02-25,activation_volume,8,14.8,3.46
2026-02-25,activation_volume,9,11.16,3.87
2026-02-25,activation_volume,10,7.875,24.799999999999997
2026-02-25,activation_volume,11,7.93,16.82
2026-02-25,activation_volume,12,7.74,2.04
2026-02-25,activation_volume,13,9.4,5.13
2026-02-25,activation_volume,14,13.2,0.02
2026-02-25,activation_volume,15,9.33,24.929999999999996
2026-02-25,activation_volume,16,8.32,7.510000000000001
2026-02-25,activation_volume,17,5.535,0.68
2026-02-25,activation_volume,18,3.16,0.0
2026-02-25,activation_volume,19,2.9,0.0
2026-02-25,activation_volume,20,2.6599998,1.54
2026-02-25,activation_volume,21,3.44,0.0
2026-02-25,activation_volume,22,3.19,3.01
2026-02-25,activation_volume,23,2.43,0.88
2026-02-25,activation_price,0,101.7458,106.86859657947687
2026-02-25,activation_price,1,84.98348,101.63847550908092
2026-02-25,activation_price,2,88.3265,104.6975512104283
2026-02-25,activation_price,3,68.64727,121.21717685487634
2026-02-25,activation_price,4,85.20004,133.6991452991453
2026-02-25,activation_price,5,91.71301,131.35131548311992
2026-02-25,activation_price,6,111.22089,192.76706165703277
2026-02-25,activation_price,7,118.80022,176.484788213628
2026-02-25,activation_price,8,120.24467,595.5964739884394
2026-02-25,activation_price,9,132.60756,141.27413436692507
2026-02-25,activation_price,10,113.56807,149.44366532258067
2026-02-25,activation_price,11,118.87797,127.31169441141499
2026-02-25,activation_price,12,109.87,90.35544117647059
2026-02-25,activation_price,13,113.80296,85.50631578947369
2026-02-25,activation_price,14,137.68793,91.835
2026-02-25,activation_price,15,129.78963,201.36877657440837
2026-02-25,activation_price,16,120.620804,121.90567243675099
2026-02-25,activation_price,17,125.13212,92.19
2026-02-25,activation_price,18,109.554565,
2026-02-25,activation_price,19,126.735794,
2026-02-25,activation_price,20,105.40613,103.67616883116882
2026-02-25,activation_price,21,108.65709,
2026-02-25,activation_price,22,106.05446,121.49
2026-02-25,activation_price,23,87.520706,102.86
2026-02-26,day_ahead_price,0,77.94125,76.4224985
2026-02-26,day_ahead_price,1,77.79,72.38999925
2026-02-26,day_ahead_price,2,75.301254,68.7424985
2026-02-26,day_ahead_price,3,73.255,67.93250075
2026-02-26,day_ahead_price,4,70.1275,67.3775005
2026-02-26,day_ahead_price,5,71.9475,72.4700005
2026-02-26,day_ahead_price,6,76.0725,79.80249950000001
2026-02-26,day_ahead_price,7,82.195,97.43249875000001
2026-02-26,day_ahead_price,8,90.69,97.4475
2026-02-26,day_ahead_price,9,94.09,80.425001
2026-02-26,day_ahead_price,10,90.53,71.1150015
2026-02-26,day_ahead_price,11,88.7075,61.35000049999999
2026-02-26,day_ahead_price,12,84.70125,53.60750025
2026-02-26,day_ahead_price,13,86.691246,51.86000075
2026-02-26,day_ahead_price,14,90.1125,55.225001250000005
2026-02-26,day_ahead_price,15,97.1875,71.3075
2026-02-26,day_ahead_price,16,102.88875,88.79249924999999
2026-02-26,day_ahead_price,17,111.82,95.215
2026-02-26,day_ahead_price,18,111.338745,98.995001
2026-02-26,day_ahead_price,19,104.76,97.25250075
2026-02-26,day_ahead_price,20,94.4425,88.902502
2026-02-26,day_ahead_price,21,92.7,82.0
2026-02-26,day_ahead_price,22,90.905,78.0
2026-02-26,day_ahead_price,23,86.015,71.5749995
2026-02-26,capacity_price,0,1.21,0.13
2026-02-26,capacity_price,1,1.21,0.13
2026-02-26,capacity_price,2,1.21,0.13
2026-02-26,capacity_price,3,1.21,0.13
2026-02-26,capacity_price,4,1.65,0.67
2026-02-26,capacity_price,5,3.53,0.67
2026-02-26,capacity_price,6,6.69,0.54
2026-02-26,capacity_price,7,6.7,0.67
2026-02-26,capacity_price,8,11.389999,1.2
2026-02-26,capacity_price,9,13.05,1.2
2026-02-26,capacity_price,10,12.56,1.2
2026-02-26,capacity_price,11,13.25,0.67
2026-02-26,capacity_price,12,9.254999,0.54
2026-02-26,capacity_price,13,9.385,0.67
2026-02-26,capacity_price,14,11.360001,0.67
2026-02-26,capacity_price,15,17.535,1.2
2026-02-26,capacity_price,16,34.68,5.62
2026-02-26,capacity_price,17,43.379997,5.89
2026-02-26,capacity_price,18,41.84,8.83
2026-02-26,capacity_price,19,43.075,5.62
2026-02-26,capacity_price,20,29.65,5.62
2026-02-26,capacity_price,21,24.9,5.62
2026-02-26,capacity_price,22,14.08,1.2
2026-02-26,capacity_price,23,10.0,0.67
2026-02-26,activation_volume,0,19.93,0.19
2026-02-26,activation_volume,1,10.59,0.04
2026-02-26,activation_volume,2,5.12,0.6599999999999999
2026-02-26,activation_volume,3,2.1999998,1.76
2026-02-26,activation_volume,4,2.87,0.0
2026-02-26,activation_volume,5,4.9700003,3.67
2026-02-26,activation_volume,6,4.33,6.13
2026-02-26,activation_volume,7,6.395,0.25
2026-02-26,activation_volume,8,12.07,0.09
2026-02-26,activation_volume,9,12.13,17.5
2026-02-26,activation_volume,10,5.37,2.91
2026-02-26,activation_volume,11,3.69,0.0
2026-02-26,activation_volume,12,8.37,0.0
2026-02-26,activation_volume,13,8.06,0.0
2026-02-26,activation_volume,14,10.89,3.33
2026-02-26,activation_volume,15,9.67,33.09
2026-02-26,activation_volume,16,8.85,17.11
2026-02-26,activation_volume,17,7.9449997,0.0
2026-02-26,activation_volume,18,3.06,0.06
2026-02-26,activation_volume,19,3.0700002,0.0
2026-02-26,activation_volume,20,3.05,0.0
2026-02-26,activation_volume,21,3.45,0.0
2026-02-26,activation_volume,22,3.4,0.0
2026-02-26,activation_volume,23,5.3,0.0
2026-02-26,activation_price,0,102.59758,44.56999999999999
2026-02-26,activation_price,1,86.67346,44.57
2026-02-26,activation_price,2,91.894684,51.15863636363637
2026-02-26,activation_price,3,75.789764,59.07914772727273
2026-02-26,activation_price,4,76.12843,
2026-02-26,activation_price,5,95.4378,87.01348773841963
2026-02-26,activation_price,6,98.74587,156.0347471451876
2026-02-26,activation_price,7,103.49271,77.464
2026-02-26,activation_price,8,115.26923,61.35
2026-02-26,activation_price,9,132.60756,105.42688571428572
2026-02-26,activation_price,10,113.56807,55.756185567010306
2026-02-26,activation_price,11,111.97209,
2026-02-26,activation_price,12,119.69054,
2026-02-26,activation_price,13,120.903854,
2026-02-26,activation_price,14,127.47058,77.26663663663665
2026-02-26,activation_price,15,126.66426,771.8933665760048
2026-02-26,activation_price,16,136.16095,143.49905318527178
2026-02-26,activation_price,17,125.13212,
2026-02-26,activation_price,18,119.69768,62.49
2026-02-26,activation_price,19,112.27182,
2026-02-26,activation_price,20,97.28432,
2026-02-26,activation_price,21,106.03128,
2026-02-26,activation_price,22,100.24404,
2026-02-26,activation_price,23,102.16834,
2026-02-27,day_ahead_price,0,80.9725,55.1475
2026-02-27,day_ahead_price,1,77.79,56.0074995
2026-02-27,day_ahead_price,2,74.74,57.302499749999996
2026-02-27,day_ahead_price,3,73.875,60.000001
2026-02-27,day_ahead_price,4,70.8075,61.795001
2026-02-27,day_ahead_price,5,68.46,65.79500100000001
2026-02-27,day_ahead_price,6,79.27,71.76249975
2026-02-27,day_ahead_price,7,86.8975,85.67250050000001
2026-02-27,day_ahead_price,8,90.5775,79.32999925
2026-02-27,day_ahead_price,9,92.295006,69.31750125
2026-02-27,day_ahead_price,10,89.3125,60.82749975
2026-02-27,day_ahead_price,11,84.9525,55.0275
2026-02-27,day_ahead_price,12,83.9925,59.06999975
2026-02-27,day_ahead_price,13,88.46,64.47999825
2026-02-27,day_ahead_price,14,95.39125,70.84999825
2026-02-27,day_ahead_price,15,99.4875,75.06499875
2026-02-27,day_ahead_price,16,108.4925,91.99999975
2026-02-27,day_ahead_price,17,119.4475,105.5075015
2026-02-27,day_ahead_price,18,117.405,115.2075025
2026-02-27,day_ahead_price,19,109.1175,109.25250075000001
2026-02-27,day_ahead_price,20,94.03,100.0300005
2026-02-27,day_ahead_price,21,91.0025,90.96250125
2026-02-27,day_ahead_price,22,86.5025,87.50999999999999
2026-02-27,day_ahead_price,23,79.4975,80.0025005
2026-02-27,capacity_price,0,1.2,0.13
2026-02-27,capacity_price,1,0.69500005,0.13
2026-02-27,capacity_price,2,0.79,0.13
2026-02-27,capacity_price,3,1.2,0.26
2026-02-27,capacity_price,4,1.21,1.44
2026-02-27,capacity_price,5,4.71,1.2
2026-02-27,capacity_price,6,6.69,4.0
2026-02-27,capacity_price,7,8.95,1.31
2026-02-27,capacity_price,8,13.25,5.76
2026-02-27,capacity_price,9,13.32,5.89
2026-02-27,capacity_price,10,13.25,10.44
2026-02-27,capacity_price,11,13.25,1.2
2026-02-27,capacity_price,12,10.889999,1.2
2026-02-27,capacity_price,13,10.0,1.31
2026-02-27,capacity_price,14,13.25,1.31
2026-02-27,capacity_price,15,24.275,5.89
2026-02-27,capacity_price,16,34.28,58.74
2026-02-27,capacity_price,17,43.25,105.71
2026-02-27,capacity_price,18,45.795,75.42
2026-02-27,capacity_price,19,43.38,94.25
2026-02-27,capacity_price,20,27.89,63.01
2026-02-27,capacity_price,21,16.55,26.5
2026-02-27,capacity_price,22,8.57,5.89
2026-02-27,capacity_price,23,7.94,5.89
2026-02-27,activation_volume,0,24.235,9.33
2026-02-27,activation_volume,1,17.52,0.0
2026-02-27,activation_volume,2,7.95,0.0
2026-02-27,activation_volume,3,5.16,0.0
2026-02-27,activation_volume,4,6.0,0.37
2026-02-27,activation_volume,5,9.63,8.04
2026-02-27,activation_volume,6,9.68,7.710000000000001
2026-02-27,activation_volume,7,8.285,51.2
2026-02-27,activation_volume,8,15.71,60.709999999999994
2026-02-27,activation_volume,9,12.445,16.41
2026-02-27,activation_volume,10,5.605,87.38
2026-02-27,activation_volume,11,6.565,8.51
2026-02-27,activation_volume,12,8.71,39.269999999999996
2026-02-27,activation_volume,13,9.690001,33.459999999999994
2026-02-27,activation_volume,14,12.93,9.799999999999999
2026-02-27,activation_volume,15,9.26,26.97
2026-02-27,activation_volume,16,5.09,31.29
2026-02-27,activation_volume,17,6.11,12.55
2026-02-27,activation_volume,18,2.26,0.0
2026-02-27,activation_volume,19,4.13,4.83
2026-02-27,activation_volume,20,0.69,3.88
2026-02-27,activation_volume,21,1.78,4.32
2026-02-27,activation_volume,22,1.41,5.859999999999999
2026-02-27,activation_volume,23,2.43,9.67
2026-02-27,activation_price,0,107.976524,75.30591639871382
2026-02-27,activation_price,1,89.03595,
2026-02-27,activation_price,2,88.13533,
2026-02-27,activation_price,3,85.21941,
2026-02-27,activation_price,4,88.24771,34.74
2026-02-27,activation_price,5,95.4378,53.012288557213935
2026-02-27,activation_price,6,101.92775,95.4170428015564
2026-02-27,activation_price,7,119.20859,1059.7567460937498
2026-02-27,activation_price,8,124.036964,999.4727787843849
2026-02-27,activation_price,9,134.26501,89.54029859841559
2026-02-27,activation_price,10,114.23349,623.0130601968415
2026-02-27,activation_price,11,114.02698,78.96
2026-02-27,activation_price,12,106.81599,124.75262286732874
2026-02-27,activation_price,13,120.97,95.11698147041245
2026-02-27,activation_price,14,133.80766,112.53657142857142
2026-02-27,activation_price,15,141.56564,120.11271041898405
2026-02-27,activation_price,16,120.620804,125.37420262064559
2026-02-27,activation_price,17,135.23091,107.81066932270915
2026-02-27,activation_price,18,121.29236,
2026-02-27,activation_price,19,114.74543,54.785279503105585
2026-02-27,activation_price,20,96.598465,82.13548969072166
2026-02-27,activation_price,21,100.30043,86.65175925925925
2026-02-27,activation_price,22,94.50272,94.23406143344711
2026-02-27,activation_price,23,106.04472,93.73587383660806
2026-02-28,day_ahead_price,0,79.71875,80.01999849999999
2026-02-28,day_ahead_price,1,78.1475,76.32250024999999
2026-02-28,day_ahead_price,2,77.198746,74.745001
2026-02-28,day_ahead_price,3,76.58,72.630003
2026-02-28,day_ahead_price,4,74.9325,71.942501
2026-02-28,day_ahead_price,5,74.475,72.869999
2026-02-28,day_ahead_price,6,79.69125,73.61750025
2026-02-28,day_ahead_price,7,88.58,77.8650015
2026-02-28,day_ahead_price,8,95.615,78.34499925
2026-02-28,day_ahead_price,9,95.335,82.3174995
2026-02-28,day_ahead_price,10,89.3125,84.75999999999999
2026-02-28,day_ahead_price,11,86.64,82.31750125
2026-02-28,day_ahead_price,12,83.7975,71.65500075
2026-02-28,day_ahead_price,13,88.475,58.3450005
2026-02-28,day_ahead_price,14,91.551254,55.41
2026-02-28,day_ahead_price,15,98.0925,53.5325005
2026-02-28,day_ahead_price,16,105.728745,74.0650005
2026-02-28,day_ahead_price,17,111.82,89.93499925
2026-02-28,day_ahead_price,18,111.338745,95.19249925
2026-02-28,day_ahead_price,19,102.1525,85.16749949999999
2026-02-28,day_ahead_price,20,92.1775,69.7175
2026-02-28,day_ahead_price,21,89.1075,64.72250100000001
2026-02-28,day_ahead_price,22,86.119995,64.66250025000001
2026-02-28,day_ahead_price,23,80.73,60.67250075
2026-02-28,capacity_price,0,1.21,0.67
2026-02-28,capacity_price,1,1.2,0.67
2026-02-28,capacity_price,2,1.2,0.67
2026-02-28,capacity_price,3,1.21,0.67
2026-02-28,capacity_price,4,2.01,1.31
2026-02-28,capacity_price,5,4.32,13.38
2026-02-28,capacity_price,6,6.69,5.89
2026-02-28,capacity_price,7,7.89,5.75
2026-02-28,capacity_price,8,6.7,6.69
2026-02-28,capacity_price,9,12.530001,16.59
2026-02-28,capacity_price,10,13.395,10.0
2026-02-28,capacity_price,11,13.25,8.16
2026-02-28,capacity_price,12,13.25,6.69
2026-02-28,capacity_price,13,10.0,6.69
2026-02-28,capacity_price,14,12.0,6.69
2026-02-28,capacity_price,15,22.09,12.85
2026-02-28,capacity_price,16,34.745003,24.89
2026-02-28,capacity_price,17,45.449997,102.49
2026-02-28,capacity_price,18,44.05,108.52
2026-02-28,capacity_price,19,41.0,101.29
2026-02-28,capacity_price,20,28.875,88.19
2026-02-28,capacity_price,21,24.9,26.5
2026-02-28,capacity_price,22,13.355,24.89
2026-02-28,capacity_price,23,6.7,6.69
2026-02-28,activation_volume,0,16.77,61.160000000000004
2026-02-28,activation_volume,1,12.695,48.309999999999995
2026-02-28,activation_volume,2,6.5699997,34.15
2026-02-28,activation_volume,3,4.4,43.67
2026-02-28,activation_volume,4,4.3450003,18.299999999999997
2026-02-28,activation_volume,5,7.47,5.13
2026-02-28,activation_volume,6,10.235001,10.34
2026-02-28,activation_volume,7,9.38,9.7
2026-02-28,activation_volume,8,14.04,11.39
2026-02-28,activation_volume,9,7.55,53.00999999999999
2026-02-28,activation_volume,10,5.38,7.140000000000001
2026-02-28,activation_volume,11,4.5299997,14.240000000000002
2026-02-28,activation_volume,12,8.71,20.6
2026-02-28,activation_volume,13,11.11,13.81
2026-02-28,activation_volume,14,12.4,0.8700000000000001
2026-02-28,activation_volume,15,8.25,1.23
2026-02-28,activation_volume,16,9.030001,11.42
2026-02-28,activation_volume,17,6.0150003,0.19
2026-02-28,activation_volume,18,2.795,65.31
2026-02-28,activation_volume,19,3.3600001,21.71
2026-02-28,activation_volume,20,0.69,6.75
2026-02-28,activation_volume,21,3.29,0.01
2026-02-28,activation_volume,22,3.19,0.16
2026-02-28,activation_volume,23,2.4250002,5.71
2026-02-28,activation_price,0,97.8569,945.0557864617397
2026-02-28,activation_price,1,81.3786,128.3422065824881
2026-02-28,activation_price,2,86.22246,130.22651830161055
2026-02-28,activation_price,3,74.93526,131.36545683535607
2026-02-28,activation_price,4,81.556816,111.34909289617487
2026-02-28,activation_price,5,94.271286,93.43362573099415
2026-02-28,activation_price,6,125.93169,168.94027079303675
2026-02-28,activation_price,7,124.912766,108.14919587628866
2026-02-28,activation_price,8,128.75601,149.4406145741879
2026-02-28,activation_price,9,129.44986,707.0785248066403
2026-02-28,activation_price,10,119.92235,100.9278431372549
2026-02-28,activation_price,11,119.486115,119.96669943820224
2026-02-28,activation_price,12,115.761246,676.32
2026-02-28,activation_price,13,120.903854,114.97816075307746
2026-02-28,activation_price,14,137.68793,77.46919540229885
2026-02-28,activation_price,15,129.78963,65.00926829268293
2026-02-28,activation_price,16,139.53497,131.533353765324
2026-02-28,activation_price,17,133.65788,55.24999999999999
2026-02-28,activation_price,18,118.52,1310.2707303628847
2026-02-28,activation_price,19,120.293594,1268.133979732842
2026-02-28,activation_price,20,91.82214,109.6941777777778
2026-02-28,activation_price,21,102.58178,62.919999999999995
2026-02-28,activation_price,22,109.0715,75.33
2026-02-28,activation_price,23,102.67081,100.74975481611207
2026-03-01,day_ahead_price,0,78.95125,48.815000500000004
2026-03-01,day_ahead_price,1,77.8775,51.550000250000004
2026-03-01,day_ahead_price,2,76.345,54.2474995
2026-03-01,day_ahead_price,3,75.99375,57.072500000000005
2026-03-01,day_ahead_price,4,74.11,61.084999249999996
2026-03-01,day_ahead_price,5,73.96,60.6375
2026-03-01,day_ahead_price,6,78.48125,65.17000025
2026-03-01,day_ahead_price,7,88.595,64.99750025
2026-03-01,day_ahead_price,8,94.8025,52.53500075
2026-03-01,day_ahead_price,9,96.585,21.359999749999997
2026-03-01,day_ahead_price,10,91.075005,14.39750025
2026-03-01,day_ahead_price,11,89.3475,10.8975
2026-03-01,day_ahead_price,12,88.802505,10.092500000000001
2026-03-01,day_ahead_price,13,92.0525,10.3875
2026-03-01,day_ahead_price,14,95.39125,13.492500500000002
2026-03-01,day_ahead_price,15,99.4875,32.62250075
2026-03-01,day_ahead_price,16,108.785,74.84000125
2026-03-01,day_ahead_price,17,118.6775,103.76000025
2026-03-01,day_ahead_price,18,112.31625,103.02000025
2026-03-01,day_ahead_price,19,103.0075,97.4725015
2026-03-01,day_ahead_price,20,93.6275,90.16250025
2026-03-01,day_ahead_price,21,90.72125,81.31499875
2026-03-01,day_ahead_price,22,87.1375,74.63749874999999
2026-03-01,day_ahead_price,23,81.2675,68.1475
2026-03-01,capacity_price,0,1.2,0.54
2026-03-01,capacity_price,1,1.2,0.67
2026-03-01,capacity_price,2,1.2,0.13
2026-03-01,capacity_price,3,1.21,0.13
2026-03-01,capacity_price,4,1.34,0.67
2026-03-01,capacity_price,5,4.32,0.67
2026-03-01,capacity_price,6,6.69,1.31
2026-03-01,capacity_price,7,6.7,1.2
2026-03-01,capacity_price,8,11.389999,1.31
2026-03-01,capacity_price,9,12.01,1.31
2026-03-01,capacity_price,10,13.38,1.2
2026-03-01,capacity_price,11,8.2,1.31
2026-03-01,capacity_price,12,10.889999,1.2
2026-03-01,capacity_price,13,8.05,1.2
2026-03-01,capacity_price,14,12.05,1.31
2026-03-01,capacity_price,15,24.9,4.0
2026-03-01,capacity_price,16,33.43,24.89
2026-03-01,capacity_price,17,45.385,83.65
2026-03-01,capacity_price,18,43.07,43.72
2026-03-01,capacity_price,19,38.129997,5.89
2026-03-01,capacity_price,20,29.17,5.75
2026-03-01,capacity_price,21,22.63,5.75
2026-03-01,capacity_price,22,10.0,1.2
2026-03-01,capacity_price,23,6.7799997,0.54
2026-03-01,activation_volume,0,16.77,79.38000000000001
2026-03-01,activation_volume,1,19.27,0.23
2026-03-01,activation_volume,2,6.005,0.01
2026-03-01,activation_volume,3,4.14,3.14
2026-03-01,activation_volume,4,4.68,0.01
2026-03-01,activation_volume,5,6.75,0.0
2026-03-01,activation_volume,6,12.62,0.0
2026-03-01,activation_volume,7,9.56,5.58
2026-03-01,activation_volume,8,15.08,8.25
2026-03-01,activation_volume,9,12.52,46.93
2026-03-01,activation_volume,10,6.525,0.05
2026-03-01,activation_volume,11,6.77,10.83
2026-03-01,activation_volume,12,7.45,0.03
2026-03-01,activation_volume,13,11.91,0.05
2026-03-01,activation_volume,14,13.48,0.0
2026-03-01,activation_volume,15,7.435,60.38999999999999
2026-03-01,activation_volume,16,8.76,18.86
2026-03-01,activation_volume,17,5.67,21.770000000000003
2026-03-01,activation_volume,18,2.9250002,6.81
2026-03-01,activation_volume,19,2.68,0.0
2026-03-01,activation_volume,20,3.74,0.1
2026-03-01,activation_volume,21,3.46,0.0
2026-03-01,activation_volume,22,3.19,0.0
2026-03-01,activation_volume,23,4.8,0.0
2026-03-01,activation_price,0,105.43026,650.130628621819
2026-03-01,activation_price,1,93.29907,54.88913043478261
2026-03-01,activation_price,2,84.65343,55.75
2026-03-01,activation_price,3,78.40764,75.94687898089173
2026-03-01,activation_price,4,83.339355,35.7
2026-03-01,activation_price,5,94.3867,
2026-03-01,activation_price,6,127.04919,
2026-03-01,activation_price,7,121.644844,83.09532258064515
2026-03-01,activation_price,8,123.59149,92.59538181818182
2026-03-01,activation_price,9,138.27435,89.26932878755595
2026-03-01,activation_price,10,116.08964,21.894
2026-03-01,activation_price,11,124.00383,27.82418282548476
2026-03-01,activation_price,12,109.87,25.340000000000003
2026-03-01,activation_price,13,120.837715,19.44
2026-03-01,activation_price,14,134.69707,
2026-03-01,activation_price,15,130.03365,109.00588176850474
2026-03-01,activation_price,16,125.78814,130.00431601272533
2026-03-01,activation_price,17,128.28,140.21262746899401
2026-03-01,activation_price,18,120.87537,110.3897503671072
2026-03-01,activation_price,19,122.13202,
2026-03-01,activation_price,20,96.598465,91.25
2026-03-01,activation_price,21,103.51374,
2026-03-01,activation_price,22,110.17,
2026-03-01,activation_price,23,97.865555,
2026-03-02,day_ahead_price,0,83.505005,65.13000124999999
2026-03-02,day_ahead_price,1,82.8925,66.94499975000001
2026-03-02,day_ahead_price,2,79.96,69.0075
2026-03-02,day_ahead_price,3,78.86,69.56750075
2026-03-02,day_ahead_price,4,80.488754,74.03000075
2026-03-02,day_ahead_price,5,81.95999,84.0775015
2026-03-02,day_ahead_price,6,81.9125,98.89000125
2026-03-02,day_ahead_price,7,91.97625,131.35000025000002
2026-03-02,day_ahead_price,8,97.65375,124.904999
2026-03-02,day_ahead_price,9,96.73,89.8975
2026-03-02,day_ahead_price,10,93.655,78.9675005
2026-03-02,day_ahead_price,11,90.557495,73.8274995
2026-03-02,day_ahead_price,12,89.372505,65.95000075
2026-03-02,day_ahead_price,13,91.9125,80.5599995
2026-03-02,day_ahead_price,14,96.7475,82.15249825
2026-03-02,day_ahead_price,15,104.765,85.1149995
2026-03-02,day_ahead_price,16,115.8225,106.96000275
2026-03-02,day_ahead_price,17,120.47,162.53500350000002
2026-03-02,day_ahead_price,18,113.011246,184.5475005
2026-03-02,day_ahead_price,19,104.435,142.1099985
2026-03-02,day_ahead_price,20,96.806244,107.00749975000001
2026-03-02,day_ahead_price,21,92.89751,96.467499
2026-03-02,day_ahead_price,22,90.62,96.79999925
2026-03-02,day_ahead_price,23,84.536255,88.8950005
2026-03-02,capacity_price,0,1.205,0.46
2026-03-02,capacity_price,1,1.135,0.67
2026-03-02,capacity_price,2,0.93500006,0.27
2026-03-02,capacity_price,3,1.2,1.31
2026-03-02,capacity_price,4,1.34,3.35
2026-03-02,capacity_price,5,2.2,6.69
2026-03-02,capacity_price,6,6.69,5.89
2026-03-02,capacity_price,7,6.69,3.35
2026-03-02,capacity_price,8,10.0,5.75
2026-03-02,capacity_price,9,14.125,6.69
2026-03-02,capacity_price,10,13.52,6.69
2026-03-02,capacity_price,11,13.26,6.02
2026-03-02,capacity_price,12,15.175,5.75
2026-03-02,capacity_price,13,13.255,6.02
2026-03-02,capacity_price,14,15.49,6.02
2026-03-02,capacity_price,15,24.9,6.69
2026-03-02,capacity_price,16,34.7,60.24
2026-03-02,capacity_price,17,41.84,64.11
2026-03-02,capacity_price,18,41.77,75.08
2026-03-02,capacity_price,19,37.49,57.82
2026-03-02,capacity_price,20,27.765,59.98
2026-03-02,capacity_price,21,19.075,38.86
2026-03-02,capacity_price,22,14.24,5.75
2026-03-02,capacity_price,23,6.69,0.67
2026-03-02,activation_volume,0,23.06,77.78
2026-03-02,activation_volume,1,13.165001,0.0
2026-03-02,activation_volume,2,6.71,0.0
2026-03-02,activation_volume,3,3.08,0.0
2026-03-02,activation_volume,4,4.45,3.51
2026-03-02,activation_volume,5,8.54,2.6799999999999997
2026-03-02,activation_volume,6,10.22,17.1
2026-03-02,activation_volume,7,9.56,5.5600000000000005
2026-03-02,activation_volume,8,15.305,25.65
2026-03-02,activation_volume,9,12.52,13.34
2026-03-02,activation_volume,10,6.49,8.45
2026-03-02,activation_volume,11,6.59,26.17
2026-03-02,activation_volume,12,8.71,1.0
2026-03-02,activation_volume,13,10.42,2.37
2026-03-02,activation_volume,14,10.38,1.38
2026-03-02,activation_volume,15,8.57,3.1799999999999997
2026-03-02,activation_volume,16,9.030001,8.49
2026-03-02,activation_volume,17,6.235,4.6899999999999995
2026-03-02,activation_volume,18,2.8600001,0.0
2026-03-02,activation_volume,19,4.22,0.05
2026-03-02,activation_volume,20,0.69,0.0
2026-03-02,activation_volume,21,3.37,0.0
2026-03-02,activation_volume,22,2.995,1.45
2026-03-02,activation_volume,23,1.52,0.0
2026-03-02,activation_price,0,104.013916,698.1459051169966
2026-03-02,activation_price,1,84.117516,
2026-03-02,activation_price,2,93.32558,
2026-03-02,activation_price,3,86.998825,
2026-03-02,activation_price,4,93.060356,96.0423076923077
2026-03-02,activation_price,5,101.47916,98.99339552238807
2026-03-02,activation_price,6,146.18134,123.69044444444444
2026-03-02,activation_price,7,112.642334,124.83192446043164
2026-03-02,activation_price,8,124.036964,565.8987992202728
2026-03-02,activation_price,9,142.71533,116.30122188905547
2026-03-02,activation_price,10,126.44432,114.11313609467456
2026-03-02,activation_price,11,126.97334,2214.55
2026-03-02,activation_price,12,121.14847,97.4036
2026-03-02,activation_price,13,123.20723,57.818902953586495
2026-03-02,activation_price,14,135.81503,77.96731884057971
2026-03-02,activation_price,15,137.98889,89.85037735849058
2026-03-02,activation_price,16,146.73979,109.2773262661955
2026-03-02,activation_price,17,133.67233,106.84970149253732
2026-03-02,activation_price,18,132.48117,
2026-03-02,activation_price,19,130.21451,51.47399999999999
2026-03-02,activation_price,20,97.28432,
2026-03-02,activation_price,21,103.99088,
2026-03-02,activation_price,22,112.599976,603.46
2026-03-02,activation_price,23,106.04472,
2026-03-03,day_ahead_price,0,83.905,89.06249824999999
2026-03-03,day_ahead_price,1,82.8925,90.1225015
2026-03-03,day_ahead_price,2,83.3225,89.42499950000001
2026-03-03,day_ahead_price,3,82.5225,92.81500050000001
2026-03-03,day_ahead_price,4,80.53,95.7225
2026-03-03,day_ahead_price,5,81.55875,103.1849995
2026-03-03,day_ahead_price,6,81.225,116.59749775
2026-03-03,day_ahead_price,7,88.677505,140.0025025
2026-03-03,day_ahead_price,8,97.27,137.472496
2026-03-03,day_ahead_price,9,99.4375,99.52000050000001
2026-03-03,day_ahead_price,10,95.3275,78.17000075
2026-03-03,day_ahead_price,11,91.375,55.922500750000005
2026-03-03,day_ahead_price,12,90.6425,32.1475
2026-03-03,day_ahead_price,13,92.495,34.917500000000004
2026-03-03,day_ahead_price,14,95.5675,61.44750024999999
2026-03-03,day_ahead_price,15,99.685005,86.47500149999999
2026-03-03,day_ahead_price,16,109.847496,106.91
2026-03-03,day_ahead_price,17,119.573746,129.97749925
2026-03-03,day_ahead_price,18,111.825,179.42000175
2026-03-03,day_ahead_price,19,103.6775,152.24750125
2026-03-03,day_ahead_price,20,93.6275,125.03249925
2026-03-03,day_ahead_price,21,89.1075,108.08250224999999
2026-03-03,day_ahead_price,22,87.315,103.91250025
2026-03-03,day_ahead_price,23,80.8775,97.75
2026-03-03,capacity_price,0,1.2,0.54
2026-03-03,capacity_price,1,1.07,0.67
2026-03-03,capacity_price,2,0.995,0.67
2026-03-03,capacity_price,3,1.21,0.67
2026-03-03,capacity_price,4,1.34,1.31
2026-03-03,capacity_price,5,3.35,4.0
2026-03-03,capacity_price,6,6.69,5.22
2026-03-03,capacity_price,7,7.89,1.31
2026-03-03,capacity_price,8,9.115,45.65
2026-03-03,capacity_price,9,13.38,6.69
2026-03-03,capacity_price,10,13.38,5.89
2026-03-03,capacity_price,11,10.0,5.89
2026-03-03,capacity_price,12,13.41,6.02
2026-03-03,capacity_price,13,10.0,5.89
2026-03-03,capacity_price,14,12.01,5.89
2026-03-03,capacity_price,15,15.6,24.89
2026-03-03,capacity_price,16,24.9,79.83
2026-03-03,capacity_price,17,40.635002,66.93
2026-03-03,capacity_price,18,37.76,64.64
2026-03-03,capacity_price,19,34.08,65.45
2026-03-03,capacity_price,20,26.77,51.26
2026-03-03,capacity_price,21,13.39,52.73
2026-03-03,capacity_price,22,7.97,5.62
2026-03-03,capacity_price,23,6.69,1.2
2026-03-03,activation_volume,0,22.575,0.0
2026-03-03,activation_volume,1,19.744999,0.0
2026-03-03,activation_volume,2,4.55,0.0
2026-03-03,activation_volume,3,3.71,0.0
2026-03-03,activation_volume,4,7.02,0.0
2026-03-03,activation_volume,5,6.02,0.0
2026-03-03,activation_volume,6,8.389999,0.0
2026-03-03,activation_volume,7,6.7,0.03
2026-03-03,activation_volume,8,14.945,5.790000000000001
2026-03-03,activation_volume,9,12.52,9.59
2026-03-03,activation_volume,10,6.46,3.1599999999999997
2026-03-03,activation_volume,11,6.6800003,1.4800000000000002
2026-03-03,activation_volume,12,5.395,0.05
2026-03-03,activation_volume,13,11.11,7.03
2026-03-03,activation_volume,14,12.835,3.26
2026-03-03,activation_volume,15,7.14,11.709999999999997
2026-03-03,activation_volume,16,8.9,3.41
2026-03-03,activation_volume,17,7.87,0.44
2026-03-03,activation_volume,18,2.89,0.0
2026-03-03,activation_volume,19,2.68,5.58
2026-03-03,activation_volume,20,1.55,12.23
2026-03-03,activation_volume,21,1.78,7.93
2026-03-03,activation_volume,22,2.555,5.290000000000001
2026-03-03,activation_volume,23,2.39,6.24
2026-03-03,activation_price,0,101.7458,
2026-03-03,activation_price,1,89.70845,
2026-03-03,activation_price,2,91.62115,
2026-03-03,activation_price,3,85.184326,
2026-03-03,activation_price,4,93.91647,
2026-03-03,activation_price,5,100.29453,
2026-03-03,activation_price,6,120.65241,
2026-03-03,activation_price,7,114.99072,37.59
2026-03-03,activation_price,8,123.287445,94.77089810017269
2026-03-03,activation_price,9,139.86649,198.2917726798749
2026-03-03,activation_price,10,116.75506,146.87037974683545
2026-03-03,activation_price,11,118.87797,72.9306081081081
2026-03-03,activation_price,12,118.75582,42.61999999999999
2026-03-03,activation_price,13,128.65681,72.63102418207681
2026-03-03,activation_price,14,141.7301,37.76865030674847
2026-03-03,activation_price,15,127.87285,109.99150298889842
2026-03-03,activation_price,16,144.34009,87.35979472140762
2026-03-03,activation_price,17,133.67233,85.09
2026-03-03,activation_price,18,121.29236,
2026-03-03,activation_price,19,128.23,148.76679211469533
2026-03-03,activation_price,20,97.93032,150.74083401471788
2026-03-03,activation_price,21,104.7168,107.600605296343
2026-03-03,activation_price,22,100.67202,119.73134215500944
2026-03-03,activation_price,23,100.15274,117.18205128205126
2026-03-04,day_ahead_price,0,87.729996,129.01000025
2026-03-04,day_ahead_price,1,85.7775,127.82250024999999
2026-03-04,day_ahead_price,2,84.61375,125.32250225
2026-03-04,day_ahead_price,3,82.5225,124.7350005
2026-03-04,day_ahead_price,4,80.53,128.2024975
2026-03-04,day_ahead_price,5,81.4575,131.69999725
2026-03-04,day_ahead_price,6,81.3425,172.39250175
2026-03-04,day_ahead_price,7,89.325,253.86250325
2026-03-04,day_ahead_price,8,96.838745,193.34749975
2026-03-04,day_ahead_price,9,101.380005,150.75999625
2026-03-04,day_ahead_price,10,96.36,110.41749975
2026-03-04,day_ahead_price,11,91.375,78.29750150000001
2026-03-04,day_ahead_price,12,89.5425,42.5225005
2026-03-04,day_ahead_price,13,92.4575,32.977500500000005
2026-03-04,day_ahead_price,14,98.41,65.4050015
2026-03-04,day_ahead_price,15,101.9325,98.59999875
2026-03-04,day_ahead_price,16,109.159996,137.210003
2026-03-04,day_ahead_price,17,118.551254,251.22499850000003
2026-03-04,day_ahead_price,18,115.917496,369.9524995
2026-03-04,day_ahead_price,19,105.12,270.71999724999995
2026-03-04,day_ahead_price,20,96.7175,178.914997
2026-03-04,day_ahead_price,21,93.0875,152.407501
2026-03-04,day_ahead_price,22,89.43625,141.722496
2026-03-04,day_ahead_price,23,85.301254,124.49999975
2026-03-04,capacity_price,0,1.21,1.2
2026-03-04,capacity_price,1,1.2,1.31
2026-03-04,capacity_price,2,1.2,1.2
2026-03-04,capacity_price,3,1.21,1.2
2026-03-04,capacity_price,4,1.34,6.69
2026-03-04,capacity_price,5,4.62,38.4
2026-03-04,capacity_price,6,6.69,53.54
2026-03-04,capacity_price,7,9.53,6.69
2026-03-04,capacity_price,8,13.285,94.09
2026-03-04,capacity_price,9,13.32,67.06
2026-03-04,capacity_price,10,14.26,40.16
2026-03-04,capacity_price,11,16.81,31.18
2026-03-04,capacity_price,12,13.175,14.86
2026-03-04,capacity_price,13,12.13,14.86
2026-03-04,capacity_price,14,12.05,24.9
2026-03-04,capacity_price,15,23.335,60.24
2026-03-04,capacity_price,16,36.945,73.88
2026-03-04,capacity_price,17,45.51,101.67
2026-03-04,capacity_price,18,48.4,127.17
2026-03-04,capacity_price,19,46.72,133.73
2026-03-04,capacity_price,20,29.439999,102.4
2026-03-04,capacity_price,21,25.835,69.47
2026-03-04,capacity_price,22,15.09,40.16
2026-03-04,capacity_price,23,6.6949997,5.76
2026-03-04,activation_volume,0,19.93,6.0
2026-03-04,activation_volume,1,9.125,13.809999999999999
2026-03-04,activation_volume,2,4.43,3.73
2026-03-04,activation_volume,3,3.185,1.6199999999999999
2026-03-04,activation_volume,4,3.9,0.9199999999999999
2026-03-04,activation_volume,5,6.02,6.77
2026-03-04,activation_volume,6,4.61,3.1999999999999997
2026-03-04,activation_volume,7,6.48,7.48
2026-03-04,activation_volume,8,13.264999,45.690000000000005
2026-03-04,activation_volume,9,12.13,2.37
2026-03-04,activation_volume,10,5.395,3.07
2026-03-04,activation_volume,11,3.46,10.16
2026-03-04,activation_volume,12,5.395,0.13
2026-03-04,activation_volume,13,8.505,0.6799999999999999
2026-03-04,activation_volume,14,9.87,42.01
2026-03-04,activation_volume,15,8.12,10.42
2026-03-04,activation_volume,16,8.85,8.01
2026-03-04,activation_volume,17,5.535,11.39
2026-03-04,activation_volume,18,2.35,3.42
2026-03-04,activation_volume,19,2.625,11.66
2026-03-04,activation_volume,20,1.9549999,5.71
2026-03-04,activation_volume,21,3.35,5.1499999999999995
2026-03-04,activation_volume,22,3.57,3.7199999999999998
2026-03-04,activation_volume,23,4.49,0.83
2026-03-04,activation_price,0,109.56889,100.8951
2026-03-04,activation_price,1,85.94967,98.80818247646633
2026-03-04,activation_price,2,90.764435,122.85793565683645
2026-03-04,activation_price,3,81.0452,92.58592592592592
2026-03-04,activation_price,4,89.32654,86.89771739130435
2026-03-04,activation_price,5,95.4378,105.7032496307238
2026-03-04,activation_price,6,111.22089,122.68959375
2026-03-04,activation_price,7,112.642334,212.66188502673796
2026-03-04,activation_price,8,129.72589,1855.512571678704
2026-03-04,activation_price,9,132.47034,191.04573839662447
2026-03-04,activation_price,10,131.745,273.25521172638435
2026-03-04,activation_price,11,116.47533,99.97630905511811
2026-03-04,activation_price,12,119.69054,23.210769230769234
2026-03-04,activation_price,13,121.02,22.363088235294118
2026-03-04,activation_price,14,133.80766,123.82011901928112
2026-03-04,activation_price,15,135.16191,119.46496161228407
2026-03-04,activation_price,16,139.53497,140.18895131086146
2026-03-04,activation_price,17,115.566826,142.66002633889377
2026-03-04,activation_price,18,126.54118,65.45
2026-03-04,activation_price,19,123.97044,159.27233276157804
2026-03-04,activation_price,20,105.88,112.24880910683012
2026-03-04,activation_price,21,105.596664,112.13504854368934
2026-03-04,activation_price,22,109.084305,101.34104838709678
2026-03-04,activation_price,23,100.15274,95.03277108433736
2026-03-05,day_ahead_price,0,84.305,116.484999
2026-03-05,day_ahead_price,1,82.8925,109.932499
2026-03-05,day_ahead_price,2,81.84125,109.2625005
2026-03-05,day_ahead_price,3,80.10126,108.78500000000001
2026-03-05,day_ahead_price,4,80.261246,111.06249975
2026-03-05,day_ahead_price,5,80.402504,122.68000225
2026-03-05,day_ahead_price,6,81.3425,147.75750349999998
2026-03-05,day_ahead_price,7,89.325,169.454998
2026-03-05,day_ahead_price,8,98.085,139.32999800000002
2026-03-05,day_ahead_price,9,97.62125,97.09249875
2026-03-05,day_ahead_price,10,93.93,72.2300015
2026-03-05,day_ahead_price,11,90.6075,62.9850005
2026-03-05,day_ahead_price,12,91.5125,61.5474995
2026-03-05,day_ahead_price,13,92.53125,61.819999749999994
2026-03-05,day_ahead_price,14,98.8925,64.71250075
2026-03-05,day_ahead_price,15,102.41625,90.00250075
2026-03-05,day_ahead_price,16,109.503746,137.75
2026-03-05,day_ahead_price,17,119.573746,179.7075005
2026-03-05,day_ahead_price,18,115.54625,192.0199965
2026-03-05,day_ahead_price,19,104.07875,165.0
2026-03-05,day_ahead_price,20,97.229996,135.24499874999998
2026-03-05,day_ahead_price,21,92.75,130.589998
2026-03-05,day_ahead_price,22,90.308754,130.14249975
2026-03-05,day_ahead_price,23,85.301254,119.69999899999999
2026-03-05,capacity_price,0,1.2,4.0
2026-03-05,capacity_price,1,0.69500005,0.67
2026-03-05,capacity_price,2,0.73,0.54
2026-03-05,capacity_price,3,1.2,0.67
2026-03-05,capacity_price,4,1.34,1.31
2026-03-05,capacity_price,5,3.35,6.56
2026-03-05,capacity_price,6,6.69,6.69
2026-03-05,capacity_price,7,6.69,5.89
2026-03-05,capacity_price,8,13.285,88.4
2026-03-05,capacity_price,9,13.39,23.42
2026-03-05,capacity_price,10,15.12,6.02
2026-03-05,capacity_price,11,15.035,5.76
2026-03-05,capacity_price,12,15.84,5.76
2026-03-05,capacity_price,13,14.06,6.02
2026-03-05,capacity_price,14,15.49,6.69
2026-03-05,capacity_price,15,25.035,53.54
2026-03-05,capacity_price,16,36.15,77.6
2026-03-05,capacity_price,17,45.324997,116.6
2026-03-05,capacity_price,18,43.510002,127.16
2026-03-05,capacity_price,19,44.46,130.24
2026-03-05,capacity_price,20,30.13,116.26
2026-03-05,capacity_price,21,25.935001,120.48
2026-03-05,capacity_price,22,19.82,77.52
2026-03-05,capacity_price,23,10.155001,5.89
2026-03-05,activation_volume,0,25.41,9.57
2026-03-05,activation_volume,1,13.31,2.42
2026-03-05,activation_volume,2,6.005,0.47000000000000003
2026-03-05,activation_volume,3,4.045,0.9000000000000001
2026-03-05,activation_volume,4,4.075,0.2
2026-03-05,activation_volume,5,7.47,0.29
2026-03-05,activation_volume,6,9.245001,7.72
2026-03-05,activation_volume,7,9.21,5.390000000000001
2026-03-05,activation_volume,8,14.655001,13.879999999999999
2026-03-05,activation_volume,9,12.76,12.73
2026-03-05,activation_volume,10,5.985,13.770000000000001
2026-03-05,activation_volume,11,6.475,2.4399999999999995
2026-03-05,activation_volume,12,8.254999,11.14
2026-03-05,activation_volume,13,11.515,2.5300000000000002
2026-03-05,activation_volume,14,13.065001,33.03
2026-03-05,activation_volume,15,7.205,11.82
2026-03-05,activation_volume,16,12.49,15.06
2026-03-05,activation_volume,17,7.9449997,33.69
2026-03-05,activation_volume,18,2.9250002,6.970000000000001
2026-03-05,activation_volume,19,2.625,2.38
2026-03-05,activation_volume,20,2.02,5.79
2026-03-05,activation_volume,21,2.5,2.9699999999999998
2026-03-05,activation_volume,22,2.86,1.3000000000000003
2026-03-05,activation_volume,23,4.49,10.72
2026-03-05,activation_price,0,109.63101,110.22470219435736
2026-03-05,activation_price,1,87.156555,98.54012396694215
2026-03-05,activation_price,2,86.22246,80.31361702127658
2026-03-05,activation_price,3,82.41434,99.29688888888887
2026-03-05,activation_price,4,84.16299,93.2535
2026-03-05,activation_price,5,95.10374,66.11827586206897
2026-03-05,activation_price,6,134.1433,171.35781088082902
2026-03-05,activation_price,7,125.7352,168.25582560296843
2026-03-05,activation_price,8,124.17838,204.43212536023057
2026-03-05,activation_price,9,145.87149,126.13076983503534
2026-03-05,activation_price,10,123.187874,118.86640522875815
2026-03-05,activation_price,11,127.823654,94.31307377049183
2026-03-05,activation_price,12,116.55734,123.48039497307
2026-03-05,activation_price,13,121.45734,85.3509881422925
2026-03-05,activation_price,14,143.85281,114.9730608537693
2026-03-05,activation_price,15,142.43015,108.80129441624366
2026-03-05,activation_price,16,144.94362,176.15239707835323
2026-03-05,activation_price,17,137.08105,177.86642327100031
2026-03-05,activation_price,18,130.81366,127.9648206599713
2026-03-05,activation_price,19,113.50862,81.38689075630253
2026-03-05,activation_price,20,97.96571,156.3912089810017
2026-03-05,activation_price,21,92.57033,110.5960606060606
2026-03-05,activation_price,22,92.90517,91.80930769230768
2026-03-05,activation_price,23,95.59746,112.47225746268657
2026-03-06,day_ahead_price,0,84.462494,104.125
2026-03-06,day_ahead_price,1,82.8925,105.99999975
2026-03-06,day_ahead_price,2,80.08625,108.52249900000001
2026-03-06,day_ahead_price,3,77.7025,109.52500175
2026-03-06,day_ahead_price,4,79.67,115.5
2026-03-06,day_ahead_price,5,79.255,128.9925005
2026-03-06,day_ahead_price,6,80.979996,157.30749724999998
2026-03-06,day_ahead_price,7,88.677505,173.49999975
2026-03-06,day_ahead_price,8,96.100006,138.28750025
2026-03-06,day_ahead_price,9,96.64751,112.3050005
2026-03-06,day_ahead_price,10,92.87125,96.5000015
2026-03-06,day_ahead_price,11,89.9875,76.23750125000001
2026-03-06,day_ahead_price,12,89.6575,57.057499
2026-03-06,day_ahead_price,13,92.47625,54.2749995
2026-03-06,day_ahead_price,14,98.41,75.20000075
2026-03-06,day_ahead_price,15,105.55,107.067501
2026-03-06,day_ahead_price,16,111.345,130.39749725
2026-03-06,day_ahead_price,17,121.402504,177.43750175
2026-03-06,day_ahead_price,18,117.18875,229.32500075
2026-03-06,day_ahead_price,19,110.7025,189.76500349999998
2026-03-06,day_ahead_price,20,100.9125,153.10999700000002
2026-03-06,day_ahead_price,21,93.185,134.19250275
2026-03-06,day_ahead_price,22,94.11,127.24500099999999
2026-03-06,day_ahead_price,23,89.902504,126.074997
2026-03-06,capacity_price,0,1.2,1.31
2026-03-06,capacity_price,1,1.2,1.31
2026-03-06,capacity_price,2,1.2,1.31
2026-03-06,capacity_price,3,1.2,1.31
2026-03-06,capacity_price,4,1.21,5.62
2026-03-06,capacity_price,5,3.0,6.69
2026-03-06,capacity_price,6,6.69,6.69
2026-03-06,capacity_price,7,6.69,6.69
2026-03-06,capacity_price,8,10.0,70.8
2026-03-06,capacity_price,9,13.32,46.85
2026-03-06,capacity_price,10,12.905001,5.76
2026-03-06,capacity_price,11,13.25,4.0
2026-03-06,capacity_price,12,9.45,3.35
2026-03-06,capacity_price,13,9.24,4.68
2026-03-06,capacity_price,14,10.0,5.35
2026-03-06,capacity_price,15,20.08,53.54
2026-03-06,capacity_price,16,34.745003,67.19
2026-03-06,capacity_price,17,45.195,133.55
2026-03-06,capacity_price,18,42.489998,187.41
2026-03-06,capacity_price,19,42.77,125.14
2026-03-06,capacity_price,20,34.065002,81.64
2026-03-06,capacity_price,21,24.9,67.19
2026-03-06,capacity_price,22,13.32,50.19
2026-03-06,capacity_price,23,6.69,6.69
2026-03-06,activation_volume,0,18.14,42.61
2026-03-06,activation_volume,1,6.6,57.85000000000001
2026-03-06,activation_volume,2,6.0299997,22.91
2026-03-06,activation_volume,3,4.045,12.59
2026-03-06,activation_volume,4,4.53,1.73
2026-03-06,activation_volume,5,9.76,6.69
2026-03-06,activation_volume,6,11.24,15.0
2026-03-06,activation_volume,7,7.16,8.34
2026-03-06,activation_volume,8,12.665,10.940000000000001
2026-03-06,activation_volume,9,10.610001,12.39
2026-03-06,activation_volume,10,5.075,11.33
2026-03-06,activation_volume,11,4.92,19.029999999999998
2026-03-06,activation_volume,12,9.06,4.41
2026-03-06,activation_volume,13,10.405001,30.139999999999997
2026-03-06,activation_volume,14,12.755,58.57
2026-03-06,activation_volume,15,8.82,27.04
2026-03-06,activation_volume,16,8.85,19.97
2026-03-06,activation_volume,17,4.38,16.64
2026-03-06,activation_volume,18,2.795,21.299999999999997
2026-03-06,activation_volume,19,4.13,1.5499999999999998
2026-03-06,activation_volume,20,2.7,11.0
2026-03-06,activation_volume,21,3.23,13.510000000000002
2026-03-06,activation_volume,22,3.24,9.69
2026-03-06,activation_volume,23,4.9,18.35
2026-03-06,activation_price,0,109.63101,133.48726355315654
2026-03-06,activation_price,1,80.58241,145.98810371650822
2026-03-06,activation_price,2,88.513,158.87989960715845
2026-03-06,activation_price,3,85.21941,130.72769658459094
2026-03-06,activation_price,4,81.74799,81.79606936416185
2026-03-06,activation_price,5,99.22408,125.19079222720478
2026-03-06,activation_price,6,133.00322,174.25897333333333
2026-03-06,activation_price,7,118.33176,196.73479616306955
2026-03-06,activation_price,8,123.895546,181.82122486288847
2026-03-06,activation_price,9,129.80695,175.00496368038742
2026-03-06,activation_price,10,115.32062,160.36543689320388
2026-03-06,activation_price,11,114.99423,121.90973200210196
2026-03-06,activation_price,12,124.43876,63.02346938775509
2026-03-06,activation_price,13,128.88663,126.79325149303253
2026-03-06,activation_price,14,140.20944,144.48661772238347
2026-03-06,activation_price,15,152.68904,157.89072115384616
2026-03-06,activation_price,16,136.16095,175.47362543815726
2026-03-06,activation_price,17,133.64343,176.94329927884615
2026-03-06,activation_price,18,118.52,160.41553521126764
2026-03-06,activation_price,19,122.31522,83.37941935483872
2026-03-06,activation_price,20,107.07096,156.76864545454544
2026-03-06,activation_price,21,103.51374,139.84387120651365
2026-03-06,activation_price,22,94.04662,109.90157894736844
2026-03-06,activation_price,23,104.68039,136.1796021798365
2026-03-07,day_ahead_price,0,83.92,135.1624985
2026-03-07,day_ahead_price,1,83.0825,130.67749974999998
2026-03-07,day_ahead_price,2,79.96,125.67250100000001
2026-03-07,day_ahead_price,3,78.259995,124.38999949999999
2026-03-07,day_ahead_price,4,75.1975,124.74749925
2026-03-07,day_ahead_price,5,77.16,129.57499525
2026-03-07,day_ahead_price,6,80.0475,135.619999
2026-03-07,day_ahead_price,7,88.677505,129.557499
2026-03-07,day_ahead_price,8,95.70375,112.90250025
2026-03-07,day_ahead_price,9,96.667496,103.58499925000001
2026-03-07,day_ahead_price,10,91.075005,84.90749925
2026-03-07,day_ahead_price,11,88.3675,78.51749975
2026-03-07,day_ahead_price,12,83.065,76.96500025
2026-03-07,day_ahead_price,13,86.5675,72.000001
2026-03-07,day_ahead_price,14,91.39375,65.38000000000001
2026-03-07,day_ahead_price,15,94.65,84.4749995
2026-03-07,day_ahead_price,16,101.17,126.43999875
2026-03-07,day_ahead_price,17,114.035,147.63249975
2026-03-07,day_ahead_price,18,111.12625,180.8724975
2026-03-07,day_ahead_price,19,100.56,166.7249985
2026-03-07,day_ahead_price,20,92.4,148.19750224999999
2026-03-07,day_ahead_price,21,89.3525,137.60749825
2026-03-07,day_ahead_price,22,86.276245,134.197502
2026-03-07,day_ahead_price,23,82.96875,130.64500249999998
2026-03-07,capacity_price,0,1.21,0.67
2026-03-07,capacity_price,1,1.135,0.67
2026-03-07,capacity_price,2,1.2,0.67
2026-03-07,capacity_price,3,1.205,0.67
2026-03-07,capacity_price,4,1.34,1.2
2026-03-07,capacity_price,5,4.32,5.75
2026-03-07,capacity_price,6,6.69,5.89
2026-03-07,capacity_price,7,6.6949997,4.0
2026-03-07,capacity_price,8,7.46,5.89
2026-03-07,capacity_price,9,13.39,5.89
2026-03-07,capacity_price,10,13.52,5.89
2026-03-07,capacity_price,11,11.54,4.0
2026-03-07,capacity_price,12,10.889999,1.31
2026-03-07,capacity_price,13,10.0,1.2
2026-03-07,capacity_price,14,12.0,5.62
2026-03-07,capacity_price,15,24.275,5.89
2026-03-07,capacity_price,16,34.92,48.72
2026-03-07,capacity_price,17,44.385,53.53
2026-03-07,capacity_price,18,42.489998,80.31
2026-03-07,capacity_price,19,41.0,83.65
2026-03-07,capacity_price,20,30.13,60.9
2026-03-07,capacity_price,21,24.9,56.35
2026-03-07,capacity_price,22,13.355,5.89
2026-03-07,capacity_price,23,6.69,5.89
2026-03-07,activation_volume,0,15.17,36.13
2026-03-07,activation_volume,1,10.18,42.8
2026-03-07,activation_volume,2,4.39,36.76
2026-03-07,activation_volume,3,3.45,19.93
2026-03-07,activation_volume,4,4.425,7.64
2026-03-07,activation_volume,5,10.46,6.029999999999999
2026-03-07,activation_volume,6,10.235001,3.0500000000000003
2026-03-07,activation_volume,7,9.56,0.63
2026-03-07,activation_volume,8,15.49,5.09
2026-03-07,activation_volume,9,12.84,68.78999999999999
2026-03-07,activation_volume,10,6.3199997,51.550000000000004
2026-03-07,activation_volume,11,6.77,47.53
2026-03-07,activation_volume,12,5.73,30.96
2026-03-07,activation_volume,13,12.215,57.75
2026-03-07,activation_volume,14,9.674999,125.2
2026-03-07,activation_volume,15,7.08,81.92
2026-03-07,activation_volume,16,12.06,15.229999999999999
2026-03-07,activation_volume,17,4.8900003,9.459999999999999
2026-03-07,activation_volume,18,2.01,9.16
2026-03-07,activation_volume,19,2.395,1.7700000000000002
2026-03-07,activation_volume,20,1.7950001,7.58
2026-03-07,activation_volume,21,2.84,2.98
2026-03-07,activation_volume,22,2.83,7.190000000000001
2026-03-07,activation_volume,23,3.1350002,13.16
2026-03-07,activation_price,0,96.68305,137.69227234984774
2026-03-07,activation_price,1,84.61,140.0955093457944
2026-03-07,activation_price,2,86.22246,162.08091403699675
2026-03-07,activation_price,3,74.93526,144.7697691921726
2026-03-07,activation_price,4,82.141174,131.54083769633507
2026-03-07,activation_price,5,94.76968,138.34369817578775
2026-03-07,activation_price,6,142.67767,121.03426229508194
2026-03-07,activation_price,7,118.80022,117.06142857142856
2026-03-07,activation_price,8,134.46591,146.71310412573675
2026-03-07,activation_price,9,140.84406,2299.8628550661433
2026-03-07,activation_price,10,117.73796,259.9272298739088
2026-03-07,activation_price,11,125.62236,490.4982558384179
2026-03-07,activation_price,12,115.761246,145.33719638242894
2026-03-07,activation_price,13,120.903854,126.62804155844158
2026-03-07,activation_price,14,131.00214,380.29874121405754
2026-03-07,activation_price,15,128.49182,1054.1832250976565
2026-03-07,activation_price,16,132.53467,267.4486474064347
2026-03-07,activation_price,17,126.706055,212.09515856236789
2026-03-07,activation_price,18,116.40472,166.08569868995636
2026-03-07,activation_price,19,94.98091,78.47508474576269
2026-03-07,activation_price,20,94.5396,143.79472295514512
2026-03-07,activation_price,21,103.99088,127.89523489932886
2026-03-07,activation_price,22,106.05446,125.41778859527118
2026-03-07,activation_price,23,95.61479,130.1219300911854
2026-03-08,day_ahead_price,0,77.94125,135.99500275
2026-03-08,day_ahead_price,1,78.1475,132.732502
2026-03-08,day_ahead_price,2,77.198746,131.192499
2026-03-08,day_ahead_price,3,77.1675,130.09250075
2026-03-08,day_ahead_price,4,78.7975,129.33499899999998
2026-03-08,day_ahead_price,5,78.291245,129.63500025000002
2026-03-08,day_ahead_price,6,80.0475,131.09749599999998
2026-03-08,day_ahead_price,7,88.61,116.98499699999999
2026-03-08,day_ahead_price,8,96.100006,108.56249799999999
2026-03-08,day_ahead_price,9,97.62125,100.90999774999999
2026-03-08,day_ahead_price,10,92.87125,94.84000025
2026-03-08,day_ahead_price,11,90.99125,84.99749925
2026-03-08,day_ahead_price,12,90.6425,83.522501
2026-03-08,day_ahead_price,13,92.86125,80.3125
2026-03-08,day_ahead_price,14,97.315,76.96
2026-03-08,day_ahead_price,15,100.277504,76.96249949999999
2026-03-08,day_ahead_price,16,109.115,117.20249950000002
2026-03-08,day_ahead_price,17,117.16,146.31249775
2026-03-08,day_ahead_price,18,110.8525,160.25999825
2026-03-08,day_ahead_price,19,100.56,154.05249775
2026-03-08,day_ahead_price,20,91.0325,138.79249775
2026-03-08,day_ahead_price,21,89.1075,127.43499925
2026-03-08,day_ahead_price,22,87.315,121.11500174999999
2026-03-08,day_ahead_price,23,80.73,113.57250225
2026-03-08,capacity_price,0,1.21,1.31
2026-03-08,capacity_price,1,1.2,5.76
2026-03-08,capacity_price,2,0.995,0.67
2026-03-08,capacity_price,3,1.21,1.31
2026-03-08,capacity_price,4,1.825,3.75
2026-03-08,capacity_price,5,3.35,5.89
2026-03-08,capacity_price,6,6.69,5.89
2026-03-08,capacity_price,7,8.16,5.62
2026-03-08,capacity_price,8,9.764999,4.0
2026-03-08,capacity_price,9,13.32,5.62
2026-03-08,capacity_price,10,13.325001,1.31
2026-03-08,capacity_price,11,12.395,1.2
2026-03-08,capacity_price,12,13.1,1.31
2026-03-08,capacity_price,13,9.385,1.2
2026-03-08,capacity_price,14,10.66,1.31
2026-03-08,capacity_price,15,21.085,1.2
2026-03-08,capacity_price,16,34.7,23.42
2026-03-08,capacity_price,17,42.82,69.87
2026-03-08,capacity_price,18,39.565002,100.39
2026-03-08,capacity_price,19,37.095,56.89
2026-03-08,capacity_price,20,29.085,68.0
2026-03-08,capacity_price,21,24.9,26.77
2026-03-08,capacity_price,22,10.0,5.89
2026-03-08,capacity_price,23,6.69,1.2
2026-03-08,activation_volume,0,26.79,7.3100000000000005
2026-03-08,activation_volume,1,20.47,6.1899999999999995
2026-03-08,activation_volume,2,6.78,4.5
2026-03-08,activation_volume,3,3.45,19.22
2026-03-08,activation_volume,4,4.53,14.9
2026-03-08,activation_volume,5,8.54,11.15
2026-03-08,activation_volume,6,9.950001,1.2699999999999998
2026-03-08,activation_volume,7,8.91,6.4
2026-03-08,activation_volume,8,14.04,10.879999999999999
2026-03-08,activation_volume,9,10.36,25.41
2026-03-08,activation_volume,10,5.4,19.2
2026-03-08,activation_volume,11,7.4849997,20.599999999999998
2026-03-08,activation_volume,12,8.86,20.34
2026-03-08,activation_volume,13,10.42,85.29
2026-03-08,activation_volume,14,12.4,17.6
2026-03-08,activation_volume,15,6.91,63.07
2026-03-08,activation_volume,16,9.255,26.79
2026-03-08,activation_volume,17,7.81,38.09
2026-03-08,activation_volume,18,2.795,14.190000000000001
2026-03-08,activation_volume,19,2.65,6.300000000000001
2026-03-08,activation_volume,20,2.97,6.0
2026-03-08,activation_volume,21,1.53,2.03
2026-03-08,activation_volume,22,3.5,3.15
2026-03-08,activation_volume,23,4.15,15.209999999999999
2026-03-08,activation_price,0,109.69314,103.93558139534883
2026-03-08,activation_price,1,85.03674,107.35631663974154
2026-03-08,activation_price,2,87.94883,120.09042222222222
2026-03-08,activation_price,3,71.57812,144.81456815816858
2026-03-08,activation_price,4,83.37538,190.21222147651008
2026-03-08,activation_price,5,94.271286,160.83161434977578
2026-03-08,activation_price,6,124.814186,56.09937007874016
2026-03-08,activation_price,7,118.80022,125.85484375
2026-03-08,activation_price,8,123.59149,125.64435661764708
2026-03-08,activation_price,9,137.96309,133.72405745769382
2026-03-08,activation_price,10,121.509384,111.15418750000002
2026-03-08,activation_price,11,119.486115,100.11039805825243
2026-03-08,activation_price,12,113.42704,113.97673058013767
2026-03-08,activation_price,13,120.97,451.62862703716723
2026-03-08,activation_price,14,140.45477,108.45100568181816
2026-03-08,activation_price,15,121.082405,131.08120818138573
2026-03-08,activation_price,16,142.92537,250.66007092198583
2026-03-08,activation_price,17,136.08875,2008.8543160934628
2026-03-08,activation_price,18,121.29236,175.39290345313603
2026-03-08,activation_price,19,123.97044,142.67044444444446
2026-03-08,activation_price,20,106.47548,126.46583333333332
2026-03-08,activation_price,21,103.51374,90.61699507389163
2026-03-08,activation_price,22,100.24404,122.28444444444446
2026-03-08,activation_price,23,101.673874,125.59514135437213
2026-03-09,day_ahead_price,0,82.31375,114.0874995
2026-03-09,day_ahead_price,1,83.13,109.27249900000001
2026-03-09,day_ahead_price,2,80.604996,109.11999899999999
2026-03-09,day_ahead_price,3,79.1175,110.48000175
2026-03-09,day_ahead_price,4,77.43375,116.38999925
2026-03-09,day_ahead_price,5,78.291245,136.994999
2026-03-09,day_ahead_price,6,80.5875,163.91999825
2026-03-09,day_ahead_price,7,88.745,191.58000175
2026-03-09,day_ahead_price,8,96.4075,162.60500325
2026-03-09,day_ahead_price,9,101.5175,127.07250200000001
2026-03-09,day_ahead_price,10,96.9925,102.630001
2026-03-09,day_ahead_price,11,98.1725,87.4000015
2026-03-09,day_ahead_price,12,95.7475,74.10750025
2026-03-09,day_ahead_price,13,94.8675,72.47750075
2026-03-09,day_ahead_price,14,98.45625,82.845001
2026-03-09,day_ahead_price,15,100.87,112.99249825000001
2026-03-09,day_ahead_price,16,110.06875,143.43750025
2026-03-09,day_ahead_price,17,119.83,187.02499749999998
2026-03-09,day_ahead_price,18,115.8175,254.27250300000003
2026-03-09,day_ahead_price,19,103.6775,249.99750525000002
2026-03-09,day_ahead_price,20,93.322495,180.8899995
2026-03-09,day_ahead_price,21,91.2775,152.1574975
2026-03-09,day_ahead_price,22,87.8375,143.2699965
2026-03-09,day_ahead_price,23,81.485,132.6950035
2026-03-09,capacity_price,0,1.2,0.54
2026-03-09,capacity_price,1,0.67,0.54
2026-03-09,capacity_price,2,0.67,0.54
2026-03-09,capacity_price,3,1.2,1.31
2026-03-09,capacity_price,4,1.2750001,6.69
2026-03-09,capacity_price,5,3.35,11.78
2026-03-09,capacity_price,6,6.69,6.69
2026-03-09,capacity_price,7,6.6949997,6.69
2026-03-09,capacity_price,8,11.625,85.27
2026-03-09,capacity_price,9,19.814999,6.69
2026-03-09,capacity_price,10,15.12,6.69
2026-03-09,capacity_price,11,15.59,5.89
2026-03-09,capacity_price,12,13.41,4.0
2026-03-09,capacity_price,13,13.39,4.0
2026-03-09,capacity_price,14,12.6,6.69
2026-03-09,capacity_price,15,22.645,14.86
2026-03-09,capacity_price,16,34.92,56.89
2026-03-09,capacity_price,17,47.129997,145.34
2026-03-09,capacity_price,18,45.59,239.97
2026-03-09,capacity_price,19,43.075,193.26
2026-03-09,capacity_price,20,28.75,108.29
2026-03-09,capacity_price,21,24.9,79.64
2026-03-09,capacity_price,22,13.32,56.89
2026-03-09,capacity_price,23,6.69,1.2
2026-03-09,activation_volume,0,16.195,8.870000000000001
2026-03-09,activation_volume,1,7.665,12.600000000000001
2026-03-09,activation_volume,2,5.31,0.8400000000000001
2026-03-09,activation_volume,3,2.32,0.43000000000000005
2026-03-09,activation_volume,4,2.97,2.9
2026-03-09,activation_volume,5,9.62,11.41
2026-03-09,activation_volume,6,8.59,6.530000000000001
2026-03-09,activation_volume,7,6.895,8.57
2026-03-09,activation_volume,8,14.530001,5.77
2026-03-09,activation_volume,9,12.13,4.53
2026-03-09,activation_volume,10,4.73,3.84
2026-03-09,activation_volume,11,5.11,3.98
2026-03-09,activation_volume,12,5.43,22.56
2026-03-09,activation_volume,13,9.3,9.47
2026-03-09,activation_volume,14,9.344999,15.889999999999999
2026-03-09,activation_volume,15,6.81,17.38
2026-03-09,activation_volume,16,10.6,14.51
2026-03-09,activation_volume,17,3.545,27.02
2026-03-09,activation_volume,18,1.8,32.980000000000004
2026-03-09,activation_volume,19,1.32,9.89
2026-03-09,activation_volume,20,0.205,6.65
2026-03-09,activation_volume,21,1.78,0.8400000000000001
2026-03-09,activation_volume,22,1.8399999,1.9100000000000001
2026-03-09,activation_volume,23,1.675,6.19
2026-03-09,activation_price,0,109.69314,110.3525253664036
2026-03-09,activation_price,1,82.614365,118.24415873015873
2026-03-09,activation_price,2,86.22246,103.18642857142856
2026-03-09,activation_price,3,76.217964,90.62906976744185
2026-03-09,activation_price,4,83.91835,115.66703448275862
2026-03-09,activation_price,5,99.75931,175.08455740578438
2026-03-09,activation_price,6,117.77287,185.9266156202144
2026-03-09,activation_price,7,115.22934,202.62487747957994
2026-03-09,activation_price,8,130.69579,182.46173310225305
2026-03-09,activation_price,9,134.33362,256.383289183223
2026-03-09,activation_price,10,121.509384,231.25739583333333
2026-03-09,activation_price,11,119.88014,136.94608040201004
2026-03-09,activation_price,12,124.11811,104.83458776595745
2026-03-09,activation_price,13,127.08795,110.6818479408659
2026-03-09,activation_price,14,134.69707,175.2194021397105
2026-03-09,activation_price,15,131.50836,213.0459493670886
2026-03-09,activation_price,16,139.53497,185.7620882150241
2026-03-09,activation_price,17,137.08105,273.9188934122872
2026-03-09,activation_price,18,130.17,196.9338386901152
2026-03-09,activation_price,19,122.31522,152.66769464105155
2026-03-09,activation_price,20,96.63832,202.7268571428571
2026-03-09,activation_price,21,103.51374,97.8025
2026-03-09,activation_price,22,100.67202,121.65947643979057
2026-03-09,activation_price,23,100.6472,134.31843295638126
2026-03-10,day_ahead_price,0,84.3525,138.58000175
2026-03-10,day_ahead_price,1,83.37,130.44000225000002
2026-03-10,day_ahead_price,2,80.604996,127.61249925
2026-03-10,day_ahead_price,3,79.1175,126.89999975
2026-03-10,day_ahead_price,4,80.4475,128.477499
2026-03-10,day_ahead_price,5,80.93,138.62000075
2026-03-10,day_ahead_price,6,85.02,168.59000025
2026-03-10,day_ahead_price,7,90.853745,181.8375015
2026-03-10,day_ahead_price,8,99.9175,173.3200035
2026-03-10,day_ahead_price,9,97.6325,140.5375005
2026-03-10,day_ahead_price,10,92.8275,120.76250075
2026-03-10,day_ahead_price,11,90.6075,112.14250200000001
2026-03-10,day_ahead_price,12,91.5125,110.5650005
2026-03-10,day_ahead_price,13,93.155,107.67499925
2026-03-10,day_ahead_price,14,96.323746,107.164999
2026-03-10,day_ahead_price,15,102.41625,121.49249674999999
2026-03-10,day_ahead_price,16,112.755005,144.392502
2026-03-10,day_ahead_price,17,120.47,179.0
2026-03-10,day_ahead_price,18,115.59625,210.307499
2026-03-10,day_ahead_price,19,105.12,199.88249975000002
2026-03-10,day_ahead_price,20,97.38125,154.49999625
2026-03-10,day_ahead_price,21,93.0025,135.22499649999997
2026-03-10,day_ahead_price,22,91.6175,123.25500124999999
2026-03-10,day_ahead_price,23,89.072495,98.15750125
2026-03-10,capacity_price,0,1.2,0.54
2026-03-10,capacity_price,1,0.67,0.54
2026-03-10,capacity_price,2,0.67,0.54
2026-03-10,capacity_price,3,1.2,1.31
2026-03-10,capacity_price,4,1.495,6.69
2026-03-10,capacity_price,5,3.44,6.69
2026-03-10,capacity_price,6,6.69,11.52
2026-03-10,capacity_price,7,6.7,6.69
2026-03-10,capacity_price,8,8.495,72.55
2026-03-10,capacity_price,9,13.29,46.85
2026-03-10,capacity_price,10,13.455,6.69
2026-03-10,capacity_price,11,13.25,5.89
2026-03-10,capacity_price,12,13.285,5.89
2026-03-10,capacity_price,13,12.13,5.89
2026-03-10,capacity_price,14,12.65,5.89
2026-03-10,capacity_price,15,17.54,94.58
2026-03-10,capacity_price,16,34.48,119.34
2026-03-10,capacity_price,17,45.195,147.18
2026-03-10,capacity_price,18,47.0,201.79
2026-03-10,capacity_price,19,44.46,176.3
2026-03-10,capacity_price,20,34.065002,97.58
2026-03-10,capacity_price,21,24.9,71.21
2026-03-10,capacity_price,22,10.0,14.86
2026-03-10,capacity_price,23,6.69,1.31
2026-03-10,activation_volume,0,19.93,21.789999999999996
2026-03-10,activation_volume,1,15.77,8.62
2026-03-10,activation_volume,2,6.1,1.58
2026-03-10,activation_volume,3,4.17,3.37
2026-03-10,activation_volume,4,4.53,3.4800000000000004
2026-03-10,activation_volume,5,9.63,5.28
2026-03-10,activation_volume,6,10.235001,7.079999999999999
2026-03-10,activation_volume,7,8.514999,6.339999999999999
2026-03-10,activation_volume,8,14.530001,7.6499999999999995
2026-03-10,activation_volume,9,11.32,2.2
2026-03-10,activation_volume,10,6.49,38.43
2026-03-10,activation_volume,11,4.92,11.96
2026-03-10,activation_volume,12,7.775,3.41
2026-03-10,activation_volume,13,8.51,12.980000000000002
2026-03-10,activation_volume,14,9.65,8.75
2026-03-10,activation_volume,15,7.1099997,8.719999999999999
2026-03-10,activation_volume,16,8.85,21.339999999999996
2026-03-10,activation_volume,17,5.67,12.850000000000001
2026-03-10,activation_volume,18,1.84,21.66
2026-03-10,activation_volume,19,2.6,17.3
2026-03-10,activation_volume,20,0.31,11.139999999999999
2026-03-10,activation_volume,21,1.06,8.22
2026-03-10,activation_volume,22,1.49,0.01
2026-03-10,activation_volume,23,2.165,0.27
2026-03-10,activation_price,0,101.38852,135.09731069297845
2026-03-10,activation_price,1,95.079956,110.0805916473318
2026-03-10,activation_price,2,91.192795,84.85734177215188
2026-03-10,activation_price,3,81.08788,114.9453709198813
2026-03-10,activation_price,4,87.05439,176.21126436781606
2026-03-10,activation_price,5,102.9077,124.31278409090908
2026-03-10,activation_price,6,142.67767,188.50716101694917
2026-03-10,activation_price,7,150.28067,192.62036277602525
2026-03-10,activation_price,8,146.13208,159.7125098039216
2026-03-10,activation_price,9,141.73022,660.79
2026-03-10,activation_price,10,124.84489,646.1015664845173
2026-03-10,activation_price,11,122.44307,182.0891806020067
2026-03-10,activation_price,12,121.90433,110.63589442815248
2026-03-10,activation_price,13,127.87238,130.55225731895223
2026-03-10,activation_price,14,140.83615,131.94349714285713
2026-03-10,activation_price,15,136.0948,166.25211009174313
2026-03-10,activation_price,16,143.64091,184.26642455482664
2026-03-10,activation_price,17,136.9466,177.31537743190663
2026-03-10,activation_price,18,118.00508,152.65385041551247
2026-03-10,activation_price,19,134.96677,160.14609248554913
2026-03-10,activation_price,20,106.0016,150.2053141831239
2026-03-10,activation_price,21,97.257355,123.2993917274939
2026-03-10,activation_price,22,106.05446,61.88
2026-03-10,activation_price,23,110.25927,36.72296296296296
2026-03-11,day_ahead_price,0,80.39875,83.95749874999998
2026-03-11,day_ahead_price,1,81.965,70.8049985
2026-03-11,day_ahead_price,2,78.9925,65.424999
2026-03-11,day_ahead_price,3,77.7025,63.552501
2026-03-11,day_ahead_price,4,79.23375,49.3549995
2026-03-11,day_ahead_price,5,80.402504,53.542500749999995
2026-03-11,day_ahead_price,6,80.5875,51.9399985
2026-03-11,day_ahead_price,7,84.4625,79.83750175000002
2026-03-11,day_ahead_price,8,91.03,75.5024985
2026-03-11,day_ahead_price,9,96.0225,57.945001999999995
2026-03-11,day_ahead_price,10,91.740005,35.86
2026-03-11,day_ahead_price,11,90.6,32.052500249999994
2026-03-11,day_ahead_price,12,89.6575,31.19250075
2026-03-11,day_ahead_price,13,91.9125,29.247499750000003
2026-03-11,day_ahead_price,14,92.6875,47.2725
2026-03-11,day_ahead_price,15,96.095,79.33
2026-03-11,day_ahead_price,16,102.075005,93.11749825
2026-03-11,day_ahead_price,17,110.7675,112.2425
2026-03-11,day_ahead_price,18,110.838745,135.0
2026-03-11,day_ahead_price,19,100.12,140.4975015
2026-03-11,day_ahead_price,20,91.71625,121.86750024999999
2026-03-11,day_ahead_price,21,91.2775,112.0
2026-03-11,day_ahead_price,22,87.315,108.05999949999999
2026-03-11,day_ahead_price,23,86.35,99.63500025
2026-03-11,capacity_price,0,0.67,0.33
2026-03-11,capacity_price,1,0.67,0.27
2026-03-11,capacity_price,2,0.67,0.27
2026-03-11,capacity_price,3,1.2,0.27
2026-03-11,capacity_price,4,1.2750001,0.54
2026-03-11,capacity_price,5,2.545,1.2
2026-03-11,capacity_price,6,6.69,1.31
2026-03-11,capacity_price,7,9.32,11.78
2026-03-11,capacity_price,8,9.53,13.12
2026-03-11,capacity_price,9,19.82,3.35
2026-03-11,capacity_price,10,15.255,1.31
2026-03-11,capacity_price,11,14.48,1.31
2026-03-11,capacity_price,12,15.84,1.31
2026-03-11,capacity_price,13,13.39,1.31
2026-03-11,capacity_price,14,15.49,1.31
2026-03-11,capacity_price,15,23.335,26.77
2026-03-11,capacity_price,16,31.2,53.14
2026-03-11,capacity_price,17,41.77,107.08
2026-03-11,capacity_price,18,41.77,135.43
2026-03-11,capacity_price,19,37.49,92.23
2026-03-11,capacity_price,20,29.65,65.59
2026-03-11,capacity_price,21,24.9,53.81
2026-03-11,capacity_price,22,13.39,20.75
2026-03-11,capacity_price,23,6.69,1.2
2026-03-11,activation_volume,0,24.295,79.22
2026-03-11,activation_volume,1,16.02,94.42
2026-03-11,activation_volume,2,4.39,1.9
2026-03-11,activation_volume,3,2.85,11.98
2026-03-11,activation_volume,4,4.455,16.64
2026-03-11,activation_volume,5,6.02,0.05
2026-03-11,activation_volume,6,10.22,0.0
2026-03-11,activation_volume,7,7.89,9.33
2026-03-11,activation_volume,8,15.305,75.19
2026-03-11,activation_volume,9,12.52,5.08
2026-03-11,activation_volume,10,6.7,5.07
2026-03-11,activation_volume,11,6.305,12.850000000000001
2026-03-11,activation_volume,12,5.73,2.0
2026-03-11,activation_volume,13,11.11,27.1
2026-03-11,activation_volume,14,10.89,5.38
2026-03-11,activation_volume,15,5.28,0.38
2026-03-11,activation_volume,16,7.35,1.51
2026-03-11,activation_volume,17,5.67,16.44
2026-03-11,activation_volume,18,1.04,21.560000000000002
2026-03-11,activation_volume,19,2.63,21.37
2026-03-11,activation_volume,20,0.66,1.37
2026-03-11,activation_volume,21,1.2149999,0.12
2026-03-11,activation_volume,22,1.39,0.0
2026-03-11,activation_volume,23,1.4649999,0.0
2026-03-11,activation_price,0,99.06324,145.40751830345872
2026-03-11,activation_price,1,92.274796,156.09689684388903
2026-03-11,activation_price,2,85.86685,61.17068421052632
2026-03-11,activation_price,3,81.08788,113.04944073455759
2026-03-11,activation_price,4,84.61,108.95280649038462
2026-03-11,activation_price,5,99.56726,14.548
2026-03-11,activation_price,6,127.74553,
2026-03-11,activation_price,7,118.46202,92.69282958199358
2026-03-11,activation_price,8,123.59149,288.6095584519218
2026-03-11,activation_price,9,140.17773,96.91051181102362
2026-03-11,activation_price,10,140.43869,105.81
2026-03-11,activation_price,11,120.48829,42.80687159533073
2026-03-11,activation_price,12,110.797165,28.9723
2026-03-11,activation_price,13,128.65681,51.93518450184502
2026-03-11,activation_price,14,135.81503,93.12985130111524
2026-03-11,activation_price,15,133.47,7.31
2026-03-11,activation_price,16,125.40907,57.52192052980133
2026-03-11,activation_price,17,133.65788,158.20155717761557
2026-03-11,activation_price,18,122.91238,174.53559833024119
2026-03-11,activation_price,19,128.23,176.67469817501168
2026-03-11,activation_price,20,104.93225,59.93182481751824
2026-03-11,activation_price,21,102.58178,0.0
2026-03-11,activation_price,22,98.05997,
2026-03-11,activation_price,23,104.609,
2026-03-12,day_ahead_price,0,84.479996,86.31750100000001
2026-03-12,day_ahead_price,1,83.80875,86.10000050000001
2026-03-12,day_ahead_price,2,81.44875,75.29499825
2026-03-12,day_ahead_price,3,81.09625,67.00749975
2026-03-12,day_ahead_price,4,79.83125,60.4775
2026-03-12,day_ahead_price,5,80.402504,48.8499995
2026-03-12,day_ahead_price,6,81.71125,75.82500075
2026-03-12,day_ahead_price,7,86.4825,90.50000175000001
2026-03-12,day_ahead_price,8,93.95125,99.84
2026-03-12,day_ahead_price,9,97.6325,75.02749925
2026-03-12,day_ahead_price,10,94.755,28.47499975
2026-03-12,day_ahead_price,11,90.74249,0.5724999999999999
2026-03-12,day_ahead_price,12,91.915,-0.10750000000000001
2026-03-12,day_ahead_price,13,92.47625,-0.05
2026-03-12,day_ahead_price,14,96.79375,-0.0475
2026-03-12,day_ahead_price,15,99.60875,3.5999999999999996
2026-03-12,day_ahead_price,16,106.43375,45.824999000000005
2026-03-12,day_ahead_price,17,116.603745,67.72999974999999
2026-03-12,day_ahead_price,18,112.2475,85.52000224999999
2026-03-12,day_ahead_price,19,104.39875,78.44999874999999
2026-03-12,day_ahead_price,20,96.04,59.29750074999999
2026-03-12,day_ahead_price,21,92.603745,41.15499975
2026-03-12,day_ahead_price,22,90.62,28.372500499999997
2026-03-12,day_ahead_price,23,84.950005,17.9025
2026-03-12,capacity_price,0,0.67,0.3
2026-03-12,capacity_price,1,0.67,0.27
2026-03-12,capacity_price,2,0.67,0.27
2026-03-12,capacity_price,3,1.2,0.27
2026-03-12,capacity_price,4,1.34,1.2
2026-03-12,capacity_price,5,3.35,1.2
2026-03-12,capacity_price,6,6.02,1.2
2026-03-12,capacity_price,7,6.69,5.76
2026-03-12,capacity_price,8,6.7,6.69
2026-03-12,capacity_price,9,13.26,1.31
2026-03-12,capacity_price,10,13.26,1.31
2026-03-12,capacity_price,11,10.02,1.2
2026-03-12,capacity_price,12,11.78,0.54
2026-03-12,capacity_price,13,9.385,0.67
2026-03-12,capacity_price,14,10.0,0.73
2026-03-12,capacity_price,15,13.285,1.31
2026-03-12,capacity_price,16,24.9,5.89
2026-03-12,capacity_price,17,42.949997,6.69
2026-03-12,capacity_price,18,41.77,53.54
2026-03-12,capacity_price,19,37.1,5.89
2026-03-12,capacity_price,20,26.77,5.89
2026-03-12,capacity_price,21,13.39,12.31
2026-03-12,capacity_price,22,7.87,1.31
2026-03-12,capacity_price,23,6.025,0.67
2026-03-12,activation_volume,0,28.055,11.129999999999999
2026-03-12,activation_volume,1,16.02,2.12
2026-03-12,activation_volume,2,6.565,2.02
2026-03-12,activation_volume,3,4.14,7.88
2026-03-12,activation_volume,4,7.0649996,16.41
2026-03-12,activation_volume,5,10.46,14.43
2026-03-12,activation_volume,6,13.01,5.75
2026-03-12,activation_volume,7,9.61,14.9
2026-03-12,activation_volume,8,13.18,2.15
2026-03-12,activation_volume,9,9.37,1.3800000000000001
2026-03-12,activation_volume,10,6.15,1.01
2026-03-12,activation_volume,11,6.305,0.22
2026-03-12,activation_volume,12,5.395,9.48
2026-03-12,activation_volume,13,7.7349997,47.08
2026-03-12,activation_volume,14,11.135,25.34
2026-03-12,activation_volume,15,7.66,13.600000000000001
2026-03-12,activation_volume,16,11.43,8.63
2026-03-12,activation_volume,17,6.36,0.0
2026-03-12,activation_volume,18,2.83,0.17
2026-03-12,activation_volume,19,2.64,3.08
2026-03-12,activation_volume,20,0.59000003,0.06
2026-03-12,activation_volume,21,1.01,0.21
2026-03-12,activation_volume,22,1.27,0.2
2026-03-12,activation_volume,23,2.47,0.57
2026-03-12,activation_price,0,102.17169,52.49503144654088
2026-03-12,activation_price,1,89.70845,82.60943396226415
2026-03-12,activation_price,2,88.14,80.94970297029703
2026-03-12,activation_price,3,82.92717,90.16441624365481
2026-03-12,activation_price,4,85.42355,104.33650822669104
2026-03-12,activation_price,5,101.60748,87.00823977823977
2026-03-12,activation_price,6,132.32945,78.43427826086955
2026-03-12,activation_price,7,148.25879,153.62845637583894
2026-03-12,activation_price,8,129.72589,151.7539534883721
2026-03-12,activation_price,9,140.94298,50.06384057971014
2026-03-12,activation_price,10,131.745,27.24
2026-03-12,activation_price,11,134.5585,-4.82
2026-03-12,activation_price,12,114.45836,31.325010548523203
2026-03-12,activation_price,13,120.994995,18.105320730671195
2026-03-12,activation_price,14,127.29903,12.071112865035516
2026-03-12,activation_price,15,155.09329,72.38652205882353
2026-03-12,activation_price,16,124.486565,131.8720741599073
2026-03-12,activation_price,17,142.0278,
2026-03-12,activation_price,18,131.45732,60.53
2026-03-12,activation_price,19,135.26923,92.37363636363636
2026-03-12,activation_price,20,101.067764,61.62
2026-03-12,activation_price,21,105.887955,21.16
2026-03-12,activation_price,22,109.084305,40.74
2026-03-12,activation_price,23,112.04,23.34
2026-03-13,day_ahead_price,0,81.1225,6.289999999999999
2026-03-13,day_ahead_price,1,83.27375,4.102500000000001
2026-03-13,day_ahead_price,2,81.8325,2.8875
2026-03-13,day_ahead_price,3,79.1175,1.1475
2026-03-13,day_ahead_price,4,80.51,1.46
2026-03-13,day_ahead_price,5,82.259995,2.9074999999999998
2026-03-13,day_ahead_price,6,81.82875,8.46
2026-03-13,day_ahead_price,7,92.57625,19.93750025
2026-03-13,day_ahead_price,8,97.0625,6.9575
2026-03-13,day_ahead_price,9,102.7425,2.3125
2026-03-13,day_ahead_price,10,95.041245,2.3275
2026-03-13,day_ahead_price,11,91.9225,2.3049999999999997
2026-03-13,day_ahead_price,12,95.034996,1.8399999999999999
2026-03-13,day_ahead_price,13,94.8675,1.635
2026-03-13,day_ahead_price,14,99.4075,2.6325000000000003
2026-03-13,day_ahead_price,15,102.902504,47.07000025
2026-03-13,day_ahead_price,16,111.755,80.13499925
2026-03-13,day_ahead_price,17,118.27375,130.46250175
2026-03-13,day_ahead_price,18,115.8175,147.08499725
2026-03-13,day_ahead_price,19,105.9075,137.82250225
2026-03-13,day_ahead_price,20,96.55,131.88750275
2026-03-13,day_ahead_price,21,93.0025,127.4325025
2026-03-13,day_ahead_price,22,91.08501,123.42249849999999
2026-03-13,day_ahead_price,23,86.07875,115.80749850000001
2026-03-13,capacity_price,0,0.67,0.1
2026-03-13,capacity_price,1,0.67,0.1
2026-03-13,capacity_price,2,0.67,0.07
2026-03-13,capacity_price,3,1.2,0.13
2026-03-13,capacity_price,4,1.21,0.4
2026-03-13,capacity_price,5,1.76,0.67
2026-03-13,capacity_price,6,6.02,1.2
2026-03-13,capacity_price,7,6.56,1.2
2026-03-13,capacity_price,8,6.69,1.2
2026-03-13,capacity_price,9,12.01,1.2
2026-03-13,capacity_price,10,10.0,0.67
2026-03-13,capacity_price,11,10.0,0.67
2026-03-13,capacity_price,12,10.0,0.54
2026-03-13,capacity_price,13,10.0,0.67
2026-03-13,capacity_price,14,13.25,0.67
2026-03-13,capacity_price,15,13.32,4.0
2026-03-13,capacity_price,16,22.154999,72.58
2026-03-13,capacity_price,17,38.09,126.05
2026-03-13,capacity_price,18,38.089996,128.19
2026-03-13,capacity_price,19,30.665,101.55
2026-03-13,capacity_price,20,24.9,52.2
2026-03-13,capacity_price,21,13.39,6.69
2026-03-13,capacity_price,22,10.0,6.69
2026-03-13,capacity_price,23,6.69,5.89
2026-03-13,activation_volume,0,24.295,0.54
2026-03-13,activation_volume,1,11.825001,0.0
2026-03-13,activation_volume,2,5.935,7.050000000000001
2026-03-13,activation_volume,3,4.17,0.5
2026-03-13,activation_volume,4,7.7,0.0
2026-03-13,activation_volume,5,9.76,0.16999999999999998
2026-03-13,activation_volume,6,9.68,23.630000000000003
2026-03-13,activation_volume,7,7.42,17.41
2026-03-13,activation_volume,8,14.395,101.12
2026-03-13,activation_volume,9,12.52,149.69
2026-03-13,activation_volume,10,6.58,95.71
2026-03-13,activation_volume,11,4.5299997,38.88
2026-03-13,activation_volume,12,7.45,53.75
2026-03-13,activation_volume,13,9.0,120.82000000000001
2026-03-13,activation_volume,14,8.14,213.69
2026-03-13,activation_volume,15,6.605,77.61
2026-03-13,activation_volume,16,7.04,14.21
2026-03-13,activation_volume,17,4.13,26.54
2026-03-13,activation_volume,18,2.01,16.220000000000002
2026-03-13,activation_volume,19,2.625,7.6499999999999995
2026-03-13,activation_volume,20,0.51,0.06999999999999999
2026-03-13,activation_volume,21,1.37,3.0399999999999996
2026-03-13,activation_volume,22,2.11,3.17
2026-03-13,activation_volume,23,2.39,4.849999999999999
2026-03-13,activation_price,0,101.17316,5.01
2026-03-13,activation_price,1,87.05274,
2026-03-13,activation_price,2,89.63872,9.60686524822695
2026-03-13,activation_price,3,89.2249,7.506
2026-03-13,activation_price,4,85.42355,
2026-03-13,activation_price,5,101.47916,-10.427058823529414
2026-03-13,activation_price,6,113.706375,45.411531950909854
2026-03-13,activation_price,7,125.043365,51.73873061458932
2026-03-13,activation_price,8,131.10728,75.34832871835442
2026-03-13,activation_price,9,142.71533,84.97140223127798
2026-03-13,activation_price,10,123.485886,98.28033329850591
2026-03-13,activation_price,11,124.00383,22.808775720164608
2026-03-13,activation_price,12,129.84349,34.223594418604655
2026-03-13,activation_price,13,121.45734,100.37993130276442
2026-03-13,activation_price,14,128.53806,112.53656418175862
2026-03-13,activation_price,15,132.48918,152.206034016235
2026-03-13,activation_price,16,124.486565,134.05755805770585
2026-03-13,activation_price,17,125.13212,141.60411831198192
2026-03-13,activation_price,18,133.505,138.8212083847102
2026-03-13,activation_price,19,122.31522,133.93036601307188
2026-03-13,activation_price,20,104.93225,88.46714285714287
2026-03-13,activation_price,21,104.28218,146.97115131578948
2026-03-13,activation_price,22,108.23075,132.7393375394322
2026-03-13,activation_price,23,111.527405,149.6172164948454
2026-03-14,day_ahead_price,0,87.3675,112.94500149999999
2026-03-14,day_ahead_price,1,84.597496,109.0700015
2026-03-14,day_ahead_price,2,83.9525,103.98999975000001
2026-03-14,day_ahead_price,3,81.6475,101.8624975
2026-03-14,day_ahead_price,4,81.2025,105.114998
2026-03-14,day_ahead_price,5,83.36875,109.067499
2026-03-14,day_ahead_price,6,83.600006,111.5199985
2026-03-14,day_ahead_price,7,98.2475,116.70750050000001
2026-03-14,day_ahead_price,8,103.6,121.879999
2026-03-14,day_ahead_price,9,104.46,116.1399995
2026-03-14,day_ahead_price,10,101.29625,107.52249925
2026-03-14,day_ahead_price,11,99.2,103.92750175
2026-03-14,day_ahead_price,12,95.7175,104.6775
2026-03-14,day_ahead_price,13,96.740005,103.57000175
2026-03-14,day_ahead_price,14,98.448746,105.67749975000001
2026-03-14,day_ahead_price,15,101.8375,114.21999950000001
2026-03-14,day_ahead_price,16,111.755,130.00000225
2026-03-14,day_ahead_price,17,122.2425,138.6500015
2026-03-14,day_ahead_price,18,116.948746,161.09999875
2026-03-14,day_ahead_price,19,107.6625,169.83499550000002
2026-03-14,day_ahead_price,20,97.5325,150.26499925
2026-03-14,day_ahead_price,21,92.94125,137.4524955
2026-03-14,day_ahead_price,22,90.62,135.23749924999998
2026-03-14,day_ahead_price,23,86.182495,128.045002
2026-03-14,capacity_price,0,0.67,0.67
2026-03-14,capacity_price,1,0.67,0.54
2026-03-14,capacity_price,2,0.67,0.4
2026-03-14,capacity_price,3,0.67,0.67
2026-03-14,capacity_price,4,1.21,1.31
2026-03-14,capacity_price,5,1.47,1.31
2026-03-14,capacity_price,6,6.02,5.75
2026-03-14,capacity_price,7,6.43,5.62
2026-03-14,capacity_price,8,10.0,6.69
2026-03-14,capacity_price,9,13.29,6.69
2026-03-14,capacity_price,10,15.12,5.89
2026-03-14,capacity_price,11,13.26,5.62
2026-03-14,capacity_price,12,13.809999,5.35
2026-03-14,capacity_price,13,11.085,5.89
2026-03-14,capacity_price,14,11.025,4.0
2026-03-14,capacity_price,15,20.08,5.89
2026-03-14,capacity_price,16,26.78,6.69
2026-03-14,capacity_price,17,45.13,76.28
2026-03-14,capacity_price,18,47.0,99.84
2026-03-14,capacity_price,19,43.38,90.33
2026-03-14,capacity_price,20,26.78,75.88
2026-03-14,capacity_price,21,16.55,6.69
2026-03-14,capacity_price,22,10.0,4.0
2026-03-14,capacity_price,23,6.36,1.2
2026-03-14,activation_volume,0,15.8949995,18.98
2026-03-14,activation_volume,1,15.605,6.0200000000000005
2026-03-14,activation_volume,2,6.5299997,50.47
2026-03-14,activation_volume,3,4.4,23.370000000000005
2026-03-14,activation_volume,4,4.45,11.66
2026-03-14,activation_volume,5,8.184999,31.5
2026-03-14,activation_volume,6,13.7,5.09
2026-03-14,activation_volume,7,7.705,19.07
2026-03-14,activation_volume,8,13.495,24.0
2026-03-14,activation_volume,9,7.285,13.8
2026-03-14,activation_volume,10,5.385,4.68
2026-03-14,activation_volume,11,4.92,16.67
2026-03-14,activation_volume,12,4.86,6.34
2026-03-14,activation_volume,13,11.11,8.82
2026-03-14,activation_volume,14,9.24,12.350000000000001
2026-03-14,activation_volume,15,6.9849997,11.06
2026-03-14,activation_volume,16,8.780001,4.61
2026-03-14,activation_volume,17,3.25,12.909999999999998
2026-03-14,activation_volume,18,1.76,23.46
2026-03-14,activation_volume,19,2.65,10.11
2026-03-14,activation_volume,20,0.17,1.02
2026-03-14,activation_volume,21,2.29,4.24
2026-03-14,activation_volume,22,2.155,8.32
2026-03-14,activation_volume,23,2.38,3.8600000000000003
2026-03-14,activation_price,0,99.51,117.92922023182298
2026-03-14,activation_price,1,84.66251,99.66536544850497
2026-03-14,activation_price,2,95.18289,352.0000871805033
2026-03-14,activation_price,3,89.2249,169.87287548138636
2026-03-14,activation_price,4,86.24084,141.55047169811323
2026-03-14,activation_price,5,97.1389,300.1772761904762
2026-03-14,activation_price,6,142.71846,133.42064833005892
2026-03-14,activation_price,7,145.54706,320.65821185107495
2026-03-14,activation_price,8,146.25285,451.0344833333333
2026-03-14,activation_price,9,127.73654,436.4653985507246
2026-03-14,activation_price,10,131.745,154.01179487179488
2026-03-14,activation_price,11,121.47681,257.1287462507498
2026-03-14,activation_price,12,117.06209,149.52826498422712
2026-03-14,activation_price,13,128.88663,161.20034013605445
2026-03-14,activation_price,14,140.20944,170.86982186234815
2026-03-14,activation_price,15,141.43506,167.6165280289331
2026-03-14,activation_price,16,127.34827,170.08572668112797
2026-03-14,activation_price,17,137.01382,204.6371882261813
2026-03-14,activation_price,18,130.17,214.53925831202048
2026-03-14,activation_price,19,120.4768,167.35728981206725
2026-03-14,activation_price,20,92.48073,53.20882352941177
2026-03-14,activation_price,21,111.148224,133.5575471698113
2026-03-14,activation_price,22,109.09711,144.14472355769232
2026-03-14,activation_price,23,110.63704,119.6483419689119
2026-03-15,day_ahead_price,0,84.3375,137.3425005
2026-03-15,day_ahead_price,1,84.31625,133.73000150000001
2026-03-15,day_ahead_price,2,84.0325,124.959999
2026-03-15,day_ahead_price,3,80.87,123.5275
2026-03-15,day_ahead_price,4,80.51,122.17749975000001
2026-03-15,day_ahead_price,5,80.93,124.1200025
2026-03-15,day_ahead_price,6,81.6775,124.387499
2026-03-15,day_ahead_price,7,84.3825,117.80750075
2026-03-15,day_ahead_price,8,93.05,109.09499925
2026-03-15,day_ahead_price,9,101.5175,94.76999875
2026-03-15,day_ahead_price,10,96.676254,87.3049985
2026-03-15,day_ahead_price,11,92.805,72.210002
2026-03-15,day_ahead_price,12,91.7275,52.96749975
2026-03-15,day_ahead_price,13,92.259995,36.457499250000005
2026-03-15,day_ahead_price,14,94.61625,37.1975
2026-03-15,day_ahead_price,15,99.51,63.07750025
2026-03-15,day_ahead_price,16,104.697495,85.5075015
2026-03-15,day_ahead_price,17,116.25,116.744999
2026-03-15,day_ahead_price,18,112.03625,127.98999975000001
2026-03-15,day_ahead_price,19,102.3375,117.84250075
2026-03-15,day_ahead_price,20,93.6275,93.147501
2026-03-15,day_ahead_price,21,91.50375,80.795
2026-03-15,day_ahead_price,22,88.6875,70.34249875
2026-03-15,day_ahead_price,23,84.950005,61.45999975000001
2026-03-15,capacity_price,0,0.67,1.2
2026-03-15,capacity_price,1,0.67,1.2
2026-03-15,capacity_price,2,0.67,0.67
2026-03-15,capacity_price,3,1.2,0.67
2026-03-15,capacity_price,4,1.21,1.2
2026-03-15,capacity_price,5,3.175,5.35
2026-03-15,capacity_price,6,6.02,5.89
2026-03-15,capacity_price,7,6.34,5.89
2026-03-15,capacity_price,8,7.08,6.69
2026-03-15,capacity_price,9,8.7,6.69
2026-03-15,capacity_price,10,13.32,1.31
2026-03-15,capacity_price,11,10.0,1.31
2026-03-15,capacity_price,12,9.375,1.2
2026-03-15,capacity_price,13,9.764999,0.54
2026-03-15,capacity_price,14,10.0,1.2
2026-03-15,capacity_price,15,17.81,1.2
2026-03-15,capacity_price,16,24.9,24.89
2026-03-15,capacity_price,17,33.04,92.77
2026-03-15,capacity_price,18,36.82,106.75
2026-03-15,capacity_price,19,25.835,30.11
2026-03-15,capacity_price,20,24.54,6.69
2026-03-15,capacity_price,21,16.32,4.0
2026-03-15,capacity_price,22,10.0,1.31
2026-03-15,capacity_price,23,6.03,0.67
2026-03-15,activation_volume,0,26.57,47.04
2026-03-15,activation_volume,1,10.59,7.880000000000001
2026-03-15,activation_volume,2,4.3999996,7.0200000000000005
2026-03-15,activation_volume,3,3.46,1.32
2026-03-15,activation_volume,4,3.1,1.4100000000000001
2026-03-15,activation_volume,5,10.110001,1.7599999999999998
2026-03-15,activation_volume,6,6.7,1.42
2026-03-15,activation_volume,7,5.56,3.5
2026-03-15,activation_volume,8,12.12,11.540000000000001
2026-03-15,activation_volume,9,7.75,16.009999999999998
2026-03-15,activation_volume,10,6.3050003,18.29
2026-03-15,activation_volume,11,2.62,10.01
2026-03-15,activation_volume,12,2.835,1.09
2026-03-15,activation_volume,13,7.7349997,2.13
2026-03-15,activation_volume,14,7.55,0.0
2026-03-15,activation_volume,15,6.605,0.28
2026-03-15,activation_volume,16,8.62,16.439999999999998
2026-03-15,activation_volume,17,3.26,7.970000000000001
2026-03-15,activation_volume,18,0.64,2.05
2026-03-15,activation_volume,19,2.035,0.03
2026-03-15,activation_volume,20,0.2,0.05
2026-03-15,activation_volume,21,0.69,1.24
2026-03-15,activation_volume,22,1.41,0.0
2026-03-15,activation_volume,23,1.83,0.35
2026-03-15,activation_price,0,104.042244,191.82994897959185
2026-03-15,activation_price,1,85.09,99.28940355329948
2026-03-15,activation_price,2,87.35903,137.7682621082621
2026-03-15,activation_price,3,85.21941,154.91363636363636
2026-03-15,activation_price,4,85.42355,109.95333333333332
2026-03-15,activation_price,5,97.33094,118.81795454545455
2026-03-15,activation_price,6,116.49064,132.19746478873242
2026-03-15,activation_price,7,133.60712,153.58068571428572
2026-03-15,activation_price,8,137.82452,335.23249566724434
2026-03-15,activation_price,9,139.86649,148.7716801998751
2026-03-15,activation_price,10,128.24068,130.946342263532
2026-03-15,activation_price,11,116.9361,123.66833166833166
2026-03-15,activation_price,12,118.75582,89.92
2026-03-15,activation_price,13,119.528656,72.8
2026-03-15,activation_price,14,131.87994,
2026-03-15,activation_price,15,135.12619,116.28000000000002
2026-03-15,activation_price,16,124.41454,121.0504683698297
2026-03-15,activation_price,17,133.67233,121.89831869510664
2026-03-15,activation_price,18,133.84915,93.88975609756098
2026-03-15,activation_price,19,127.586075,163.83
2026-03-15,activation_price,20,97.94801,117.38
2026-03-15,activation_price,21,102.58178,54.600241935483865
2026-03-15,activation_price,22,105.269806,
2026-03-15,activation_price,23,104.258255,4.95
2026-03-16,day_ahead_price,0,81.1225,34.16499975
2026-03-16,day_ahead_price,1,82.69,23.3275
2026-03-16,day_ahead_price,2,82.685005,17.59
2026-03-16,day_ahead_price,3,80.354996,14.1375
2026-03-16,day_ahead_price,4,81.82875,20.05750025
2026-03-16,day_ahead_price,5,81.659996,37.4275
2026-03-16,day_ahead_price,6,85.02,66.1900005
2026-03-16,day_ahead_price,7,93.115,95.56749925
2026-03-16,day_ahead_price,8,98.9,95.97749875
2026-03-16,day_ahead_price,9,101.380005,73.10499949999999
2026-03-16,day_ahead_price,10,97.665,42.5950005
2026-03-16,day_ahead_price,11,93.8025,17.54749975
2026-03-16,day_ahead_price,12,94.53875,13.245000000000001
2026-03-16,day_ahead_price,13,95.15875,16.29
2026-03-16,day_ahead_price,14,98.45625,42.1724995
2026-03-16,day_ahead_price,15,103.3225,64.444999
2026-03-16,day_ahead_price,16,111.784996,106.20999725
2026-03-16,day_ahead_price,17,117.82875,137.57999999999998
2026-03-16,day_ahead_price,18,111.825,164.00249874999997
2026-03-16,day_ahead_price,19,104.07875,177.09000025
2026-03-16,day_ahead_price,20,96.3825,154.74750149999997
2026-03-16,day_ahead_price,21,92.7,125.71249975
2026-03-16,day_ahead_price,22,90.62,121.9125005
2026-03-16,day_ahead_price,23,85.911255,99.7649995
2026-03-16,capacity_price,0,1.2,0.13
2026-03-16,capacity_price,1,0.96000004,0.13
2026-03-16,capacity_price,2,0.67,0.13
2026-03-16,capacity_price,3,1.21,0.4
2026-03-16,capacity_price,4,1.34,0.54
2026-03-16,capacity_price,5,3.35,1.31
2026-03-16,capacity_price,6,6.69,3.88
2026-03-16,capacity_price,7,6.69,6.69
2026-03-16,capacity_price,8,8.08,5.75
2026-03-16,capacity_price,9,13.38,5.75
2026-03-16,capacity_price,10,13.38,5.35
2026-03-16,capacity_price,11,10.01,1.31
2026-03-16,capacity_price,12,10.0,1.2
2026-03-16,capacity_price,13,10.145,1.2
2026-03-16,capacity_price,14,13.355,1.31
2026-03-16,capacity_price,15,21.085,13.38
2026-03-16,capacity_price,16,31.2,109.25
2026-03-16,capacity_price,17,43.379997,108.55
2026-03-16,capacity_price,18,40.975,116.4
2026-03-16,capacity_price,19,33.73,90.73
2026-03-16,capacity_price,20,26.78,77.62
2026-03-16,capacity_price,21,24.9,50.19
2026-03-16,capacity_price,22,15.12,5.75
2026-03-16,capacity_price,23,6.69,1.2
2026-03-16,activation_volume,0,22.68,6.1
2026-03-16,activation_volume,1,15.12,7.67
2026-03-16,activation_volume,2,5.31,0.11
2026-03-16,activation_volume,3,4.2,25.060000000000002
2026-03-16,activation_volume,4,7.7,0.6499999999999999
2026-03-16,activation_volume,5,7.47,8.61
2026-03-16,activation_volume,6,8.81,21.79
2026-03-16,activation_volume,7,8.12,38.16
2026-03-16,activation_volume,8,13.055,48.22
2026-03-16,activation_volume,9,10.36,8.91
2026-03-16,activation_volume,10,6.475,38.220000000000006
2026-03-16,activation_volume,11,6.2,0.34
2026-03-16,activation_volume,12,5.36,3.12
2026-03-16,activation_volume,13,9.395,47.27
2026-03-16,activation_volume,14,9.469999,0.63
2026-03-16,activation_volume,15,4.9,4.41
2026-03-16,activation_volume,16,7.6800003,3.74
2026-03-16,activation_volume,17,2.45,19.5
2026-03-16,activation_volume,18,2.8600001,33.33
2026-03-16,activation_volume,19,2.665,5.78
2026-03-16,activation_volume,20,1.74,7.97
2026-03-16,activation_volume,21,1.37,0.67
2026-03-16,activation_volume,22,2.155,7.469999999999999
2026-03-16,activation_volume,23,2.38,9.24
2026-03-16,activation_price,0,102.6259,69.86727868852458
2026-03-16,activation_price,1,92.786934,52.43319426336375
2026-03-16,activation_price,2,96.80674,-16.23
2026-03-16,activation_price,3,82.92717,106.73646448523544
2026-03-16,activation_price,4,99.54353,-13.98523076923077
2026-03-16,activation_price,5,101.35084,82.80292682926829
2026-03-16,activation_price,6,130.67686,931.1484671867829
2026-03-16,activation_price,7,118.46202,1210.2402148846961
2026-03-16,activation_price,8,124.036964,1724.6927042720865
2026-03-16,activation_price,9,136.37347,159.03023569023574
2026-03-16,activation_price,10,115.17481,116.73179487179485
2026-03-16,activation_price,11,121.870834,-48.47882352941176
2026-03-16,activation_price,12,113.42704,13.701923076923077
2026-03-16,activation_price,13,120.837715,75.9943114025809
2026-03-16,activation_price,14,127.74457,15.45
2026-03-16,activation_price,15,130.15204,145.33755102040814
2026-03-16,activation_price,16,128.90839,100.36893048128341
2026-03-16,activation_price,17,120.34947,192.18715384615382
2026-03-16,activation_price,18,126.54118,214.75563456345637
2026-03-16,activation_price,19,128.23,174.9374221453287
2026-03-16,activation_price,20,99.51674,173.08579673776666
2026-03-16,activation_price,21,103.0366,148.94
2026-03-16,activation_price,22,116.04,155.01305220883538
2026-03-16,activation_price,23,105.36256,141.48782467532467
2026-03-17,day_ahead_price,0,84.305,113.66500075
2026-03-17,day_ahead_price,1,83.0825,105.58499925
2026-03-17,day_ahead_price,2,81.41499,106.42250075
2026-03-17,day_ahead_price,3,79.1175,106.4349995
2026-03-17,day_ahead_price,4,79.9925,108.3199995
2026-03-17,day_ahead_price,5,78.865005,116.23749900000001
2026-03-17,day_ahead_price,6,80.225006,142.3475
2026-03-17,day_ahead_price,7,88.401245,162.159996
2026-03-17,day_ahead_price,8,96.427505,151.665003
2026-03-17,day_ahead_price,9,100.77625,123.0999985
2026-03-17,day_ahead_price,10,96.9925,105.52999875
2026-03-17,day_ahead_price,11,92.149994,97.1075
2026-03-17,day_ahead_price,12,92.854996,89.03499775
2026-03-17,day_ahead_price,13,94.3025,90.2800005
2026-03-17,day_ahead_price,14,98.448746,88.38249975
2026-03-17,day_ahead_price,15,102.37,98.98249825
2026-03-17,day_ahead_price,16,111.77,117.80750075
2026-03-17,day_ahead_price,17,120.9825,128.30249799999999
2026-03-17,day_ahead_price,18,113.10249,147.06249825
2026-03-17,day_ahead_price,19,104.39875,155.84250075
2026-03-17,day_ahead_price,20,97.57875,139.04499825
2026-03-17,day_ahead_price,21,92.8,117.12500175
2026-03-17,day_ahead_price,22,90.62,110.23499875
2026-03-17,day_ahead_price,23,86.35,100.4575005
2026-03-17,capacity_price,0,0.67,0.67
2026-03-17,capacity_price,1,0.67,0.49
2026-03-17,capacity_price,2,0.67,0.27
2026-03-17,capacity_price,3,1.2,0.67
2026-03-17,capacity_price,4,1.2750001,1.2
2026-03-17,capacity_price,5,1.2750001,4.0
2026-03-17,capacity_price,6,6.02,5.35
2026-03-17,capacity_price,7,6.03,6.69
2026-03-17,capacity_price,8,6.69,6.69
2026-03-17,capacity_price,9,12.635,5.89
2026-03-17,capacity_price,10,13.38,4.0
2026-03-17,capacity_price,11,10.0,3.35
2026-03-17,capacity_price,12,10.889999,1.31
2026-03-17,capacity_price,13,10.0,1.31
2026-03-17,capacity_price,14,11.95,3.35
2026-03-17,capacity_price,15,13.38,13.38
2026-03-17,capacity_price,16,23.2,75.0
2026-03-17,capacity_price,17,41.84,132.09
2026-03-17,capacity_price,18,41.77,140.78
2026-03-17,capacity_price,19,37.49,62.09
2026-03-17,capacity_price,20,24.9,57.14
2026-03-17,capacity_price,21,13.39,6.69
2026-03-17,capacity_price,22,7.77,1.31
2026-03-17,capacity_price,23,6.02,1.2
2026-03-17,activation_volume,0,24.295,1.41
2026-03-17,activation_volume,1,16.73,19.14
2026-03-17,activation_volume,2,5.705,4.85
2026-03-17,activation_volume,3,5.92,0.8200000000000001
2026-03-17,activation_volume,4,4.45,5.21
2026-03-17,activation_volume,5,9.76,5.96
2026-03-17,activation_volume,6,11.24,10.08
2026-03-17,activation_volume,7,9.25,3.54
2026-03-17,activation_volume,8,14.530001,5.68
2026-03-17,activation_volume,9,12.205,5.5
2026-03-17,activation_volume,10,6.475,0.0
2026-03-17,activation_volume,11,4.5,16.53
2026-03-17,activation_volume,12,4.6549997,0.14
2026-03-17,activation_volume,13,8.525,10.170000000000002
2026-03-17,activation_volume,14,9.674999,0.9
2026-03-17,activation_volume,15,7.14,25.619999999999997
2026-03-17,activation_volume,16,10.14,23.02
2026-03-17,activation_volume,17,4.255,8.09
2026-03-17,activation_volume,18,2.63,33.510000000000005
2026-03-17,activation_volume,19,1.23,3.15
2026-03-17,activation_volume,20,0.24000001,5.73
2026-03-17,activation_volume,21,1.575,2.7300000000000004
2026-03-17,activation_volume,22,2.2,0.01
2026-03-17,activation_volume,23,2.43,1.54
2026-03-17,activation_price,0,101.970276,102.30985815602837
2026-03-17,activation_price,1,93.51735,118.10864681295716
2026-03-17,activation_price,2,88.3265,111.00092783505154
2026-03-17,activation_price,3,86.29571,72.7031707317073
2026-03-17,activation_price,4,89.32654,117.58274472168905
2026-03-17,activation_price,5,98.84,142.5488255033557
2026-03-17,activation_price,6,132.32945,181.54054563492062
2026-03-17,activation_price,7,125.7352,121.02183615819207
2026-03-17,activation_price,8,148.3549,179.2460387323944
2026-03-17,activation_price,9,134.33362,1523.4027272727274
2026-03-17,activation_price,10,126.74233,
2026-03-17,activation_price,11,127.823654,169.50774954627946
2026-03-17,activation_price,12,115.87784,35.41
2026-03-17,activation_price,13,121.02,131.7235889872173
2026-03-17,activation_price,14,128.81204,98.18477777777778
2026-03-17,activation_price,15,135.8495,147.35370023419205
2026-03-17,activation_price,16,125.03,156.20605560382276
2026-03-17,activation_price,17,134.45163,137.470086526576
2026-03-17,activation_price,18,118.52,193.51393315428226
2026-03-17,activation_price,19,128.86557,174.07266666666666
2026-03-17,activation_price,20,107.07096,160.80034904013965
2026-03-17,activation_price,21,97.74519,157.24783882783882
2026-03-17,activation_price,22,106.05446,72.94
2026-03-17,activation_price,23,103.83613,100.43909090909091
2026-03-18,day_ahead_price,0,84.948746,89.79999925
2026-03-18,day_ahead_price,1,84.12625,86.72750075
2026-03-18,day_ahead_price,2,84.345,85.6849995
2026-03-18,day_ahead_price,3,82.4725,86.86750025
2026-03-18,day_ahead_price,4,82.1875,88.83499900000001
2026-03-18,day_ahead_price,5,84.8825,100.0549985
2026-03-18,day_ahead_price,6,92.55,130.73999799999999
2026-03-18,day_ahead_price,7,99.1875,133.592497
2026-03-18,day_ahead_price,8,103.6,99.9375
2026-03-18,day_ahead_price,9,106.0825,62.95000075
2026-03-18,day_ahead_price,10,102.645004,11.37500025
2026-03-18,day_ahead_price,11,100.034996,2.765
2026-03-18,day_ahead_price,12,96.5725,2.4825
2026-03-18,day_ahead_price,13,98.98375,3.5625
2026-03-18,day_ahead_price,14,102.90375,3.545
2026-03-18,day_ahead_price,15,106.03375,47.194998999999996
2026-03-18,day_ahead_price,16,114.8125,107.032503
2026-03-18,day_ahead_price,17,125.1875,145.21249774999998
2026-03-18,day_ahead_price,18,124.1,177.62249775
2026-03-18,day_ahead_price,19,117.13374,170.19749825
2026-03-18,day_ahead_price,20,102.125,148.489998
2026-03-18,day_ahead_price,21,94.4825,132.05749875
2026-03-18,day_ahead_price,22,90.98,123.77500125
2026-03-18,day_ahead_price,23,89.55625,113.374998
2026-03-18,capacity_price,0,0.67,0.36
2026-03-18,capacity_price,1,0.67,0.36
2026-03-18,capacity_price,2,0.67,0.4
2026-03-18,capacity_price,3,0.685,0.36
2026-03-18,capacity_price,4,1.21,0.67
2026-03-18,capacity_price,5,1.76,1.2
2026-03-18,capacity_price,6,6.69,1.31
2026-03-18,capacity_price,7,6.69,1.31
2026-03-18,capacity_price,8,6.6949997,9.9
2026-03-18,capacity_price,9,13.38,3.35
2026-03-18,capacity_price,10,13.855,1.2
2026-03-18,capacity_price,11,10.0,1.2
2026-03-18,capacity_price,12,13.385,1.31
2026-03-18,capacity_price,13,10.0,1.2
2026-03-18,capacity_price,14,11.41,1.31
2026-03-18,capacity_price,15,15.33,9.77
2026-03-18,capacity_price,16,31.2,59.56
2026-03-18,capacity_price,17,46.59,82.44
2026-03-18,capacity_price,18,43.95,86.99
2026-03-18,capacity_price,19,45.855,6.69
2026-03-18,capacity_price,20,27.975,9.77
2026-03-18,capacity_price,21,18.18,9.64
2026-03-18,capacity_price,22,6.86,1.2
2026-03-18,capacity_price,23,6.03,0.67
2026-03-18,activation_volume,0,17.07,4.39
2026-03-18,activation_volume,1,13.015,32.33
2026-03-18,activation_volume,2,4.46,2.12
2026-03-18,activation_volume,3,4.25,2.2199999999999998
2026-03-18,activation_volume,4,4.37,3.1799999999999997
2026-03-18,activation_volume,5,9.21,4.55
2026-03-18,activation_volume,6,11.42,7.010000000000001
2026-03-18,activation_volume,7,5.82,1.1300000000000001
2026-03-18,activation_volume,8,12.12,5.22
2026-03-18,activation_volume,9,7.82,4.11
2026-03-18,activation_volume,10,4.3450003,44.120000000000005
2026-03-18,activation_volume,11,3.125,11.32
2026-03-18,activation_volume,12,6.3450003,8.93
2026-03-18,activation_volume,13,11.5,1.49
2026-03-18,activation_volume,14,8.16,25.630000000000003
2026-03-18,activation_volume,15,4.935,31.15
2026-03-18,activation_volume,16,7.1499996,16.43
2026-03-18,activation_volume,17,2.62,14.92
2026-03-18,activation_volume,18,2.47,6.55
2026-03-18,activation_volume,19,2.6,5.76
2026-03-18,activation_volume,20,0.75,4.82
2026-03-18,activation_volume,21,1.46,3.3800000000000003
2026-03-18,activation_volume,22,2.155,5.569999999999999
2026-03-18,activation_volume,23,4.18,3.05
2026-03-18,activation_price,0,102.194756,97.79571753986332
2026-03-18,activation_price,1,85.09,142.12467677080113
2026-03-18,activation_price,2,87.94883,97.67400943396227
2026-03-18,activation_price,3,88.801544,93.47247747747748
2026-03-18,activation_price,4,84.94554,103.36783018867925
2026-03-18,activation_price,5,103.919556,112.49773626373626
2026-03-18,activation_price,6,148.53368,139.45865905848788
2026-03-18,activation_price,7,120.761154,138.58999999999997
2026-03-18,activation_price,8,141.5357,123.59954022988506
2026-03-18,activation_price,9,140.59398,111.96781021897809
2026-03-18,activation_price,10,128.76959,115.15028105167721
2026-03-18,activation_price,11,123.56537,24.850220848056534
2026-03-18,activation_price,12,121.88579,12.560380739081747
2026-03-18,activation_price,13,133.01537,1.7312751677852367
2026-03-18,activation_price,14,138.93411,72.41322278579788
2026-03-18,activation_price,15,138.67648,123.17775280898877
2026-03-18,activation_price,16,144.22807,150.86492391965913
2026-03-18,activation_price,17,133.67233,181.8138672922252
2026-03-18,activation_price,18,135.5898,173.2046717557252
2026-03-18,activation_price,19,128.86557,172.83437500000002
2026-03-18,activation_price,20,111.230576,194.7787966804979
2026-03-18,activation_price,21,103.0366,176.87349112426034
2026-03-18,activation_price,22,112.599976,146.67892280071817
2026-03-18,activation_price,23,111.527405,104.57206557377049
2026-03-19,day_ahead_price,0,84.32,109.2474995
2026-03-19,day_ahead_price,1,83.957504,112.64000100000001
2026-03-19,day_ahead_price,2,84.704994,113.98999975
2026-03-19,day_ahead_price,3,82.40125,113.777502
2026-03-19,day_ahead_price,4,81.92625,117.21499825000001
2026-03-19,day_ahead_price,5,82.98125,126.39000125
2026-03-19,day_ahead_price,6,85.2375,154.63500000000002
2026-03-19,day_ahead_price,7,97.19125,158.2425025
2026-03-19,day_ahead_price,8,104.3625,138.60250275
2026-03-19,day_ahead_price,9,104.667496,90.902502
2026-03-19,day_ahead_price,10,102.613754,56.04749925
2026-03-19,day_ahead_price,11,99.92625,22.1225
2026-03-19,day_ahead_price,12,96.445,21.65250025
2026-03-19,day_ahead_price,13,96.740005,17.389999000000003
2026-03-19,day_ahead_price,14,99.9925,44.8075005
2026-03-19,day_ahead_price,15,103.3225,85.947501
2026-03-19,day_ahead_price,16,112.91,120.3474995
2026-03-19,day_ahead_price,17,120.9825,152.17500325
2026-03-19,day_ahead_price,18,116.395004,209.26750175
2026-03-19,day_ahead_price,19,105.9075,214.3825035
2026-03-19,day_ahead_price,20,100.66,163.369999
2026-03-19,day_ahead_price,21,93.777504,149.04000075
2026-03-19,day_ahead_price,22,92.045,139.54999899999999
2026-03-19,day_ahead_price,23,90.1125,132.23750125
2026-03-19,capacity_price,0,1.2,0.31
2026-03-19,capacity_price,1,0.67,0.31
2026-03-19,capacity_price,2,0.67,0.31
2026-03-19,capacity_price,3,1.2,0.4
2026-03-19,capacity_price,4,1.21,0.47
2026-03-19,capacity_price,5,2.07,1.2
2026-03-19,capacity_price,6,6.69,1.2
2026-03-19,capacity_price,7,6.69,1.2
2026-03-19,capacity_price,8,6.6949997,57.95
2026-03-19,capacity_price,9,13.39,9.9
2026-03-19,capacity_price,10,15.39,1.31
2026-03-19,capacity_price,11,10.780001,1.31
2026-03-19,capacity_price,12,13.43,1.31
2026-03-19,capacity_price,13,10.04,1.2
2026-03-19,capacity_price,14,12.01,1.31
2026-03-19,capacity_price,15,18.545,9.9
2026-03-19,capacity_price,16,25.835,55.81
2026-03-19,capacity_price,17,38.09,81.64
2026-03-19,capacity_price,18,38.42,104.12
2026-03-19,capacity_price,19,33.73,9.64
2026-03-19,capacity_price,20,24.9,9.77
2026-03-19,capacity_price,21,16.32,9.9
2026-03-19,capacity_price,22,7.97,5.35
2026-03-19,capacity_price,23,6.69,0.67
2026-03-19,activation_volume,0,22.09,8.51
2026-03-19,activation_volume,1,13.290001,24.059999999999995
2026-03-19,activation_volume,2,4.835,12.280000000000001
2026-03-19,activation_volume,3,2.545,9.02
2026-03-19,activation_volume,4,5.65,11.6
2026-03-19,activation_volume,5,9.76,29.32
2026-03-19,activation_volume,6,10.22,13.77
2026-03-19,activation_volume,7,7.29,8.51
2026-03-19,activation_volume,8,12.12,8.65
2026-03-19,activation_volume,9,11.450001,4.5
2026-03-19,activation_volume,10,6.7,19.32
2026-03-19,activation_volume,11,3.5900002,21.57
2026-03-19,activation_volume,12,4.86,3.41
2026-03-19,activation_volume,13,9.3,0.0
2026-03-19,activation_volume,14,9.445,43.330000000000005
2026-03-19,activation_volume,15,6.995,11.07
2026-03-19,activation_volume,16,8.71,9.01
2026-03-19,activation_volume,17,3.27,11.170000000000002
2026-03-19,activation_volume,18,2.255,5.79
2026-03-19,activation_volume,19,2.395,3.6399999999999997
2026-03-19,activation_volume,20,1.74,6.74
2026-03-19,activation_volume,21,2.0,5.859999999999999
2026-03-19,activation_volume,22,2.2,11.32
2026-03-19,activation_volume,23,5.09,4.58
2026-03-19,activation_price,0,102.6259,105.23197414806108
2026-03-19,activation_price,1,90.99162,106.54975477971739
2026-03-19,activation_price,2,91.192795,132.27718241042345
2026-03-19,activation_price,3,87.28,124.52393569844789
2026-03-19,activation_price,4,93.07037,180.33309482758625
2026-03-19,activation_price,5,107.2524,223.280102319236
2026-03-19,activation_price,6,141.4003,203.21278140885985
2026-03-19,activation_price,7,137.42998,194.37556991774386
2026-03-19,activation_price,8,141.5357,204.57117919075145
2026-03-19,activation_price,9,140.66956,212.30104444444441
2026-03-19,activation_price,10,128.14221,167.73907867494825
2026-03-19,activation_price,11,127.823654,279.0651553082986
2026-03-19,activation_price,12,127.82019,17.671290322580646
2026-03-19,activation_price,13,133.01537,
2026-03-19,activation_price,14,135.81503,137.60006692822523
2026-03-19,activation_price,15,143.79013,132.5639566395664
2026-03-19,activation_price,16,134.05826,160.56542730299668
2026-03-19,activation_price,17,132.23209,204.91677708146818
2026-03-19,activation_price,18,134.19331,197.98521588946463
2026-03-19,activation_price,19,138.88855,182.53049450549454
2026-03-19,activation_price,20,104.93225,203.99673590504452
2026-03-19,activation_price,21,115.43295,171.2044539249147
2026-03-19,activation_price,22,112.599976,155.44422261484098
2026-03-19,activation_price,23,116.0859,133.60098253275106
2026-03-20,day_ahead_price,0,81.1225,143.56250025
2026-03-20,day_ahead_price,1,82.69,137.95999525000002
2026-03-20,day_ahead_price,2,78.1175,135.64249825000002
2026-03-20,day_ahead_price,3,78.15875,137.47499875
2026-03-20,day_ahead_price,4,77.69,138.9050025
2026-03-20,day_ahead_price,5,76.15875,154.59000025
2026-03-20,day_ahead_price,6,80.41,192.29499825
2026-03-20,day_ahead_price,7,85.665,197.477501
2026-03-20,day_ahead_price,8,92.11,161.23250000000002
2026-03-20,day_ahead_price,9,95.67875,132.0074995
2026-03-20,day_ahead_price,10,91.105,101.08499925000001
2026-03-20,day_ahead_price,11,90.6,78.47249875
2026-03-20,day_ahead_price,12,89.457504,65.609999
2026-03-20,day_ahead_price,13,90.7475,65.60999875
2026-03-20,day_ahead_price,14,92.6875,87.39999975
2026-03-20,day_ahead_price,15,96.582504,117.154999
2026-03-20,day_ahead_price,16,106.43375,144.675003
2026-03-20,day_ahead_price,17,111.82,174.8174975
2026-03-20,day_ahead_price,18,109.9725,207.58249675
2026-03-20,day_ahead_price,19,98.6875,212.30999749999998
2026-03-20,day_ahead_price,20,90.95,180.03500350000002
2026-03-20,day_ahead_price,21,91.2775,163.04999924999998
2026-03-20,day_ahead_price,22,86.45375,151.85000225
2026-03-20,day_ahead_price,23,82.055,148.11750425
2026-03-20,capacity_price,0,0.67,0.31
2026-03-20,capacity_price,1,0.67,0.31
2026-03-20,capacity_price,2,0.67,0.31
2026-03-20,capacity_price,3,1.07,0.31
2026-03-20,capacity_price,4,1.21,1.2
2026-03-20,capacity_price,5,2.05,1.2
2026-03-20,capacity_price,6,6.02,1.31
2026-03-20,capacity_price,7,6.34,5.35
2026-03-20,capacity_price,8,6.69,75.21
2026-03-20,capacity_price,9,8.06,52.73
2026-03-20,capacity_price,10,10.0,23.69
2026-03-20,capacity_price,11,10.0,8.83
2026-03-20,capacity_price,12,10.0,4.17
2026-03-20,capacity_price,13,9.53,2.11
2026-03-20,capacity_price,14,10.77,3.35
2026-03-20,capacity_price,15,13.38,9.77
2026-03-20,capacity_price,16,24.9,46.84
2026-03-20,capacity_price,17,33.74,86.99
2026-03-20,capacity_price,18,34.81,49.81
2026-03-20,capacity_price,19,31.189999,9.64
2026-03-20,capacity_price,20,24.92,6.69
2026-03-20,capacity_price,21,13.35,9.64
2026-03-20,capacity_price,22,6.7799997,1.31
2026-03-20,capacity_price,23,6.02,1.31
2026-03-20,activation_volume,0,18.43,28.51
2026-03-20,activation_volume,1,15.605,14.339999999999998
2026-03-20,activation_volume,2,5.515,0.4600000000000001
2026-03-20,activation_volume,3,3.8249998,0.22999999999999998
2026-03-20,activation_volume,4,5.0950003,0.1
2026-03-20,activation_volume,5,10.46,5.8500000000000005
2026-03-20,activation_volume,6,11.29,2.34
2026-03-20,activation_volume,7,6.63,2.51
2026-03-20,activation_volume,8,14.56,9.8
2026-03-20,activation_volume,9,9.055,1.92
2026-03-20,activation_volume,10,6.3050003,0.44
2026-03-20,activation_volume,11,3.69,2.97
2026-03-20,activation_volume,12,4.18,0.24
2026-03-20,activation_volume,13,8.04,0.0
2026-03-20,activation_volume,14,10.295,14.89
2026-03-20,activation_volume,15,6.2,4.0600000000000005
2026-03-20,activation_volume,16,6.995,4.789999999999999
2026-03-20,activation_volume,17,3.25,19.700000000000003
2026-03-20,activation_volume,18,1.095,3.2
2026-03-20,activation_volume,19,2.39,5.68
2026-03-20,activation_volume,20,0.2,4.3100000000000005
2026-03-20,activation_volume,21,0.6,3.4300000000000006
2026-03-20,activation_volume,22,2.07,9.09
2026-03-20,activation_volume,23,1.52,9.42
2026-03-20,activation_price,0,99.557556,247.39400911960715
2026-03-20,activation_price,1,92.274796,367.2487029288702
2026-03-20,activation_price,2,81.835495,137.09739130434784
2026-03-20,activation_price,3,85.5759,134.65826086956523
2026-03-20,activation_price,4,93.91647,134.32999999999998
2026-03-20,activation_price,5,99.56726,233.92410256410253
2026-03-20,activation_price,6,124.29892,215.16829059829064
2026-03-20,activation_price,7,121.86714,235.78398406374507
2026-03-20,activation_price,8,118.189514,641.8064387755102
2026-03-20,activation_price,9,135.03088,156.7506770833333
2026-03-20,activation_price,10,125.1429,74.7493181818182
2026-03-20,activation_price,11,118.87797,136.0582828282828
2026-03-20,activation_price,12,106.94237,-8.71
2026-03-20,activation_price,13,118.219604,
2026-03-20,activation_price,14,128.53806,157.2598522498321
2026-03-20,activation_price,15,132.48918,153.6329556650246
2026-03-20,activation_price,16,125.78814,167.54843423799582
2026-03-20,activation_price,17,128.28,416.0653807106598
2026-03-20,activation_price,18,129.65721,172.93534375
2026-03-20,activation_price,19,128.23,165.9943661971831
2026-03-20,activation_price,20,97.93032,167.82923433874706
2026-03-20,activation_price,21,103.0366,170.75276967930026
2026-03-20,activation_price,22,109.0715,171.89476347634763
2026-03-20,activation_price,23,103.002235,149.04954352441615
2026-03-21,day_ahead_price,0,83.37,142.39250175
2026-03-21,day_ahead_price,1,82.886246,138.34250275
2026-03-21,day_ahead_price,2,80.9975,136.08500275
2026-03-21,day_ahead_price,3,79.332504,132.05749875
2026-03-21,day_ahead_price,4,80.65625,131.18999475
2026-03-21,day_ahead_price,5,80.93,137.66000375
2026-03-21,day_ahead_price,6,85.57125,142.33250049999998
2026-03-21,day_ahead_price,7,96.785,139.66249825
2026-03-21,day_ahead_price,8,102.21,127.2649975
2026-03-21,day_ahead_price,9,101.2425,100.57749925
2026-03-21,day_ahead_price,10,97.665,76.47250100000001
2026-03-21,day_ahead_price,11,93.8025,45.89999975
2026-03-21,day_ahead_price,12,95.2825,23.48999975
2026-03-21,day_ahead_price,13,95.8025,24.27
2026-03-21,day_ahead_price,14,97.149994,62.92750074999999
2026-03-21,day_ahead_price,15,103.15875,89.99999825
2026-03-21,day_ahead_price,16,111.38125,115.664999
2026-03-21,day_ahead_price,17,120.72625,146.0249995
2026-03-21,day_ahead_price,18,115.54625,171.61750049999998
2026-03-21,day_ahead_price,19,104.76,163.10500324999998
2026-03-21,day_ahead_price,20,97.57875,141.82749950000002
2026-03-21,day_ahead_price,21,92.83625,126.875002
2026-03-21,day_ahead_price,22,90.8,120.24249825
2026-03-21,day_ahead_price,23,88.615005,108.0
2026-03-21,capacity_price,0,1.2,1.31
2026-03-21,capacity_price,1,0.67,0.4
2026-03-21,capacity_price,2,0.67,0.31
2026-03-21,capacity_price,3,1.2,0.31
2026-03-21,capacity_price,4,1.34,0.31
2026-03-21,capacity_price,5,3.35,1.31
2026-03-21,capacity_price,6,6.36,1.2
2026-03-21,capacity_price,7,7.625,1.2
2026-03-21,capacity_price,8,13.32,53.53
2026-03-21,capacity_price,9,13.38,53.53
2026-03-21,capacity_price,10,16.25,6.69
2026-03-21,capacity_price,11,13.25,1.31
2026-03-21,capacity_price,12,13.32,1.2
2026-03-21,capacity_price,13,10.29,1.31
2026-03-21,capacity_price,14,13.39,1.2
2026-03-21,capacity_price,15,24.9,6.69
2026-03-21,capacity_price,16,26.78,75.55
2026-03-21,capacity_price,17,45.989998,113.78
2026-03-21,capacity_price,18,45.32,51.92
2026-03-21,capacity_price,19,37.69,9.77
2026-03-21,capacity_price,20,26.78,9.77
2026-03-21,capacity_price,21,20.085,9.9
2026-03-21,capacity_price,22,7.77,4.0
2026-03-21,capacity_price,23,6.69,5.35
2026-03-21,activation_volume,0,14.305,5.029999999999999
2026-03-21,activation_volume,1,11.610001,23.979999999999997
2026-03-21,activation_volume,2,4.51,16.53
2026-03-21,activation_volume,3,3.47,4.16
2026-03-21,activation_volume,4,3.1,3.84
2026-03-21,activation_volume,5,9.62,4.99
2026-03-21,activation_volume,6,10.22,4.4399999999999995
2026-03-21,activation_volume,7,7.805,7.589999999999999
2026-03-21,activation_volume,8,12.434999,20.759999999999998
2026-03-21,activation_volume,9,10.36,37.05
2026-03-21,activation_volume,10,5.61,48.28
2026-03-21,activation_volume,11,2.68,47.65
2026-03-21,activation_volume,12,6.1949997,88.3
2026-03-21,activation_volume,13,10.405001,119.27000000000001
2026-03-21,activation_volume,14,12.4,10.45
2026-03-21,activation_volume,15,6.89,31.810000000000002
2026-03-21,activation_volume,16,7.1949997,7.910000000000001
2026-03-21,activation_volume,17,5.29,5.82
2026-03-21,activation_volume,18,2.255,2.73
2026-03-21,activation_volume,19,3.8899999,2.5
2026-03-21,activation_volume,20,1.78,2.69
2026-03-21,activation_volume,21,1.42,4.83
2026-03-21,activation_volume,22,2.73,2.17
2026-03-21,activation_volume,23,2.975,0.21
2026-03-21,activation_price,0,101.579926,121.28337972166999
2026-03-21,activation_price,1,84.61,142.8139866555463
2026-03-21,activation_price,2,82.05041,149.60886267392618
2026-03-21,activation_price,3,89.935616,129.24298076923077
2026-03-21,activation_price,4,91.93089,152.30981770833333
2026-03-21,activation_price,5,99.56726,140.41897795591183
2026-03-21,activation_price,6,127.04919,159.9552702702703
2026-03-21,activation_price,7,128.10565,212.91284584980238
2026-03-21,activation_price,8,125.298615,355.1886416184971
2026-03-21,activation_price,9,138.27686,262.4910310391363
2026-03-21,activation_price,10,121.52013,339.92990472245236
2026-03-21,activation_price,11,119.486115,106.94823294858342
2026-03-21,activation_price,12,111.35046,115.40316874292186
2026-03-21,activation_price,13,120.97,160.6314379139767
2026-03-21,activation_price,14,135.81503,125.52114832535884
2026-03-21,activation_price,15,142.43015,139.4725589437284
2026-03-21,activation_price,16,124.41454,153.31738305941843
2026-03-21,activation_price,17,113.06734,157.9718384879725
2026-03-21,activation_price,18,125.06289,163.87450549450548
2026-03-21,activation_price,19,137.10645,138.51956
2026-03-21,activation_price,20,111.230576,160.3181784386617
2026-03-21,activation_price,21,115.7719,174.0084265010352
2026-03-21,activation_price,22,119.84392,139.97027649769586
2026-03-21,activation_price,23,104.609,98.99
2026-03-22,day_ahead_price,0,84.96625,100.41250050000001
2026-03-22,day_ahead_price,1,86.165,95.75499925
2026-03-22,day_ahead_price,2,85.42,94.20249925
2026-03-22,day_ahead_price,3,83.130005,95.26
2026-03-22,day_ahead_price,4,82.93,98.59750174999999
2026-03-22,day_ahead_price,5,85.4975,101.66250025
2026-03-22,day_ahead_price,6,91.205,100.1049995
2026-03-22,day_ahead_price,7,98.835,84.710001
2026-03-22,day_ahead_price,8,103.6,41.3300005
2026-03-22,day_ahead_price,9,107.493744,8.2975
2026-03-22,day_ahead_price,10,105.08125,3.2874999999999996
2026-03-22,day_ahead_price,11,99.7675,0.7150000000000001
2026-03-22,day_ahead_price,12,97.0775,-0.0075
2026-03-22,day_ahead_price,13,98.98375,-0.01
2026-03-22,day_ahead_price,14,101.4675,0.0975
2026-03-22,day_ahead_price,15,105.03125,11.5124995
2026-03-22,day_ahead_price,16,112.9775,93.152499
2026-03-22,day_ahead_price,17,123.715,145.63500025
2026-03-22,day_ahead_price,18,119.6375,174.18999875
2026-03-22,day_ahead_price,19,111.425,173.38000125
2026-03-22,day_ahead_price,20,102.205,164.73000325
2026-03-22,day_ahead_price,21,97.011246,155.3700025
2026-03-22,day_ahead_price,22,94.3125,137.34
2026-03-22,day_ahead_price,23,89.6,133.72000125
2026-03-22,capacity_price,0,0.67,0.54
2026-03-22,capacity_price,1,0.67,0.67
2026-03-22,capacity_price,2,0.67,0.31
2026-03-22,capacity_price,3,1.2,0.4
2026-03-22,capacity_price,4,1.21,0.54
2026-03-22,capacity_price,5,2.6,0.67
2026-03-22,capacity_price,6,4.9700003,1.31
2026-03-22,capacity_price,7,6.34,1.31
2026-03-22,capacity_price,8,8.08,9.9
2026-03-22,capacity_price,9,13.26,5.35
2026-03-22,capacity_price,10,13.26,1.31
2026-03-22,capacity_price,11,13.25,0.67
2026-03-22,capacity_price,12,12.98,0.54
2026-03-22,capacity_price,13,11.635,0.54
2026-03-22,capacity_price,14,12.514999,0.67
2026-03-22,capacity_price,15,17.005001,4.68
2026-03-22,capacity_price,16,33.6,60.23
2026-03-22,capacity_price,17,43.25,100.47
2026-03-22,capacity_price,18,41.91,9.9
2026-03-22,capacity_price,19,43.075,6.69
2026-03-22,capacity_price,20,29.65,6.69
2026-03-22,capacity_price,21,18.075,6.69
2026-03-22,capacity_price,22,10.0,1.31
2026-03-22,capacity_price,23,6.02,0.67
2026-03-22,activation_volume,0,23.119999,5.16
2026-03-22,activation_volume,1,6.94,13.08
2026-03-22,activation_volume,2,5.12,1.3
2026-03-22,activation_volume,3,2.32,17.65
2026-03-22,activation_volume,4,3.83,3.67
2026-03-22,activation_volume,5,10.715,1.55
2026-03-22,activation_volume,6,7.56,31.55
2026-03-22,activation_volume,7,6.5550003,2.0300000000000002
2026-03-22,activation_volume,8,11.57,79.44
2026-03-22,activation_volume,9,6.77,15.280000000000001
2026-03-22,activation_volume,10,5.0950003,26.43
2026-03-22,activation_volume,11,2.865,34.07
2026-03-22,activation_volume,12,4.9,58.96
2026-03-22,activation_volume,13,7.81,127.94999999999999
2026-03-22,activation_volume,14,8.83,4.04
2026-03-22,activation_volume,15,4.52,10.83
2026-03-22,activation_volume,16,6.95,17.029999999999998
2026-03-22,activation_volume,17,3.1599998,11.43
2026-03-22,activation_volume,18,2.01,3.7800000000000002
2026-03-22,activation_volume,19,2.6,3.99
2026-03-22,activation_volume,20,0.445,1.6600000000000001
2026-03-22,activation_volume,21,1.89,2.34
2026-03-22,activation_volume,22,2.78,4.3
2026-03-22,activation_volume,23,2.975,8.65
2026-03-22,activation_price,0,102.6259,111.59281007751937
2026-03-22,activation_price,1,82.614365,133.18111620795108
2026-03-22,activation_price,2,90.06708,91.40923076923076
2026-03-22,activation_price,3,92.923775,112.28203399433428
2026-03-22,activation_price,4,99.424225,105.14623978201635
2026-03-22,activation_price,5,116.71557,74.27541935483872
2026-03-22,activation_price,6,138.691,1868.1539714738508
2026-03-22,activation_price,7,133.60712,1056.4542364532022
2026-03-22,activation_price,8,124.738495,162.76689451158106
2026-03-22,activation_price,9,129.17548,68.47329188481676
2026-03-22,activation_price,10,132.31885,72.61334090049186
2026-03-22,activation_price,11,121.870834,31.06022600528324
2026-03-22,activation_price,12,131.39438,60.63880427408412
2026-03-22,activation_price,13,121.45734,82.37994060179759
2026-03-22,activation_price,14,138.93411,12.758019801980199
2026-03-22,activation_price,15,131.50836,33.888421052631585
2026-03-22,activation_price,16,151.30927,120.15835584263066
2026-03-22,activation_price,17,122.06209,182.49437445319336
2026-03-22,activation_price,18,139.63818,165.8978835978836
2026-03-22,activation_price,19,117.70271,157.45984962406015
2026-03-22,activation_price,20,103.75665,114.88222891566264
2026-03-22,activation_price,21,103.0366,116.44111111111111
2026-03-22,activation_price,22,115.80357,126.96979069767443
2026-03-22,activation_price,23,116.69504,128.8266936416185
2026-03-23,day_ahead_price,0,83.505005,131.1349985
2026-03-23,day_ahead_price,1,83.22625,125.8999995
2026-03-23,day_ahead_price,2,82.25875,125.16
2026-03-23,day_ahead_price,3,82.33,128.58749975
2026-03-23,day_ahead_price,4,80.490005,129.9975015
2026-03-23,day_ahead_price,5,82.14,142.517498
2026-03-23,day_ahead_price,6,84.295,174.677498
2026-03-23,day_ahead_price,7,92.87625,186.1825025
2026-03-23,day_ahead_price,8,96.93125,147.60500125
2026-03-23,day_ahead_price,9,96.64751,108.00000399999999
2026-03-23,day_ahead_price,10,93.31,81.432502
2026-03-23,day_ahead_price,11,92.805,48.082499250000005
2026-03-23,day_ahead_price,12,92.103745,49.25500025
2026-03-23,day_ahead_price,13,92.0625,74.87499975
2026-03-23,day_ahead_price,14,94.0175,94.97999949999999
2026-03-23,day_ahead_price,15,99.685005,114.45250125
2026-03-23,day_ahead_price,16,108.74375,130.64000125
2026-03-23,day_ahead_price,17,116.1,172.58499899999998
2026-03-23,day_ahead_price,18,111.6125,257.5499955
2026-03-23,day_ahead_price,19,103.192505,240.90999975
2026-03-23,day_ahead_price,20,95.47375,199.38750075000002
2026-03-23,day_ahead_price,21,91.57,167.94249725
2026-03-23,day_ahead_price,22,89.997505,152.1375005
2026-03-23,day_ahead_price,23,85.8075,137.0024985
2026-03-23,capacity_price,0,0.67,0.31
2026-03-23,capacity_price,1,0.67,0.31
2026-03-23,capacity_price,2,0.67,0.31
2026-03-23,capacity_price,3,1.2,0.54
2026-03-23,capacity_price,4,1.2,0.67
2026-03-23,capacity_price,5,1.34,1.31
2026-03-23,capacity_price,6,5.62,1.2
2026-03-23,capacity_price,7,6.69,4.0
2026-03-23,capacity_price,8,6.69,113.78
2026-03-23,capacity_price,9,8.03,55.47
2026-03-23,capacity_price,10,10.0,10.0
2026-03-23,capacity_price,11,10.0,9.9
2026-03-23,capacity_price,12,6.9,9.9
2026-03-23,capacity_price,13,6.69,9.77
2026-03-23,capacity_price,14,8.57,31.73
2026-03-23,capacity_price,15,10.889999,72.75
2026-03-23,capacity_price,16,19.744999,108.24
2026-03-23,capacity_price,17,33.31,158.48
2026-03-23,capacity_price,18,30.53,180.03
2026-03-23,capacity_price,19,25.835,169.44
2026-03-23,capacity_price,20,19.744999,128.33
2026-03-23,capacity_price,21,13.26,87.0
2026-03-23,capacity_price,22,6.69,26.55
2026-03-23,capacity_price,23,3.93,5.35
2026-03-23,activation_volume,0,21.24,57.74
2026-03-23,activation_volume,1,13.165001,58.18
2026-03-23,activation_volume,2,4.4399996,12.39
2026-03-23,activation_volume,3,2.715,3.6399999999999997
2026-03-23,activation_volume,4,4.17,9.950000000000001
2026-03-23,activation_volume,5,8.9,8.81
2026-03-23,activation_volume,6,9.245001,8.24
2026-03-23,activation_volume,7,6.7,4.140000000000001
2026-03-23,activation_volume,8,13.059999,11.18
2026-03-23,activation_volume,9,7.0150003,11.71
2026-03-23,activation_volume,10,4.145,13.049999999999999
2026-03-23,activation_volume,11,2.435,0.04
2026-03-23,activation_volume,12,3.165,26.59
2026-03-23,activation_volume,13,9.0,66.87
2026-03-23,activation_volume,14,8.215,29.09
2026-03-23,activation_volume,15,4.935,3.43
2026-03-23,activation_volume,16,4.92,8.030000000000001
2026-03-23,activation_volume,17,2.18,35.62
2026-03-23,activation_volume,18,0.94,13.309999999999999
2026-03-23,activation_volume,19,3.275,10.549999999999999
2026-03-23,activation_volume,20,1.07,8.02
2026-03-23,activation_volume,21,1.42,5.27
2026-03-23,activation_volume,22,1.56,1.61
2026-03-23,activation_volume,23,3.26,1.8900000000000001
2026-03-23,activation_price,0,101.66286,167.06339799099413
2026-03-23,activation_price,1,89.01549,169.80201959436232
2026-03-23,activation_price,2,88.513,146.50602098466507
2026-03-23,activation_price,3,90.58693,124.36008241758243
2026-03-23,activation_price,4,95.61746,176.98061306532662
2026-03-23,activation_price,5,101.82462,163.67040862656071
2026-03-23,activation_price,6,119.0551,185.12013349514564
2026-03-23,activation_price,7,126.591385,204.07096618357488
2026-03-23,activation_price,8,124.036964,202.83565295169944
2026-03-23,activation_price,9,132.60756,438.73219470538
2026-03-23,activation_price,10,121.509384,91.56744827586206
2026-03-23,activation_price,11,118.87797,-60.58
2026-03-23,activation_price,12,110.21289,114.43885671305001
2026-03-23,activation_price,13,117.39111,144.39649469119186
2026-03-23,activation_price,14,126.23155,148.04195599862496
2026-03-23,activation_price,15,138.85338,118.98959183673469
2026-03-23,activation_price,16,118.80739,155.78869240348692
2026-03-23,activation_price,17,112.89128,311.56133913531727
2026-03-23,activation_price,18,122.91238,181.1228249436514
2026-03-23,activation_price,19,137.10645,236.58658767772513
2026-03-23,activation_price,20,107.722145,196.16150872817954
2026-03-23,activation_price,21,105.21135,173.97362428842507
2026-03-23,activation_price,22,115.80357,145.3491304347826
2026-03-23,activation_price,23,112.04,154.5002116402116
2026-03-24,day_ahead_price,0,83.85251,133.70500349999998
2026-03-24,day_ahead_price,1,83.95375,117.34499749999999
2026-03-24,day_ahead_price,2,80.478745,106.64000125
2026-03-24,day_ahead_price,3,78.15875,95.92500100000001
2026-03-24,day_ahead_price,4,75.1975,94.79750075
2026-03-24,day_ahead_price,5,75.97749,93.0825005
2026-03-24,day_ahead_price,6,80.402504,78.76750000000001
2026-03-24,day_ahead_price,7,93.115,103.8225005
2026-03-24,day_ahead_price,8,97.0625,97.45750050000001
2026-03-24,day_ahead_price,9,96.73,70.9050015
2026-03-24,day_ahead_price,10,93.619995,23.752499750000002
2026-03-24,day_ahead_price,11,91.265,5.359999999999999
2026-03-24,day_ahead_price,12,92.0025,3.6774999999999998
2026-03-24,day_ahead_price,13,93.77875,3.5225
2026-03-24,day_ahead_price,14,94.98125,3.5725
2026-03-24,day_ahead_price,15,100.63375,20.559999750000003
2026-03-24,day_ahead_price,16,111.77,77.43250075
2026-03-24,day_ahead_price,17,119.573746,112.83999825000001
2026-03-24,day_ahead_price,18,115.8175,126.0
2026-03-24,day_ahead_price,19,111.1575,135.579998
2026-03-24,day_ahead_price,20,100.786255,101.1000005
2026-03-24,day_ahead_price,21,94.130005,74.4975015
2026-03-24,day_ahead_price,22,94.2125,66.10249999999999
2026-03-24,day_ahead_price,23,90.2,22.09750025
2026-03-24,capacity_price,0,0.67,1.31
2026-03-24,capacity_price,1,0.67,0.4
2026-03-24,capacity_price,2,0.67,0.31
2026-03-24,capacity_price,3,0.67,0.31
2026-03-24,capacity_price,4,1.21,0.31
2026-03-24,capacity_price,5,1.735,1.2
2026-03-24,capacity_price,6,5.8199997,4.0
2026-03-24,capacity_price,7,6.69,20.08
2026-03-24,capacity_price,8,9.35,54.7
2026-03-24,capacity_price,9,13.385,17.0
2026-03-24,capacity_price,10,14.32,6.69
2026-03-24,capacity_price,11,12.395,1.31
2026-03-24,capacity_price,12,12.98,0.13
2026-03-24,capacity_price,13,11.635,0.13
2026-03-24,capacity_price,14,12.98,0.13
2026-03-24,capacity_price,15,17.54,1.34
2026-03-24,capacity_price,16,28.52,9.9
2026-03-24,capacity_price,17,38.09,95.0
2026-03-24,capacity_price,18,38.42,101.69
2026-03-24,capacity_price,19,37.59,33.46
2026-03-24,capacity_price,20,26.775002,4.0
2026-03-24,capacity_price,21,16.445,1.2
2026-03-24,capacity_price,22,6.7,0.31
2026-03-24,capacity_price,23,6.36,0.13
2026-03-24,activation_volume,0,15.32,18.97
2026-03-24,activation_volume,1,13.165001,19.53
2026-03-24,activation_volume,2,4.45,1.08
2026-03-24,activation_volume,3,3.0949998,2.0500000000000003
2026-03-24,activation_volume,4,3.83,30.28
2026-03-24,activation_volume,5,11.594999,10.77
2026-03-24,activation_volume,6,7.56,11.979999999999999
2026-03-24,activation_volume,7,6.63,2.71
2026-03-24,activation_volume,8,15.735001,12.83
2026-03-24,activation_volume,9,10.610001,1.84
2026-03-24,activation_volume,10,5.08,0.4
2026-03-24,activation_volume,11,4.36,12.169999999999998
2026-03-24,activation_volume,12,5.295,0.0
2026-03-24,activation_volume,13,8.02,11.83
2026-03-24,activation_volume,14,9.445,132.05
2026-03-24,activation_volume,15,6.81,26.18
2026-03-24,activation_volume,16,7.1949997,64.19
2026-03-24,activation_volume,17,3.1100001,12.9
2026-03-24,activation_volume,18,1.76,0.0
2026-03-24,activation_volume,19,2.63,0.08
2026-03-24,activation_volume,20,0.605,0.0
2026-03-24,activation_volume,21,1.475,0.0
2026-03-24,activation_volume,22,2.84,0.0
2026-03-24,activation_volume,23,3.135,0.13
2026-03-24,activation_price,0,100.77289,183.9592409066948
2026-03-24,activation_price,1,93.29907,127.53686123911929
2026-03-24,activation_price,2,93.05203,126.9188888888889
2026-03-24,activation_price,3,81.0452,91.31424390243902
2026-03-24,activation_price,4,86.23711,120.64773117569352
2026-03-24,activation_price,5,110.10173,109.00384401114205
2026-03-24,activation_price,6,130.56514,144.03565943238732
2026-03-24,activation_price,7,124.912766,107.82166051660515
2026-03-24,activation_price,8,125.298615,141.9800311769291
2026-03-24,activation_price,9,132.99103,45.81695652173912
2026-03-24,activation_price,10,117.09864,11.56
2026-03-24,activation_price,11,120.48829,24.9852013147083
2026-03-24,activation_price,12,117.65745,
2026-03-24,activation_price,13,121.45734,10.772358410819951
2026-03-24,activation_price,14,131.00214,61.56104960242332
2026-03-24,activation_price,15,136.7824,65.78637509549274
2026-03-24,activation_price,16,130.49323,263.4822371085839
2026-03-24,activation_price,17,118.99206,432.10406976744184
2026-03-24,activation_price,18,131.8375,
2026-03-24,activation_price,19,114.98294,634.21
2026-03-24,activation_price,20,104.93225,
2026-03-24,activation_price,21,103.0366,
2026-03-24,activation_price,22,109.09711,
2026-03-24,activation_price,23,102.67081,13.353846153846153
2026-03-25,day_ahead_price,0,83.85251,1.81
2026-03-25,day_ahead_price,1,83.515,0.36750000000000005
2026-03-25,day_ahead_price,2,84.5225,-0.0025
2026-03-25,day_ahead_price,3,82.4725,-0.0075
2026-03-25,day_ahead_price,4,80.53,0.0
2026-03-25,day_ahead_price,5,82.2,0.5175
2026-03-25,day_ahead_price,6,84.295,3.6625
2026-03-25,day_ahead_price,7,93.380005,10.19
2026-03-25,day_ahead_price,8,96.207504,9.482500000000002
2026-03-25,day_ahead_price,9,100.25,9.44
2026-03-25,day_ahead_price,10,97.665,6.4399999999999995
2026-03-25,day_ahead_price,11,92.42375,2.9425000000000003
2026-03-25,day_ahead_price,12,91.958755,2.2225
2026-03-25,day_ahead_price,13,93.43,2.0175
2026-03-25,day_ahead_price,14,95.91374,2.6550000000000002
2026-03-25,day_ahead_price,15,98.2825,5.0975
2026-03-25,day_ahead_price,16,102.95125,36.287499
2026-03-25,day_ahead_price,17,115.333755,59.97750025
2026-03-25,day_ahead_price,18,112.03625,93.59499925
2026-03-25,day_ahead_price,19,103.3275,76.0975
2026-03-25,day_ahead_price,20,96.37875,64.84
2026-03-25,day_ahead_price,21,91.4075,44.57999975
2026-03-25,day_ahead_price,22,88.1875,48.120001
2026-03-25,day_ahead_price,23,83.88,33.71250075
2026-03-25,capacity_price,0,0.67,0.13
2026-03-25,capacity_price,1,0.67,0.1
2026-03-25,capacity_price,2,0.67,0.1
2026-03-25,capacity_price,3,0.7,0.1
2026-03-25,capacity_price,4,1.21,0.13
2026-03-25,capacity_price,5,1.2750001,0.31
2026-03-25,capacity_price,6,6.02,0.31
2026-03-25,capacity_price,7,6.5150003,0.31
2026-03-25,capacity_price,8,7.08,6.69
2026-03-25,capacity_price,9,13.38,0.67
2026-03-25,capacity_price,10,13.32,0.67
2026-03-25,capacity_price,11,10.0,1.31
2026-03-25,capacity_price,12,10.0,1.34
2026-03-25,capacity_price,13,10.0,3.35
2026-03-25,capacity_price,14,10.0,3.35
2026-03-25,capacity_price,15,10.889999,2.68
2026-03-25,capacity_price,16,19.744999,6.84
2026-03-25,capacity_price,17,32.185,56.85
2026-03-25,capacity_price,18,29.385,33.46
2026-03-25,capacity_price,19,24.9,9.77
2026-03-25,capacity_price,20,20.425,9.77
2026-03-25,capacity_price,21,13.39,9.64
2026-03-25,capacity_price,22,6.7,1.2
2026-03-25,capacity_price,23,3.88,0.31
2026-03-25,activation_volume,0,21.724998,56.629999999999995
2026-03-25,activation_volume,1,15.77,8.85
2026-03-25,activation_volume,2,5.96,1.5699999999999998
2026-03-25,activation_volume,3,3.8049998,0.0
2026-03-25,activation_volume,4,4.45,0.0
2026-03-25,activation_volume,5,11.74,59.57
2026-03-25,activation_volume,6,16.145,15.76
2026-03-25,activation_volume,7,6.3450003,23.720000000000002
2026-03-25,activation_volume,8,12.01,73.81
2026-03-25,activation_volume,9,7.65,170.58
2026-03-25,activation_volume,10,6.49,38.82
2026-03-25,activation_volume,11,2.62,15.89
2026-03-25,activation_volume,12,6.96,73.2
2026-03-25,activation_volume,13,9.59,80.27000000000001
2026-03-25,activation_volume,14,8.065001,20.85
2026-03-25,activation_volume,15,4.71,20.02
2026-03-25,activation_volume,16,7.9849997,18.75
2026-03-25,activation_volume,17,2.87,1.43
2026-03-25,activation_volume,18,1.485,0.0
2026-03-25,activation_volume,19,1.31,0.0
2026-03-25,activation_volume,20,0.2,2.41
2026-03-25,activation_volume,21,0.65999997,14.309999999999999
2026-03-25,activation_volume,22,2.11,0.0
2026-03-25,activation_volume,23,2.24,0.23
2026-03-25,activation_price,0,102.17169,424.57041144269823
2026-03-25,activation_price,1,90.64514,32.797604519774005
2026-03-25,activation_price,2,88.14,9.91095541401274
2026-03-25,activation_price,3,89.935616,
2026-03-25,activation_price,4,96.45354,
2026-03-25,activation_price,5,103.908554,61.5880476750042
2026-03-25,activation_price,6,138.15036,70.91815355329949
2026-03-25,activation_price,7,151.52538,110.50869308600338
2026-03-25,activation_price,8,119.98677,92.4906828343043
2026-03-25,activation_price,9,128.15756,81.64729921444483
2026-03-25,activation_price,10,124.88577,65.22560020607933
2026-03-25,activation_price,11,123.39369,24.733952171176842
2026-03-25,activation_price,12,116.96172,74.74947950819671
2026-03-25,activation_price,13,117.44757,67.39923134421326
2026-03-25,activation_price,14,126.06,27.439429256594725
2026-03-25,activation_price,15,132.48918,32.745199800199806
2026-03-25,activation_price,16,124.486565,52.06890133333332
2026-03-25,activation_price,17,118.99206,52.46720279720281
2026-03-25,activation_price,18,135.5898,
2026-03-25,activation_price,19,114.98294,
2026-03-25,activation_price,20,101.067764,130.63
2026-03-25,activation_price,21,109.920074,140.45444444444448
2026-03-25,activation_price,22,111.969986,
2026-03-25,activation_price,23,101.673874,0.0
2026-03-26,day_ahead_price,0,87.55,43.880000249999995
2026-03-26,day_ahead_price,1,84.72,48.234999
2026-03-26,day_ahead_price,2,85.04375,45.8050015
2026-03-26,day_ahead_price,3,83.7375,39.97500025
2026-03-26,day_ahead_price,4,82.5575,45.47000025
2026-03-26,day_ahead_price,5,83.4075,44.765
2026-03-26,day_ahead_price,6,85.96625,81.4175015
2026-03-26,day_ahead_price,7,96.115005,99.45750050000001
2026-03-26,day_ahead_price,8,99.40875,82.1899985
2026-03-26,day_ahead_price,9,103.1025,33.200000249999995
2026-03-26,day_ahead_price,10,100.95125,40.36000075
2026-03-26,day_ahead_price,11,96.48125,13.74
2026-03-26,day_ahead_price,12,93.5375,4.8
2026-03-26,day_ahead_price,13,93.56375,4.5475
2026-03-26,day_ahead_price,14,97.09625,7.9799999999999995
2026-03-26,day_ahead_price,15,100.0,37.4350005
2026-03-26,day_ahead_price,16,104.697495,75.817499
2026-03-26,day_ahead_price,17,118.425,115.91999825
2026-03-26,day_ahead_price,18,115.275,144.255001
2026-03-26,day_ahead_price,19,106.2075,145.45249925000002
2026-03-26,day_ahead_price,20,99.875,133.20499800000002
2026-03-26,day_ahead_price,21,94.665,126.1000025
2026-03-26,day_ahead_price,22,91.7175,124.37250125
2026-03-26,day_ahead_price,23,88.935,115.02499974999999
2026-03-26,capacity_price,0,0.67,0.31
2026-03-26,capacity_price,1,0.67,0.31
2026-03-26,capacity_price,2,0.67,0.27
2026-03-26,capacity_price,3,0.885,0.27
2026-03-26,capacity_price,4,1.21,0.31
2026-03-26,capacity_price,5,1.2750001,0.67
2026-03-26,capacity_price,6,5.62,1.2
2026-03-26,capacity_price,7,6.02,1.2
2026-03-26,capacity_price,8,6.7,9.9
2026-03-26,capacity_price,9,8.7,10.71
2026-03-26,capacity_price,10,13.26,1.31
2026-03-26,capacity_price,11,10.0,1.31
2026-03-26,capacity_price,12,10.0,0.67
2026-03-26,capacity_price,13,9.764999,0.43
2026-03-26,capacity_price,14,10.77,1.2
2026-03-26,capacity_price,15,10.889999,3.35
2026-03-26,capacity_price,16,21.5,36.35
2026-03-26,capacity_price,17,36.68,106.4
2026-03-26,capacity_price,18,38.35,72.28
2026-03-26,capacity_price,19,35.61,33.46
2026-03-26,capacity_price,20,24.18,9.64
2026-03-26,capacity_price,21,13.26,5.35
2026-03-26,capacity_price,22,6.69,1.2
2026-03-26,capacity_price,23,3.74,0.31
2026-03-26,activation_volume,0,17.605,13.08
2026-03-26,activation_volume,1,14.8,2.8200000000000003
2026-03-26,activation_volume,2,3.87,0.0
2026-03-26,activation_volume,3,1.55,0.45
2026-03-26,activation_volume,4,4.37,0.6
2026-03-26,activation_volume,5,9.684999,24.81
2026-03-26,activation_volume,6,6.55,9.65
2026-03-26,activation_volume,7,6.17,0.0
2026-03-26,activation_volume,8,12.07,0.88
2026-03-26,activation_volume,9,7.65,0.0
2026-03-26,activation_volume,10,5.4449997,0.94
2026-03-26,activation_volume,11,2.62,0.0
2026-03-26,activation_volume,12,3.3,0.49
2026-03-26,activation_volume,13,7.415,0.0
2026-03-26,activation_volume,14,8.215,0.61
2026-03-26,activation_volume,15,5.23,10.100000000000001
2026-03-26,activation_volume,16,5.26,7.429999999999999
2026-03-26,activation_volume,17,3.7,25.080000000000002
2026-03-26,activation_volume,18,1.855,0.0
2026-03-26,activation_volume,19,2.58,0.0
2026-03-26,activation_volume,20,0.38,3.41
2026-03-26,activation_volume,21,0.995,0.63
2026-03-26,activation_volume,22,3.0549998,2.09
2026-03-26,activation_volume,23,3.26,3.84
2026-03-26,activation_price,0,109.56889,109.21936544342506
2026-03-26,activation_price,1,96.43237,41.35223404255319
2026-03-26,activation_price,2,90.764435,
2026-03-26,activation_price,3,90.95087,38.62
2026-03-26,activation_price,4,94.75255,54.77
2026-03-26,activation_price,5,107.1061,106.1795203546957
2026-03-26,activation_price,6,119.0551,133.5242487046632
2026-03-26,activation_price,7,124.912766,
2026-03-26,activation_price,8,139.32121,89.2440909090909
2026-03-26,activation_price,9,140.54149,
2026-03-26,activation_price,10,129.99283,38.434999999999995
2026-03-26,activation_price,11,122.405174,
2026-03-26,activation_price,12,116.266,35.960204081632654
2026-03-26,activation_price,13,117.44757,
2026-03-26,activation_price,14,134.53804,83.85
2026-03-26,activation_price,15,138.67648,106.21806930693067
2026-03-26,activation_price,16,124.486565,119.75816958277257
2026-03-26,activation_price,17,138.03743,231.84066188197764
2026-03-26,activation_price,18,139.0328,
2026-03-26,activation_price,19,114.74543,
2026-03-26,activation_price,20,109.964195,161.8822287390029
2026-03-26,activation_price,21,111.55772,99.25
2026-03-26,activation_price,22,109.084305,113.36775119617225
2026-03-26,activation_price,23,112.84682,116.88080729166666
2026-03-27,day_ahead_price,0,87.0175,119.39249975
2026-03-27,day_ahead_price,1,86.165,119.50000225
2026-03-27,day_ahead_price,2,84.77,117.3425005
2026-03-27,day_ahead_price,3,82.5225,117.8324985
2026-03-27,day_ahead_price,4,82.93,120.24750125000001
2026-03-27,day_ahead_price,5,83.50875,136.4625015
2026-03-27,day_ahead_price,6,89.6025,172.53249749999998
2026-03-27,day_ahead_price,7,97.19125,176.39749925
2026-03-27,day_ahead_price,8,102.50125,147.55750075
2026-03-27,day_ahead_price,9,102.98125,114.0025005
2026-03-27,day_ahead_price,10,101.8425,87.25999825000001
2026-03-27,day_ahead_price,11,97.8625,72.8099995
2026-03-27,day_ahead_price,12,95.22125,63.319998749999996
2026-03-27,day_ahead_price,13,94.8675,59.5999995
2026-03-27,day_ahead_price,14,98.02,74.07500175
2026-03-27,day_ahead_price,15,100.87,92.32250049999999
2026-03-27,day_ahead_price,16,107.49125,102.89499850000001
2026-03-27,day_ahead_price,17,118.11625,128.397501
2026-03-27,day_ahead_price,18,115.637505,143.00249474999998
2026-03-27,day_ahead_price,19,105.4925,133.375002
2026-03-27,day_ahead_price,20,97.8375,120.65750125
2026-03-27,day_ahead_price,21,92.75,118.67499925
2026-03-27,day_ahead_price,22,91.4325,116.00000175000001
2026-03-27,day_ahead_price,23,86.182495,105.24749925
2026-03-27,capacity_price,0,0.67,0.31
2026-03-27,capacity_price,1,0.67,0.31
2026-03-27,capacity_price,2,0.67,0.31
2026-03-27,capacity_price,3,0.885,0.31
2026-03-27,capacity_price,4,1.205,0.67
2026-03-27,capacity_price,5,1.34,2.0
2026-03-27,capacity_price,6,3.35,6.69
2026-03-27,capacity_price,7,6.5150003,53.54
2026-03-27,capacity_price,8,6.7,107.23
2026-03-27,capacity_price,9,10.0,33.59
2026-03-27,capacity_price,10,10.0,24.89
2026-03-27,capacity_price,11,7.4449997,9.77
2026-03-27,capacity_price,12,6.69,6.69
2026-03-27,capacity_price,13,6.69,5.35
2026-03-27,capacity_price,14,7.63,9.1
2026-03-27,capacity_price,15,13.33,24.89
2026-03-27,capacity_price,16,20.42,104.37
2026-03-27,capacity_price,17,45.385,127.14
2026-03-27,capacity_price,18,40.975,100.37
2026-03-27,capacity_price,19,38.125,60.76
2026-03-27,capacity_price,20,23.029999,9.9
2026-03-27,capacity_price,21,13.39,9.64
2026-03-27,capacity_price,22,6.6949997,6.69
2026-03-27,capacity_price,23,1.97,6.69
2026-03-27,activation_volume,0,24.145,42.48
2026-03-27,activation_volume,1,13.31,15.36
2026-03-27,activation_volume,2,4.47,13.38
2026-03-27,activation_volume,3,3.46,12.94
2026-03-27,activation_volume,4,5.5299997,0.35
2026-03-27,activation_volume,5,11.924999,4.33
2026-03-27,activation_volume,6,8.185,0.9299999999999999
2026-03-27,activation_volume,7,6.3450003,4.32
2026-03-27,activation_volume,8,12.36,1.8499999999999999
2026-03-27,activation_volume,9,7.285,0.79
2026-03-27,activation_volume,10,4.78,0.05
2026-03-27,activation_volume,11,3.34,18.6
2026-03-27,activation_volume,12,3.24,0.47
2026-03-27,activation_volume,13,7.415,1.3
2026-03-27,activation_volume,14,7.495,0.08
2026-03-27,activation_volume,15,4.2,1.01
2026-03-27,activation_volume,16,6.2799997,12.43
2026-03-27,activation_volume,17,1.95,34.739999999999995
2026-03-27,activation_volume,18,1.4,0.18
2026-03-27,activation_volume,19,2.39,0.0
2026-03-27,activation_volume,20,0.41,0.0
2026-03-27,activation_volume,21,1.44,0.0
2026-03-27,activation_volume,22,1.57,0.0
2026-03-27,activation_volume,23,2.39,0.0
2026-03-27,activation_price,0,109.63101,365.26699387947275
2026-03-27,activation_price,1,93.51735,136.93903645833333
2026-03-27,activation_price,2,89.63872,123.50670403587442
2026-03-27,activation_price,3,91.7039,133.71187017001546
2026-03-27,activation_price,4,100.509155,48.37400000000001
2026-03-27,activation_price,5,98.258896,143.40062355658196
2026-03-27,activation_price,6,116.49064,127.412688172043
2026-03-27,activation_price,7,123.3985,129.98893518518517
2026-03-27,activation_price,8,130.69579,105.25064864864865
2026-03-27,activation_price,9,138.32956,113.52
2026-03-27,activation_price,10,124.22659,82.85
2026-03-27,activation_price,11,118.244644,142.47512903225805
2026-03-27,activation_price,12,109.85147,16.35
2026-03-27,activation_price,13,115.20529,71.78
2026-03-27,activation_price,14,126.403114,70.3
2026-03-27,activation_price,15,128.7957,95.74009900990099
2026-03-27,activation_price,16,139.54973,153.52375703942076
2026-03-27,activation_price,17,123.0754,149.395103626943
2026-03-27,activation_price,18,130.17,74.06
2026-03-27,activation_price,19,125.4563,
2026-03-27,activation_price,20,112.49696,
2026-03-27,activation_price,21,115.75062,
2026-03-27,activation_price,22,106.05446,
2026-03-27,activation_price,23,110.63704,
2026-03-28,day_ahead_price,0,84.33125,92.36999875
2026-03-28,day_ahead_price,1,84.182495,92.66500074999999
2026-03-28,day_ahead_price,2,84.61375,89.54749849999999
2026-03-28,day_ahead_price,3,81.9525,87.262499
2026-03-28,day_ahead_price,4,80.7825,88.11750025
2026-03-28,day_ahead_price,5,83.285,88.54750075000001
2026-03-28,day_ahead_price,6,85.6875,86.77750025
2026-03-28,day_ahead_price,7,95.801254,79.1850015
2026-03-28,day_ahead_price,8,102.21,68.29999925
2026-03-28,day_ahead_price,9,103.6425,44.9075005
2026-03-28,day_ahead_price,10,101.380005,17.5825
2026-03-28,day_ahead_price,11,94.86,7.6475
2026-03-28,day_ahead_price,12,92.292496,6.6975
2026-03-28,day_ahead_price,13,93.155,7.8475
2026-03-28,day_ahead_price,14,94.98125,20.475
2026-03-28,day_ahead_price,15,99.83875,54.24250025
2026-03-28,day_ahead_price,16,106.384995,81.05000125
2026-03-28,day_ahead_price,17,117.65,105.52000025000001
2026-03-28,day_ahead_price,18,115.275,129.52499949999998
2026-03-28,day_ahead_price,19,104.801254,154.06999975000002
2026-03-28,day_ahead_price,20,97.685,143.949995
2026-03-28,day_ahead_price,21,92.8725,131.58999824999998
2026-03-28,day_ahead_price,22,89.43625,125.33000175
2026-03-28,day_ahead_price,23,86.838745,119.57999975000001
2026-03-28,capacity_price,0,0.67,0.67
2026-03-28,capacity_price,1,0.67,0.31
2026-03-28,capacity_price,2,0.67,0.31
2026-03-28,capacity_price,3,1.07,0.31
2026-03-28,capacity_price,4,1.21,0.31
2026-03-28,capacity_price,5,1.21,0.54
2026-03-28,capacity_price,6,4.32,0.67
2026-03-28,capacity_price,7,6.02,0.67
2026-03-28,capacity_price,8,6.69,6.69
2026-03-28,capacity_price,9,10.0,1.31
2026-03-28,capacity_price,10,11.63,1.2
2026-03-28,capacity_price,11,10.0,0.67
2026-03-28,capacity_price,12,9.684999,0.54
2026-03-28,capacity_price,13,9.45,0.54
2026-03-28,capacity_price,14,10.0,0.54
2026-03-28,capacity_price,15,12.549999,6.69
2026-03-28,capacity_price,16,20.42,32.12
2026-03-28,capacity_price,17,35.62,104.45
2026-03-28,capacity_price,18,38.964996,51.92
2026-03-28,capacity_price,19,26.77,6.69
2026-03-28,capacity_price,20,20.09,9.64
2026-03-28,capacity_price,21,13.39,6.69
2026-03-28,capacity_price,22,8.03,1.2
2026-03-28,capacity_price,23,3.835,1.31
2026-03-28,activation_volume,0,18.14,13.669999999999998
2026-03-28,activation_volume,1,16.375,9.91
2026-03-28,activation_volume,2,5.91,4.94
2026-03-28,activation_volume,3,2.58,15.149999999999999
2026-03-28,activation_volume,4,2.92,2.62
2026-03-28,activation_volume,5,10.07,1.4100000000000001
2026-03-28,activation_volume,6,9.245001,1.33
2026-03-28,activation_volume,7,7.17,1.07
2026-03-28,activation_volume,8,13.055,14.370000000000001
2026-03-28,activation_volume,9,7.75,2.55
2026-03-28,activation_volume,10,6.555,43.55
2026-03-28,activation_volume,11,4.55,22.19
2026-03-28,activation_volume,12,4.625,1.35
2026-03-28,activation_volume,13,8.52,40.98
2026-03-28,activation_volume,14,6.38,80.91
2026-03-28,activation_volume,15,5.23,33.61
2026-03-28,activation_volume,16,6.76,9.2
2026-03-28,activation_volume,17,2.0149999,34.29
2026-03-28,activation_volume,18,1.21,15.499999999999998
2026-03-28,activation_volume,19,1.31,7.959999999999999
2026-03-28,activation_volume,20,0.91,1.72
2026-03-28,activation_volume,21,1.37,3.8099999999999996
2026-03-28,activation_volume,22,2.78,1.75
2026-03-28,activation_volume,23,2.78,3.56
2026-03-28,activation_price,0,101.41382,143.52003657644477
2026-03-28,activation_price,1,93.51735,124.08756811301714
2026-03-28,activation_price,2,88.20311,99.71004048582995
2026-03-28,activation_price,3,89.935616,130.01860726072607
2026-03-28,activation_price,4,84.14186,130.07362595419846
2026-03-28,activation_price,5,101.82462,93.25560283687943
2026-03-28,activation_price,6,140.12291,103.8554887218045
2026-03-28,activation_price,7,144.47768,57.19588785046729
2026-03-28,activation_price,8,137.62372,130.05537926235212
2026-03-28,activation_price,9,140.74513,53.214
2026-03-28,activation_price,10,134.85086,75.09085419058555
2026-03-28,activation_price,11,120.48829,70.2330599369085
2026-03-28,activation_price,12,118.65546,14.774
2026-03-28,activation_price,13,115.66364,93.58679355783309
2026-03-28,activation_price,14,126.23155,115.9969991348412
2026-03-28,activation_price,15,129.132,113.27743528711693
2026-03-28,activation_price,16,139.54973,136.70239130434783
2026-03-28,activation_price,17,115.23455,166.4975357247011
2026-03-28,activation_price,18,127.61644,184.57989677419357
2026-03-28,activation_price,19,120.87897,185.5241959798995
2026-03-28,activation_price,20,122.21921,171.53697674418606
2026-03-28,activation_price,21,105.68849,155.8642257217848
2026-03-28,activation_price,22,115.80357,171.27651428571428
2026-03-28,activation_price,23,103.002235,124.78775280898877
2026-03-29,day_ahead_price,0,88.776245,114.55999925
2026-03-29,day_ahead_price,1,87.9825,107.69750199999999
2026-03-29,day_ahead_price,2,85.042496,101.165001
2026-03-29,day_ahead_price,3,84.642494,105.2250005
2026-03-29,day_ahead_price,4,82.93,104.6049995
2026-03-29,day_ahead_price,5,85.055,109.755001
2026-03-29,day_ahead_price,6,90.104996,115.02999874999999
2026-03-29,day_ahead_price,7,97.19125,114.83749949999999
2026-03-29,day_ahead_price,8,102.21,94.39749925000001
2026-03-29,day_ahead_price,9,102.3825,74.80750175
2026-03-29,day_ahead_price,10,100.95125,44.69749975
2026-03-29,day_ahead_price,11,98.0125,10.01
2026-03-29,day_ahead_price,12,95.2825,2.2625
2026-03-29,day_ahead_price,13,95.62625,0.042499999999999996
2026-03-29,day_ahead_price,14,98.02,0.025
2026-03-29,day_ahead_price,15,102.135,0.8949999999999999
2026-03-29,day_ahead_price,16,108.9875,32.7524995
2026-03-29,day_ahead_price,17,117.9375,70.3049995
2026-03-29,day_ahead_price,18,115.0625,93.0524995
2026-03-29,day_ahead_price,19,105.4925,86.37499799999999
2026-03-29,day_ahead_price,20,100.9125,68.4825
2026-03-29,day_ahead_price,21,93.39375,60.997499250000004
2026-03-29,day_ahead_price,22,94.11,25.6349995
2026-03-29,day_ahead_price,23,89.6,25.6349995
2026-03-29,capacity_price,0,0.67,1.2
2026-03-29,capacity_price,1,0.67,1.2
2026-03-29,capacity_price,2,0.67,0.31
2026-03-29,capacity_price,3,0.67,0.31
2026-03-29,capacity_price,4,1.21,0.35
2026-03-29,capacity_price,5,3.0,1.2
2026-03-29,capacity_price,6,3.35,4.0
2026-03-29,capacity_price,7,6.02,68.32
2026-03-29,capacity_price,8,6.69,41.73
2026-03-29,capacity_price,9,8.0,6.69
2026-03-29,capacity_price,10,10.0,2.96
2026-03-29,capacity_price,11,7.36,0.4
2026-03-29,capacity_price,12,6.69,0.13
2026-03-29,capacity_price,13,6.69,0.13
2026-03-29,capacity_price,14,10.0,0.13
2026-03-29,capacity_price,15,13.33,0.54
2026-03-29,capacity_price,16,21.5,20.59
2026-03-29,capacity_price,17,43.51,22.75
2026-03-29,capacity_price,18,38.42,9.64
2026-03-29,capacity_price,19,35.41,3.35
2026-03-29,capacity_price,20,24.92,1.2
2026-03-29,capacity_price,21,13.26,0.54
2026-03-29,capacity_price,22,6.69,0.13
2026-03-29,capacity_price,23,1.34,0.13
2026-03-29,activation_volume,0,19.58,13.379999999999999
2026-03-29,activation_volume,1,17.67,8.13
2026-03-29,activation_volume,2,4.39,37.040000000000006
2026-03-29,activation_volume,3,2.585,22.689999999999998
2026-03-29,activation_volume,4,4.9,9.12
2026-03-29,activation_volume,5,6.26,8.57
2026-03-29,activation_volume,6,7.0,8.27
2026-03-29,activation_volume,7,4.335,2.67
2026-03-29,activation_volume,8,11.02,50.379999999999995
2026-03-29,activation_volume,9,8.74,6.17
2026-03-29,activation_volume,10,4.6,34.65
2026-03-29,activation_volume,11,3.175,7.48
2026-03-29,activation_volume,12,4.03,3.17
2026-03-29,activation_volume,13,7.1800003,0.56
2026-03-29,activation_volume,14,6.8,92.89
2026-03-29,activation_volume,15,5.23,70.18
2026-03-29,activation_volume,16,6.855,57.959999999999994
2026-03-29,activation_volume,17,4.995,15.44
2026-03-29,activation_volume,18,1.915,0.01
2026-03-29,activation_volume,19,3.8899999,2.68
2026-03-29,activation_volume,20,1.78,2.4499999999999997
2026-03-29,activation_volume,21,0.64,1.9
2026-03-29,activation_volume,22,3.24,0.7200000000000001
2026-03-29,activation_volume,23,2.47,0.7200000000000001
2026-03-29,activation_price,0,109.56889,112.49189835575486
2026-03-29,activation_price,1,99.20273,105.54563345633456
2026-03-29,activation_price,2,97.76313,130.81833693304534
2026-03-29,activation_price,3,95.8,111.58249889819307
2026-03-29,activation_price,4,100.943245,60.978804824561415
2026-03-29,activation_price,5,106.209625,105.6290781796966
2026-03-29,activation_price,6,116.49064,125.7430108827086
2026-03-29,activation_price,7,119.56801,133.78325842696628
2026-03-29,activation_price,8,127.02731,142.7230786026201
2026-03-29,activation_price,9,140.84406,105.24646677471638
2026-03-29,activation_price,10,122.27157,103.57925541125542
2026-03-29,activation_price,11,121.870834,26.71322192513369
2026-03-29,activation_price,12,114.45836,38.1
2026-03-29,activation_price,13,114.06685,10.46
2026-03-29,activation_price,14,128.81204,46.83672946495856
2026-03-29,activation_price,15,129.132,59.84325876318039
2026-03-29,activation_price,16,142.909,97.57022946859905
2026-03-29,activation_price,17,134.00087,116.13374352331607
2026-03-29,activation_price,18,129.9136,36.12
2026-03-29,activation_price,19,122.53419,134.46
2026-03-29,activation_price,20,112.49696,131.07040816326528
2026-03-29,activation_price,21,115.7719,84.70657894736843
2026-03-29,activation_price,22,113.04822,18.51722222222222
2026-03-29,activation_price,23,106.83101,18.51722222222222
2026-03-30,day_ahead_price,0,85.5625,9.1975
2026-03-30,day_ahead_price,1,84.597496,3.555
2026-03-30,day_ahead_price,2,84.899994,5.02
2026-03-30,day_ahead_price,3,82.5225,3.8249999999999997
2026-03-30,day_ahead_price,4,82.213745,4.3575
2026-03-30,day_ahead_price,5,83.2675,18.42249975
2026-03-30,day_ahead_price,6,85.96625,64.82499974999999
2026-03-30,day_ahead_price,7,96.28,90.3125
2026-03-30,day_ahead_price,8,101.62125,109.22250149999999
2026-03-30,day_ahead_price,9,102.62125,96.83749949999999
2026-03-30,day_ahead_price,10,99.17125,73.847499
2026-03-30,day_ahead_price,11,93.957504,45.997499000000005
2026-03-30,day_ahead_price,12,94.65375,23.587500249999998
2026-03-30,day_ahead_price,13,94.402504,11.99999975
2026-03-30,day_ahead_price,14,97.1125,8.705
2026-03-30,day_ahead_price,15,100.43125,12.9375
2026-03-30,day_ahead_price,16,107.49125,35.1449995
2026-03-30,day_ahead_price,17,117.65,74.7075005
2026-03-30,day_ahead_price,18,114.94,100.27750025
2026-03-30,day_ahead_price,19,101.57,119.99249875
2026-03-30,day_ahead_price,20,92.86125,121.72750099999999
2026-03-30,day_ahead_price,21,91.17875,107.4225005
2026-03-30,day_ahead_price,22,88.53125,107.75750174999999
2026-03-30,day_ahead_price,23,86.838745,108.8199995
2026-03-30,capacity_price,0,0.67,0.13
2026-03-30,capacity_price,1,0.67,0.07
2026-03-30,capacity_price,2,0.67,0.07
2026-03-30,capacity_price,3,0.67,0.1
2026-03-30,capacity_price,4,1.21,0.31
2026-03-30,capacity_price,5,2.05,0.54
2026-03-30,capacity_price,6,2.6999998,0.54
2026-03-30,capacity_price,7,6.02,1.2
2026-03-30,capacity_price,8,6.6949997,59.96
2026-03-30,capacity_price,9,10.08,44.43
2026-03-30,capacity_price,10,10.0,9.91
2026-03-30,capacity_price,11,8.125,5.35
2026-03-30,capacity_price,12,6.69,1.2
2026-03-30,capacity_price,13,7.7799997,0.54
2026-03-30,capacity_price,14,10.0,0.54
2026-03-30,capacity_price,15,10.889999,3.35
2026-03-30,capacity_price,16,19.744999,13.61
2026-03-30,capacity_price,17,45.26,26.63
2026-03-30,capacity_price,18,39.559998,53.5
2026-03-30,capacity_price,19,35.41,57.68
2026-03-30,capacity_price,20,24.18,9.64
2026-03-30,capacity_price,21,13.29,5.35
2026-03-30,capacity_price,22,6.69,1.2
2026-03-30,capacity_price,23,1.34,0.54
2026-03-30,activation_volume,0,22.3,3.06
2026-03-30,activation_volume,1,17.2,67.97
2026-03-30,activation_volume,2,4.46,75.27000000000001
2026-03-30,activation_volume,3,2.58,39.459999999999994
2026-03-30,activation_volume,4,4.955,19.67
2026-03-30,activation_volume,5,9.684999,62.83
2026-03-30,activation_volume,6,8.81,16.03
2026-03-30,activation_volume,7,6.21,8.72
2026-03-30,activation_volume,8,13.055,10.450000000000001
2026-03-30,activation_volume,9,8.415,21.07
2026-03-30,activation_volume,10,6.1400003,1.83
2026-03-30,activation_volume,11,6.54,4.12
2026-03-30,activation_volume,12,4.21,1.1
2026-03-30,activation_volume,13,9.3,2.09
2026-03-30,activation_volume,14,8.14,5.5
2026-03-30,activation_volume,15,4.935,0.0
2026-03-30,activation_volume,16,7.1949997,0.0
2026-03-30,activation_volume,17,2.62,7.87
2026-03-30,activation_volume,18,1.95,2.37
2026-03-30,activation_volume,19,2.435,6.65
2026-03-30,activation_volume,20,1.7,1.48
2026-03-30,activation_volume,21,0.71,7.41
2026-03-30,activation_volume,22,2.79,3.43
2026-03-30,activation_volume,23,2.3850002,0.56
2026-03-30,activation_price,0,112.53883,17.731176470588235
2026-03-30,activation_price,1,99.1561,82.47082830660585
2026-03-30,activation_price,2,97.63164,130.36251096054204
2026-03-30,activation_price,3,86.29571,41.70784845413077
2026-03-30,activation_price,4,95.61746,89.82760040671072
2026-03-30,activation_price,5,101.08,92.48801527932518
2026-03-30,activation_price,6,128.7513,164.00301310043668
2026-03-30,activation_price,7,117.14969,99.78877293577982
2026-03-30,activation_price,8,134.15976,126.08578947368419
2026-03-30,activation_price,9,140.17773,212.35231134314188
2026-03-30,activation_price,10,126.74233,100.48000000000002
2026-03-30,activation_price,11,120.09426,97.80526699029127
2026-03-30,activation_price,12,116.266,27.314545454545453
2026-03-30,activation_price,13,116.56262,48.28
2026-03-30,activation_price,14,128.81204,63.19712727272727
2026-03-30,activation_price,15,125.14847,
2026-03-30,activation_price,16,130.49323,
2026-03-30,activation_price,17,117.27944,133.30439644218555
2026-03-30,activation_price,18,122.10237,112.94696202531645
2026-03-30,activation_price,19,114.74543,140.96091729323305
2026-03-30,activation_price,20,119.85832,126.4
2026-03-30,activation_price,21,102.80919,186.11649122807017
2026-03-30,activation_price,22,112.38755,109.75
2026-03-30,activation_price,23,104.94043,98.72
2026-03-31,day_ahead_price,0,84.4225,93.03750025
2026-03-31,day_ahead_price,1,84.85,93.56500075
2026-03-31,day_ahead_price,2,84.737495,95.60999850000002
2026-03-31,day_ahead_price,3,82.29375,97.22249975000001
2026-03-31,day_ahead_price,4,81.07625,87.97749900000001
2026-03-31,day_ahead_price,5,82.835,103.23999975000001
2026-03-31,day_ahead_price,6,85.6875,117.40250225
2026-03-31,day_ahead_price,7,95.75,130.607498
2026-03-31,day_ahead_price,8,101.0325,130.1999985
2026-03-31,day_ahead_price,9,103.1025,119.34500125000001
2026-03-31,day_ahead_price,10,101.380005,104.254999
2026-03-31,day_ahead_price,11,94.83,87.35000050000001
2026-03-31,day_ahead_price,12,92.20875,78.669998
2026-03-31,day_ahead_price,13,94.402504,55.22500049999999
2026-03-31,day_ahead_price,14,94.7475,53.4875
2026-03-31,day_ahead_price,15,99.7625,63.05250075
2026-03-31,day_ahead_price,16,106.4825,82.217499
2026-03-31,day_ahead_price,17,114.161255,110.967499
2026-03-31,day_ahead_price,18,115.04625,150.37000275
2026-03-31,day_ahead_price,19,110.89,174.2750015
2026-03-31,day_ahead_price,20,101.627495,176.00500075
2026-03-31,day_ahead_price,21,96.1875,171.7250025
2026-03-31,day_ahead_price,22,92.4675,158.329998
2026-03-31,day_ahead_price,23,88.3175,148.47000125
2026-03-31,capacity_price,0,0.67,0.31
2026-03-31,capacity_price,1,0.67,0.31
2026-03-31,capacity_price,2,0.67,0.31
2026-03-31,capacity_price,3,0.67,0.31
2026-03-31,capacity_price,4,1.2,0.54
2026-03-31,capacity_price,5,1.21,0.67
2026-03-31,capacity_price,6,1.26,1.2
2026-03-31,capacity_price,7,3.35,1.2
2026-03-31,capacity_price,8,6.69,9.9
2026-03-31,capacity_price,9,6.69,13.65
2026-03-31,capacity_price,10,7.545,20.07
2026-03-31,capacity_price,11,6.69,3.35
2026-03-31,capacity_price,12,6.69,1.2
2026-03-31,capacity_price,13,6.69,0.67
2026-03-31,capacity_price,14,6.69,0.54
2026-03-31,capacity_price,15,7.415,9.64
2026-03-31,capacity_price,16,13.855,40.15
2026-03-31,capacity_price,17,22.52,88.28
2026-03-31,capacity_price,18,19.945,73.61
2026-03-31,capacity_price,19,17.46,91.67
2026-03-31,capacity_price,20,13.39,9.77
2026-03-31,capacity_price,21,13.25,15.87
2026-03-31,capacity_price,22,3.6399999,5.35
2026-03-31,capacity_price,23,1.21,0.67
2026-03-31,activation_volume,0,25.11,17.38
2026-03-31,activation_volume,1,18.05,17.669999999999998
2026-03-31,activation_volume,2,6.5299997,2.8400000000000003
2026-03-31,activation_volume,3,3.8049998,0.02
2026-03-31,activation_volume,4,5.65,3.9499999999999997
2026-03-31,activation_volume,5,11.95,4.87
2026-03-31,activation_volume,6,11.35,18.79
2026-03-31,activation_volume,7,6.92,17.590000000000003
2026-03-31,activation_volume,8,11.135,1.88
2026-03-31,activation_volume,9,6.46,6.029999999999999
2026-03-31,activation_volume,10,6.13,2.71
2026-03-31,activation_volume,11,4.55,0.0
2026-03-31,activation_volume,12,4.205,0.0
2026-03-31,activation_volume,13,6.19,0.0
2026-03-31,activation_volume,14,7.44,0.0
2026-03-31,activation_volume,15,5.245,0.0
2026-03-31,activation_volume,16,8.315001,2.38
2026-03-31,activation_volume,17,4.7,7.71
2026-03-31,activation_volume,18,1.82,14.219999999999999
2026-03-31,activation_volume,19,1.495,14.41
2026-03-31,activation_volume,20,1.07,6.33
2026-03-31,activation_volume,21,0.59499997,5.53
2026-03-31,activation_volume,22,2.83,6.49
2026-03-31,activation_volume,23,2.62,5.52
2026-03-31,activation_price,0,104.042244,123.83735327963177
2026-03-31,activation_price,1,99.19518,107.86522920203736
2026-03-31,activation_price,2,99.37192,92.28471830985914
2026-03-31,activation_price,3,90.95087,65.77
2026-03-31,activation_price,4,99.90239,94.97227848101268
2026-03-31,activation_price,5,112.29175,104.71215605749487
2026-03-31,activation_price,6,126.76109,193.2214103246408
2026-03-31,activation_price,7,148.84633,185.717799886299
2026-03-31,activation_price,8,122.198944,152.93
2026-03-31,activation_price,9,125.7434,158.1934825870647
2026-03-31,activation_price,10,121.509384,121.48
2026-03-31,activation_price,11,120.48829,
2026-03-31,activation_price,12,111.95143,
2026-03-31,activation_price,13,114.570694,
2026-03-31,activation_price,14,127.47058,
2026-03-31,activation_price,15,130.3591,
2026-03-31,activation_price,16,134.05826,90.46436974789916
2026-03-31,activation_price,17,134.00087,114.5676653696498
2026-03-31,activation_price,18,124.696014,162.3435724331927
2026-03-31,activation_price,19,120.66,164.01306037473978
2026-03-31,activation_price,20,112.57848,162.01627172195893
2026-03-31,activation_price,21,119.17,175.33614828209764
2026-03-31,activation_price,22,113.04822,165.16265023112481
2026-03-31,activation_price,23,111.527405,137.95802536231884
2026-04-01,day_ahead_price,0,84.4225,145.630001
2026-04-01,day_ahead_price,1,84.85,129.60499775000002
2026-04-01,day_ahead_price,2,85.03,125.4125005
2026-04-01,day_ahead_price,3,82.4725,129.62250325000002
2026-04-01,day_ahead_price,4,81.92625,129.0774995
2026-04-01,day_ahead_price,5,84.9475,146.50000375000002
2026-04-01,day_ahead_price,6,88.805,157.59749975
2026-04-01,day_ahead_price,7,96.228745,184.18749974999997
2026-04-01,day_ahead_price,8,102.99625,199.97749700000003
2026-04-01,day_ahead_price,9,104.56375,171.5149995
2026-04-01,day_ahead_price,10,102.27251,139.79999925
2026-04-01,day_ahead_price,11,97.5,128.07750125
2026-04-01,day_ahead_price,12,93.72624,115.0524995
2026-04-01,day_ahead_price,13,94.635,93.83499924999998
2026-04-01,day_ahead_price,14,100.0175,86.3325025
2026-04-01,day_ahead_price,15,104.98,93.8374995
2026-04-01,day_ahead_price,16,110.4275,105.51499925
2026-04-01,day_ahead_price,17,120.7,124.897501
2026-04-01,day_ahead_price,18,121.8075,128.597498
2026-04-01,day_ahead_price,19,114.10375,186.7024955
2026-04-01,day_ahead_price,20,103.755,164.2999995
2026-04-01,day_ahead_price,21,98.10875,161.557499
2026-04-01,day_ahead_price,22,94.2125,151.95249925
2026-04-01,day_ahead_price,23,89.6,129.38999925
2026-04-01,capacity_price,0,0.67,1.2
2026-04-01,capacity_price,1,0.67,1.2
2026-04-01,capacity_price,2,0.67,1.2
2026-04-01,capacity_price,3,0.67,1.2
2026-04-01,capacity_price,4,1.2,1.2
2026-04-01,capacity_price,5,1.21,1.2
2026-04-01,capacity_price,6,1.76,1.2
2026-04-01,capacity_price,7,3.35,1.2
2026-04-01,capacity_price,8,6.69,86.99
2026-04-01,capacity_price,9,8.7,66.92
2026-04-01,capacity_price,10,13.255,36.4
2026-04-01,capacity_price,11,10.0,20.08
2026-04-01,capacity_price,12,10.0,10.04
2026-04-01,capacity_price,13,9.37,7.63
2026-04-01,capacity_price,14,10.0,9.34
2026-04-01,capacity_price,15,13.32,9.63
2026-04-01,capacity_price,16,14.86,37.2
2026-04-01,capacity_price,17,30.529999,91.83
2026-04-01,capacity_price,18,28.24,76.95
2026-04-01,capacity_price,19,24.74,12.5
2026-04-01,capacity_price,20,16.93,8.1
2026-04-01,capacity_price,21,13.29,8.1
2026-04-01,capacity_price,22,6.6949997,8.17
2026-04-01,capacity_price,23,1.21,2.0
2026-04-01,activation_volume,0,25.11,21.729999999999997
2026-04-01,activation_volume,1,16.73,28.03
2026-04-01,activation_volume,2,6.33,4.59
2026-04-01,activation_volume,3,3.795,2.15
2026-04-01,activation_volume,4,4.7200003,1.77
2026-04-01,activation_volume,5,9.76,11.75
2026-04-01,activation_volume,6,9.68,8.56
2026-04-01,activation_volume,7,6.895,6.88
2026-04-01,activation_volume,8,14.56,3.75
2026-04-01,activation_volume,9,7.75,2.6999999999999997
2026-04-01,activation_volume,10,6.1400003,10.979999999999999
2026-04-01,activation_volume,11,4.175,11.43
2026-04-01,activation_volume,12,4.2,39.27
2026-04-01,activation_volume,13,6.19,41.7
2026-04-01,activation_volume,14,6.04,15.579999999999998
2026-04-01,activation_volume,15,4.2349997,36.419999999999995
2026-04-01,activation_volume,16,6.49,5.54
2026-04-01,activation_volume,17,3.02,9.96
2026-04-01,activation_volume,18,1.3399999,6.9399999999999995
2026-04-01,activation_volume,19,2.04,2.4299999999999997
2026-04-01,activation_volume,20,0.33,11.059999999999999
2026-04-01,activation_volume,21,0.71,5.92
2026-04-01,activation_volume,22,1.69,5.6
2026-04-01,activation_volume,23,2.545,11.34
2026-04-01,activation_price,0,102.42449,376.6318545789232
2026-04-01,activation_price,1,96.87404,123.48981805208703
2026-04-01,activation_price,2,95.882866,119.5971241830065
2026-04-01,activation_price,3,92.923775,95.39153488372095
2026-04-01,activation_price,4,99.424225,109.40293785310733
2026-04-01,activation_price,5,102.9077,175.95731914893614
2026-04-01,activation_price,6,128.60725,172.11382009345795
2026-04-01,activation_price,7,152.30257,193.27885174418603
2026-04-01,activation_price,8,146.59415,149.96909333333332
2026-04-01,activation_price,9,136.0597,200.46266666666662
2026-04-01,activation_price,10,122.27157,212.3344262295082
2026-04-01,activation_price,11,128.67397,201.29686789151356
2026-04-01,activation_price,12,119.65346,210.1008658008658
2026-04-01,activation_price,13,115.66364,186.05719424460432
2026-04-01,activation_price,14,138.3074,119.01674582798461
2026-04-01,activation_price,15,129.4683,129.04314936847888
2026-04-01,activation_price,16,145.93723,129.91330324909745
2026-04-01,activation_price,17,133.83661,173.79922690763053
2026-04-01,activation_price,18,130.17,154.42592219020173
2026-04-01,activation_price,19,115.22044,157.54238683127576
2026-04-01,activation_price,20,105.88,200.31833634719712
2026-04-01,activation_price,21,119.17,177.05815878378377
2026-04-01,activation_price,22,112.49376,160.10728571428572
2026-04-01,activation_price,23,117.67378,145.25358024691357
2026-04-02,day_ahead_price,0,84.335,126.3375015
2026-04-02,day_ahead_price,1,83.515,118.995001
2026-04-02,day_ahead_price,2,83.9525,114.12499975
2026-04-02,day_ahead_price,3,80.87,107.817501
2026-04-02,day_ahead_price,4,80.490005,106.5924985
2026-04-02,day_ahead_price,5,81.4575,115.38500225
2026-04-02,day_ahead_price,6,80.7725,118.7299995
2026-04-02,day_ahead_price,7,92.15,136.70000075000002
2026-04-02,day_ahead_price,8,96.011246,146.767502
2026-04-02,day_ahead_price,9,100.88375,114.2775
2026-04-02,day_ahead_price,10,91.135,90.66250124999999
2026-04-02,day_ahead_price,11,91.375,74.249999
2026-04-02,day_ahead_price,12,86.32,59.74499975
2026-04-02,day_ahead_price,13,88.49,42.454999750000006
2026-04-02,day_ahead_price,14,91.69625,52.8599995
2026-04-02,day_ahead_price,15,95.041245,73.76500025
2026-04-02,day_ahead_price,16,100.7,90.61999899999999
2026-04-02,day_ahead_price,17,106.5125,105.99749949999999
2026-04-02,day_ahead_price,18,107.729996,122.83250025000001
2026-04-02,day_ahead_price,19,99.40375,130.15250025
2026-04-02,day_ahead_price,20,90.02374,128.835001
2026-04-02,day_ahead_price,21,84.5325,125.1600015
2026-04-02,day_ahead_price,22,82.16625,116.1625025
2026-04-02,day_ahead_price,23,79.925,115.59250075
2026-04-02,capacity_price,0,0.67,1.2
2026-04-02,capacity_price,1,0.67,1.2
2026-04-02,capacity_price,2,0.67,1.2
2026-04-02,capacity_price,3,1.2,1.2
2026-04-02,capacity_price,4,1.34,1.2
2026-04-02,capacity_price,5,3.35,1.2
2026-04-02,capacity_price,6,6.355,1.2
2026-04-02,capacity_price,7,6.69,1.2
2026-04-02,capacity_price,8,6.69,63.96
2026-04-02,capacity_price,9,10.04,35.33
2026-04-02,capacity_price,10,13.32,30.78
2026-04-02,capacity_price,11,10.0,9.9
2026-04-02,capacity_price,12,8.45,4.0
2026-04-02,capacity_price,13,10.0,4.0
2026-04-02,capacity_price,14,10.155001,4.0
2026-04-02,capacity_price,15,17.27,9.63
2026-04-02,capacity_price,16,24.9,60.22
2026-04-02,capacity_price,17,36.68,86.48
2026-04-02,capacity_price,18,38.019997,51.93
2026-04-02,capacity_price,19,35.41,40.14
2026-04-02,capacity_price,20,24.94,9.77
2026-04-02,capacity_price,21,13.385,4.0
2026-04-02,capacity_price,22,8.17,4.0
2026-04-02,capacity_price,23,6.02,2.0
2026-04-02,activation_volume,0,27.380001,31.659999999999997
2026-04-02,activation_volume,1,15.77,4.47
2026-04-02,activation_volume,2,6.745,2.96
2026-04-02,activation_volume,3,2.415,15.84
2026-04-02,activation_volume,4,3.35,13.309999999999999
2026-04-02,activation_volume,5,10.57,0.13
2026-04-02,activation_volume,6,14.485,0.0
2026-04-02,activation_volume,7,5.885,1.56
2026-04-02,activation_volume,8,11.889999,10.03
2026-04-02,activation_volume,9,6.28,13.25
2026-04-02,activation_volume,10,5.61,30.0
2026-04-02,activation_volume,11,3.48,45.97
2026-04-02,activation_volume,12,4.86,19.05
2026-04-02,activation_volume,13,7.725,11.21
2026-04-02,activation_volume,14,7.715,6.36
2026-04-02,activation_volume,15,4.2349997,2.65
2026-04-02,activation_volume,16,8.065001,0.0
2026-04-02,activation_volume,17,3.1100001,15.44
2026-04-02,activation_volume,18,1.04,2.24
2026-04-02,activation_volume,19,0.9,2.71
2026-04-02,activation_volume,20,0.46499997,10.940000000000001
2026-04-02,activation_volume,21,0.67,0.0
2026-04-02,activation_volume,22,2.94,5.67
2026-04-02,activation_volume,23,2.19,5.1000000000000005
2026-04-02,activation_price,0,104.53168,145.20888186986738
2026-04-02,activation_price,1,96.65726,120.5781879194631
2026-04-02,activation_price,2,88.20311,116.31101351351352
2026-04-02,activation_price,3,85.5759,145.96409090909094
2026-04-02,activation_price,4,91.58548,163.04261457550717
2026-04-02,activation_price,5,101.99385,115.01999999999998
2026-04-02,activation_price,6,119.0551,
2026-04-02,activation_price,7,117.14969,172.03
2026-04-02,activation_price,8,127.02731,164.10420737786643
2026-04-02,activation_price,9,140.17773,190.33337358490564
2026-04-02,activation_price,10,122.27157,305.71233
2026-04-02,activation_price,11,120.09426,193.78909941266042
2026-04-02,activation_price,12,113.42704,116.32888188976378
2026-04-02,activation_price,13,112.80873,138.64
2026-04-02,activation_price,14,127.1839,78.8085534591195
2026-04-02,activation_price,15,122.38063,74.09
2026-04-02,activation_price,16,125.78814,
2026-04-02,activation_price,17,111.83443,153.2090932642487
2026-04-02,activation_price,18,115.319275,182.61
2026-04-02,activation_price,19,112.57451,116.13284132841329
2026-04-02,activation_price,20,101.067764,217.4888117001828
2026-04-02,activation_price,21,91.65986,
2026-04-02,activation_price,22,103.76128,152.6631216931217
2026-04-02,activation_price,23,102.86,135.4840392156863
2026-04-03,day_ahead_price,0,88.04875,123.90000149999999
2026-04-03,day_ahead_price,1,87.905,113.3024995
2026-04-03,day_ahead_price,2,85.8475,108.17249875
2026-04-03,day_ahead_price,3,84.725,105.29750050000001
2026-04-03,day_ahead_price,4,83.96625,104.5300005
2026-04-03,day_ahead_price,5,86.3275,106.29750075
2026-04-03,day_ahead_price,6,93.045,112.91000175
2026-04-03,day_ahead_price,7,99.065,116.21999925
2026-04-03,day_ahead_price,8,104.11,121.699997
2026-04-03,day_ahead_price,9,107.493744,113.18000024999999
2026-04-03,day_ahead_price,10,103.3075,85.58500025000001
2026-04-03,day_ahead_price,11,100.43375,52.957499999999996
2026-04-03,day_ahead_price,12,97.3,27.667499749999998
2026-04-03,day_ahead_price,13,97.495,14.02
2026-04-03,day_ahead_price,14,100.0125,8.405
2026-04-03,day_ahead_price,15,105.40875,9.6625
2026-04-03,day_ahead_price,16,112.38125,26.84250025
2026-04-03,day_ahead_price,17,120.585,66.79749749999999
2026-04-03,day_ahead_price,18,115.0625,88.9725
2026-04-03,day_ahead_price,19,106.2075,99.38999924999999
2026-04-03,day_ahead_price,20,100.9125,94.22000299999999
2026-04-03,day_ahead_price,21,94.8475,84.20250125
2026-04-03,day_ahead_price,22,93.667496,80.73750100000001
2026-04-03,day_ahead_price,23,89.2675,60.587500500000004
2026-04-03,capacity_price,0,0.67,0.54
2026-04-03,capacity_price,1,0.67,1.2
2026-04-03,capacity_price,2,0.67,0.67
2026-04-03,capacity_price,3,0.67,0.67
2026-04-03,capacity_price,4,1.21,0.67
2026-04-03,capacity_price,5,2.07,0.67
2026-04-03,capacity_price,6,1.8499999,0.67
2026-04-03,capacity_price,7,5.8900003,1.2
2026-04-03,capacity_price,8,6.69,20.07
2026-04-03,capacity_price,9,10.0,20.07
2026-04-03,capacity_price,10,11.625,9.63
2026-04-03,capacity_price,11,10.165001,4.0
2026-04-03,capacity_price,12,9.37,1.2
2026-04-03,capacity_price,13,8.969999,0.67
2026-04-03,capacity_price,14,10.0,0.54
2026-04-03,capacity_price,15,13.38,1.2
2026-04-03,capacity_price,16,19.744999,14.4
2026-04-03,capacity_price,17,38.09,33.99
2026-04-03,capacity_price,18,38.28,9.77
2026-04-03,capacity_price,19,37.39,1.2
2026-04-03,capacity_price,20,22.22,0.54
2026-04-03,capacity_price,21,13.25,0.54
2026-04-03,capacity_price,22,6.69,0.67
2026-04-03,capacity_price,23,1.26,0.47
2026-04-03,activation_volume,0,20.39,0.0
2026-04-03,activation_volume,1,17.52,10.51
2026-04-03,activation_volume,2,4.825,11.45
2026-04-03,activation_volume,3,4.17,0.6599999999999999
2026-04-03,activation_volume,4,9.39,0.01
2026-04-03,activation_volume,5,11.35,7.04
2026-04-03,activation_volume,6,6.55,9.959999999999999
2026-04-03,activation_volume,7,5.9750004,1.05
2026-04-03,activation_volume,8,9.83,2.29
2026-04-03,activation_volume,9,6.9,0.78
2026-04-03,activation_volume,10,4.03,2.2899999999999996
2026-04-03,activation_volume,11,3.5,2.89
2026-04-03,activation_volume,12,4.02,38.68
2026-04-03,activation_volume,13,5.95,31.0
2026-04-03,activation_volume,14,8.83,35.04
2026-04-03,activation_volume,15,4.97,32.65
2026-04-03,activation_volume,16,5.825,1.53
2026-04-03,activation_volume,17,3.02,8.86
2026-04-03,activation_volume,18,2.04,6.819999999999999
2026-04-03,activation_volume,19,2.65,7.02
2026-04-03,activation_volume,20,1.78,0.0
2026-04-03,activation_volume,21,1.49,1.5
2026-04-03,activation_volume,22,2.83,7.05
2026-04-03,activation_volume,23,2.47,0.78
2026-04-03,activation_price,0,112.16838,
2026-04-03,activation_price,1,103.83459,124.77996194100855
2026-04-03,activation_price,2,101.845924,117.97340611353712
2026-04-03,activation_price,3,93.034904,81.89242424242424
2026-04-03,activation_price,4,104.47395,66.91
2026-04-03,activation_price,5,116.16901,131.28453124999996
2026-04-03,activation_price,6,145.67542,128.9413253012048
2026-04-03,activation_price,7,148.84633,93.24590476190477
2026-04-03,activation_price,8,131.43872,102.23541484716158
2026-04-03,activation_price,9,136.68724,136.49410256410258
2026-04-03,activation_price,10,128.76959,108.178384279476
2026-04-03,activation_price,11,132.41945,51.2677508650519
2026-04-03,activation_price,12,117.858185,73.75723371251293
2026-04-03,activation_price,13,118.33253,53.520896774193545
2026-04-03,activation_price,14,134.69707,89.00926655251142
2026-04-03,activation_price,15,131.24988,61.24
2026-04-03,activation_price,16,145.54715,30.181764705882358
2026-04-03,activation_price,17,135.23091,103.00356659142213
2026-04-03,activation_price,18,125.06289,122.4301026392962
2026-04-03,activation_price,19,136.93254,112.027150997151
2026-04-03,activation_price,20,111.230576,
2026-04-03,activation_price,21,103.28633,105.13
2026-04-03,activation_price,22,114.00879,99.12
2026-04-03,activation_price,23,114.86977,39.45
2026-04-04,day_ahead_price,0,84.9925,13.299999999999999
2026-04-04,day_ahead_price,1,84.295,18.0325
2026-04-04,day_ahead_price,2,85.03,19.05250025
2026-04-04,day_ahead_price,3,82.33,11.4025
2026-04-04,day_ahead_price,4,80.53,9.3825
2026-04-04,day_ahead_price,5,82.14,11.735
2026-04-04,day_ahead_price,6,81.745,13.3625
2026-04-04,day_ahead_price,7,92.87625,19.2675
2026-04-04,day_ahead_price,8,97.61125,16.69499975
2026-04-04,day_ahead_price,9,98.94125,6.6
2026-04-04,day_ahead_price,10,95.3275,1.9425
2026-04-04,day_ahead_price,11,92.805,0.08
2026-04-04,day_ahead_price,12,91.915,0.0275
2026-04-04,day_ahead_price,13,92.0625,0.1275
2026-04-04,day_ahead_price,14,93.35875,0.10250000000000001
2026-04-04,day_ahead_price,15,97.18875,0.0275
2026-04-04,day_ahead_price,16,102.5875,10.689999750000002
2026-04-04,day_ahead_price,17,116.25,34.09750075
2026-04-04,day_ahead_price,18,113.10249,94.2124975
2026-04-04,day_ahead_price,19,106.2075,131.35000250000002
2026-04-04,day_ahead_price,20,98.8275,120.39749925000001
2026-04-04,day_ahead_price,21,94.665,96.08999975
2026-04-04,day_ahead_price,22,92.5775,73.92000100000001
2026-04-04,day_ahead_price,23,88.3175,41.8324995
2026-04-04,capacity_price,0,0.67,0.31
2026-04-04,capacity_price,1,0.67,0.32
2026-04-04,capacity_price,2,0.67,0.31
2026-04-04,capacity_price,3,0.67,0.31
2026-04-04,capacity_price,4,1.2,0.31
2026-04-04,capacity_price,5,1.21,0.32
2026-04-04,capacity_price,6,3.35,0.32
2026-04-04,capacity_price,7,6.02,0.67
2026-04-04,capacity_price,8,6.69,6.69
2026-04-04,capacity_price,9,8.7,1.2
2026-04-04,capacity_price,10,10.0,0.67
2026-04-04,capacity_price,11,7.705,0.21
2026-04-04,capacity_price,12,6.69,0.13
2026-04-04,capacity_price,13,6.775,0.13
2026-04-04,capacity_price,14,9.285,0.13
2026-04-04,capacity_price,15,10.889999,0.13
2026-04-04,capacity_price,16,13.39,0.32
2026-04-04,capacity_price,17,31.6,22.76
2026-04-04,capacity_price,18,35.88,72.26
2026-04-04,capacity_price,19,33.205,33.46
2026-04-04,capacity_price,20,21.49,9.77
2026-04-04,capacity_price,21,13.26,7.7
2026-04-04,capacity_price,22,6.355,1.2
2026-04-04,capacity_price,23,1.26,0.67
2026-04-04,activation_volume,0,24.145,1.29
2026-04-04,activation_volume,1,15.77,4.08
2026-04-04,activation_volume,2,4.51,8.739999999999998
2026-04-04,activation_volume,3,3.395,0.0
2026-04-04,activation_volume,4,7.725,0.0
2026-04-04,activation_volume,5,11.924999,13.08
2026-04-04,activation_volume,6,7.2799997,1.07
2026-04-04,activation_volume,7,4.965,8.39
2026-04-04,activation_volume,8,11.95,0.17
2026-04-04,activation_volume,9,9.225,23.5
2026-04-04,activation_volume,10,6.15,4.48
2026-04-04,activation_volume,11,3.3899999,5.58
2026-04-04,activation_volume,12,4.2,24.220000000000002
2026-04-04,activation_volume,13,9.01,12.59
2026-04-04,activation_volume,14,8.065001,0.13
2026-04-04,activation_volume,15,5.26,0.22999999999999998
2026-04-04,activation_volume,16,6.9,28.88
2026-04-04,activation_volume,17,3.7,13.75
2026-04-04,activation_volume,18,2.225,17.94
2026-04-04,activation_volume,19,1.39,17.53
2026-04-04,activation_volume,20,1.665,15.44
2026-04-04,activation_volume,21,1.22,8.600000000000001
2026-04-04,activation_volume,22,1.88,2.2799999999999994
2026-04-04,activation_volume,23,2.355,5.62
2026-04-04,activation_price,0,101.2477,40.45744186046512
2026-04-04,activation_price,1,96.43237,45.627156862745096
2026-04-04,activation_price,2,93.323654,36.79453089244852
2026-04-04,activation_price,3,92.69035,
2026-04-04,activation_price,4,99.40108,
2026-04-04,activation_price,5,101.99385,42.01155963302752
2026-04-04,activation_price,6,119.0551,39.58158878504673
2026-04-04,activation_price,7,119.56801,49.541907032181165
2026-04-04,activation_price,8,128.75601,12.349999999999998
2026-04-04,activation_price,9,140.54149,71.09986808510638
2026-04-04,activation_price,10,128.24068,29.260000000000005
2026-04-04,activation_price,11,136.16493,21.68073476702509
2026-04-04,activation_price,12,117.65745,54.184677952105694
2026-04-04,activation_price,13,114.06685,40.67966640190628
2026-04-04,activation_price,14,125.82975,2.36
2026-04-04,activation_price,15,131.24988,6.08391304347826
2026-04-04,activation_price,16,125.03,93.75379501385041
2026-04-04,activation_price,17,128.28,83.09559999999999
2026-04-04,activation_price,18,125.06289,100.70003344481604
2026-04-04,activation_price,19,115.22044,132.2037364517969
2026-04-04,activation_price,20,119.006645,208.3756347150259
2026-04-04,activation_price,21,118.52564,144.21745348837206
2026-04-04,activation_price,22,109.09711,167.56885964912283
2026-04-04,activation_price,23,110.63704,81.28188612099645
2026-04-05,day_ahead_price,0,83.85251,1.0625
2026-04-05,day_ahead_price,1,83.80499,0.885
2026-04-05,day_ahead_price,2,83.27875,1.205
2026-04-05,day_ahead_price,3,80.6125,0.47250000000000003
2026-04-05,day_ahead_price,4,80.46875,0.0
2026-04-05,day_ahead_price,5,80.402504,0.0
2026-04-05,day_ahead_price,6,85.2375,-0.0125
2026-04-05,day_ahead_price,7,92.39375,-0.125
2026-04-05,day_ahead_price,8,96.8,0.0024999999999999953
2026-04-05,day_ahead_price,9,95.994995,-1.3675000000000002
2026-04-05,day_ahead_price,10,90.83625,-3.0275
2026-04-05,day_ahead_price,11,84.9525,-5.7875
2026-04-05,day_ahead_price,12,91.5125,-10.41000025
2026-04-05,day_ahead_price,13,90.94125,-20.13250025
2026-04-05,day_ahead_price,14,92.37375,-25.457500000000003
2026-04-05,day_ahead_price,15,95.39375,-24.11750025
2026-04-05,day_ahead_price,16,102.95125,-19.460000249999997
2026-04-05,day_ahead_price,17,111.2675,-2.5725000000000002
2026-04-05,day_ahead_price,18,112.03625,0.11749999999999994
2026-04-05,day_ahead_price,19,104.0475,20.0425
2026-04-05,day_ahead_price,20,96.21125,33.350001000000006
2026-04-05,day_ahead_price,21,91.4375,30.2050005
2026-04-05,day_ahead_price,22,89.997505,30.3775
2026-04-05,day_ahead_price,23,85.223755,19.022500750000003
2026-04-05,capacity_price,0,0.67,0.31
2026-04-05,capacity_price,1,0.67,0.31
2026-04-05,capacity_price,2,0.67,0.13
2026-04-05,capacity_price,3,0.67,0.13
2026-04-05,capacity_price,4,1.21,0.13
2026-04-05,capacity_price,5,1.2750001,0.13
2026-04-05,capacity_price,6,5.89,0.2
2026-04-05,capacity_price,7,5.8900003,0.31
2026-04-05,capacity_price,8,6.69,0.13
2026-04-05,capacity_price,9,7.97,0.13
2026-04-05,capacity_price,10,10.0,0.13
2026-04-05,capacity_price,11,7.025,0.13
2026-04-05,capacity_price,12,6.69,0.13
2026-04-05,capacity_price,13,6.69,0.13
2026-04-05,capacity_price,14,6.69,0.13
2026-04-05,capacity_price,15,10.0,0.13
2026-04-05,capacity_price,16,19.275,0.13
2026-04-05,capacity_price,17,32.77,0.26
2026-04-05,capacity_price,18,28.24,0.31
2026-04-05,capacity_price,19,25.68,1.2
2026-04-05,capacity_price,20,20.425,1.2
2026-04-05,capacity_price,21,13.26,1.2
2026-04-05,capacity_price,22,6.69,0.67
2026-04-05,capacity_price,23,3.545,0.31
2026-04-05,activation_volume,0,22.195,37.03
2026-04-05,activation_volume,1,20.23,47.69
2026-04-05,activation_volume,2,5.705,41.75
2026-04-05,activation_volume,3,5.92,3.99
2026-04-05,activation_volume,4,4.54,0.0
2026-04-05,activation_volume,5,6.81,66.68
2026-04-05,activation_volume,6,7.635,0.17
2026-04-05,activation_volume,7,7.29,4.92
2026-04-05,activation_volume,8,11.83,92.92
2026-04-05,activation_volume,9,7.8,120.15
2026-04-05,activation_volume,10,6.475,47.69
2026-04-05,activation_volume,11,5.3,56.8
2026-04-05,activation_volume,12,4.94,102.36
2026-04-05,activation_volume,13,9.005,28.86
2026-04-05,activation_volume,14,8.215,0.07
2026-04-05,activation_volume,15,6.81,0.0
2026-04-05,activation_volume,16,11.42,0.15000000000000002
2026-04-05,activation_volume,17,3.2,135.66
2026-04-05,activation_volume,18,1.1700001,76.02
2026-04-05,activation_volume,19,1.495,79.58
2026-04-05,activation_volume,20,1.78,10.829999999999998
2026-04-05,activation_volume,21,1.2149999,3.3800000000000003
2026-04-05,activation_volume,22,2.87,0.8600000000000001
2026-04-05,activation_volume,23,2.19,20.87
2026-04-05,activation_price,0,101.2477,52.16018363489063
2026-04-05,activation_price,1,98.20149,71.95088488152653
2026-04-05,activation_price,2,95.882866,219.79754491017962
2026-04-05,activation_price,3,90.58693,25.16360902255639
2026-04-05,activation_price,4,99.90239,
2026-04-05,activation_price,5,106.209625,64.49990701859629
2026-04-05,activation_price,6,138.691,8.78
2026-04-05,activation_price,7,138.73566,23.0690243902439
2026-04-05,activation_price,8,143.99768,119.14341046061126
2026-04-05,activation_price,9,141.10855,82.72690220557637
2026-04-05,activation_price,10,121.509384,54.73292304466345
2026-04-05,activation_price,11,122.85936,22.18123063380282
2026-04-05,activation_price,12,115.06583,65.48035169988276
2026-04-05,activation_price,13,115.35276,16.863589743589745
2026-04-05,activation_price,14,126.06,-1.22
2026-04-05,activation_price,15,136.7824,
2026-04-05,activation_price,16,141.47618,-9.324666666666666
2026-04-05,activation_price,17,126.706055,103.6297324192835
2026-04-05,activation_price,18,115.319275,106.01025914233098
2026-04-05,activation_price,19,127.586075,279.0800351847198
2026-04-05,activation_price,20,112.49696,73.98988919667592
2026-04-05,activation_price,21,115.72934,56.947514792899405
2026-04-05,activation_price,22,108.24355,10.632325581395348
2026-04-05,activation_price,23,102.514175,57.34049353138477
2026-04-06,day_ahead_price,0,86.995,3.24
2026-04-06,day_ahead_price,1,87.0,1.985
2026-04-06,day_ahead_price,2,85.2325,1.04
2026-04-06,day_ahead_price,3,84.0875,1.36
2026-04-06,day_ahead_price,4,83.34,1.06
2026-04-06,day_ahead_price,5,85.055,2.11
2026-04-06,day_ahead_price,6,91.205,1.9850000000000003
2026-04-06,day_ahead_price,7,99.1875,1.3325
2026-04-06,day_ahead_price,8,105.7025,-0.0425
2026-04-06,day_ahead_price,9,107.4525,-1.01
2026-04-06,day_ahead_price,10,102.363754,-1.0150000000000001
2026-04-06,day_ahead_price,11,98.4825,-3.96
2026-04-06,day_ahead_price,12,96.2125,-5.1925
2026-04-06,day_ahead_price,13,96.9625,-5.5575
2026-04-06,day_ahead_price,14,100.0175,-5.107500000000001
2026-04-06,day_ahead_price,15,102.995,-4.7975
2026-04-06,day_ahead_price,16,112.31375,-1.4574999999999998
2026-04-06,day_ahead_price,17,120.7,0.1725
2026-04-06,day_ahead_price,18,116.9725,37.042500000000004
2026-04-06,day_ahead_price,19,111.161255,104.89749925
2026-04-06,day_ahead_price,20,101.627495,115.7074985
2026-04-06,day_ahead_price,21,96.4675,109.22249975
2026-04-06,day_ahead_price,22,93.39125,113.84749975
2026-04-06,day_ahead_price,23,89.73375,108.80499825
2026-04-06,capacity_price,0,0.67,0.31
2026-04-06,capacity_price,1,0.67,0.31
2026-04-06,capacity_price,2,0.67,0.38
2026-04-06,capacity_price,3,0.67,0.31
2026-04-06,capacity_price,4,1.21,0.67
2026-04-06,capacity_price,5,1.21,0.67
2026-04-06,capacity_price,6,1.495,0.54
2026-04-06,capacity_price,7,5.75,0.54
2026-04-06,capacity_price,8,6.69,6.69
2026-04-06,capacity_price,9,8.03,0.54
2026-04-06,capacity_price,10,10.0,0.54
2026-04-06,capacity_price,11,8.18,0.27
2026-04-06,capacity_price,12,6.69,0.13
2026-04-06,capacity_price,13,6.69,0.13
2026-04-06,capacity_price,14,6.69,0.13
2026-04-06,capacity_price,15,12.315001,0.13
2026-04-06,capacity_price,16,20.08,0.54
2026-04-06,capacity_price,17,34.68,1.2
2026-04-06,capacity_price,18,38.019997,6.69
2026-04-06,capacity_price,19,29.725,1.2
2026-04-06,capacity_price,20,20.09,5.35
2026-04-06,capacity_price,21,13.255,1.2
2026-04-06,capacity_price,22,6.02,0.54
2026-04-06,capacity_price,23,1.34,0.38
2026-04-06,activation_volume,0,33.95,0.02
2026-04-06,activation_volume,1,20.47,10.37
2026-04-06,activation_volume,2,6.34,2.56
2026-04-06,activation_volume,3,5.705,0.37
2026-04-06,activation_volume,4,9.425,5.89
2026-04-06,activation_volume,5,11.97,16.47
2026-04-06,activation_volume,6,10.22,3.8300000000000005
2026-04-06,activation_volume,7,6.3450003,40.58
2026-04-06,activation_volume,8,11.35,59.73
2026-04-06,activation_volume,9,10.77,124.01
2026-04-06,activation_volume,10,6.49,50.94
2026-04-06,activation_volume,11,4.175,6.220000000000001
2026-04-06,activation_volume,12,4.21,0.09
2026-04-06,activation_volume,13,11.08,11.0
2026-04-06,activation_volume,14,8.280001,0.07
2026-04-06,activation_volume,15,5.28,0.0
2026-04-06,activation_volume,16,8.315001,5.75
2026-04-06,activation_volume,17,3.26,16.2
2026-04-06,activation_volume,18,2.76,23.75
2026-04-06,activation_volume,19,1.13,7.15
2026-04-06,activation_volume,20,1.585,13.8
2026-04-06,activation_volume,21,1.37,0.59
2026-04-06,activation_volume,22,2.85,0.24000000000000002
2026-04-06,activation_volume,23,2.505,1.02
2026-04-06,activation_price,0,121.03111,4.31
2026-04-06,activation_price,1,106.35933,28.297135969141753
2026-04-06,activation_price,2,108.24452,20.30921875
2026-04-06,activation_price,3,94.876076,7.94027027027027
2026-04-06,activation_price,4,102.12142,20.92142614601019
2026-04-06,activation_price,5,116.71557,74.35908925318762
2026-04-06,activation_price,6,142.71846,8.2977545691906
2026-04-06,activation_price,7,140.04134,47.8048792508625
2026-04-06,activation_price,8,143.99768,93.88659635024277
2026-04-06,activation_price,9,141.00964,83.46894202080477
2026-04-06,activation_price,10,125.44092,82.32493718099725
2026-04-06,activation_price,11,123.39369,4.863536977491961
2026-04-06,activation_price,12,119.65346,-1.6599999999999997
2026-04-06,activation_price,13,123.20723,6.975527272727273
2026-04-06,activation_price,14,132.39911,-1.3
2026-04-06,activation_price,15,133.2125,
2026-04-06,activation_price,16,143.64091,14.38153043478261
2026-04-06,activation_price,17,133.67233,77.30863580246914
2026-04-06,activation_price,18,133.84915,862.5730273684211
2026-04-06,activation_price,19,128.23,175.60160839160838
2026-04-06,activation_price,20,109.829185,129.9953188405797
2026-04-06,activation_price,21,121.47974,100.97932203389831
2026-04-06,activation_price,22,114.53181,59.239999999999995
2026-04-06,activation_price,23,108.68851,61.865980392156864
2026-04-07,day_ahead_price,0,85.22375,106.40000125
2026-04-07,day_ahead_price,1,83.865,101.29499824999999
2026-04-07,day_ahead_price,2,84.5225,101.64750074999999
2026-04-07,day_ahead_price,3,82.4725,102.27999875
2026-04-07,day_ahead_price,4,81.82875,105.1349985
2026-04-07,day_ahead_price,5,84.8825,112.807499
2026-04-07,day_ahead_price,6,88.805,132.62000075
2026-04-07,day_ahead_price,7,96.445,159.6449965
2026-04-07,day_ahead_price,8,102.905,127.85749625
2026-04-07,day_ahead_price,9,102.3825,81.8025
2026-04-07,day_ahead_price,10,100.6125,28.30000075
2026-04-07,day_ahead_price,11,93.055,6.555
2026-04-07,day_ahead_price,12,89.462494,4.4
2026-04-07,day_ahead_price,13,90.729996,2.895
2026-04-07,day_ahead_price,14,92.7,7.272499999999999
2026-04-07,day_ahead_price,15,99.5325,6.220000000000001
2026-04-07,day_ahead_price,16,106.384995,7.142500249999999
2026-04-07,day_ahead_price,17,110.805,79.902501
2026-04-07,day_ahead_price,18,115.135,137.99499725
2026-04-07,day_ahead_price,19,110.07125,185.34249875
2026-04-07,day_ahead_price,20,100.35875,182.555004
2026-04-07,day_ahead_price,21,93.777504,141.7675015
2026-04-07,day_ahead_price,22,92.145004,128.33750325
2026-04-07,day_ahead_price,23,87.3275,118.19750225
2026-04-07,capacity_price,0,0.67,0.31
2026-04-07,capacity_price,1,0.67,0.67
2026-04-07,capacity_price,2,0.67,0.67
2026-04-07,capacity_price,3,0.67,0.67
2026-04-07,capacity_price,4,1.2,1.2
2026-04-07,capacity_price,5,1.21,1.2
2026-04-07,capacity_price,6,1.34,1.2
2026-04-07,capacity_price,7,3.35,6.69
2026-04-07,capacity_price,8,6.69,101.28
2026-04-07,capacity_price,9,8.7,45.51
2026-04-07,capacity_price,10,10.44,13.52
2026-04-07,capacity_price,11,6.69,0.67
2026-04-07,capacity_price,12,6.69,0.67
2026-04-07,capacity_price,13,6.69,0.4
2026-04-07,capacity_price,14,6.69,0.13
2026-04-07,capacity_price,15,7.33,0.54
2026-04-07,capacity_price,16,10.155001,4.0
2026-04-07,capacity_price,17,33.61,68.97
2026-04-07,capacity_price,18,38.019997,57.41
2026-04-07,capacity_price,19,25.835,44.57
2026-04-07,capacity_price,20,13.385,9.77
2026-04-07,capacity_price,21,8.04,9.63
2026-04-07,capacity_price,22,5.755,6.69
2026-04-07,capacity_price,23,1.21,0.54
2026-04-07,activation_volume,0,24.235,0.0
2026-04-07,activation_volume,1,20.89,3.41
2026-04-07,activation_volume,2,4.46,0.0
2026-04-07,activation_volume,3,6.255,4.6
2026-04-07,activation_volume,4,7.7,1.46
2026-04-07,activation_volume,5,11.82,7.8999999999999995
2026-04-07,activation_volume,6,11.345,2.41
2026-04-07,activation_volume,7,7.16,2.58
2026-04-07,activation_volume,8,12.41,9.32
2026-04-07,activation_volume,9,10.405,12.95
2026-04-07,activation_volume,10,6.13,63.589999999999996
2026-04-07,activation_volume,11,3.68,85.55
2026-04-07,activation_volume,12,4.81,0.0
2026-04-07,activation_volume,13,10.015,3.35
2026-04-07,activation_volume,14,8.355,5.22
2026-04-07,activation_volume,15,5.26,1.8599999999999999
2026-04-07,activation_volume,16,8.965,1.5
2026-04-07,activation_volume,17,3.7,10.76
2026-04-07,activation_volume,18,1.95,14.18
2026-04-07,activation_volume,19,1.39,3.54
2026-04-07,activation_volume,20,1.63,4.66
2026-04-07,activation_volume,21,1.78,4.779999999999999
2026-04-07,activation_volume,22,3.19,2.34
2026-04-07,activation_volume,23,2.94,1.59
2026-04-07,activation_price,0,112.08424,
2026-04-07,activation_price,1,100.20396,88.56041055718475
2026-04-07,activation_price,2,100.861145,
2026-04-07,activation_price,3,97.6513,91.07239130434783
2026-04-07,activation_price,4,102.99731,82.0213698630137
2026-04-07,activation_price,5,115.28,98.1006075949367
2026-04-07,activation_price,6,149.02559,140.17746887966803
2026-04-07,activation_price,7,148.84633,141.9848449612403
2026-04-07,activation_price,8,146.59415,143.72824034334764
2026-04-07,activation_price,9,140.74513,147.6807722007722
2026-04-07,activation_price,10,128.04375,101.90260418304764
2026-04-07,activation_price,11,120.08343,108.05493395675043
2026-04-07,activation_price,12,114.641975,
2026-04-07,activation_price,13,115.974525,15.71337313432836
2026-04-07,activation_price,14,126.23155,34.59975095785441
2026-04-07,activation_price,15,134.1933,12.993494623655915
2026-04-07,activation_price,16,144.34009,21.94033333333333
2026-04-07,activation_price,17,133.83661,147.35148698884757
2026-04-07,activation_price,18,133.505,161.123293370945
2026-04-07,activation_price,19,128.22165,134.0559604519774
2026-04-07,activation_price,20,109.694176,133.04783261802575
2026-04-07,activation_price,21,114.091705,145.82500000000002
2026-04-07,activation_price,22,112.942,139.3065811965812
2026-04-07,activation_price,23,104.94043,121.56358490566036
2026-04-08,day_ahead_price,0,86.22499,107.17000025
2026-04-08,day_ahead_price,1,85.1625,102.209999
2026-04-08,day_ahead_price,2,85.03625,100.8199995
2026-04-08,day_ahead_price,3,82.4975,103.49749925
2026-04-08,day_ahead_price,4,81.82875,107.51249875
2026-04-08,day_ahead_price,5,83.2675,116.92749774999999
2026-04-08,day_ahead_price,6,85.2375,145.590002
2026-04-08,day_ahead_price,7,96.445,168.79749675000002
2026-04-08,day_ahead_price,8,102.905,138.50750150000002
2026-04-08,day_ahead_price,9,101.5175,97.449998
2026-04-08,day_ahead_price,10,100.95125,67.4524995
2026-04-08,day_ahead_price,11,96.8375,36.09000025
2026-04-08,day_ahead_price,12,92.20875,38.6224995
2026-04-08,day_ahead_price,13,91.79625,37.56750025
2026-04-08,day_ahead_price,14,95.54875,36.862498
2026-04-08,day_ahead_price,15,100.435,33.4849995
2026-04-08,day_ahead_price,16,107.94875,41.7624995
2026-04-08,day_ahead_price,17,118.36,91.8749975
2026-04-08,day_ahead_price,18,114.8175,134.2474995
2026-04-08,day_ahead_price,19,105.55,170.0074995
2026-04-08,day_ahead_price,20,100.9125,160.552498
2026-04-08,day_ahead_price,21,94.130005,137.10249725
2026-04-08,day_ahead_price,22,92.4675,121.3925
2026-04-08,day_ahead_price,23,89.21,109.4750005
2026-04-08,capacity_price,0,0.67,0.4
2026-04-08,capacity_price,1,0.67,0.67
2026-04-08,capacity_price,2,0.67,0.67
2026-04-08,capacity_price,3,0.67,0.67
2026-04-08,capacity_price,4,1.21,0.67
2026-04-08,capacity_price,5,1.21,1.2
2026-04-08,capacity_price,6,3.35,2.0
2026-04-08,capacity_price,7,6.02,5.35
2026-04-08,capacity_price,8,6.69,76.14
2026-04-08,capacity_price,9,9.030001,42.69
2026-04-08,capacity_price,10,13.32,20.07
2026-04-08,capacity_price,11,8.85,1.81
2026-04-08,capacity_price,12,6.69,1.34
2026-04-08,capacity_price,13,6.69,0.54
2026-04-08,capacity_price,14,7.33,0.67
2026-04-08,capacity_price,15,12.315001,1.34
2026-04-08,capacity_price,16,20.76,7.35
2026-04-08,capacity_price,17,31.6,73.6
2026-04-08,capacity_price,18,28.24,65.44
2026-04-08,capacity_price,19,24.9,73.6
2026-04-08,capacity_price,20,20.76,17.64
2026-04-08,capacity_price,21,13.255,20.07
2026-04-08,capacity_price,22,5.62,6.0
2026-04-08,capacity_price,23,1.21,0.67
2026-04-08,activation_volume,0,17.07,4.29
2026-04-08,activation_volume,1,14.8,0.0
2026-04-08,activation_volume,2,5.12,0.0
2026-04-08,activation_volume,3,3.0949998,0.0
2026-04-08,activation_volume,4,5.335,1.36
2026-04-08,activation_volume,5,10.605,9.53
2026-04-08,activation_volume,6,5.985,7.930000000000001
2026-04-08,activation_volume,7,7.16,5.86
2026-04-08,activation_volume,8,9.43,4.0
2026-04-08,activation_volume,9,7.75,17.89
2026-04-08,activation_volume,10,4.78,17.39
2026-04-08,activation_volume,11,2.7,20.7
2026-04-08,activation_volume,12,3.86,26.09
2026-04-08,activation_volume,13,7.64,8.01
2026-04-08,activation_volume,14,8.29,7.14
2026-04-08,activation_volume,15,5.28,46.93
2026-04-08,activation_volume,16,6.2799997,40.08
2026-04-08,activation_volume,17,3.7,6.31
2026-04-08,activation_volume,18,2.01,15.22
2026-04-08,activation_volume,19,1.4549999,2.5599999999999996
2026-04-08,activation_volume,20,1.63,5.029999999999999
2026-04-08,activation_volume,21,1.52,7.42
2026-04-08,activation_volume,22,3.3200002,6.17
2026-04-08,activation_volume,23,2.62,2.58
2026-04-08,activation_price,0,110.606415,70.34939393939393
2026-04-08,activation_price,1,102.81038,
2026-04-08,activation_price,2,102.29555,
2026-04-08,activation_price,3,91.33996,
2026-04-08,activation_price,4,100.14194,125.93588235294118
2026-04-08,activation_price,5,107.911705,139.44345225603357
2026-04-08,activation_price,6,139.40695,149.0523581336696
2026-04-08,activation_price,7,138.73566,165.2159556313993
2026-04-08,activation_price,8,125.298615,134.16742499999998
2026-04-08,activation_price,9,142.71533,159.29703186137507
2026-04-08,activation_price,10,124.78731,168.82426106958022
2026-04-08,activation_price,11,119.9667,101.99237681159421
2026-04-08,activation_price,12,109.15951,80.60529704867766
2026-04-08,activation_price,13,115.95769,76.64313358302124
2026-04-08,activation_price,14,134.36664,63.77
2026-04-08,activation_price,15,134.1933,101.436908161091
2026-04-08,activation_price,16,142.92537,115.68738023952098
2026-04-08,activation_price,17,139.12503,114.87689381933441
2026-04-08,activation_price,18,133.505,176.03850854139287
2026-04-08,activation_price,19,129.50114,120.17375000000003
2026-04-08,activation_price,20,108.70816,151.6498409542744
2026-04-08,activation_price,21,128.00017,231.15242587601077
2026-04-08,activation_price,22,122.18,164.68782820097246
2026-04-08,activation_price,23,114.840775,127.18197674418604
2026-04-09,day_ahead_price,0,84.4225,104.89749925000001
2026-04-09,day_ahead_price,1,83.97749,101.102501
2026-04-09,day_ahead_price,2,82.6,101.09499774999999
2026-04-09,day_ahead_price,3,81.6475,101.86249925
2026-04-09,day_ahead_price,4,81.6225,104.89000150000001
2026-04-09,day_ahead_price,5,83.2675,112.38000075000001
2026-04-09,day_ahead_price,6,85.6875,130.59499925
2026-04-09,day_ahead_price,7,97.10875,140.86249949999998
2026-04-09,day_ahead_price,8,101.0325,128.090002
2026-04-09,day_ahead_price,9,100.28,99.6749995
2026-04-09,day_ahead_price,10,96.9925,55.18000000000001
2026-04-09,day_ahead_price,11,90.74249,7.029999999999999
2026-04-09,day_ahead_price,12,92.0025,3.8899999999999997
2026-04-09,day_ahead_price,13,90.7475,2.0
2026-04-09,day_ahead_price,14,94.0175,1.34
2026-04-09,day_ahead_price,15,95.7875,3.8175
2026-04-09,day_ahead_price,16,104.697495,27.8424995
2026-04-09,day_ahead_price,17,117.3625,77.99750075
2026-04-09,day_ahead_price,18,115.8175,106.08750149999999
2026-04-09,day_ahead_price,19,111.1575,113.21749875
2026-04-09,day_ahead_price,20,101.627495,107.30749850000001
2026-04-09,day_ahead_price,21,94.665,87.590001
2026-04-09,day_ahead_price,22,92.5775,71.17749975000001
2026-04-09,day_ahead_price,23,88.935,61.19999975
2026-04-09,capacity_price,0,0.67,0.38
2026-04-09,capacity_price,1,0.67,2.0
2026-04-09,capacity_price,2,0.67,0.31
2026-04-09,capacity_price,3,0.67,0.31
2026-04-09,capacity_price,4,1.2,2.0
2026-04-09,capacity_price,5,1.21,2.0
2026-04-09,capacity_price,6,1.34,1.2
2026-04-09,capacity_price,7,3.35,1.2
2026-04-09,capacity_price,8,6.1800003,46.84
2026-04-09,capacity_price,9,6.69,3.35
2026-04-09,capacity_price,10,7.545,1.2
2026-04-09,capacity_price,11,6.69,1.2
2026-04-09,capacity_price,12,6.69,0.54
2026-04-09,capacity_price,13,6.02,0.54
2026-04-09,capacity_price,14,6.3199997,0.54
2026-04-09,capacity_price,15,6.69,0.67
2026-04-09,capacity_price,16,10.0,3.35
2026-04-09,capacity_price,17,35.62,40.35
2026-04-09,capacity_price,18,38.684998,6.69
2026-04-09,capacity_price,19,42.77,6.0
2026-04-09,capacity_price,20,13.385,4.0
2026-04-09,capacity_price,21,9.0,1.2
2026-04-09,capacity_price,22,3.35,0.54
2026-04-09,capacity_price,23,1.21,0.31
2026-04-09,activation_volume,0,23.855,20.81
2026-04-09,activation_volume,1,19.32,5.63
2026-04-09,activation_volume,2,4.415,0.21
2026-04-09,activation_volume,3,5.03,0.0
2026-04-09,activation_volume,4,5.99,1.17
2026-04-09,activation_volume,5,11.82,4.3
2026-04-09,activation_volume,6,5.985,4.85
2026-04-09,activation_volume,7,7.4700003,0.99
2026-04-09,activation_volume,8,12.07,8.32
2026-04-09,activation_volume,9,12.76,0.7
2026-04-09,activation_volume,10,4.78,9.65
2026-04-09,activation_volume,11,3.77,39.269999999999996
2026-04-09,activation_volume,12,2.79,22.740000000000002
2026-04-09,activation_volume,13,7.6499996,19.47
2026-04-09,activation_volume,14,8.42,29.449999999999996
2026-04-09,activation_volume,15,6.85,22.28
2026-04-09,activation_volume,16,8.49,83.47
2026-04-09,activation_volume,17,4.7,25.77
2026-04-09,activation_volume,18,1.95,3.12
2026-04-09,activation_volume,19,2.625,1.15
2026-04-09,activation_volume,20,1.9649999,7.7
2026-04-09,activation_volume,21,1.52,0.71
2026-04-09,activation_volume,22,3.01,0.23
2026-04-09,activation_volume,23,2.78,5.67
2026-04-09,activation_price,0,110.606415,135.90677078327727
2026-04-09,activation_price,1,102.22443,111.4
2026-04-09,activation_price,2,93.323654,90.57
2026-04-09,activation_price,3,92.58592,
2026-04-09,activation_price,4,99.40108,97.34
2026-04-09,activation_price,5,104.30547,121.49634883720931
2026-04-09,activation_price,6,130.56514,147.9276288659794
2026-04-09,activation_price,7,152.824,137.14474747474748
2026-04-09,activation_price,8,146.13208,169.24348557692306
2026-04-09,activation_price,9,146.01723,123.14542857142858
2026-04-09,activation_price,10,140.47206,89.91026943005181
2026-04-09,activation_price,11,120.88232,75.17476954418132
2026-04-09,activation_price,12,104.28659,34.72843887423043
2026-04-09,activation_price,13,114.97816,50.290359527478174
2026-04-09,activation_price,14,123.82012,55.06578268251274
2026-04-09,activation_price,15,131.37912,57.87978904847395
2026-04-09,activation_price,16,142.1926,383.9484281777884
2026-04-09,activation_price,17,136.15598,157.2839852541715
2026-04-09,activation_price,18,132.6367,155.05320512820512
2026-04-09,activation_price,19,136.10089,103.95
2026-04-09,activation_price,20,120.71,123.20657142857142
2026-04-09,activation_price,21,125.37443,96.67605633802818
2026-04-09,activation_price,22,115.88379,134.58
2026-04-09,activation_price,23,110.0095,83.86768959435625
2026-04-10,day_ahead_price,0,87.725006,62.0525
2026-04-10,day_ahead_price,1,87.0,62.227498999999995
2026-04-10,day_ahead_price,2,85.488754,61.84249975
2026-04-10,day_ahead_price,3,84.055,59.387498750000006
2026-04-10,day_ahead_price,4,83.215,65.39750025000001
2026-04-10,day_ahead_price,5,84.479996,76.75249975
2026-04-10,day_ahead_price,6,90.99625,104.60999874999999
2026-04-10,day_ahead_price,7,97.597496,121.62249924999999
2026-04-10,day_ahead_price,8,103.98125,123.08749949999999
2026-04-10,day_ahead_price,9,102.7425,119.1574975
2026-04-10,day_ahead_price,10,100.6825,109.84000025
2026-04-10,day_ahead_price,11,92.99,102.98999975
2026-04-10,day_ahead_price,12,92.103745,92.09
2026-04-10,day_ahead_price,13,92.4575,88.9375
2026-04-10,day_ahead_price,14,96.14749,87.39999975
2026-04-10,day_ahead_price,15,99.3,94.017498
2026-04-10,day_ahead_price,16,111.36625,108.7799985
2026-04-10,day_ahead_price,17,119.573746,127.20250124999998
2026-04-10,day_ahead_price,18,116.9725,150.42999650000002
2026-04-10,day_ahead_price,19,108.2025,221.63999975000002
2026-04-10,day_ahead_price,20,101.0775,238.1574975
2026-04-10,day_ahead_price,21,94.8475,170.62999725
2026-04-10,day_ahead_price,22,92.6875,142.074999
2026-04-10,day_ahead_price,23,88.895004,125.7200015
2026-04-10,capacity_price,0,0.67,0.37
2026-04-10,capacity_price,1,0.67,0.27
2026-04-10,capacity_price,2,0.67,0.31
2026-04-10,capacity_price,3,0.67,0.27
2026-04-10,capacity_price,4,1.2,0.31
2026-04-10,capacity_price,5,1.21,0.67
2026-04-10,capacity_price,6,1.31,1.2
2026-04-10,capacity_price,7,3.35,1.2
2026-04-10,capacity_price,8,6.69,63.7
2026-04-10,capacity_price,9,8.03,9.9
2026-04-10,capacity_price,10,10.0,6.69
2026-04-10,capacity_price,11,8.105,6.69
2026-04-10,capacity_price,12,6.69,3.35
2026-04-10,capacity_price,13,6.69,1.62
2026-04-10,capacity_price,14,6.69,1.2
2026-04-10,capacity_price,15,10.0,6.69
2026-04-10,capacity_price,16,14.385,24.89
2026-04-10,capacity_price,17,33.74,72.6
2026-04-10,capacity_price,18,35.75,65.57
2026-04-10,capacity_price,19,37.725,9.63
2026-04-10,capacity_price,20,21.49,9.63
2026-04-10,capacity_price,21,13.255,1.2
2026-04-10,capacity_price,22,5.62,1.2
2026-04-10,capacity_price,23,1.21,0.67
2026-04-10,activation_volume,0,23.06,16.77
2026-04-10,activation_volume,1,17.77,0.15
2026-04-10,activation_volume,2,5.3,1.56
2026-04-10,activation_volume,3,3.34,0.26
2026-04-10,activation_volume,4,6.3599997,1.4700000000000002
2026-04-10,activation_volume,5,9.52,4.7700000000000005
2026-04-10,activation_volume,6,7.635,7.510000000000001
2026-04-10,activation_volume,7,5.7,1.47
2026-04-10,activation_volume,8,11.39,5.65
2026-04-10,activation_volume,9,9.37,6.16
2026-04-10,activation_volume,10,5.39,0.0
2026-04-10,activation_volume,11,6.035,4.53
2026-04-10,activation_volume,12,4.205,10.17
2026-04-10,activation_volume,13,6.6800003,1.86
2026-04-10,activation_volume,14,7.55,1.98
2026-04-10,activation_volume,15,5.445,2.4600000000000004
2026-04-10,activation_volume,16,8.01,6.449999999999999
2026-04-10,activation_volume,17,5.045,1.23
2026-04-10,activation_volume,18,1.3399999,9.969999999999999
2026-04-10,activation_volume,19,2.525,6.13
2026-04-10,activation_volume,20,1.3050001,11.099999999999998
2026-04-10,activation_volume,21,1.0,3.44
2026-04-10,activation_volume,22,2.07,2.8299999999999996
2026-04-10,activation_volume,23,2.47,4.92
2026-04-10,activation_price,0,106.8686,128.29190816935005
2026-04-10,activation_price,1,99.71912,38.02
2026-04-10,activation_price,2,109.74,60.45
2026-04-10,activation_price,3,95.016754,28.63
2026-04-10,activation_price,4,96.042305,43.518911564625846
2026-04-10,activation_price,5,105.956436,52.793605870020954
2026-04-10,activation_price,6,140.12291,193.0344873501997
2026-04-10,activation_price,7,138.73566,118.95993197278911
2026-04-10,activation_price,8,135.00308,130.78141592920352
2026-04-10,activation_price,9,136.68724,165.00267857142856
2026-04-10,activation_price,10,129.99283,
2026-04-10,activation_price,11,127.31169,827.93
2026-04-10,activation_price,12,111.95143,157.75456243854475
2026-04-10,activation_price,13,115.35276,71.3831182795699
2026-04-10,activation_price,14,125.11162,35.333383838383845
2026-04-10,activation_price,15,130.3591,63.841260162601614
2026-04-10,activation_price,16,134.57831,126.98601550387598
2026-04-10,activation_price,17,140.61218,105.13243902439025
2026-04-10,activation_price,18,133.84915,154.51388164493483
2026-04-10,activation_price,19,137.0195,182.7915986949429
2026-04-10,activation_price,20,109.694176,217.42602702702706
2026-04-10,activation_price,21,111.365555,172.94595930232558
2026-04-10,activation_price,22,109.09711,137.5571378091873
2026-04-10,activation_price,23,110.25927,147.2300406504065
2026-04-11,day_ahead_price,0,86.22499,130.199999
2026-04-11,day_ahead_price,1,86.613754,118.97999949999999
2026-04-11,day_ahead_price,2,85.42,114.3375015
2026-04-11,day_ahead_price,3,83.36626,112.23499875
2026-04-11,day_ahead_price,4,83.78,110.83749974999999
2026-04-11,day_ahead_price,5,84.0775,108.3600005
2026-04-11,day_ahead_price,6,90.7875,106.6049995
2026-04-11,day_ahead_price,7,96.06375,93.23749925
2026-04-11,day_ahead_price,8,105.0275,70.25250150000001
2026-04-11,day_ahead_price,9,102.3825,26.16749975
2026-04-11,day_ahead_price,10,101.22,7.2525
2026-04-11,day_ahead_price,11,94.799995,0.8125
2026-04-11,day_ahead_price,12,92.1475,-8.0
2026-04-11,day_ahead_price,13,94.635,-15.1725
2026-04-11,day_ahead_price,14,96.82,-17.2425
2026-04-11,day_ahead_price,15,99.06625,-17.935000000000002
2026-04-11,day_ahead_price,16,108.9875,-3.055
2026-04-11,day_ahead_price,17,119.68875,2.14
2026-04-11,day_ahead_price,18,121.18,43.6975
2026-04-11,day_ahead_price,19,111.73125,61.742499249999995
2026-04-11,day_ahead_price,20,102.165,60.1725015
2026-04-11,day_ahead_price,21,96.3275,52.9874995
2026-04-11,day_ahead_price,22,94.94125,51.817500249999995
2026-04-11,day_ahead_price,23,89.072495,49.7575
2026-04-11,capacity_price,0,0.67,0.67
2026-04-11,capacity_price,1,0.67,1.2
2026-04-11,capacity_price,2,0.67,0.67
2026-04-11,capacity_price,3,0.67,0.31
2026-04-11,capacity_price,4,1.2,0.4
2026-04-11,capacity_price,5,1.21,0.67
2026-04-11,capacity_price,6,2.05,1.2
2026-04-11,capacity_price,7,5.89,1.2
2026-04-11,capacity_price,8,6.69,10.0
2026-04-11,capacity_price,9,10.98,1.2
2026-04-11,capacity_price,10,10.0,0.54
2026-04-11,capacity_price,11,9.75,0.13
2026-04-11,capacity_price,12,7.8999996,0.13
2026-04-11,capacity_price,13,6.69,0.13
2026-04-11,capacity_price,14,10.0,0.13
2026-04-11,capacity_price,15,13.05,0.13
2026-04-11,capacity_price,16,21.130001,0.54
2026-04-11,capacity_price,17,33.74,1.2
2026-04-11,capacity_price,18,37.76,1.2
2026-04-11,capacity_price,19,44.46,1.2
2026-04-11,capacity_price,20,24.9,1.2
2026-04-11,capacity_price,21,13.26,0.54
2026-04-11,capacity_price,22,6.69,0.54
2026-04-11,capacity_price,23,1.21,0.39
2026-04-11,activation_volume,0,23.06,29.07
2026-04-11,activation_volume,1,10.59,10.2
2026-04-11,activation_volume,2,2.85,14.07
2026-04-11,activation_volume,3,1.55,12.549999999999999
2026-04-11,activation_volume,4,3.97,18.99
2026-04-11,activation_volume,5,6.26,9.3
2026-04-11,activation_volume,6,7.56,3.07
2026-04-11,activation_volume,7,5.41,1.7600000000000002
2026-04-11,activation_volume,8,11.015,15.32
2026-04-11,activation_volume,9,7.0950003,18.72
2026-04-11,activation_volume,10,4.54,62.830000000000005
2026-04-11,activation_volume,11,2.65,19.92
2026-04-11,activation_volume,12,4.325,6.239999999999999
2026-04-11,activation_volume,13,7.17,1.81
2026-04-11,activation_volume,14,9.7,2.54
2026-04-11,activation_volume,15,4.36,0.25
2026-04-11,activation_volume,16,7.23,14.649999999999999
2026-04-11,activation_volume,17,4.69,65.71000000000001
2026-04-11,activation_volume,18,0.89,31.48
2026-04-11,activation_volume,19,2.38,0.0
2026-04-11,activation_volume,20,1.62,1.9500000000000002
2026-04-11,activation_volume,21,1.49,6.7700000000000005
2026-04-11,activation_volume,22,2.07,8.120000000000001
2026-04-11,activation_volume,23,3.135,0.0
2026-04-11,activation_price,0,109.56889,141.52943928448573
2026-04-11,activation_price,1,101.052505,146.21681372549023
2026-04-11,activation_price,2,88.26621,137.68961620469082
2026-04-11,activation_price,3,91.768394,136.0271394422311
2026-04-11,activation_price,4,100.38985,203.32537651395472
2026-04-11,activation_price,5,105.956436,133.05693548387097
2026-04-11,activation_price,6,140.12291,115.7542345276873
2026-04-11,activation_price,7,133.60712,113.9135227272727
2026-04-11,activation_price,8,132.18164,241.076272845953
2026-04-11,activation_price,9,137.71207,146.36384615384617
2026-04-11,activation_price,10,128.04375,91.96982492439916
2026-04-11,activation_price,11,120.02506,77.85590361445783
2026-04-11,activation_price,12,113.67581,30.006089743589747
2026-04-11,activation_price,13,114.97816,9.208453038674032
2026-04-11,activation_price,14,133.97906,8.491496062992127
2026-04-11,activation_price,15,118.61752,10.082
2026-04-11,activation_price,16,143.91957,96.16733788395904
2026-04-11,activation_price,17,140.64093,112.83639628671435
2026-04-11,activation_price,18,130.17,150.96235387547648
2026-04-11,activation_price,19,132.3852,
2026-04-11,activation_price,20,109.694176,91.05517948717949
2026-04-11,activation_price,21,127.886925,92.82200886262925
2026-04-11,activation_price,22,113.49646,74.89597290640393
2026-04-11,activation_price,23,112.04,
2026-04-12,day_ahead_price,0,86.024994,56.267499
2026-04-12,day_ahead_price,1,85.21625,56.59500025
2026-04-12,day_ahead_price,2,84.801254,59.567500249999995
2026-04-12,day_ahead_price,3,83.896255,76.55999974999999
2026-04-12,day_ahead_price,4,83.229996,85.68250075
2026-04-12,day_ahead_price,5,84.8825,89.58499925
2026-04-12,day_ahead_price,6,89.6025,88.9524995
2026-04-12,day_ahead_price,7,96.86749,87.38750075
2026-04-12,day_ahead_price,8,103.6,76.102499
2026-04-12,day_ahead_price,9,104.442505,53.3224995
2026-04-12,day_ahead_price,10,100.6825,30.2325
2026-04-12,day_ahead_price,11,93.055,22.4150005
2026-04-12,day_ahead_price,12,92.292496,14.975
2026-04-12,day_ahead_price,13,92.806244,4.4625
2026-04-12,day_ahead_price,14,96.14749,7.647500000000001
2026-04-12,day_ahead_price,15,99.99625,15.904999750000002
2026-04-12,day_ahead_price,16,109.07,66.91249825
2026-04-12,day_ahead_price,17,118.425,102.66749949999999
2026-04-12,day_ahead_price,18,118.6125,131.70999924999998
2026-04-12,day_ahead_price,19,111.463745,144.01750175
2026-04-12,day_ahead_price,20,102.74625,145.75749975000002
2026-04-12,day_ahead_price,21,99.0025,136.732502
2026-04-12,day_ahead_price,22,94.2125,130.607498
2026-04-12,day_ahead_price,23,89.61,121.0075015
2026-04-12,capacity_price,0,0.67,0.32
2026-04-12,capacity_price,1,0.67,0.32
2026-04-12,capacity_price,2,0.67,0.32
2026-04-12,capacity_price,3,0.67,0.32
2026-04-12,capacity_price,4,1.2,0.67
2026-04-12,capacity_price,5,1.21,0.67
2026-04-12,capacity_price,6,1.34,1.2
2026-04-12,capacity_price,7,3.35,1.2
2026-04-12,capacity_price,8,6.69,20.07
2026-04-12,capacity_price,9,7.0299997,20.08
2026-04-12,capacity_price,10,9.0,1.2
2026-04-12,capacity_price,11,6.69,0.67
2026-04-12,capacity_price,12,6.69,0.28
2026-04-12,capacity_price,13,6.29,0.13
2026-04-12,capacity_price,14,6.69,0.13
2026-04-12,capacity_price,15,9.285,0.67
2026-04-12,capacity_price,16,13.32,6.1
2026-04-12,capacity_price,17,36.15,66.08
2026-04-12,capacity_price,18,38.28,42.55
2026-04-12,capacity_price,19,38.56,33.46
2026-04-12,capacity_price,20,22.22,7.6
2026-04-12,capacity_price,21,9.565001,5.35
2026-04-12,capacity_price,22,5.62,1.2
2026-04-12,capacity_price,23,1.21,0.54
2026-04-12,activation_volume,0,27.75,11.93
2026-04-12,activation_volume,1,17.92,12.44
2026-04-12,activation_volume,2,4.47,12.33
2026-04-12,activation_volume,3,10.79,14.95
2026-04-12,activation_volume,4,5.65,1.01
2026-04-12,activation_volume,5,10.46,1.5599999999999998
2026-04-12,activation_volume,6,9.68,1.5
2026-04-12,activation_volume,7,6.37,0.0
2026-04-12,activation_volume,8,12.17,17.979999999999997
2026-04-12,activation_volume,9,10.02,65.08
2026-04-12,activation_volume,10,4.78,143.63
2026-04-12,activation_volume,11,3.77,142.32
2026-04-12,activation_volume,12,4.41,58.379999999999995
2026-04-12,activation_volume,13,7.415,43.89999999999999
2026-04-12,activation_volume,14,6.505,104.45
2026-04-12,activation_volume,15,5.23,192.49
2026-04-12,activation_volume,16,8.01,20.19
2026-04-12,activation_volume,17,3.7,26.009999999999998
2026-04-12,activation_volume,18,1.3399999,6.6000000000000005
2026-04-12,activation_volume,19,2.6,4.640000000000001
2026-04-12,activation_volume,20,2.44,9.67
2026-04-12,activation_volume,21,1.22,4.01
2026-04-12,activation_volume,22,2.5349998,7.909999999999999
2026-04-12,activation_volume,23,2.47,21.59
2026-04-12,activation_price,0,112.25252,68.94984911986589
2026-04-12,activation_price,1,100.70868,57.096471061093254
2026-04-12,activation_price,2,100.47861,76.91211678832116
2026-04-12,activation_price,3,102.218254,56.4706287625418
2026-04-12,activation_price,4,100.509155,33.64425742574258
2026-04-12,activation_price,5,107.1061,54.95858974358975
2026-04-12,activation_price,6,130.56514,62.2698
2026-04-12,activation_price,7,128.10565,
2026-04-12,activation_price,8,146.93546,153.4425361512792
2026-04-12,activation_price,9,142.71533,149.26837891825446
2026-04-12,activation_price,10,125.44092,178.943558448792
2026-04-12,activation_price,11,119.9667,121.21970418774593
2026-04-12,activation_price,12,111.04607,94.49373929427887
2026-04-12,activation_price,13,114.97816,72.67260136674261
2026-04-12,activation_price,14,126.06,148.8009114408808
2026-04-12,activation_price,15,129.4683,150.70360694062026
2026-04-12,activation_price,16,143.51166,121.63092620108964
2026-04-12,activation_price,17,134.61589,183.111599384852
2026-04-12,activation_price,18,139.0328,147.94472727272725
2026-04-12,activation_price,19,126.942154,152.8470043103448
2026-04-12,activation_price,20,120.71,180.11619441571872
2026-04-12,activation_price,21,109.86783,135.41391521197008
2026-04-12,activation_price,22,114.52111,144.27558786346398
2026-04-12,activation_price,23,117.97928,159.87736915238537
2026-04-13,day_ahead_price,0,86.71,116.17499925
2026-04-13,day_ahead_price,1,85.1625,109.795
2026-04-13,day_ahead_price,2,85.045,107.31499875
2026-04-13,day_ahead_price,3,82.29375,107.59000025
2026-04-13,day_ahead_price,4,81.82875,110.02000050000001
2026-04-13,day_ahead_price,5,84.0775,117.64250175
2026-04-13,day_ahead_price,6,88.805,134.925005
2026-04-13,day_ahead_price,7,98.2475,144.33750149999997
2026-04-13,day_ahead_price,8,105.0275,173.0525015
2026-04-13,day_ahead_price,9,104.425,160.96499649999998
2026-04-13,day_ahead_price,10,100.6825,138.62999925
2026-04-13,day_ahead_price,11,94.86,116.00000025
2026-04-13,day_ahead_price,12,92.125,104.73499874999999
2026-04-13,day_ahead_price,13,94.402504,97.39250000000001
2026-04-13,day_ahead_price,14,95.215,101.69499975000001
2026-04-13,day_ahead_price,15,99.76625,104.637501
2026-04-13,day_ahead_price,16,110.02375,114.53499975
2026-04-13,day_ahead_price,17,120.9825,122.249998
2026-04-13,day_ahead_price,18,118.35875,135.67249650000002
2026-04-13,day_ahead_price,19,113.57125,148.21249774999998
2026-04-13,day_ahead_price,20,102.74625,137.04499825
2026-04-13,day_ahead_price,21,96.3275,126.115
2026-04-13,day_ahead_price,22,94.315,118.41
2026-04-13,day_ahead_price,23,89.902504,116.88500025
2026-04-13,capacity_price,0,0.67,1.2
2026-04-13,capacity_price,1,0.67,1.2
2026-04-13,capacity_price,2,0.67,1.2
2026-04-13,capacity_price,3,0.67,1.2
2026-04-13,capacity_price,4,1.21,2.0
2026-04-13,capacity_price,5,1.21,2.0
2026-04-13,capacity_price,6,4.77,5.35
2026-04-13,capacity_price,7,5.885,9.77
2026-04-13,capacity_price,8,6.69,51.93
2026-04-13,capacity_price,9,6.69,9.9
2026-04-13,capacity_price,10,7.665,9.77
2026-04-13,capacity_price,11,6.69,6.69
2026-04-13,capacity_price,12,6.69,1.2
2026-04-13,capacity_price,13,6.69,1.2
2026-04-13,capacity_price,14,6.69,1.2
2026-04-13,capacity_price,15,7.33,9.63
2026-04-13,capacity_price,16,21.130001,24.89
2026-04-13,capacity_price,17,42.949997,73.61
2026-04-13,capacity_price,18,41.625,44.03
2026-04-13,capacity_price,19,42.77,46.84
2026-04-13,capacity_price,20,21.49,104.92
2026-04-13,capacity_price,21,13.39,6.69
2026-04-13,capacity_price,22,5.75,1.2
2026-04-13,capacity_price,23,1.26,0.67
2026-04-13,activation_volume,0,25.11,39.120000000000005
2026-04-13,activation_volume,1,20.04,25.439999999999998
2026-04-13,activation_volume,2,4.45,4.08
2026-04-13,activation_volume,3,3.8049998,5.01
2026-04-13,activation_volume,4,3.97,6.92
2026-04-13,activation_volume,5,9.52,9.17
2026-04-13,activation_volume,6,5.7749996,14.92
2026-04-13,activation_volume,7,5.56,13.27
2026-04-13,activation_volume,8,11.35,24.77
2026-04-13,activation_volume,9,12.26,10.88
2026-04-13,activation_volume,10,4.66,1.39
2026-04-13,activation_volume,11,3.255,7.140000000000001
2026-04-13,activation_volume,12,4.31,23.78
2026-04-13,activation_volume,13,7.1000004,9.47
2026-04-13,activation_volume,14,7.77,28.020000000000003
2026-04-13,activation_volume,15,6.605,3.62
2026-04-13,activation_volume,16,6.76,15.719999999999999
2026-04-13,activation_volume,17,4.69,28.49
2026-04-13,activation_volume,18,2.2849998,0.13
2026-04-13,activation_volume,19,2.525,0.0
2026-04-13,activation_volume,20,1.74,4.03
2026-04-13,activation_volume,21,1.46,4.41
2026-04-13,activation_volume,22,3.005,2.48
2026-04-13,activation_volume,23,4.29,2.44
2026-04-13,activation_price,0,115.145706,157.82575664621675
2026-04-13,activation_price,1,104.61299,110.85855738993712
2026-04-13,activation_price,2,104.84369,112.22208333333332
2026-04-13,activation_price,3,89.876205,120.0474251497006
2026-04-13,activation_price,4,93.91647,119.41462427745667
2026-04-13,activation_price,5,106.51831,357.77503816793893
2026-04-13,activation_price,6,130.56514,183.29926943699732
2026-04-13,activation_price,7,145.78336,204.59987942727957
2026-04-13,activation_price,8,139.22081,357.24586596689545
2026-04-13,activation_price,9,140.66956,288.5550827205882
2026-04-13,activation_price,10,128.24068,206.79
2026-04-13,activation_price,11,118.89554,182.51389355742293
2026-04-13,activation_price,12,113.34319,307.09537005887296
2026-04-13,activation_price,13,114.08357,167.13096092925025
2026-04-13,activation_price,14,129.08603,214.77441113490366
2026-04-13,activation_price,15,131.37912,129.9956906077348
2026-04-13,activation_price,16,131.01329,210.21354325699747
2026-04-13,activation_price,17,138.03743,205.42407862407862
2026-04-13,activation_price,18,139.0328,77.75
2026-04-13,activation_price,19,135.26923,
2026-04-13,activation_price,20,125.78436,139.4656327543424
2026-04-13,activation_price,21,118.847824,162.82183673469387
2026-04-13,activation_price,22,116.20043,130.13451612903225
2026-04-13,activation_price,23,113.653625,119.10131147540986
2026-04-14,day_ahead_price,0,87.006256,114.02250099999999
2026-04-14,day_ahead_price,1,85.21625,113.66499925000001
2026-04-14,day_ahead_price,2,84.93125,114.98999950000001
2026-04-14,day_ahead_price,3,83.896255,113.38500025
2026-04-14,day_ahead_price,4,83.96625,114.5649985
2026-04-14,day_ahead_price,5,84.9475,117.76000025
2026-04-14,day_ahead_price,6,88.805,136.07249825
2026-04-14,day_ahead_price,7,97.51625,162.78999725
2026-04-14,day_ahead_price,8,105.0275,164.49499525
2026-04-14,day_ahead_price,9,103.34375,144.32999825
2026-04-14,day_ahead_price,10,101.380005,128.829998
2026-04-14,day_ahead_price,11,92.99,117.33250025000001
2026-04-14,day_ahead_price,12,91.958755,109.5074995
2026-04-14,day_ahead_price,13,91.39625,104.69999899999999
2026-04-14,day_ahead_price,14,92.6875,108.91000174999999
2026-04-14,day_ahead_price,15,99.06625,115.567501
2026-04-14,day_ahead_price,16,111.36625,119.99749924999999
2026-04-14,day_ahead_price,17,118.6775,129.32499875000002
2026-04-14,day_ahead_price,18,115.8175,158.7649995
2026-04-14,day_ahead_price,19,111.945,221.37250125
2026-04-14,day_ahead_price,20,102.125,232.687504
2026-04-14,day_ahead_price,21,97.425,165.94750224999999
2026-04-14,day_ahead_price,22,94.11,147.21749875
2026-04-14,day_ahead_price,23,89.61,132.9450015
2026-04-14,capacity_price,0,0.67,2.0
2026-04-14,capacity_price,1,0.67,1.2
2026-04-14,capacity_price,2,0.67,1.47
2026-04-14,capacity_price,3,0.67,1.47
2026-04-14,capacity_price,4,1.2,4.42
2026-04-14,capacity_price,5,1.21,2.0
2026-04-14,capacity_price,6,2.6799998,16.19
2026-04-14,capacity_price,7,4.81,25.16
2026-04-14,capacity_price,8,6.69,25.16
2026-04-14,capacity_price,9,6.69,9.9
2026-04-14,capacity_price,10,6.69,9.77
2026-04-14,capacity_price,11,6.69,6.69
2026-04-14,capacity_price,12,6.69,1.2
2026-04-14,capacity_price,13,6.355,3.35
2026-04-14,capacity_price,14,6.69,1.2
2026-04-14,capacity_price,15,9.24,9.63
2026-04-14,capacity_price,16,14.91,8.83
2026-04-14,capacity_price,17,39.535,66.65
2026-04-14,capacity_price,18,38.35,63.7
2026-04-14,capacity_price,19,46.120003,101.57
2026-04-14,capacity_price,20,28.75,102.51
2026-04-14,capacity_price,21,13.32,9.9
2026-04-14,capacity_price,22,6.02,17.69
2026-04-14,capacity_price,23,1.21,1.2
2026-04-14,activation_volume,0,22.09,22.509999999999998
2026-04-14,activation_volume,1,15.77,4.1
2026-04-14,activation_volume,2,5.96,3.6799999999999997
2026-04-14,activation_volume,3,5.63,1.4700000000000002
2026-04-14,activation_volume,4,5.0150003,3.33
2026-04-14,activation_volume,5,8.469999,3.44
2026-04-14,activation_volume,6,7.0,6.99
2026-04-14,activation_volume,7,5.56,5.28
2026-04-14,activation_volume,8,11.605,5.05
2026-04-14,activation_volume,9,10.405,3.2500000000000004
2026-04-14,activation_volume,10,4.8,4.47
2026-04-14,activation_volume,11,3.8400002,5.68
2026-04-14,activation_volume,12,4.835,11.110000000000001
2026-04-14,activation_volume,13,5.785,1.41
2026-04-14,activation_volume,14,9.8,9.45
2026-04-14,activation_volume,15,5.865,22.360000000000003
2026-04-14,activation_volume,16,7.04,1.2
2026-04-14,activation_volume,17,5.05,12.69
2026-04-14,activation_volume,18,3.395,13.77
2026-04-14,activation_volume,19,2.47,20.42
2026-04-14,activation_volume,20,1.78,35.02
2026-04-14,activation_volume,21,1.58,4.19
2026-04-14,activation_volume,22,2.84,1.76
2026-04-14,activation_volume,23,5.855,11.1
2026-04-14,activation_price,0,110.2247,152.73276765881832
2026-04-14,activation_price,1,102.81038,90.53336585365857
2026-04-14,activation_price,2,105.75535,117.25426630434784
2026-04-14,activation_price,3,97.06182,78.67625850340136
2026-04-14,activation_price,4,99.90239,113.61873873873874
2026-04-14,activation_price,5,103.655365,126.73563953488373
2026-04-14,activation_price,6,130.67686,161.09138769670957
2026-04-14,activation_price,7,151.91397,161.18507575757573
2026-04-14,activation_price,8,141.5357,187.20752475247525
2026-04-14,activation_price,9,140.76848,134.3306769230769
2026-04-14,activation_price,10,128.24068,161.76753914988817
2026-04-14,activation_price,11,115.49064,162.7848063380282
2026-04-14,activation_price,12,113.34319,140.38706570657064
2026-04-14,activation_price,13,114.08357,113.9354609929078
2026-04-14,activation_price,14,124.824936,128.76658201058203
2026-04-14,activation_price,15,129.4683,150.2580456171735
2026-04-14,activation_price,16,134.57831,127.40316666666668
2026-04-14,activation_price,17,134.00087,174.86618597320725
2026-04-14,activation_price,18,128.81102,185.57884531590412
2026-04-14,activation_price,19,132.3852,230.42367286973553
2026-04-14,activation_price,20,112.66,479.192238720731
2026-04-14,activation_price,21,119.17,367.7777565632458
2026-04-14,activation_price,22,115.04413,103.51034090909091
2026-04-14,activation_price,23,112.47226,141.41370270270272
2026-04-15,day_ahead_price,0,86.424995,120.40999975
2026-04-15,day_ahead_price,1,85.665,116.4575005
2026-04-15,day_ahead_price,2,84.0325,111.76749975
2026-04-15,day_ahead_price,3,82.33,110.0175
2026-04-15,day_ahead_price,4,81.6225,110.84249875
2026-04-15,day_ahead_price,5,82.259995,122.58000175000001
2026-04-15,day_ahead_price,6,84.9075,148.310005
2026-04-15,day_ahead_price,7,96.0125,159.55249775
2026-04-15,day_ahead_price,8,98.17375,140.10000225
2026-04-15,day_ahead_price,9,96.64751,116.3199995
2026-04-15,day_ahead_price,10,91.135,100.802498
2026-04-15,day_ahead_price,11,87.88375,78.9399995
2026-04-15,day_ahead_price,12,83.705,61.61000075
2026-04-15,day_ahead_price,13,83.635,53.45749925
2026-04-15,day_ahead_price,14,86.2175,67.2575015
2026-04-15,day_ahead_price,15,92.7425,81.4924985
2026-04-15,day_ahead_price,16,100.292496,99.25499925
2026-04-15,day_ahead_price,17,109.9075,124.84000225
2026-04-15,day_ahead_price,18,111.4,140.6375025
2026-04-15,day_ahead_price,19,104.0475,174.4375035
2026-04-15,day_ahead_price,20,98.8275,176.755001
2026-04-15,day_ahead_price,21,92.8,145.38749875
2026-04-15,day_ahead_price,22,92.6875,130.71500025
2026-04-15,day_ahead_price,23,88.895004,116.62750075
2026-04-15,capacity_price,0,0.67,1.2
2026-04-15,capacity_price,1,0.67,1.2
2026-04-15,capacity_price,2,0.67,1.2
2026-04-15,capacity_price,3,0.67,1.2
2026-04-15,capacity_price,4,1.2,8.83
2026-04-15,capacity_price,5,1.21,2.0
2026-04-15,capacity_price,6,1.34,6.69
2026-04-15,capacity_price,7,3.35,9.63
2026-04-15,capacity_price,8,5.825,9.9
2026-04-15,capacity_price,9,6.69,9.9
2026-04-15,capacity_price,10,6.69,9.63
2026-04-15,capacity_price,11,6.02,6.69
2026-04-15,capacity_price,12,5.75,1.2
2026-04-15,capacity_price,13,5.75,1.2
2026-04-15,capacity_price,14,5.89,1.2
2026-04-15,capacity_price,15,6.69,6.69
2026-04-15,capacity_price,16,13.25,4.0
2026-04-15,capacity_price,17,25.16,51.52
2026-04-15,capacity_price,18,25.57,85.92
2026-04-15,capacity_price,19,17.54,146.27
2026-04-15,capacity_price,20,13.39,142.17
2026-04-15,capacity_price,21,11.4,76.41
2026-04-15,capacity_price,22,3.6399999,9.63
2026-04-15,capacity_price,23,1.2,1.2
2026-04-15,activation_volume,0,22.045,42.64
2026-04-15,activation_volume,1,13.165001,28.310000000000002
2026-04-15,activation_volume,2,3.9,18.749999999999996
2026-04-15,activation_volume,3,6.23,1.0399999999999998
2026-04-15,activation_volume,4,4.17,8.209999999999999
2026-04-15,activation_volume,5,8.469999,8.4
2026-04-15,activation_volume,6,6.775,11.72
2026-04-15,activation_volume,7,5.7,2.11
2026-04-15,activation_volume,8,10.355,1.78
2026-04-15,activation_volume,9,7.44,5.779999999999999
2026-04-15,activation_volume,10,3.11,3.9
2026-04-15,activation_volume,11,3.8899999,0.01
2026-04-15,activation_volume,12,2.49,25.47
2026-04-15,activation_volume,13,6.59,16.58
2026-04-15,activation_volume,14,7.28,12.219999999999999
2026-04-15,activation_volume,15,7.1099997,9.530000000000001
2026-04-15,activation_volume,16,8.885,6.4799999999999995
2026-04-15,activation_volume,17,4.69,10.74
2026-04-15,activation_volume,18,2.01,18.400000000000002
2026-04-15,activation_volume,19,2.085,5.8
2026-04-15,activation_volume,20,2.705,7.260000000000001
2026-04-15,activation_volume,21,1.97,6.79
2026-04-15,activation_volume,22,3.08,3.7
2026-04-15,activation_volume,23,5.16,0.12
2026-04-15,activation_price,0,105.40209,161.059169793621
2026-04-15,activation_price,1,101.34549,120.78863299187566
2026-04-15,activation_price,2,96.80674,136.11417600000004
2026-04-15,activation_price,3,96.47234,82.9833653846154
2026-04-15,activation_price,4,95.39743,129.55542021924484
2026-04-15,activation_price,5,104.30547,154.01717857142856
2026-04-15,activation_price,6,123.690445,253.7754010238908
2026-04-15,activation_price,7,115.80778,137.7849289099526
2026-04-15,activation_price,8,128.17007,161.06533707865165
2026-04-15,activation_price,9,134.15,163.9915570934256
2026-04-15,activation_price,10,126.74233,166.1931282051282
2026-04-15,activation_price,11,120.08343,54.36
2026-04-15,activation_price,12,109.83294,118.39704358068317
2026-04-15,activation_price,13,112.80873,97.0887454764777
2026-04-15,activation_price,14,122.06817,123.2458510638298
2026-04-15,activation_price,15,129.4683,137.3099685204617
2026-04-15,activation_price,16,140.83257,155.26981481481482
2026-04-15,activation_price,17,136.15598,201.73728119180635
2026-04-15,activation_price,18,133.505,196.1772391304348
2026-04-15,activation_price,19,136.10089,124.00218965517243
2026-04-15,activation_price,20,126.13696,155.6641597796143
2026-04-15,activation_price,21,114.091705,148.15792341678937
2026-04-15,activation_price,22,109.90158,145.70172972972972
2026-04-15,activation_price,23,106.04472,132.08666666666667
2026-04-16,day_ahead_price,0,88.776245,106.21500025
2026-04-16,day_ahead_price,1,87.9825,101.39750075
2026-04-16,day_ahead_price,2,85.5575,99.59500125
2026-04-16,day_ahead_price,3,84.8075,98.36499975000001
2026-04-16,day_ahead_price,4,84.1525,100.902502
2026-04-16,day_ahead_price,5,85.832504,109.0999985
2026-04-16,day_ahead_price,6,90.7875,137.50500125
2026-04-16,day_ahead_price,7,98.1625,141.18999874999997
2026-04-16,day_ahead_price,8,102.21,133.635002
2026-04-16,day_ahead_price,9,101.07625,110.19499975000001
2026-04-16,day_ahead_price,10,94.840004,96.35250075
2026-04-16,day_ahead_price,11,88.3675,75.67250150000001
2026-04-16,day_ahead_price,12,83.86875,60.614999749999996
2026-04-16,day_ahead_price,13,86.042496,49.664999
2026-04-16,day_ahead_price,14,91.4,56.28999875
2026-04-16,day_ahead_price,15,96.095,70.87000074999999
2026-04-16,day_ahead_price,16,104.697495,89.75749775
2026-04-16,day_ahead_price,17,116.801254,111.55500025
2026-04-16,day_ahead_price,18,115.24126,131.14499875
2026-04-16,day_ahead_price,19,105.4925,166.92749425
2026-04-16,day_ahead_price,20,97.8375,187.31749725000003
2026-04-16,day_ahead_price,21,92.83625,155.01000224999999
2026-04-16,day_ahead_price,22,90.8,138.76000200000001
2026-04-16,day_ahead_price,23,88.3175,127.36249725
2026-04-16,capacity_price,0,0.67,1.2
2026-04-16,capacity_price,1,0.67,1.2
2026-04-16,capacity_price,2,0.67,0.67
2026-04-16,capacity_price,3,0.67,0.67
2026-04-16,capacity_price,4,1.21,1.2
2026-04-16,capacity_price,5,1.21,1.2
2026-04-16,capacity_price,6,1.34,9.63
2026-04-16,capacity_price,7,5.62,66.92
2026-04-16,capacity_price,8,6.69,71.86
2026-04-16,capacity_price,9,8.0,46.3
2026-04-16,capacity_price,10,10.0,9.9
2026-04-16,capacity_price,11,6.69,6.69
2026-04-16,capacity_price,12,6.69,1.2
2026-04-16,capacity_price,13,6.69,0.54
2026-04-16,capacity_price,14,6.69,0.54
2026-04-16,capacity_price,15,10.889999,1.2
2026-04-16,capacity_price,16,19.41,6.69
2026-04-16,capacity_price,17,34.68,44.56
2026-04-16,capacity_price,18,36.08,71.19
2026-04-16,capacity_price,19,32.68,158.21
2026-04-16,capacity_price,20,24.560001,145.6
2026-04-16,capacity_price,21,13.255,57.95
2026-04-16,capacity_price,22,6.69,18.74
2026-04-16,capacity_price,23,1.21,5.35
2026-04-16,activation_volume,0,14.59,40.870000000000005
2026-04-16,activation_volume,1,13.81,25.34
2026-04-16,activation_volume,2,4.2,4.72
2026-04-16,activation_volume,3,3.395,0.79
2026-04-16,activation_volume,4,4.495,10.02
2026-04-16,activation_volume,5,8.469999,14.779999999999998
2026-04-16,activation_volume,6,7.13,5.01
2026-04-16,activation_volume,7,5.41,4.37
2026-04-16,activation_volume,8,11.225,4.34
2026-04-16,activation_volume,9,5.425,0.7300000000000001
2026-04-16,activation_volume,10,3.41,13.36
2026-04-16,activation_volume,11,2.39,1.17
2026-04-16,activation_volume,12,4.69,36.03
2026-04-16,activation_volume,13,7.17,42.53
2026-04-16,activation_volume,14,12.49,64.97
2026-04-16,activation_volume,15,6.9449997,26.950000000000003
2026-04-16,activation_volume,16,8.77,10.689999999999998
2026-04-16,activation_volume,17,4.995,6.66
2026-04-16,activation_volume,18,1.28,14.52
2026-04-16,activation_volume,19,2.39,10.51
2026-04-16,activation_volume,20,2.44,11.11
2026-04-16,activation_volume,21,1.845,6.39
2026-04-16,activation_volume,22,3.145,3.08
2026-04-16,activation_volume,23,3.52,1.4300000000000002
2026-04-16,activation_price,0,105.40209,160.16904575483238
2026-04-16,activation_price,1,99.021225,164.7309313338595
2026-04-16,activation_price,2,105.75535,133.5027966101695
2026-04-16,activation_price,3,97.88461,86.10810126582278
2026-04-16,activation_price,4,102.88738,144.68288423153695
2026-04-16,activation_price,5,106.209625,164.368301759134
2026-04-16,activation_price,6,130.45341,196.8739520958084
2026-04-16,activation_price,7,126.14093,142.4562242562929
2026-04-16,activation_price,8,125.644356,131.54158986175116
2026-04-16,activation_price,9,133.37451,98.52054794520546
2026-04-16,activation_price,10,113.500626,258.9029640718563
2026-04-16,activation_price,11,117.82438,92.87820512820514
2026-04-16,activation_price,12,106.8945,115.16791562586732
2026-04-16,activation_price,13,112.5481,134.3421326122737
2026-04-16,activation_price,14,120.9904,193.85638140680317
2026-04-16,activation_price,15,133.2125,132.68312430426715
2026-04-16,activation_price,16,142.1926,158.81237605238542
2026-04-16,activation_price,17,138.03743,148.81282282282282
2026-04-16,activation_price,18,129.65721,174.74555785123965
2026-04-16,activation_price,19,127.586075,132.1587630827783
2026-04-16,activation_price,20,112.37289,136.16238523852385
2026-04-16,activation_price,21,109.098335,164.9596557120501
2026-04-16,activation_price,22,109.90158,136.59535714285715
2026-04-16,activation_price,23,103.83613,106.94853146853146
2026-04-17,day_ahead_price,0,95.315,121.77250124999999
2026-04-17,day_ahead_price,1,91.38875,115.522499
2026-04-17,day_ahead_price,2,85.8775,112.5324995
2026-04-17,day_ahead_price,3,84.8075,108.51250074999999
2026-04-17,day_ahead_price,4,82.93,111.46750075
2026-04-17,day_ahead_price,5,85.0225,120.19249925
2026-04-17,day_ahead_price,6,90.104996,146.567501
2026-04-17,day_ahead_price,7,96.450005,148.5550005
2026-04-17,day_ahead_price,8,103.19624,127.15750125
2026-04-17,day_ahead_price,9,101.2425,102.73999975000001
2026-04-17,day_ahead_price,10,96.74625,91.25749875
2026-04-17,day_ahead_price,11,91.7625,67.6275005
2026-04-17,day_ahead_price,12,91.7275,52.48999975
2026-04-17,day_ahead_price,13,91.135,47.40000075
2026-04-17,day_ahead_price,14,92.386246,47.89249875
2026-04-17,day_ahead_price,15,99.06625,59.9975
2026-04-17,day_ahead_price,16,109.07,81.819999
2026-04-17,day_ahead_price,17,117.9375,102.30999949999999
2026-04-17,day_ahead_price,18,115.16875,125.51500300000001
2026-04-17,day_ahead_price,19,105.55,154.57250225
2026-04-17,day_ahead_price,20,100.66,154.6274985
2026-04-17,day_ahead_price,21,92.995,138.007498
2026-04-17,day_ahead_price,22,93.177505,123.9299985
2026-04-17,day_ahead_price,23,89.8675,112.71000074999999
2026-04-17,capacity_price,0,0.67,1.2
2026-04-17,capacity_price,1,0.67,1.2
2026-04-17,capacity_price,2,0.67,0.67
2026-04-17,capacity_price,3,0.67,1.2
2026-04-17,capacity_price,4,1.2,1.2
2026-04-17,capacity_price,5,1.21,1.2
2026-04-17,capacity_price,6,1.34,5.35
2026-04-17,capacity_price,7,5.76,9.77
2026-04-17,capacity_price,8,6.69,31.18
2026-04-17,capacity_price,9,8.0,9.9
2026-04-17,capacity_price,10,10.0,6.69
2026-04-17,capacity_price,11,6.69,1.2
2026-04-17,capacity_price,12,6.69,1.2
2026-04-17,capacity_price,13,6.69,1.2
2026-04-17,capacity_price,14,6.69,2.94
2026-04-17,capacity_price,15,13.32,3.35
2026-04-17,capacity_price,16,14.91,3.35
2026-04-17,capacity_price,17,33.74,16.19
2026-04-17,capacity_price,18,38.614998,57.54
2026-04-17,capacity_price,19,26.77,96.21
2026-04-17,capacity_price,20,19.945,97.95
2026-04-17,capacity_price,21,13.26,26.3
2026-04-17,capacity_price,22,5.685,6.69
2026-04-17,capacity_price,23,1.21,9.77
2026-04-17,activation_volume,0,14.985001,19.080000000000002
2026-04-17,activation_volume,1,13.06,11.59
2026-04-17,activation_volume,2,3.77,1.78
2026-04-17,activation_volume,3,4.26,6.31
2026-04-17,activation_volume,4,4.9,0.7899999999999999
2026-04-17,activation_volume,5,9.64,6.67
2026-04-17,activation_volume,6,6.55,2.8200000000000003
2026-04-17,activation_volume,7,5.475,1.1099999999999999
2026-04-17,activation_volume,8,11.13,2.41
2026-04-17,activation_volume,9,7.85,2.92
2026-04-17,activation_volume,10,4.66,1.29
2026-04-17,activation_volume,11,3.34,1.24
2026-04-17,activation_volume,12,3.18,0.01
2026-04-17,activation_volume,13,6.19,7.37
2026-04-17,activation_volume,14,6.59,35.46
2026-04-17,activation_volume,15,5.115,1.8199999999999998
2026-04-17,activation_volume,16,8.01,10.870000000000001
2026-04-17,activation_volume,17,4.38,3.5
2026-04-17,activation_volume,18,1.615,1.8900000000000001
2026-04-17,activation_volume,19,1.47,0.0
2026-04-17,activation_volume,20,0.945,3.66
2026-04-17,activation_volume,21,2.42,0.84
2026-04-17,activation_volume,22,2.85,2.53
2026-04-17,activation_volume,23,3.01,2.54
2026-04-17,activation_price,0,107.08014,133.13650943396226
2026-04-17,activation_price,1,98.20149,118.9981794650561
2026-04-17,activation_price,2,97.284935,88.11848314606743
2026-04-17,activation_price,3,97.6513,105.41437400950873
2026-04-17,activation_price,4,102.942345,60.76544303797469
2026-04-17,activation_price,5,107.1061,114.14434782608697
2026-04-17,activation_price,6,121.54866,126.84975177304965
2026-04-17,activation_price,7,126.14093,103.81072072072072
2026-04-17,activation_price,8,140.8179,166.97834024896267
2026-04-17,activation_price,9,133.37451,167.18712328767123
2026-04-17,activation_price,10,132.31885,129.98023255813953
2026-04-17,activation_price,11,120.88232,95.16
2026-04-17,activation_price,12,107.604996,0.0
2026-04-17,activation_price,13,112.79562,91.80622795115332
2026-04-17,activation_price,14,126.403114,367.21655104342915
2026-04-17,activation_price,15,126.95,132.1323076923077
2026-04-17,activation_price,16,145.97058,117.38404783808647
2026-04-17,activation_price,17,135.23091,156.3484
2026-04-17,activation_price,18,128.81102,142.61211640211638
2026-04-17,activation_price,19,131.7496,
2026-04-17,activation_price,20,112.66,138.9463387978142
2026-04-17,activation_price,21,118.847824,146.25619047619045
2026-04-17,activation_price,22,107.10327,129.62517786561267
2026-04-17,activation_price,23,110.0095,120.29527559055119
2026-04-18,day_ahead_price,0,84.4225,113.7749995
2026-04-18,day_ahead_price,1,85.21625,108.55999949999999
2026-04-18,day_ahead_price,2,85.04375,106.2925015
2026-04-18,day_ahead_price,3,83.395004,104.42999825000001
2026-04-18,day_ahead_price,4,83.16875,104.499998
2026-04-18,day_ahead_price,5,84.9475,106.53499975
2026-04-18,day_ahead_price,6,90.697495,108.30250174999999
2026-04-18,day_ahead_price,7,98.7275,105.74250024999999
2026-04-18,day_ahead_price,8,106.48125,92.28749875
2026-04-18,day_ahead_price,9,104.442505,75.312503
2026-04-18,day_ahead_price,10,96.9925,53.644999250000005
2026-04-18,day_ahead_price,11,92.99,40.6399995
2026-04-18,day_ahead_price,12,91.958755,32.10000025000001
2026-04-18,day_ahead_price,13,91.598755,34.03999875
2026-04-18,day_ahead_price,14,93.35875,34.75749975
2026-04-18,day_ahead_price,15,100.435,34.672499
2026-04-18,day_ahead_price,16,110.386246,51.75749925
2026-04-18,day_ahead_price,17,123.325,90.80500025
2026-04-18,day_ahead_price,18,126.2275,119.59500125
2026-04-18,day_ahead_price,19,116.899994,131.53999725
2026-04-18,day_ahead_price,20,106.238754,144.8899995
2026-04-18,day_ahead_price,21,101.302505,140.2949985
2026-04-18,day_ahead_price,22,98.53,129.99250225
2026-04-18,day_ahead_price,23,93.36,124.99999999999999
2026-04-18,capacity_price,0,0.67,1.2
2026-04-18,capacity_price,1,0.67,2.0
2026-04-18,capacity_price,2,0.54,1.2
2026-04-18,capacity_price,3,0.67,1.2
2026-04-18,capacity_price,4,1.2,1.2
2026-04-18,capacity_price,5,1.21,2.0
2026-04-18,capacity_price,6,1.31,5.35
2026-04-18,capacity_price,7,2.345,6.0
2026-04-18,capacity_price,8,6.69,11.78
2026-04-18,capacity_price,9,6.7,6.69
2026-04-18,capacity_price,10,6.69,1.2
2026-04-18,capacity_price,11,6.145,0.54
2026-04-18,capacity_price,12,5.75,0.54
2026-04-18,capacity_price,13,5.75,0.67
2026-04-18,capacity_price,14,5.89,0.67
2026-04-18,capacity_price,15,8.635,1.2
2026-04-18,capacity_price,16,14.38,6.69
2026-04-18,capacity_price,17,25.16,42.69
2026-04-18,capacity_price,18,20.08,48.17
2026-04-18,capacity_price,19,19.654999,59.28
2026-04-18,capacity_price,20,19.945,66.37
2026-04-18,capacity_price,21,9.565001,35.6
2026-04-18,capacity_price,22,3.35,9.63
2026-04-18,capacity_price,23,1.2,9.77
2026-04-18,activation_volume,0,27.75,14.989999999999998
2026-04-18,activation_volume,1,17.2,6.66
2026-04-18,activation_volume,2,4.46,1.34
2026-04-18,activation_volume,3,5.27,11.83
2026-04-18,activation_volume,4,4.635,10.7
2026-04-18,activation_volume,5,9.76,2.2
2026-04-18,activation_volume,6,8.695,0.0
2026-04-18,activation_volume,7,6.63,0.51
2026-04-18,activation_volume,8,12.17,13.68
2026-04-18,activation_volume,9,9.48,1.18
2026-04-18,activation_volume,10,4.6,2.62
2026-04-18,activation_volume,11,5.21,4.87
2026-04-18,activation_volume,12,4.02,30.849999999999998
2026-04-18,activation_volume,13,7.7349997,21.05
2026-04-18,activation_volume,14,8.995,24.349999999999998
2026-04-18,activation_volume,15,7.25,49.800000000000004
2026-04-18,activation_volume,16,8.49,14.73
2026-04-18,activation_volume,17,3.27,5.8
2026-04-18,activation_volume,18,1.1700001,13.74
2026-04-18,activation_volume,19,1.77,0.72
2026-04-18,activation_volume,20,1.07,0.13
2026-04-18,activation_volume,21,1.745,0.03
2026-04-18,activation_volume,22,2.86,1.2000000000000002
2026-04-18,activation_volume,23,3.98,0.32
2026-04-18,activation_price,0,129.66364,110.21152101400934
2026-04-18,activation_price,1,103.486465,128.3022222222222
2026-04-18,activation_price,2,101.24369,117.32
2026-04-18,activation_price,3,100.3217,121.29856297548605
2026-04-18,activation_price,4,98.154526,122.44218691588786
2026-04-18,activation_price,5,107.1061,98.41
2026-04-18,activation_price,6,139.40695,
2026-04-18,activation_price,7,128.10565,65.70666666666668
2026-04-18,activation_price,8,157.42755,119.42318713450292
2026-04-18,activation_price,9,146.73782,122.81
2026-04-18,activation_price,10,128.04375,90.9
2026-04-18,activation_price,11,123.39369,44.45509240246406
2026-04-18,activation_price,12,110.21289,93.06430794165317
2026-04-18,activation_price,13,124.91763,58.912394299287406
2026-04-18,activation_price,14,132.43088,63.98257084188912
2026-04-18,activation_price,15,156.59674,114.67489357429717
2026-04-18,activation_price,16,149.54936,133.52082824168366
2026-04-18,activation_price,17,144.50075,155.70694827586206
2026-04-18,activation_price,18,142.33397,184.60110625909755
2026-04-18,activation_price,19,138.88855,54.96638888888889
2026-04-18,activation_price,20,120.71,58.91
2026-04-18,activation_price,21,125.37443,47.13
2026-04-18,activation_price,22,116.12022,141.50158333333331
2026-04-18,activation_price,23,118.34889,81.3884375
2026-04-19,day_ahead_price,0,88.082504,116.5599995
2026-04-19,day_ahead_price,1,87.20125,109.95000075
2026-04-19,day_ahead_price,2,85.8775,109.20500175000001
2026-04-19,day_ahead_price,3,84.761246,106.32250024999999
2026-04-19,day_ahead_price,4,85.7375,105.41500075
2026-04-19,day_ahead_price,5,88.182495,106.54999925
2026-04-19,day_ahead_price,6,92.88251,104.78249925
2026-04-19,day_ahead_price,7,99.36,100.03250100000001
2026-04-19,day_ahead_price,8,108.61,96.62999925
2026-04-19,day_ahead_price,9,108.631256,93.842499
2026-04-19,day_ahead_price,10,102.155,71.38499725
2026-04-19,day_ahead_price,11,97.5,35.62750025
2026-04-19,day_ahead_price,12,94.65375,28.1400005
2026-04-19,day_ahead_price,13,93.155,22.292500500000003
2026-04-19,day_ahead_price,14,96.16375,21.7899995
2026-04-19,day_ahead_price,15,101.8375,21.9999995
2026-04-19,day_ahead_price,16,109.02875,32.10750025
2026-04-19,day_ahead_price,17,125.1875,73.75750025
2026-04-19,day_ahead_price,18,125.0025,103.8549995
2026-04-19,day_ahead_price,19,115.105,117.35249925
2026-04-19,day_ahead_price,20,103.2875,124.11249925
2026-04-19,day_ahead_price,21,99.47,121.54750075
2026-04-19,day_ahead_price,22,96.340004,119.36250100000001
2026-04-19,day_ahead_price,23,89.6,111.23249999999999
2026-04-19,capacity_price,0,0.67,2.0
2026-04-19,capacity_price,1,0.67,1.2
2026-04-19,capacity_price,2,0.67,1.2
2026-04-19,capacity_price,3,0.67,1.2
2026-04-19,capacity_price,4,1.2,5.35
2026-04-19,capacity_price,5,1.31,1.2
2026-04-19,capacity_price,6,2.5,5.35
2026-04-19,capacity_price,7,3.675,7.4
2026-04-19,capacity_price,8,6.69,6.69
2026-04-19,capacity_price,9,10.0,6.0
2026-04-19,capacity_price,10,7.36,6.0
2026-04-19,capacity_price,11,6.69,1.2
2026-04-19,capacity_price,12,6.69,1.2
2026-04-19,capacity_price,13,6.69,0.63
2026-04-19,capacity_price,14,6.69,1.2
2026-04-19,capacity_price,15,13.285,1.2
2026-04-19,capacity_price,16,19.14,11.92
2026-04-19,capacity_price,17,46.59,43.11
2026-04-19,capacity_price,18,46.59,46.84
2026-04-19,capacity_price,19,45.52,55.13
2026-04-19,capacity_price,20,26.78,46.84
2026-04-19,capacity_price,21,13.29,13.38
2026-04-19,capacity_price,22,5.62,5.35
2026-04-19,capacity_price,23,1.21,6.69
2026-04-19,activation_volume,0,31.54,8.86
2026-04-19,activation_volume,1,18.45,8.700000000000001
2026-04-19,activation_volume,2,5.91,1.37
2026-04-19,activation_volume,3,3.255,0.7100000000000001
2026-04-19,activation_volume,4,4.54,2.5
2026-04-19,activation_volume,5,9.76,0.02
2026-04-19,activation_volume,6,5.925,0.64
2026-04-19,activation_volume,7,6.21,0.0
2026-04-19,activation_volume,8,11.83,5.17
2026-04-19,activation_volume,9,7.85,0.0
2026-04-19,activation_volume,10,4.68,0.97
2026-04-19,activation_volume,11,3.7849998,33.65
2026-04-19,activation_volume,12,4.295,59.91
2026-04-19,activation_volume,13,7.19,6.130000000000001
2026-04-19,activation_volume,14,8.42,51.81
2026-04-19,activation_volume,15,7.08,45.77
2026-04-19,activation_volume,16,5.09,14.06
2026-04-19,activation_volume,17,3.64,2.2
2026-04-19,activation_volume,18,1.95,13.020000000000001
2026-04-19,activation_volume,19,1.39,28.29
2026-04-19,activation_volume,20,1.0450001,8.94
2026-04-19,activation_volume,21,2.58,1.5399999999999998
2026-04-19,activation_volume,22,3.075,2.09
2026-04-19,activation_volume,23,2.815,1.45
2026-04-19,activation_price,0,116.656,102.87740406320542
2026-04-19,activation_price,1,106.35933,108.29573563218389
2026-04-19,activation_price,2,97.284935,132.2264233576642
2026-04-19,activation_price,3,96.190994,104.63464788732394
2026-04-19,activation_price,4,101.35546,103.98268
2026-04-19,activation_price,5,111.040924,66.9
2026-04-19,activation_price,6,137.60973,74.3846875
2026-04-19,activation_price,7,170.84123,
2026-04-19,activation_price,8,159.55573,101.8849516441006
2026-04-19,activation_price,9,153.40244,
2026-04-19,activation_price,10,149.23215,62.93
2026-04-19,activation_price,11,125.791534,90.37693610698366
2026-04-19,activation_price,12,110.21289,126.65475379736272
2026-04-19,activation_price,13,118.33253,95.85724306688417
2026-04-19,activation_price,14,139.30516,59.70358618027407
2026-04-19,activation_price,15,136.7824,103.34265457723399
2026-04-19,activation_price,16,149.98328,72.24831436699857
2026-04-19,activation_price,17,141.01173,117.9775909090909
2026-04-19,activation_price,18,139.0328,360.72912442396307
2026-04-19,activation_price,19,127.586075,1825.7292046659602
2026-04-19,activation_price,20,116.8792,122.99540268456376
2026-04-19,activation_price,21,123.29939,87.31402597402598
2026-04-19,activation_price,22,115.80357,90.95526315789473
2026-04-19,activation_price,23,114.27908,80.05448275862068
2026-04-20,day_ahead_price,0,90.6025,106.30750075
2026-04-20,day_ahead_price,1,88.847496,101.11249925
2026-04-20,day_ahead_price,2,86.5075,99.01250075
2026-04-20,day_ahead_price,3,85.1925,99.040001
2026-04-20,day_ahead_price,4,85.50125,102.30249975
2026-04-20,day_ahead_price,5,88.4775,111.6000005
2026-04-20,day_ahead_price,6,93.69125,129.38500025
2026-04-20,day_ahead_price,7,99.36,142.2074985
2026-04-20,day_ahead_price,8,107.165,134.319996
2026-04-20,day_ahead_price,9,105.957504,110.0149995
2026-04-20,day_ahead_price,10,100.34375,90.1975
2026-04-20,day_ahead_price,11,92.99,75.88749999999999
2026-04-20,day_ahead_price,12,91.915,51.18249975
2026-04-20,day_ahead_price,13,90.729996,32.595000000000006
2026-04-20,day_ahead_price,14,91.69625,29.56999975
2026-04-20,day_ahead_price,15,99.7625,46.475
2026-04-20,day_ahead_price,16,110.02375,78.32499875
2026-04-20,day_ahead_price,17,126.26,97.24500075
2026-04-20,day_ahead_price,18,126.2275,112.909998
2026-04-20,day_ahead_price,19,117.445,123.407501
2026-04-20,day_ahead_price,20,106.238754,127.18000025
2026-04-20,day_ahead_price,21,99.9525,121.94000075000001
2026-04-20,day_ahead_price,22,96.77625,115.97249975
2026-04-20,day_ahead_price,23,90.286255,106.7924995
2026-04-20,capacity_price,0,0.67,1.2
2026-04-20,capacity_price,1,0.67,1.2
2026-04-20,capacity_price,2,0.67,1.2
2026-04-20,capacity_price,3,0.67,1.2
2026-04-20,capacity_price,4,1.2,5.35
2026-04-20,capacity_price,5,1.21,6.69
2026-04-20,capacity_price,6,1.405,4.68
2026-04-20,capacity_price,7,2.345,35.6
2026-04-20,capacity_price,8,6.355,54.86
2026-04-20,capacity_price,9,6.69,11.78
2026-04-20,capacity_price,10,6.69,3.35
2026-04-20,capacity_price,11,5.955,3.35
2026-04-20,capacity_price,12,5.75,1.2
2026-04-20,capacity_price,13,5.75,1.2
2026-04-20,capacity_price,14,5.825,1.2
2026-04-20,capacity_price,15,8.68,2.14
2026-04-20,capacity_price,16,14.91,9.63
2026-04-20,capacity_price,17,52.475,69.47
2026-04-20,capacity_price,18,51.27,87.9
2026-04-20,capacity_price,19,46.184998,107.74
2026-04-20,capacity_price,20,22.22,109.09
2026-04-20,capacity_price,21,13.25,16.73
2026-04-20,capacity_price,22,5.62,16.73
2026-04-20,capacity_price,23,1.21,6.69
2026-04-20,activation_volume,0,20.39,36.88
2026-04-20,activation_volume,1,15.895,0.98
2026-04-20,activation_volume,2,5.1099997,0.47
2026-04-20,activation_volume,3,3.47,4.88
2026-04-20,activation_volume,4,3.405,10.860000000000001
2026-04-20,activation_volume,5,7.425,15.37
2026-04-20,activation_volume,6,6.53,6.370000000000001
2026-04-20,activation_volume,7,5.855,0.0
2026-04-20,activation_volume,8,11.135,0.0
2026-04-20,activation_volume,9,9.59,7.23
2026-04-20,activation_volume,10,4.78,1.2
2026-04-20,activation_volume,11,4.55,1.04
2026-04-20,activation_volume,12,3.165,0.6699999999999999
2026-04-20,activation_volume,13,7.03,63.07999999999999
2026-04-20,activation_volume,14,9.8,6.67
2026-04-20,activation_volume,15,9.68,0.0
2026-04-20,activation_volume,16,9.01,10.1
2026-04-20,activation_volume,17,7.7,6.12
2026-04-20,activation_volume,18,3.37,31.349999999999998
2026-04-20,activation_volume,19,2.525,3.11
2026-04-20,activation_volume,20,2.1399999,1.65
2026-04-20,activation_volume,21,2.8,0.7899999999999999
2026-04-20,activation_volume,22,3.6100001,0.0
2026-04-20,activation_volume,23,3.135,0.36
2026-04-20,activation_price,0,113.951035,1115.336003253796
2026-04-20,activation_price,1,103.34087,78.59632653061225
2026-04-20,activation_price,2,109.70795,86.22
2026-04-20,activation_price,3,106.01352,97.08926229508198
2026-04-20,activation_price,4,106.1925,103.25393186003683
2026-04-20,activation_price,5,118.89122,116.48713077423554
2026-04-20,activation_price,6,130.56514,121.69880690737833
2026-04-20,activation_price,7,152.43541,
2026-04-20,activation_price,8,146.48297,
2026-04-20,activation_price,9,140.74513,106.19253112033194
2026-04-20,activation_price,10,143.31804,81.15
2026-04-20,activation_price,11,122.85936,95.28
2026-04-20,activation_price,12,109.140976,88.13119402985075
2026-04-20,activation_price,13,114.08357,158.45538998097655
2026-04-20,activation_price,14,132.5705,107.00130434782609
2026-04-20,activation_price,15,136.0948,
2026-04-20,activation_price,16,143.49905,99.8070495049505
2026-04-20,activation_price,17,141.30792,110.46256535947713
2026-04-20,activation_price,18,135.5898,143.00698564593304
2026-04-20,activation_price,19,134.5998,98.2313183279743
2026-04-20,activation_price,20,113.04841,115.67000000000002
2026-04-20,activation_price,21,126.95233,78.73151898734177
2026-04-20,activation_price,22,121.57474,
2026-04-20,activation_price,23,115.59373,127.61999999999999
2026-04-21,day_ahead_price,0,86.024994,98.999998
2026-04-21,day_ahead_price,1,84.994995,98.6425
2026-04-21,day_ahead_price,2,85.42,98.37249750000001
2026-04-21,day_ahead_price,3,84.0875,99.07499874999999
2026-04-21,day_ahead_price,4,86.1675,100.1900005
2026-04-21,day_ahead_price,5,86.3275,108.44749999999999
2026-04-21,day_ahead_price,6,93.8075,127.08499925000001
2026-04-21,day_ahead_price,7,102.165,135.3274975
2026-04-21,day_ahead_price,8,109.2225,118.94750024999999
2026-04-21,day_ahead_price,9,103.585,97.30500124999999
2026-04-21,day_ahead_price,10,99.45125,59.8949985
2026-04-21,day_ahead_price,11,92.99,20.994999999999997
2026-04-21,day_ahead_price,12,91.54,8.67
2026-04-21,day_ahead_price,13,91.598755,6.202500000000001
2026-04-21,day_ahead_price,14,92.675,6.3325
2026-04-21,day_ahead_price,15,99.9925,8.545
2026-04-21,day_ahead_price,16,112.91,17.424999500000002
2026-04-21,day_ahead_price,17,126.506256,69.82999875
2026-04-21,day_ahead_price,18,131.59,102.6450005
2026-04-21,day_ahead_price,19,123.832504,134.1100025
2026-04-21,day_ahead_price,20,111.8875,144.7750015
2026-04-21,day_ahead_price,21,104.2675,129.620001
2026-04-21,day_ahead_price,22,101.705,119.8449995
2026-04-21,day_ahead_price,23,93.902504,111.87250125
2026-04-21,capacity_price,0,0.67,1.2
2026-04-21,capacity_price,1,0.67,0.67
2026-04-21,capacity_price,2,0.54,0.67
2026-04-21,capacity_price,3,0.67,1.2
2026-04-21,capacity_price,4,1.2,6.69
2026-04-21,capacity_price,5,1.21,5.35
2026-04-21,capacity_price,6,1.47,9.9
2026-04-21,capacity_price,7,3.35,57.27
2026-04-21,capacity_price,8,5.955,97.62
2026-04-21,capacity_price,9,6.69,35.59
2026-04-21,capacity_price,10,6.69,6.69
2026-04-21,capacity_price,11,5.825,3.35
2026-04-21,capacity_price,12,5.55,1.2
2026-04-21,capacity_price,13,5.62,1.2
2026-04-21,capacity_price,14,5.62,1.34
2026-04-21,capacity_price,15,6.69,2.01
2026-04-21,capacity_price,16,22.09,4.0
2026-04-21,capacity_price,17,53.53,27.43
2026-04-21,capacity_price,18,51.94,85.93
2026-04-21,capacity_price,19,46.85,107.43
2026-04-21,capacity_price,20,26.77,113.75
2026-04-21,capacity_price,21,12.8,95.88
2026-04-21,capacity_price,22,5.75,16.19
2026-04-21,capacity_price,23,1.21,1.2
2026-04-21,activation_volume,0,22.045,9.51
2026-04-21,activation_volume,1,12.89,4.970000000000001
2026-04-21,activation_volume,2,4.38,0.42000000000000004
2026-04-21,activation_volume,3,4.25,1.25
2026-04-21,activation_volume,4,4.37,1.53
2026-04-21,activation_volume,5,8.04,8.290000000000001
2026-04-21,activation_volume,6,7.71,5.49
2026-04-21,activation_volume,7,6.37,4.84
2026-04-21,activation_volume,8,11.68,4.890000000000001
2026-04-21,activation_volume,9,12.825,0.0
2026-04-21,activation_volume,10,5.15,0.0
2026-04-21,activation_volume,11,3.8899999,0.31
2026-04-21,activation_volume,12,6.65,51.900000000000006
2026-04-21,activation_volume,13,9.530001,5.37
2026-04-21,activation_volume,14,9.8,0.97
2026-04-21,activation_volume,15,5.425,22.130000000000003
2026-04-21,activation_volume,16,9.405001,100.86
2026-04-21,activation_volume,17,6.81,9.950000000000001
2026-04-21,activation_volume,18,4.02,14.76
2026-04-21,activation_volume,19,3.03,0.75
2026-04-21,activation_volume,20,2.1399999,5.64
2026-04-21,activation_volume,21,1.46,6.34
2026-04-21,activation_volume,22,2.85,1.9200000000000002
2026-04-21,activation_volume,23,5.09,2.4499999999999997
2026-04-21,activation_price,0,110.99823,116.3545425867508
2026-04-21,activation_price,1,102.269485,88.97476861167002
2026-04-21,activation_price,2,97.76313,100.31333333333333
2026-04-21,activation_price,3,99.29689,103.53407999999999
2026-04-21,activation_price,4,103.52447,97.46823529411763
2026-04-21,activation_price,5,116.16901,118.60822677925209
2026-04-21,activation_price,6,142.71846,142.02768670309652
2026-04-21,activation_price,7,151.91397,133.52278925619837
2026-04-21,activation_price,8,159.39896,122.9245398773006
2026-04-21,activation_price,9,153.40244,
2026-04-21,activation_price,10,130.94633,
2026-04-21,activation_price,11,124.0997,19.29967741935484
2026-04-21,activation_price,12,117.858185,101.14441425818883
2026-04-21,activation_price,13,115.66364,52.06
2026-04-21,activation_price,14,130.48299,20.140206185567013
2026-04-21,activation_price,15,145.01955,34.99885675553546
2026-04-21,activation_price,16,145.54715,136.68239936545706
2026-04-21,activation_price,17,143.9728,167.00245226130656
2026-04-21,activation_price,18,140.40747,131.40819783197833
2026-04-21,activation_price,19,133.93036,27.9532
2026-04-21,activation_price,20,123.070885,126.95906028368795
2026-04-21,activation_price,21,111.52506,105.04990536277603
2026-04-21,activation_price,22,119.73134,110.6875
2026-04-21,activation_price,23,118.85682,113.16248979591836
2026-04-22,day_ahead_price,0,88.082504,107.09500125
2026-04-22,day_ahead_price,1,86.1,104.1100005
2026-04-22,day_ahead_price,2,85.045,104.199999
2026-04-22,day_ahead_price,3,84.365,104.84750175
2026-04-22,day_ahead_price,4,84.285,109.692499
2026-04-22,day_ahead_price,5,86.3275,121.23250224999998
2026-04-22,day_ahead_price,6,93.475006,139.84249675
2026-04-22,day_ahead_price,7,99.20375,134.7975005
2026-04-22,day_ahead_price,8,105.7025,113.86500375
2026-04-22,day_ahead_price,9,104.46,79.86250125000001
2026-04-22,day_ahead_price,10,102.145004,21.59750025
2026-04-22,day_ahead_price,11,96.8375,0.095
2026-04-22,day_ahead_price,12,92.125,-0.0825
2026-04-22,day_ahead_price,13,92.259995,-0.0825
2026-04-22,day_ahead_price,14,94.3825,-1.0525
2026-04-22,day_ahead_price,15,101.55625,-0.2925
2026-04-22,day_ahead_price,16,111.784996,0.8675
2026-04-22,day_ahead_price,17,123.325,57.40500025
2026-04-22,day_ahead_price,18,126.2275,101.76250099999999
2026-04-22,day_ahead_price,19,118.58,130.987503
2026-04-22,day_ahead_price,20,107.0075,144.7625045
2026-04-22,day_ahead_price,21,99.945,121.61499975000001
2026-04-22,day_ahead_price,22,96.77625,114.402502
2026-04-22,day_ahead_price,23,90.372505,105.07749925
2026-04-22,capacity_price,0,0.67,1.2
2026-04-22,capacity_price,1,0.54,1.2
2026-04-22,capacity_price,2,0.54,1.2
2026-04-22,capacity_price,3,0.67,1.2
2026-04-22,capacity_price,4,1.2,21.5
2026-04-22,capacity_price,5,1.21,32.78
2026-04-22,capacity_price,6,1.31,53.26
2026-04-22,capacity_price,7,3.35,111.96
2026-04-22,capacity_price,8,6.69,118.46
2026-04-22,capacity_price,9,6.69,24.89
2026-04-22,capacity_price,10,6.355,6.69
2026-04-22,capacity_price,11,5.89,1.34
2026-04-22,capacity_price,12,4.02,1.2
2026-04-22,capacity_price,13,4.02,1.2
2026-04-22,capacity_price,14,4.0,1.2
2026-04-22,capacity_price,15,8.03,2.68
2026-04-22,capacity_price,16,11.815001,6.69
2026-04-22,capacity_price,17,42.39,79.09
2026-04-22,capacity_price,18,43.07,109.33
2026-04-22,capacity_price,19,43.4,123.38
2026-04-22,capacity_price,20,26.77,121.91
2026-04-22,capacity_price,21,10.0,66.91
2026-04-22,capacity_price,22,5.685,35.59
2026-04-22,capacity_price,23,1.2,2.0
2026-04-22,activation_volume,0,19.685,15.829999999999998
2026-04-22,activation_volume,1,17.52,46.06999999999999
2026-04-22,activation_volume,2,4.975,1.28
2026-04-22,activation_volume,3,5.49,1.3800000000000001
2026-04-22,activation_volume,4,8.495,9.0
2026-04-22,activation_volume,5,10.07,6.59
2026-04-22,activation_volume,6,6.53,12.350000000000001
2026-04-22,activation_volume,7,6.63,1.75
2026-04-22,activation_volume,8,11.135,3.1799999999999997
2026-04-22,activation_volume,9,8.295,0.0
2026-04-22,activation_volume,10,4.03,9.03
2026-04-22,activation_volume,11,6.4,53.28
2026-04-22,activation_volume,12,4.21,8.99
2026-04-22,activation_volume,13,7.17,81.97
2026-04-22,activation_volume,14,10.5,6.19
2026-04-22,activation_volume,15,7.29,10.33
2026-04-22,activation_volume,16,8.559999,6.35
2026-04-22,activation_volume,17,4.995,0.78
2026-04-22,activation_volume,18,3.37,56.120000000000005
2026-04-22,activation_volume,19,3.03,13.32
2026-04-22,activation_volume,20,1.7049999,0.11
2026-04-22,activation_volume,21,1.07,0.22
2026-04-22,activation_volume,22,2.2,0.15
2026-04-22,activation_volume,23,3.1,3.1999999999999997
2026-04-22,activation_price,0,109.8968,105.3539292482628
2026-04-22,activation_price,1,103.83459,112.30831560668548
2026-04-22,activation_price,2,109.6759,97.248984375
2026-04-22,activation_price,3,97.06182,97.10036231884058
2026-04-22,activation_price,4,107.59863,118.64325555555554
2026-04-22,activation_price,5,116.16901,123.99666160849772
2026-04-22,activation_price,6,142.71846,170.62425101214572
2026-04-22,activation_price,7,156.83731,108.4344
2026-04-22,activation_price,8,162.53229,97.89952830188679
2026-04-22,activation_price,9,140.74513,
2026-04-22,activation_price,10,124.22659,61.52990033222591
2026-04-22,activation_price,11,132.41945,328.96
2026-04-22,activation_price,12,116.14971,33.14754171301446
2026-04-22,activation_price,13,114.08357,464.8685604489448
2026-04-22,activation_price,14,125.94487,17.8724394184168
2026-04-22,activation_price,15,134.4386,26.6686931268151
2026-04-22,activation_price,16,149.54936,13.281795275590552
2026-04-22,activation_price,17,149.1782,25.927692307692308
2026-04-22,activation_price,18,138.927,250.4633713471133
2026-04-22,activation_price,19,136.10089,195.91961711711713
2026-04-22,activation_price,20,113.04841,47.28
2026-04-22,activation_price,21,112.294556,42.44
2026-04-22,activation_price,22,115.04413,59.86
2026-04-22,activation_price,23,112.47226,102.30325000000002
2026-04-23,day_ahead_price,0,88.942505,100.13999925
2026-04-23,day_ahead_price,1,87.065,97.62500025
2026-04-23,day_ahead_price,2,85.8475,96.73500075
2026-04-23,day_ahead_price,3,85.6475,96.20750050000001
2026-04-23,day_ahead_price,4,86.57875,95.85000025
2026-04-23,day_ahead_price,5,88.84,104.15999975
2026-04-23,day_ahead_price,6,93.69125,119.0
2026-04-23,day_ahead_price,7,104.08625,119.40000149999999
2026-04-23,day_ahead_price,8,106.2225,109.69750200000001
2026-04-23,day_ahead_price,9,101.884995,64.82749975
2026-04-23,day_ahead_price,10,95.490005,15.52749975
2026-04-23,day_ahead_price,11,90.73875,4.57
2026-04-23,day_ahead_price,12,85.676254,1.65
2026-04-23,day_ahead_price,13,86.042496,0.175
2026-04-23,day_ahead_price,14,92.37375,-0.0075
2026-04-23,day_ahead_price,15,98.44125,-0.01
2026-04-23,day_ahead_price,16,108.9875,0.35000000000000003
2026-04-23,day_ahead_price,17,123.325,21.99000075
2026-04-23,day_ahead_price,18,127.99,93.57250049999999
2026-04-23,day_ahead_price,19,121.49,113.35249875
2026-04-23,day_ahead_price,20,112.45,121.2975005
2026-04-23,day_ahead_price,21,104.7025,113.2999995
2026-04-23,day_ahead_price,22,102.174995,102.47999925
2026-04-23,day_ahead_price,23,95.3125,99.4574985
2026-04-23,capacity_price,0,0.67,1.2
2026-04-23,capacity_price,1,0.67,1.2
2026-04-23,capacity_price,2,0.54,1.2
2026-04-23,capacity_price,3,0.67,6.0
2026-04-23,capacity_price,4,1.2,53.53
2026-04-23,capacity_price,5,1.21,73.54
2026-04-23,capacity_price,6,1.31,92.09
2026-04-23,capacity_price,7,1.34,101.73
2026-04-23,capacity_price,8,6.69,112.84
2026-04-23,capacity_price,9,6.69,42.41
2026-04-23,capacity_price,10,6.69,5.35
2026-04-23,capacity_price,11,6.02,1.34
2026-04-23,capacity_price,12,4.685,1.34
2026-04-23,capacity_price,13,5.215,1.2
2026-04-23,capacity_price,14,3.675,0.67
2026-04-23,capacity_price,15,6.69,1.34
2026-04-23,capacity_price,16,13.33,6.02
2026-04-23,capacity_price,17,51.97,36.7
2026-04-23,capacity_price,18,50.739998,91.16
2026-04-23,capacity_price,19,40.980003,119.13
2026-04-23,capacity_price,20,24.18,126.22
2026-04-23,capacity_price,21,10.975,93.66
2026-04-23,capacity_price,22,5.325,79.29
2026-04-23,capacity_price,23,1.205,11.7
2026-04-23,activation_volume,0,15.13,5.95
2026-04-23,activation_volume,1,17.92,6.239999999999999
2026-04-23,activation_volume,2,4.46,8.43
2026-04-23,activation_volume,3,3.34,0.0
2026-04-23,activation_volume,4,4.96,1.65
2026-04-23,activation_volume,5,9.64,2.35
2026-04-23,activation_volume,6,7.005,11.259999999999998
2026-04-23,activation_volume,7,5.495,3.5
2026-04-23,activation_volume,8,11.465,3.66
2026-04-23,activation_volume,9,10.02,13.44
2026-04-23,activation_volume,10,4.9350004,54.47
2026-04-23,activation_volume,11,5.585,0.0
2026-04-23,activation_volume,12,3.635,151.20999999999998
2026-04-23,activation_volume,13,5.95,53.07
2026-04-23,activation_volume,14,5.6800003,20.65
2026-04-23,activation_volume,15,6.825,47.5
2026-04-23,activation_volume,16,8.01,3.66
2026-04-23,activation_volume,17,6.69,7.52
2026-04-23,activation_volume,18,3.57,11.239999999999998
2026-04-23,activation_volume,19,3.03,19.14
2026-04-23,activation_volume,20,1.78,11.01
2026-04-23,activation_volume,21,1.49,0.0
2026-04-23,activation_volume,22,2.85,0.04
2026-04-23,activation_volume,23,3.05,2.34
2026-04-23,activation_price,0,105.40209,87.5457142857143
2026-04-23,activation_price,1,101.34549,78.89182692307692
2026-04-23,activation_price,2,111.45772,112.31036773428232
2026-04-23,activation_price,3,96.92114,
2026-04-23,activation_price,4,103.18257,100.82
2026-04-23,activation_price,5,114.72507,85.91378723404256
2026-04-23,activation_price,6,139.07483,107.38333925399645
2026-04-23,activation_price,7,152.43541,67.494
2026-04-23,activation_price,8,143.99768,93.0370218579235
2026-04-23,activation_price,9,145.7435,657.47
2026-04-23,activation_price,10,122.27157,64.84659261979071
2026-04-23,activation_price,11,122.78903,
2026-04-23,activation_price,12,112.709656,661.5000489385624
2026-04-23,activation_price,13,112.82184,73.43427360090446
2026-04-23,activation_price,14,117.9104,44.93
2026-04-23,activation_price,15,127.87285,66.55581894736842
2026-04-23,activation_price,16,143.49905,36.25819672131148
2026-04-23,activation_price,17,152.97,83.81603723404255
2026-04-23,activation_price,18,138.927,139.19450177935946
2026-04-23,activation_price,19,141.92186,125.9490647857889
2026-04-23,activation_price,20,120.71,97.10272479564031
2026-04-23,activation_price,21,119.17,
2026-04-23,activation_price,22,114.53181,57.220000000000006
2026-04-23,activation_price,23,112.47226,118.66952991452992
2026-04-24,day_ahead_price,0,88.729996,102.45499825
2026-04-24,day_ahead_price,1,88.27875,100.12999925
2026-04-24,day_ahead_price,2,86.125,100.70999925
2026-04-24,day_ahead_price,3,84.84375,101.68999875
2026-04-24,day_ahead_price,4,84.8125,105.272501
2026-04-24,day_ahead_price,5,88.65875,109.8775005
2026-04-24,day_ahead_price,6,94.1675,128.0
2026-04-24,day_ahead_price,7,99.5,137.98750475
2026-04-24,day_ahead_price,8,106.9925,117.6849975
2026-04-24,day_ahead_price,9,102.86,80.90499675000001
2026-04-24,day_ahead_price,10,100.005,22.615
2026-04-24,day_ahead_price,11,92.99,5.1975
2026-04-24,day_ahead_price,12,89.28875,2.1425
2026-04-24,day_ahead_price,13,90.505,0.8125000000000001
2026-04-24,day_ahead_price,14,91.042496,0.05
2026-04-24,day_ahead_price,15,99.2575,0.0
2026-04-24,day_ahead_price,16,108.9875,0.0
2026-04-24,day_ahead_price,17,118.295,50.90750025
2026-04-24,day_ahead_price,18,119.17876,104.81749825
2026-04-24,day_ahead_price,19,111.1575,123.51500149999998
2026-04-24,day_ahead_price,20,103.2875,131.53499975
2026-04-24,day_ahead_price,21,99.35125,119.5300005
2026-04-24,day_ahead_price,22,94.2125,105.85750225
2026-04-24,day_ahead_price,23,89.6,96.94750049999999
2026-04-24,capacity_price,0,0.67,1.2
2026-04-24,capacity_price,1,0.67,1.2
2026-04-24,capacity_price,2,0.67,1.2
2026-04-24,capacity_price,3,0.67,18.74
2026-04-24,capacity_price,4,1.2,51.92
2026-04-24,capacity_price,5,1.21,68.15
2026-04-24,capacity_price,6,1.26,98.64
2026-04-24,capacity_price,7,3.35,127.02
2026-04-24,capacity_price,8,6.69,107.89
2026-04-24,capacity_price,9,9.95,66.91
2026-04-24,capacity_price,10,7.665,20.12
2026-04-24,capacity_price,11,6.69,6.02
2026-04-24,capacity_price,12,5.955,0.67
2026-04-24,capacity_price,13,5.89,0.67
2026-04-24,capacity_price,14,5.89,0.54
2026-04-24,capacity_price,15,9.9,0.54
2026-04-24,capacity_price,16,14.38,6.69
2026-04-24,capacity_price,17,34.68,50.61
2026-04-24,capacity_price,18,36.955,93.57
2026-04-24,capacity_price,19,24.89,111.63
2026-04-24,capacity_price,20,16.535,107.89
2026-04-24,capacity_price,21,9.9,77.55
2026-04-24,capacity_price,22,5.03,14.2
2026-04-24,capacity_price,23,1.205,66.91
2026-04-24,activation_volume,0,15.89,1.03
2026-04-24,activation_volume,1,22.45,0.38999999999999996
2026-04-24,activation_volume,2,4.415,0.0
2026-04-24,activation_volume,3,6.255,0.0
2026-04-24,activation_volume,4,6.7200003,0.27
2026-04-24,activation_volume,5,10.68,8.9
2026-04-24,activation_volume,6,8.7,22.14
2026-04-24,activation_volume,7,6.17,1.8
2026-04-24,activation_volume,8,10.975,4.1499999999999995
2026-04-24,activation_volume,9,7.44,2.38
2026-04-24,activation_volume,10,3.19,20.2
2026-04-24,activation_volume,11,3.77,27.0
2026-04-24,activation_volume,12,3.41,51.14
2026-04-24,activation_volume,13,5.85,27.669999999999998
2026-04-24,activation_volume,14,8.585,0.0
2026-04-24,activation_volume,15,5.3,1.1600000000000001
2026-04-24,activation_volume,16,9.01,0.7
2026-04-24,activation_volume,17,5.67,0.29
2026-04-24,activation_volume,18,2.04,5.09
2026-04-24,activation_volume,19,2.695,0.9
2026-04-24,activation_volume,20,1.78,15.92
2026-04-24,activation_volume,21,0.67,24.78
2026-04-24,activation_volume,22,3.14,0.17
2026-04-24,activation_volume,23,2.545,16.06
2026-04-24,activation_price,0,102.65423,92.03
2026-04-24,activation_price,1,100.628235,79.39871794871796
2026-04-24,activation_price,2,110.28849,
2026-04-24,activation_price,3,101.34651,
2026-04-24,activation_price,4,103.57943,84.62
2026-04-24,activation_price,5,117.84003,117.67557303370786
2026-04-24,activation_price,6,148.63235,124.77939476061427
2026-04-24,activation_price,7,143.13815,116.71
2026-04-24,activation_price,8,148.18803,139.77645783132533
2026-04-24,activation_price,9,142.71533,100.48
2026-04-24,activation_price,10,132.8927,67.46532673267326
2026-04-24,activation_price,11,123.92803,70.25064814814816
2026-04-24,activation_price,12,105.33998,60.974677356276885
2026-04-24,activation_price,13,114.02506,71.93356704011566
2026-04-24,activation_price,14,131.87994,
2026-04-24,activation_price,15,129.4683,12.885258620689655
2026-04-24,activation_price,16,146.36066,17.83628571428571
2026-04-24,activation_price,17,140.27013,17.26
2026-04-24,activation_price,18,134.89156,111.98005893909625
2026-04-24,activation_price,19,138.88661,50.616666666666674
2026-04-24,activation_price,20,120.71,397.36
2026-04-24,activation_price,21,123.29939,372.81306295399514
2026-04-24,activation_price,22,115.80357,65.52
2026-04-24,activation_price,23,113.653625,353.75
2026-04-25,day_ahead_price,0,92.9925,81.85749999999999
2026-04-25,day_ahead_price,1,91.725006,75.36000075
2026-04-25,day_ahead_price,2,86.5075,70.750002
2026-04-25,day_ahead_price,3,86.6275,60.6225005
2026-04-25,day_ahead_price,4,88.2225,55.9975005
2026-04-25,day_ahead_price,5,90.8575,54.1475
2026-04-25,day_ahead_price,6,97.09625,51.64500025
2026-04-25,day_ahead_price,7,104.08625,46.14
2026-04-25,day_ahead_price,8,108.82875,19.350000249999997
2026-04-25,day_ahead_price,9,104.0225,0.6224999999999999
2026-04-25,day_ahead_price,10,98.59125,-1.3725
2026-04-25,day_ahead_price,11,90.877495,-9.372499999999999
2026-04-25,day_ahead_price,12,89.5425,-20.0
2026-04-25,day_ahead_price,13,86.7775,-31.2775
2026-04-25,day_ahead_price,14,90.463745,-31.1700005
2026-04-25,day_ahead_price,15,95.94125,-29.400000249999998
2026-04-25,day_ahead_price,16,112.29875,-15.9975
2026-04-25,day_ahead_price,17,126.7525,-0.9275
2026-04-25,day_ahead_price,18,130.40875,5.375
2026-04-25,day_ahead_price,19,120.1925,57.45500025
2026-04-25,day_ahead_price,20,111.3,75.420002
2026-04-25,day_ahead_price,21,103.832504,72.00500124999999
2026-04-25,day_ahead_price,22,101.705,72.67749975
2026-04-25,day_ahead_price,23,93.36,69.97999949999999
2026-04-25,capacity_price,0,0.67,2.0
2026-04-25,capacity_price,1,0.67,1.2
2026-04-25,capacity_price,2,0.54,1.2
2026-04-25,capacity_price,3,0.67,3.35
2026-04-25,capacity_price,4,1.2,1.2
2026-04-25,capacity_price,5,1.21,12.58
2026-04-25,capacity_price,6,3.35,12.71
2026-04-25,capacity_price,7,5.755,33.67
2026-04-25,capacity_price,8,6.69,8.45
2026-04-25,capacity_price,9,6.69,1.34
2026-04-25,capacity_price,10,6.69,0.54
2026-04-25,capacity_price,11,5.89,0.54
2026-04-25,capacity_price,12,5.55,0.54
2026-04-25,capacity_price,13,5.75,0.54
2026-04-25,capacity_price,14,4.675,0.67
2026-04-25,capacity_price,15,6.69,0.67
2026-04-25,capacity_price,16,23.560001,0.67
2026-04-25,capacity_price,17,53.535,1.2
2026-04-25,capacity_price,18,53.54,4.01
2026-04-25,capacity_price,19,49.88,12.58
2026-04-25,capacity_price,20,29.78,56.65
2026-04-25,capacity_price,21,10.975,33.46
2026-04-25,capacity_price,22,5.62,25.16
2026-04-25,capacity_price,23,1.2,12.71
2026-04-25,activation_volume,0,18.025,2.65
2026-04-25,activation_volume,1,10.610001,0.0
2026-04-25,activation_volume,2,2.85,0.29
2026-04-25,activation_volume,3,1.8399999,0.0
2026-04-25,activation_volume,4,5.21,0.08
2026-04-25,activation_volume,5,10.46,1.7700000000000002
2026-04-25,activation_volume,6,5.835,0.67
2026-04-25,activation_volume,7,4.495,0.02
2026-04-25,activation_volume,8,10.88,23.25
2026-04-25,activation_volume,9,11.450001,46.550000000000004
2026-04-25,activation_volume,10,4.78,79.05
2026-04-25,activation_volume,11,6.2,4.5600000000000005
2026-04-25,activation_volume,12,4.81,2.98
2026-04-25,activation_volume,13,8.315,0.77
2026-04-25,activation_volume,14,8.585,0.0
2026-04-25,activation_volume,15,7.0299997,0.47
2026-04-25,activation_volume,16,11.42,11.759999999999998
2026-04-25,activation_volume,17,9.33,17.57
2026-04-25,activation_volume,18,3.42,88.52
2026-04-25,activation_volume,19,3.115,14.71
2026-04-25,activation_volume,20,3.045,6.64
2026-04-25,activation_volume,21,2.03,11.160000000000002
2026-04-25,activation_volume,22,3.16,2.45
2026-04-25,activation_volume,23,4.85,1.9300000000000002
2026-04-25,activation_price,0,109.56889,68.49079245283019
2026-04-25,activation_price,1,100.364845,
2026-04-25,activation_price,2,109.6759,81.39
2026-04-25,activation_price,3,99.29689,
2026-04-25,activation_price,4,104.33651,93.26
2026-04-25,activation_price,5,118.817955,100.90536723163842
2026-04-25,activation_price,6,136.43967,60.540000000000006
2026-04-25,activation_price,7,144.44383,26.57
2026-04-25,activation_price,8,149.60748,149.30205591397848
2026-04-25,activation_price,9,150.76031,122.03806659505905
2026-04-25,activation_price,10,138.10538,79.55183934218849
2026-04-25,activation_price,11,123.668335,9.724890350877192
2026-04-25,activation_price,12,114.30936,6.301677852348993
2026-04-25,activation_price,13,113.41092,2.6803896103896108
2026-04-25,activation_price,14,124.824936,
2026-04-25,activation_price,15,127.87285,8.186808510638299
2026-04-25,activation_price,16,157.37553,20.68061224489796
2026-04-25,activation_price,17,164.40106,62.41723392145702
2026-04-25,activation_price,18,140.56961,1261.8919057840037
2026-04-25,activation_price,19,146.02034,109.18739632902786
2026-04-25,activation_price,20,127.83096,85.61512048192772
2026-04-25,activation_price,21,120.32487,141.39776881720428
2026-04-25,activation_price,22,118.99826,119.38359183673468
2026-04-25,activation_price,23,114.11681,152.00549222797926
2026-04-26,day_ahead_price,0,88.729996,79.43999875
2026-04-26,day_ahead_price,1,87.065,83.595001
2026-04-26,day_ahead_price,2,86.3825,87.0999985
2026-04-26,day_ahead_price,3,85.1925,90.48749925
2026-04-26,day_ahead_price,4,86.1675,94.15250025
2026-04-26,day_ahead_price,5,88.4775,98.6399995
2026-04-26,day_ahead_price,6,96.59625,94.1849995
2026-04-26,day_ahead_price,7,105.14,83.47000125
2026-04-26,day_ahead_price,8,110.38625,55.035001750000006
2026-04-26,day_ahead_price,9,109.765,4.3525
2026-04-26,day_ahead_price,10,102.145004,1.58
2026-04-26,day_ahead_price,11,97.485,1.3074999999999999
2026-04-26,day_ahead_price,12,93.70375,0.515
2026-04-26,day_ahead_price,13,95.1025,0.19
2026-04-26,day_ahead_price,14,95.91374,0.0
2026-04-26,day_ahead_price,15,102.902504,0.005
2026-04-26,day_ahead_price,16,114.8125,1.605
2026-04-26,day_ahead_price,17,127.68,12.46749975
2026-04-26,day_ahead_price,18,132.9275,113.097496
2026-04-26,day_ahead_price,19,122.7875,150.28749825
2026-04-26,day_ahead_price,20,106.238754,157.814995
2026-04-26,day_ahead_price,21,103.832504,140.652504
2026-04-26,day_ahead_price,22,101.94,126.4075015
2026-04-26,day_ahead_price,23,94.02625,122.87500025
2026-04-26,capacity_price,0,0.67,1.2
2026-04-26,capacity_price,1,0.605,1.2
2026-04-26,capacity_price,2,0.54,3.35
2026-04-26,capacity_price,3,0.67,6.3
2026-04-26,capacity_price,4,1.2,12.58
2026-04-26,capacity_price,5,1.205,12.58
2026-04-26,capacity_price,6,1.34,18.74
2026-04-26,capacity_price,7,1.34,12.85
2026-04-26,capacity_price,8,6.69,12.58
2026-04-26,capacity_price,9,7.025,1.2
2026-04-26,capacity_price,10,7.36,1.34
2026-04-26,capacity_price,11,6.69,1.2
2026-04-26,capacity_price,12,4.02,0.67
2026-04-26,capacity_price,13,4.02,0.54
2026-04-26,capacity_price,14,5.62,0.67
2026-04-26,capacity_price,15,9.77,0.67
2026-04-26,capacity_price,16,19.744999,1.34
2026-04-26,capacity_price,17,52.08,6.14
2026-04-26,capacity_price,18,47.32,75.6
2026-04-26,capacity_price,19,29.725,75.34
2026-04-26,capacity_price,20,23.2,66.91
2026-04-26,capacity_price,21,11.35,33.46
2026-04-26,capacity_price,22,5.62,8.9
2026-04-26,capacity_price,23,1.2,2.0
2026-04-26,activation_volume,0,22.3,25.8
2026-04-26,activation_volume,1,17.37,20.04
2026-04-26,activation_volume,2,6.33,0.01
2026-04-26,activation_volume,3,2.8600001,35.620000000000005
2026-04-26,activation_volume,4,5.115,0.0
2026-04-26,activation_volume,5,9.64,4.13
2026-04-26,activation_volume,6,6.615,14.0
2026-04-26,activation_volume,7,5.495,21.54
2026-04-26,activation_volume,8,8.45,8.03
2026-04-26,activation_volume,9,8.145,52.68
2026-04-26,activation_volume,10,4.54,0.23
2026-04-26,activation_volume,11,3.98,2.71
2026-04-26,activation_volume,12,4.02,39.1
2026-04-26,activation_volume,13,5.13,33.31
2026-04-26,activation_volume,14,7.92,29.75
2026-04-26,activation_volume,15,6.74,0.0
2026-04-26,activation_volume,16,8.71,46.7
2026-04-26,activation_volume,17,8.06,5.16
2026-04-26,activation_volume,18,3.42,25.47
2026-04-26,activation_volume,19,2.58,15.6
2026-04-26,activation_volume,20,1.7049999,0.56
2026-04-26,activation_volume,21,0.885,11.24
2026-04-26,activation_volume,22,2.2,8.0
2026-04-26,activation_volume,23,4.18,0.0
2026-04-26,activation_price,0,110.99823,94.23498837209303
2026-04-26,activation_price,1,105.043274,170.095124750499
2026-04-26,activation_price,2,110.33842,106.81
2026-04-26,activation_price,3,94.876076,1965.4391268950023
2026-04-26,activation_price,4,102.12142,
2026-04-26,activation_price,5,122.366844,452.196803874092
2026-04-26,activation_price,6,149.02559,475.4134785714286
2026-04-26,activation_price,7,165.50848,929.1381894150418
2026-04-26,activation_price,8,159.55573,309.76567870485684
2026-04-26,activation_price,9,155.07655,40.88711275626423
2026-04-26,activation_price,10,128.24068,8.94
2026-04-26,activation_price,11,127.99283,100.4708487084871
2026-04-26,activation_price,12,110.68879,61.27139386189259
2026-04-26,activation_price,13,112.82184,27.132939057340135
2026-04-26,activation_price,14,130.48299,32.61613445378151
2026-04-26,activation_price,15,131.50836,
2026-04-26,activation_price,16,145.54715,49.53600856531049
2026-04-26,activation_price,17,143.5044,45.73325581395349
2026-04-26,activation_price,18,140.56961,175.00456223007458
2026-04-26,activation_price,19,138.88661,154.80614102564104
2026-04-26,activation_price,20,112.8542,92.61321428571428
2026-04-26,activation_price,21,123.29939,159.99862989323842
2026-04-26,activation_price,22,116.12022,146.87402500000002
2026-04-26,activation_price,23,117.67378,
2026-04-27,day_ahead_price,0,92.2975,118.44750025
2026-04-27,day_ahead_price,1,89.485,113.02999875
2026-04-27,day_ahead_price,2,86.515,112.710001
2026-04-27,day_ahead_price,3,87.2775,112.82499875
2026-04-27,day_ahead_price,4,88.276245,116.73999975
2026-04-27,day_ahead_price,5,90.6575,125.66749575
2026-04-27,day_ahead_price,6,97.23499,165.56749725
2026-04-27,day_ahead_price,7,105.14,153.6900045
2026-04-27,day_ahead_price,8,112.902504,126.949999
2026-04-27,day_ahead_price,9,107.448746,98.675001
2026-04-27,day_ahead_price,10,101.54,74.7250025
2026-04-27,day_ahead_price,11,97.1075,23.049999749999998
2026-04-27,day_ahead_price,12,93.22,18.517499750000002
2026-04-27,day_ahead_price,13,94.1875,14.997500000000002
2026-04-27,day_ahead_price,14,97.16625,16.895
2026-04-27,day_ahead_price,15,102.37,18.4350005
2026-04-27,day_ahead_price,16,115.270004,68.66500024999999
2026-04-27,day_ahead_price,17,129.14,107.1849995
2026-04-27,day_ahead_price,18,137.19751,129.852499
2026-04-27,day_ahead_price,19,130.52,172.29999925
2026-04-27,day_ahead_price,20,116.6,188.11750025
2026-04-27,day_ahead_price,21,107.71625,148.45999899999998
2026-04-27,day_ahead_price,22,103.4,125.64750099999999
2026-04-27,day_ahead_price,23,96.8925,115.2024995
2026-04-27,capacity_price,0,0.605,0.54
2026-04-27,capacity_price,1,0.54,0.67
2026-04-27,capacity_price,2,0.435,1.2
2026-04-27,capacity_price,3,0.67,1.2
2026-04-27,capacity_price,4,0.67,6.69
2026-04-27,capacity_price,5,1.21,12.58
2026-04-27,capacity_price,6,1.31,12.3
2026-04-27,capacity_price,7,1.34,12.85
2026-04-27,capacity_price,8,6.69,60.08
2026-04-27,capacity_price,9,6.69,12.85
2026-04-27,capacity_price,10,6.355,12.71
2026-04-27,capacity_price,11,5.69,1.2
2026-04-27,capacity_price,12,3.685,2.68
2026-04-27,capacity_price,13,4.02,1.2
2026-04-27,capacity_price,14,3.35,1.19
2026-04-27,capacity_price,15,7.33,1.2
2026-04-27,capacity_price,16,17.76,15.26
2026-04-27,capacity_price,17,52.87,33.46
2026-04-27,capacity_price,18,46.59,80.96
2026-04-27,capacity_price,19,20.08,139.86
2026-04-27,capacity_price,20,13.72,127.41
2026-04-27,capacity_price,21,9.64,33.46
2026-04-27,capacity_price,22,3.675,12.58
2026-04-27,capacity_price,23,1.2,1.2
2026-04-27,activation_volume,0,24.235,15.13
2026-04-27,activation_volume,1,17.92,0.0
2026-04-27,activation_volume,2,4.16,0.03
2026-04-27,activation_volume,3,5.03,0.08
2026-04-27,activation_volume,4,5.115,11.440000000000001
2026-04-27,activation_volume,5,9.21,3.73
2026-04-27,activation_volume,6,5.46,6.99
2026-04-27,activation_volume,7,4.495,0.53
2026-04-27,activation_volume,8,10.385,0.37
2026-04-27,activation_volume,9,8.825,0.0
2026-04-27,activation_volume,10,3.8300002,0.99
2026-04-27,activation_volume,11,9.8,16.2
2026-04-27,activation_volume,12,3.41,1.8900000000000001
2026-04-27,activation_volume,13,7.49,44.68000000000001
2026-04-27,activation_volume,14,7.92,0.11000000000000001
2026-04-27,activation_volume,15,7.67,0.0
2026-04-27,activation_volume,16,7.71,3.99
2026-04-27,activation_volume,17,7.255,16.71
2026-04-27,activation_volume,18,3.435,11.7
2026-04-27,activation_volume,19,2.715,0.88
2026-04-27,activation_volume,20,1.89,4.04
2026-04-27,activation_volume,21,1.49,4.960000000000001
2026-04-27,activation_volume,22,3.01,4.96
2026-04-27,activation_volume,23,4.02,2.44
2026-04-27,activation_price,0,121.28338,111.70262392597488
2026-04-27,activation_price,1,104.61299,
2026-04-27,activation_price,2,103.78589,66.9
2026-04-27,activation_price,3,102.218254,66.9
2026-04-27,activation_price,4,105.14624,129.84771853146853
2026-04-27,activation_price,5,115.7245,213.64289544235922
2026-04-27,activation_price,6,139.45866,157.19113018597994
2026-04-27,activation_price,7,144.44383,122.71547169811319
2026-04-27,activation_price,8,150.59729,115.84783783783786
2026-04-27,activation_price,9,150.76031,
2026-04-27,activation_price,10,131.745,117.43
2026-04-27,activation_price,11,120.88232,140.0381049382716
2026-04-27,activation_price,12,110.635895,25.616666666666664
2026-04-27,activation_price,13,113.82771,58.62709042076992
2026-04-27,activation_price,14,125.94487,0.5027272727272727
2026-04-27,activation_price,15,133.08325,
2026-04-27,activation_price,16,146.39401,99.48142857142855
2026-04-27,activation_price,17,146.34148,148.63853381208855
2026-04-27,activation_price,18,142.9975,155.6565982905983
2026-04-27,activation_price,19,146.02034,85.07772727272729
2026-04-27,activation_price,20,127.89746,113.91420792079207
2026-04-27,activation_price,21,127.886925,149.10514112903223
2026-04-27,activation_price,22,114.53181,116.00766129032259
2026-04-27,activation_price,23,114.377594,101.08762295081966
2026-04-28,day_ahead_price,0,87.0175,112.66000175
2026-04-28,day_ahead_price,1,86.2275,106.90250225
2026-04-28,day_ahead_price,2,85.2525,102.9799995
2026-04-28,day_ahead_price,3,84.869995,102.83
2026-04-28,day_ahead_price,4,84.285,105.27749999999999
2026-04-28,day_ahead_price,5,87.622505,111.83499900000001
2026-04-28,day_ahead_price,6,94.4,122.1000005
2026-04-28,day_ahead_price,7,99.22,121.42999825
2026-04-28,day_ahead_price,8,107.5175,112.31500075
2026-04-28,day_ahead_price,9,107.4525,79.77750024999999
2026-04-28,day_ahead_price,10,101.909996,31.99750075
2026-04-28,day_ahead_price,11,95.848755,14.54000025
2026-04-28,day_ahead_price,12,92.20875,12.825000000000001
2026-04-28,day_ahead_price,13,93.155,11.19
2026-04-28,day_ahead_price,14,95.215,6.8325
2026-04-28,day_ahead_price,15,100.6375,7.865
2026-04-28,day_ahead_price,16,110.02375,10.0
2026-04-28,day_ahead_price,17,125.1875,36.0125
2026-04-28,day_ahead_price,18,131.20125,90.10000050000001
2026-04-28,day_ahead_price,19,123.785,117.3999995
2026-04-28,day_ahead_price,20,111.03375,120.9725
2026-04-28,day_ahead_price,21,102.567505,115.82750325
2026-04-28,day_ahead_price,22,100.1175,111.29500025
2026-04-28,day_ahead_price,23,93.902504,101.7700025
2026-04-28,capacity_price,0,0.54,1.2
2026-04-28,capacity_price,1,0.54,1.2
2026-04-28,capacity_price,2,0.47000003,1.2
2026-04-28,capacity_price,3,0.67,1.2
2026-04-28,capacity_price,4,0.93500006,12.58
2026-04-28,capacity_price,5,1.21,12.85
2026-04-28,capacity_price,6,1.26,13.8
2026-04-28,capacity_price,7,3.35,66.24
2026-04-28,capacity_price,8,6.69,79.3
2026-04-28,capacity_price,9,6.69,61.33
2026-04-28,capacity_price,10,6.69,12.58
2026-04-28,capacity_price,11,5.955,1.2
2026-04-28,capacity_price,12,5.55,1.2
2026-04-28,capacity_price,13,5.62,1.2
2026-04-28,capacity_price,14,5.8199997,1.2
2026-04-28,capacity_price,15,9.55,3.35
2026-04-28,capacity_price,16,13.32,1.2
2026-04-28,capacity_price,17,42.39,40.12
2026-04-28,capacity_price,18,53.54,71.58
2026-04-28,capacity_price,19,42.77,100.29
2026-04-28,capacity_price,20,24.560001,113.76
2026-04-28,capacity_price,21,12.31,33.46
2026-04-28,capacity_price,22,5.685,11.8
2026-04-28,capacity_price,23,1.2,1.2
2026-04-28,activation_volume,0,27.75,14.77
2026-04-28,activation_volume,1,20.23,25.72
2026-04-28,activation_volume,2,4.47,1.7000000000000002
2026-04-28,activation_volume,3,7.88,2.29
2026-04-28,activation_volume,4,9.2,2.33
2026-04-28,activation_volume,5,10.42,0.4
2026-04-28,activation_volume,6,7.72,2.01
2026-04-28,activation_volume,7,6.92,1.95
2026-04-28,activation_volume,8,11.855,5.17
2026-04-28,activation_volume,9,8.825,0.2
2026-04-28,activation_volume,10,4.7200003,15.68
2026-04-28,activation_volume,11,3.68,66.22
2026-04-28,activation_volume,12,5.3900003,68.11
2026-04-28,activation_volume,13,7.19,12.43
2026-04-28,activation_volume,14,8.205,38.15
2026-04-28,activation_volume,15,5.425,23.91
2026-04-28,activation_volume,16,7.76,38.03
2026-04-28,activation_volume,17,4.6949997,22.78
2026-04-28,activation_volume,18,1.4,17.72
2026-04-28,activation_volume,19,2.38,8.610000000000001
2026-04-28,activation_volume,20,0.295,3.3000000000000003
2026-04-28,activation_volume,21,0.545,1.73
2026-04-28,activation_volume,22,1.41,2.4400000000000004
2026-04-28,activation_volume,23,2.19,3.63
2026-04-28,activation_price,0,113.733505,102.19159783344618
2026-04-28,activation_price,1,105.043274,123.30181959564541
2026-04-28,activation_price,2,100.861145,115.57358823529411
2026-04-28,activation_price,3,101.78238,131.59126637554584
2026-04-28,activation_price,4,109.453064,126.63021459227468
2026-04-28,activation_price,5,109.55937,149.90649999999997
2026-04-28,activation_price,6,143.57593,148.80940298507463
2026-04-28,activation_price,7,153.62846,143.90276923076925
2026-04-28,activation_price,8,159.7872,120.33000000000001
2026-04-28,activation_price,9,141.27414,29.17
2026-04-28,activation_price,10,117.14062,41.544330357142854
2026-04-28,activation_price,11,117.82438,129.125
2026-04-28,activation_price,12,113.57426,107.36466157686097
2026-04-28,activation_price,13,114.08357,28.392003218020914
2026-04-28,activation_price,14,126.23155,63.49149148099606
2026-04-28,activation_price,15,139.67157,77.26489335006274
2026-04-28,activation_price,16,146.32729,99.15050486458061
2026-04-28,activation_price,17,152.1106,209.24100087796307
2026-04-28,activation_price,18,138.927,135.34551918735892
2026-04-28,activation_price,19,131.08017,128.50351916376306
2026-04-28,activation_price,20,113.04841,105.76721212121211
2026-04-28,activation_price,21,121.47974,118.84265895953757
2026-04-28,activation_price,22,113.49646,129.59217213114755
2026-04-28,activation_price,23,118.76,105.05955922865016
2026-04-29,day_ahead_price,0,93.9875,98.20749849999999
2026-04-29,day_ahead_price,1,88.61,96.72499875
2026-04-29,day_ahead_price,2,86.125,97.9175015
2026-04-29,day_ahead_price,3,84.88,98.52749825000001
2026-04-29,day_ahead_price,4,85.265,100.6500015
2026-04-29,day_ahead_price,5,88.77125,107.90500075
2026-04-29,day_ahead_price,6,96.475,139.79749675000002
2026-04-29,day_ahead_price,7,100.729996,126.84749799999999
2026-04-29,day_ahead_price,8,107.165,112.36499975000001
2026-04-29,day_ahead_price,9,107.4,72.8724995
2026-04-29,day_ahead_price,10,101.11125,22.7925
2026-04-29,day_ahead_price,11,94.86,4.5225
2026-04-29,day_ahead_price,12,92.0025,-6.35
2026-04-29,day_ahead_price,13,92.259995,-9.16
2026-04-29,day_ahead_price,14,93.073746,-9.9375
2026-04-29,day_ahead_price,15,98.6325,-15.8125
2026-04-29,day_ahead_price,16,112.31375,-6.6775
2026-04-29,day_ahead_price,17,125.1875,21.33500025
2026-04-29,day_ahead_price,18,125.48,91.11749925000001
2026-04-29,day_ahead_price,19,117.445,125.72750074999999
2026-04-29,day_ahead_price,20,102.74625,145.785
2026-04-29,day_ahead_price,21,97.565,129.95250125
2026-04-29,day_ahead_price,22,94.315,115.65750125
2026-04-29,day_ahead_price,23,88.915,105.0975
2026-04-29,capacity_price,0,0.67,0.67
2026-04-29,capacity_price,1,0.67,1.2
2026-04-29,capacity_price,2,0.54,0.67
2026-04-29,capacity_price,3,0.67,1.2
2026-04-29,capacity_price,4,0.67,32.12
2026-04-29,capacity_price,5,1.2,12.58
2026-04-29,capacity_price,6,1.21,9.9
2026-04-29,capacity_price,7,1.325,64.5
2026-04-29,capacity_price,8,6.69,66.92
2026-04-29,capacity_price,9,6.69,6.69
2026-04-29,capacity_price,10,5.825,0.67
2026-04-29,capacity_price,11,4.0,0.47
2026-04-29,capacity_price,12,1.34,0.67
2026-04-29,capacity_price,13,3.35,0.39
2026-04-29,capacity_price,14,2.345,0.47
2026-04-29,capacity_price,15,5.755,0.27
2026-04-29,capacity_price,16,10.245001,0.33
2026-04-29,capacity_price,17,29.45,1.2
2026-04-29,capacity_price,18,33.74,12.85
2026-04-29,capacity_price,19,20.08,12.85
2026-04-29,capacity_price,20,13.385,13.0
2026-04-29,capacity_price,21,8.555,13.0
2026-04-29,capacity_price,22,3.35,12.58
2026-04-29,capacity_price,23,1.2,5.35
2026-04-29,activation_volume,0,23.06,8.25
2026-04-29,activation_volume,1,19.335,0.8700000000000001
2026-04-29,activation_volume,2,8.28,0.42000000000000004
2026-04-29,activation_volume,3,10.2,0.65
2026-04-29,activation_volume,4,10.105,0.25
2026-04-29,activation_volume,5,10.530001,2.3200000000000003
2026-04-29,activation_volume,6,7.56,6.949999999999999
2026-04-29,activation_volume,7,5.7,10.01
2026-04-29,activation_volume,8,11.68,15.32
2026-04-29,activation_volume,9,12.39,17.09
2026-04-29,activation_volume,10,4.54,37.65
2026-04-29,activation_volume,11,6.8149996,107.22
2026-04-29,activation_volume,12,8.1,7.0600000000000005
2026-04-29,activation_volume,13,7.81,71.64
2026-04-29,activation_volume,14,12.465,61.94
2026-04-29,activation_volume,15,10.83,52.44
2026-04-29,activation_volume,16,9.14,22.43
2026-04-29,activation_volume,17,6.195,62.309999999999995
2026-04-29,activation_volume,18,3.635,9.53
2026-04-29,activation_volume,19,3.03,16.1
2026-04-29,activation_volume,20,0.75,15.730000000000002
2026-04-29,activation_volume,21,0.61,7.04
2026-04-29,activation_volume,22,2.12,6.300000000000001
2026-04-29,activation_volume,23,3.1,4.529999999999999
2026-04-29,activation_price,0,129.66364,65.22882424242424
2026-04-29,activation_price,1,107.35771,64.76344827586207
2026-04-29,activation_price,2,118.02768,85.11238095238095
2026-04-29,activation_price,3,106.01352,76.88
2026-04-29,activation_price,4,109.99863,34.4672
2026-04-29,activation_price,5,114.23038,94.90405172413791
2026-04-29,activation_price,6,142.71846,124.2399712230216
2026-04-29,activation_price,7,144.44383,169.4159040959041
2026-04-29,activation_price,8,157.42755,156.39624020887726
2026-04-29,activation_price,9,134.15,222.59657694558223
2026-04-29,activation_price,10,130.94633,213.1263373173971
2026-04-29,activation_price,11,120.08343,101.80980880432755
2026-04-29,activation_price,12,112.5524,92.37073654390933
2026-04-29,activation_price,13,114.08357,202.28505862646566
2026-04-29,activation_price,14,133.97906,162.0186535356797
2026-04-29,activation_price,15,136.7824,51.3015522501907
2026-04-29,activation_price,16,146.39401,26.754159607668303
2026-04-29,activation_price,17,142.85193,97.99851067244424
2026-04-29,activation_price,18,133.505,233.04494228751312
2026-04-29,activation_price,19,134.5998,152.80919875776394
2026-04-29,activation_price,20,117.38,151.88247933884296
2026-04-29,activation_price,21,125.593155,140.34610795454546
2026-04-29,activation_price,22,115.04413,123.44953968253967
2026-04-29,activation_price,23,115.101555,135.60783664459166
2026-04-30,day_ahead_price,0,92.4525,98.97250175
2026-04-30,day_ahead_price,1,88.847496,98.3125
2026-04-30,day_ahead_price,2,86.5075,96.80000125000001
2026-04-30,day_ahead_price,3,86.3125,93.89500025000001
2026-04-30,day_ahead_price,4,87.645004,93.90749925
2026-04-30,day_ahead_price,5,90.8575,102.18999875
2026-04-30,day_ahead_price,6,97.88,134.41750324999998
2026-04-30,day_ahead_price,7,114.3275,119.199999
2026-04-30,day_ahead_price,8,119.917496,96.21749875
2026-04-30,day_ahead_price,9,110.8375,46.674999750000005
2026-04-30,day_ahead_price,10,102.4,5.1125
2026-04-30,day_ahead_price,11,94.799995,1.1199999999999999
2026-04-30,day_ahead_price,12,91.54,-1.9825
2026-04-30,day_ahead_price,13,91.135,-13.899999999999999
2026-04-30,day_ahead_price,14,93.526245,-15.997499999999999
2026-04-30,day_ahead_price,15,102.41625,-9.269999999999998
2026-04-30,day_ahead_price,16,117.886246,-0.0025
2026-04-30,day_ahead_price,17,130.74,20.5799995
2026-04-30,day_ahead_price,18,137.1625,92.43000025
2026-04-30,day_ahead_price,19,133.9725,139.0874995
2026-04-30,day_ahead_price,20,111.325,178.619999
2026-04-30,day_ahead_price,21,107.503746,145.84000025
2026-04-30,day_ahead_price,22,102.222496,118.91999799999999
2026-04-30,day_ahead_price,23,94.02625,109.6075
2026-04-30,capacity_price,0,0.605,1.2
2026-04-30,capacity_price,1,0.67,1.2
2026-04-30,capacity_price,2,0.54,1.2
2026-04-30,capacity_price,3,0.67,1.2
2026-04-30,capacity_price,4,0.67,7.8
2026-04-30,capacity_price,5,1.2,7.8
2026-04-30,capacity_price,6,1.31,7.8
2026-04-30,capacity_price,7,1.34,16.33
2026-04-30,capacity_price,8,8.299999,69.37
2026-04-30,capacity_price,9,8.965,12.58
2026-04-30,capacity_price,10,6.355,1.34
2026-04-30,capacity_price,11,5.89,0.54
2026-04-30,capacity_price,12,4.76,0.54
2026-04-30,capacity_price,13,5.1499996,0.54
2026-04-30,capacity_price,14,5.4849997,1.34
2026-04-30,capacity_price,15,10.889999,0.67
2026-04-30,capacity_price,16,22.825,0.54
2026-04-30,capacity_price,17,59.97,12.58
2026-04-30,capacity_price,18,61.44,45.0
2026-04-30,capacity_price,19,31.395,53.4
2026-04-30,capacity_price,20,19.744999,64.1
2026-04-30,capacity_price,21,12.780001,14.4
2026-04-30,capacity_price,22,4.01,12.85
2026-04-30,capacity_price,23,1.2,12.58
2026-04-30,activation_volume,0,32.745003,33.95
2026-04-30,activation_volume,1,20.47,10.42
2026-04-30,activation_volume,2,6.225,4.09
2026-04-30,activation_volume,3,5.05,2.53
2026-04-30,activation_volume,4,4.54,1.0899999999999999
2026-04-30,activation_volume,5,10.715,14.14
2026-04-30,activation_volume,6,8.96,32.81
2026-04-30,activation_volume,7,7.19,10.760000000000002
2026-04-30,activation_volume,8,10.94,29.67
2026-04-30,activation_volume,9,8.245,1.4700000000000002
2026-04-30,activation_volume,10,6.13,37.37
2026-04-30,activation_volume,11,9.26,48.93
2026-04-30,activation_volume,12,3.795,92.98000000000002
2026-04-30,activation_volume,13,7.725,37.36
2026-04-30,activation_volume,14,9.24,48.52
2026-04-30,activation_volume,15,7.99,27.81
2026-04-30,activation_volume,16,9.01,55.440000000000005
2026-04-30,activation_volume,17,7.965,29.26
2026-04-30,activation_volume,18,3.395,8.22
2026-04-30,activation_volume,19,2.6,17.17
2026-04-30,activation_volume,20,1.22,5.390000000000001
2026-04-30,activation_volume,21,1.91,3.7
2026-04-30,activation_volume,22,2.94,1.6899999999999997
2026-04-30,activation_volume,23,2.545,0.49
2026-04-30,activation_price,0,132.29556,142.8199617083947
2026-04-30,activation_price,1,106.54975,87.91142994241842
2026-04-30,activation_price,2,111.05058,118.14616136919317
2026-04-30,activation_price,3,106.37979,117.7699209486166
2026-04-30,activation_price,4,110.66473,98.4248623853211
2026-04-30,activation_price,5,124.19258,137.0503253182461
2026-04-30,activation_price,6,164.56839,176.54698567509902
2026-04-30,activation_price,7,168.88005,252.79438661710032
2026-04-30,activation_price,8,164.88914,200.8808088978766
2026-04-30,activation_price,9,167.94824,70.35646258503401
2026-04-30,activation_price,10,149.02061,136.50489697618409
2026-04-30,activation_price,11,138.14108,54.59454118127939
2026-04-30,activation_price,12,114.641975,69.58133469563346
2026-04-30,activation_price,13,121.02,18.977435760171307
2026-04-30,activation_price,14,137.60007,24.85341508656224
2026-04-30,activation_price,15,154.46786,27.618417835311043
2026-04-30,activation_price,16,158.38574,74.6376533189033
2026-04-30,activation_price,17,171.46922,145.66002392344498
2026-04-30,activation_price,18,162.18471,124.75671532846714
2026-04-30,activation_price,19,150.02841,158.02788002329643
2026-04-30,activation_price,20,127.96395,133.04493506493506
2026-04-30,activation_price,21,126.00943,111.72151351351351
2026-04-30,activation_price,22,124.80267,126.5356804733728
2026-04-30,activation_price,23,118.76,64.3757142857143
2026-05-01,day_ahead_price,0,92.4525,107.22750099999999
2026-05-01,day_ahead_price,1,89.485,103.085001
2026-05-01,day_ahead_price,2,86.515,101.384998
2026-05-01,day_ahead_price,3,86.8675,99.24500075
2026-05-01,day_ahead_price,4,88.40125,97.9800015
2026-05-01,day_ahead_price,5,91.74875,97.49500075
2026-05-01,day_ahead_price,6,98.55375,103.76750000000001
2026-05-01,day_ahead_price,7,114.235,80.33999825000001
2026-05-01,day_ahead_price,8,114.3,35.825001
2026-05-01,day_ahead_price,9,107.4975,3.2775000000000003
2026-05-01,day_ahead_price,10,101.22,0.475
2026-05-01,day_ahead_price,11,99.75874,-0.0725
2026-05-01,day_ahead_price,12,95.965,-2.22
2026-05-01,day_ahead_price,13,95.62625,-4.375
2026-05-01,day_ahead_price,14,97.22,-6.7725
2026-05-01,day_ahead_price,15,103.15875,-5.53
2026-05-01,day_ahead_price,16,113.895004,-1.4325
2026-05-01,day_ahead_price,17,126.7525,5.985
2026-05-01,day_ahead_price,18,131.59,92.52999775
2026-05-01,day_ahead_price,19,123.88,154.19000225
2026-05-01,day_ahead_price,20,110.7925,173.3250045
2026-05-01,day_ahead_price,21,103.832504,142.95000275
2026-05-01,day_ahead_price,22,102.222496,113.222498
2026-05-01,day_ahead_price,23,94.02625,96.98249799999999
2026-05-01,capacity_price,0,0.54,2.0
2026-05-01,capacity_price,1,0.54,1.2
2026-05-01,capacity_price,2,0.49,1.2
2026-05-01,capacity_price,3,0.67,2.0
2026-05-01,capacity_price,4,0.67,7.1
2026-05-01,capacity_price,5,1.2,7.1
2026-05-01,capacity_price,6,1.31,7.1
2026-05-01,capacity_price,7,1.31,7.1
2026-05-01,capacity_price,8,6.69,32.21
2026-05-01,capacity_price,9,6.69,1.34
2026-05-01,capacity_price,10,6.02,0.67
2026-05-01,capacity_price,11,5.76,0.67
2026-05-01,capacity_price,12,3.865,0.67
2026-05-01,capacity_price,13,4.02,0.54
2026-05-01,capacity_price,14,3.35,0.54
2026-05-01,capacity_price,15,6.2250004,0.54
2026-05-01,capacity_price,16,10.31,0.67
2026-05-01,capacity_price,17,53.54,4.84
2026-05-01,capacity_price,18,51.93,47.9
2026-05-01,capacity_price,19,24.89,89.6
2026-05-01,capacity_price,20,13.385,12.85
2026-05-01,capacity_price,21,9.64,12.8
2026-05-01,capacity_price,22,3.35,12.71
2026-05-01,capacity_price,23,1.2,5.89
2026-05-01,activation_volume,0,28.14,50.23
2026-05-01,activation_volume,1,18.73,47.47
2026-05-01,activation_volume,2,6.04,11.84
2026-05-01,activation_volume,3,6.23,11.129999999999999
2026-05-01,activation_volume,4,4.955,0.45
2026-05-01,activation_volume,5,10.38,2.73
2026-05-01,activation_volume,6,7.3999996,14.719999999999999
2026-05-01,activation_volume,7,4.24,5.15
2026-05-01,activation_volume,8,9.83,43.13
2026-05-01,activation_volume,9,9.48,36.510000000000005
2026-05-01,activation_volume,10,6.13,45.07000000000001
2026-05-01,activation_volume,11,9.17,6.17
2026-05-01,activation_volume,12,4.41,60.61
2026-05-01,activation_volume,13,7.03,45.92
2026-05-01,activation_volume,14,6.45,4.970000000000001
2026-05-01,activation_volume,15,6.605,8.56
2026-05-01,activation_volume,16,8.93,43.33
2026-05-01,activation_volume,17,6.69,46.94
2026-05-01,activation_volume,18,2.5,21.72
2026-05-01,activation_volume,19,2.715,5.2
2026-05-01,activation_volume,20,1.645,13.83
2026-05-01,activation_volume,21,1.49,37.86
2026-05-01,activation_volume,22,3.0900002,7.219999999999999
2026-05-01,activation_volume,23,3.05,6.51
2026-05-01,activation_price,0,117.1384,234.20736213418277
2026-05-01,activation_price,1,107.3591,193.1378597008637
2026-05-01,activation_price,2,114.48421,190.40790540540542
2026-05-01,activation_price,3,101.34651,119.34205750224619
2026-05-01,activation_price,4,103.36783,79.5431111111111
2026-05-01,activation_price,5,118.96448,80.55047619047619
2026-05-01,activation_price,6,157.99501,125.71242527173914
2026-05-01,activation_price,7,160.04614,120.19937864077669
2026-05-01,activation_price,8,161.47116,176.67284488754925
2026-05-01,activation_price,9,150.99927,297.77442344563127
2026-05-01,activation_price,10,131.34567,98.80092522742399
2026-05-01,activation_price,11,136.1116,7.8263695299837925
2026-05-01,activation_price,12,115.02257,29.401295165814222
2026-05-01,activation_price,13,114.53087,11.296598432055747
2026-05-01,activation_price,14,125.79057,5.012957746478873
2026-05-01,activation_price,15,135.12619,12.915443925233642
2026-05-01,activation_price,16,149.54936,52.97297715208862
2026-05-01,activation_price,17,160.13168,184.38549424797617
2026-05-01,activation_price,18,143.36891,206.14995395948438
2026-05-01,activation_price,19,147.50089,142.19592307692307
2026-05-01,activation_price,20,128.91698,203.4567823571945
2026-05-01,activation_price,21,126.00943,1197.7884521922874
2026-05-01,activation_price,22,119.26,257.1124238227147
2026-05-01,activation_price,23,116.48335,114.44874039938556
2026-05-02,day_ahead_price,0,96.805,117.42499925
2026-05-02,day_ahead_price,1,93.26375,103.71249975
2026-05-02,day_ahead_price,2,89.5075,99.477501
2026-05-02,day_ahead_price,3,90.885,93.33500124999999
2026-05-02,day_ahead_price,4,89.9775,93.54500000000002
2026-05-02,day_ahead_price,5,93.71875,93.69750025
2026-05-02,day_ahead_price,6,97.88,91.78000075
2026-05-02,day_ahead_price,7,114.235,78.01249874999999
2026-05-02,day_ahead_price,8,111.43125,18.26999975
2026-05-02,day_ahead_price,9,107.4975,1.415
2026-05-02,day_ahead_price,10,102.145004,-0.52
2026-05-02,day_ahead_price,11,92.99,-3.1875
2026-05-02,day_ahead_price,12,89.034996,-4.2825
2026-05-02,day_ahead_price,13,90.28,-5.9525
2026-05-02,day_ahead_price,14,90.54125,-5.97
2026-05-02,day_ahead_price,15,98.9825,-3.9774999999999996
2026-05-02,day_ahead_price,16,116.917496,0.0325
2026-05-02,day_ahead_price,17,128.3025,54.9449985
2026-05-02,day_ahead_price,18,135.52124,127.13999949999999
2026-05-02,day_ahead_price,19,127.1325,165.00000175
2026-05-02,day_ahead_price,20,113.901245,195.45000075000002
2026-05-02,day_ahead_price,21,107.71625,154.31999975000002
2026-05-02,day_ahead_price,22,105.14,139.960001
2026-05-02,day_ahead_price,23,98.4675,123.865
2026-05-02,capacity_price,0,0.67,1.2
2026-05-02,capacity_price,1,0.54,1.2
2026-05-02,capacity_price,2,0.54,1.2
2026-05-02,capacity_price,3,0.67,1.2
2026-05-02,capacity_price,4,1.2,6.0
2026-05-02,capacity_price,5,1.21,6.0
2026-05-02,capacity_price,6,3.35,6.0
2026-05-02,capacity_price,7,4.81,6.0
2026-05-02,capacity_price,8,6.69,3.35
2026-05-02,capacity_price,9,6.69,1.2
2026-05-02,capacity_price,10,5.89,0.27
2026-05-02,capacity_price,11,5.69,0.13
2026-05-02,capacity_price,12,4.675,0.13
2026-05-02,capacity_price,13,5.015,0.13
2026-05-02,capacity_price,14,4.0,0.13
2026-05-02,capacity_price,15,8.03,0.2
2026-05-02,capacity_price,16,17.76,1.2
2026-05-02,capacity_price,17,57.28,12.58
2026-05-02,capacity_price,18,63.37,88.49
2026-05-02,capacity_price,19,55.23,70.27
2026-05-02,capacity_price,20,32.81,65.31
2026-05-02,capacity_price,21,9.64,12.85
2026-05-02,capacity_price,22,4.0,12.58
2026-05-02,capacity_price,23,1.2,8.7
2026-05-02,activation_volume,0,13.55,1.07
2026-05-02,activation_volume,1,15.690001,5.41
2026-05-02,activation_volume,2,4.5,0.78
2026-05-02,activation_volume,3,3.255,2.17
2026-05-02,activation_volume,4,5.21,1.7199999999999998
2026-05-02,activation_volume,5,9.64,1.53
2026-05-02,activation_volume,6,6.53,1.96
2026-05-02,activation_volume,7,5.0699997,3.76
2026-05-02,activation_volume,8,9.04,9.120000000000001
2026-05-02,activation_volume,9,7.85,56.029999999999994
2026-05-02,activation_volume,10,4.78,68.89999999999999
2026-05-02,activation_volume,11,9.835,21.8
2026-05-02,activation_volume,12,3.86,0.74
2026-05-02,activation_volume,13,8.82,0.55
2026-05-02,activation_volume,14,6.04,1.01
2026-05-02,activation_volume,15,7.8,5.33
2026-05-02,activation_volume,16,8.01,20.34
2026-05-02,activation_volume,17,7.255,21.43
2026-05-02,activation_volume,18,3.29,33.55
2026-05-02,activation_volume,19,3.15,5.220000000000001
2026-05-02,activation_volume,20,1.835,4.32
2026-05-02,activation_volume,21,2.03,7.3
2026-05-02,activation_volume,22,2.09,4.12
2026-05-02,activation_volume,23,3.78,4.52
2026-05-02,activation_price,0,110.35252,27.864859813084113
2026-05-02,activation_price,1,101.00166,90.41038817005544
2026-05-02,activation_price,2,110.32054,105.2426923076923
2026-05-02,activation_price,3,106.02312,125.05783410138248
2026-05-02,activation_price,4,109.03483,117.89122093023258
2026-05-02,activation_price,5,119.22282,119.6092156862745
2026-05-02,activation_price,6,142.71846,85.7295918367347
2026-05-02,activation_price,7,148.84633,580.17
2026-05-02,activation_price,8,152.61525,32.61939692982456
2026-05-02,activation_price,9,150.76031,91.44888274138856
2026-05-02,activation_price,10,143.31804,116.12402177068215
2026-05-02,activation_price,11,139.3361,17.0677752293578
2026-05-02,activation_price,12,110.21289,1.26
2026-05-02,activation_price,13,118.791306,0.71
2026-05-02,activation_price,14,123.82012,1.4506930693069306
2026-05-02,activation_price,15,134.91661,10.501969981238274
2026-05-02,activation_price,16,149.58395,60.580098328416916
2026-05-02,activation_price,17,146.34148,165.78285114325712
2026-05-02,activation_price,18,148.22821,417.7287183308495
2026-05-02,activation_price,19,148.76678,174.78685823754788
2026-05-02,activation_price,20,132.12903,225.76157407407405
2026-05-02,activation_price,21,132.52576,163.5139178082192
2026-05-02,activation_price,22,119.73134,143.1080582524272
2026-05-02,activation_price,23,117.97928,126.80599557522125
2026-05-03,day_ahead_price,0,96.9025,121.19500175
2026-05-03,day_ahead_price,1,92.965,116.03250125
2026-05-03,day_ahead_price,2,89.5075,110.16250025
2026-05-03,day_ahead_price,3,88.595,108.477501
2026-05-03,day_ahead_price,4,88.04375,106.29249975
2026-05-03,day_ahead_price,5,89.6875,107.07250025
2026-05-03,day_ahead_price,6,99.2275,101.70000075
2026-05-03,day_ahead_price,7,111.19625,85.6099995
2026-05-03,day_ahead_price,8,109.095,79.08250050000001
2026-05-03,day_ahead_price,9,107.4,46.38249975
2026-05-03,day_ahead_price,10,96.5,26.57999925
2026-05-03,day_ahead_price,11,89.0,26.495
2026-05-03,day_ahead_price,12,83.94,29.10249975
2026-05-03,day_ahead_price,13,82.292496,33.1475005
2026-05-03,day_ahead_price,14,88.3825,39.9974995
2026-05-03,day_ahead_price,15,97.18875,45.007501500000004
2026-05-03,day_ahead_price,16,111.755,61.555000250000006
2026-05-03,day_ahead_price,17,124.3975,82.70750175
2026-05-03,day_ahead_price,18,127.99,120.57249825
2026-05-03,day_ahead_price,19,125.24,134.79499825
2026-05-03,day_ahead_price,20,111.03375,140.869999
2026-05-03,day_ahead_price,21,102.567505,137.3099975
2026-05-03,day_ahead_price,22,100.131256,130.3775025
2026-05-03,day_ahead_price,23,92.8175,121.115
2026-05-03,capacity_price,0,0.605,12.58
2026-05-03,capacity_price,1,0.54,12.58
2026-05-03,capacity_price,2,0.34,6.69
2026-05-03,capacity_price,3,0.54,6.69
2026-05-03,capacity_price,4,0.67,6.0
2026-05-03,capacity_price,5,1.2,6.0
2026-05-03,capacity_price,6,1.26,6.0
2026-05-03,capacity_price,7,1.31,6.69
2026-05-03,capacity_price,8,6.69,6.0
2026-05-03,capacity_price,9,6.69,6.69
2026-05-03,capacity_price,10,4.675,0.54
2026-05-03,capacity_price,11,1.31,0.54
2026-05-03,capacity_price,12,1.31,0.67
2026-05-03,capacity_price,13,1.325,0.2
2026-05-03,capacity_price,14,1.31,0.43
2026-05-03,capacity_price,15,3.675,0.54
2026-05-03,capacity_price,16,10.245001,1.2
2026-05-03,capacity_price,17,53.77,6.69
2026-05-03,capacity_price,18,51.94,46.84
2026-05-03,capacity_price,19,30.11,12.85
2026-05-03,capacity_price,20,10.475,12.71
2026-05-03,capacity_price,21,6.69,12.1
2026-05-03,capacity_price,22,1.34,33.46
2026-05-03,capacity_price,23,1.2,2.0
2026-05-03,activation_volume,0,28.130001,5.45
2026-05-03,activation_volume,1,19.69,11.32
2026-05-03,activation_volume,2,5.5,15.780000000000001
2026-05-03,activation_volume,3,7.0550003,30.900000000000006
2026-05-03,activation_volume,4,7.79,16.990000000000002
2026-05-03,activation_volume,5,10.725,17.79
2026-05-03,activation_volume,6,8.24,4.69
2026-05-03,activation_volume,7,5.41,1.25
2026-05-03,activation_volume,8,11.04,3.42
2026-05-03,activation_volume,9,8.825,4.1000000000000005
2026-05-03,activation_volume,10,5.285,1.0
2026-05-03,activation_volume,11,10.01,7.27
2026-05-03,activation_volume,12,3.15,24.68
2026-05-03,activation_volume,13,7.84,22.82
2026-05-03,activation_volume,14,9.6,89.86
2026-05-03,activation_volume,15,10.83,112.21
2026-05-03,activation_volume,16,9.075001,36.17
2026-05-03,activation_volume,17,8.06,21.470000000000002
2026-05-03,activation_volume,18,2.2849998,4.59
2026-05-03,activation_volume,19,2.4250002,4.0
2026-05-03,activation_volume,20,1.07,1.07
2026-05-03,activation_volume,21,1.5350001,2.2800000000000002
2026-05-03,activation_volume,22,2.07,1.57
2026-05-03,activation_volume,23,1.99,3.04
2026-05-03,activation_price,0,130.34415,116.91673394495412
2026-05-03,activation_price,1,106.54975,109.03496466431095
2026-05-03,activation_price,2,114.48421,136.36118504435996
2026-05-03,activation_price,3,105.7588,162.8363333333333
2026-05-03,activation_price,4,108.99382,175.26995879929368
2026-05-03,activation_price,5,117.76676,177.35785834738616
2026-05-03,activation_price,6,156.03474,152.0946908315565
2026-05-03,activation_price,7,154.07819,92.90920000000001
2026-05-03,activation_price,8,159.55573,68.6998245614035
2026-05-03,activation_price,9,150.87909,47.707268292682926
2026-05-03,activation_price,10,130.94633,9.480200000000002
2026-05-03,activation_price,11,120.99658,50.20577716643742
2026-05-03,activation_price,12,110.21289,64.30989465153971
2026-05-03,activation_price,13,113.23863,99.19269938650307
2026-05-03,activation_price,14,126.403114,173.27375695526374
2026-05-03,activation_price,15,131.37912,941.6136110863561
2026-05-03,activation_price,16,151.65033,732.9089687586396
2026-05-03,activation_price,17,155.47092,438.1918863530507
2026-05-03,activation_price,18,141.59785,129.8022222222222
2026-05-03,activation_price,19,143.2225,134.12685
2026-05-03,activation_price,20,132.12903,98.29869158878503
2026-05-03,activation_price,21,126.00943,112.14447368421051
2026-05-03,activation_price,22,124.80267,137.10171974522294
2026-05-03,activation_price,23,115.101555,105.92756578947368
2026-05-04,day_ahead_price,0,92.41125,117.3550015
2026-05-04,day_ahead_price,1,92.45125,108.40999975
2026-05-04,day_ahead_price,2,86.7475,110.5575005
2026-05-04,day_ahead_price,3,86.81375,106.34749975
2026-05-04,day_ahead_price,4,87.80875,109.90749925
2026-05-04,day_ahead_price,5,89.655,127.4175015
2026-05-04,day_ahead_price,6,96.7175,147.77000025
2026-05-04,day_ahead_price,7,109.9,151.26749800000002
2026-05-04,day_ahead_price,8,109.095,134.60249925
2026-05-04,day_ahead_price,9,105.93,113.625002
2026-05-04,day_ahead_price,10,98.49875,99.9900015
2026-05-04,day_ahead_price,11,93.957504,93.0949995
2026-05-04,day_ahead_price,12,91.915,75.06500025
2026-05-04,day_ahead_price,13,92.0625,69.4075015
2026-05-04,day_ahead_price,14,92.072495,81.07750150000001
2026-05-04,day_ahead_price,15,99.4875,94.00249849999999
2026-05-04,day_ahead_price,16,113.29875,107.9675005
2026-05-04,day_ahead_price,17,130.12125,115.49749750000001
2026-05-04,day_ahead_price,18,139.7225,124.22000125
2026-05-04,day_ahead_price,19,132.87,197.88750075000002
2026-05-04,day_ahead_price,20,118.14625,218.175003
2026-05-04,day_ahead_price,21,107.805,186.01499925
2026-05-04,day_ahead_price,22,103.412506,153.04500225
2026-05-04,day_ahead_price,23,97.18,135.75749775
2026-05-04,capacity_price,0,0.67,6.69
2026-05-04,capacity_price,1,0.54,1.2
2026-05-04,capacity_price,2,0.38,1.2
2026-05-04,capacity_price,3,0.67,6.69
2026-05-04,capacity_price,4,0.67,12.58
2026-05-04,capacity_price,5,1.2,12.85
2026-05-04,capacity_price,6,1.31,12.58
2026-05-04,capacity_price,7,3.35,55.01
2026-05-04,capacity_price,8,6.69,20.07
2026-05-04,capacity_price,9,6.69,24.89
2026-05-04,capacity_price,10,5.89,6.0
2026-05-04,capacity_price,11,3.675,12.58
2026-05-04,capacity_price,12,1.34,1.2
2026-05-04,capacity_price,13,3.35,2.68
2026-05-04,capacity_price,14,1.31,2.68
2026-05-04,capacity_price,15,5.89,24.89
2026-05-04,capacity_price,16,13.885,6.69
2026-05-04,capacity_price,17,59.97,24.89
2026-05-04,capacity_price,18,62.405,55.28
2026-05-04,capacity_price,19,32.68,87.13
2026-05-04,capacity_price,20,13.39,89.67
2026-05-04,capacity_price,21,8.555,84.99
2026-05-04,capacity_price,22,3.35,12.58
2026-05-04,capacity_price,23,1.2,2.0
2026-05-04,activation_volume,0,26.58,12.23
2026-05-04,activation_volume,1,18.935,14.91
2026-05-04,activation_volume,2,5.5,6.140000000000001
2026-05-04,activation_volume,3,5.8599997,3.6199999999999997
2026-05-04,activation_volume,4,4.7200003,5.96
2026-05-04,activation_volume,5,7.755,4.12
2026-05-04,activation_volume,6,7.395,7.75
2026-05-04,activation_volume,7,5.82,0.63
2026-05-04,activation_volume,8,11.54,7.09
2026-05-04,activation_volume,9,11.92,15.29
2026-05-04,activation_volume,10,5.9750004,1.8900000000000001
2026-05-04,activation_volume,11,4.2650003,3.67
2026-05-04,activation_volume,12,2.46,15.350000000000001
2026-05-04,activation_volume,13,6.44,20.299999999999997
2026-05-04,activation_volume,14,8.585,40.589999999999996
2026-05-04,activation_volume,15,6.14,6.21
2026-05-04,activation_volume,16,8.49,9.45
2026-05-04,activation_volume,17,7.255,12.0
2026-05-04,activation_volume,18,3.2849998,18.119999999999997
2026-05-04,activation_volume,19,2.6,0.62
2026-05-04,activation_volume,20,1.78,2.73
2026-05-04,activation_volume,21,1.0,0.02
2026-05-04,activation_volume,22,1.51,1.76
2026-05-04,activation_volume,23,3.26,1.91
2026-05-04,activation_price,0,137.69228,111.10176614881438
2026-05-04,activation_price,1,107.5521,109.4286921529175
2026-05-04,activation_price,2,110.951004,130.822003257329
2026-05-04,activation_price,3,106.760086,115.58853591160222
2026-05-04,activation_price,4,106.5052,118.59375838926175
2026-05-04,activation_price,5,117.493484,138.09470873786407
2026-05-04,activation_price,6,146.33401,137.6652129032258
2026-05-04,activation_price,7,153.58069,118.63000000000001
2026-05-04,activation_price,8,159.55573,140.88811001410437
2026-05-04,activation_price,9,166.82556,155.2130412034009
2026-05-04,activation_price,10,139.30768,75.87518518518517
2026-05-04,activation_price,11,120.02506,62.87983651226158
2026-05-04,activation_price,12,108.44901,97.09538762214981
2026-05-04,activation_price,13,114.0,104.8046945812808
2026-05-04,activation_price,14,118.16068,129.5749864498645
2026-05-04,activation_price,15,134.1933,112.87439613526571
2026-05-04,activation_price,16,145.54715,133.50478306878307
2026-05-04,activation_price,17,152.1106,144.93591666666666
2026-05-04,activation_price,18,143.80257,294.3763410596027
2026-05-04,activation_price,19,147.50089,174.57096774193548
2026-05-04,activation_price,20,127.96395,194.18
2026-05-04,activation_price,21,127.886925,44.57
2026-05-04,activation_price,22,119.73134,116.90823863636363
2026-05-04,activation_price,23,117.03143,117.1594764397906
2026-05-05,day_ahead_price,0,92.25625,131.35999850000002
2026-05-05,day_ahead_price,1,88.61,126.20000075
2026-05-05,day_ahead_price,2,86.125,122.10999874999999
2026-05-05,day_ahead_price,3,84.86,122.04499975
2026-05-05,day_ahead_price,4,85.265,123.89999925000001
2026-05-05,day_ahead_price,5,86.3275,131.494997
2026-05-05,day_ahead_price,6,92.55,156.42499924999998
2026-05-05,day_ahead_price,7,100.81125,160.76499925000002
2026-05-05,day_ahead_price,8,108.82875,147.23249825
2026-05-05,day_ahead_price,9,103.1025,129.61000074999998
2026-05-05,day_ahead_price,10,95.490005,114.12000074999999
2026-05-05,day_ahead_price,11,85.39625,108.25749975
2026-05-05,day_ahead_price,12,83.7975,99.09250075
2026-05-05,day_ahead_price,13,90.28,98.0550005
2026-05-05,day_ahead_price,14,90.685,97.74500074999999
2026-05-05,day_ahead_price,15,96.095,105.990002
2026-05-05,day_ahead_price,16,106.384995,111.977499
2026-05-05,day_ahead_price,17,120.9825,128.67000000000002
2026-05-05,day_ahead_price,18,124.1,144.0025025
2026-05-05,day_ahead_price,19,116.354996,161.78499975
2026-05-05,day_ahead_price,20,102.125,160.95000425
2026-05-05,day_ahead_price,21,96.3275,147.00000375000002
2026-05-05,day_ahead_price,22,92.6875,132.745001
2026-05-05,day_ahead_price,23,88.935,115.29249975
2026-05-05,capacity_price,0,0.54,1.2
2026-05-05,capacity_price,1,0.54,1.2
2026-05-05,capacity_price,2,0.315,1.2
2026-05-05,capacity_price,3,0.47000003,1.2
2026-05-05,capacity_price,4,0.67,36.0
2026-05-05,capacity_price,5,1.2,12.58
2026-05-05,capacity_price,6,1.31,13.2
2026-05-05,capacity_price,7,3.35,63.57
2026-05-05,capacity_price,8,6.69,54.47
2026-05-05,capacity_price,9,6.69,40.02
2026-05-05,capacity_price,10,6.69,24.89
2026-05-05,capacity_price,11,5.69,12.71
2026-05-05,capacity_price,12,1.34,6.69
2026-05-05,capacity_price,13,3.35,6.69
2026-05-05,capacity_price,14,2.345,6.69
2026-05-05,capacity_price,15,5.89,12.85
2026-05-05,capacity_price,16,14.91,16.33
2026-05-05,capacity_price,17,57.28,30.78
2026-05-05,capacity_price,18,53.54,50.46
2026-05-05,capacity_price,19,31.395,59.83
2026-05-05,capacity_price,20,13.39,62.1
2026-05-05,capacity_price,21,12.31,55.81
2026-05-05,capacity_price,22,1.34,12.71
2026-05-05,capacity_price,23,1.2,2.0
2026-05-05,activation_volume,0,14.95,4.87
2026-05-05,activation_volume,1,13.08,36.8
2026-05-05,activation_volume,2,4.125,12.79
2026-05-05,activation_volume,3,5.8599997,2.71
2026-05-05,activation_volume,4,5.21,3.06
2026-05-05,activation_volume,5,8.57,9.76
2026-05-05,activation_volume,6,7.71,10.22
2026-05-05,activation_volume,7,6.21,4.46
2026-05-05,activation_volume,8,11.14,14.75
2026-05-05,activation_volume,9,7.8,11.620000000000001
2026-05-05,activation_volume,10,5.13,12.23
2026-05-05,activation_volume,11,4.335,16.19
2026-05-05,activation_volume,12,2.8200002,19.63
2026-05-05,activation_volume,13,7.03,39.76
2026-05-05,activation_volume,14,6.45,48.8
2026-05-05,activation_volume,15,7.54,20.99
2026-05-05,activation_volume,16,9.01,9.93
2026-05-05,activation_volume,17,6.12,19.97
2026-05-05,activation_volume,18,1.1700001,10.32
2026-05-05,activation_volume,19,2.8600001,0.15
2026-05-05,activation_volume,20,0.91,15.25
2026-05-05,activation_volume,21,0.95500004,0.0
2026-05-05,activation_volume,22,1.57,0.0
2026-05-05,activation_volume,23,1.99,0.22
2026-05-05,activation_price,0,111.59281,120.92848049281314
2026-05-05,activation_price,1,101.63847,120.74508423913045
2026-05-05,activation_price,2,109.6759,123.52455043002345
2026-05-05,activation_price,3,100.75757,88.6689298892989
2026-05-05,activation_price,4,105.14624,105.99777777777778
2026-05-05,activation_price,5,106.64281,129.0228073770492
2026-05-05,activation_price,6,144.23453,147.6245205479452
2026-05-05,activation_price,7,153.58069,214.094865470852
2026-05-05,activation_price,8,151.75395,326.9077559322034
2026-05-05,activation_price,9,140.74513,154.6850774526678
2026-05-05,activation_price,10,129.5935,158.4898201144726
2026-05-05,activation_price,11,114.99423,216.83060531192092
2026-05-05,activation_price,12,109.33095,149.10479368313807
2026-05-05,activation_price,13,108.91424,209.6153319919517
2026-05-05,activation_price,14,117.9104,223.5577909836066
2026-05-05,activation_price,15,129.0156,177.47152453549307
2026-05-05,activation_price,16,131.87207,154.83318227593153
2026-05-05,activation_price,17,140.21263,199.5723485227842
2026-05-05,activation_price,18,136.87515,144.13432170542637
2026-05-05,activation_price,19,137.72604,88.27
2026-05-05,activation_price,20,118.19332,171.64567868852458
2026-05-05,activation_price,21,112.13505,
2026-05-05,activation_price,22,113.94443,
2026-05-05,activation_price,23,109.75973,123.75
2026-05-06,day_ahead_price,0,94.01875,120.03499975
2026-05-06,day_ahead_price,1,93.665,114.22999974999999
2026-05-06,day_ahead_price,2,89.48625,113.16500075
2026-05-06,day_ahead_price,3,89.815,112.995001
2026-05-06,day_ahead_price,4,88.58,113.34000025
2026-05-06,day_ahead_price,5,93.62875,118.2249985
2026-05-06,day_ahead_price,6,96.59625,131.13999725000002
2026-05-06,day_ahead_price,7,112.067505,142.45000075000002
2026-05-06,day_ahead_price,8,113.01,141.5499955
2026-05-06,day_ahead_price,9,107.74876,121.3050005
2026-05-06,day_ahead_price,10,101.22,108.79999925
2026-05-06,day_ahead_price,11,93.9275,104.12000075
2026-05-06,day_ahead_price,12,92.0025,100.09250075
2026-05-06,day_ahead_price,13,90.7475,89.340002
2026-05-06,day_ahead_price,14,94.0175,91.32999799999999
2026-05-06,day_ahead_price,15,98.2825,103.12500200000001
2026-05-06,day_ahead_price,16,115.238754,112.66250025000001
2026-05-06,day_ahead_price,17,129.9775,125.05249950000001
2026-05-06,day_ahead_price,18,134.485,137.91
2026-05-06,day_ahead_price,19,126.755005,154.60499975
2026-05-06,day_ahead_price,20,118.14625,156.91500075
2026-05-06,day_ahead_price,21,107.943756,154.61000049999998
2026-05-06,day_ahead_price,22,105.625,143.4124985
2026-05-06,day_ahead_price,23,98.177505,128.25999825000002
2026-05-06,capacity_price,0,0.54,1.2
2026-05-06,capacity_price,1,0.465,1.2
2026-05-06,capacity_price,2,0.4,1.2
2026-05-06,capacity_price,3,0.54,2.0
2026-05-06,capacity_price,4,0.67,6.69
2026-05-06,capacity_price,5,1.21,6.6
2026-05-06,capacity_price,6,1.21,6.69
2026-05-06,capacity_price,7,1.31,57.95
2026-05-06,capacity_price,8,6.69,61.43
2026-05-06,capacity_price,9,6.69,44.96
2026-05-06,capacity_price,10,6.355,36.53
2026-05-06,capacity_price,11,5.35,12.98
2026-05-06,capacity_price,12,1.325,12.71
2026-05-06,capacity_price,13,3.35,12.71
2026-05-06,capacity_price,14,3.35,12.58
2026-05-06,capacity_price,15,7.965,24.89
2026-05-06,capacity_price,16,23.42,12.85
2026-05-06,capacity_price,17,63.45,53.53
2026-05-06,capacity_price,18,63.37,71.33
2026-05-06,capacity_price,19,57.285,93.94
2026-05-06,capacity_price,20,26.77,104.52
2026-05-06,capacity_price,21,13.26,80.3
2026-05-06,capacity_price,22,4.0,12.71
2026-05-06,capacity_price,23,1.2,6.69
2026-05-06,activation_volume,0,14.95,5.22
2026-05-06,activation_volume,1,16.375,5.609999999999999
2026-05-06,activation_volume,2,4.94,2.25
2026-05-06,activation_volume,3,3.64,2.03
2026-05-06,activation_volume,4,4.69,1.27
2026-05-06,activation_volume,5,8.9,6.3999999999999995
2026-05-06,activation_volume,6,7.71,6.680000000000001
2026-05-06,activation_volume,7,7.4700003,4.95
2026-05-06,activation_volume,8,11.015,2.2
2026-05-06,activation_volume,9,8.245,4.12
2026-05-06,activation_volume,10,4.66,3.06
2026-05-06,activation_volume,11,3.635,4.19
2026-05-06,activation_volume,12,3.24,1.68
2026-05-06,activation_volume,13,7.1000004,14.75
2026-05-06,activation_volume,14,9.8,21.849999999999998
2026-05-06,activation_volume,15,7.0299997,3.8
2026-05-06,activation_volume,16,6.76,37.980000000000004
2026-05-06,activation_volume,17,7.87,19.32
2026-05-06,activation_volume,18,3.2849998,16.560000000000002
2026-05-06,activation_volume,19,5.44,13.25
2026-05-06,activation_volume,20,3.565,12.52
2026-05-06,activation_volume,21,2.675,14.0
2026-05-06,activation_volume,22,3.3000002,5.109999999999999
2026-05-06,activation_volume,23,3.4099998,5.910000000000001
2026-05-06,activation_price,0,110.28861,111.24103448275864
2026-05-06,activation_price,1,107.3591,113.25285204991087
2026-05-06,activation_price,2,115.1532,102.96333333333334
2026-05-06,activation_price,3,106.37499,102.40216748768474
2026-05-06,activation_price,4,108.46884,103.53889763779526
2026-05-06,activation_price,5,116.71557,135.33796875
2026-05-06,activation_price,6,135.56699,158.09131736526945
2026-05-06,activation_price,7,176.14134,128.0898787878788
2026-05-06,activation_price,8,152.93,84.68772727272727
2026-05-06,activation_price,9,155.07655,152.3709223300971
2026-05-06,activation_price,10,138.10538,147.71392156862746
2026-05-06,activation_price,11,110.30016,146.1478997613365
2026-05-06,activation_price,12,113.34319,110.59666666666668
2026-05-06,activation_price,13,111.7713,110.41983050847455
2026-05-06,activation_price,14,124.67064,124.59042105263158
2026-05-06,activation_price,15,131.82257,93.44692105263158
2026-05-06,activation_price,16,150.20715,168.53231437598734
2026-05-06,activation_price,17,150.80069,164.50764492753623
2026-05-06,activation_price,18,140.56961,145.1772765700483
2026-05-06,activation_price,19,142.67044,137.51276981132074
2026-05-06,activation_price,20,127.83096,139.18238019169328
2026-05-06,activation_price,21,129.21953,154.83194285714285
2026-05-06,activation_price,22,119.73134,149.43502935420744
2026-05-06,activation_price,23,117.03143,124.93291032148899
2026-05-07,day_ahead_price,0,95.315,125.1525
2026-05-07,day_ahead_price,1,93.26375,116.4850005
2026-05-07,day_ahead_price,2,89.884995,115.2575015
2026-05-07,day_ahead_price,3,86.681244,116.48999975
2026-05-07,day_ahead_price,4,88.11626,119.13749874999999
2026-05-07,day_ahead_price,5,91.16375,126.87500399999999
2026-05-07,day_ahead_price,6,97.88,150.99999975
2026-05-07,day_ahead_price,7,106.86125,167.2924995
2026-05-07,day_ahead_price,8,110.786255,155.59249524999998
2026-05-07,day_ahead_price,9,107.4,136.41000000000003
2026-05-07,day_ahead_price,10,101.54,120.13249950000001
2026-05-07,day_ahead_price,11,95.848755,113.52499775000001
2026-05-07,day_ahead_price,12,92.06375,103.92249849999999
2026-05-07,day_ahead_price,13,93.14625,101.915001
2026-05-07,day_ahead_price,14,94.7475,101.72999949999999
2026-05-07,day_ahead_price,15,98.44125,107.4449995
2026-05-07,day_ahead_price,16,112.9775,117.9974995
2026-05-07,day_ahead_price,17,128.3975,132.5599995
2026-05-07,day_ahead_price,18,137.03625,148.704998
2026-05-07,day_ahead_price,19,130.27875,185.48500049999998
2026-05-07,day_ahead_price,20,117.46625,217.4925005
2026-05-07,day_ahead_price,21,108.7175,182.71500025
2026-05-07,day_ahead_price,22,106.7575,154.4350015
2026-05-07,day_ahead_price,23,99.765,142.75749975
2026-05-07,capacity_price,0,0.67,1.2
2026-05-07,capacity_price,1,0.54,1.2
2026-05-07,capacity_price,2,0.4,1.2
2026-05-07,capacity_price,3,0.67,1.2
2026-05-07,capacity_price,4,0.67,19.27
2026-05-07,capacity_price,5,1.2,12.85
2026-05-07,capacity_price,6,1.31,53.53
2026-05-07,capacity_price,7,1.34,22.3
2026-05-07,capacity_price,8,6.69,24.3
2026-05-07,capacity_price,9,8.03,12.9
2026-05-07,capacity_price,10,6.355,12.9
2026-05-07,capacity_price,11,5.76,12.9
2026-05-07,capacity_price,12,5.35,12.71
2026-05-07,capacity_price,13,5.35,12.58
2026-05-07,capacity_price,14,3.35,12.58
2026-05-07,capacity_price,15,8.635,14.79
2026-05-07,capacity_price,16,20.675,12.58
2026-05-07,capacity_price,17,73.075,28.24
2026-05-07,capacity_price,18,61.6,74.81
2026-05-07,capacity_price,19,26.77,133.56
2026-05-07,capacity_price,20,13.38,122.05
2026-05-07,capacity_price,21,9.77,26.4
2026-05-07,capacity_price,22,4.525,13.38
2026-05-07,capacity_price,23,1.2,13.38
2026-05-07,activation_volume,0,16.48,17.040000000000003
2026-05-07,activation_volume,1,14.8,31.96
2026-05-07,activation_volume,2,4.545,2.4000000000000004
2026-05-07,activation_volume,3,5.26,0.38
2026-05-07,activation_volume,4,5.115,2.06
2026-05-07,activation_volume,5,9.52,3.6100000000000003
2026-05-07,activation_volume,6,7.72,4.9399999999999995
2026-05-07,activation_volume,7,5.9750004,3.8500000000000005
2026-05-07,activation_volume,8,11.18,4.26
2026-05-07,activation_volume,9,7.5950003,6.239999999999999
2026-05-07,activation_volume,10,4.7200003,2.99
2026-05-07,activation_volume,11,4.55,4.57
2026-05-07,activation_volume,12,6.34,11.79
2026-05-07,activation_volume,13,7.925,10.530000000000001
2026-05-07,activation_volume,14,9.7,6.09
2026-05-07,activation_volume,15,8.58,6.37
2026-05-07,activation_volume,16,7.76,9.549999999999999
2026-05-07,activation_volume,17,7.835,14.76
2026-05-07,activation_volume,18,3.45,7.0
2026-05-07,activation_volume,19,3.395,9.59
2026-05-07,activation_volume,20,1.89,4.37
2026-05-07,activation_volume,21,1.475,14.05
2026-05-07,activation_volume,22,2.08,14.93
2026-05-07,activation_volume,23,3.85,13.17
2026-05-07,activation_price,0,112.28807,108.62610328638496
2026-05-07,activation_price,1,103.486465,146.0939768460576
2026-05-07,activation_price,2,111.10023,110.48758333333333
2026-05-07,activation_price,3,106.01352,68.22868421052631
2026-05-07,activation_price,4,108.03374,118.34878640776698
2026-05-07,activation_price,5,122.19385,126.75576177285318
2026-05-07,activation_price,6,144.43341,141.0206072874494
2026-05-07,activation_price,7,168.56793,150.59420779220775
2026-05-07,activation_price,8,150.86153,145.48845070422536
2026-05-07,activation_price,9,150.87909,171.49123397435903
2026-05-07,activation_price,10,118.8664,457.17779264214045
2026-05-07,activation_price,11,120.08343,144.01870897155362
2026-05-07,activation_price,12,114.43886,250.55673452078034
2026-05-07,activation_price,13,116.26857,128.01721747388413
2026-05-07,activation_price,14,125.11162,199.05949096880133
2026-05-07,activation_price,15,132.03616,159.83959183673468
2026-05-07,activation_price,16,142.909,260.9652879581152
2026-05-07,activation_price,17,152.97,330.42322493224935
2026-05-07,activation_price,18,146.19907,181.4592714285714
2026-05-07,activation_price,19,143.77455,226.596110531804
2026-05-07,activation_price,20,127.89746,225.67791762013732
2026-05-07,activation_price,21,126.94818,250.31220640569396
2026-05-07,activation_price,22,121.97196,218.60702612190224
2026-05-07,activation_price,23,115.59373,176.76793470007593
2026-05-08,day_ahead_price,0,101.15,130.34249875
2026-05-08,day_ahead_price,1,99.94625,120.659998
2026-05-08,day_ahead_price,2,99.645004,118.21499800000001
2026-05-08,day_ahead_price,3,97.675,116.97749875000001
2026-05-08,day_ahead_price,4,96.12125,118.56500025
2026-05-08,day_ahead_price,5,97.00125,126.1849995
2026-05-08,day_ahead_price,6,104.34375,141.47000125
2026-05-08,day_ahead_price,7,116.707504,147.02749649999998
2026-05-08,day_ahead_price,8,121.88,137.39999775
2026-05-08,day_ahead_price,9,107.74876,115.24749975
2026-05-08,day_ahead_price,10,98.59125,97.7475015
2026-05-08,day_ahead_price,11,87.4,75.8100005
2026-05-08,day_ahead_price,12,83.536255,65.37
2026-05-08,day_ahead_price,13,84.5575,58.7075015
2026-05-08,day_ahead_price,14,88.3825,64.33999925
2026-05-08,day_ahead_price,15,99.9925,79.63999924999999
2026-05-08,day_ahead_price,16,115.270004,94.0625
2026-05-08,day_ahead_price,17,128.3025,107.55500024999999
2026-05-08,day_ahead_price,18,138.9975,127.81499875
2026-05-08,day_ahead_price,19,133.375,143.54249950000002
2026-05-08,day_ahead_price,20,120.6575,148.87249775
2026-05-08,day_ahead_price,21,110.87875,138.90000325
2026-05-08,day_ahead_price,22,107.40875,127.50249875
2026-05-08,day_ahead_price,23,100.49375,119.1399995
2026-05-08,capacity_price,0,0.67,6.69
2026-05-08,capacity_price,1,0.54,1.2
2026-05-08,capacity_price,2,0.315,2.0
2026-05-08,capacity_price,3,0.67,12.71
2026-05-08,capacity_price,4,0.67,12.71
2026-05-08,capacity_price,5,1.205,12.71
2026-05-08,capacity_price,6,1.31,44.57
2026-05-08,capacity_price,7,3.35,26.9
2026-05-08,capacity_price,8,6.69,12.71
2026-05-08,capacity_price,9,6.69,11.8
2026-05-08,capacity_price,10,5.89,11.8
2026-05-08,capacity_price,11,5.62,12.58
2026-05-08,capacity_price,12,2.345,6.69
2026-05-08,capacity_price,13,3.675,6.69
2026-05-08,capacity_price,14,3.675,6.69
2026-05-08,capacity_price,15,9.285,6.69
2026-05-08,capacity_price,16,13.85,6.69
2026-05-08,capacity_price,17,53.53,12.71
2026-05-08,capacity_price,18,51.925,63.16
2026-05-08,capacity_price,19,27.5,67.89
2026-05-08,capacity_price,20,13.38,67.59
2026-05-08,capacity_price,21,8.11,53.53
2026-05-08,capacity_price,22,3.35,12.71
2026-05-08,capacity_price,23,1.2,6.69
2026-05-08,activation_volume,0,22.68,37.269999999999996
2026-05-08,activation_volume,1,13.76,18.56
2026-05-08,activation_volume,2,3.87,18.29
2026-05-08,activation_volume,3,5.05,6.67
2026-05-08,activation_volume,4,5.21,6.24
2026-05-08,activation_volume,5,11.09,19.6
2026-05-08,activation_volume,6,7.72,8.94
2026-05-08,activation_volume,7,6.485,4.6000000000000005
2026-05-08,activation_volume,8,11.13,6.010000000000001
2026-05-08,activation_volume,9,5.84,2.22
2026-05-08,activation_volume,10,4.285,5.54
2026-05-08,activation_volume,11,8.2,0.0
2026-05-08,activation_volume,12,3.41,4.470000000000001
2026-05-08,activation_volume,13,9.24,9.61
2026-05-08,activation_volume,14,15.89,9.110000000000001
2026-05-08,activation_volume,15,11.389999,2.3
2026-05-08,activation_volume,16,11.43,7.8100000000000005
2026-05-08,activation_volume,17,9.74,3.7
2026-05-08,activation_volume,18,3.37,8.430000000000001
2026-05-08,activation_volume,19,2.5900002,6.279999999999999
2026-05-08,activation_volume,20,2.97,6.97
2026-05-08,activation_volume,21,1.3050001,4.87
2026-05-08,activation_volume,22,1.91,12.45
2026-05-08,activation_volume,23,2.78,29.44
2026-05-08,activation_price,0,117.92922,159.66422860209283
2026-05-08,activation_price,1,111.07512,118.3997952586207
2026-05-08,activation_price,2,110.951004,145.0133898305085
2026-05-08,activation_price,3,105.504074,139.17682158920542
2026-05-08,activation_price,4,113.805916,152.59496794871797
2026-05-08,activation_price,5,123.8081,407.03488265306123
2026-05-08,activation_price,6,154.68704,192.08110738255036
2026-05-08,activation_price,7,154.52792,153.81884782608697
2026-05-08,activation_price,8,164.88914,161.11226289517467
2026-05-08,activation_price,9,168.78,108.0663063063063
2026-05-08,activation_price,10,143.31804,138.16783393501805
2026-05-08,activation_price,11,136.94608,
2026-05-08,activation_price,12,104.83459,83.93449664429528
2026-05-08,activation_price,13,115.95769,85.39146722164412
2026-05-08,activation_price,14,139.30516,90.03214050493962
2026-05-08,activation_price,15,146.34563,54.88069565217392
2026-05-08,activation_price,16,156.20605,149.13139564660688
2026-05-08,activation_price,17,164.40106,153.14248648648646
2026-05-08,activation_price,18,152.65385,142.16637010676155
2026-05-08,activation_price,19,137.813,138.19597133757964
2026-05-08,activation_price,20,137.38129,125.12637015781921
2026-05-08,activation_price,21,124.336914,128.0452361396304
2026-05-08,activation_price,22,120.61067,154.88000803212853
2026-05-08,activation_price,23,116.48335,168.2926868206522
2026-05-09,day_ahead_price,0,96.765,127.692501
2026-05-09,day_ahead_price,1,93.615005,123.40750125000001
2026-05-09,day_ahead_price,2,94.2025,123.47999949999999
2026-05-09,day_ahead_price,3,94.037506,124.35249875000001
2026-05-09,day_ahead_price,4,93.4175,125.7374995
2026-05-09,day_ahead_price,5,98.04125,126.4525015
2026-05-09,day_ahead_price,6,103.05,127.522499
2026-05-09,day_ahead_price,7,116.46375,118.66999999999999
2026-05-09,day_ahead_price,8,120.6225,107.67250250000001
2026-05-09,day_ahead_price,9,107.448746,68.3075
2026-05-09,day_ahead_price,10,98.49875,12.69749975
2026-05-09,day_ahead_price,11,87.35,4.7575
2026-05-09,day_ahead_price,12,79.035,3.2800000000000002
2026-05-09,day_ahead_price,13,79.53625,2.585
2026-05-09,day_ahead_price,14,82.845,2.75
2026-05-09,day_ahead_price,15,95.94125,3.175
2026-05-09,day_ahead_price,16,109.005005,27.715000000000003
2026-05-09,day_ahead_price,17,127.99126,93.6900015
2026-05-09,day_ahead_price,18,137.3475,123.1899985
2026-05-09,day_ahead_price,19,131.2025,138.5075035
2026-05-09,day_ahead_price,20,120.6575,146.965
2026-05-09,day_ahead_price,21,111.085,143.4850005
2026-05-09,day_ahead_price,22,107.71875,136.299999
2026-05-09,day_ahead_price,23,99.9825,127.08749974999999
2026-05-09,capacity_price,0,0.54,6.0
2026-05-09,capacity_price,1,0.54,3.21
2026-05-09,capacity_price,2,0.35,1.2
2026-05-09,capacity_price,3,0.67,1.2
2026-05-09,capacity_price,4,0.67,1.2
2026-05-09,capacity_price,5,1.2,12.58
2026-05-09,capacity_price,6,1.31,6.5
2026-05-09,capacity_price,7,1.34,6.69
2026-05-09,capacity_price,8,9.9,12.85
2026-05-09,capacity_price,9,8.03,6.69
2026-05-09,capacity_price,10,6.69,0.54
2026-05-09,capacity_price,11,5.62,0.67
2026-05-09,capacity_price,12,3.35,0.67
2026-05-09,capacity_price,13,3.35,0.54
2026-05-09,capacity_price,14,3.35,0.54
2026-05-09,capacity_price,15,9.63,0.67
2026-05-09,capacity_price,16,20.675,6.99
2026-05-09,capacity_price,17,66.93,6.0
2026-05-09,capacity_price,18,53.54,12.71
2026-05-09,capacity_price,19,26.77,12.85
2026-05-09,capacity_price,20,10.49,12.85
2026-05-09,capacity_price,21,10.0,33.46
2026-05-09,capacity_price,22,3.35,9.0
2026-05-09,capacity_price,23,1.2,9.0
2026-05-09,activation_volume,0,14.985001,32.59
2026-05-09,activation_volume,1,15.690001,39.88
2026-05-09,activation_volume,2,4.5,6.84
2026-05-09,activation_volume,3,5.49,6.49
2026-05-09,activation_volume,4,4.37,1.62
2026-05-09,activation_volume,5,6.925,4.6499999999999995
2026-05-09,activation_volume,6,7.005,1.1400000000000001
2026-05-09,activation_volume,7,6.13,18.0
2026-05-09,activation_volume,8,7.85,2.62
2026-05-09,activation_volume,9,5.29,6.6899999999999995
2026-05-09,activation_volume,10,3.63,32.26
2026-05-09,activation_volume,11,7.455,57.129999999999995
2026-05-09,activation_volume,12,2.8049998,38.25
2026-05-09,activation_volume,13,7.03,90.57
2026-05-09,activation_volume,14,7.175,0.0
2026-05-09,activation_volume,15,5.26,9.35
2026-05-09,activation_volume,16,6.22,0.6799999999999999
2026-05-09,activation_volume,17,7.71,6.119999999999999
2026-05-09,activation_volume,18,3.435,8.88
2026-05-09,activation_volume,19,5.3,3.47
2026-05-09,activation_volume,20,1.66,8.91
2026-05-09,activation_volume,21,0.95500004,5.0600000000000005
2026-05-09,activation_volume,22,1.8299999,5.35
2026-05-09,activation_volume,23,3.05,13.23
2026-05-09,activation_price,0,113.93733,139.3760632095735
2026-05-09,activation_price,1,107.86523,148.81412236710128
2026-05-09,activation_price,2,115.7321,111.88397660818713
2026-05-09,activation_price,3,102.406685,144.18788906009246
2026-05-09,activation_price,4,104.33651,158.1387037037037
2026-05-09,activation_price,5,113.758865,162.6108387096774
2026-05-09,activation_price,6,143.57593,71.07526315789474
2026-05-09,activation_price,7,154.07819,154.87630555555558
2026-05-09,activation_price,8,152.93,144.9684351145038
2026-05-09,activation_price,9,158.19348,123.99774289985055
2026-05-09,activation_price,10,125.44092,47.63817110973342
2026-05-09,activation_price,11,123.92803,26.943210222300017
2026-05-09,activation_price,12,103.923676,66.66969934640522
2026-05-09,activation_price,13,113.65542,49.7069239262449
2026-05-09,activation_price,14,118.11371,
2026-05-09,activation_price,15,134.1933,34.23032085561498
2026-05-09,activation_price,16,142.1926,92.71411764705883
2026-05-09,activation_price,17,146.21948,130.0737745098039
2026-05-09,activation_price,18,162.34357,143.82833333333332
2026-05-09,activation_price,19,144.89745,136.12659942363112
2026-05-09,activation_price,20,130.4702,133.93255892255894
2026-05-09,activation_price,21,118.96042,128.79640316205533
2026-05-09,activation_price,22,120.695404,138.22620560747666
2026-05-09,activation_price,23,117.18205,126.4910582010582
2026-05-10,day_ahead_price,0,96.26625,128.09250075
2026-05-10,day_ahead_price,1,92.747505,125.44750025
2026-05-10,day_ahead_price,2,89.46625,125.432501
2026-05-10,day_ahead_price,3,87.67875,123.48249825
2026-05-10,day_ahead_price,4,88.04625,124.19750049999999
2026-05-10,day_ahead_price,5,91.16375,123.94000075000001
2026-05-10,day_ahead_price,6,98.0625,115.14000125000001
2026-05-10,day_ahead_price,7,108.81625,101.16749949999999
2026-05-10,day_ahead_price,8,109.15875,70.83499975
2026-05-10,day_ahead_price,9,107.4075,24.55749975
2026-05-10,day_ahead_price,10,100.6825,19.997500249999998
2026-05-10,day_ahead_price,11,92.99,13.9125
2026-05-10,day_ahead_price,12,83.94,10.045
2026-05-10,day_ahead_price,13,87.880005,6.154999999999999
2026-05-10,day_ahead_price,14,87.3575,4.8549999999999995
2026-05-10,day_ahead_price,15,95.3725,3.8825000000000003
2026-05-10,day_ahead_price,16,111.755,5.3425
2026-05-10,day_ahead_price,17,127.527504,71.005
2026-05-10,day_ahead_price,18,136.60251,110.94249925
2026-05-10,day_ahead_price,19,130.06876,122.00000175
2026-05-10,day_ahead_price,20,117.28,129.31749925
2026-05-10,day_ahead_price,21,107.943756,128.51499950000002
2026-05-10,day_ahead_price,22,106.64,124.14000125
2026-05-10,day_ahead_price,23,98.4675,119.8374995
2026-05-10,capacity_price,0,0.54,1.2
2026-05-10,capacity_price,1,0.54,0.67
2026-05-10,capacity_price,2,0.32,0.67
2026-05-10,capacity_price,3,0.605,0.67
2026-05-10,capacity_price,4,0.67,0.67
2026-05-10,capacity_price,5,1.2,0.67
2026-05-10,capacity_price,6,1.31,6.0
2026-05-10,capacity_price,7,1.34,6.69
2026-05-10,capacity_price,8,6.69,33.09
2026-05-10,capacity_price,9,6.69,1.2
2026-05-10,capacity_price,10,5.89,0.67
2026-05-10,capacity_price,11,3.35,0.54
2026-05-10,capacity_price,12,1.31,0.27
2026-05-10,capacity_price,13,3.35,0.2
2026-05-10,capacity_price,14,1.31,0.2
2026-05-10,capacity_price,15,7.965,0.2
2026-05-10,capacity_price,16,14.38,1.29
2026-05-10,capacity_price,17,55.525,12.85
2026-05-10,capacity_price,18,64.155,86.99
2026-05-10,capacity_price,19,42.705,94.42
2026-05-10,capacity_price,20,13.38,98.73
2026-05-10,capacity_price,21,9.385,19.27
2026-05-10,capacity_price,22,3.35,1.2
2026-05-10,capacity_price,23,1.2,0.67
2026-05-10,activation_volume,0,22.68,8.629999999999999
2026-05-10,activation_volume,1,17.92,40.39
2026-05-10,activation_volume,2,4.5299997,6.720000000000001
2026-05-10,activation_volume,3,9.345,2.33
2026-05-10,activation_volume,4,5.0150003,4.029999999999999
2026-05-10,activation_volume,5,9.76,2.92
2026-05-10,activation_volume,6,8.255,1.71
2026-05-10,activation_volume,7,6.275,6.029999999999999
2026-05-10,activation_volume,8,11.16,2.6900000000000004
2026-05-10,activation_volume,9,8.38,97.46
2026-05-10,activation_volume,10,5.285,10.74
2026-05-10,activation_volume,11,6.2,14.83
2026-05-10,activation_volume,12,3.2350001,0.45
2026-05-10,activation_volume,13,8.525,24.430000000000003
2026-05-10,activation_volume,14,7.55,41.5
2026-05-10,activation_volume,15,8.72,143.47
2026-05-10,activation_volume,16,8.559999,3.43
2026-05-10,activation_volume,17,8.71,6.82
2026-05-10,activation_volume,18,5.49,12.81
2026-05-10,activation_volume,19,4.6499996,6.77
2026-05-10,activation_volume,20,2.44,21.93
2026-05-10,activation_volume,21,0.93,5.56
2026-05-10,activation_volume,22,1.91,25.86
2026-05-10,activation_volume,23,2.94,12.74
2026-05-10,activation_price,0,130.34415,118.29726535341831
2026-05-10,activation_price,1,107.5521,144.71735578113393
2026-05-10,activation_price,2,111.05058,134.25203869047618
2026-05-10,activation_price,3,104.485466,112.64433476394849
2026-05-10,activation_price,4,106.325264,133.24171215880895
2026-05-10,activation_price,5,112.29175,128.89226027397262
2026-05-10,activation_price,6,152.72678,110.78602339181286
2026-05-10,activation_price,7,153.60458,99.68096185737977
2026-05-10,activation_price,8,156.16447,103.47297397769516
2026-05-10,activation_price,9,152.32031,2098.1885224707576
2026-05-10,activation_price,10,128.24068,50.970223463687155
2026-05-10,activation_price,11,120.02506,31.449163857046532
2026-05-10,activation_price,12,110.635895,16.09511111111111
2026-05-10,activation_price,13,113.225525,43.88431027425297
2026-05-10,activation_price,14,122.06817,71.37031807228915
2026-05-10,activation_price,15,131.24988,76.44593782672337
2026-05-10,activation_price,16,142.48761,37.296355685131196
2026-05-10,activation_price,17,147.86829,94.18765395894427
2026-05-10,activation_price,18,140.56961,118.55311475409835
2026-05-10,activation_price,19,147.50089,86.59853766617432
2026-05-10,activation_price,20,133.62807,133.92906064751483
2026-05-10,activation_price,21,125.691925,117.61273381294964
2026-05-10,activation_price,22,121.65948,156.73508894044858
2026-05-10,activation_price,23,116.48335,126.79011773940346
2026-05-11,day_ahead_price,0,92.1425,118.78500175
2026-05-11,day_ahead_price,1,89.348755,112.334999
2026-05-11,day_ahead_price,2,88.04375,110.42749975000001
2026-05-11,day_ahead_price,3,86.07124,112.65749925
2026-05-11,day_ahead_price,4,87.975,113.09249875
2026-05-11,day_ahead_price,5,89.23,122.13750075
2026-05-11,day_ahead_price,6,94.28375,136.47499825
2026-05-11,day_ahead_price,7,103.50875,154.047497
2026-05-11,day_ahead_price,8,108.21625,150.01250075000002
2026-05-11,day_ahead_price,9,104.425,136.799999
2026-05-11,day_ahead_price,10,96.32,126.3075005
2026-05-11,day_ahead_price,11,84.49875,113.43250075
2026-05-11,day_ahead_price,12,83.705,105.48500075000001
2026-05-11,day_ahead_price,13,84.5575,98.78000075
2026-05-11,day_ahead_price,14,86.86626,96.03250125
2026-05-11,day_ahead_price,15,94.595,96.28000075
2026-05-11,day_ahead_price,16,106.69625,100.49
2026-05-11,day_ahead_price,17,120.7,116.30250174999999
2026-05-11,day_ahead_price,18,129.57874,122.97999775
2026-05-11,day_ahead_price,19,126.7525,130.71750075
2026-05-11,day_ahead_price,20,110.208755,131.119999
2026-05-11,day_ahead_price,21,106.041245,127.872503
2026-05-11,day_ahead_price,22,102.73875,120.7650015
2026-05-11,day_ahead_price,23,96.53125,108.95249925
2026-05-11,capacity_price,0,0.54,1.2
2026-05-11,capacity_price,1,0.54,0.67
2026-05-11,capacity_price,2,0.35,1.2
2026-05-11,capacity_price,3,0.67,0.67
2026-05-11,capacity_price,4,0.67,0.67
2026-05-11,capacity_price,5,1.2,0.67
2026-05-11,capacity_price,6,1.21,11.4
2026-05-11,capacity_price,7,1.31,12.58
2026-05-11,capacity_price,8,5.825,65.31
2026-05-11,capacity_price,9,6.69,46.84
2026-05-11,capacity_price,10,5.89,31.18
2026-05-11,capacity_price,11,4.0,12.85
2026-05-11,capacity_price,12,3.35,12.71
2026-05-11,capacity_price,13,3.35,12.71
2026-05-11,capacity_price,14,3.35,12.85
2026-05-11,capacity_price,15,5.89,12.71
2026-05-11,capacity_price,16,13.39,9.6
2026-05-11,capacity_price,17,55.309998,29.58
2026-05-11,capacity_price,18,51.934998,45.37
2026-05-11,capacity_price,19,25.83,28.24
2026-05-11,capacity_price,20,13.385,56.74
2026-05-11,capacity_price,21,7.2,12.71
2026-05-11,capacity_price,22,3.675,1.2
2026-05-11,capacity_price,23,1.2,0.67
2026-05-11,activation_volume,0,16.635,7.0200000000000005
2026-05-11,activation_volume,1,14.075001,9.68
2026-05-11,activation_volume,2,4.4849997,6.66
2026-05-11,activation_volume,3,3.355,5.09
2026-05-11,activation_volume,4,3.1999998,15.18
2026-05-11,activation_volume,5,8.59,6.1
2026-05-11,activation_volume,6,10.02,0.95
2026-05-11,activation_volume,7,6.92,5.33
2026-05-11,activation_volume,8,11.02,8.5
2026-05-11,activation_volume,9,6.03,3.8600000000000003
2026-05-11,activation_volume,10,5.815,0.75
2026-05-11,activation_volume,11,7.84,5.27
2026-05-11,activation_volume,12,3.41,19.92
2026-05-11,activation_volume,13,9.01,3.54
2026-05-11,activation_volume,14,6.23,8.030000000000001
2026-05-11,activation_volume,15,6.81,26.25
2026-05-11,activation_volume,16,8.25,38.150000000000006
2026-05-11,activation_volume,17,4.995,66.56
2026-05-11,activation_volume,18,2.72,1.97
2026-05-11,activation_volume,19,2.6950002,2.91
2026-05-11,activation_volume,20,1.75,2.67
2026-05-11,activation_volume,21,1.46,4.499999999999999
2026-05-11,activation_volume,22,2.5549998,12.280000000000001
2026-05-11,activation_volume,23,3.1,2.67
2026-05-11,activation_price,0,106.8686,82.70673789173789
2026-05-11,activation_price,1,107.68981,89.51456611570248
2026-05-11,activation_price,2,112.01124,101.59198198198199
2026-05-11,activation_price,3,98.47409,135.69078585461688
2026-05-11,activation_price,4,108.71082,148.07839920948618
2026-05-11,activation_price,5,117.84003,155.3865737704918
2026-05-11,activation_price,6,164.00467,147.9685263157895
2026-05-11,activation_price,7,152.94162,139.9778986866792
2026-05-11,activation_price,8,154.19307,126.61583529411767
2026-05-11,activation_price,9,153.99445,286.7622279792746
2026-05-11,activation_price,10,137.53152,155.47333333333333
2026-05-11,activation_price,11,132.36612,210.784440227704
2026-05-11,activation_price,12,112.5524,342.51998995983934
2026-05-11,activation_price,13,115.47634,95.96954802259887
2026-05-11,activation_price,14,126.06,132.75424657534248
2026-05-11,activation_price,15,146.34563,139.8740076190476
2026-05-11,activation_price,16,141.47618,842.6734574049802
2026-05-11,activation_price,17,149.1782,2121.1196514423073
2026-05-11,activation_price,18,137.2055,92.18670050761422
2026-05-11,activation_price,19,137.10645,98.74058419243987
2026-05-11,activation_price,20,130.63,80.92677902621723
2026-05-11,activation_price,21,127.89108,120.97655555555558
2026-05-11,activation_price,22,119.73134,122.9011563517915
2026-05-11,activation_price,23,113.653625,105.99280898876405
2026-05-12,day_ahead_price,0,98.16875,99.14250025
2026-05-12,day_ahead_price,1,95.755,95.27499949999999
2026-05-12,day_ahead_price,2,95.68625,91.73999775
2026-05-12,day_ahead_price,3,95.88875,89.89749925000001
2026-05-12,day_ahead_price,4,94.88375,91.375
2026-05-12,day_ahead_price,5,98.78375,94.00250075000001
2026-05-12,day_ahead_price,6,106.925,111.26250075
2026-05-12,day_ahead_price,7,117.8075,122.5750005
2026-05-12,day_ahead_price,8,125.155,112.23999975000001
2026-05-12,day_ahead_price,9,112.305,94.074999
2026-05-12,day_ahead_price,10,101.725,79.55749875
2026-05-12,day_ahead_price,11,87.375,63.53500075
2026-05-12,day_ahead_price,12,78.67,45.91
2026-05-12,day_ahead_price,13,76.8175,27.33000025
2026-05-12,day_ahead_price,14,87.89125,25.500000749999998
2026-05-12,day_ahead_price,15,98.2825,45.28249925
2026-05-12,day_ahead_price,16,114.84375,74.40500075
2026-05-12,day_ahead_price,17,128.3975,96.00000175
2026-05-12,day_ahead_price,18,142.02124,114.879999
2026-05-12,day_ahead_price,19,134.47751,136.27749825
2026-05-12,day_ahead_price,20,121.192505,142.98499675
2026-05-12,day_ahead_price,21,111.085,142.7425005
2026-05-12,day_ahead_price,22,109.1175,131.2250005
2026-05-12,day_ahead_price,23,101.083755,118.34499925
2026-05-12,capacity_price,0,0.54,1.2
2026-05-12,capacity_price,1,0.49,0.67
2026-05-12,capacity_price,2,0.33,0.67
2026-05-12,capacity_price,3,0.49,0.67
2026-05-12,capacity_price,4,0.67,0.67
2026-05-12,capacity_price,5,1.205,0.67
2026-05-12,capacity_price,6,1.31,7.6
2026-05-12,capacity_price,7,3.35,12.85
2026-05-12,capacity_price,8,9.9,26.77
2026-05-12,capacity_price,9,6.69,25.16
2026-05-12,capacity_price,10,6.69,6.69
2026-05-12,capacity_price,11,4.675,6.0
2026-05-12,capacity_price,12,1.34,5.0
2026-05-12,capacity_price,13,2.73,1.2
2026-05-12,capacity_price,14,3.35,5.35
2026-05-12,capacity_price,15,9.63,4.29
2026-05-12,capacity_price,16,25.83,6.69
2026-05-12,capacity_price,17,75.305,48.7
2026-05-12,capacity_price,18,65.785,78.55
2026-05-12,capacity_price,19,43.495,66.11
2026-05-12,capacity_price,20,11.860001,113.33
2026-05-12,capacity_price,21,9.64,64.23
2026-05-12,capacity_price,22,3.675,12.71
2026-05-12,capacity_price,23,1.2,1.2
2026-05-12,activation_volume,0,18.98,69.47999999999999
2026-05-12,activation_volume,1,17.67,1.51
2026-05-12,activation_volume,2,4.85,8.770000000000001
2026-05-12,activation_volume,3,3.34,5.43
2026-05-12,activation_volume,4,3.95,0.26
2026-05-12,activation_volume,5,6.69,55.599999999999994
2026-05-12,activation_volume,6,7.045,3.14
2026-05-12,activation_volume,7,4.535,1.45
2026-05-12,activation_volume,8,10.45,32.129999999999995
2026-05-12,activation_volume,9,8.825,57.39
2026-05-12,activation_volume,10,4.66,14.74
2026-05-12,activation_volume,11,5.44,50.69
2026-05-12,activation_volume,12,3.165,83.64
2026-05-12,activation_volume,13,7.1000004,58.59
2026-05-12,activation_volume,14,7.175,1.98
2026-05-12,activation_volume,15,5.26,8.620000000000001
2026-05-12,activation_volume,16,8.26,14.219999999999999
2026-05-12,activation_volume,17,8.71,45.4
2026-05-12,activation_volume,18,3.635,26.62
2026-05-12,activation_volume,19,3.0349998,4.51
2026-05-12,activation_volume,20,2.3899999,9.2
2026-05-12,activation_volume,21,2.34,5.0
2026-05-12,activation_volume,22,2.12,7.58
2026-05-12,activation_volume,23,2.545,4.44
2026-05-12,activation_price,0,123.83736,125.42669545192861
2026-05-12,activation_price,1,107.86523,89.97907284768212
2026-05-12,activation_price,2,113.68023,112.34808437856326
2026-05-12,activation_price,3,108.5444,112.3072191528545
2026-05-12,activation_price,4,109.99863,97.22230769230768
2026-05-12,activation_price,5,118.817955,534.1481079136692
2026-05-12,activation_price,6,152.72678,804.5222611464968
2026-05-12,activation_price,7,152.94162,135.38979310344828
2026-05-12,activation_price,8,159.55573,1028.513906006847
2026-05-12,activation_price,9,155.07655,2329.597736539467
2026-05-12,activation_price,10,122.27157,302.59747625508817
2026-05-12,activation_price,11,123.668335,909.8223022292366
2026-05-12,activation_price,12,109.33095,1236.232550215208
2026-05-12,activation_price,13,110.68185,240.61919610855088
2026-05-12,activation_price,14,118.11371,90.1
2026-05-12,activation_price,15,123.34694,74.5908584686775
2026-05-12,activation_price,16,153.52376,121.34562587904362
2026-05-12,activation_price,17,158.56062,990.1490528634362
2026-05-12,activation_price,18,160.41554,156.94891059353867
2026-05-12,activation_price,19,152.6677,112.99906873614191
2026-05-12,activation_price,20,143.79472,119.35680434782608
2026-05-12,activation_price,21,133.55754,112.41653999999998
2026-05-12,activation_price,22,125.417786,152.1054221635884
2026-05-12,activation_price,23,113.653625,132.25896396396396
2026-05-13,day_ahead_price,0,92.9925,114.33000175000001
2026-05-13,day_ahead_price,1,93.113754,106.217501
2026-05-13,day_ahead_price,2,89.884995,104.35750000000002
2026-05-13,day_ahead_price,3,88.39125,107.43499925
2026-05-13,day_ahead_price,4,88.58,111.19499775
2026-05-13,day_ahead_price,5,90.457504,119.99999975
2026-05-13,day_ahead_price,6,94.1675,137.182499
2026-05-13,day_ahead_price,7,99.911255,141.1224975
2026-05-13,day_ahead_price,8,106.2225,126.70000074999999
2026-05-13,day_ahead_price,9,103.2225,104.43499750000001
2026-05-13,day_ahead_price,10,91.07001,95.79500025
2026-05-13,day_ahead_price,11,82.317505,92.77499975
2026-05-13,day_ahead_price,12,77.115,82.45249925
2026-05-13,day_ahead_price,13,74.24375,82.33499900000001
2026-05-13,day_ahead_price,14,82.63125,77.08250050000001
2026-05-13,day_ahead_price,15,92.7425,83.27249925
2026-05-13,day_ahead_price,16,103.01,92.37499824999999
2026-05-13,day_ahead_price,17,119.4975,112.60250074999999
2026-05-13,day_ahead_price,18,127.4825,132.35500125
2026-05-13,day_ahead_price,19,125.24,151.49250024999998
2026-05-13,day_ahead_price,20,115.137505,171.267498
2026-05-13,day_ahead_price,21,105.41,160.04500175
2026-05-13,day_ahead_price,22,103.363754,142.20500175
2026-05-13,day_ahead_price,23,97.87375,123.09499925
2026-05-13,capacity_price,0,0.67,1.61
2026-05-13,capacity_price,1,0.54,1.61
2026-05-13,capacity_price,2,0.4,0.67
2026-05-13,capacity_price,3,0.54,0.67
2026-05-13,capacity_price,4,0.67,1.2
2026-05-13,capacity_price,5,1.2,33.46
2026-05-13,capacity_price,6,1.26,37.47
2026-05-13,capacity_price,7,1.31,17.9
2026-05-13,capacity_price,8,6.69,89.57
2026-05-13,capacity_price,9,6.29,12.85
2026-05-13,capacity_price,10,5.825,20.08
2026-05-13,capacity_price,11,2.4099998,13.12
2026-05-13,capacity_price,12,1.31,7.49
2026-05-13,capacity_price,13,1.325,6.69
2026-05-13,capacity_price,14,1.31,6.69
2026-05-13,capacity_price,15,6.145,14.23
2026-05-13,capacity_price,16,14.4,6.69
2026-05-13,capacity_price,17,53.65,12.58
2026-05-13,capacity_price,18,50.864998,52.32
2026-05-13,capacity_price,19,17.62,74.94
2026-05-13,capacity_price,20,10.46,73.61
2026-05-13,capacity_price,21,8.105,44.57
2026-05-13,capacity_price,22,2.345,12.85
2026-05-13,capacity_price,23,1.2,12.58
2026-05-13,activation_volume,0,15.565001,16.5
2026-05-13,activation_volume,1,15.690001,0.0
2026-05-13,activation_volume,2,3.87,1.25
2026-05-13,activation_volume,3,2.1,0.83
2026-05-13,activation_volume,4,3.75,11.0
2026-05-13,activation_volume,5,8.71,8.77
2026-05-13,activation_volume,6,6.55,8.39
2026-05-13,activation_volume,7,6.21,10.4
2026-05-13,activation_volume,8,11.14,21.39
2026-05-13,activation_volume,9,7.75,50.21
2026-05-13,activation_volume,10,5.66,3.5799999999999996
2026-05-13,activation_volume,11,8.2,1.16
2026-05-13,activation_volume,12,3.355,36.76
2026-05-13,activation_volume,13,11.07,53.36
2026-05-13,activation_volume,14,8.205,19.560000000000002
2026-05-13,activation_volume,15,5.865,19.24
2026-05-13,activation_volume,16,8.02,5.82
2026-05-13,activation_volume,17,11.12,7.1499999999999995
2026-05-13,activation_volume,18,3.42,8.84
2026-05-13,activation_volume,19,3.74,4.75
2026-05-13,activation_volume,20,3.04,13.079999999999998
2026-05-13,activation_volume,21,1.415,7.630000000000001
2026-05-13,activation_volume,22,2.28,0.0
2026-05-13,activation_volume,23,2.19,0.0
2026-05-13,activation_price,0,112.4919,130.4554606060606
2026-05-13,activation_price,1,107.52446,
2026-05-13,activation_price,2,111.815216,86.02439999999999
2026-05-13,activation_price,3,104.485466,84.65566265060242
2026-05-13,activation_price,4,109.17787,134.6696090909091
2026-05-13,activation_price,5,114.59506,123.85381984036488
2026-05-13,activation_price,6,136.05582,158.4193444576877
2026-05-13,activation_price,7,138.00998,145.4406442307692
2026-05-13,activation_price,8,148.18803,176.35357176250585
2026-05-13,activation_price,9,149.88477,2133.072105158335
2026-05-13,activation_price,10,121.50543,162.5733519553073
2026-05-13,activation_price,11,120.42451,107.3801724137931
2026-05-13,activation_price,12,104.83459,926.1785473340589
2026-05-13,activation_price,13,114.0,2200.278161544228
2026-05-13,activation_price,14,123.82012,247.36112474437627
2026-05-13,activation_price,15,121.71834,154.18082120582125
2026-05-13,activation_price,16,142.48761,126.42144329896907
2026-05-13,activation_price,17,152.97,154.50123076923074
2026-05-13,activation_price,18,146.19907,165.7348190045249
2026-05-13,activation_price,19,144.3454,141.74353684210527
2026-05-13,activation_price,20,128.91698,173.49880733944957
2026-05-13,activation_price,21,124.336914,153.08715596330273
2026-05-13,activation_price,22,116.04,
2026-05-13,activation_price,23,113.653625,
2026-05-14,day_ahead_price,0,96.765,130.54000275
2026-05-14,day_ahead_price,1,93.615005,121.75000024999999
2026-05-14,day_ahead_price,2,89.46625,119.22500025000001
2026-05-14,day_ahead_price,3,89.455,115.63750075
2026-05-14,day_ahead_price,4,88.7225,112.91750175000001
2026-05-14,day_ahead_price,5,93.082504,112.04500025
2026-05-14,day_ahead_price,6,102.46,111.40499875
2026-05-14,day_ahead_price,7,114.3275,108.09000025
2026-05-14,day_ahead_price,8,112.95625,99.25750174999999
2026-05-14,day_ahead_price,9,103.2225,85.15000075
2026-05-14,day_ahead_price,10,91.135,58.6425
2026-05-14,day_ahead_price,11,84.305,35.5675005
2026-05-14,day_ahead_price,12,83.5225,16.05500025
2026-05-14,day_ahead_price,13,81.3025,7.5525
2026-05-14,day_ahead_price,14,84.53125,5.057499999999999
2026-05-14,day_ahead_price,15,91.7875,17.8475
2026-05-14,day_ahead_price,16,105.8625,66.9125
2026-05-14,day_ahead_price,17,124.8975,94.76
2026-05-14,day_ahead_price,18,128.29375,126.0
2026-05-14,day_ahead_price,19,121.042496,141.09750375
2026-05-14,day_ahead_price,20,110.45,150.4474985
2026-05-14,day_ahead_price,21,106.50375,152.0024985
2026-05-14,day_ahead_price,22,102.7875,147.227497
2026-05-14,day_ahead_price,23,96.39,130.267498
2026-05-14,capacity_price,0,0.54,2.0
2026-05-14,capacity_price,1,0.54,1.2
2026-05-14,capacity_price,2,0.35,0.54
2026-05-14,capacity_price,3,0.4,0.54
2026-05-14,capacity_price,4,0.67,1.2
2026-05-14,capacity_price,5,1.2,1.2
2026-05-14,capacity_price,6,1.21,12.58
2026-05-14,capacity_price,7,1.31,6.0
2026-05-14,capacity_price,8,9.9,12.58
2026-05-14,capacity_price,9,7.365,6.69
2026-05-14,capacity_price,10,6.355,5.76
2026-05-14,capacity_price,11,3.35,4.01
2026-05-14,capacity_price,12,1.31,1.2
2026-05-14,capacity_price,13,1.31,0.54
2026-05-14,capacity_price,14,1.31,0.67
2026-05-14,capacity_price,15,5.76,0.67
2026-05-14,capacity_price,16,14.389999,6.1
2026-05-14,capacity_price,17,52.87,13.14
2026-05-14,capacity_price,18,53.52,50.85
2026-05-14,capacity_price,19,26.77,76.55
2026-05-14,capacity_price,20,9.969999,97.82
2026-05-14,capacity_price,21,6.69,60.22
2026-05-14,capacity_price,22,1.31,46.84
2026-05-14,capacity_price,23,0.67,12.58
2026-05-14,activation_volume,0,18.97,4.25
2026-05-14,activation_volume,1,17.92,2.7999999999999994
2026-05-14,activation_volume,2,4.59,4.859999999999999
2026-05-14,activation_volume,3,2.58,6.640000000000001
2026-05-14,activation_volume,4,3.895,8.0
2026-05-14,activation_volume,5,10.77,9.5
2026-05-14,activation_volume,6,8.56,12.65
2026-05-14,activation_volume,7,6.21,19.71
2026-05-14,activation_volume,8,10.139999,22.65
2026-05-14,activation_volume,9,5.715,0.0
2026-05-14,activation_volume,10,6.4049997,0.0
2026-05-14,activation_volume,11,5.385,0.0
2026-05-14,activation_volume,12,2.79,0.0
2026-05-14,activation_volume,13,5.39,79.44
2026-05-14,activation_volume,14,5.35,2.88
2026-05-14,activation_volume,15,6.14,16.47
2026-05-14,activation_volume,16,7.51,35.36
2026-05-14,activation_volume,17,7.26,6.58
2026-05-14,activation_volume,18,2.37,2.3000000000000003
2026-05-14,activation_volume,19,3.64,0.1
2026-05-14,activation_volume,20,2.1299999,0.0
2026-05-14,activation_volume,21,1.74,0.0
2026-05-14,activation_volume,22,3.08,4.319999999999999
2026-05-14,activation_volume,23,3.52,5.54
2026-05-14,activation_price,0,112.25252,109.28642352941176
2026-05-14,activation_price,1,106.95303,83.75046428571432
2026-05-14,activation_price,2,117.805176,113.91477366255145
2026-05-14,activation_price,3,101.78238,117.5671234939759
2026-05-14,activation_price,4,109.03483,129.70435
2026-05-14,activation_price,5,119.481155,117.49824210526317
2026-05-14,activation_price,6,144.03566,154.17803952569167
2026-05-14,activation_price,7,154.0543,153.3337087772704
2026-05-14,activation_price,8,142.35156,132.5377527593819
2026-05-14,activation_price,9,141.27414,
2026-05-14,activation_price,10,123.012276,
2026-05-14,activation_price,11,118.244644,
2026-05-14,activation_price,12,101.205696,
2026-05-14,activation_price,13,108.03708,76.36988167170192
2026-05-14,activation_price,14,118.16068,21.708715277777777
2026-05-14,activation_price,15,129.04315,69.21084395871281
2026-05-14,activation_price,16,142.909,99.64801187782804
2026-05-14,activation_price,17,147.86829,99.19928571428571
2026-05-14,activation_price,18,140.24356,88.55886956521739
2026-05-14,activation_price,19,157.45985,61.01
2026-05-14,activation_price,20,127.96395,
2026-05-14,activation_price,21,128.40755,
2026-05-14,activation_price,22,125.3633,148.93231481481482
2026-05-14,activation_price,23,115.101555,136.74817689530684
2026-05-15,day_ahead_price,0,97.2275,131.39999775
2026-05-15,day_ahead_price,1,96.94624,125.6100005
2026-05-15,day_ahead_price,2,96.50874,124.864998
2026-05-15,day_ahead_price,3,95.88875,119.5599995
2026-05-15,day_ahead_price,4,94.7975,114.5300005
2026-05-15,day_ahead_price,5,95.575,116.897499
2026-05-15,day_ahead_price,6,98.89,126.3100015
2026-05-15,day_ahead_price,7,108.1575,125.007498
2026-05-15,day_ahead_price,8,109.15875,123.40499875
2026-05-15,day_ahead_price,9,100.310005,104.540001
2026-05-15,day_ahead_price,10,90.6625,81.78250125000001
2026-05-15,day_ahead_price,11,82.317505,66.81750025
2026-05-15,day_ahead_price,12,79.035,54.302498750000005
2026-05-15,day_ahead_price,13,80.56,40.3225005
2026-05-15,day_ahead_price,14,84.2425,40.14750025
2026-05-15,day_ahead_price,15,91.1075,51.0024995
2026-05-15,day_ahead_price,16,106.69625,77.31999875
2026-05-15,day_ahead_price,17,123.97,105.04749875
2026-05-15,day_ahead_price,18,131.2175,125.04249949999999
2026-05-15,day_ahead_price,19,127.1325,137.949997
2026-05-15,day_ahead_price,20,113.901245,145.87499625
2026-05-15,day_ahead_price,21,107.4225,149.13250325
2026-05-15,day_ahead_price,22,104.526245,144.68500500000002
2026-05-15,day_ahead_price,23,98.3875,135.512501
2026-05-15,capacity_price,0,0.54,1.2
2026-05-15,capacity_price,1,0.54,0.67
2026-05-15,capacity_price,2,0.39,0.67
2026-05-15,capacity_price,3,0.67,0.67
2026-05-15,capacity_price,4,0.67,1.2
2026-05-15,capacity_price,5,1.2,0.67
2026-05-15,capacity_price,6,1.21,1.2
2026-05-15,capacity_price,7,2.345,1.2
2026-05-15,capacity_price,8,6.7,1.2
2026-05-15,capacity_price,9,8.03,1.2
2026-05-15,capacity_price,10,6.69,1.2
2026-05-15,capacity_price,11,5.35,0.67
2026-05-15,capacity_price,12,1.34,0.67
2026-05-15,capacity_price,13,3.35,0.67
2026-05-15,capacity_price,14,2.33,0.67
2026-05-15,capacity_price,15,6.69,0.67
2026-05-15,capacity_price,16,13.61,1.2
2026-05-15,capacity_price,17,53.54,6.0
2026-05-15,capacity_price,18,52.715,12.71
2026-05-15,capacity_price,19,31.785,6.0
2026-05-15,capacity_price,20,10.0,33.46
2026-05-15,capacity_price,21,9.0,6.69
2026-05-15,capacity_price,22,3.35,1.2
2026-05-15,capacity_price,23,1.2,1.2
2026-05-15,activation_volume,0,21.27,4.45
2026-05-15,activation_volume,1,18.404999,17.960000000000004
2026-05-15,activation_volume,2,4.545,2.18
2026-05-15,activation_volume,3,5.49,4.06
2026-05-15,activation_volume,4,6.645,2.35
2026-05-15,activation_volume,5,8.855,0.48
2026-05-15,activation_volume,6,9.105,0.39999999999999997
2026-05-15,activation_volume,7,5.475,0.0
2026-05-15,activation_volume,8,11.015,0.07
2026-05-15,activation_volume,9,9.139999,1.91
2026-05-15,activation_volume,10,5.07,0.55
2026-05-15,activation_volume,11,8.639999,0.76
2026-05-15,activation_volume,12,3.355,0.73
2026-05-15,activation_volume,13,10.595,0.0
2026-05-15,activation_volume,14,5.5,0.04
2026-05-15,activation_volume,15,4.385,0.64
2026-05-15,activation_volume,16,6.22,7.220000000000001
2026-05-15,activation_volume,17,7.87,11.24
2026-05-15,activation_volume,18,3.09,6.449999999999999
2026-05-15,activation_volume,19,3.345,2.83
2026-05-15,activation_volume,20,1.91,2.64
2026-05-15,activation_volume,21,1.0,1.37
2026-05-15,activation_volume,22,2.13,3.18
2026-05-15,activation_volume,23,2.395,4.94
2026-05-15,activation_price,0,136.79953,112.59424719101126
2026-05-15,activation_price,1,110.7491,119.17177060133629
2026-05-15,activation_price,2,117.68121,121.91311926605503
2026-05-15,activation_price,3,106.7837,117.5774630541872
2026-05-15,activation_price,4,109.21889,101.55591489361703
2026-05-15,activation_price,5,110.75079,36.69479166666667
2026-05-15,activation_price,6,148.63235,60.8885
2026-05-15,activation_price,7,133.78326,
2026-05-15,activation_price,8,149.70486,39.51714285714286
2026-05-15,activation_price,9,138.88412,95.60968586387435
2026-05-15,activation_price,10,114.11314,59.07545454545455
2026-05-15,activation_price,11,112.51138,69.4
2026-05-15,activation_price,12,98.6,43.87986301369863
2026-05-15,activation_price,13,112.79562,
2026-05-15,activation_price,14,114.806175,32.38
2026-05-15,activation_price,15,119.64385,61.2153125
2026-05-15,activation_price,16,137.16284,116.76753462603877
2026-05-15,activation_price,17,152.01494,126.96626334519573
2026-05-15,activation_price,18,148.59557,160.9192558139535
2026-05-15,activation_price,19,140.96092,132.63127208480566
2026-05-15,activation_price,20,129.87,124.92314393939394
2026-05-15,activation_price,21,122.389565,128.26489051094887
2026-05-15,activation_price,22,125.3633,130.21518867924527
2026-05-15,activation_price,23,116.48335,128.9411740890688
2026-05-16,day_ahead_price,0,92.369995,130.00000175
2026-05-16,day_ahead_price,1,92.665,121.78750025
2026-05-16,day_ahead_price,2,89.884995,117.562498
2026-05-16,day_ahead_price,3,87.67875,116.00249825
2026-05-16,day_ahead_price,4,88.1175,114.02000225
2026-05-16,day_ahead_price,5,90.74,109.34250075
2026-05-16,day_ahead_price,6,98.0625,105.70750025
2026-05-16,day_ahead_price,7,103.0325,100.045
2026-05-16,day_ahead_price,8,109.095,86.9524995
2026-05-16,day_ahead_price,9,104.425,49.52750125
2026-05-16,day_ahead_price,10,91.125,37.42
2026-05-16,day_ahead_price,11,82.637505,20.150000249999998
2026-05-16,day_ahead_price,12,77.02125,16.36249975
2026-05-16,day_ahead_price,13,73.6125,11.99999975
2026-05-16,day_ahead_price,14,74.075005,7.032500000000001
2026-05-16,day_ahead_price,15,92.3225,9.1975
2026-05-16,day_ahead_price,16,102.895,10.00000025
2026-05-16,day_ahead_price,17,118.11625,60.09250125
2026-05-16,day_ahead_price,18,130.42499,100.222498
2026-05-16,day_ahead_price,19,123.832504,126.4699995
2026-05-16,day_ahead_price,20,114.21001,139.99750125
2026-05-16,day_ahead_price,21,107.524994,140.60749850000002
2026-05-16,day_ahead_price,22,106.64,135.98999775
2026-05-16,day_ahead_price,23,99.20625,126.380001
2026-05-16,capacity_price,0,0.54,0.67
2026-05-16,capacity_price,1,0.54,0.67
2026-05-16,capacity_price,2,0.33499998,0.67
2026-05-16,capacity_price,3,0.47000003,0.67
2026-05-16,capacity_price,4,0.67,0.67
2026-05-16,capacity_price,5,1.2,1.2
2026-05-16,capacity_price,6,1.26,1.2
2026-05-16,capacity_price,7,3.35,1.2
2026-05-16,capacity_price,8,6.69,1.2
2026-05-16,capacity_price,9,6.69,1.2
2026-05-16,capacity_price,10,6.355,1.2
2026-05-16,capacity_price,11,5.35,0.67
2026-05-16,capacity_price,12,2.345,0.67
2026-05-16,capacity_price,13,1.865,0.54
2026-05-16,capacity_price,14,1.31,0.27
2026-05-16,capacity_price,15,6.69,0.54
2026-05-16,capacity_price,16,20.675,1.2
2026-05-16,capacity_price,17,65.520004,6.69
2026-05-16,capacity_price,18,53.54,17.4
2026-05-16,capacity_price,19,30.11,6.69
2026-05-16,capacity_price,20,10.46,14.2
2026-05-16,capacity_price,21,9.635,12.58
2026-05-16,capacity_price,22,2.345,1.2
2026-05-16,capacity_price,23,1.2,1.2
2026-05-16,activation_volume,0,19.685,6.92
2026-05-16,activation_volume,1,14.075001,17.11
2026-05-16,activation_volume,2,4.94,9.82
2026-05-16,activation_volume,3,3.99,3.4299999999999997
2026-05-16,activation_volume,4,3.67,8.48
2026-05-16,activation_volume,5,8.9,0.0
2026-05-16,activation_volume,6,6.775,1.7000000000000002
2026-05-16,activation_volume,7,5.995,0.77
2026-05-16,activation_volume,8,11.465,1.6099999999999999
2026-05-16,activation_volume,9,6.165,5.37
2026-05-16,activation_volume,10,5.9750004,12.78
2026-05-16,activation_volume,11,8.2,43.71
2026-05-16,activation_volume,12,2.955,12.34
2026-05-16,activation_volume,13,7.725,38.31
2026-05-16,activation_volume,14,5.44,9.940000000000001
2026-05-16,activation_volume,15,4.165,87.97999999999999
2026-05-16,activation_volume,16,6.76,86.64999999999999
2026-05-16,activation_volume,17,7.97,21.64
2026-05-16,activation_volume,18,3.395,1.59
2026-05-16,activation_volume,19,5.0249996,4.27
2026-05-16,activation_volume,20,1.675,4.48
2026-05-16,activation_volume,21,1.24,1.82
2026-05-16,activation_volume,22,1.75,0.58
2026-05-16,activation_volume,23,1.875,1.8800000000000001
2026-05-16,activation_price,0,128.2919,139.24968208092486
2026-05-16,activation_price,1,107.3591,127.14271770894214
2026-05-16,activation_price,2,112.20726,121.14048879837067
2026-05-16,activation_price,3,106.736465,121.68212827988339
2026-05-16,activation_price,4,109.49408,134.52254716981133
2026-05-16,activation_price,5,110.17483,
2026-05-16,activation_price,6,137.60973,96.19147058823529
2026-05-16,activation_price,7,153.58069,103.3948051948052
2026-05-16,activation_price,8,149.44061,90.2057142857143
2026-05-16,activation_price,9,148.77168,103.49999999999999
2026-05-16,activation_price,10,121.50543,101.84078247261347
2026-05-16,activation_price,11,113.34611,87.71525509036834
2026-05-16,activation_price,12,98.99931,20.80592382495948
2026-05-16,activation_price,13,102.08618,35.21030279300444
2026-05-16,activation_price,14,120.9904,42.43469818913481
2026-05-16,activation_price,15,119.009186,63.614895430779725
2026-05-16,activation_price,16,131.87207,71.8714218118869
2026-05-16,activation_price,17,142.66002,116.14314232902032
2026-05-16,activation_price,18,134.19331,122.57509433962262
2026-05-16,activation_price,19,154.82812,135.94065573770493
2026-05-16,activation_price,20,119.006645,133.23633928571428
2026-05-16,activation_price,21,126.94818,120.7337912087912
2026-05-16,activation_price,22,124.10593,158.82
2026-05-16,activation_price,23,117.03143,106.05324468085107
2026-05-17,day_ahead_price,0,97.026245,127.71750075
2026-05-17,day_ahead_price,1,94.54125,119.0625
2026-05-17,day_ahead_price,2,94.32625,115.56500025
2026-05-17,day_ahead_price,3,92.815,113.89749925
2026-05-17,day_ahead_price,4,93.4175,109.17
2026-05-17,day_ahead_price,5,96.322495,105.44500174999999
2026-05-17,day_ahead_price,6,103.869995,98.7924975
2026-05-17,day_ahead_price,7,116.707504,80.795
2026-05-17,day_ahead_price,8,120.29,53.84250050000001
2026-05-17,day_ahead_price,9,105.93375,21.512500499999998
2026-05-17,day_ahead_price,10,90.035,12.1275
2026-05-17,day_ahead_price,11,81.490005,8.035
2026-05-17,day_ahead_price,12,76.965004,6.077500000000001
2026-05-17,day_ahead_price,13,74.875,5.1575
2026-05-17,day_ahead_price,14,82.63125,5.2225
2026-05-17,day_ahead_price,15,91.7875,14.7625
2026-05-17,day_ahead_price,16,106.935,52.4375005
2026-05-17,day_ahead_price,17,127.60625,100.3149985
2026-05-17,day_ahead_price,18,133.105,129.387499
2026-05-17,day_ahead_price,19,126.9075,143.06749725
2026-05-17,day_ahead_price,20,115.22,155.800003
2026-05-17,day_ahead_price,21,107.524994,156.70499800000002
2026-05-17,day_ahead_price,22,103.9125,151.36750025
2026-05-17,day_ahead_price,23,97.75,142.5750045
2026-05-17,capacity_price,0,0.54,0.67
2026-05-17,capacity_price,1,0.54,0.67
2026-05-17,capacity_price,2,0.33,0.67
2026-05-17,capacity_price,3,0.49,1.2
2026-05-17,capacity_price,4,0.67,0.67
2026-05-17,capacity_price,5,1.2,0.67
2026-05-17,capacity_price,6,1.21,1.2
2026-05-17,capacity_price,7,2.345,1.2
2026-05-17,capacity_price,8,8.299999,1.2
2026-05-17,capacity_price,9,6.69,1.2
2026-05-17,capacity_price,10,5.89,0.67
2026-05-17,capacity_price,11,4.0,0.67
2026-05-17,capacity_price,12,1.34,0.67
2026-05-17,capacity_price,13,3.35,0.67
2026-05-17,capacity_price,14,3.35,0.67
2026-05-17,capacity_price,15,6.29,0.67
2026-05-17,capacity_price,16,20.335,1.2
2026-05-17,capacity_price,17,60.48,6.0
2026-05-17,capacity_price,18,53.52,12.71
2026-05-17,capacity_price,19,42.705,6.0
2026-05-17,capacity_price,20,15.844999,6.69
2026-05-17,capacity_price,21,9.64,6.69
2026-05-17,capacity_price,22,3.35,1.2
2026-05-17,capacity_price,23,1.2,0.67
2026-05-17,activation_volume,0,19.685,9.329999999999998
2026-05-17,activation_volume,1,14.219999,4.84
2026-05-17,activation_volume,2,3.82,16.89
2026-05-17,activation_volume,3,3.64,2.73
2026-05-17,activation_volume,4,7.64,27.14
2026-05-17,activation_volume,5,9.3,29.94
2026-05-17,activation_volume,6,8.085,13.35
2026-05-17,activation_volume,7,5.5699997,1.42
2026-05-17,activation_volume,8,11.02,0.02
2026-05-17,activation_volume,9,9.59,1.52
2026-05-17,activation_volume,10,5.9750004,64.84
2026-05-17,activation_volume,11,9.835,83.75
2026-05-17,activation_volume,12,4.18,66.69
2026-05-17,activation_volume,13,9.145,8.4
2026-05-17,activation_volume,14,5.8,6.36
2026-05-17,activation_volume,15,11.055,72.35999999999999
2026-05-17,activation_volume,16,8.860001,59.62
2026-05-17,activation_volume,17,7.96,37.510000000000005
2026-05-17,activation_volume,18,3.675,15.8
2026-05-17,activation_volume,19,3.03,3.4499999999999997
2026-05-17,activation_volume,20,2.37,5.64
2026-05-17,activation_volume,21,2.73,5.23
2026-05-17,activation_volume,22,3.16,4.43
2026-05-17,activation_volume,23,2.995,13.879999999999999
2026-05-17,activation_price,0,115.382774,115.9532904608789
2026-05-17,activation_price,1,110.098206,102.14417355371901
2026-05-17,activation_price,2,111.00093,104.60586737714624
2026-05-17,activation_price,3,106.01352,97.97329670329671
2026-05-17,activation_price,4,111.823685,121.9703131908622
2026-05-17,activation_price,5,118.96448,120.88884435537743
2026-05-17,activation_price,6,141.42068,112.43650936329585
2026-05-17,activation_price,7,139.31567,86.75697183098592
2026-05-17,activation_price,8,152.34198,18.73
2026-05-17,activation_price,9,146.36385,62.7
2026-05-17,activation_price,10,125.44092,56.51830814312153
2026-05-17,activation_price,11,118.244644,51.08030567164179
2026-05-17,activation_price,12,99.39863,23.546239316239323
2026-05-17,activation_price,13,112.79562,15.826964285714286
2026-05-17,activation_price,14,117.51169,16.890345911949684
2026-05-17,activation_price,15,119.64385,99.89049198452184
2026-05-17,activation_price,16,149.8009,156.83512579671253
2026-05-17,activation_price,17,152.1106,1207.9829325513192
2026-05-17,activation_price,18,140.24532,186.9170569620253
2026-05-17,activation_price,19,147.50089,137.68628985507246
2026-05-17,activation_price,20,129.93265,162.25767730496455
2026-05-17,activation_price,21,127.89523,157.3117017208413
2026-05-17,activation_price,22,124.61207,152.6057110609481
2026-05-17,activation_price,23,117.18205,153.801772334294
2026-05-18,day_ahead_price,0,99.705,134.65750325
2026-05-18,day_ahead_price,1,99.1275,125.97249975
2026-05-18,day_ahead_price,2,98.042496,125.99749949999999
2026-05-18,day_ahead_price,3,96.885,126.39250175000001
2026-05-18,day_ahead_price,4,96.395004,129.3599985
2026-05-18,day_ahead_price,5,101.43,137.02250099999998
2026-05-18,day_ahead_price,6,109.545,152.51749825000002
2026-05-18,day_ahead_price,7,116.985,160.074997
2026-05-18,day_ahead_price,8,120.29,152.10499950000002
2026-05-18,day_ahead_price,9,104.005005,125.87999749999999
2026-05-18,day_ahead_price,10,91.135,107.85000050000001
2026-05-18,day_ahead_price,11,82.957504,100.0525
2026-05-18,day_ahead_price,12,77.04,94.89500050000001
2026-05-18,day_ahead_price,13,80.3125,94.97749875
2026-05-18,day_ahead_price,14,82.49875,96.77000025
2026-05-18,day_ahead_price,15,92.5325,102.40500074999999
2026-05-18,day_ahead_price,16,107.90625,113.964998
2026-05-18,day_ahead_price,17,129.1875,134.0649985
2026-05-18,day_ahead_price,18,136.7525,152.137501
2026-05-18,day_ahead_price,19,133.375,192.85250075
2026-05-18,day_ahead_price,20,120.6575,250.89750275
2026-05-18,day_ahead_price,21,110.15375,214.33750175
2026-05-18,day_ahead_price,22,107.90875,160.64749949999998
2026-05-18,day_ahead_price,23,100.854996,148.89500049999998
2026-05-18,capacity_price,0,0.54,1.2
2026-05-18,capacity_price,1,0.54,0.67
2026-05-18,capacity_price,2,0.35,0.67
2026-05-18,capacity_price,3,0.4,0.67
2026-05-18,capacity_price,4,0.67,0.67
2026-05-18,capacity_price,5,1.2,0.67
2026-05-18,capacity_price,6,1.31,1.2
2026-05-18,capacity_price,7,2.345,1.2
2026-05-18,capacity_price,8,9.9,6.69
2026-05-18,capacity_price,9,6.69,1.2
2026-05-18,capacity_price,10,5.89,1.2
2026-05-18,capacity_price,11,3.35,1.2
2026-05-18,capacity_price,12,1.31,1.2
2026-05-18,capacity_price,13,1.4649999,3.35
2026-05-18,capacity_price,14,1.31,1.2
2026-05-18,capacity_price,15,6.145,1.2
2026-05-18,capacity_price,16,20.675,1.2
2026-05-18,capacity_price,17,67.14,12.85
2026-05-18,capacity_price,18,61.44,12.0
2026-05-18,capacity_price,19,36.010002,17.4
2026-05-18,capacity_price,20,13.39,12.58
2026-05-18,capacity_price,21,9.64,6.69
2026-05-18,capacity_price,22,1.31,1.2
2026-05-18,capacity_price,23,1.2,0.67
2026-05-18,activation_volume,0,16.33,24.880000000000003
2026-05-18,activation_volume,1,12.6,33.33
2026-05-18,activation_volume,2,4.545,0.7
2026-05-18,activation_volume,3,8.8,0.77
2026-05-18,activation_volume,4,4.955,2.1999999999999997
2026-05-18,activation_volume,5,9.3,5.53
2026-05-18,activation_volume,6,7.01,7.5600000000000005
2026-05-18,activation_volume,7,5.1549997,5.529999999999999
2026-05-18,activation_volume,8,10.88,3.2200000000000006
2026-05-18,activation_volume,9,6.165,3.45
2026-05-18,activation_volume,10,8.44,0.49
2026-05-18,activation_volume,11,9.08,0.27
2026-05-18,activation_volume,12,5.5249996,17.72
2026-05-18,activation_volume,13,6.44,13.18
2026-05-18,activation_volume,14,6.75,0.64
2026-05-18,activation_volume,15,7.165,13.110000000000001
2026-05-18,activation_volume,16,8.49,5.7299999999999995
2026-05-18,activation_volume,17,9.16,3.5
2026-05-18,activation_volume,18,3.45,7.86
2026-05-18,activation_volume,19,3.64,7.39
2026-05-18,activation_volume,20,2.1599998,2.6900000000000004
2026-05-18,activation_volume,21,2.03,6.73
2026-05-18,activation_volume,22,3.16,6.42
2026-05-18,activation_volume,23,2.835,15.04
2026-05-18,activation_price,0,110.97267,153.1896302250804
2026-05-18,activation_price,1,110.0894,140.11638463846387
2026-05-18,activation_price,2,117.2525,77.42614285714286
2026-05-18,activation_price,3,111.5825,73.75896103896103
2026-05-18,activation_price,4,109.99863,116.98145454545455
2026-05-18,activation_price,5,122.99863,150.15354430379745
2026-05-18,activation_price,6,152.54355,167.19551587301584
2026-05-18,activation_price,7,154.07819,178.1158408679928
2026-05-18,activation_price,8,163.43555,158.57403726708074
2026-05-18,activation_price,9,146.36385,160.53863768115943
2026-05-18,activation_price,10,131.34567,131.63
2026-05-18,activation_price,11,119.73218,90.2822222222222
2026-05-18,activation_price,12,97.45308,121.73318284424379
2026-05-18,activation_price,13,110.68185,127.80013657056148
2026-05-18,activation_price,14,117.07884,81.37343750000001
2026-05-18,activation_price,15,130.06218,123.23569031273836
2026-05-18,activation_price,16,141.47618,138.29877835951135
2026-05-18,activation_price,17,155.59045,137.37554285714285
2026-05-18,activation_price,18,160.76941,162.10639949109415
2026-05-18,activation_price,19,152.847,166.87679296346414
2026-05-18,activation_price,20,127.89746,113.35263940520446
2026-05-18,activation_price,21,138.01987,158.89083209509656
2026-05-18,activation_price,22,126.19379,143.64429906542057
2026-05-18,activation_price,23,116.0859,163.66576462765957
2026-05-19,day_ahead_price,0,96.20875,148.25250225
2026-05-19,day_ahead_price,1,93.56375,141.9424975
2026-05-19,day_ahead_price,2,93.7475,139.3224985
2026-05-19,day_ahead_price,3,93.8225,138.54000075
2026-05-19,day_ahead_price,4,89.9775,141.567497
2026-05-19,day_ahead_price,5,99.2775,146.92000174999998
2026-05-19,day_ahead_price,6,105.71124,164.460003
2026-05-19,day_ahead_price,7,116.84625,153.77249899999998
2026-05-19,day_ahead_price,8,113.655,131.85500150000001
2026-05-19,day_ahead_price,9,107.49,108.74250024999999
2026-05-19,day_ahead_price,10,94.840004,94.2649995
2026-05-19,day_ahead_price,11,84.305,82.08499900000001
2026-05-19,day_ahead_price,12,78.67,73.1450005
2026-05-19,day_ahead_price,13,73.045,73.73750150000001
2026-05-19,day_ahead_price,14,78.458755,79.81000125
2026-05-19,day_ahead_price,15,90.9625,87.56999975000001
2026-05-19,day_ahead_price,16,107.0325,102.24999975
2026-05-19,day_ahead_price,17,126.73125,127.29249949999999
2026-05-19,day_ahead_price,18,131.9625,144.95000449999998
2026-05-19,day_ahead_price,19,130.1525,172.4850005
2026-05-19,day_ahead_price,20,122.49875,180.90250025
2026-05-19,day_ahead_price,21,112.0625,163.63000475
2026-05-19,day_ahead_price,22,108.8975,145.54500174999998
2026-05-19,day_ahead_price,23,100.75875,131.8025035
2026-05-19,capacity_price,0,0.54,2.0
2026-05-19,capacity_price,1,0.54,1.2
2026-05-19,capacity_price,2,0.35,1.2
2026-05-19,capacity_price,3,0.4,1.2
2026-05-19,capacity_price,4,0.67,2.0
2026-05-19,capacity_price,5,1.2,52.58
2026-05-19,capacity_price,6,1.26,12.85
2026-05-19,capacity_price,7,1.34,66.91
2026-05-19,capacity_price,8,9.9,12.85
2026-05-19,capacity_price,9,6.69,6.69
2026-05-19,capacity_price,10,5.89,6.0
2026-05-19,capacity_price,11,4.0,6.0
2026-05-19,capacity_price,12,1.31,6.69
2026-05-19,capacity_price,13,1.31,6.69
2026-05-19,capacity_price,14,1.31,6.69
2026-05-19,capacity_price,15,6.69,6.69
2026-05-19,capacity_price,16,20.76,5.35
2026-05-19,capacity_price,17,53.655,17.8
2026-05-19,capacity_price,18,51.94,54.46
2026-05-19,capacity_price,19,31.785,45.5
2026-05-19,capacity_price,20,9.885,98.61
2026-05-19,capacity_price,21,9.64,34.3
2026-05-19,capacity_price,22,1.34,12.71
2026-05-19,capacity_price,23,1.2,2.0
2026-05-19,activation_volume,0,14.59,34.480000000000004
2026-05-19,activation_volume,1,13.71,36.88
2026-05-19,activation_volume,2,4.425,30.68
2026-05-19,activation_volume,3,2.58,6.160000000000001
2026-05-19,activation_volume,4,3.895,3.3600000000000003
2026-05-19,activation_volume,5,8.57,13.5
2026-05-19,activation_volume,6,7.01,12.18
2026-05-19,activation_volume,7,5.1549997,7.669999999999999
2026-05-19,activation_volume,8,10.24,4.12
2026-05-19,activation_volume,9,7.75,0.0
2026-05-19,activation_volume,10,5.5,0.15
2026-05-19,activation_volume,11,5.44,0.02
2026-05-19,activation_volume,12,4.625,38.88
2026-05-19,activation_volume,13,9.82,16.31
2026-05-19,activation_volume,14,9.24,25.85
2026-05-19,activation_volume,15,7.08,31.530000000000005
2026-05-19,activation_volume,16,7.91,10.48
2026-05-19,activation_volume,17,8.06,12.87
2026-05-19,activation_volume,18,3.2,17.46
2026-05-19,activation_volume,19,4.2,9.12
2026-05-19,activation_volume,20,2.8000002,7.970000000000001
2026-05-19,activation_volume,21,2.53,14.01
2026-05-19,activation_volume,22,3.3000002,7.74
2026-05-19,activation_volume,23,5.09,4.83
2026-05-19,activation_price,0,112.37221,154.17337006960554
2026-05-19,activation_price,1,106.95303,172.28922722342733
2026-05-19,activation_price,2,110.90108,164.31561929595827
2026-05-19,activation_price,3,105.504074,150.28235389610387
2026-05-19,activation_price,4,104.9663,139.52547619047618
2026-05-19,activation_price,5,115.86778,162.7707851851852
2026-05-19,activation_price,6,148.28,180.45867816091953
2026-05-19,activation_price,7,143.71817,153.67928292046938
2026-05-19,activation_price,8,151.75395,160.9206067961165
2026-05-19,activation_price,9,150.2533,
2026-05-19,activation_price,10,121.48,91.42
2026-05-19,activation_price,11,118.244644,66.96
2026-05-19,activation_price,12,106.6418,173.26861625514405
2026-05-19,activation_price,13,113.82771,121.1265481299816
2026-05-19,activation_price,14,121.31706,137.71962088974854
2026-05-19,activation_price,15,131.0812,129.17611798287345
2026-05-19,activation_price,16,149.58395,130.65415076335879
2026-05-19,activation_price,17,152.20625,166.54790986790988
2026-05-19,activation_price,18,154.78354,159.73634593356243
2026-05-19,activation_price,19,146.235,158.7268311403509
2026-05-19,activation_price,20,132.34924,143.1734378920953
2026-05-19,activation_price,21,133.55754,258.6951034975018
2026-05-19,activation_price,22,130.05594,176.06657622739016
2026-05-19,activation_price,23,119.25258,144.44242236024843
2026-05-20,day_ahead_price,0,97.46625,123.72999949999999
2026-05-20,day_ahead_price,1,95.520004,114.63500025
2026-05-20,day_ahead_price,2,94.32625,109.7525005
2026-05-20,day_ahead_price,3,94.037506,109.97250175
2026-05-20,day_ahead_price,4,92.958755,110.4099995
2026-05-20,day_ahead_price,5,94.354996,117.049999
2026-05-20,day_ahead_price,6,99.63875,131.592501
2026-05-20,day_ahead_price,7,111.19625,136.9749985
2026-05-20,day_ahead_price,8,107.165,125.51249874999999
2026-05-20,day_ahead_price,9,100.28,109.0599975
2026-05-20,day_ahead_price,10,90.83625,89.69999899999999
2026-05-20,day_ahead_price,11,77.354996,75.46249900000001
2026-05-20,day_ahead_price,12,67.37,64.005
2026-05-20,day_ahead_price,13,72.0,44.999999
2026-05-20,day_ahead_price,14,75.2,35.065
2026-05-20,day_ahead_price,15,92.3225,45.67249975
2026-05-20,day_ahead_price,16,102.8925,65.00999975
2026-05-20,day_ahead_price,17,120.7,99.397501
2026-05-20,day_ahead_price,18,131.59,130.2125015
2026-05-20,day_ahead_price,19,132.2525,149.567501
2026-05-20,day_ahead_price,20,119.705,167.92249675
2026-05-20,day_ahead_price,21,109.222496,165.0000035
2026-05-20,day_ahead_price,22,108.06,150.0200005
2026-05-20,day_ahead_price,23,99.635,139.0024985
2026-05-20,capacity_price,0,0.54,0.67
2026-05-20,capacity_price,1,0.54,0.67
2026-05-20,capacity_price,2,0.38,0.67
2026-05-20,capacity_price,3,0.4,0.67
2026-05-20,capacity_price,4,0.67,0.67
2026-05-20,capacity_price,5,1.2,0.67
2026-05-20,capacity_price,6,1.21,1.2
2026-05-20,capacity_price,7,1.21,6.69
2026-05-20,capacity_price,8,6.69,6.69
2026-05-20,capacity_price,9,5.89,1.2
2026-05-20,capacity_price,10,5.76,1.2
2026-05-20,capacity_price,11,1.64,1.2
2026-05-20,capacity_price,12,1.31,0.67
2026-05-20,capacity_price,13,1.31,0.67
2026-05-20,capacity_price,14,1.31,0.67
2026-05-20,capacity_price,15,5.215,1.2
2026-05-20,capacity_price,16,17.24,4.0
2026-05-20,capacity_price,17,56.85,12.58
2026-05-20,capacity_price,18,52.739998,12.84
2026-05-20,capacity_price,19,13.66,30.0
2026-05-20,capacity_price,20,9.95,45.5
2026-05-20,capacity_price,21,8.555,30.0
2026-05-20,capacity_price,22,1.31,1.2
2026-05-20,capacity_price,23,0.67,0.67
2026-05-20,activation_volume,0,15.24,33.330000000000005
2026-05-20,activation_volume,1,15.690001,50.05
2026-05-20,activation_volume,2,4.545,19.14
2026-05-20,activation_volume,3,2.15,1.3399999999999999
2026-05-20,activation_volume,4,3.48,10.23
2026-05-20,activation_volume,5,7.4700003,9.209999999999999
2026-05-20,activation_volume,6,7.08,7.5600000000000005
2026-05-20,activation_volume,7,5.495,4.14
2026-05-20,activation_volume,8,7.95,12.870000000000001
2026-05-20,activation_volume,9,6.165,33.2
2026-05-20,activation_volume,10,11.33,52.83
2026-05-20,activation_volume,11,8.885,4.33
2026-05-20,activation_volume,12,3.9099998,30.270000000000003
2026-05-20,activation_volume,13,11.01,38.91
2026-05-20,activation_volume,14,8.75,26.709999999999997
2026-05-20,activation_volume,15,8.72,57.86
2026-05-20,activation_volume,16,10.315001,59.70000000000001
2026-05-20,activation_volume,17,11.43,27.839999999999996
2026-05-20,activation_volume,18,4.0950003,13.250000000000002
2026-05-20,activation_volume,19,3.115,17.21
2026-05-20,activation_volume,20,3.645,14.75
2026-05-20,activation_volume,21,2.42,15.83
2026-05-20,activation_volume,22,2.31,11.86
2026-05-20,activation_volume,23,2.38,8.17
2026-05-20,activation_price,0,128.2919,144.25608760876085
2026-05-20,activation_price,1,110.469574,161.9188911088911
2026-05-20,activation_price,2,112.01865,144.46447230929988
2026-05-20,activation_price,3,104.485466,76.4292537313433
2026-05-20,activation_price,4,108.99382,139.0535679374389
2026-05-20,activation_price,5,120.488754,156.84299674267103
2026-05-20,activation_price,6,136.10762,166.7690476190476
2026-05-20,activation_price,7,129.8866,165.77256038647346
2026-05-20,activation_price,8,143.86296,184.58068376068374
2026-05-20,activation_price,9,138.88412,200.45110542168672
2026-05-20,activation_price,10,116.10347,252.07002082150294
2026-05-20,activation_price,11,117.0,142.73080831408777
2026-05-20,activation_price,12,90.13772,157.32418235877105
2026-05-20,activation_price,13,103.79244,126.66379593934722
2026-05-20,activation_price,14,112.53657,98.7767278172969
2026-05-20,activation_price,15,126.11045,167.68392844797788
2026-05-20,activation_price,16,129.9133,507.14927638190943
2026-05-20,activation_price,17,152.20625,162.3969468390805
2026-05-20,activation_price,18,160.41554,182.61378113207545
2026-05-20,activation_price,19,151.97885,184.84560139453805
2026-05-20,activation_price,20,139.61761,171.35178305084744
2026-05-20,activation_price,21,135.7887,214.3531269740998
2026-05-20,activation_price,22,121.57474,174.73693086003374
2026-05-20,activation_price,23,117.03143,163.8521052631579
2026-05-21,day_ahead_price,0,93.0375,133.02750025
2026-05-21,day_ahead_price,1,92.60125,121.66000175
2026-05-21,day_ahead_price,2,90.222496,116.022501
2026-05-21,day_ahead_price,3,89.455,113.55000100000001
2026-05-21,day_ahead_price,4,87.9775,116.01
2026-05-21,day_ahead_price,5,89.6875,128.4050005
2026-05-21,day_ahead_price,6,96.957504,142.815002
2026-05-21,day_ahead_price,7,101.447495,143.61749650000002
2026-05-21,day_ahead_price,8,107.87,131.387501
2026-05-21,day_ahead_price,9,100.5775,104.13999924999999
2026-05-21,day_ahead_price,10,90.6075,81.19750125
2026-05-21,day_ahead_price,11,78.70625,42.752500749999996
2026-05-21,day_ahead_price,12,66.490005,12.1375
2026-05-21,day_ahead_price,13,64.4075,7.369999999999999
2026-05-21,day_ahead_price,14,68.57625,8.8125
2026-05-21,day_ahead_price,15,81.24,35.20000075
2026-05-21,day_ahead_price,16,93.1525,71.70750075
2026-05-21,day_ahead_price,17,112.541245,104.99500074999999
2026-05-21,day_ahead_price,18,122.8325,135.257494
2026-05-21,day_ahead_price,19,125.3925,163.35499950000002
2026-05-21,day_ahead_price,20,113.901245,200.14249800000002
2026-05-21,day_ahead_price,21,101.302505,188.4174995
2026-05-21,day_ahead_price,22,98.54375,166.03499975
2026-05-21,day_ahead_price,23,94.15,146.39249800000002
2026-05-21,capacity_price,0,0.54,1.2
2026-05-21,capacity_price,1,0.54,0.67
2026-05-21,capacity_price,2,0.325,0.67
2026-05-21,capacity_price,3,0.35,0.67
2026-05-21,capacity_price,4,0.67,8.7
2026-05-21,capacity_price,5,1.2,2.0
2026-05-21,capacity_price,6,1.21,1.2
2026-05-21,capacity_price,7,1.21,4.0
2026-05-21,capacity_price,8,6.7,20.0
2026-05-21,capacity_price,9,6.69,1.2
2026-05-21,capacity_price,10,5.89,1.2
2026-05-21,capacity_price,11,1.31,1.2
2026-05-21,capacity_price,12,1.21,1.2
2026-05-21,capacity_price,13,1.31,0.67
2026-05-21,capacity_price,14,1.31,0.67
2026-05-21,capacity_price,15,5.2200003,1.2
2026-05-21,capacity_price,16,10.0,1.2
2026-05-21,capacity_price,17,40.35,12.58
2026-05-21,capacity_price,18,42.55,26.77
2026-05-21,capacity_price,19,17.46,12.58
2026-05-21,capacity_price,20,9.77,23.5
2026-05-21,capacity_price,21,7.7,74.27
2026-05-21,capacity_price,22,1.31,1.2
2026-05-21,capacity_price,23,0.67,0.67
2026-05-21,activation_volume,0,17.224998,14.08
2026-05-21,activation_volume,1,13.08,38.72
2026-05-21,activation_volume,2,4.08,3.38
2026-05-21,activation_volume,3,2.8600001,2.8099999999999996
2026-05-21,activation_volume,4,3.84,3.22
2026-05-21,activation_volume,5,9.17,5.31
2026-05-21,activation_volume,6,6.33,5.27
2026-05-21,activation_volume,7,5.86,9.49
2026-05-21,activation_volume,8,11.14,3.03
2026-05-21,activation_volume,9,10.235001,1.73
2026-05-21,activation_volume,10,4.875,0.41
2026-05-21,activation_volume,11,8.355,0.0
2026-05-21,activation_volume,12,13.4,0.0
2026-05-21,activation_volume,13,11.105,8.1
2026-05-21,activation_volume,14,7.14,10.860000000000001
2026-05-21,activation_volume,15,5.865,3.73
2026-05-21,activation_volume,16,13.125,1.4799999999999998
2026-05-21,activation_volume,17,10.75,3.55
2026-05-21,activation_volume,18,3.1599998,14.170000000000002
2026-05-21,activation_volume,19,2.76,14.04
2026-05-21,activation_volume,20,2.8000002,5.48
2026-05-21,activation_volume,21,1.415,28.5
2026-05-21,activation_volume,22,2.31,13.47
2026-05-21,activation_volume,23,3.81,13.32
2026-05-21,activation_price,0,112.74266,131.7959872159091
2026-05-21,activation_price,1,110.85856,134.89421745867767
2026-05-21,activation_price,2,112.01124,126.35778106508877
2026-05-21,activation_price,3,103.46686,118.00281138790037
2026-05-21,activation_price,4,109.67813,142.18807453416147
2026-05-21,activation_price,5,113.758865,144.89171374764595
2026-05-21,activation_price,6,141.44797,138.58573055028464
2026-05-21,activation_price,7,137.14474,177.1972286617492
2026-05-21,activation_price,8,152.93,154.27940594059405
2026-05-21,activation_price,9,135.10757,118.12658959537572
2026-05-21,activation_price,10,121.48,124.77
2026-05-21,activation_price,11,110.365,
2026-05-21,activation_price,12,101.205696,
2026-05-21,activation_price,13,101.664215,78.15024691358026
2026-05-21,activation_price,14,114.806175,45.39038674033149
2026-05-21,activation_price,15,117.24313,29.494289544235926
2026-05-21,activation_price,16,131.01329,132.79993243243243
2026-05-21,activation_price,17,150.70502,146.1694647887324
2026-05-21,activation_price,18,155.0532,170.29752293577982
2026-05-21,activation_price,19,146.12767,192.41975783475786
2026-05-21,activation_price,20,129.99532,162.53322992700728
2026-05-21,activation_price,21,118.96042,240.171
2026-05-21,activation_price,22,126.96979,178.56897550111356
2026-05-21,activation_price,23,118.01944,206.0264189189189
2026-05-22,day_ahead_price,0,97.265,144.31500225
2026-05-22,day_ahead_price,1,93.26375,136.9000015
2026-05-22,day_ahead_price,2,91.42,131.63750075000002
2026-05-22,day_ahead_price,3,92.815,128.94999875
2026-05-22,day_ahead_price,4,94.7975,131.49750125
2026-05-22,day_ahead_price,5,94.265,135.7175025
2026-05-22,day_ahead_price,6,101.5775,144.3549995
2026-05-22,day_ahead_price,7,116.46375,138.177498
2026-05-22,day_ahead_price,8,114.70125,123.13499999999999
2026-05-22,day_ahead_price,9,103.585,91.8825015
2026-05-22,day_ahead_price,10,84.9075,43.4175005
2026-05-22,day_ahead_price,11,74.03875,13.642499999999998
2026-05-22,day_ahead_price,12,52.223747,4.890000000000001
2026-05-22,day_ahead_price,13,58.9725,7.1275
2026-05-22,day_ahead_price,14,65.38,5.295
2026-05-22,day_ahead_price,15,85.53125,20.502500499999996
2026-05-22,day_ahead_price,16,102.89375,70.23999875
2026-05-22,day_ahead_price,17,120.9825,104.19500149999999
2026-05-22,day_ahead_price,18,132.445,134.95000075
2026-05-22,day_ahead_price,19,143.06375,161.22249975
2026-05-22,day_ahead_price,20,124.151245,218.42749799999999
2026-05-22,day_ahead_price,21,117.0775,193.66250225000002
2026-05-22,day_ahead_price,22,110.7525,154.63499825
2026-05-22,day_ahead_price,23,101.18,140.734997
2026-05-22,capacity_price,0,0.54,1.2
2026-05-22,capacity_price,1,0.4,0.67
2026-05-22,capacity_price,2,0.32,0.67
2026-05-22,capacity_price,3,0.42000002,0.67
2026-05-22,capacity_price,4,0.67,1.2
2026-05-22,capacity_price,5,1.2,2.0
2026-05-22,capacity_price,6,1.31,1.61
2026-05-22,capacity_price,7,1.34,1.61
2026-05-22,capacity_price,8,6.69,6.69
2026-05-22,capacity_price,9,6.69,1.2
2026-05-22,capacity_price,10,5.89,1.2
2026-05-22,capacity_price,11,3.35,1.2
2026-05-22,capacity_price,12,1.31,1.07
2026-05-22,capacity_price,13,1.2,0.67
2026-05-22,capacity_price,14,1.31,0.67
2026-05-22,capacity_price,15,5.8199997,0.67
2026-05-22,capacity_price,16,14.004999,0.67
2026-05-22,capacity_price,17,69.42,6.42
2026-05-22,capacity_price,18,64.64,6.0
2026-05-22,capacity_price,19,40.14,6.0
2026-05-22,capacity_price,20,13.32,6.69
2026-05-22,capacity_price,21,7.7,6.69
2026-05-22,capacity_price,22,2.345,1.2
2026-05-22,capacity_price,23,1.2,0.67
2026-05-22,activation_volume,0,13.67,13.870000000000001
2026-05-22,activation_volume,1,14.075001,27.28
2026-05-22,activation_volume,2,4.44,4.52
2026-05-22,activation_volume,3,3.64,3.57
2026-05-22,activation_volume,4,4.9,2.1799999999999997
2026-05-22,activation_volume,5,8.81,5.069999999999999
2026-05-22,activation_volume,6,5.05,5.6499999999999995
2026-05-22,activation_volume,7,4.92,3.85
2026-05-22,activation_volume,8,11.18,4.1
2026-05-22,activation_volume,9,11.295,49.510000000000005
2026-05-22,activation_volume,10,7.05,33.39
2026-05-22,activation_volume,11,6.68,0.17
2026-05-22,activation_volume,12,3.81,0.16
2026-05-22,activation_volume,13,12.59,0.16
2026-05-22,activation_volume,14,12.35,0.0
2026-05-22,activation_volume,15,10.42,0.8799999999999999
2026-05-22,activation_volume,16,8.03,13.610000000000001
2026-05-22,activation_volume,17,11.620001,4.92
2026-05-22,activation_volume,18,3.9650002,16.849999999999998
2026-05-22,activation_volume,19,5.58,9.46
2026-05-22,activation_volume,20,5.03,2.45
2026-05-22,activation_volume,21,2.98,8.69
2026-05-22,activation_volume,22,2.31,11.84
2026-05-22,activation_volume,23,3.56,5.17
2026-05-22,activation_price,0,111.643936,167.69893294881035
2026-05-22,activation_price,1,107.35771,147.63587243401759
2026-05-22,activation_price,2,114.26655,130.83378318584073
2026-05-22,activation_price,3,104.485466,116.07705882352943
2026-05-22,activation_price,4,113.60151,130.61389908256882
2026-05-22,activation_price,5,112.01192,156.40954635108483
2026-05-22,activation_price,6,140.15019,162.0649557522124
2026-05-22,activation_price,7,146.9908,154.6727012987013
2026-05-22,activation_price,8,159.39896,157.6128780487805
2026-05-22,activation_price,9,157.89046,268.01145021207833
2026-05-22,activation_price,10,113.43303,132.94355795148246
2026-05-22,activation_price,11,101.05139,17.668823529411764
2026-05-22,activation_price,12,92.42459,12.16625
2026-05-22,activation_price,13,98.5834,18.02
2026-05-22,activation_price,14,115.997,
2026-05-22,activation_price,15,119.46496,34.51034090909091
2026-05-22,activation_price,16,143.93509,132.41079353416606
2026-05-22,activation_price,17,152.58813,141.1267886178862
2026-05-22,activation_price,18,165.89789,165.6220652818991
2026-05-22,activation_price,19,156.98854,165.6337315010571
2026-05-22,activation_price,20,139.7696,125.88604081632651
2026-05-22,activation_price,21,128.00433,166.65721518987345
2026-05-22,activation_price,22,125.3633,182.26562499999997
2026-05-22,activation_price,23,114.58,162.63912959381045
2026-05-23,day_ahead_price,0,93.015,136.76000025
2026-05-23,day_ahead_price,1,92.815,129.99999975
2026-05-23,day_ahead_price,2,89.884995,125.86750024999999
2026-05-23,day_ahead_price,3,88.595,120.1725005
2026-05-23,day_ahead_price,4,88.61,115.41500099999999
2026-05-23,day_ahead_price,5,94.174995,112.88499825
2026-05-23,day_ahead_price,6,103.05,112.56499875
2026-05-23,day_ahead_price,7,115.52875,96.03749975
2026-05-23,day_ahead_price,8,109.095,49.86249975
2026-05-23,day_ahead_price,9,100.5775,1.6
2026-05-23,day_ahead_price,10,89.78125,-0.18
2026-05-23,day_ahead_price,11,75.6725,-2.925
2026-05-23,day_ahead_price,12,61.08125,-3.83
2026-05-23,day_ahead_price,13,53.4575,-10.447500000000002
2026-05-23,day_ahead_price,14,62.9275,-8.5775
2026-05-23,day_ahead_price,15,79.33,-2.7024999999999997
2026-05-23,day_ahead_price,16,93.1175,-0.28750000000000003
2026-05-23,day_ahead_price,17,116.49251,44.44749875
2026-05-23,day_ahead_price,18,131.71,112.82000174999999
2026-05-23,day_ahead_price,19,135.58,138.835003
2026-05-23,day_ahead_price,20,120.3975,163.07500075000002
2026-05-23,day_ahead_price,21,110.15375,171.06499874999997
2026-05-23,day_ahead_price,22,107.40875,151.50500125000002
2026-05-23,day_ahead_price,23,99.765,138.19250075
2026-05-23,capacity_price,0,0.605,1.2
2026-05-23,capacity_price,1,0.54,1.2
2026-05-23,capacity_price,2,0.4,0.67
2026-05-23,capacity_price,3,0.54,0.67
2026-05-23,capacity_price,4,0.67,0.67
2026-05-23,capacity_price,5,1.2,2.0
2026-05-23,capacity_price,6,1.31,1.2
2026-05-23,capacity_price,7,2.33,1.2
2026-05-23,capacity_price,8,8.299999,1.2
2026-05-23,capacity_price,9,7.36,0.67
2026-05-23,capacity_price,10,5.825,0.67
2026-05-23,capacity_price,11,1.31,0.54
2026-05-23,capacity_price,12,1.21,0.54
2026-05-23,capacity_price,13,1.26,0.2
2026-05-23,capacity_price,14,1.31,0.2
2026-05-23,capacity_price,15,4.34,0.67
2026-05-23,capacity_price,16,14.389999,0.54
2026-05-23,capacity_price,17,69.87,4.0
2026-05-23,capacity_price,18,61.44,6.2
2026-05-23,capacity_price,19,31.785,12.58
2026-05-23,capacity_price,20,9.77,12.58
2026-05-23,capacity_price,21,8.11,9.9
2026-05-23,capacity_price,22,1.31,12.58
2026-05-23,capacity_price,23,0.67,1.2
2026-05-23,activation_volume,0,18.97,25.219999999999995
2026-05-23,activation_volume,1,12.44,9.469999999999999
2026-05-23,activation_volume,2,4.5,7.69
2026-05-23,activation_volume,3,2.8600001,5.96
2026-05-23,activation_volume,4,4.54,6.98
2026-05-23,activation_volume,5,8.15,4.47
2026-05-23,activation_volume,6,6.775,0.0
2026-05-23,activation_volume,7,3.71,0.0
2026-05-23,activation_volume,8,11.015,0.08
2026-05-23,activation_volume,9,7.75,2.8899999999999997
2026-05-23,activation_volume,10,6.2349997,27.22
2026-05-23,activation_volume,11,9.26,34.92
2026-05-23,activation_volume,12,8.515,7.529999999999999
2026-05-23,activation_volume,13,12.21,18.830000000000002
2026-05-23,activation_volume,14,7.99,0.38
2026-05-23,activation_volume,15,10.465,2.06
2026-05-23,activation_volume,16,10.69,69.1
2026-05-23,activation_volume,17,8.415,33.38
2026-05-23,activation_volume,18,3.385,27.32
2026-05-23,activation_volume,19,3.04,33.42
2026-05-23,activation_volume,20,2.45,32.13
2026-05-23,activation_volume,21,1.9,13.9
2026-05-23,activation_volume,22,2.92,15.09
2026-05-23,activation_volume,23,1.865,8.3
2026-05-23,activation_price,0,128.2919,243.50446074544016
2026-05-23,activation_price,1,107.356316,139.0992185850053
2026-05-23,activation_price,2,117.46057,149.48621586475943
2026-05-23,activation_price,3,107.605835,126.04656040268456
2026-05-23,activation_price,4,110.356575,128.4527077363897
2026-05-23,activation_price,5,110.75079,151.98427293064876
2026-05-23,activation_price,6,143.37706,
2026-05-23,activation_price,7,142.45622,
2026-05-23,activation_price,8,153.44254,66.94
2026-05-23,activation_price,9,147.68077,46.96868512110728
2026-05-23,activation_price,10,128.19363,70.43901175606173
2026-05-23,activation_price,11,119.9667,44.20575887743413
2026-05-23,activation_price,12,100.80638,5.902138114209828
2026-05-23,activation_price,13,98.41859,22.02041423260754
2026-05-23,activation_price,14,114.4949,0.9136842105263158
2026-05-23,activation_price,15,121.71834,7.966601941747573
2026-05-23,activation_price,16,131.70271,91.504505065123
2026-05-23,activation_price,17,153.08954,178.4574176153385
2026-05-23,activation_price,18,152.69414,188.29180087847732
2026-05-23,activation_price,19,142.67044,317.1231597845602
2026-05-23,activation_price,20,133.04784,302.93717086834727
2026-05-23,activation_price,21,130.98254,205.4787553956834
2026-05-23,activation_price,22,131.39764,222.68228628230617
2026-05-23,activation_price,23,118.80841,187.38997590361444
2026-05-24,day_ahead_price,0,97.46625,136.300003
2026-05-24,day_ahead_price,1,97.2625,132.99750125
2026-05-24,day_ahead_price,2,97.255,128.18250074999997
2026-05-24,day_ahead_price,3,97.222496,124.6500015
2026-05-24,day_ahead_price,4,95.34625,122.7425005
2026-05-24,day_ahead_price,5,101.1975,117.72250174999999
2026-05-24,day_ahead_price,6,110.652504,108.79499824999999
2026-05-24,day_ahead_price,7,119.963745,88.46249949999999
2026-05-24,day_ahead_price,8,126.0,16.3675
2026-05-24,day_ahead_price,9,100.909996,-0.025
2026-05-24,day_ahead_price,10,93.04875,-2.3325
2026-05-24,day_ahead_price,11,78.384995,-12.58750025
2026-05-24,day_ahead_price,12,63.61,-16.0
2026-05-24,day_ahead_price,13,64.44375,-25.21249975
2026-05-24,day_ahead_price,14,70.85,-30.000000500000002
2026-05-24,day_ahead_price,15,83.30375,-21.4225
2026-05-24,day_ahead_price,16,102.646255,-1.8225
2026-05-24,day_ahead_price,17,124.840004,14.37499975
2026-05-24,day_ahead_price,18,137.19751,96.37750224999999
2026-05-24,day_ahead_price,19,145.4525,133.2175005
2026-05-24,day_ahead_price,20,129.00626,151.017498
2026-05-24,day_ahead_price,21,117.2375,153.22749725
2026-05-24,day_ahead_price,22,111.7975,144.42000175
2026-05-24,day_ahead_price,23,105.78875,130.44999875
2026-05-24,capacity_price,0,0.54,1.2
2026-05-24,capacity_price,1,0.54,1.2
2026-05-24,capacity_price,2,0.41500002,0.67
2026-05-24,capacity_price,3,0.67,0.67
2026-05-24,capacity_price,4,0.67,1.2
2026-05-24,capacity_price,5,1.2,1.2
2026-05-24,capacity_price,6,1.31,1.2
2026-05-24,capacity_price,7,3.675,1.2
2026-05-24,capacity_price,8,9.9,1.2
2026-05-24,capacity_price,9,7.365,0.67
2026-05-24,capacity_price,10,6.69,0.67
2026-05-24,capacity_price,11,2.58,0.54
2026-05-24,capacity_price,12,1.21,0.67
2026-05-24,capacity_price,13,1.31,0.2
2026-05-24,capacity_price,14,1.31,0.2
2026-05-24,capacity_price,15,5.89,0.2
2026-05-24,capacity_price,16,23.42,0.67
2026-05-24,capacity_price,17,69.87,2.68
2026-05-24,capacity_price,18,64.64,6.69
2026-05-24,capacity_price,19,57.045,20.0
2026-05-24,capacity_price,20,10.46,11.4
2026-05-24,capacity_price,21,9.635,11.4
2026-05-24,capacity_price,22,5.35,4.0
2026-05-24,capacity_price,23,1.2,1.2
2026-05-24,activation_volume,0,15.565001,16.85
2026-05-24,activation_volume,1,12.095,8.12
2026-05-24,activation_volume,2,3.73,1.6400000000000001
2026-05-24,activation_volume,3,2.1,0.1
2026-05-24,activation_volume,4,3.51,1.13
2026-05-24,activation_volume,5,8.59,0.17
2026-05-24,activation_volume,6,7.56,2.36
2026-05-24,activation_volume,7,5.71,2.51
2026-05-24,activation_volume,8,10.88,0.7
2026-05-24,activation_volume,9,6.03,17.01
2026-05-24,activation_volume,10,6.4049997,0.3
2026-05-24,activation_volume,11,9.635,0.01
2026-05-24,activation_volume,12,4.81,0.0
2026-05-24,activation_volume,13,7.725,2.15
2026-05-24,activation_volume,14,9.625,16.41
2026-05-24,activation_volume,15,9.53,0.2
2026-05-24,activation_volume,16,8.49,12.94
2026-05-24,activation_volume,17,10.76,27.729999999999997
2026-05-24,activation_volume,18,3.74,3.65
2026-05-24,activation_volume,19,3.865,4.220000000000001
2026-05-24,activation_volume,20,3.88,6.84
2026-05-24,activation_volume,21,3.43,8.219999999999999
2026-05-24,activation_volume,22,3.3000002,7.319999999999999
2026-05-24,activation_volume,23,3.84,4.72
2026-05-24,activation_price,0,112.25252,169.06905044510387
2026-05-24,activation_price,1,107.86523,141.14679802955666
2026-05-24,activation_price,2,118.09124,141.99567073170732
2026-05-24,activation_price,3,97.6513,66.9
2026-05-24,activation_price,4,109.03483,87.48699115044248
2026-05-24,activation_price,5,114.170135,66.9
2026-05-24,activation_price,6,142.10657,170.3
2026-05-24,activation_price,7,150.18585,132.28043824701194
2026-05-24,activation_price,8,156.5527,12.387142857142857
2026-05-24,activation_price,9,151.2382,78.13794238683126
2026-05-24,activation_price,10,129.98024,-0.08
2026-05-24,activation_price,11,108.05493,-0.6
2026-05-24,activation_price,12,107.33376,
2026-05-24,activation_price,13,110.68185,-2.01
2026-05-24,activation_price,14,115.997,18.113126142595977
2026-05-24,activation_price,15,120.76351,0.2955
2026-05-24,activation_price,16,136.7024,14.110061823802166
2026-05-24,activation_price,17,157.97183,125.75719798052654
2026-05-24,activation_price,18,160.76941,168.173698630137
2026-05-24,activation_price,19,142.67044,166.93341232227485
2026-05-24,activation_price,20,128.91698,135.00726608187134
2026-05-24,activation_price,21,143.55638,138.1976277372263
2026-05-24,activation_price,22,124.61207,142.58625683060112
2026-05-24,activation_price,23,121.56358,131.45074152542372
2026-05-25,day_ahead_price,0,95.8825,130.8675005
2026-05-25,day_ahead_price,1,94.59125,125.42499925
2026-05-25,day_ahead_price,2,91.9375,123.76500125
2026-05-25,day_ahead_price,3,91.315,119.61999875000001
2026-05-25,day_ahead_price,4,89.9775,119.75749975
2026-05-25,day_ahead_price,5,94.354996,123.21249949999999
2026-05-25,day_ahead_price,6,104.61,124.7000005
2026-05-25,day_ahead_price,7,116.707504,117.8775025
2026-05-25,day_ahead_price,8,115.34625,77.68000225
2026-05-25,day_ahead_price,9,102.8,5.012500000000001
2026-05-25,day_ahead_price,10,93.04875,-0.1525
2026-05-25,day_ahead_price,11,78.94,-5.085000000000001
2026-05-25,day_ahead_price,12,65.95,-12.37
2026-05-25,day_ahead_price,13,73.81875,-17.53999975
2026-05-25,day_ahead_price,14,76.08,-25.8125
2026-05-25,day_ahead_price,15,86.3775,-9.40750025
2026-05-25,day_ahead_price,16,102.075005,-2.4125
2026-05-25,day_ahead_price,17,116.745,31.949999499999997
2026-05-25,day_ahead_price,18,129.63249,110.307499
2026-05-25,day_ahead_price,19,131.445,141.625
2026-05-25,day_ahead_price,20,119.705,162.93000425
2026-05-25,day_ahead_price,21,108.42999,169.0
2026-05-25,day_ahead_price,22,107.22625,153.4699975
2026-05-25,day_ahead_price,23,100.75875,136.295002
2026-05-25,capacity_price,0,0.67,1.2
2026-05-25,capacity_price,1,0.54,1.2
2026-05-25,capacity_price,2,0.38,1.2
2026-05-25,capacity_price,3,0.54,1.2
2026-05-25,capacity_price,4,0.67,2.0
2026-05-25,capacity_price,5,1.2,1.2
2026-05-25,capacity_price,6,1.21,1.2
2026-05-25,capacity_price,7,1.31,1.2
2026-05-25,capacity_price,8,6.69,2.41
2026-05-25,capacity_price,9,6.69,0.67
2026-05-25,capacity_price,10,5.76,0.67
2026-05-25,capacity_price,11,1.47,0.67
2026-05-25,capacity_price,12,1.21,0.67
2026-05-25,capacity_price,13,1.205,0.27
2026-05-25,capacity_price,14,1.31,0.67
2026-05-25,capacity_price,15,4.875,0.67
2026-05-25,capacity_price,16,10.31,0.67
2026-05-25,capacity_price,17,53.77,1.2
2026-05-25,capacity_price,18,63.67,6.9
2026-05-25,capacity_price,19,33.46,6.9
2026-05-25,capacity_price,20,10.04,52.0
2026-05-25,capacity_price,21,7.9,13.0
2026-05-25,capacity_price,22,1.31,1.2
2026-05-25,capacity_price,23,0.67,0.67
2026-05-25,activation_volume,0,20.39,4.5600000000000005
2026-05-25,activation_volume,1,18.45,14.080000000000002
2026-05-25,activation_volume,2,4.5,4.84
2026-05-25,activation_volume,3,2.4,2.27
2026-05-25,activation_volume,4,5.01,0.41000000000000003
2026-05-25,activation_volume,5,8.9,2.9
2026-05-25,activation_volume,6,7.635,3.5
2026-05-25,activation_volume,7,5.58,2.36
2026-05-25,activation_volume,8,10.45,6.459999999999999
2026-05-25,activation_volume,9,6.005,9.7
2026-05-25,activation_volume,10,6.13,19.49
2026-05-25,activation_volume,11,7.31,27.970000000000002
2026-05-25,activation_volume,12,3.81,41.989999999999995
2026-05-25,activation_volume,13,7.2799997,30.08
2026-05-25,activation_volume,14,8.934999,10.46
2026-05-25,activation_volume,15,9.53,17.18
2026-05-25,activation_volume,16,8.860001,27.189999999999998
2026-05-25,activation_volume,17,11.17,28.28
2026-05-25,activation_volume,18,3.87,15.36
2026-05-25,activation_volume,19,3.115,21.369999999999997
2026-05-25,activation_volume,20,3.88,20.13
2026-05-25,activation_volume,21,2.44,10.180000000000001
2026-05-25,activation_volume,22,3.08,4.28
2026-05-25,activation_volume,23,3.155,1.37
2026-05-25,activation_price,0,112.25252,131.36557017543856
2026-05-25,activation_price,1,106.04769,138.43884943181814
2026-05-25,activation_price,2,117.805176,144.77638429752065
2026-05-25,activation_price,3,97.34421,137.89762114537444
2026-05-25,activation_price,4,108.408485,68.61560975609757
2026-05-25,activation_price,5,118.817955,123.41441379310345
2026-05-25,activation_price,6,145.32304,151.56274285714287
2026-05-25,activation_price,7,148.84633,140.97800847457626
2026-05-25,activation_price,8,156.42075,139.03507739938084
2026-05-25,activation_price,9,148.77168,50.57680412371134
2026-05-25,activation_price,10,147.44519,59.17240123140072
2026-05-25,activation_price,11,111.0415,39.316667858419734
2026-05-25,activation_price,12,109.83294,38.84139080733508
2026-05-25,activation_price,13,112.82184,67.74898271276595
2026-05-25,activation_price,14,117.51169,3.2717590822179727
2026-05-25,activation_price,15,129.4683,7.4799476135040734
2026-05-25,activation_price,16,142.48761,357.4128797351968
2026-05-25,activation_price,17,160.13168,199.3506046676096
2026-05-25,activation_price,18,154.51389,194.82477864583336
2026-05-25,activation_price,19,142.67044,210.84518483855874
2026-05-25,activation_price,20,127.96395,187.21989071038251
2026-05-25,activation_price,21,128.11342,177.1833595284872
2026-05-25,activation_price,22,127.466995,151.2804906542056
2026-05-25,activation_price,23,116.880806,144.67065693430655
2026-05-26,day_ahead_price,0,93.0375,135.94000075000002
2026-05-26,day_ahead_price,1,93.565,125.647499
2026-05-26,day_ahead_price,2,93.7475,120.6450005
2026-05-26,day_ahead_price,3,94.037506,121.1800005
2026-05-26,day_ahead_price,4,91.12625,119.52999875
2026-05-26,day_ahead_price,5,94.354996,128.91
2026-05-26,day_ahead_price,6,100.104996,143.10499950000002
2026-05-26,day_ahead_price,7,115.65625,141.539999
2026-05-26,day_ahead_price,8,112.902504,122.045002
2026-05-26,day_ahead_price,9,99.91501,78.8000015
2026-05-26,day_ahead_price,10,86.08375,7.359999999999999
2026-05-26,day_ahead_price,11,76.509995,0.49250000000000005
2026-05-26,day_ahead_price,12,66.66,-1.0975000000000001
2026-05-26,day_ahead_price,13,59.6,-1.325
2026-05-26,day_ahead_price,14,64.865,-0.36500000000000005
2026-05-26,day_ahead_price,15,81.24,-0.0075
2026-05-26,day_ahead_price,16,100.07001,13.13000025
2026-05-26,day_ahead_price,17,116.332504,86.24999875
2026-05-26,day_ahead_price,18,134.2475,119.72249975
2026-05-26,day_ahead_price,19,135.58,133.40500075
2026-05-26,day_ahead_price,20,121.192505,148.34000375
2026-05-26,day_ahead_price,21,110.61125,134.08249875
2026-05-26,day_ahead_price,22,109.04875,123.93000025
2026-05-26,day_ahead_price,23,99.765,113.2800005
2026-05-26,capacity_price,0,0.54,2.0
2026-05-26,capacity_price,1,0.42000002,0.67
2026-05-26,capacity_price,2,0.325,1.2
2026-05-26,capacity_price,3,0.4,1.2
2026-05-26,capacity_price,4,0.67,1.2
2026-05-26,capacity_price,5,1.2,6.69
2026-05-26,capacity_price,6,1.31,1.2
2026-05-26,capacity_price,7,3.35,4.0
2026-05-26,capacity_price,8,9.9,21.58
2026-05-26,capacity_price,9,7.36,1.2
2026-05-26,capacity_price,10,6.3450003,0.67
2026-05-26,capacity_price,11,1.81,0.67
2026-05-26,capacity_price,12,1.21,0.67
2026-05-26,capacity_price,13,1.2,0.67
2026-05-26,capacity_price,14,1.31,0.67
2026-05-26,capacity_price,15,5.89,0.67
2026-05-26,capacity_price,16,24.154999,1.2
2026-05-26,capacity_price,17,73.1,6.69
2026-05-26,capacity_price,18,63.7,12.58
2026-05-26,capacity_price,19,33.46,12.71
2026-05-26,capacity_price,20,9.77,22.8
2026-05-26,capacity_price,21,9.32,20.08
2026-05-26,capacity_price,22,1.31,1.2
2026-05-26,capacity_price,23,0.67,0.67
2026-05-26,activation_volume,0,18.97,0.7300000000000001
2026-05-26,activation_volume,1,17.67,0.21
2026-05-26,activation_volume,2,2.84,0.67
2026-05-26,activation_volume,3,3.255,1.2000000000000002
2026-05-26,activation_volume,4,4.54,1.8300000000000003
2026-05-26,activation_volume,5,6.4,2.19
2026-05-26,activation_volume,6,7.295,1.8800000000000001
2026-05-26,activation_volume,7,6.21,2.74
2026-05-26,activation_volume,8,8.65,5.699999999999999
2026-05-26,activation_volume,9,6.0950003,5.31
2026-05-26,activation_volume,10,4.475,9.700000000000001
2026-05-26,activation_volume,11,9.635,15.819999999999999
2026-05-26,activation_volume,12,3.41,10.54
2026-05-26,activation_volume,13,11.105,1.85
2026-05-26,activation_volume,14,8.585,59.14
2026-05-26,activation_volume,15,10.625,39.379999999999995
2026-05-26,activation_volume,16,11.43,22.78
2026-05-26,activation_volume,17,11.17,1.57
2026-05-26,activation_volume,18,3.395,11.18
2026-05-26,activation_volume,19,3.06,68.76
2026-05-26,activation_volume,20,4.31,34.55
2026-05-26,activation_volume,21,2.34,16.37
2026-05-26,activation_volume,22,4.12,0.060000000000000005
2026-05-26,activation_volume,23,3.445,0.0
2026-05-26,activation_price,0,131.69461,167.40082191780817
2026-05-26,activation_price,1,110.0894,115.9557142857143
2026-05-26,activation_price,2,112.214676,137.50014925373134
2026-05-26,activation_price,3,105.06937,157.69741666666664
2026-05-26,activation_price,4,110.15495,173.54316939890708
2026-05-26,activation_price,5,113.33394,170.4732420091324
2026-05-26,activation_price,6,163.43166,172.48893617021275
2026-05-26,activation_price,7,157.40677,173.79718978102187
2026-05-26,activation_price,8,153.18626,179.9155263157895
2026-05-26,activation_price,9,158.19348,182.74913370998118
2026-05-26,activation_price,10,121.48,87.16519587628866
2026-05-26,activation_price,11,120.651566,88.88692161820481
2026-05-26,activation_price,12,103.012764,36.63933586337761
2026-05-26,activation_price,13,113.225525,18.263027027027025
2026-05-26,activation_price,14,114.01675,81.21201893811295
2026-05-26,activation_price,15,126.11045,85.70700863382429
2026-05-26,activation_price,16,143.49905,101.85176031606673
2026-05-26,activation_price,17,172.15727,138.73063694267518
2026-05-26,activation_price,18,164.8862,196.30788908765652
2026-05-26,activation_price,19,157.45985,261.5497411285631
2026-05-26,activation_price,20,143.79472,251.40557163531116
2026-05-26,activation_price,21,128.40755,291.17513744654855
2026-05-26,activation_price,22,126.19379,98.44
2026-05-26,activation_price,23,118.76,
2026-05-27,day_ahead_price,0,96.805,97.4975015
2026-05-27,day_ahead_price,1,95.5225,98.1525
2026-05-27,day_ahead_price,2,95.69,97.397501
2026-05-27,day_ahead_price,3,95.73125,96.89749925
2026-05-27,day_ahead_price,4,95.7225,97.2074985
2026-05-27,day_ahead_price,5,99.97625,100.30499825
2026-05-27,day_ahead_price,6,106.604996,110.5
2026-05-27,day_ahead_price,7,116.46375,116.94750024999999
2026-05-27,day_ahead_price,8,113.01,97.17000025
2026-05-27,day_ahead_price,9,100.909996,48.19499975
2026-05-27,day_ahead_price,10,91.19625,3.4250000000000003
2026-05-27,day_ahead_price,11,78.384995,-0.2675
2026-05-27,day_ahead_price,12,65.78,-1.0075
2026-05-27,day_ahead_price,13,64.4075,-1.3825
2026-05-27,day_ahead_price,14,72.4625,-1.085
2026-05-27,day_ahead_price,15,86.475,-1.1025
2026-05-27,day_ahead_price,16,102.075005,-0.34
2026-05-27,day_ahead_price,17,115.16875,32.2075005
2026-05-27,day_ahead_price,18,131.145,87.3500015
2026-05-27,day_ahead_price,19,134.845,118.26999875
2026-05-27,day_ahead_price,20,125.0325,138.01499950000002
2026-05-27,day_ahead_price,21,117.125,142.59750375
2026-05-27,day_ahead_price,22,110.7525,136.59000025
2026-05-27,day_ahead_price,23,101.44625,128.9974995
2026-05-27,capacity_price,0,0.67,0.67
2026-05-27,capacity_price,1,0.54,0.67
2026-05-27,capacity_price,2,0.365,0.67
2026-05-27,capacity_price,3,0.54,0.67
2026-05-27,capacity_price,4,0.67,1.2
2026-05-27,capacity_price,5,1.2,2.0
2026-05-27,capacity_price,6,1.31,1.2
2026-05-27,capacity_price,7,3.35,4.0
2026-05-27,capacity_price,8,6.6949997,18.74
2026-05-27,capacity_price,9,6.6949997,6.69
2026-05-27,capacity_price,10,5.89,0.8
2026-05-27,capacity_price,11,3.35,0.67
2026-05-27,capacity_price,12,1.2,0.67
2026-05-27,capacity_price,13,1.2,0.67
2026-05-27,capacity_price,14,1.21,0.67
2026-05-27,capacity_price,15,5.755,0.67
2026-05-27,capacity_price,16,13.995,0.8
2026-05-27,capacity_price,17,66.79,11.75
2026-05-27,capacity_price,18,62.485,13.4
2026-05-27,capacity_price,19,46.84,62.62
2026-05-27,capacity_price,20,20.76,82.43
2026-05-27,capacity_price,21,9.9,12.71
2026-05-27,capacity_price,22,1.31,4.0
2026-05-27,capacity_price,23,0.67,1.2
2026-05-27,activation_volume,0,14.969999,40.25
2026-05-27,activation_volume,1,10.440001,12.080000000000002
2026-05-27,activation_volume,2,3.82,0.46
2026-05-27,activation_volume,3,1.69,0.0
2026-05-27,activation_volume,4,3.42,4.51
2026-05-27,activation_volume,5,8.29,11.38
2026-05-27,activation_volume,6,5.98,2.03
2026-05-27,activation_volume,7,5.335,0.0
2026-05-27,activation_volume,8,9.559999,0.0
2026-05-27,activation_volume,9,6.6949997,33.0
2026-05-27,activation_volume,10,3.16,2.24
2026-05-27,activation_volume,11,5.225,3.9899999999999998
2026-05-27,activation_volume,12,3.81,4.53
2026-05-27,activation_volume,13,9.145,0.27
2026-05-27,activation_volume,14,5.3599997,0.0
2026-05-27,activation_volume,15,5.0,11.56
2026-05-27,activation_volume,16,8.67,18.859999999999996
2026-05-27,activation_volume,17,9.285,3.85
2026-05-27,activation_volume,18,3.575,4.56
2026-05-27,activation_volume,19,3.69,28.159999999999997
2026-05-27,activation_volume,20,4.03,1.35
2026-05-27,activation_volume,21,2.53,6.4
2026-05-27,activation_volume,22,2.31,3.4299999999999997
2026-05-27,activation_volume,23,3.67,5.0
2026-05-27,activation_price,0,109.71544,178.23273788819876
2026-05-27,activation_price,1,106.95303,110.50631622516555
2026-05-27,activation_price,2,114.738174,88.2504347826087
2026-05-27,activation_price,3,98.19308,
2026-05-27,activation_price,4,106.37244,100.97319290465632
2026-05-27,activation_price,5,116.48713,89.07700351493848
2026-05-27,activation_price,6,140.12291,143.26926108374386
2026-05-27,activation_price,7,137.60745,
2026-05-27,activation_price,8,151.75395,
2026-05-27,activation_price,9,136.27963,227.49116060606056
2026-05-27,activation_price,10,120.1732,28.347410714285715
2026-05-27,activation_price,11,107.17912,4.281729323308271
2026-05-27,activation_price,12,101.14442,6.972141280353201
2026-05-27,activation_price,13,106.58485,0.21666666666666665
2026-05-27,activation_price,14,113.27666,
2026-05-27,activation_price,15,119.24687,50.502171280276805
2026-05-27,activation_price,16,132.69644,77.11678685047721
2026-05-27,activation_price,17,153.20909,75.29348051948053
2026-05-27,activation_price,18,154.78354,57.46157894736842
2026-05-27,activation_price,19,142.67044,127.42660156250001
2026-05-27,activation_price,20,136.16238,120.18244444444443
2026-05-27,activation_price,21,133.55754,155.544875
2026-05-27,activation_price,22,122.28445,156.13871720116623
2026-05-27,activation_price,23,117.18205,136.31316
2026-05-28,day_ahead_price,0,104.55,130.23500075
2026-05-28,day_ahead_price,1,101.1075,126.90750325
2026-05-28,day_ahead_price,2,100.787506,123.5750005
2026-05-28,day_ahead_price,3,99.057495,122.4725015
2026-05-28,day_ahead_price,4,100.9175,126.62749875
2026-05-28,day_ahead_price,5,105.462494,132.97000125
2026-05-28,day_ahead_price,6,111.7025,148.4524995
2026-05-28,day_ahead_price,7,129.39499,138.15500075
2026-05-28,day_ahead_price,8,113.865005,123.40250025
2026-05-28,day_ahead_price,9,100.5775,87.54249949999999
2026-05-28,day_ahead_price,10,86.08375,19.30749975
2026-05-28,day_ahead_price,11,75.197495,0.5674999999999999
2026-05-28,day_ahead_price,12,61.5475,0.002499999999999999
2026-05-28,day_ahead_price,13,58.9725,-0.0075
2026-05-28,day_ahead_price,14,65.38,0.7675000000000001
2026-05-28,day_ahead_price,15,87.973755,1.2974999999999999
2026-05-28,day_ahead_price,16,102.2825,39.64500025
2026-05-28,day_ahead_price,17,119.4975,101.25749975
2026-05-28,day_ahead_price,18,131.71,138.25
2026-05-28,day_ahead_price,19,133.7425,217.60249725
2026-05-28,day_ahead_price,20,128.0075,393.93500525
2026-05-28,day_ahead_price,21,121.615,368.01749825
2026-05-28,day_ahead_price,22,116.08125,215.75
2026-05-28,day_ahead_price,23,105.2475,159.79750049999998
2026-05-28,capacity_price,0,0.67,0.67
2026-05-28,capacity_price,1,0.54,0.67
2026-05-28,capacity_price,2,0.4,0.67
2026-05-28,capacity_price,3,0.54,0.67
2026-05-28,capacity_price,4,0.67,0.67
2026-05-28,capacity_price,5,1.2,1.2
2026-05-28,capacity_price,6,1.26,12.58
2026-05-28,capacity_price,7,4.0,12.71
2026-05-28,capacity_price,8,12.45,6.1
2026-05-28,capacity_price,9,9.9,1.2
2026-05-28,capacity_price,10,6.01,1.2
2026-05-28,capacity_price,11,1.64,0.67
2026-05-28,capacity_price,12,1.21,0.67
2026-05-28,capacity_price,13,1.205,0.67
2026-05-28,capacity_price,14,1.31,0.67
2026-05-28,capacity_price,15,5.8199997,0.67
2026-05-28,capacity_price,16,13.39,0.67
2026-05-28,capacity_price,17,66.365005,4.0
2026-05-28,capacity_price,18,63.535,6.1
2026-05-28,capacity_price,19,46.85,12.58
2026-05-28,capacity_price,20,15.514999,26.0
2026-05-28,capacity_price,21,9.9,117.37
2026-05-28,capacity_price,22,5.4849997,1.2
2026-05-28,capacity_price,23,1.2,0.67
2026-05-28,activation_volume,0,17.075,6.38
2026-05-28,activation_volume,1,15.690001,4.08
2026-05-28,activation_volume,2,4.23,18.39
2026-05-28,activation_volume,3,3.64,1.72
2026-05-28,activation_volume,4,3.84,8.280000000000001
2026-05-28,activation_volume,5,6.77,13.47
2026-05-28,activation_volume,6,7.56,14.91
2026-05-28,activation_volume,7,5.39,13.32
2026-05-28,activation_volume,8,10.665,1.16
2026-05-28,activation_volume,9,5.9350004,2.6799999999999997
2026-05-28,activation_volume,10,10.315,4.1
2026-05-28,activation_volume,11,10.16,25.15
2026-05-28,activation_volume,12,10.74,40.64
2026-05-28,activation_volume,13,12.98,105.11
2026-05-28,activation_volume,14,20.85,36.79
2026-05-28,activation_volume,15,11.82,48.63999999999999
2026-05-28,activation_volume,16,12.43,6.05
2026-05-28,activation_volume,17,10.35,11.549999999999999
2026-05-28,activation_volume,18,4.15,6.330000000000001
2026-05-28,activation_volume,19,2.76,10.05
2026-05-28,activation_volume,20,5.03,25.61
2026-05-28,activation_volume,21,2.97,6.7
2026-05-28,activation_volume,22,2.17,1.5099999999999998
2026-05-28,activation_volume,23,2.495,1.54
2026-05-28,activation_price,0,121.28338,191.09
2026-05-28,activation_price,1,110.47838,114.78041666666665
2026-05-28,activation_price,2,112.222084,152.82337683523653
2026-05-28,activation_price,3,104.63465,143.59627906976743
2026-05-28,activation_price,4,109.17787,164.3494685990338
2026-05-28,activation_price,5,116.60135,173.94423904974016
2026-05-28,activation_price,6,145.98164,175.00666666666666
2026-05-28,activation_price,7,138.59,169.67174174174176
2026-05-28,activation_price,8,150.86153,173.91
2026-05-28,activation_price,9,148.47458,140.95656716417912
2026-05-28,activation_price,10,118.8664,102.14407317073172
2026-05-28,activation_price,11,107.17912,38.04469582504971
2026-05-28,activation_price,12,99.39863,72.48340059055118
2026-05-28,activation_price,13,103.68622,945.640136999334
2026-05-28,activation_price,14,115.38815,121.36298178852948
2026-05-28,activation_price,15,119.46496,75.36845394736844
2026-05-28,activation_price,16,140.83257,143.18552066115703
2026-05-28,activation_price,17,163.0271,278.51801731601734
2026-05-28,activation_price,18,154.46991,234.78860979462874
2026-05-28,activation_price,19,139.92569,224.37726368159204
2026-05-28,activation_price,20,130.8502,325.06108941819605
2026-05-28,activation_price,21,130.98254,230.84820895522387
2026-05-28,activation_price,22,124.10593,172.28966887417224
2026-05-28,activation_price,23,112.817375,161.94396103896102
2026-05-29,day_ahead_price,0,99.70625,144.44249925
2026-05-29,day_ahead_price,1,98.6425,133.927498
2026-05-29,day_ahead_price,2,97.5675,127.97499875
2026-05-29,day_ahead_price,3,95.925,126.192501
2026-05-29,day_ahead_price,4,94.86,125.27750225000001
2026-05-29,day_ahead_price,5,95.575,125.49499924999999
2026-05-29,day_ahead_price,6,102.44375,131.88499825
2026-05-29,day_ahead_price,7,112.4925,125.99500275000001
2026-05-29,day_ahead_price,8,109.095,113.56500249999999
2026-05-29,day_ahead_price,9,99.91501,71.90750025
2026-05-29,day_ahead_price,10,88.955,17.0275
2026-05-29,day_ahead_price,11,75.6725,0.3375
2026-05-29,day_ahead_price,12,60.614998,-0.005
2026-05-29,day_ahead_price,13,57.551247,0.0
2026-05-29,day_ahead_price,14,65.405,0.06999999999999999
2026-05-29,day_ahead_price,15,81.24,9.41
2026-05-29,day_ahead_price,16,94.587494,51.61
2026-05-29,day_ahead_price,17,112.84,95.98749925
2026-05-29,day_ahead_price,18,128.5975,133.72250175
2026-05-29,day_ahead_price,19,132.36499,171.1850015
2026-05-29,day_ahead_price,20,123.27,225.5374985
2026-05-29,day_ahead_price,21,117.0775,196.92250425
2026-05-29,day_ahead_price,22,110.136246,160.702503
2026-05-29,day_ahead_price,23,99.9825,144.7999995
2026-05-29,capacity_price,0,0.67,0.67
2026-05-29,capacity_price,1,0.605,0.67
2026-05-29,capacity_price,2,0.435,0.67
2026-05-29,capacity_price,3,0.67,0.67
2026-05-29,capacity_price,4,0.67,0.67
2026-05-29,capacity_price,5,1.2,1.2
2026-05-29,capacity_price,6,1.34,2.0
2026-05-29,capacity_price,7,3.675,12.58
2026-05-29,capacity_price,8,6.69,1.2
2026-05-29,capacity_price,9,6.69,1.2
2026-05-29,capacity_price,10,5.89,0.67
2026-05-29,capacity_price,11,1.31,0.67
2026-05-29,capacity_price,12,1.2,0.67
2026-05-29,capacity_price,13,1.2,0.67
2026-05-29,capacity_price,14,1.31,0.67
2026-05-29,capacity_price,15,2.01,0.67
2026-05-29,capacity_price,16,9.9,0.67
2026-05-29,capacity_price,17,53.53,1.2
2026-05-29,capacity_price,18,64.17,1.2
2026-05-29,capacity_price,19,36.010002,6.0
2026-05-29,capacity_price,20,15.514999,30.3
2026-05-29,capacity_price,21,9.77,12.71
2026-05-29,capacity_price,22,5.19,1.2
2026-05-29,capacity_price,23,1.2,1.2
2026-05-29,activation_volume,0,15.860001,24.22
2026-05-29,activation_volume,1,15.36,7.91
2026-05-29,activation_volume,2,3.26,0.44999999999999996
2026-05-29,activation_volume,3,2.58,1.2199999999999998
2026-05-29,activation_volume,4,4.9,1.28
2026-05-29,activation_volume,5,7.9700003,1.5299999999999998
2026-05-29,activation_volume,6,5.62,0.49
2026-05-29,activation_volume,7,4.0299997,0.73
2026-05-29,activation_volume,8,8.45,3.75
2026-05-29,activation_volume,9,3.68,9.49
2026-05-29,activation_volume,10,3.115,1.09
2026-05-29,activation_volume,11,10.01,1.4
2026-05-29,activation_volume,12,8.96,9.16
2026-05-29,activation_volume,13,16.005,2.2
2026-05-29,activation_volume,14,12.35,10.350000000000001
2026-05-29,activation_volume,15,16.76,19.54
2026-05-29,activation_volume,16,10.69,44.19
2026-05-29,activation_volume,17,9.585,13.56
2026-05-29,activation_volume,18,4.2250004,1.44
2026-05-29,activation_volume,19,3.5900002,0.96
2026-05-29,activation_volume,20,3.88,2.16
2026-05-29,activation_volume,21,1.97,1.99
2026-05-29,activation_volume,22,3.08,0.26
2026-05-29,activation_volume,23,2.45,4.82
2026-05-29,activation_price,0,112.99342,166.4681750619323
2026-05-29,activation_price,1,107.52306,141.26285714285714
2026-05-29,activation_price,2,117.76533,158.80222222222224
2026-05-29,activation_price,3,101.381874,160.33409836065576
2026-05-29,activation_price,4,109.67813,173.50210937499997
2026-05-29,activation_price,5,109.003845,171.81620915032678
2026-05-29,activation_price,6,133.52425,172.81
2026-05-29,activation_price,7,133.5228,173.97369863013697
2026-05-29,activation_price,8,141.98003,172.91610666666665
2026-05-29,activation_price,9,134.15,355.57052687038987
2026-05-29,activation_price,10,116.7318,13.95
2026-05-29,activation_price,11,105.02365,2.5258571428571432
2026-05-29,activation_price,12,102.07859,64.89545851528383
2026-05-29,activation_price,13,101.664215,7.766636363636363
2026-05-29,activation_price,14,114.41146,39.47426086956521
2026-05-29,activation_price,15,120.11271,84.39045547594678
2026-05-29,activation_price,16,140.18895,302.93425435618923
2026-05-29,activation_price,17,152.20625,157.32819321533924
2026-05-29,activation_price,18,154.42592,175.02618055555556
2026-05-29,activation_price,19,146.235,173.97281249999997
2026-05-29,activation_price,20,124.80328,158.44041666666666
2026-05-29,activation_price,21,112.13505,165.1550753768844
2026-05-29,activation_price,22,122.28445,159.65615384615384
2026-05-29,activation_price,23,112.04,135.88309128630704
2026-05-30,day_ahead_price,0,95.315,135.26500125
2026-05-30,day_ahead_price,1,93.56375,126.177498
2026-05-30,day_ahead_price,2,91.42,121.58
2026-05-30,day_ahead_price,3,92.815,118.38999975
2026-05-30,day_ahead_price,4,92.26875,118.574999
2026-05-30,day_ahead_price,5,95.8925,121.9500005
2026-05-30,day_ahead_price,6,107.181244,116.88750075
2026-05-30,day_ahead_price,7,118.305,107.465
2026-05-30,day_ahead_price,8,117.685,88.8674985
2026-05-30,day_ahead_price,9,101.825,36.68249925
2026-05-30,day_ahead_price,10,90.6625,2.96
2026-05-30,day_ahead_price,11,77.354996,-0.005
2026-05-30,day_ahead_price,12,66.66,0.0
2026-05-30,day_ahead_price,13,64.4075,-0.07250000000000001
2026-05-30,day_ahead_price,14,72.14125,-0.08
2026-05-30,day_ahead_price,15,86.426254,0.0
2026-05-30,day_ahead_price,16,102.2825,3.0075
2026-05-30,day_ahead_price,17,122.64625,60.62750174999999
2026-05-30,day_ahead_price,18,131.185,102.85749975
2026-05-30,day_ahead_price,19,132.87,133.70249925
2026-05-30,day_ahead_price,20,125.57875,154.26250100000001
2026-05-30,day_ahead_price,21,118.1725,165.61750025
2026-05-30,day_ahead_price,22,108.8975,156.25250250000002
2026-05-30,day_ahead_price,23,101.44625,138.93000025
2026-05-30,capacity_price,0,0.54,1.2
2026-05-30,capacity_price,1,0.54,1.2
2026-05-30,capacity_price,2,0.39,0.67
2026-05-30,capacity_price,3,0.54,0.67
2026-05-30,capacity_price,4,0.67,0.67
2026-05-30,capacity_price,5,1.2,1.2
2026-05-30,capacity_price,6,1.21,20.0
2026-05-30,capacity_price,7,1.31,6.0
2026-05-30,capacity_price,8,6.7,12.58
2026-05-30,capacity_price,9,6.69,6.69
2026-05-30,capacity_price,10,5.955,0.67
2026-05-30,capacity_price,11,3.675,0.67
2026-05-30,capacity_price,12,1.21,0.67
2026-05-30,capacity_price,13,1.31,0.67
2026-05-30,capacity_price,14,1.26,0.67
2026-05-30,capacity_price,15,4.0,0.67
2026-05-30,capacity_price,16,10.245001,0.67
2026-05-30,capacity_price,17,66.08,5.35
2026-05-30,capacity_price,18,64.64,20.0
2026-05-30,capacity_price,19,33.46,12.71
2026-05-30,capacity_price,20,10.04,116.56
2026-05-30,capacity_price,21,7.7,12.71
2026-05-30,capacity_price,22,3.35,4.0
2026-05-30,capacity_price,23,1.2,1.2
2026-05-30,activation_volume,0,16.77,14.12
2026-05-30,activation_volume,1,13.08,2.2700000000000005
2026-05-30,activation_volume,2,4.47,3.58
2026-05-30,activation_volume,3,4.075,0.23
2026-05-30,activation_volume,4,2.9,0.0
2026-05-30,activation_volume,5,7.54,1.39
2026-05-30,activation_volume,6,6.995,0.0
2026-05-30,activation_volume,7,5.335,2.57
2026-05-30,activation_volume,8,7.23,12.77
2026-05-30,activation_volume,9,6.8,5.1
2026-05-30,activation_volume,10,6.4049997,2.6
2026-05-30,activation_volume,11,9.940001,12.9
2026-05-30,activation_volume,12,16.715,27.62
2026-05-30,activation_volume,13,11.9,28.529999999999998
2026-05-30,activation_volume,14,7.7799997,113.82000000000001
2026-05-30,activation_volume,15,11.389999,35.64
2026-05-30,activation_volume,16,10.78,74.34
2026-05-30,activation_volume,17,9.705,34.7
2026-05-30,activation_volume,18,5.44,1.5899999999999999
2026-05-30,activation_volume,19,3.99,4.2299999999999995
2026-05-30,activation_volume,20,5.79,5.79
2026-05-30,activation_volume,21,3.04,9.770000000000001
2026-05-30,activation_volume,22,3.115,30.549999999999997
2026-05-30,activation_volume,23,5.62,6.18
2026-05-30,activation_price,0,114.67398,819.4454178470255
2026-05-30,activation_price,1,104.18271,126.89973568281937
2026-05-30,activation_price,2,110.32054,130.92463687150837
2026-05-30,activation_price,3,101.34651,159.25956521739127
2026-05-30,activation_price,4,105.14624,
2026-05-30,activation_price,5,115.02,147.59453237410074
2026-05-30,activation_price,6,142.71846,
2026-05-30,activation_price,7,140.12057,106.08365758754866
2026-05-30,activation_price,8,146.7131,148.46512137823024
2026-05-30,activation_price,9,148.77168,67.89768627450981
2026-05-30,activation_price,10,130.46329,12.9435
2026-05-30,activation_price,11,121.2197,36.32747286821705
2026-05-30,activation_price,12,104.83459,39.80081462708183
2026-05-30,activation_price,13,100.06418,36.75063792499124
2026-05-30,activation_price,14,114.88962,125.37957564575645
2026-05-30,activation_price,15,129.04315,77.19474466891133
2026-05-30,activation_price,16,134.05756,114.1010640301318
2026-05-30,activation_price,17,154.77875,249.61711815561958
2026-05-30,activation_price,18,147.94473,146.56540880503144
2026-05-30,activation_price,19,142.67044,169.3655319148936
2026-05-30,activation_price,20,141.78217,141.89295336787563
2026-05-30,activation_price,21,135.41391,174.0569907881269
2026-05-30,activation_price,22,125.308815,197.40146317512276
2026-05-30,activation_price,23,121.51119,189.0736084142395
2026-05-31,day_ahead_price,0,98.333755,136.41249875
2026-05-31,day_ahead_price,1,98.13375,129.1049995
2026-05-31,day_ahead_price,2,97.151245,125.915001
2026-05-31,day_ahead_price,3,96.31625,125.19750225
2026-05-31,day_ahead_price,4,94.86,126.95000050000002
2026-05-31,day_ahead_price,5,96.4675,123.35750175
2026-05-31,day_ahead_price,6,102.3575,115.00250075
2026-05-31,day_ahead_price,7,114.235,100.5600015
2026-05-31,day_ahead_price,8,113.865005,90.437498
2026-05-31,day_ahead_price,9,100.443756,56.28999974999999
2026-05-31,day_ahead_price,10,90.6075,19.9975
2026-05-31,day_ahead_price,11,78.472496,16.12999975
2026-05-31,day_ahead_price,12,63.61,18.08999975
2026-05-31,day_ahead_price,13,65.61,16.965
2026-05-31,day_ahead_price,14,69.05375,19.2324995
2026-05-31,day_ahead_price,15,81.4925,17.547499499999997
2026-05-31,day_ahead_price,16,99.255,49.0024995
2026-05-31,day_ahead_price,17,113.905,95.92500100000001
2026-05-31,day_ahead_price,18,129.525,127.26500125000001
2026-05-31,day_ahead_price,19,123.88,141.369999
2026-05-31,day_ahead_price,20,113.2825,152.76250075000002
2026-05-31,day_ahead_price,21,107.627495,156.03499625
2026-05-31,day_ahead_price,22,105.625,153.1275025
2026-05-31,day_ahead_price,23,99.80875,145.34749975
2026-05-31,capacity_price,0,0.54,1.2
2026-05-31,capacity_price,1,0.54,1.2
2026-05-31,capacity_price,2,0.39,1.2
2026-05-31,capacity_price,3,0.54,0.67
2026-05-31,capacity_price,4,0.67,1.2
2026-05-31,capacity_price,5,1.2,1.2
2026-05-31,capacity_price,6,1.21,1.2
2026-05-31,capacity_price,7,3.35,1.2
2026-05-31,capacity_price,8,6.6949997,1.2
2026-05-31,capacity_price,9,6.69,1.34
2026-05-31,capacity_price,10,5.76,0.67
2026-05-31,capacity_price,11,1.575,0.67
2026-05-31,capacity_price,12,1.21,0.67
2026-05-31,capacity_price,13,1.31,0.67
2026-05-31,capacity_price,14,1.21,0.54
2026-05-31,capacity_price,15,2.68,0.67
2026-05-31,capacity_price,16,8.03,0.67
2026-05-31,capacity_price,17,51.52,1.2
2026-05-31,capacity_price,18,51.925,1.2
2026-05-31,capacity_price,19,17.62,12.58
2026-05-31,capacity_price,20,10.04,17.3
2026-05-31,capacity_price,21,9.64,4.0
2026-05-31,capacity_price,22,1.31,1.2
2026-05-31,capacity_price,23,1.2,0.67
2026-05-31,activation_volume,0,19.029999,16.15
2026-05-31,activation_volume,1,14.34,9.77
2026-05-31,activation_volume,2,2.29,29.82
2026-05-31,activation_volume,3,4.075,6.87
2026-05-31,activation_volume,4,5.65,0.29
2026-05-31,activation_volume,5,6.855,0.15000000000000002
2026-05-31,activation_volume,6,6.25,0.12000000000000001
2026-05-31,activation_volume,7,3.52,0.13
2026-05-31,activation_volume,8,7.65,0.9500000000000001
2026-05-31,activation_volume,9,5.29,11.81
2026-05-31,activation_volume,10,3.9,107.04000000000002
2026-05-31,activation_volume,11,5.545,114.31
2026-05-31,activation_volume,12,9.48,0.97
2026-05-31,activation_volume,13,16.52,39.95
2026-05-31,activation_volume,14,11.71,82.98
2026-05-31,activation_volume,15,9.53,83.9
2026-05-31,activation_volume,16,9.01,29.91
2026-05-31,activation_volume,17,9.46,2.01
2026-05-31,activation_volume,18,4.04,0.14
2026-05-31,activation_volume,19,4.7349997,1.0899999999999999
2026-05-31,activation_volume,20,3.04,6.8500000000000005
2026-05-31,activation_volume,21,2.34,13.18
2026-05-31,activation_volume,22,2.395,15.850000000000001
2026-05-31,activation_volume,23,1.91,17.18
2026-05-31,activation_price,0,112.25252,178.211306501548
2026-05-31,activation_price,1,110.098206,148.67790174002047
2026-05-31,activation_price,2,109.74,176.26500335345406
2026-05-31,activation_price,3,103.50047,173.02595342066957
2026-05-31,activation_price,4,108.99382,172.92586206896553
2026-05-31,activation_price,5,117.54768,173.95
2026-05-31,activation_price,6,148.48999,173.95
2026-05-31,activation_price,7,133.65303,159.81153846153845
2026-05-31,activation_price,8,150.86153,124.15768421052631
2026-05-31,activation_price,9,125.7434,113.3309568162574
2026-05-31,activation_price,10,110.13368,171.31929185351268
2026-05-31,activation_price,11,107.41,110.25736068585427
2026-05-31,activation_price,12,97.428345,44.409278350515464
2026-05-31,activation_price,13,103.79244,78.25327158948686
2026-05-31,activation_price,14,114.01675,111.17366594360087
2026-05-31,activation_price,15,119.009186,132.5913778307509
2026-05-31,activation_price,16,137.62328,142.19370110330993
2026-05-31,activation_price,17,157.6279,158.3050248756219
2026-05-31,activation_price,18,157.73438,173.81
2026-05-31,activation_price,19,138.89047,147.85862385321101
2026-05-31,activation_price,20,126.43292,157.29071532846717
2026-05-31,activation_price,21,133.55754,173.1139833080425
2026-05-31,activation_price,22,121.49,180.41728706624605
2026-05-31,activation_price,23,117.9258,186.27841094295692
2026-06-01,day_ahead_price,0,92.369995,141.0074995
2026-06-01,day_ahead_price,1,92.2375,128.255001
2026-06-01,day_ahead_price,2,89.5075,123.137499
2026-06-01,day_ahead_price,3,89.095,120.29500024999999
2026-06-01,day_ahead_price,4,88.363754,124.4874975
2026-06-01,day_ahead_price,5,94.1075,135.092501
2026-06-01,day_ahead_price,6,104.61,164.029999
2026-06-01,day_ahead_price,7,114.235,160.0
2026-06-01,day_ahead_price,8,108.82875,151.7149985
2026-06-01,day_ahead_price,9,98.485,133.199999
2026-06-01,day_ahead_price,10,86.4225,117.66000174999999
2026-06-01,day_ahead_price,11,72.81,108.14250025
2026-06-01,day_ahead_price,12,59.07,93.0825005
2026-06-01,day_ahead_price,13,55.36375,89.90749925
2026-06-01,day_ahead_price,14,64.16625,87.44749825
2026-06-01,day_ahead_price,15,76.01375,95.09749975
2026-06-01,day_ahead_price,16,92.0,106.73499874999999
2026-06-01,day_ahead_price,17,111.604996,125.24250025
2026-06-01,day_ahead_price,18,127.99,141.4575025
2026-06-01,day_ahead_price,19,122.7875,226.61249899999999
2026-06-01,day_ahead_price,20,120.3975,355.2525025
2026-06-01,day_ahead_price,21,108.6525,333.36750025
2026-06-01,day_ahead_price,22,105.625,222.50250225000002
2026-06-01,day_ahead_price,23,99.54625,161.0250015
2026-06-01,capacity_price,0,0.54,2.01
2026-06-01,capacity_price,1,0.515,0.67
2026-06-01,capacity_price,2,0.365,0.67
2026-06-01,capacity_price,3,0.42000002,2.01
2026-06-01,capacity_price,4,0.67,2.01
2026-06-01,capacity_price,5,1.2,2.01
2026-06-01,capacity_price,6,1.26,2.01
2026-06-01,capacity_price,7,1.31,2.01
2026-06-01,capacity_price,8,6.69,2.01
2026-06-01,capacity_price,9,6.69,2.01
2026-06-01,capacity_price,10,5.9449997,2.01
2026-06-01,capacity_price,11,1.47,6.69
2026-06-01,capacity_price,12,1.2,2.01
2026-06-01,capacity_price,13,1.255,2.01
2026-06-01,capacity_price,14,1.2,2.01
2026-06-01,capacity_price,15,2.68,6.69
2026-06-01,capacity_price,16,10.155001,2.01
2026-06-01,capacity_price,17,56.85,2.01
2026-06-01,capacity_price,18,59.425,2.01
2026-06-01,capacity_price,19,33.46,14.0
2026-06-01,capacity_price,20,10.04,22.0
2026-06-01,capacity_price,21,9.13,12.58
2026-06-01,capacity_price,22,2.33,2.01
2026-06-01,capacity_price,23,0.67,0.67
2026-06-01,activation_volume,0,16.77,35.91
2026-06-01,activation_volume,1,8.85,21.179999999999996
2026-06-01,activation_volume,2,3.77,1.97
2026-06-01,activation_volume,3,1.395,0.4
2026-06-01,activation_volume,4,3.255,5.1000000000000005
2026-06-01,activation_volume,5,7.9700003,1.24
2026-06-01,activation_volume,6,7.51,3.8599999999999994
2026-06-01,activation_volume,7,4.32,7.859999999999999
2026-06-01,activation_volume,8,9.674999,19.630000000000003
2026-06-01,activation_volume,9,7.85,4.26
2026-06-01,activation_volume,10,6.825,0.0
2026-06-01,activation_volume,11,8.51,0.48
2026-06-01,activation_volume,12,5.5249996,1.87
2026-06-01,activation_volume,13,7.1000004,30.08
2026-06-01,activation_volume,14,5.87,2.2
2026-06-01,activation_volume,15,9.53,1.24
2026-06-01,activation_volume,16,9.2,1.71
2026-06-01,activation_volume,17,8.075001,0.37
2026-06-01,activation_volume,18,6.575,21.400000000000002
2026-06-01,activation_volume,19,3.54,26.840000000000003
2026-06-01,activation_volume,20,3.41,4.14
2026-06-01,activation_volume,21,2.62,12.780000000000001
2026-06-01,activation_volume,22,2.225,29.18
2026-06-01,activation_volume,23,2.6,8.569999999999999
2026-06-01,activation_price,0,112.74266,188.00197716513506
2026-06-01,activation_price,1,102.91059,173.25153918791315
2026-06-01,activation_price,2,111.65375,149.24624365482234
2026-06-01,activation_price,3,94.43201,137.14999999999998
2026-06-01,activation_price,4,103.25393,155.2808431372549
2026-06-01,activation_price,5,106.209625,154.58774193548388
2026-06-01,activation_price,6,131.32544,165.32792746113992
2026-06-01,activation_price,7,129.98894,174.91699745547075
2026-06-01,activation_price,8,149.30206,309.44911869587366
2026-06-01,activation_price,9,134.33067,171.76981220657277
2026-06-01,activation_price,10,111.15419,
2026-06-01,activation_price,11,111.0415,119.92895833333336
2026-06-01,activation_price,12,103.012764,139.76791443850266
2026-06-01,activation_price,13,92.85068,1748.5105950797872
2026-06-01,activation_price,14,95.65732,117.63749999999999
2026-06-01,activation_price,15,109.9915,120.41677419354839
2026-06-01,activation_price,16,127.40317,176.33508771929826
2026-06-01,activation_price,17,124.528534,168.89432432432434
2026-06-01,activation_price,18,154.46991,326.2315420560748
2026-06-01,activation_price,19,136.48978,267.5500521609538
2026-06-01,activation_price,20,128.47719,225.45241545893717
2026-06-01,activation_price,21,134.48572,219.65366197183096
2026-06-01,activation_price,22,119.557465,322.32544893762855
2026-06-01,activation_price,23,117.03143,207.40407234539094
2026-06-02,day_ahead_price,0,96.7875,142.064999
2026-06-02,day_ahead_price,1,95.5225,131.72250000000003
2026-06-02,day_ahead_price,2,94.90625,125.085001
2026-06-02,day_ahead_price,3,94.83,120.91499900000001
2026-06-02,day_ahead_price,4,94.97,120.6275005
2026-06-02,day_ahead_price,5,100.055,124.21500024999999
2026-06-02,day_ahead_price,6,110.652504,131.02750025
2026-06-02,day_ahead_price,7,118.8525,131.8049985
2026-06-02,day_ahead_price,8,112.95625,121.09750000000001
2026-06-02,day_ahead_price,9,97.198746,105.42499925
2026-06-02,day_ahead_price,10,75.16,90.5300005
2026-06-02,day_ahead_price,11,60.292503,85.22500025
2026-06-02,day_ahead_price,12,51.985,83.2799985
2026-06-02,day_ahead_price,13,44.332497,85.16749949999999
2026-06-02,day_ahead_price,14,47.892498,90.904999
2026-06-02,day_ahead_price,15,61.525,99.77000075000001
2026-06-02,day_ahead_price,16,89.7575,112.26499925
2026-06-02,day_ahead_price,17,107.42875,131.13750100000001
2026-06-02,day_ahead_price,18,125.515,146.97750475
2026-06-02,day_ahead_price,19,133.23749,167.93749625
2026-06-02,day_ahead_price,20,131.8875,167.27249525
2026-06-02,day_ahead_price,21,123.55,152.32500075
2026-06-02,day_ahead_price,22,118.88625,140.43500125
2026-06-02,day_ahead_price,23,108.4025,125.23749925000001
2026-06-02,capacity_price,0,0.67,2.01
2026-06-02,capacity_price,1,0.67,2.0
2026-06-02,capacity_price,2,0.54,0.67
2026-06-02,capacity_price,3,0.67,0.67
2026-06-02,capacity_price,4,0.67,0.67
2026-06-02,capacity_price,5,1.2,2.01
2026-06-02,capacity_price,6,1.31,6.0
2026-06-02,capacity_price,7,3.35,6.0
2026-06-02,capacity_price,8,9.9,2.01
2026-06-02,capacity_price,9,6.69,2.01
2026-06-02,capacity_price,10,5.76,2.01
2026-06-02,capacity_price,11,1.31,2.01
2026-06-02,capacity_price,12,1.2,2.01
2026-06-02,capacity_price,13,1.2,2.01
2026-06-02,capacity_price,14,1.26,2.01
2026-06-02,capacity_price,15,3.0149999,6.69
2026-06-02,capacity_price,16,12.764999,2.01
2026-06-02,capacity_price,17,53.77,2.01
2026-06-02,capacity_price,18,63.67,2.01
2026-06-02,capacity_price,19,53.57,12.71
2026-06-02,capacity_price,20,20.76,9.4
2026-06-02,capacity_price,21,9.64,9.4
2026-06-02,capacity_price,22,5.19,2.01
2026-06-02,capacity_price,23,1.2,0.67
2026-06-02,activation_volume,0,15.115,12.150000000000002
2026-06-02,activation_volume,1,11.59,20.94
2026-06-02,activation_volume,2,2.12,7.739999999999999
2026-06-02,activation_volume,3,2.22,1.62
2026-06-02,activation_volume,4,1.73,2.15
2026-06-02,activation_volume,5,6.69,0.79
2026-06-02,activation_volume,6,7.08,1.2700000000000002
2026-06-02,activation_volume,7,4.305,1.74
2026-06-02,activation_volume,8,7.84,17.869999999999997
2026-06-02,activation_volume,9,7.23,2.77
2026-06-02,activation_volume,10,11.33,2.6100000000000003
2026-06-02,activation_volume,11,10.74,0.47
2026-06-02,activation_volume,12,10.455,0.0
2026-06-02,activation_volume,13,12.785,1.85
2026-06-02,activation_volume,14,15.585001,2.49
2026-06-02,activation_volume,15,10.83,4.83
2026-06-02,activation_volume,16,13.940001,6.77
2026-06-02,activation_volume,17,8.475,2.79
2026-06-02,activation_volume,18,6.575,2.94
2026-06-02,activation_volume,19,3.74,3.22
2026-06-02,activation_volume,20,5.03,3.1799999999999997
2026-06-02,activation_volume,21,3.38,3.73
2026-06-02,activation_volume,22,3.08,0.86
2026-06-02,activation_volume,23,3.56,0.9400000000000001
2026-06-02,activation_price,0,104.58378,180.80838683127567
2026-06-02,activation_price,1,107.77752,175.99219675262654
2026-06-02,activation_price,2,103.56166,188.79507751937984
2026-06-02,activation_price,3,97.37583,169.71314814814815
2026-06-02,activation_price,4,103.25393,156.1219534883721
2026-06-02,activation_price,5,114.170135,176.61620253164557
2026-06-02,activation_price,6,136.49146,162.29023622047242
2026-06-02,activation_price,7,137.28735,134.11586206896553
2026-06-02,activation_price,8,133.17453,283.6721432568551
2026-06-02,activation_price,9,122.672714,180.11429602888086
2026-06-02,activation_price,10,115.15028,122.81563218390804
2026-06-02,activation_price,11,100.47085,119.75723404255321
2026-06-02,activation_price,12,88.131195,
2026-06-02,activation_price,13,93.58679,157.65589189189188
2026-06-02,activation_price,14,112.53657,108.78048192771084
2026-06-02,activation_price,15,120.25893,144.80178053830227
2026-06-02,activation_price,16,134.05756,185.03286558345647
2026-06-02,activation_price,17,148.81282,187.14422939068098
2026-06-02,activation_price,18,152.65385,191.12265306122447
2026-06-02,activation_price,19,136.48978,194.65487577639752
2026-06-02,activation_price,20,134.89523,198.17141509433966
2026-06-02,activation_price,21,139.84387,202.89613941018766
2026-06-02,activation_price,22,125.417786,194.2886046511628
2026-06-02,activation_price,23,114.377594,176.01468085106382
2026-06-03,day_ahead_price,0,102.034996,116.299999
2026-06-03,day_ahead_price,1,99.973755,111.89499849999999
2026-06-03,day_ahead_price,2,98.6925,108.01749975
2026-06-03,day_ahead_price,3,98.12625,107.299999
2026-06-03,day_ahead_price,4,96.56875,107.1899985
2026-06-03,day_ahead_price,5,102.9725,113.2749995
2026-06-03,day_ahead_price,6,108.92375,130.73749550000002
2026-06-03,day_ahead_price,7,116.707504,136.82999775000002
2026-06-03,day_ahead_price,8,112.902504,131.07750324999998
2026-06-03,day_ahead_price,9,99.99251,112.16250025000001
2026-06-03,day_ahead_price,10,84.9075,94.09750149999999
2026-06-03,day_ahead_price,11,74.03875,80.2474995
2026-06-03,day_ahead_price,12,60.646248,59.09000124999999
2026-06-03,day_ahead_price,13,58.9725,49.617499499999994
2026-06-03,day_ahead_price,14,64.78875,43.46999925
2026-06-03,day_ahead_price,15,75.363754,48.0
2026-06-03,day_ahead_price,16,95.0425,76.90000125
2026-06-03,day_ahead_price,17,114.4175,95.574999
2026-06-03,day_ahead_price,18,127.29875,122.26499774999999
2026-06-03,day_ahead_price,19,131.16876,138.47249775
2026-06-03,day_ahead_price,20,125.11875,146.25750349999998
2026-06-03,day_ahead_price,21,117.67,133.432499
2026-06-03,day_ahead_price,22,111.2825,120.95250125000001
2026-06-03,day_ahead_price,23,101.18,99.40749925
2026-06-03,capacity_price,0,0.67,2.01
2026-06-03,capacity_price,1,0.54,0.67
2026-06-03,capacity_price,2,0.42000002,0.67
2026-06-03,capacity_price,3,0.54,0.67
2026-06-03,capacity_price,4,0.67,2.01
2026-06-03,capacity_price,5,1.21,2.01
2026-06-03,capacity_price,6,1.47,6.69
2026-06-03,capacity_price,7,5.62,2.01
2026-06-03,capacity_price,8,9.9,2.01
2026-06-03,capacity_price,9,6.69,2.01
2026-06-03,capacity_price,10,5.89,5.75
2026-06-03,capacity_price,11,1.31,2.01
2026-06-03,capacity_price,12,1.2,2.68
2026-06-03,capacity_price,13,1.2,2.68
2026-06-03,capacity_price,14,1.26,2.01
2026-06-03,capacity_price,15,2.01,2.01
2026-06-03,capacity_price,16,6.84,0.67
2026-06-03,capacity_price,17,48.335,2.01
2026-06-03,capacity_price,18,57.475,2.01
2026-06-03,capacity_price,19,44.57,12.71
2026-06-03,capacity_price,20,15.059999,10.9
2026-06-03,capacity_price,21,9.64,12.84
2026-06-03,capacity_price,22,4.0,4.0
2026-06-03,capacity_price,23,1.2,2.01
2026-06-03,activation_volume,0,18.98,8.98
2026-06-03,activation_volume,1,13.47,12.85
2026-06-03,activation_volume,2,2.34,3.25
2026-06-03,activation_volume,3,4.955,3.3899999999999997
2026-06-03,activation_volume,4,4.9,2.2199999999999998
2026-06-03,activation_volume,5,7.9,1.05
2026-06-03,activation_volume,6,5.83,6.3100000000000005
2026-06-03,activation_volume,7,2.69,9.69
2026-06-03,activation_volume,8,8.174999,5.08
2026-06-03,activation_volume,9,3.99,21.89
2026-06-03,activation_volume,10,6.09,7.960000000000001
2026-06-03,activation_volume,11,11.695,1.1099999999999999
2026-06-03,activation_volume,12,8.93,1.3
2026-06-03,activation_volume,13,12.13,0.6900000000000001
2026-06-03,activation_volume,14,13.620001,0.52
2026-06-03,activation_volume,15,10.33,1.86
2026-06-03,activation_volume,16,9.65,5.95
2026-06-03,activation_volume,17,9.46,1.3699999999999999
2026-06-03,activation_volume,18,5.09,0.78
2026-06-03,activation_volume,19,3.3249998,19.23
2026-06-03,activation_volume,20,3.3,1.25
2026-06-03,activation_volume,21,1.815,0.35
2026-06-03,activation_volume,22,2.34,8.21
2026-06-03,activation_volume,23,3.705,2.9499999999999997
2026-06-03,activation_price,0,117.141884,439.4293986636971
2026-06-03,activation_price,1,111.73483,133.39126070038913
2026-06-03,activation_price,2,111.000656,156.5879076923077
2026-06-03,activation_price,3,106.7837,165.3733923303835
2026-06-03,activation_price,4,110.043915,196.34472972972978
2026-06-03,activation_price,5,117.08135,187.57323809523805
2026-06-03,activation_price,6,139.79079,177.22104595879557
2026-06-03,activation_price,7,135.464,210.909484004128
2026-06-03,activation_price,8,141.98003,177.41551181102363
2026-06-03,activation_price,9,125.93709,2224.0866331658294
2026-06-03,activation_price,10,110.643936,195.00224874371858
2026-06-03,activation_price,11,117.0,117.2818018018018
2026-06-03,activation_price,12,107.36466,67.42246153846155
2026-06-03,activation_price,13,97.80284,78.3
2026-06-03,activation_price,14,110.49379,74.08807692307693
2026-06-03,activation_price,15,119.009186,99.04935483870969
2026-06-03,activation_price,16,133.78918,116.44028571428571
2026-06-03,activation_price,17,154.45802,93.59919708029197
2026-06-03,activation_price,18,153.53989,109.13666666666667
2026-06-03,activation_price,19,139.92569,160.49778991159647
2026-06-03,activation_price,20,131.0704,94.28584000000001
2026-06-03,activation_price,21,127.89523,122.0
2026-06-03,activation_price,22,125.308815,203.7674177831912
2026-06-03,activation_price,23,115.101555,143.8522372881356
2026-06-04,day_ahead_price,0,100.9525,86.20499975
2026-06-04,day_ahead_price,1,99.045,75.48749925
2026-06-04,day_ahead_price,2,98.065,66.91999825
2026-06-04,day_ahead_price,3,98.3775,67.47250174999999
2026-06-04,day_ahead_price,4,99.39375,67.13749875
2026-06-04,day_ahead_price,5,105.09125,66.8549995
2026-06-04,day_ahead_price,6,112.215,73.96999925
2026-06-04,day_ahead_price,7,117.396255,87.08000175000001
2026-06-04,day_ahead_price,8,112.902504,75.62000099999999
2026-06-04,day_ahead_price,9,97.198746,34.1775
2026-06-04,day_ahead_price,10,82.225,15.09
2026-06-04,day_ahead_price,11,67.6275,8.33
2026-06-04,day_ahead_price,12,58.036247,9.6525
2026-06-04,day_ahead_price,13,52.658752,9.545
2026-06-04,day_ahead_price,14,55.3175,9.295
2026-06-04,day_ahead_price,15,68.885,11.1975
2026-06-04,day_ahead_price,16,89.37625,28.6974995
2026-06-04,day_ahead_price,17,106.59125,70.1525
2026-06-04,day_ahead_price,18,126.975,101.50250075
2026-06-04,day_ahead_price,19,130.57,114.165001
2026-06-04,day_ahead_price,20,128.835,117.967499
2026-06-04,day_ahead_price,21,120.572495,115.3724995
2026-06-04,day_ahead_price,22,115.03,111.6900005
2026-06-04,day_ahead_price,23,103.42375,100.04999925
2026-06-04,capacity_price,0,0.67,1.07
2026-06-04,capacity_price,1,0.67,1.07
2026-06-04,capacity_price,2,0.67,0.67
2026-06-04,capacity_price,3,0.67,1.07
2026-06-04,capacity_price,4,1.2,1.07
2026-06-04,capacity_price,5,1.205,0.67
2026-06-04,capacity_price,6,3.88,2.01
2026-06-04,capacity_price,7,4.675,2.01
2026-06-04,capacity_price,8,9.9,2.01
2026-06-04,capacity_price,9,6.6949997,2.58
2026-06-04,capacity_price,10,5.89,0.67
2026-06-04,capacity_price,11,1.31,0.67
2026-06-04,capacity_price,12,1.2,0.67
2026-06-04,capacity_price,13,1.2,0.67
2026-06-04,capacity_price,14,1.2,0.67
2026-06-04,capacity_price,15,3.35,0.67
2026-06-04,capacity_price,16,8.43,1.07
2026-06-04,capacity_price,17,53.65,6.69
2026-06-04,capacity_price,18,63.684998,2.01
2026-06-04,capacity_price,19,61.425,10.3
2026-06-04,capacity_price,20,38.84,13.38
2026-06-04,capacity_price,21,11.155001,11.77
2026-06-04,capacity_price,22,5.75,2.01
2026-06-04,capacity_price,23,1.2,2.94
2026-06-04,activation_volume,0,18.18,10.75
2026-06-04,activation_volume,1,10.37,1.65
2026-06-04,activation_volume,2,2.07,34.92
2026-06-04,activation_volume,3,3.505,18.12
2026-06-04,activation_volume,4,3.48,9.59
2026-06-04,activation_volume,5,6.425,2.35
2026-06-04,activation_volume,6,6.99,0.0
2026-06-04,activation_volume,7,4.0299997,1.25
2026-06-04,activation_volume,8,9.559999,3.05
2026-06-04,activation_volume,9,8.175,34.589999999999996
2026-06-04,activation_volume,10,7.795,26.36
2026-06-04,activation_volume,11,11.96,80.9
2026-06-04,activation_volume,12,9.235,7.59
2026-06-04,activation_volume,13,12.785,1.94
2026-06-04,activation_volume,14,8.42,1.91
2026-06-04,activation_volume,15,8.72,1.17
2026-06-04,activation_volume,16,10.87,171.14
2026-06-04,activation_volume,17,10.75,48.410000000000004
2026-06-04,activation_volume,18,9.53,5.46
2026-06-04,activation_volume,19,4.7349997,5.86
2026-06-04,activation_volume,20,3.96,8.6
2026-06-04,activation_volume,21,2.675,11.16
2026-06-04,activation_volume,22,3.3000002,0.01
2026-06-04,activation_volume,23,3.38,9.27
2026-06-04,activation_price,0,116.354546,120.32568372093023
2026-06-04,activation_price,1,110.0894,93.68
2026-06-04,activation_price,2,110.951004,185.4686941580756
2026-06-04,activation_price,3,104.47423,101.17634105960265
2026-06-04,activation_price,4,104.78636,115.86118873826904
2026-06-04,activation_price,5,114.170135,57.220000000000006
2026-06-04,activation_price,6,132.80905,
2026-06-04,activation_price,7,127.92189,60.031040000000004
2026-06-04,activation_price,8,149.70486,92.75744262295083
2026-06-04,activation_price,9,138.88412,98.21196299508532
2026-06-04,activation_price,10,114.11314,59.972541729893784
2026-06-04,activation_price,11,100.29062,86.76957601977749
2026-06-04,activation_price,12,98.51201,16.41910408432148
2026-06-04,activation_price,13,96.10286,14.29
2026-06-04,activation_price,14,107.72615,12.65
2026-06-04,activation_price,15,120.11271,63.089999999999996
2026-06-04,activation_price,16,131.53336,1498.344270772467
2026-06-04,activation_price,17,153.20909,1942.062953935137
2026-06-04,activation_price,18,150.96236,171.02498168498167
2026-06-04,activation_price,19,140.96092,153.28411262798636
2026-06-04,activation_price,20,127.96395,131.49468604651162
2026-06-04,activation_price,21,127.89523,172.51931899641576
2026-06-04,activation_price,22,124.10593,129.62
2026-06-04,activation_price,23,119.9718,149.3352966558792
2026-06-05,day_ahead_price,0,103.29,80.6950015
2026-06-05,day_ahead_price,1,100.61625,79.44750025
2026-06-05,day_ahead_price,2,99.30375,79.5024985
2026-06-05,day_ahead_price,3,98.29625,77.3600005
2026-06-05,day_ahead_price,4,99.75,78.99
2026-06-05,day_ahead_price,5,104.337494,87.200001
2026-06-05,day_ahead_price,6,117.402504,102.8149985
2026-06-05,day_ahead_price,7,121.526245,112.2024995
2026-06-05,day_ahead_price,8,122.39375,112.89500025
2026-06-05,day_ahead_price,9,100.909996,98.30000125000001
2026-06-05,day_ahead_price,10,87.2825,86.11500174999999
2026-06-05,day_ahead_price,11,73.8275,70.82500075
2026-06-05,day_ahead_price,12,59.07,45.20499924999999
2026-06-05,day_ahead_price,13,54.274998,34.177499749999996
2026-06-05,day_ahead_price,14,69.05375,27.19999925
2026-06-05,day_ahead_price,15,76.9625,38.00999975
2026-06-05,day_ahead_price,16,93.1525,72.55499925000001
2026-06-05,day_ahead_price,17,114.4175,104.25249875
2026-06-05,day_ahead_price,18,130.49875,128.9024985
2026-06-05,day_ahead_price,19,131.445,150.49750125
2026-06-05,day_ahead_price,20,122.12125,179.04499825
2026-06-05,day_ahead_price,21,118.675,189.35499925000002
2026-06-05,day_ahead_price,22,115.98625,169.13500200000001
2026-06-05,day_ahead_price,23,103.50875,152.06000125
2026-06-05,capacity_price,0,0.54,2.01
2026-06-05,capacity_price,1,0.54,0.67
2026-06-05,capacity_price,2,0.35500002,0.67
2026-06-05,capacity_price,3,0.54,0.67
2026-06-05,capacity_price,4,0.67,0.67
2026-06-05,capacity_price,5,1.2,0.67
2026-06-05,capacity_price,6,1.31,2.01
2026-06-05,capacity_price,7,4.675,2.01
2026-06-05,capacity_price,8,11.78,2.01
2026-06-05,capacity_price,9,7.0299997,2.01
2026-06-05,capacity_price,10,6.3450003,1.07
2026-06-05,capacity_price,11,1.31,0.67
2026-06-05,capacity_price,12,1.2,0.67
2026-06-05,capacity_price,13,1.2,0.67
2026-06-05,capacity_price,14,1.2,0.67
2026-06-05,capacity_price,15,3.0149999,0.67
2026-06-05,capacity_price,16,17.925,1.47
2026-06-05,capacity_price,17,68.18,2.01
2026-06-05,capacity_price,18,57.41,2.01
2026-06-05,capacity_price,19,46.84,66.9
2026-06-05,capacity_price,20,9.77,145.73
2026-06-05,capacity_price,21,7.7,15.4
2026-06-05,capacity_price,22,3.675,2.01
2026-06-05,capacity_price,23,1.2,0.67
2026-06-05,activation_volume,0,21.66,5.96
2026-06-05,activation_volume,1,13.445,9.549999999999999
2026-06-05,activation_volume,2,3.73,0.42
2026-06-05,activation_volume,3,4.38,0.44
2026-06-05,activation_volume,4,3.51,0.21
2026-06-05,activation_volume,5,7.4700003,0.2
2026-06-05,activation_volume,6,6.68,0.41000000000000003
2026-06-05,activation_volume,7,4.32,1.73
2026-06-05,activation_volume,8,10.94,0.3
2026-06-05,activation_volume,9,8.38,0.0
2026-06-05,activation_volume,10,5.815,4.47
2026-06-05,activation_volume,11,16.53,9.879999999999999
2026-06-05,activation_volume,12,10.639999,8.15
2026-06-05,activation_volume,13,11.52,7.89
2026-06-05,activation_volume,14,8.42,34.38
2026-06-05,activation_volume,15,6.14,15.729999999999999
2026-06-05,activation_volume,16,12.43,5.609999999999999
2026-06-05,activation_volume,17,11.72,0.94
2026-06-05,activation_volume,18,4.3,4.32
2026-06-05,activation_volume,19,3.5900002,3.46
2026-06-05,activation_volume,20,5.13,2.94
2026-06-05,activation_volume,21,3.055,1.1500000000000001
2026-06-05,activation_volume,22,2.955,5.73
2026-06-05,activation_volume,23,4.75,2.71
2026-06-05,activation_price,0,123.83736,137.87657718120806
2026-06-05,activation_price,1,107.86523,116.36800000000004
2026-06-05,activation_price,2,117.254265,113.15714285714287
2026-06-05,activation_price,3,100.3217,105.76363636363637
2026-06-05,activation_price,4,105.14624,93.9
2026-06-05,activation_price,5,115.02,147.173
2026-06-05,activation_price,6,140.17747,145.4531707317073
2026-06-05,activation_price,7,143.90277,186.0979190751445
2026-06-05,activation_price,8,152.93,108.32
2026-06-05,activation_price,9,133.54929,
2026-06-05,activation_price,10,111.15419,141.14402684563757
2026-06-05,activation_price,11,110.27,147.48794534412954
2026-06-05,activation_price,12,97.45308,103.29490797546012
2026-06-05,activation_price,13,92.85068,107.40259822560202
2026-06-05,activation_price,14,108.451004,126.82445607911575
2026-06-05,activation_price,15,119.46496,156.41603305785125
2026-06-05,activation_price,16,140.18895,150.5261675579323
2026-06-05,activation_price,17,150.80069,191.98893617021278
2026-06-05,activation_price,18,143.40479,172.85247685185186
2026-06-05,activation_price,19,140.2207,179.43887283236995
2026-06-05,activation_price,20,130.31265,154.39204081632653
2026-06-05,activation_price,21,134.48572,163.4402608695652
2026-06-05,activation_price,22,126.96979,161.73095986038393
2026-06-05,activation_price,23,121.56358,169.14239852398524
2026-06-06,day_ahead_price,0,101.634995,148.24249650000002
2026-06-06,day_ahead_price,1,99.045,137.17999675
2026-06-06,day_ahead_price,2,97.5675,134.78999699999997
2026-06-06,day_ahead_price,3,96.424995,116.16749925
2026-06-06,day_ahead_price,4,95.34625,130.182499
2026-06-06,day_ahead_price,5,101.1975,126.03499800000002
2026-06-06,day_ahead_price,6,104.7825,117.6900005
2026-06-06,day_ahead_price,7,116.84625,102.3150025
2026-06-06,day_ahead_price,8,114.3,81.0175
2026-06-06,day_ahead_price,9,99.0975,49.99999975
2026-06-06,day_ahead_price,10,83.017494,37.260000749999996
2026-06-06,day_ahead_price,11,72.81,28.09999975
2026-06-06,day_ahead_price,12,60.614998,23.662499750000002
2026-06-06,day_ahead_price,13,55.225002,20.0550005
2026-06-06,day_ahead_price,14,59.09,21.3475
2026-06-06,day_ahead_price,15,74.415,30.0
2026-06-06,day_ahead_price,16,93.1525,46.205000749999996
2026-06-06,day_ahead_price,17,113.62875,93.28250125
2026-06-06,day_ahead_price,18,131.2175,121.78749675
2026-06-06,day_ahead_price,19,135.58,133.8499985
2026-06-06,day_ahead_price,20,124.1125,152.432499
2026-06-06,day_ahead_price,21,118.675,150.9225005
2026-06-06,day_ahead_price,22,113.534996,134.3274995
2026-06-06,day_ahead_price,23,103.50875,121.5424995
2026-06-06,capacity_price,0,0.54,0.67
2026-06-06,capacity_price,1,0.67,0.67
2026-06-06,capacity_price,2,0.4,0.67
2026-06-06,capacity_price,3,0.54,0.67
2026-06-06,capacity_price,4,0.67,2.0
2026-06-06,capacity_price,5,1.2,2.01
2026-06-06,capacity_price,6,1.31,2.01
2026-06-06,capacity_price,7,3.675,2.01
2026-06-06,capacity_price,8,16.595,12.27
2026-06-06,capacity_price,9,8.03,2.01
2026-06-06,capacity_price,10,5.89,2.01
2026-06-06,capacity_price,11,1.325,3.35
2026-06-06,capacity_price,12,1.2,0.67
2026-06-06,capacity_price,13,1.2,0.67
2026-06-06,capacity_price,14,1.2,1.96
2026-06-06,capacity_price,15,3.35,0.67
2026-06-06,capacity_price,16,10.0,2.01
2026-06-06,capacity_price,17,64.11,3.35
2026-06-06,capacity_price,18,63.67,2.01
2026-06-06,capacity_price,19,55.13,90.32
2026-06-06,capacity_price,20,9.9,12.84
2026-06-06,capacity_price,21,9.315001,73.59
2026-06-06,capacity_price,22,5.35,4.0
2026-06-06,capacity_price,23,1.2,2.01
2026-06-06,activation_volume,0,18.97,0.37
2026-06-06,activation_volume,1,15.36,0.17
2026-06-06,activation_volume,2,2.6999998,1.07
2026-06-06,activation_volume,3,3.24,0.9500000000000001
2026-06-06,activation_volume,4,3.3,0.3
2026-06-06,activation_volume,5,5.45,0.2
2026-06-06,activation_volume,6,7.51,0.8400000000000001
2026-06-06,activation_volume,7,4.3450003,0.32
2026-06-06,activation_volume,8,8.32,4.94
2026-06-06,activation_volume,9,6.16,5.640000000000001
2026-06-06,activation_volume,10,5.6000004,26.06
2026-06-06,activation_volume,11,12.51,18.05
2026-06-06,activation_volume,12,7.62,0.29
2026-06-06,activation_volume,13,9.145,10.66
2026-06-06,activation_volume,14,8.42,3.62
2026-06-06,activation_volume,15,7.3500004,45.230000000000004
2026-06-06,activation_volume,16,10.69,39.03
2026-06-06,activation_volume,17,12.9,23.500000000000004
2026-06-06,activation_volume,18,6.575,20.680000000000003
2026-06-06,activation_volume,19,4.64,1.29
2026-06-06,activation_volume,20,4.035,1.71
2026-06-06,activation_volume,21,2.705,0.67
2026-06-06,activation_volume,22,2.955,3.1100000000000003
2026-06-06,activation_volume,23,3.81,3.52
2026-06-06,activation_price,0,120.883286,140.4189189189189
2026-06-06,activation_price,1,107.68981,134.36352941176472
2026-06-06,activation_price,2,111.45772,141.5914953271028
2026-06-06,activation_price,3,104.084366,133.3981052631579
2026-06-06,activation_price,4,99.77151,163.28966666666668
2026-06-06,activation_price,5,114.170135,155.338
2026-06-06,activation_price,6,142.10657,121.21904761904763
2026-06-06,activation_price,7,141.98485,110.69500000000001
2026-06-06,activation_price,8,142.35156,142.04319838056676
2026-06-06,activation_price,9,129.75264,99.95991134751773
2026-06-06,activation_price,10,113.43303,167.8722716807368
2026-06-06,activation_price,11,107.41,119.74982825484763
2026-06-06,activation_price,12,97.982544,40.8
2026-06-06,activation_price,13,83.86546,78.94010318949341
2026-06-06,activation_price,14,87.97076,64.43698895027623
2026-06-06,activation_price,15,110.60222,187.07735794826442
2026-06-06,activation_price,16,132.03094,391.14976940814756
2026-06-06,activation_price,17,152.1106,777.034629787234
2026-06-06,activation_price,18,152.69414,1884.225705996131
2026-06-06,activation_price,19,142.19592,177.26031007751936
2026-06-06,activation_price,20,130.53287,153.93994152046784
2026-06-06,activation_price,21,128.11342,129.14402985074625
2026-06-06,activation_price,22,126.96979,124.59540192926043
2026-06-06,activation_price,23,119.64834,129.30889204545454
2026-06-07,day_ahead_price,0,106.26125,110.69999849999999
2026-06-07,day_ahead_price,1,101.3975,99.51249875
2026-06-07,day_ahead_price,2,99.595,92.20749875
2026-06-07,day_ahead_price,3,98.78375,81.41500075
2026-06-07,day_ahead_price,4,100.902504,67.01249899999999
2026-06-07,day_ahead_price,5,106.55,39.2100005
2026-06-07,day_ahead_price,6,115.03,5.0475
2026-06-07,day_ahead_price,7,119.2,0.47000000000000003
2026-06-07,day_ahead_price,8,112.34,-0.48000000000000004
2026-06-07,day_ahead_price,9,98.412506,-4.800000000000001
2026-06-07,day_ahead_price,10,87.2825,-6.494999999999999
2026-06-07,day_ahead_price,11,69.91875,-1.6
2026-06-07,day_ahead_price,12,52.72875,-3.7075000000000005
2026-06-07,day_ahead_price,13,47.4,-1.5325000000000002
2026-06-07,day_ahead_price,14,54.042503,-7.9174999999999995
2026-06-07,day_ahead_price,15,71.08875,-28.34249975
2026-06-07,day_ahead_price,16,89.7575,-14.43
2026-06-07,day_ahead_price,17,111.555,0.49750000000000005
2026-06-07,day_ahead_price,18,126.4875,53.667501
2026-06-07,day_ahead_price,19,133.7425,108.00250225
2026-06-07,day_ahead_price,20,128.0075,128.26750025
2026-06-07,day_ahead_price,21,121.5475,137.13750449999998
2026-06-07,day_ahead_price,22,115.972496,141.1875
2026-06-07,day_ahead_price,23,105.1725,140.34249875
2026-06-07,capacity_price,0,0.67,2.01
2026-06-07,capacity_price,1,0.67,0.67
2026-06-07,capacity_price,2,0.67,0.67
2026-06-07,capacity_price,3,0.67,0.67
2026-06-07,capacity_price,4,1.2,0.67
2026-06-07,capacity_price,5,1.2,2.0
2026-06-07,capacity_price,6,5.285,2.01
2026-06-07,capacity_price,7,5.89,2.01
2026-06-07,capacity_price,8,11.78,2.01
2026-06-07,capacity_price,9,7.025,0.67
2026-06-07,capacity_price,10,5.825,0.67
2026-06-07,capacity_price,11,1.31,0.67
2026-06-07,capacity_price,12,1.2,0.67
2026-06-07,capacity_price,13,1.2,0.2
2026-06-07,capacity_price,14,1.2,0.2
2026-06-07,capacity_price,15,2.41,0.23
2026-06-07,capacity_price,16,9.0,0.54
2026-06-07,capacity_price,17,52.87,2.01
2026-06-07,capacity_price,18,63.684998,2.01
2026-06-07,capacity_price,19,55.13,69.58
2026-06-07,capacity_price,20,46.84,52.85
2026-06-07,capacity_price,21,9.9,20.0
2026-06-07,capacity_price,22,5.62,0.67
2026-06-07,capacity_price,23,1.205,0.67
2026-06-07,activation_volume,0,18.974998,4.34
2026-06-07,activation_volume,1,11.59,2.8
2026-06-07,activation_volume,2,3.905,39.25
2026-06-07,activation_volume,3,3.255,31.52
2026-06-07,activation_volume,4,3.5900002,0.09
2026-06-07,activation_volume,5,6.67,0.15
2026-06-07,activation_volume,6,5.98,0.0
2026-06-07,activation_volume,7,4.3450003,1.5
2026-06-07,activation_volume,8,8.45,3.9799999999999995
2026-06-07,activation_volume,9,5.5,1.8900000000000001
2026-06-07,activation_volume,10,5.5,4.4
2026-06-07,activation_volume,11,10.085,4.42
2026-06-07,activation_volume,12,8.28,9.19
2026-06-07,activation_volume,13,11.52,7.5
2026-06-07,activation_volume,14,15.735001,1.27
2026-06-07,activation_volume,15,11.764999,1.28
2026-06-07,activation_volume,16,14.06,17.439999999999998
2026-06-07,activation_volume,17,10.565001,84.75999999999999
2026-06-07,activation_volume,18,6.1949997,9.749999999999998
2026-06-07,activation_volume,19,3.64,0.88
2026-06-07,activation_volume,20,3.66,7.03
2026-06-07,activation_volume,21,2.185,1.4300000000000002
2026-06-07,activation_volume,22,2.46,1.21
2026-06-07,activation_volume,23,2.33,3.2700000000000005
2026-06-07,activation_price,0,117.141884,132.22299539170507
2026-06-07,activation_price,1,108.29574,126.39296428571429
2026-06-07,activation_price,2,115.9423,168.89654777070064
2026-06-07,activation_price,3,107.629456,604.693350253807
2026-06-07,activation_price,4,110.356575,122.36888888888889
2026-06-07,activation_price,5,118.14191,50.0
2026-06-07,activation_price,6,148.8094,
2026-06-07,activation_price,7,143.90277,29.578466666666667
2026-06-07,activation_price,8,159.39896,31.230125628140705
2026-06-07,activation_price,9,138.66965,1.914867724867725
2026-06-07,activation_price,10,117.96153,3.9015454545454546
2026-06-07,activation_price,11,104.37902,5.741425339366516
2026-06-07,activation_price,12,102.9895,10.4530359085963
2026-06-07,activation_price,13,95.85725,14.249093333333333
2026-06-07,activation_price,14,110.49379,1.9855905511811027
2026-06-07,activation_price,15,119.22728,9.12359375
2026-06-07,activation_price,16,133.52083,100.63036697247709
2026-06-07,activation_price,17,152.70767,145.62983128834358
2026-06-07,activation_price,18,150.96236,128.08567179487184
2026-06-07,activation_price,19,146.02034,166.57000000000002
2026-06-07,activation_price,20,133.3365,142.38890469416785
2026-06-07,activation_price,21,124.336914,139.58517482517482
2026-06-07,activation_price,22,125.3633,139.089173553719
2026-06-07,activation_price,23,112.817375,155.6843119266055
2026-06-08,day_ahead_price,0,106.655,140.43000025
2026-06-08,day_ahead_price,1,102.96125,134.237499
2026-06-08,day_ahead_price,2,100.957504,132.70999899999998
2026-06-08,day_ahead_price,3,101.776245,127.66999799999999
2026-06-08,day_ahead_price,4,104.515,130.17499925
2026-06-08,day_ahead_price,5,106.542496,138.56249975
2026-06-08,day_ahead_price,6,116.21625,150.67500275
2026-06-08,day_ahead_price,7,119.2,145.675003
2026-06-08,day_ahead_price,8,113.865005,124.87500025000001
2026-06-08,day_ahead_price,9,93.09375,102.51000025
2026-06-08,day_ahead_price,10,74.286255,87.70500175
2026-06-08,day_ahead_price,11,45.94875,74.364999
2026-06-08,day_ahead_price,12,35.36125,77.0199985
2026-06-08,day_ahead_price,13,33.1475,72.47749925000001
2026-06-08,day_ahead_price,14,44.6625,74.38249975000001
2026-06-08,day_ahead_price,15,59.9975,88.85750025
2026-06-08,day_ahead_price,16,81.82,102.58
2026-06-08,day_ahead_price,17,105.75874,128.875
2026-06-08,day_ahead_price,18,126.57,151.32999825
2026-06-08,day_ahead_price,19,139.7925,199.32250225
2026-06-08,day_ahead_price,20,139.95749,208.9025
2026-06-08,day_ahead_price,21,125.43625,185.75000375000002
2026-06-08,day_ahead_price,22,118.665,152.36750025
2026-06-08,day_ahead_price,23,108.0,128.20499825000002
2026-06-08,capacity_price,0,0.67,0.67
2026-06-08,capacity_price,1,0.67,0.67
2026-06-08,capacity_price,2,0.54,0.67
2026-06-08,capacity_price,3,0.67,0.67
2026-06-08,capacity_price,4,1.2,2.0
2026-06-08,capacity_price,5,1.21,2.01
2026-06-08,capacity_price,6,4.0,53.52
2026-06-08,capacity_price,7,5.69,2.01
2026-06-08,capacity_price,8,10.0,2.01
2026-06-08,capacity_price,9,8.63,6.69
2026-06-08,capacity_price,10,5.825,2.01
2026-06-08,capacity_price,11,1.31,2.01
2026-06-08,capacity_price,12,1.2,2.01
2026-06-08,capacity_price,13,1.2,2.01
2026-06-08,capacity_price,14,1.2,2.01
2026-06-08,capacity_price,15,3.0149999,2.01
2026-06-08,capacity_price,16,9.365,2.01
2026-06-08,capacity_price,17,55.19,2.01
2026-06-08,capacity_price,18,63.7,2.01
2026-06-08,capacity_price,19,50.120003,152.14
2026-06-08,capacity_price,20,17.64,27.16
2026-06-08,capacity_price,21,11.0,27.03
2026-06-08,capacity_price,22,5.35,2.01
2026-06-08,capacity_price,23,1.2,0.67
2026-06-08,activation_volume,0,18.974998,7.040000000000001
2026-06-08,activation_volume,1,10.42,4.4399999999999995
2026-06-08,activation_volume,2,1.78,2.45
2026-06-08,activation_volume,3,2.1,4.38
2026-06-08,activation_volume,4,3.33,2.33
2026-06-08,activation_volume,5,6.73,0.06999999999999999
2026-06-08,activation_volume,6,7.08,1.3
2026-06-08,activation_volume,7,4.75,2.41
2026-06-08,activation_volume,8,8.25,33.17
2026-06-08,activation_volume,9,5.84,31.16
2026-06-08,activation_volume,10,4.875,39.33
2026-06-08,activation_volume,11,10.83,2.3
2026-06-08,activation_volume,12,7.62,5.420000000000001
2026-06-08,activation_volume,13,11.83,1.24
2026-06-08,activation_volume,14,9.45,0.5700000000000001
2026-06-08,activation_volume,15,10.33,35.370000000000005
2026-06-08,activation_volume,16,10.87,5.4
2026-06-08,activation_volume,17,11.41,3.58
2026-06-08,activation_volume,18,6.88,6.0
2026-06-08,activation_volume,19,3.395,16.18
2026-06-08,activation_volume,20,4.175,3.9599999999999995
2026-06-08,activation_volume,21,3.38,3.5
2026-06-08,activation_volume,22,2.28,2.02
2026-06-08,activation_volume,23,2.44,1.61
2026-06-08,activation_price,0,119.6063,142.04566761363637
2026-06-08,activation_price,1,108.66535,132.56713963963966
2026-06-08,activation_price,2,111.00093,126.06212244897958
2026-06-08,activation_price,3,100.86751,136.55009132420093
2026-06-08,activation_price,4,108.952805,174.90128755364805
2026-06-08,activation_price,5,122.83051,127.32714285714287
2026-06-08,activation_price,6,156.61295,124.13607692307693
2026-06-08,activation_price,7,137.78493,115.16522821576763
2026-06-08,activation_price,8,150.86153,1051.0978353934279
2026-06-08,activation_price,9,134.33067,1337.2932349165599
2026-06-08,activation_price,10,112.63367,982.4019349097382
2026-06-08,activation_price,11,100.22358,144.9861304347826
2026-06-08,activation_price,12,69.58134,116.91522140221402
2026-06-08,activation_price,13,88.65627,127.71354838709678
2026-06-08,activation_price,14,95.65732,133.32964912280698
2026-06-08,activation_price,15,118.98959,186.68823862029967
2026-06-08,activation_price,16,120.604416,360.50824074074075
2026-06-08,activation_price,17,152.20625,219.3317597765363
2026-06-08,activation_price,18,158.03607,239.14028333333331
2026-06-08,activation_price,19,146.02034,258.3992274412855
2026-06-08,activation_price,20,133.04494,236.32676767676773
2026-06-08,activation_price,21,138.93187,171.5053142857143
2026-06-08,activation_price,22,125.97673,145.62475247524753
2026-06-08,activation_price,23,106.43805,166.3966459627329
2026-06-09,day_ahead_price,0,101.43375,129.01249875
2026-06-09,day_ahead_price,1,99.386246,122.15749925
2026-06-09,day_ahead_price,2,98.925,115.5
2026-06-09,day_ahead_price,3,98.5275,111.21750075
2026-06-09,day_ahead_price,4,98.28876,110.47500050000001
2026-06-09,day_ahead_price,5,104.159996,115.81499875
2026-06-09,day_ahead_price,6,112.91,128.9975015
2026-06-09,day_ahead_price,7,119.3,134.63249775
2026-06-09,day_ahead_price,8,114.082504,126.89750125
2026-06-09,day_ahead_price,9,96.4025,107.00000025
2026-06-09,day_ahead_price,10,73.03875,82.33500125
2026-06-09,day_ahead_price,11,49.4775,60.9000025
2026-06-09,day_ahead_price,12,32.1,25.2150005
2026-06-09,day_ahead_price,13,33.59375,3.84
2026-06-09,day_ahead_price,14,47.582497,1.2075
2026-06-09,day_ahead_price,15,73.765,2.2075
2026-06-09,day_ahead_price,16,90.62,30.58499975
2026-06-09,day_ahead_price,17,112.2425,75.72749974999999
2026-06-09,day_ahead_price,18,130.9075,116.99999825
2026-06-09,day_ahead_price,19,139.7925,133.45000075000002
2026-06-09,day_ahead_price,20,134.225,150.0
2026-06-09,day_ahead_price,21,125.43625,155.362503
2026-06-09,day_ahead_price,22,115.82875,144.99250024999998
2026-06-09,day_ahead_price,23,105.0975,131.307499
2026-06-09,capacity_price,0,0.67,0.67
2026-06-09,capacity_price,1,0.605,0.67
2026-06-09,capacity_price,2,0.54,0.67
2026-06-09,capacity_price,3,0.67,0.67
2026-06-09,capacity_price,4,0.67,0.67
2026-06-09,capacity_price,5,1.2,2.01
2026-06-09,capacity_price,6,2.94,26.76
2026-06-09,capacity_price,7,5.685,20.0
2026-06-09,capacity_price,8,20.07,6.0
2026-06-09,capacity_price,9,6.69,6.0
2026-06-09,capacity_price,10,5.62,13.38
2026-06-09,capacity_price,11,1.31,2.01
2026-06-09,capacity_price,12,1.2,2.01
2026-06-09,capacity_price,13,1.2,2.01
2026-06-09,capacity_price,14,1.2,0.67
2026-06-09,capacity_price,15,3.35,0.67
2026-06-09,capacity_price,16,12.764999,0.67
2026-06-09,capacity_price,17,66.65,2.01
2026-06-09,capacity_price,18,63.7,2.01
2026-06-09,capacity_price,19,46.85,20.0
2026-06-09,capacity_price,20,12.925,73.59
2026-06-09,capacity_price,21,9.64,55.0
2026-06-09,capacity_price,22,5.19,2.01
2026-06-09,capacity_price,23,1.2,0.67
2026-06-09,activation_volume,0,14.22,1.8299999999999998
2026-06-09,activation_volume,1,10.915,1.25
2026-06-09,activation_volume,2,2.96,6.290000000000001
2026-06-09,activation_volume,3,4.075,11.82
2026-06-09,activation_volume,4,3.315,0.88
2026-06-09,activation_volume,5,5.96,2.28
2026-06-09,activation_volume,6,7.51,6.859999999999999
2026-06-09,activation_volume,7,3.52,4.41
2026-06-09,activation_volume,8,10.24,4.109999999999999
2026-06-09,activation_volume,9,6.16,4.220000000000001
2026-06-09,activation_volume,10,5.815,9.309999999999999
2026-06-09,activation_volume,11,11.32,10.25
2026-06-09,activation_volume,12,10.639999,0.7999999999999999
2026-06-09,activation_volume,13,12.51,21.39
2026-06-09,activation_volume,14,10.45,0.68
2026-06-09,activation_volume,15,18.65,0.09
2026-06-09,activation_volume,16,12.095,3.04
2026-06-09,activation_volume,17,12.275,0.03
2026-06-09,activation_volume,18,8.690001,0.47
2026-06-09,activation_volume,19,3.995,4.44
2026-06-09,activation_volume,20,4.82,19.32
2026-06-09,activation_volume,21,2.97,3.15
2026-06-09,activation_volume,22,2.83,3.5300000000000002
2026-06-09,activation_volume,23,3.7350001,2.6399999999999997
2026-06-09,activation_price,0,112.4919,123.26475409836067
2026-06-09,activation_price,1,108.66535,116.72847999999999
2026-06-09,activation_price,2,111.10023,123.82001589825117
2026-06-09,activation_price,3,106.736465,119.01437394247037
2026-06-09,activation_price,4,104.9663,133.49
2026-06-09,activation_price,5,110.75079,117.23728070175441
2026-06-09,activation_price,6,146.42253,133.36045189504372
2026-06-09,activation_price,7,133.78326,175.75408163265303
2026-06-09,activation_price,8,148.00758,133.11389294403895
2026-06-09,activation_price,9,147.02231,168.69417061611372
2026-06-09,activation_price,10,111.95356,131.41276047261013
2026-06-09,activation_price,11,101.90109,124.72713170731707
2026-06-09,activation_price,12,92.370735,14.588
2026-06-09,activation_price,13,85.42865,103.9404347826087
2026-06-09,activation_price,14,89.00927,10.255882352941176
2026-06-09,activation_price,15,113.07591,12.73
2026-06-09,activation_price,16,129.46826,61.62157894736842
2026-06-09,activation_price,17,154.45802,56.79
2026-06-09,activation_price,18,161.12329,141.69
2026-06-09,activation_price,19,148.76678,155.67587837837834
2026-06-09,activation_price,20,139.61761,185.79800207039338
2026-06-09,activation_price,21,130.72638,145.3418412698413
2026-06-09,activation_price,22,122.86699,146.67900849858358
2026-06-09,activation_price,23,116.880806,127.45625000000003
2026-06-10,day_ahead_price,0,100.276245,121.09499899999999
2026-06-10,day_ahead_price,1,98.6425,112.3099995
2026-06-10,day_ahead_price,2,98.3725,108.67500125
2026-06-10,day_ahead_price,3,95.925,108.182501
2026-06-10,day_ahead_price,4,95.26,106.79999925
2026-06-10,day_ahead_price,5,100.62625,110.9350015
2026-06-10,day_ahead_price,6,106.604996,122.424999
2026-06-10,day_ahead_price,7,116.22,125.3725015
2026-06-10,day_ahead_price,8,108.82875,121.22500249999999
2026-06-10,day_ahead_price,9,93.065,100.0474985
2026-06-10,day_ahead_price,10,71.384995,82.35999875
2026-06-10,day_ahead_price,11,45.94875,73.057499
2026-06-10,day_ahead_price,12,28.140001,68.6775015
2026-06-10,day_ahead_price,13,23.28125,71.56750125
2026-06-10,day_ahead_price,14,38.5975,77.824999
2026-06-10,day_ahead_price,15,53.5325,86.62500025
2026-06-10,day_ahead_price,16,81.880005,101.08500125
2026-06-10,day_ahead_price,17,107.42875,119.26500125000001
2026-06-10,day_ahead_price,18,127.057495,140.52500149999997
2026-06-10,day_ahead_price,19,137.33374,169.78499975
2026-06-10,day_ahead_price,20,133.205,213.97999575
2026-06-10,day_ahead_price,21,125.7125,204.9975015
2026-06-10,day_ahead_price,22,118.92,168.63499825
2026-06-10,day_ahead_price,23,108.4025,151.75
2026-06-10,capacity_price,0,0.67,0.67
2026-06-10,capacity_price,1,0.67,0.67
2026-06-10,capacity_price,2,0.54,0.67
2026-06-10,capacity_price,3,0.67,0.67
2026-06-10,capacity_price,4,0.67,0.67
2026-06-10,capacity_price,5,1.2,2.01
2026-06-10,capacity_price,6,1.31,6.1
2026-06-10,capacity_price,7,4.0,2.01
2026-06-10,capacity_price,8,9.9,2.01
2026-06-10,capacity_price,9,6.69,2.01
2026-06-10,capacity_price,10,5.62,2.01
2026-06-10,capacity_price,11,1.31,2.01
2026-06-10,capacity_price,12,1.2,2.01
2026-06-10,capacity_price,13,1.2,2.01
2026-06-10,capacity_price,14,1.21,2.01
2026-06-10,capacity_price,15,2.68,2.01
2026-06-10,capacity_price,16,13.61,2.01
2026-06-10,capacity_price,17,61.75,2.01
2026-06-10,capacity_price,18,63.684998,2.01
2026-06-10,capacity_price,19,33.46,77.21
2026-06-10,capacity_price,20,9.77,173.93
2026-06-10,capacity_price,21,9.64,27.16
2026-06-10,capacity_price,22,3.35,2.01
2026-06-10,capacity_price,23,1.2,0.67
2026-06-10,activation_volume,0,19.025,15.95
2026-06-10,activation_volume,1,13.71,2.5500000000000003
2026-06-10,activation_volume,2,2.12,5.23
2026-06-10,activation_volume,3,2.22,1.9999999999999998
2026-06-10,activation_volume,4,2.5,1.38
2026-06-10,activation_volume,5,6.865,7.44
2026-06-10,activation_volume,6,7.825,5.42
2026-06-10,activation_volume,7,4.88,2.1999999999999997
2026-06-10,activation_volume,8,9.219999,0.51
2026-06-10,activation_volume,9,5.29,2.48
2026-06-10,activation_volume,10,13.205,5.84
2026-06-10,activation_volume,11,11.375,0.8700000000000001
2026-06-10,activation_volume,12,8.93,0.0
2026-06-10,activation_volume,13,12.705,123.42999999999999
2026-06-10,activation_volume,14,10.125,19.71
2026-06-10,activation_volume,15,16.810001,5.529999999999999
2026-06-10,activation_volume,16,14.06,0.69
2026-06-10,activation_volume,17,13.91,3.42
2026-06-10,activation_volume,18,6.97,9.37
2026-06-10,activation_volume,19,5.2,2.15
2026-06-10,activation_volume,20,4.74,4.3100000000000005
2026-06-10,activation_volume,21,3.38,1.82
2026-06-10,activation_volume,22,2.49,3.64
2026-06-10,activation_volume,23,3.38,10.39
2026-06-10,activation_price,0,133.48726,1008.9452664576805
2026-06-10,activation_price,1,110.08059,123.35600000000001
2026-06-10,activation_price,2,115.9423,119.50567877629064
2026-06-10,activation_price,3,104.084366,122.28545000000001
2026-06-10,activation_price,4,103.675255,160.6268115942029
2026-06-10,activation_price,5,114.170135,143.95614247311826
2026-06-10,activation_price,6,143.03168,150.05071955719558
2026-06-10,activation_price,7,138.59,209.26918181818183
2026-06-10,activation_price,8,143.22566,109.63235294117646
2026-06-10,activation_price,9,146.36385,59.6217741935484
2026-06-10,activation_price,10,108.17838,187.60999999999999
2026-06-10,activation_price,11,94.31307,17.61758620689655
2026-06-10,activation_price,12,73.75723,
2026-06-10,activation_price,13,85.35099,1838.9635153528316
2026-06-10,activation_price,14,85.39112,153.27373921867073
2026-06-10,activation_price,15,117.24313,144.21164556962023
2026-06-10,activation_price,16,130.00432,131.63
2026-06-10,activation_price,17,166.1402,192.76383040935673
2026-06-10,activation_price,18,160.41554,210.63196371398084
2026-06-10,activation_price,19,157.54239,171.59032558139538
2026-06-10,activation_price,20,143.79472,156.3008816705336
2026-06-10,activation_price,21,125.691925,179.3121978021978
2026-06-10,activation_price,22,122.86699,153.05538461538458
2026-06-10,activation_price,23,113.16249,153.48611164581325
2026-06-11,day_ahead_price,0,104.511246,144.0200005
2026-06-11,day_ahead_price,1,101.1025,134.63750075000002
2026-06-11,day_ahead_price,2,100.765,126.7924995
2026-06-11,day_ahead_price,3,99.16,126.05249975
2026-06-11,day_ahead_price,4,98.28876,126.32500100000001
2026-06-11,day_ahead_price,5,104.159996,127.31750100000001
2026-06-11,day_ahead_price,6,118.06625,141.77000025
2026-06-11,day_ahead_price,7,130.58249,142.397499
2026-06-11,day_ahead_price,8,113.865005,130.14749899999998
2026-06-11,day_ahead_price,9,97.45,107.74500074999999
2026-06-11,day_ahead_price,10,74.35126,90.737501
2026-06-11,day_ahead_price,11,51.555,76.8325005
2026-06-11,day_ahead_price,12,38.6225,63.3550015
2026-06-11,day_ahead_price,13,36.4575,50.7150005
2026-06-11,day_ahead_price,14,53.17375,41.05249875
2026-06-11,day_ahead_price,15,66.665,56.32500075
2026-06-11,day_ahead_price,16,92.55875,78.5125005
2026-06-11,day_ahead_price,17,112.541245,101.4225005
2026-06-11,day_ahead_price,18,129.06125,129.6124995
2026-06-11,day_ahead_price,19,144.91376,147.45500175
2026-06-11,day_ahead_price,20,139.95749,178.567501
2026-06-11,day_ahead_price,21,125.43625,168.6825025
2026-06-11,day_ahead_price,22,116.08125,138.15749925
2026-06-11,day_ahead_price,23,105.1625,115.664999
2026-06-11,capacity_price,0,0.67,0.67
2026-06-11,capacity_price,1,0.67,0.67
2026-06-11,capacity_price,2,0.54,0.67
2026-06-11,capacity_price,3,0.67,0.67
2026-06-11,capacity_price,4,1.2,0.67
2026-06-11,capacity_price,5,1.31,2.0
2026-06-11,capacity_price,6,3.94,2.01
2026-06-11,capacity_price,7,5.62,2.01
2026-06-11,capacity_price,8,20.07,2.01
2026-06-11,capacity_price,9,6.69,5.35
2026-06-11,capacity_price,10,5.76,2.94
2026-06-11,capacity_price,11,1.34,2.01
2026-06-11,capacity_price,12,1.2,0.67
2026-06-11,capacity_price,13,1.2,0.67
2026-06-11,capacity_price,14,1.2,0.67
2026-06-11,capacity_price,15,4.0,0.67
2026-06-11,capacity_price,16,9.95,0.67
2026-06-11,capacity_price,17,71.235,2.01
2026-06-11,capacity_price,18,66.25,2.01
2026-06-11,capacity_price,19,57.045,69.58
2026-06-11,capacity_price,20,17.64,26.89
2026-06-11,capacity_price,21,11.0,9.4
2026-06-11,capacity_price,22,5.62,2.01
2026-06-11,capacity_price,23,1.2,0.67
2026-06-11,activation_volume,0,17.38,8.620000000000001
2026-06-11,activation_volume,1,14.625,17.62
2026-06-11,activation_volume,2,2.9,0.09999999999999999
2026-06-11,activation_volume,3,2.22,0.01
2026-06-11,activation_volume,4,3.18,1.05
2026-06-11,activation_volume,5,5.06,0.31
2026-06-11,activation_volume,6,7.295,0.35000000000000003
2026-06-11,activation_volume,7,3.52,1.6300000000000001
2026-06-11,activation_volume,8,8.32,2.0999999999999996
2026-06-11,activation_volume,9,8.38,11.61
2026-06-11,activation_volume,10,9.65,9.11
2026-06-11,activation_volume,11,11.32,0.4
2026-06-11,activation_volume,12,10.17,5.09
2026-06-11,activation_volume,13,13.395,0.61
2026-06-11,activation_volume,14,10.125,2.46
2026-06-11,activation_volume,15,11.71,22.060000000000002
2026-06-11,activation_volume,16,14.51,4.86
2026-06-11,activation_volume,17,12.85,3.64
2026-06-11,activation_volume,18,10.78,7.690000000000001
2026-06-11,activation_volume,19,4.7349997,5.580000000000001
2026-06-11,activation_volume,20,5.37,6.72
2026-06-11,activation_volume,21,3.38,6.300000000000001
2026-06-11,activation_volume,22,2.365,7.26
2026-06-11,activation_volume,23,3.2,1.15
2026-06-11,activation_price,0,123.83736,187.22248259860785
2026-06-11,activation_price,1,111.73483,156.05408059023836
2026-06-11,activation_price,2,112.222084,120.71600000000001
2026-06-11,activation_price,3,108.475204,133.79
2026-06-11,activation_price,4,110.20024,172.35428571428574
2026-06-11,activation_price,5,120.55278,129.73
2026-06-11,activation_price,6,148.48999,160.7482857142857
2026-06-11,activation_price,7,135.464,174.2830061349693
2026-06-11,activation_price,8,151.44955,180.8264285714286
2026-06-11,activation_price,9,149.02002,201.4737037037037
2026-06-11,activation_price,10,111.15419,454.7013611416027
2026-06-11,activation_price,11,95.95868,155.692
2026-06-11,activation_price,12,75.093315,206.65155206286835
2026-06-11,activation_price,13,85.42865,103.85918032786886
2026-06-11,activation_price,14,89.38362,90.35117886178863
2026-06-11,activation_price,15,112.8744,317.92131459655485
2026-06-11,activation_price,16,130.00432,133.05166666666668
2026-06-11,activation_price,17,154.45802,146.60953296703295
2026-06-11,activation_price,18,163.10904,176.7535500650195
2026-06-11,activation_price,19,158.65012,198.72652329749104
2026-06-11,activation_price,20,150.47307,164.85016369047622
2026-06-11,activation_price,21,131.76367,166.7762857142857
2026-06-11,activation_price,22,125.3633,156.20774104683196
2026-06-11,activation_price,23,117.18205,147.37182608695653
2026-06-12,day_ahead_price,0,99.57,115.61000075
2026-06-12,day_ahead_price,1,98.3125,101.30249975000001
2026-06-12,day_ahead_price,2,96.8,93.602499
2026-06-12,day_ahead_price,3,96.715,90.700001
2026-06-12,day_ahead_price,4,96.185,91.45750050000001
2026-06-12,day_ahead_price,5,103.7,94.20750050000001
2026-06-12,day_ahead_price,6,118.06625,113.2474995
2026-06-12,day_ahead_price,7,119.3,119.79999924999998
2026-06-12,day_ahead_price,8,111.006256,124.31999950000001
2026-06-12,day_ahead_price,9,95.80375,115.620001
2026-06-12,day_ahead_price,10,64.14,100.2124995
2026-06-12,day_ahead_price,11,45.9,89.062502
2026-06-12,day_ahead_price,12,23.5875,79.71499800000001
2026-06-12,day_ahead_price,13,24.27,68.625001
2026-06-12,day_ahead_price,14,37.1975,54.165001000000004
2026-06-12,day_ahead_price,15,58.6475,51.4524995
2026-06-12,day_ahead_price,16,83.21124,52.99750025
2026-06-12,day_ahead_price,17,111.261246,68.19500075
2026-06-12,day_ahead_price,18,129.68875,87.99749949999999
2026-06-12,day_ahead_price,19,134.11,96.83000000000001
2026-06-12,day_ahead_price,20,131.8875,108.035002
2026-06-12,day_ahead_price,21,123.55,109.83749974999999
2026-06-12,day_ahead_price,22,116.08125,111.10750025
2026-06-12,day_ahead_price,23,106.02,100.83999800000001
2026-06-12,capacity_price,0,0.54,0.67
2026-06-12,capacity_price,1,0.54,0.67
2026-06-12,capacity_price,2,0.32,0.67
2026-06-12,capacity_price,3,0.35500002,0.67
2026-06-12,capacity_price,4,0.67,0.67
2026-06-12,capacity_price,5,1.2,0.67
2026-06-12,capacity_price,6,1.31,2.27
2026-06-12,capacity_price,7,2.655,2.01
2026-06-12,capacity_price,8,20.07,2.01
2026-06-12,capacity_price,9,6.69,2.01
2026-06-12,capacity_price,10,5.35,2.01
2026-06-12,capacity_price,11,1.31,2.01
2026-06-12,capacity_price,12,1.2,2.01
2026-06-12,capacity_price,13,1.2,2.01
2026-06-12,capacity_price,14,1.2,0.67
2026-06-12,capacity_price,15,3.35,0.74
2026-06-12,capacity_price,16,13.61,2.01
2026-06-12,capacity_price,17,68.825,2.01
2026-06-12,capacity_price,18,65.57,11.48
2026-06-12,capacity_price,19,43.489998,27.02
2026-06-12,capacity_price,20,9.9,28.32
2026-06-12,capacity_price,21,9.64,26.89
2026-06-12,capacity_price,22,4.5150003,2.01
2026-06-12,capacity_price,23,1.2,0.67
2026-06-12,activation_volume,0,14.77,5.16
2026-06-12,activation_volume,1,10.42,2.5
2026-06-12,activation_volume,2,2.45,2.61
2026-06-12,activation_volume,3,2.185,1.63
2026-06-12,activation_volume,4,1.5,2.24
2026-06-12,activation_volume,5,5.995,14.3
2026-06-12,activation_volume,6,6.53,5.930000000000001
2026-06-12,activation_volume,7,4.88,2.6599999999999993
2026-06-12,activation_volume,8,8.32,1.7600000000000002
2026-06-12,activation_volume,9,6.7,10.129999999999999
2026-06-12,activation_volume,10,10.98,9.069999999999999
2026-06-12,activation_volume,11,11.075,4.43
2026-06-12,activation_volume,12,11.125,0.08
2026-06-12,activation_volume,13,15.605,0.0
2026-06-12,activation_volume,14,11.4,1.35
2026-06-12,activation_volume,15,17.38,0.63
2026-06-12,activation_volume,16,13.125,2.44
2026-06-12,activation_volume,17,15.18,12.55
2026-06-12,activation_volume,18,7.655,2.63
2026-06-12,activation_volume,19,4.64,3.44
2026-06-12,activation_volume,20,4.925,29.45
2026-06-12,activation_volume,21,3.38,2.77
2026-06-12,activation_volume,22,2.4450002,1.6600000000000001
2026-06-12,activation_volume,23,3.63,3.27
2026-06-12,activation_price,0,111.64772,168.62027131782946
2026-06-12,activation_price,1,108.64696,111.06848
2026-06-12,activation_price,2,103.07488,125.88597701149426
2026-06-12,activation_price,3,98.47409,119.9217791411043
2026-06-12,activation_price,4,104.33651,122.95241071428572
2026-06-12,activation_price,5,118.14191,149.6328111888112
2026-06-12,activation_price,6,147.92763,175.55944350758853
2026-06-12,activation_price,7,133.5228,187.1273684210527
2026-06-12,activation_price,8,146.7131,196.23147727272726
2026-06-12,activation_price,9,136.27963,163.16317867719644
2026-06-12,activation_price,10,106.99419,166.27987872105845
2026-06-12,activation_price,11,106.948235,173.28733634311516
2026-06-12,activation_price,12,80.60529,83.3775
2026-06-12,activation_price,13,75.99431,
2026-06-12,activation_price,14,112.53657,47.504740740740736
2026-06-12,activation_price,15,109.00588,28.23
2026-06-12,activation_price,16,130.00432,81.42225409836065
2026-06-12,activation_price,17,149.39511,76.45200796812749
2026-06-12,activation_price,18,147.94473,21.341825095057036
2026-06-12,activation_price,19,139.74023,96.17459302325581
2026-06-12,activation_price,20,127.39501,132.4293480475382
2026-06-12,activation_price,21,134.48572,123.23288808664259
2026-06-12,activation_price,22,126.53568,117.52897590361444
2026-06-12,activation_price,23,118.85682,115.7660244648318
2026-06-13,day_ahead_price,0,99.57,86.66500049999999
2026-06-13,day_ahead_price,1,96.69,74.03499975
2026-06-13,day_ahead_price,2,96.1725,63.89999949999999
2026-06-13,day_ahead_price,3,96.06625,57.01749875
2026-06-13,day_ahead_price,4,95.786255,39.23750025
2026-06-13,day_ahead_price,5,101.6625,36.727501000000004
2026-06-13,day_ahead_price,6,110.62375,30.5475005
2026-06-13,day_ahead_price,7,121.526245,13.655
2026-06-13,day_ahead_price,8,113.865005,0.41250000000000003
2026-06-13,day_ahead_price,9,91.98375,-0.4175
2026-06-13,day_ahead_price,10,72.23,-2.4
2026-06-13,day_ahead_price,11,59.235,-7.1
2026-06-13,day_ahead_price,12,51.48,-13.9975
2026-06-13,day_ahead_price,13,46.21,-21.50750025
2026-06-13,day_ahead_price,14,54.35625,-28.95
2026-06-13,day_ahead_price,15,66.665,-26.3
2026-06-13,day_ahead_price,16,87.149994,-12.612499750000001
2026-06-13,day_ahead_price,17,106.53125,-2.9924999999999997
2026-06-13,day_ahead_price,18,118.7525,0.31000000000000005
2026-06-13,day_ahead_price,19,130.9875,28.245
2026-06-13,day_ahead_price,20,123.27,64.37749975
2026-06-13,day_ahead_price,21,117.0775,78.18249899999999
2026-06-13,day_ahead_price,22,111.27,83.17749975
2026-06-13,day_ahead_price,23,100.11125,75.93500125
2026-06-13,capacity_price,0,0.67,2.0
2026-06-13,capacity_price,1,0.67,0.67
2026-06-13,capacity_price,2,0.485,0.67
2026-06-13,capacity_price,3,0.67,0.67
2026-06-13,capacity_price,4,1.2,0.67
2026-06-13,capacity_price,5,1.2,2.01
2026-06-13,capacity_price,6,4.0,6.69
2026-06-13,capacity_price,7,5.75,2.01
2026-06-13,capacity_price,8,10.889999,0.67
2026-06-13,capacity_price,9,6.69,0.67
2026-06-13,capacity_price,10,5.76,0.54
2026-06-13,capacity_price,11,1.325,0.54
2026-06-13,capacity_price,12,1.2,0.54
2026-06-13,capacity_price,13,1.2,0.67
2026-06-13,capacity_price,14,1.2,0.67
2026-06-13,capacity_price,15,2.14,0.67
2026-06-13,capacity_price,16,9.0,0.67
2026-06-13,capacity_price,17,60.48,0.67
2026-06-13,capacity_price,18,68.09,0.67
2026-06-13,capacity_price,19,59.555,6.0
2026-06-13,capacity_price,20,51.73,27.02
2026-06-13,capacity_price,21,13.09,26.89
2026-06-13,capacity_price,22,5.75,2.01
2026-06-13,capacity_price,23,1.2,0.67
2026-06-13,activation_volume,0,15.83,20.64
2026-06-13,activation_volume,1,14.585,11.2
2026-06-13,activation_volume,2,2.65,2.91
2026-06-13,activation_volume,3,2.255,7.1000000000000005
2026-06-13,activation_volume,4,3.95,1.6199999999999999
2026-06-13,activation_volume,5,8.04,1.58
2026-06-13,activation_volume,6,8.085,17.900000000000002
2026-06-13,activation_volume,7,4.88,0.24
2026-06-13,activation_volume,8,11.39,28.070000000000004
2026-06-13,activation_volume,9,9.25,13.59
2026-06-13,activation_volume,10,10.315,1.54
2026-06-13,activation_volume,11,10.495,33.87
2026-06-13,activation_volume,12,9.825,5.9399999999999995
2026-06-13,activation_volume,13,15.135,0.0
2026-06-13,activation_volume,14,8.125,3.84
2026-06-13,activation_volume,15,11.82,12.32
2026-06-13,activation_volume,16,12.095,15.219999999999999
2026-06-13,activation_volume,17,10.74,20.85
2026-06-13,activation_volume,18,8.43,51.51
2026-06-13,activation_volume,19,4.2,27.330000000000002
2026-06-13,activation_volume,20,5.2,0.0
2026-06-13,activation_volume,21,2.97,0.03
2026-06-13,activation_volume,22,2.4650002,2.8099999999999996
2026-06-13,activation_volume,23,2.835,0.76
2026-06-13,activation_price,0,112.4919,134.97749515503875
2026-06-13,activation_price,1,109.23183,232.37317857142858
2026-06-13,activation_price,2,112.01865,150.5021649484536
2026-06-13,activation_price,3,97.6513,138.05346478873238
2026-06-13,activation_price,4,103.45336,28.922222222222224
2026-06-13,activation_price,5,105.70325,50.60392405063292
2026-06-13,activation_price,6,145.8301,150.39144134078208
2026-06-13,activation_price,7,133.65303,42.65
2026-06-13,activation_price,8,152.34198,377.0416957605985
2026-06-13,activation_price,9,126.13077,40.51211184694629
2026-06-13,activation_price,10,112.63367,3.5854545454545454
2026-06-13,activation_price,11,97.604294,52.835066430469446
2026-06-13,activation_price,12,90.13772,27.613619528619527
2026-06-13,activation_price,13,85.44889,
2026-06-13,activation_price,14,87.97076,1.1222135416666665
2026-06-13,activation_price,15,108.80129,11.865267857142857
2026-06-13,activation_price,16,129.9588,30.889546649145867
2026-06-13,activation_price,17,142.13206,92.20158273381294
2026-06-13,activation_price,18,144.13432,63.1740089303048
2026-06-13,activation_price,19,135.98639,662.1874130991584
2026-06-13,activation_price,20,125.43177,
2026-06-13,activation_price,21,114.292786,68.93
2026-06-13,activation_price,22,121.49,90.87811387900356
2026-06-13,activation_price,23,114.44874,47.45578947368421
2026-06-14,day_ahead_price,0,100.95875,59.8500005
2026-06-14,day_ahead_price,1,99.295,48.44749924999999
2026-06-14,day_ahead_price,2,98.6925,33.32499975
2026-06-14,day_ahead_price,3,98.78375,27.317500499999998
2026-06-14,day_ahead_price,4,100.19,25.94749975
2026-06-14,day_ahead_price,5,106.2975,21.25249975
2026-06-14,day_ahead_price,6,115.03,7.765000000000001
2026-06-14,day_ahead_price,7,121.526245,0.46499999999999997
2026-06-14,day_ahead_price,8,116.62375,0.0
2026-06-14,day_ahead_price,9,99.520004,0.0
2026-06-14,day_ahead_price,10,81.4325,0.0
2026-06-14,day_ahead_price,11,61.350002,0.0025
2026-06-14,day_ahead_price,12,52.489998,-0.01
2026-06-14,day_ahead_price,13,47.4,-0.005
2026-06-14,day_ahead_price,14,55.41,-0.53
2026-06-14,day_ahead_price,15,71.3075,-1.51
2026-06-14,day_ahead_price,16,86.49875,-0.0125
2026-06-14,day_ahead_price,17,104.87875,0.8300000000000001
2026-06-14,day_ahead_price,18,123.011246,6.73749975
2026-06-14,day_ahead_price,19,132.45749,61.3974985
2026-06-14,day_ahead_price,20,124.5725,81.2299975
2026-06-14,day_ahead_price,21,116.47626,86.9050005
2026-06-14,day_ahead_price,22,111.295,84.84499925
2026-06-14,day_ahead_price,23,101.113754,74.05
2026-06-14,capacity_price,0,0.67,2.01
2026-06-14,capacity_price,1,0.67,3.88
2026-06-14,capacity_price,2,0.54,0.67
2026-06-14,capacity_price,3,0.67,0.67
2026-06-14,capacity_price,4,1.2,0.67
2026-06-14,capacity_price,5,1.2,2.01
2026-06-14,capacity_price,6,4.0,0.67
2026-06-14,capacity_price,7,5.685,0.67
2026-06-14,capacity_price,8,16.595,0.67
2026-06-14,capacity_price,9,6.69,0.54
2026-06-14,capacity_price,10,5.825,0.67
2026-06-14,capacity_price,11,1.31,0.67
2026-06-14,capacity_price,12,1.2,0.54
2026-06-14,capacity_price,13,1.2,0.54
2026-06-14,capacity_price,14,1.31,0.67
2026-06-14,capacity_price,15,2.41,0.54
2026-06-14,capacity_price,16,9.315001,0.67
2026-06-14,capacity_price,17,52.87,0.67
2026-06-14,capacity_price,18,62.555,2.01
2026-06-14,capacity_price,19,57.510002,6.0
2026-06-14,capacity_price,20,49.05,56.03
2026-06-14,capacity_price,21,9.9,9.3
2026-06-14,capacity_price,22,5.62,2.01
2026-06-14,capacity_price,23,1.2,0.67
2026-06-14,activation_volume,0,15.51,3.67
2026-06-14,activation_volume,1,11.05,9.17
2026-06-14,activation_volume,2,2.185,7.6
2026-06-14,activation_volume,3,2.5,7.5
2026-06-14,activation_volume,4,3.12,0.0
2026-06-14,activation_volume,5,6.535,0.0
2026-06-14,activation_volume,6,6.8149996,0.0
2026-06-14,activation_volume,7,4.32,13.030000000000001
2026-06-14,activation_volume,8,7.37,29.39
2026-06-14,activation_volume,9,8.515,10.22
2026-06-14,activation_volume,10,6.13,6.26
2026-06-14,activation_volume,11,7.48,40.94
2026-06-14,activation_volume,12,9.825,2.62
2026-06-14,activation_volume,13,12.43,7.09
2026-06-14,activation_volume,14,16.94,17.79
2026-06-14,activation_volume,15,20.02,4.0
2026-06-14,activation_volume,16,14.135,8.14
2026-06-14,activation_volume,17,11.14,15.600000000000001
2026-06-14,activation_volume,18,7.09,110.75
2026-06-14,activation_volume,19,3.08,5.25
2026-06-14,activation_volume,20,4.035,2.0300000000000002
2026-06-14,activation_volume,21,2.2350001,15.66
2026-06-14,activation_volume,22,2.4650002,16.400000000000002
2026-06-14,activation_volume,23,2.4450002,0.5
2026-06-14,activation_price,0,116.635635,116.91678474114443
2026-06-14,activation_price,1,118.10865,117.65838604143948
2026-06-14,activation_price,2,109.6759,92.16263157894738
2026-06-14,activation_price,3,102.40217,21.02
2026-06-14,activation_price,4,103.31088,
2026-06-14,activation_price,5,115.75356,
2026-06-14,activation_price,6,130.5694,
2026-06-14,activation_price,7,129.0394,33.225955487336904
2026-06-14,activation_price,8,145.22844,81.00424634229329
2026-06-14,activation_price,9,136.49411,17.888003913894327
2026-06-14,activation_price,10,112.63367,20.447507987220447
2026-06-14,activation_price,11,101.14033,58.516499755740114
2026-06-14,activation_price,12,97.428345,5.710229007633588
2026-06-14,activation_price,13,91.37877,7.974809590973203
2026-06-14,activation_price,14,91.835,15.62593029792018
2026-06-14,activation_price,15,109.9915,8.199875
2026-06-14,activation_price,16,131.53336,23.66453316953317
2026-06-14,activation_price,17,156.3484,37.15599358974358
2026-06-14,activation_price,18,148.27014,156.9974275395034
2026-06-14,activation_price,19,133.99316,129.43293333333332
2026-06-14,activation_price,20,130.8502,102.26502463054186
2026-06-14,activation_price,21,128.11342,289.237190293742
2026-06-14,activation_price,22,122.86699,139.62748170731706
2026-06-14,activation_price,23,115.101555,92.90700000000001
2026-06-15,day_ahead_price,0,106.7475,65.20499875
2026-06-15,day_ahead_price,1,104.8475,57.1000005
2026-06-15,day_ahead_price,2,103.485,48.2524995
2026-06-15,day_ahead_price,3,102.07125,50.02000025
2026-06-15,day_ahead_price,4,105.20375,50.30000025
2026-06-15,day_ahead_price,5,109.1,59.6224995
2026-06-15,day_ahead_price,6,127.542496,88.59
2026-06-15,day_ahead_price,7,130.6075,101.63000275
2026-06-15,day_ahead_price,8,118.31625,87.10999875000002
2026-06-15,day_ahead_price,9,96.965,58.977499
2026-06-15,day_ahead_price,10,73.03875,21.665
2026-06-15,day_ahead_price,11,52.002502,5.045
2026-06-15,day_ahead_price,12,49.255,2.025
2026-06-15,day_ahead_price,13,35.6875,1.9000000000000001
2026-06-15,day_ahead_price,14,44.8075,1.3775
2026-06-15,day_ahead_price,15,63.0775,1.6900000000000002
2026-06-15,day_ahead_price,16,85.5075,5.0325
2026-06-15,day_ahead_price,17,110.9675,43.4675
2026-06-15,day_ahead_price,18,128.5975,91.277501
2026-06-15,day_ahead_price,19,139.7925,129.03500350000002
2026-06-15,day_ahead_price,20,139.045,148.74499525
2026-06-15,day_ahead_price,21,128.5275,155.540001
2026-06-15,day_ahead_price,22,118.92,153.7924995
2026-06-15,day_ahead_price,23,109.6075,134.737503
2026-06-15,capacity_price,0,0.67,0.67
2026-06-15,capacity_price,1,0.67,0.67
2026-06-15,capacity_price,2,0.67,0.67
2026-06-15,capacity_price,3,0.67,0.67
2026-06-15,capacity_price,4,1.2,2.01
2026-06-15,capacity_price,5,1.655,2.0
2026-06-15,capacity_price,6,5.35,2.01
2026-06-15,capacity_price,7,5.89,2.01
2026-06-15,capacity_price,8,38.93,2.01
2026-06-15,capacity_price,9,9.9,2.01
2026-06-15,capacity_price,10,4.675,4.01
2026-06-15,capacity_price,11,1.31,2.01
2026-06-15,capacity_price,12,1.2,2.01
2026-06-15,capacity_price,13,1.2,2.94
2026-06-15,capacity_price,14,1.2,0.83
2026-06-15,capacity_price,15,2.075,2.01
2026-06-15,capacity_price,16,11.375,2.01
2026-06-15,capacity_price,17,55.19,2.01
2026-06-15,capacity_price,18,71.455,2.01
2026-06-15,capacity_price,19,53.4,87.34
2026-06-15,capacity_price,20,12.71,108.52
2026-06-15,capacity_price,21,9.9,33.58
2026-06-15,capacity_price,22,5.8199997,0.67
2026-06-15,capacity_price,23,1.2,0.67
2026-06-15,activation_volume,0,18.974998,6.49
2026-06-15,activation_volume,1,11.455,4.65
2026-06-15,activation_volume,2,4.59,7.99
2026-06-15,activation_volume,3,2.53,0.0
2026-06-15,activation_volume,4,3.06,0.14
2026-06-15,activation_volume,5,6.03,11.600000000000001
2026-06-15,activation_volume,6,6.99,12.790000000000001
2026-06-15,activation_volume,7,4.14,1.12
2026-06-15,activation_volume,8,8.985,1.49
2026-06-15,activation_volume,9,11.62,13.82
2026-06-15,activation_volume,10,13.05,73.89999999999999
2026-06-15,activation_volume,11,16.04,64.93
2026-06-15,activation_volume,12,7.995,54.169999999999995
2026-06-15,activation_volume,13,13.865,0.31000000000000005
2026-06-15,activation_volume,14,12.285,3.0100000000000002
2026-06-15,activation_volume,15,11.07,12.870000000000001
2026-06-15,activation_volume,16,14.43,1.53
2026-06-15,activation_volume,17,13.75,3.25
2026-06-15,activation_volume,18,8.22,3.27
2026-06-15,activation_volume,19,3.5900002,5.8100000000000005
2026-06-15,activation_volume,20,5.39,11.45
2026-06-15,activation_volume,21,3.4050002,3.51
2026-06-15,activation_volume,22,2.3899999,1.6099999999999999
2026-06-15,activation_volume,23,2.58,0.95
2026-06-15,activation_price,0,123.83736,141.64009244992295
2026-06-15,activation_price,1,110.0894,100.77462365591397
2026-06-15,activation_price,2,113.94198,106.19006257822278
2026-06-15,activation_price,3,111.93227,
2026-06-15,activation_price,4,108.952805,16.02
2026-06-15,activation_price,5,121.496346,78.68828448275862
2026-06-15,activation_price,6,150.45206,134.32030492572324
2026-06-15,activation_price,7,137.14474,157.53
2026-06-15,activation_price,8,153.44254,172.32
2026-06-15,activation_price,9,147.02231,168.05112879884223
2026-06-15,activation_price,10,117.43,139.0282571041949
2026-06-15,activation_price,11,101.80981,143.02161404589557
2026-06-15,activation_price,12,69.58134,296.3195181834964
2026-06-15,activation_price,13,85.35099,1.0703225806451613
2026-06-15,activation_price,14,98.18478,8.578305647840532
2026-06-15,activation_price,15,118.20627,15.8803885003885
2026-06-15,activation_price,16,129.9588,14.799019607843134
2026-06-15,activation_price,17,151.3021,122.40366153846155
2026-06-15,activation_price,18,154.42592,203.6020489296636
2026-06-15,activation_price,19,141.57843,166.76506024096383
2026-06-15,activation_price,20,138.94633,170.62289082969437
2026-06-15,activation_price,21,139.84387,160.37116809116813
2026-06-15,activation_price,22,131.43692,157.00472049689444
2026-06-15,activation_price,23,114.77515,150.64936842105263
2026-06-16,day_ahead_price,0,106.3075,123.12000075
2026-06-16,day_ahead_price,1,101.1125,117.34000025
2026-06-16,day_ahead_price,2,99.4775,113.73750100000001
2026-06-16,day_ahead_price,3,99.04,110.82250200000001
2026-06-16,day_ahead_price,4,100.77625,110.7524985
2026-06-16,day_ahead_price,5,106.416245,114.9799975
2026-06-16,day_ahead_price,6,113.97,127.99250025
2026-06-16,day_ahead_price,7,121.526245,131.69499975
2026-06-16,day_ahead_price,8,118.31625,134.81499875
2026-06-16,day_ahead_price,9,97.07125,111.40250024999999
2026-06-16,day_ahead_price,10,76.4475,107.0249995
2026-06-16,day_ahead_price,11,53.74375,84.0150015
2026-06-16,day_ahead_price,12,32.1475,68.99250025
2026-06-16,day_ahead_price,13,32.78625,56.902501
2026-06-16,day_ahead_price,14,37.1975,53.5275005
2026-06-16,day_ahead_price,15,51.27,63.5625
2026-06-16,day_ahead_price,16,78.44,82.6950005
2026-06-16,day_ahead_price,17,106.35249,108.89750099999999
2026-06-16,day_ahead_price,18,127.14,126.7575
2026-06-16,day_ahead_price,19,137.82251,148.00749975
2026-06-16,day_ahead_price,20,131.8875,175.257496
2026-06-16,day_ahead_price,21,123.82625,182.88000125000002
2026-06-16,day_ahead_price,22,115.98625,164.50500475
2026-06-16,day_ahead_price,23,106.792496,143.2924995
2026-06-16,capacity_price,0,0.67,0.67
2026-06-16,capacity_price,1,0.67,0.67
2026-06-16,capacity_price,2,0.67,0.67
2026-06-16,capacity_price,3,0.67,0.67
2026-06-16,capacity_price,4,1.2,0.67
2026-06-16,capacity_price,5,2.0,0.67
2026-06-16,capacity_price,6,5.35,2.01
2026-06-16,capacity_price,7,6.69,2.01
2026-06-16,capacity_price,8,20.07,2.01
2026-06-16,capacity_price,9,6.69,2.01
2026-06-16,capacity_price,10,5.89,2.94
2026-06-16,capacity_price,11,1.31,4.0
2026-06-16,capacity_price,12,1.2,6.69
2026-06-16,capacity_price,13,1.2,2.01
2026-06-16,capacity_price,14,1.2,2.01
2026-06-16,capacity_price,15,2.14,2.94
2026-06-16,capacity_price,16,9.63,2.94
2026-06-16,capacity_price,17,60.48,2.01
2026-06-16,capacity_price,18,71.385,2.01
2026-06-16,capacity_price,19,63.86,132.11
2026-06-16,capacity_price,20,57.14,152.67
2026-06-16,capacity_price,21,12.85,69.58
2026-06-16,capacity_price,22,5.89,2.01
2026-06-16,capacity_price,23,1.2,0.67
2026-06-16,activation_volume,0,15.059999,20.33
2026-06-16,activation_volume,1,10.465,1.62
2026-06-16,activation_volume,2,2.4,3.8399999999999994
2026-06-16,activation_volume,3,2.23,14.1
2026-06-16,activation_volume,4,3.1,8.73
2026-06-16,activation_volume,5,6.065,2.7
2026-06-16,activation_volume,6,6.99,2.25
2026-06-16,activation_volume,7,3.85,2.83
2026-06-16,activation_volume,8,7.84,1.35
2026-06-16,activation_volume,9,6.24,2.17
2026-06-16,activation_volume,10,4.575,2.33
2026-06-16,activation_volume,11,12.51,26.479999999999997
2026-06-16,activation_volume,12,9.48,2.46
2026-06-16,activation_volume,13,12.43,6.56
2026-06-16,activation_volume,14,6.9049997,29.31
2026-06-16,activation_volume,15,11.389999,5.75
2026-06-16,activation_volume,16,11.59,4.0200000000000005
2026-06-16,activation_volume,17,10.965,3.89
2026-06-16,activation_volume,18,10.835,1.9500000000000002
2026-06-16,activation_volume,19,4.7349997,10.41
2026-06-16,activation_volume,20,4.04,7.15
2026-06-16,activation_volume,21,3.81,8.77
2026-06-16,activation_volume,22,2.92,2.87
2026-06-16,activation_volume,23,2.44,1.63
2026-06-16,activation_price,0,111.64772,191.3259222823414
2026-06-16,activation_price,1,110.85856,107.48172839506174
2026-06-16,activation_price,2,110.48759,121.84367187500003
2026-06-16,activation_price,3,103.53408,122.95367375886525
2026-06-16,activation_price,4,109.453064,148.65892325315002
2026-06-16,activation_price,5,118.60823,155.63759259259257
2026-06-16,activation_price,6,140.17747,181.97351111111112
2026-06-16,activation_price,7,138.88141,169.9413780918728
2026-06-16,activation_price,8,148.00758,142.72622222222222
2026-06-16,activation_price,9,141.27414,112.23308755760368
2026-06-16,activation_price,10,109.66629,110.7909442060086
2026-06-16,activation_price,11,100.22358,462.01959969788527
2026-06-16,activation_price,12,88.131195,351.0300813008129
2026-06-16,activation_price,13,79.511536,460.72045731707317
2026-06-16,activation_price,14,91.835,1132.7836131013307
2026-06-16,activation_price,15,111.63447,74.63380869565216
2026-06-16,activation_price,16,121.90567,108.6812935323383
2026-06-16,activation_price,17,147.99501,160.30123393316194
2026-06-16,activation_price,18,155.6566,169.90764102564103
2026-06-16,activation_price,19,139.74023,175.37671469740633
2026-06-16,activation_price,20,129.29698,170.11651748251748
2026-06-16,activation_price,21,126.95233,171.83812998859747
2026-06-16,activation_price,22,123.17535,198.0193031358885
2026-06-16,activation_price,23,117.18205,160.63226993865032
2026-06-17,day_ahead_price,0,107.2275,141.06750449999998
2026-06-17,day_ahead_price,1,103.39875,135.237503
2026-06-17,day_ahead_price,2,101.6475,129.1500035
2026-06-17,day_ahead_price,3,102.28,127.307501
2026-06-17,day_ahead_price,4,104.53,127.08499925000001
2026-06-17,day_ahead_price,5,108.713745,127.83499925000001
2026-06-17,day_ahead_price,6,122.306244,139.35999675
2026-06-17,day_ahead_price,7,128.2025,135.95500199999998
2026-06-17,day_ahead_price,8,115.775,121.715002
2026-06-17,day_ahead_price,9,96.8375,106.58250025
2026-06-17,day_ahead_price,10,74.286255,93.602501
2026-06-17,day_ahead_price,11,52.9575,82.02749825000001
2026-06-17,day_ahead_price,12,27.6675,75.965
2026-06-17,day_ahead_price,13,19.841251,69.1049995
2026-06-17,day_ahead_price,14,33.216248,68.3599985
2026-06-17,day_ahead_price,15,47.195,76.67750175
2026-06-17,day_ahead_price,16,80.5925,87.51250075
2026-06-17,day_ahead_price,17,105.75874,105.71249975
2026-06-17,day_ahead_price,18,125.7575,120.22000125
2026-06-17,day_ahead_price,19,137.82251,142.2075005
2026-06-17,day_ahead_price,20,136.14499,161.39250174999998
2026-06-17,day_ahead_price,21,127.43375,163.11000049999998
2026-06-17,day_ahead_price,22,118.88625,158.45249925000002
2026-06-17,day_ahead_price,23,108.886246,142.5625
2026-06-17,capacity_price,0,0.93500006,0.67
2026-06-17,capacity_price,1,1.2,0.67
2026-06-17,capacity_price,2,0.67,0.67
2026-06-17,capacity_price,3,0.67,0.67
2026-06-17,capacity_price,4,1.2,0.67
2026-06-17,capacity_price,5,1.2,0.67
2026-06-17,capacity_price,6,5.015,2.01
2026-06-17,capacity_price,7,5.89,2.01
2026-06-17,capacity_price,8,24.73,2.01
2026-06-17,capacity_price,9,12.9,2.01
2026-06-17,capacity_price,10,6.355,6.0
2026-06-17,capacity_price,11,1.34,13.38
2026-06-17,capacity_price,12,1.2,13.38
2026-06-17,capacity_price,13,1.2,14.92
2026-06-17,capacity_price,14,1.2,15.41
2026-06-17,capacity_price,15,2.68,2.01
2026-06-17,capacity_price,16,9.6,6.69
2026-06-17,capacity_price,17,53.199997,2.01
2026-06-17,capacity_price,18,63.7,26.36
2026-06-17,capacity_price,19,57.68,49.77
2026-06-17,capacity_price,20,12.85,69.57
2026-06-17,capacity_price,21,11.0,33.72
2026-06-17,capacity_price,22,5.4849997,2.01
2026-06-17,capacity_price,23,1.2,0.67
2026-06-17,activation_volume,0,15.48,10.46
2026-06-17,activation_volume,1,10.915,31.77
2026-06-17,activation_volume,2,3.905,11.84
2026-06-17,activation_volume,3,2.04,2.95
2026-06-17,activation_volume,4,3.12,3.21
2026-06-17,activation_volume,5,6.59,4.470000000000001
2026-06-17,activation_volume,6,7.75,2.43
2026-06-17,activation_volume,7,4.255,6.18
2026-06-17,activation_volume,8,9.32,0.5700000000000001
2026-06-17,activation_volume,9,12.219999,2.24
2026-06-17,activation_volume,10,13.36,0.24000000000000002
2026-06-17,activation_volume,11,7.375,3.3099999999999996
2026-06-17,activation_volume,12,11.79,0.97
2026-06-17,activation_volume,13,19.425,60.65
2026-06-17,activation_volume,14,16.94,36.96
2026-06-17,activation_volume,15,11.065001,21.720000000000002
2026-06-17,activation_volume,16,10.69,3.1500000000000004
2026-06-17,activation_volume,17,11.41,1.5999999999999999
2026-06-17,activation_volume,18,7.045,6.28
2026-06-17,activation_volume,19,5.45,0.68
2026-06-17,activation_volume,20,4.37,0.8500000000000001
2026-06-17,activation_volume,21,3.9700003,27.45
2026-06-17,activation_volume,22,3.43,10.1
2026-06-17,activation_volume,23,2.56,11.020000000000001
2026-06-17,activation_price,0,111.70262,143.85661567877628
2026-06-17,activation_price,1,109.428696,158.42528485993074
2026-06-17,activation_price,2,113.94198,157.42152027027026
2026-06-17,activation_price,3,98.47409,152.67833898305082
2026-06-17,activation_price,4,105.57201,163.75221183800622
2026-06-17,activation_price,5,118.89122,171.23440715883666
2026-06-17,activation_price,6,140.17747,169.5475308641975
2026-06-17,activation_price,7,139.28395,195.44742718446602
2026-06-17,activation_price,8,145.48845,153.21070175438595
2026-06-17,activation_price,9,148.77168,167.45906250000002
2026-06-17,activation_price,10,108.17838,90.04583333333335
2026-06-17,activation_price,11,97.80527,103.08897280966767
2026-06-17,activation_price,12,89.92,114.65
2026-06-17,activation_price,13,74.714294,1142.87918219291
2026-06-17,activation_price,14,89.00927,897.3155871212123
2026-06-17,activation_price,15,112.8744,128.56242173112338
2026-06-17,activation_price,16,121.05047,143.28088888888885
2026-06-17,activation_price,17,148.72568,170.81937500000004
2026-06-17,activation_price,18,161.12329,192.50394904458594
2026-06-17,activation_price,19,140.96092,173.59
2026-06-17,activation_price,20,133.48845,161.72635294117646
2026-06-17,activation_price,21,140.45444,186.79868123861567
2026-06-17,activation_price,22,125.417786,207.38562376237624
2026-06-17,activation_price,23,113.460495,198.21108892921958
2026-06-18,day_ahead_price,0,106.7475,134.80249975
2026-06-18,day_ahead_price,1,102.6475,125.44000025
2026-06-18,day_ahead_price,2,101.24,121.6324995
2026-06-18,day_ahead_price,3,101.8625,119.335001
2026-06-18,day_ahead_price,4,104.5,118.972498
2026-06-18,day_ahead_price,5,109.1,127.17999850000001
2026-06-18,day_ahead_price,6,125.955,135.6674995
2026-06-18,day_ahead_price,7,126.847496,135.33500475
2026-06-18,day_ahead_price,8,113.38376,118.82999975
2026-06-18,day_ahead_price,9,93.09375,102.4350015
2026-06-18,day_ahead_price,10,71.807495,76.89000025
2026-06-18,day_ahead_price,11,55.9225,48.7725
2026-06-18,day_ahead_price,12,35.385002,28.735
2026-06-18,day_ahead_price,13,34.039997,22.53250025
2026-06-18,day_ahead_price,14,44.8075,25.8999995
2026-06-18,day_ahead_price,15,65.98125,48.09749975
2026-06-18,day_ahead_price,16,85.5075,80.00499925
2026-06-18,day_ahead_price,17,106.776245,106.057499
2026-06-18,day_ahead_price,18,123.705,135.51750025
2026-06-18,day_ahead_price,19,135.58,258.550003
2026-06-18,day_ahead_price,20,134.225,447.57749925
2026-06-18,day_ahead_price,21,127.435,455.51499925
2026-06-18,day_ahead_price,22,118.665,270.05500025000003
2026-06-18,day_ahead_price,23,108.9525,164.30249775
2026-06-18,capacity_price,0,1.2,0.67
2026-06-18,capacity_price,1,1.2,0.67
2026-06-18,capacity_price,2,0.67,0.67
2026-06-18,capacity_price,3,0.67,0.67
2026-06-18,capacity_price,4,1.2,0.67
2026-06-18,capacity_price,5,2.0,0.67
2026-06-18,capacity_price,6,5.35,2.0
2026-06-18,capacity_price,7,6.0,2.01
2026-06-18,capacity_price,8,32.65,2.01
2026-06-18,capacity_price,9,8.295,4.0
2026-06-18,capacity_price,10,3.35,4.01
2026-06-18,capacity_price,11,1.31,2.01
2026-06-18,capacity_price,12,1.2,4.01
2026-06-18,capacity_price,13,1.2,0.67
2026-06-18,capacity_price,14,1.2,0.67
2026-06-18,capacity_price,15,1.74,1.2
2026-06-18,capacity_price,16,6.84,2.01
2026-06-18,capacity_price,17,51.065002,2.01
2026-06-18,capacity_price,18,63.7,2.01
2026-06-18,capacity_price,19,46.845,33.58
2026-06-18,capacity_price,20,53.955,40.1
2026-06-18,capacity_price,21,12.755,33.85
2026-06-18,capacity_price,22,5.8199997,2.01
2026-06-18,capacity_price,23,1.2,0.67
2026-06-18,activation_volume,0,16.77,3.1
2026-06-18,activation_volume,1,8.775,7.21
2026-06-18,activation_volume,2,2.405,4.39
2026-06-18,activation_volume,3,4.16,8.42
2026-06-18,activation_volume,4,4.96,1.3900000000000001
2026-06-18,activation_volume,5,6.065,6.07
2026-06-18,activation_volume,6,6.06,5.37
2026-06-18,activation_volume,7,4.37,6.95
2026-06-18,activation_volume,8,8.885,1.77
2026-06-18,activation_volume,9,7.23,8.809999999999999
2026-06-18,activation_volume,10,9.65,2.69
2026-06-18,activation_volume,11,14.535,7.08
2026-06-18,activation_volume,12,19.92,69.97
2026-06-18,activation_volume,13,19.47,29.25
2026-06-18,activation_volume,14,10.45,41.58
2026-06-18,activation_volume,15,19.630001,1.4100000000000001
2026-06-18,activation_volume,16,14.434999,0.0
2026-06-18,activation_volume,17,11.17,0.0
2026-06-18,activation_volume,18,9.53,9.149999999999999
2026-06-18,activation_volume,19,3.505,24.560000000000002
2026-06-18,activation_volume,20,5.895,67.8
2026-06-18,activation_volume,21,4.09,29.64
2026-06-18,activation_volume,22,2.83,16.77
2026-06-18,activation_volume,23,2.67,5.27
2026-06-18,activation_price,0,120.92848,154.13909677419355
2026-06-18,activation_price,1,107.356316,121.91585298196946
2026-06-18,activation_price,2,113.96083,143.75858769931662
2026-06-18,activation_price,3,112.29463,112.91185273159145
2026-06-18,activation_price,4,110.15495,143.9405035971223
2026-06-18,activation_price,5,121.496346,161.69558484349258
2026-06-18,activation_price,6,147.77608,187.13029795158286
2026-06-18,activation_price,7,139.9779,205.8308345323741
2026-06-18,activation_price,8,146.7131,203.01621468926555
2026-06-18,activation_price,9,134.33067,170.20289443813851
2026-06-18,activation_price,10,112.63367,150.6295910780669
2026-06-18,activation_price,11,101.80981,77.61285310734463
2026-06-18,activation_price,12,92.71752,81.24076461340574
2026-06-18,activation_price,13,83.86546,52.27698803418804
2026-06-18,activation_price,14,90.9675,92.54300625300625
2026-06-18,activation_price,15,109.9915,120.38659574468082
2026-06-18,activation_price,16,126.986015,
2026-06-18,activation_price,17,155.70695,
2026-06-18,activation_price,18,156.00107,832.7904153005467
2026-06-18,activation_price,19,133.06705,558.5475407166123
2026-06-18,activation_price,20,133.04784,1419.600407079646
2026-06-18,activation_price,21,121.47974,779.0673076923077
2026-06-18,activation_price,22,124.85716,436.3018425760286
2026-06-18,activation_price,23,117.17076,182.8445161290323
2026-06-19,day_ahead_price,0,107.095,148.0
2026-06-19,day_ahead_price,1,104.11,133.10249525
2026-06-19,day_ahead_price,2,102.31375,124.43749974999999
2026-06-19,day_ahead_price,3,102.555,120.15749925
2026-06-19,day_ahead_price,4,105.125,117.82499899999999
2026-06-19,day_ahead_price,5,109.4275,120.22250174999999
2026-06-19,day_ahead_price,6,127.761246,140.05999725
2026-06-19,day_ahead_price,7,128.2025,127.7125015
2026-06-19,day_ahead_price,8,116.3925,112.8225005
2026-06-19,day_ahead_price,9,95.34,98.0100005
2026-06-19,day_ahead_price,10,77.72,73.8125
2026-06-19,day_ahead_price,11,50.52,32.760000500000004
2026-06-19,day_ahead_price,12,40.572502,14.999999749999999
2026-06-19,day_ahead_price,13,32.9775,11.7925
2026-06-19,day_ahead_price,14,44.5175,16.92999975
2026-06-19,day_ahead_price,15,53.8875,45.952499
2026-06-19,day_ahead_price,16,79.287506,84.12249975
2026-06-19,day_ahead_price,17,105.52,109.08000175000001
2026-06-19,day_ahead_price,18,127.14,129.312502
2026-06-19,day_ahead_price,19,141.30374,168.58749775
2026-06-19,day_ahead_price,20,143.95,207.03750225000002
2026-06-19,day_ahead_price,21,127.43375,189.1800005
2026-06-19,day_ahead_price,22,119.802505,158.51250075000002
2026-06-19,day_ahead_price,23,109.213745,137.73500225
2026-06-19,capacity_price,0,0.67,1.2
2026-06-19,capacity_price,1,0.67,0.67
2026-06-19,capacity_price,2,0.67,0.67
2026-06-19,capacity_price,3,0.67,0.67
2026-06-19,capacity_price,4,1.2,0.67
2026-06-19,capacity_price,5,1.31,1.2
2026-06-19,capacity_price,6,5.015,2.01
2026-06-19,capacity_price,7,5.755,13.38
2026-06-19,capacity_price,8,24.73,2.01
2026-06-19,capacity_price,9,11.245,2.01
2026-06-19,capacity_price,10,6.69,3.34
2026-06-19,capacity_price,11,1.575,3.34
2026-06-19,capacity_price,12,1.2,1.2
2026-06-19,capacity_price,13,1.2,0.67
2026-06-19,capacity_price,14,1.2,0.67
2026-06-19,capacity_price,15,3.0149999,0.67
2026-06-19,capacity_price,16,9.764999,0.67
2026-06-19,capacity_price,17,53.53,2.01
2026-06-19,capacity_price,18,65.505005,2.01
2026-06-19,capacity_price,19,58.825,120.62
2026-06-19,capacity_price,20,56.695,120.42
2026-06-19,capacity_price,21,12.85,33.71
2026-06-19,capacity_price,22,6.0,2.01
2026-06-19,capacity_price,23,1.31,0.67
2026-06-19,activation_volume,0,16.195,1.6
2026-06-19,activation_volume,1,12.2,0.89
2026-06-19,activation_volume,2,3.73,0.43000000000000005
2026-06-19,activation_volume,3,2.62,1.23
2026-06-19,activation_volume,4,3.195,1.67
2026-06-19,activation_volume,5,6.9049997,2.08
2026-06-19,activation_volume,6,7.51,2.3800000000000003
2026-06-19,activation_volume,7,4.14,1.1300000000000001
2026-06-19,activation_volume,8,9.8,3.8099999999999996
2026-06-19,activation_volume,9,6.96,5.98
2026-06-19,activation_volume,10,9.03,2.1
2026-06-19,activation_volume,11,16.04,5.15
2026-06-19,activation_volume,12,14.865,10.290000000000001
2026-06-19,activation_volume,13,27.67,4.23
2026-06-19,activation_volume,14,14.89,3.17
2026-06-19,activation_volume,15,10.625,3.24
2026-06-19,activation_volume,16,9.93,1.58
2026-06-19,activation_volume,17,12.77,1.9100000000000001
2026-06-19,activation_volume,18,10.145,6.83
2026-06-19,activation_volume,19,5.22,13.26
2026-06-19,activation_volume,20,5.03,1.14
2026-06-19,activation_volume,21,3.5700002,3.7199999999999998
2026-06-19,activation_volume,22,2.3899999,2.99
2026-06-19,activation_volume,23,2.625,1.9899999999999998
2026-06-19,activation_price,0,119.42885,144.042
2026-06-19,activation_price,1,112.30832,116.97404494382023
2026-06-19,activation_price,2,116.413925,148.513488372093
2026-06-19,activation_price,3,99.75127,153.779918699187
2026-06-19,activation_price,4,112.48392,174.57634730538925
2026-06-19,activation_price,5,123.99666,174.03298076923076
2026-06-19,activation_price,6,144.03566,181.80172268907563
2026-06-19,activation_price,7,125.34338,167.3621238938053
2026-06-19,activation_price,8,142.35156,191.0573228346457
2026-06-19,activation_price,9,138.88412,346.38073578595316
2026-06-19,activation_price,10,100.70392,127.82061904761903
2026-06-19,activation_price,11,101.90109,95.62932038834951
2026-06-19,activation_price,12,84.36824,96.61616132167153
2026-06-19,activation_price,13,93.58679,33.61
2026-06-19,activation_price,14,100.06558,17.555173501577286
2026-06-19,activation_price,15,104.780365,99.88058641975309
2026-06-19,activation_price,16,130.76883,140.77183544303796
2026-06-19,activation_price,17,151.94818,185.91125654450258
2026-06-19,activation_price,18,158.03607,288.6589311859443
2026-06-19,activation_price,19,141.74353,199.61932126696834
2026-06-19,activation_price,20,139.61761,191.22105263157897
2026-06-19,activation_price,21,140.095,156.80067204301076
2026-06-19,activation_price,22,125.97673,139.06324414715718
2026-06-19,activation_price,23,117.02014,125.36286432160806
2026-06-20,day_ahead_price,0,107.1325,130.1775015
2026-06-20,day_ahead_price,1,103.085,121.11500174999999
2026-06-20,day_ahead_price,2,101.274994,118.5999985
2026-06-20,day_ahead_price,3,101.69,116.63500049999999
2026-06-20,day_ahead_price,4,104.86,114.54249949999999
2026-06-20,day_ahead_price,5,109.1,113.75749950000001
2026-06-20,day_ahead_price,6,122.1,109.67499725
2026-06-20,day_ahead_price,7,120.415,101.97500025000001
2026-06-20,day_ahead_price,8,109.46001,92.06499875
2026-06-20,day_ahead_price,9,87.52375,43.57999975
2026-06-20,day_ahead_price,10,64.14,4.125
2026-06-20,day_ahead_price,11,45.94875,-0.0025
2026-06-20,day_ahead_price,12,31.67,-0.0125
2026-06-20,day_ahead_price,13,28.28875,-0.0175
2026-06-20,day_ahead_price,14,29.57,-0.0125
2026-06-20,day_ahead_price,15,46.475,0.25
2026-06-20,day_ahead_price,16,77.4325,18.17999975
2026-06-20,day_ahead_price,17,103.213745,83.65250125
2026-06-20,day_ahead_price,18,123.189995,119.51999850000001
2026-06-20,day_ahead_price,19,136.2775,145.9500025
2026-06-20,day_ahead_price,20,136.14499,175.37000275
2026-06-20,day_ahead_price,21,126.494995,186.51750199999998
2026-06-20,day_ahead_price,22,115.98625,167.7299995
2026-06-20,day_ahead_price,23,108.4025,146.545002
2026-06-20,capacity_price,0,1.2,0.67
2026-06-20,capacity_price,1,0.67,0.36
2026-06-20,capacity_price,2,0.67,0.36
2026-06-20,capacity_price,3,0.67,0.36
2026-06-20,capacity_price,4,1.2,0.36
2026-06-20,capacity_price,5,1.31,0.36
2026-06-20,capacity_price,6,5.8199997,2.01
2026-06-20,capacity_price,7,6.69,2.01
2026-06-20,capacity_price,8,16.595,6.69
2026-06-20,capacity_price,9,6.69,8.03
2026-06-20,capacity_price,10,4.675,0.36
2026-06-20,capacity_price,11,1.31,0.67
2026-06-20,capacity_price,12,1.2,0.54
2026-06-20,capacity_price,13,1.2,0.54
2026-06-20,capacity_price,14,1.2,0.67
2026-06-20,capacity_price,15,2.14,0.54
2026-06-20,capacity_price,16,9.3,1.2
2026-06-20,capacity_price,17,52.87,4.0
2026-06-20,capacity_price,18,71.58,4.0
2026-06-20,capacity_price,19,62.09,13.38
2026-06-20,capacity_price,20,56.940002,180.63
2026-06-20,capacity_price,21,12.8,202.61
2026-06-20,capacity_price,22,5.89,101.56
2026-06-20,capacity_price,23,1.2,19.7
2026-06-20,activation_volume,0,15.89,7.450000000000001
2026-06-20,activation_volume,1,12.44,1.35
2026-06-20,activation_volume,2,4.785,0.9500000000000001
2026-06-20,activation_volume,3,3.815,9.370000000000001
2026-06-20,activation_volume,4,3.18,0.69
2026-06-20,activation_volume,5,6.6800003,1.54
2026-06-20,activation_volume,6,6.06,1.46
2026-06-20,activation_volume,7,4.37,5.449999999999999
2026-06-20,activation_volume,8,8.5,1.03
2026-06-20,activation_volume,9,11.665,0.2
2026-06-20,activation_volume,10,13.205,0.08
2026-06-20,activation_volume,11,13.545,2.0300000000000002
2026-06-20,activation_volume,12,19.92,0.0
2026-06-20,activation_volume,13,15.195,0.56
2026-06-20,activation_volume,14,8.93,6.0
2026-06-20,activation_volume,15,21.56,0.11
2026-06-20,activation_volume,16,15.23,2.27
2026-06-20,activation_volume,17,12.9,18.020000000000003
2026-06-20,activation_volume,18,9.344999,10.030000000000001
2026-06-20,activation_volume,19,3.995,15.99
2026-06-20,activation_volume,20,4.925,16.35
2026-06-20,activation_volume,21,3.38,23.37
2026-06-20,activation_volume,22,2.505,15.91
2026-06-20,activation_volume,23,2.625,37.16
2026-06-20,activation_price,0,110.97267,156.07320805369127
2026-06-20,activation_price,1,108.66535,119.19718518518518
2026-06-20,activation_price,2,114.74418,93.54136842105261
2026-06-20,activation_price,3,109.159485,146.76979722518675
2026-06-20,activation_price,4,106.7982,278.58
2026-06-20,activation_price,5,118.817955,115.14064935064934
2026-06-20,activation_price,6,141.02061,218.08842465753426
2026-06-20,activation_price,7,134.58652,140.17987155963303
2026-06-20,activation_price,8,144.96843,80.17281553398058
2026-06-20,activation_price,9,133.72406,43.56
2026-06-20,activation_price,10,102.74093,40.94
2026-06-20,activation_price,11,100.1104,4.911921182266009
2026-06-20,activation_price,12,89.0256,
2026-06-20,activation_price,13,79.511536,1.1460714285714284
2026-06-20,activation_price,14,91.835,16.033099999999997
2026-06-20,activation_price,15,109.49869,-1.46
2026-06-20,activation_price,16,126.38869,62.77277533039648
2026-06-20,activation_price,17,149.10397,198.48982796892338
2026-06-20,activation_price,18,146.03952,249.68798604187435
2026-06-20,activation_price,19,136.1266,788.484990619137
2026-06-20,activation_price,20,127.39501,185.11881345565746
2026-06-20,activation_price,21,128.42082,181.72708600770216
2026-06-20,activation_price,22,125.417786,189.5112256442489
2026-06-20,activation_price,23,114.77515,655.8814612486544
2026-06-21,day_ahead_price,0,106.4,138.14250174999998
2026-06-21,day_ahead_price,1,101.295,128.335003
2026-06-21,day_ahead_price,2,101.274994,126.1225015
2026-06-21,day_ahead_price,3,101.69,123.602501
2026-06-21,day_ahead_price,4,104.86,121.76499925
2026-06-21,day_ahead_price,5,109.8775,118.75
2026-06-21,day_ahead_price,6,127.085,112.822502
2026-06-21,day_ahead_price,7,122.0025,104.12000074999999
2026-06-21,day_ahead_price,8,112.34,75.88999925
2026-06-21,day_ahead_price,9,93.95875,31.135000000000005
2026-06-21,day_ahead_price,10,73.055,1.3724999999999998
2026-06-21,day_ahead_price,11,49.42875,0.065
2026-06-21,day_ahead_price,12,29.666252,0.0225
2026-06-21,day_ahead_price,13,25.8,0.0
2026-06-21,day_ahead_price,14,27.535,0.0
2026-06-21,day_ahead_price,15,46.475,0.0075
2026-06-21,day_ahead_price,16,77.87875,12.667499999999999
2026-06-21,day_ahead_price,17,100.24,76.755
2026-06-21,day_ahead_price,18,120.445,115.3100015
2026-06-21,day_ahead_price,19,139.7925,133.70999725
2026-06-21,day_ahead_price,20,139.045,149.579998
2026-06-21,day_ahead_price,21,127.435,150.46249775
2026-06-21,day_ahead_price,22,120.50375,146.03999699999997
2026-06-21,day_ahead_price,23,111.5525,133.84750375000002
2026-06-21,capacity_price,0,1.2,1.2
2026-06-21,capacity_price,1,1.2,0.38
2026-06-21,capacity_price,2,0.67,0.38
2026-06-21,capacity_price,3,1.2,0.38
2026-06-21,capacity_price,4,2.595,0.38
2026-06-21,capacity_price,5,5.35,0.38
2026-06-21,capacity_price,6,5.89,1.2
2026-06-21,capacity_price,7,8.515,2.01
2026-06-21,capacity_price,8,24.3,2.01
2026-06-21,capacity_price,9,9.9,0.54
2026-06-21,capacity_price,10,3.35,0.67
2026-06-21,capacity_price,11,1.31,4.01
2026-06-21,capacity_price,12,1.2,1.34
2026-06-21,capacity_price,13,1.2,1.2
2026-06-21,capacity_price,14,1.2,1.2
2026-06-21,capacity_price,15,2.075,1.2
2026-06-21,capacity_price,16,6.7650003,0.67
2026-06-21,capacity_price,17,50.61,2.01
2026-06-21,capacity_price,18,72.28,2.01
2026-06-21,capacity_price,19,74.94,147.18
2026-06-21,capacity_price,20,66.91,33.85
2026-06-21,capacity_price,21,16.73,127.18
2026-06-21,capacity_price,22,8.9,13.9
2026-06-21,capacity_price,23,1.2,0.38
2026-06-21,activation_volume,0,14.950001,22.17
2026-06-21,activation_volume,1,6.19,11.83
2026-06-21,activation_volume,2,1.8399999,5.58
2026-06-21,activation_volume,3,2.53,2.64
2026-06-21,activation_volume,4,2.425,2.17
2026-06-21,activation_volume,5,8.29,1.27
2026-06-21,activation_volume,6,6.8149996,5.720000000000001
2026-06-21,activation_volume,7,4.84,0.5700000000000001
2026-06-21,activation_volume,8,7.65,2.42
2026-06-21,activation_volume,9,6.24,19.63
2026-06-21,activation_volume,10,3.87,9.479999999999999
2026-06-21,activation_volume,11,7.995,3.95
2026-06-21,activation_volume,12,20.34,4.39
2026-06-21,activation_volume,13,23.765,0.02
2026-06-21,activation_volume,14,9.87,3.8200000000000003
2026-06-21,activation_volume,15,11.065001,10.24
2026-06-21,activation_volume,16,14.365,32.559999999999995
2026-06-21,activation_volume,17,12.275,4.9399999999999995
2026-06-21,activation_volume,18,13.975,18.71
2026-06-21,activation_volume,19,4.3900003,16.78
2026-06-21,activation_volume,20,5.39,1.06
2026-06-21,activation_volume,21,4.1800003,18.619999999999997
2026-06-21,activation_volume,22,2.34,19.89
2026-06-21,activation_volume,23,2.315,1.93
2026-06-21,activation_price,0,111.1714,315.38524131709516
2026-06-21,activation_price,1,100.65192,159.78716821639898
2026-06-21,activation_price,2,106.81,167.90913978494623
2026-06-21,activation_price,3,99.74571,170.7078787878788
2026-06-21,activation_price,4,107.59863,249.6488940092166
2026-06-21,activation_price,5,124.0833,165.6879527559055
2026-06-21,activation_price,6,140.17747,153.87520979020977
2026-06-21,activation_price,7,134.58652,124.66315789473681
2026-06-21,activation_price,8,149.37134,132.04210743801653
2026-06-21,activation_price,9,133.72406,135.39044829342845
2026-06-21,activation_price,10,98.80093,69.84004219409285
2026-06-21,activation_price,11,100.1104,16.167721518987342
2026-06-21,activation_price,12,89.92,13.328997722095675
2026-06-21,activation_price,13,88.65627,0.0
2026-06-21,activation_price,14,107.001305,12.148952879581152
2026-06-21,activation_price,15,106.21807,10.907734375
2026-06-21,activation_price,16,121.198044,110.59900184275186
2026-06-21,activation_price,17,151.56989,120.45963562753037
2026-06-21,activation_price,18,155.04126,163.41185996793155
2026-06-21,activation_price,19,137.51277,161.93762216924912
2026-06-21,activation_price,20,127.83096,180.3925471698113
2026-06-21,activation_price,21,122.389565,159.91114930182601
2026-06-21,activation_price,22,122.28445,187.75703871292106
2026-06-21,activation_price,23,119.158936,173.23113989637307
2026-06-22,day_ahead_price,0,114.0875,128.0874975
2026-06-22,day_ahead_price,1,108.12875,120.004999
2026-06-22,day_ahead_price,2,106.53125,114.44750025
2026-06-22,day_ahead_price,3,105.81,114.4700015
2026-06-22,day_ahead_price,4,106.442505,116.38750075
2026-06-22,day_ahead_price,5,111.835,123.31999775
2026-06-22,day_ahead_price,6,122.1,139.61999875
2026-06-22,day_ahead_price,7,123.791245,145.7199975
2026-06-22,day_ahead_price,8,112.902504,128.70250125
2026-06-22,day_ahead_price,9,96.965,108.02750025
2026-06-22,day_ahead_price,10,75.598755,85.33749974999999
2026-06-22,day_ahead_price,11,58.636253,57.30250075
2026-06-22,day_ahead_price,12,42.5225,39.5175005
2026-06-22,day_ahead_price,13,33.59375,32.33499975
2026-06-22,day_ahead_price,14,44.8075,40.6549995
2026-06-22,day_ahead_price,15,63.76125,63.415000750000004
2026-06-22,day_ahead_price,16,90.29001,90.71500025
2026-06-22,day_ahead_price,17,112.6025,113.59500125
2026-06-22,day_ahead_price,18,127.9025,145.35750174999998
2026-06-22,day_ahead_price,19,142.82625,197.89249425000003
2026-06-22,day_ahead_price,20,137.91875,270.90750475
2026-06-22,day_ahead_price,21,127.435,254.959999
2026-06-22,day_ahead_price,22,120.94,190.7300035
2026-06-22,day_ahead_price,23,113.5725,156.99499874999998
2026-06-22,capacity_price,0,1.2,0.67
2026-06-22,capacity_price,1,1.2,0.67
2026-06-22,capacity_price,2,0.67,0.67
2026-06-22,capacity_price,3,0.67,0.67
2026-06-22,capacity_price,4,1.2,2.0
2026-06-22,capacity_price,5,2.0,2.0
2026-06-22,capacity_price,6,5.8199997,2.01
2026-06-22,capacity_price,7,6.0,4.0
2026-06-22,capacity_price,8,28.975,4.0
2026-06-22,capacity_price,9,9.9,4.01
2026-06-22,capacity_price,10,5.9449997,26.76
2026-06-22,capacity_price,11,1.31,20.12
2026-06-22,capacity_price,12,1.2,8.87
2026-06-22,capacity_price,13,1.2,6.32
2026-06-22,capacity_price,14,1.2,11.9
2026-06-22,capacity_price,15,3.675,3.34
2026-06-22,capacity_price,16,14.004999,2.01
2026-06-22,capacity_price,17,53.53,2.01
2026-06-22,capacity_price,18,71.58,4.0
2026-06-22,capacity_price,19,60.96,33.58
2026-06-22,capacity_price,20,61.5,69.57
2026-06-22,capacity_price,21,13.115,4.0
2026-06-22,capacity_price,22,5.89,2.01
2026-06-22,capacity_price,23,1.2,0.67
2026-06-22,activation_volume,0,13.525,5.27
2026-06-22,activation_volume,1,9.68,46.57
2026-06-22,activation_volume,2,3.73,0.8300000000000001
2026-06-22,activation_volume,3,3.255,0.43
2026-06-22,activation_volume,4,3.195,1.0
2026-06-22,activation_volume,5,6.77,0.48
2026-06-22,activation_volume,6,6.53,4.21
2026-06-22,activation_volume,7,5.33,0.0
2026-06-22,activation_volume,8,8.65,4.75
2026-06-22,activation_volume,9,6.96,3.1599999999999997
2026-06-22,activation_volume,10,9.715,2.2
2026-06-22,activation_volume,11,10.495,6.43
2026-06-22,activation_volume,12,19.63,4.52
2026-06-22,activation_volume,13,12.13,8.09
2026-06-22,activation_volume,14,13.965,19.03
2026-06-22,activation_volume,15,16.925,3.0599999999999996
2026-06-22,activation_volume,16,15.145,0.53
2026-06-22,activation_volume,17,12.9,4.09
2026-06-22,activation_volume,18,8.635,3.0300000000000002
2026-06-22,activation_volume,19,3.13,18.490000000000002
2026-06-22,activation_volume,20,4.32,15.21
2026-06-22,activation_volume,21,2.98,13.959999999999999
2026-06-22,activation_volume,22,2.48,4.0
2026-06-22,activation_volume,23,3.63,0.97
2026-06-22,activation_price,0,110.97267,139.359165085389
2026-06-22,activation_price,1,107.61077,159.02967575692506
2026-06-22,activation_price,2,114.74418,150.62843373493973
2026-06-22,activation_price,3,113.04944,150.66465116279068
2026-06-22,activation_price,4,117.89122,163.3876
2026-06-22,activation_price,5,124.0833,165.95437500000003
2026-06-22,activation_price,6,147.79652,188.23532066508315
2026-06-22,activation_price,7,145.44064,
2026-06-22,activation_price,8,149.9691,198.80113684210525
2026-06-22,activation_price,9,138.88412,171.044082278481
2026-06-22,activation_price,10,116.42791,152.78949999999998
2026-06-22,activation_price,11,101.99238,163.52701399688956
2026-06-22,activation_price,12,90.13772,128.44311946902656
2026-06-22,activation_price,13,82.379944,71.69169344870211
2026-06-22,activation_price,14,90.06607,153.71025748817655
2026-06-22,activation_price,15,111.63447,149.5744117647059
2026-06-22,activation_price,16,126.91231,182.55
2026-06-22,activation_price,17,166.75,184.75056234718826
2026-06-22,activation_price,18,151.8081,197.84917491749172
2026-06-22,activation_price,19,135.2933,220.63954570037853
2026-06-22,activation_price,20,131.0704,242.2287245233399
2026-06-22,activation_price,21,122.389565,273.3307378223496
2026-06-22,activation_price,22,129.59218,221.1011
2026-06-22,activation_price,23,118.88542,195.44948453608248
2026-06-23,day_ahead_price,0,113.162506,145.987503
2026-06-23,day_ahead_price,1,106.56,138.86500175
2026-06-23,day_ahead_price,2,106.2925,134.83250049999998
2026-06-23,day_ahead_price,3,103.963745,135.52999899999998
2026-06-23,day_ahead_price,4,105.0125,137.78999725
2026-06-23,day_ahead_price,5,108.40375,142.03250125
2026-06-23,day_ahead_price,6,122.1,166.65250025
2026-06-23,day_ahead_price,7,126.847496,160.18000025
2026-06-23,day_ahead_price,8,112.63375,135.02250099999998
2026-06-23,day_ahead_price,9,94.77,112.48249825
2026-06-23,day_ahead_price,10,71.6725,96.55249975000001
2026-06-23,day_ahead_price,11,48.0825,76.477501
2026-06-23,day_ahead_price,12,32.1475,66.1500005
2026-06-23,day_ahead_price,13,33.1475,58.28249925
2026-06-23,day_ahead_price,14,37.03,64.5599995
2026-06-23,day_ahead_price,15,45.878746,77.835
2026-06-23,day_ahead_price,16,77.87875,100.00249849999999
2026-06-23,day_ahead_price,17,104.64,121.1275005
2026-06-23,day_ahead_price,18,126.0,169.83000175
2026-06-23,day_ahead_price,19,137.6825,339.560005
2026-06-23,day_ahead_price,20,142.985,563.37751025
2026-06-23,day_ahead_price,21,131.82375,547.1950075
2026-06-23,day_ahead_price,22,123.255005,342.430004
2026-06-23,day_ahead_price,23,113.042496,201.7275045
2026-06-23,capacity_price,0,0.67,2.01
2026-06-23,capacity_price,1,0.67,0.67
2026-06-23,capacity_price,2,0.67,0.67
2026-06-23,capacity_price,3,0.67,0.67
2026-06-23,capacity_price,4,1.2,0.67
2026-06-23,capacity_price,5,2.0,2.01
2026-06-23,capacity_price,6,5.62,10.4
2026-06-23,capacity_price,7,6.0,10.4
2026-06-23,capacity_price,8,24.3,35.59
2026-06-23,capacity_price,9,6.69,33.71
2026-06-23,capacity_price,10,5.76,2.01
2026-06-23,capacity_price,11,1.31,2.01
2026-06-23,capacity_price,12,1.2,2.01
2026-06-23,capacity_price,13,1.2,20.0
2026-06-23,capacity_price,14,1.2,13.38
2026-06-23,capacity_price,15,1.675,2.01
2026-06-23,capacity_price,16,9.0,2.01
2026-06-23,capacity_price,17,50.11,2.01
2026-06-23,capacity_price,18,64.64,2.01
2026-06-23,capacity_price,19,59.28,13.38
2026-06-23,capacity_price,20,58.559998,33.71
2026-06-23,capacity_price,21,19.67,2.01
2026-06-23,capacity_price,22,7.795,4.0
2026-06-23,capacity_price,23,1.2,2.0
2026-06-23,activation_volume,0,14.88,19.94
2026-06-23,activation_volume,1,10.285,36.15
2026-06-23,activation_volume,2,2.76,13.76
2026-06-23,activation_volume,3,2.53,44.43
2026-06-23,activation_volume,4,2.475,2.1999999999999997
2026-06-23,activation_volume,5,6.385,22.23
2026-06-23,activation_volume,6,5.25,36.44
2026-06-23,activation_volume,7,3.695,22.810000000000002
2026-06-23,activation_volume,8,8.91,1.6400000000000001
2026-06-23,activation_volume,9,9.59,2.3499999999999996
2026-06-23,activation_volume,10,12.23,8.82
2026-06-23,activation_volume,11,10.16,2.06
2026-06-23,activation_volume,12,11.465,6.6899999999999995
2026-06-23,activation_volume,13,12.51,14.55
2026-06-23,activation_volume,14,9.94,1.83
2026-06-23,activation_volume,15,18.31,3.1899999999999995
2026-06-23,activation_volume,16,14.73,1.4000000000000001
2026-06-23,activation_volume,17,13.325,2.01
2026-06-23,activation_volume,18,9.53,7.1499999999999995
2026-06-23,activation_volume,19,3.995,4.470000000000001
2026-06-23,activation_volume,20,5.21,4.18
2026-06-23,activation_volume,21,3.38,9.36
2026-06-23,activation_volume,22,2.185,22.72
2026-06-23,activation_volume,23,1.89,7.970000000000001
2026-06-23,activation_price,0,116.354546,215.62307422266798
2026-06-23,activation_price,1,111.12928,160.9566307053942
2026-06-23,activation_price,2,113.131424,179.49392441860468
2026-06-23,activation_price,3,112.30722,186.08296646410082
2026-06-23,activation_price,4,109.95333,174.11381818181817
2026-06-23,activation_price,5,122.67508,197.27335132703553
2026-06-23,activation_price,6,147.62453,278.1967398463227
2026-06-23,activation_price,7,138.18747,358.7026041209995
2026-06-23,activation_price,8,146.10077,173.73317073170733
2026-06-23,activation_price,9,141.27414,186.46604255319153
2026-06-23,activation_price,10,111.14576,163.592925170068
2026-06-23,activation_price,11,90.29673,148.27917475728157
2026-06-23,activation_price,12,89.92,167.04059790732438
2026-06-23,activation_price,13,72.8,135.67954639175258
2026-06-23,activation_price,14,89.00927,147.64311475409838
2026-06-23,activation_price,15,109.49869,134.66363636363639
2026-06-23,activation_price,16,130.00432,198.7282857142857
2026-06-23,activation_price,17,149.10397,201.73532338308462
2026-06-23,activation_price,18,156.30276,258.4572867132867
2026-06-23,activation_price,19,137.6863,330.1268456375838
2026-06-23,activation_price,20,133.04784,456.37373205741636
2026-06-23,activation_price,21,118.84266,553.5328846153845
2026-06-23,activation_price,22,129.59218,411.0761619718311
2026-06-23,activation_price,23,117.02014,281.5870890840652
2026-06-24,day_ahead_price,0,114.445,180.84999849999997
2026-06-24,day_ahead_price,1,109.53375,164.19249725
2026-06-24,day_ahead_price,2,108.1725,148.6200025
2026-06-24,day_ahead_price,3,107.435,145.007496
2026-06-24,day_ahead_price,4,109.6925,146.16999825
2026-06-24,day_ahead_price,5,112.212494,153.482498
2026-06-24,day_ahead_price,6,127.30375,180.187496
2026-06-24,day_ahead_price,7,128.2025,174.41
2026-06-24,day_ahead_price,8,113.865005,150.090002
2026-06-24,day_ahead_price,9,93.95875,118.90499875
2026-06-24,day_ahead_price,10,72.23,101.80249975
2026-06-24,day_ahead_price,11,48.0825,83.71749874999999
2026-06-24,day_ahead_price,12,30.625,72.084998
2026-06-24,day_ahead_price,13,32.78625,68.295
2026-06-24,day_ahead_price,14,40.072502,71.24000075
2026-06-24,day_ahead_price,15,53.5325,85.82750125
2026-06-24,day_ahead_price,16,80.5925,108.460001
2026-06-24,day_ahead_price,17,105.51375,128.93000025
2026-06-24,day_ahead_price,18,126.0,196.67749775
2026-06-24,day_ahead_price,19,141.0975,467.64751425
2026-06-24,day_ahead_price,20,140.87,696.0400085
2026-06-24,day_ahead_price,21,129.0675,693.119995
2026-06-24,day_ahead_price,22,123.255005,484.12249775
2026-06-24,day_ahead_price,23,113.5725,270.25500075
2026-06-24,capacity_price,0,1.2,0.28
2026-06-24,capacity_price,1,0.93500006,0.28
2026-06-24,capacity_price,2,0.67,0.28
2026-06-24,capacity_price,3,0.67,0.28
2026-06-24,capacity_price,4,1.2,0.28
2026-06-24,capacity_price,5,1.655,1.2
2026-06-24,capacity_price,6,5.89,2.01
2026-06-24,capacity_price,7,6.0,4.0
2026-06-24,capacity_price,8,31.695,4.0
2026-06-24,capacity_price,9,9.9,2.01
2026-06-24,capacity_price,10,6.69,4.01
2026-06-24,capacity_price,11,1.325,4.01
2026-06-24,capacity_price,12,1.2,1.2
2026-06-24,capacity_price,13,1.2,1.2
2026-06-24,capacity_price,14,1.2,1.2
2026-06-24,capacity_price,15,3.35,1.2
2026-06-24,capacity_price,16,10.91,2.01
2026-06-24,capacity_price,17,65.380005,2.01
2026-06-24,capacity_price,18,71.455,4.0
2026-06-24,capacity_price,19,67.89,120.41
2026-06-24,capacity_price,20,63.555,321.1
2026-06-24,capacity_price,21,19.67,408.32
2026-06-24,capacity_price,22,6.69,2.01
2026-06-24,capacity_price,23,2.0,1.2
2026-06-24,activation_volume,0,12.105,17.47
2026-06-24,activation_volume,1,9.91,25.07
2026-06-24,activation_volume,2,3.73,0.31
2026-06-24,activation_volume,3,2.835,0.3
2026-06-24,activation_volume,4,3.04,0.65
2026-06-24,activation_volume,5,6.59,0.8400000000000001
2026-06-24,activation_volume,6,6.605,0.51
2026-06-24,activation_volume,7,5.3050003,2.66
2026-06-24,activation_volume,8,8.885,12.969999999999999
2026-06-24,activation_volume,9,5.77,3.89
2026-06-24,activation_volume,10,10.74,4.02
2026-06-24,activation_volume,11,11.375,14.25
2026-06-24,activation_volume,12,11.14,0.21000000000000002
2026-06-24,activation_volume,13,14.75,1.31
2026-06-24,activation_volume,14,14.89,2.56
2026-06-24,activation_volume,15,16.47,8.59
2026-06-24,activation_volume,16,14.21,2.0
2026-06-24,activation_volume,17,13.325,3.4899999999999998
2026-06-24,activation_volume,18,8.860001,11.42
2026-06-24,activation_volume,19,5.22,8.24
2026-06-24,activation_volume,20,4.5699997,11.23
2026-06-24,activation_volume,21,3.4050002,2.7899999999999996
2026-06-24,activation_volume,22,2.53,5.38
2026-06-24,activation_volume,23,3.63,12.48
2026-06-24,activation_price,0,112.543076,185.4808414424728
2026-06-24,activation_price,1,112.30832,188.64926605504587
2026-06-24,activation_price,2,115.573586,145.28709677419354
2026-06-24,activation_price,3,116.25625,151.80033333333333
2026-06-24,activation_price,4,118.64326,171.458
2026-06-24,activation_price,5,123.92524,152.8792857142857
2026-06-24,activation_price,6,147.94807,183.2350980392157
2026-06-24,activation_price,7,143.1795,214.31748120300747
2026-06-24,activation_price,8,143.22566,259.5326291441788
2026-06-24,activation_price,9,134.02737,161.89658097686373
2026-06-24,activation_price,10,111.15419,149.00303482587063
2026-06-24,activation_price,11,96.54263,305.6211789473684
2026-06-24,activation_price,12,71.66928,123.69571428571429
2026-06-24,activation_price,13,93.58679,132.7152671755725
2026-06-24,activation_price,14,90.9675,118.45015624999999
2026-06-24,activation_price,15,104.780365,171.65173457508732
2026-06-24,activation_price,16,129.9588,207.89079999999998
2026-06-24,activation_price,17,153.20909,214.11469914040117
2026-06-24,activation_price,18,148.06982,383.6923467600701
2026-06-24,activation_price,19,136.81969,434.0162014563106
2026-06-24,activation_price,20,133.04639,513.6480409617096
2026-06-24,activation_price,21,120.85517,213.5026164874552
2026-06-24,activation_price,22,129.62518,345.65148698884764
2026-06-24,activation_price,23,119.69829,240.46265224358973
2026-06-25,day_ahead_price,0,107.095,169.5
2026-06-25,day_ahead_price,1,103.39875,154.5499955
2026-06-25,day_ahead_price,2,101.51625,144.65749725
2026-06-25,day_ahead_price,3,102.07125,141.97749725
2026-06-25,day_ahead_price,4,105.20375,139.822502
2026-06-25,day_ahead_price,5,109.81625,142.03750225000002
2026-06-25,day_ahead_price,6,120.41499,161.664997
2026-06-25,day_ahead_price,7,130.08249,147.25
2026-06-25,day_ahead_price,8,113.38376,119.17999825
2026-06-25,day_ahead_price,9,87.52375,105.00749975
2026-06-25,day_ahead_price,10,65.01375,84.9725
2026-06-25,day_ahead_price,11,35.5975,65.31500075
2026-06-25,day_ahead_price,12,23.5875,40.235
2026-06-25,day_ahead_price,13,12.0,31.11749925
2026-06-25,day_ahead_price,14,16.98375,34.217499000000004
2026-06-25,day_ahead_price,15,41.221252,66.5874995
2026-06-25,day_ahead_price,16,75.8175,88.602499
2026-06-25,day_ahead_price,17,99.85625,105.6674995
2026-06-25,day_ahead_price,18,124.35249,135.73749924999998
2026-06-25,day_ahead_price,19,140.4975,206.31999574999998
2026-06-25,day_ahead_price,20,140.43375,294.29249975
2026-06-25,day_ahead_price,21,129.23375,206.44499975
2026-06-25,day_ahead_price,22,120.765,188.86750024999998
2026-06-25,day_ahead_price,23,113.042496,157.6100005
2026-06-25,capacity_price,0,1.2,0.67
2026-06-25,capacity_price,1,1.2,0.67
2026-06-25,capacity_price,2,0.67,0.67
2026-06-25,capacity_price,3,0.67,0.67
2026-06-25,capacity_price,4,1.2,2.01
2026-06-25,capacity_price,5,1.2,2.01
2026-06-25,capacity_price,6,4.68,2.01
2026-06-25,capacity_price,7,6.69,2.01
2026-06-25,capacity_price,8,37.41,2.01
2026-06-25,capacity_price,9,11.245,2.01
2026-06-25,capacity_price,10,6.0,6.0
2026-06-25,capacity_price,11,3.35,4.01
2026-06-25,capacity_price,12,1.2,2.01
2026-06-25,capacity_price,13,1.2,4.01
2026-06-25,capacity_price,14,1.2,4.01
2026-06-25,capacity_price,15,3.35,4.01
2026-06-25,capacity_price,16,9.63,2.01
2026-06-25,capacity_price,17,50.61,2.01
2026-06-25,capacity_price,18,64.17,2.01
2026-06-25,capacity_price,19,57.68,29.56
2026-06-25,capacity_price,20,29.85,120.4
2026-06-25,capacity_price,21,13.0,26.89
2026-06-25,capacity_price,22,8.17,1.2
2026-06-25,capacity_price,23,2.0,0.67
2026-06-25,activation_volume,0,17.21,80.56
2026-06-25,activation_volume,1,10.87,48.21
2026-06-25,activation_volume,2,2.56,5.69
2026-06-25,activation_volume,3,2.62,8.66
2026-06-25,activation_volume,4,2.98,0.32999999999999996
2026-06-25,activation_volume,5,6.73,0.41000000000000003
2026-06-25,activation_volume,6,7.0,0.28
2026-06-25,activation_volume,7,4.69,2.53
2026-06-25,activation_volume,8,8.5,4.77
2026-06-25,activation_volume,9,6.24,8.959999999999999
2026-06-25,activation_volume,10,9.34,5.13
2026-06-25,activation_volume,11,11.075,0.42
2026-06-25,activation_volume,12,8.99,0.89
2026-06-25,activation_volume,13,13.495001,1.5499999999999998
2026-06-25,activation_volume,14,6.275,4.41
2026-06-25,activation_volume,15,9.035,5.0
2026-06-25,activation_volume,16,10.015,2.51
2026-06-25,activation_volume,17,14.76,1.37
2026-06-25,activation_volume,18,9.02,6.989999999999999
2026-06-25,activation_volume,19,5.2,2.9800000000000004
2026-06-25,activation_volume,20,4.74,4.4
2026-06-25,activation_volume,21,4.3450003,1.13
2026-06-25,activation_volume,22,2.49,0.79
2026-06-25,activation_volume,23,3.595,1.5100000000000002
2026-06-25,activation_price,0,124.63203,250.96251117179744
2026-06-25,activation_price,1,111.85416,193.62564613150798
2026-06-25,activation_price,2,113.131424,172.7392618629174
2026-06-25,activation_price,3,99.29689,180.06497690531177
2026-06-25,activation_price,4,105.57201,171.15333333333336
2026-06-25,activation_price,5,117.586914,160.84146341463415
2026-06-25,activation_price,6,142.52814,167.52
2026-06-25,activation_price,7,137.86737,156.85541501976286
2026-06-25,activation_price,8,145.48845,186.0866457023061
2026-06-25,activation_price,9,147.02231,208.25918526785716
2026-06-25,activation_price,10,100.48,128.79430799220273
2026-06-25,activation_price,11,95.28,91.86857142857143
2026-06-25,activation_price,12,64.89513,108.18584269662921
2026-06-25,activation_price,13,76.36988,45.27890322580645
2026-06-25,activation_price,14,78.808556,67.75294784580498
2026-06-25,activation_price,15,91.64865,183.18634
2026-06-25,activation_price,16,118.571106,145.42059760956178
2026-06-25,activation_price,17,148.08215,171.4878102189781
2026-06-25,activation_price,18,158.34262,206.70037195994277
2026-06-25,activation_price,19,145.48135,216.84157718120804
2026-06-25,activation_price,20,133.93082,216.10363636363635
2026-06-25,activation_price,21,134.32013,216.1490265486726
2026-06-25,activation_price,22,126.53568,222.893164556962
2026-06-25,activation_price,23,121.56358,188.139536423841
2026-06-26,day_ahead_price,0,108.20875,144.36750025
2026-06-26,day_ahead_price,1,103.911255,130.47250175
2026-06-26,day_ahead_price,2,101.130005,122.12499974999999
2026-06-26,day_ahead_price,3,103.16375,120.9500005
2026-06-26,day_ahead_price,4,104.5,122.71500025
2026-06-26,day_ahead_price,5,107.0725,129.699999
2026-06-26,day_ahead_price,6,118.06625,146.9000015
2026-06-26,day_ahead_price,7,121.43,137.88249975000002
2026-06-26,day_ahead_price,8,112.2775,119.6099985
2026-06-26,day_ahead_price,9,79.8625,107.9925
2026-06-26,day_ahead_price,10,57.97125,93.1725005
2026-06-26,day_ahead_price,11,36.09,66.53750050000001
2026-06-26,day_ahead_price,12,31.64625,46.3674995
2026-06-26,day_ahead_price,13,32.595,34.1850005
2026-06-26,day_ahead_price,14,34.7575,37.067499749999996
2026-06-26,day_ahead_price,15,45.0075,67.3875
2026-06-26,day_ahead_price,16,76.625,92.64999775000001
2026-06-26,day_ahead_price,17,105.25125,110.334999
2026-06-26,day_ahead_price,18,127.14,150.69249725
2026-06-26,day_ahead_price,19,140.4975,246.90999599999998
2026-06-26,day_ahead_price,20,144.83249,357.777504
2026-06-26,day_ahead_price,21,131.32375,299.61249524999994
2026-06-26,day_ahead_price,22,122.667496,203.022503
2026-06-26,day_ahead_price,23,113.5725,154.85999675
2026-06-26,capacity_price,0,0.93500006,0.38
2026-06-26,capacity_price,1,0.67,0.38
2026-06-26,capacity_price,2,0.67,1.2
2026-06-26,capacity_price,3,0.67,1.2
2026-06-26,capacity_price,4,1.2,0.38
2026-06-26,capacity_price,5,1.255,2.0
2026-06-26,capacity_price,6,5.285,2.01
2026-06-26,capacity_price,7,6.0,4.0
2026-06-26,capacity_price,8,12.645,4.0
2026-06-26,capacity_price,9,6.69,2.01
2026-06-26,capacity_price,10,3.35,4.01
2026-06-26,capacity_price,11,1.31,4.01
2026-06-26,capacity_price,12,1.2,4.01
2026-06-26,capacity_price,13,0.93500006,6.0
2026-06-26,capacity_price,14,1.2,0.38
2026-06-26,capacity_price,15,2.41,0.38
2026-06-26,capacity_price,16,7.35,0.38
2026-06-26,capacity_price,17,52.525,4.0
2026-06-26,capacity_price,18,71.92,4.0
2026-06-26,capacity_price,19,59.28,202.46
2026-06-26,capacity_price,20,54.47,445.2
2026-06-26,capacity_price,21,16.3,409.68
2026-06-26,capacity_price,22,6.0,2.01
2026-06-26,capacity_price,23,1.2,0.38
2026-06-26,activation_volume,0,14.425,48.91
2026-06-26,activation_volume,1,10.285,46.900000000000006
2026-06-26,activation_volume,2,1.8399999,8.780000000000001
2026-06-26,activation_volume,3,2.255,4.02
2026-06-26,activation_volume,4,2.33,0.12
2026-06-26,activation_volume,5,6.9049997,0.31000000000000005
2026-06-26,activation_volume,6,6.74,0.5
2026-06-26,activation_volume,7,4.37,0.7100000000000001
2026-06-26,activation_volume,8,8.139999,4.63
2026-06-26,activation_volume,9,6.0950003,6.68
2026-06-26,activation_volume,10,9.34,0.23
2026-06-26,activation_volume,11,8.51,0.52
2026-06-26,activation_volume,12,20.34,1.3
2026-06-26,activation_volume,13,20.675,0.09
2026-06-26,activation_volume,14,15.235001,0.0
2026-06-26,activation_volume,15,21.075,4.759999999999999
2026-06-26,activation_volume,16,14.73,1.6400000000000001
2026-06-26,activation_volume,17,13.325,1.21
2026-06-26,activation_volume,18,13.280001,2.29
2026-06-26,activation_volume,19,4.83,2.96
2026-06-26,activation_volume,20,4.32,4.21
2026-06-26,activation_volume,21,3.01,8.17
2026-06-26,activation_volume,22,3.16,3.72
2026-06-26,activation_volume,23,3.2,2.5900000000000003
2026-06-26,activation_price,0,110.28861,195.21012267429975
2026-06-26,activation_price,1,112.30832,189.6499701492537
2026-06-26,activation_price,2,112.34808,155.8792596810934
2026-06-26,activation_price,3,112.67833,142.61997512437813
2026-06-26,activation_price,4,109.40294,179.95
2026-06-26,activation_price,5,122.746506,139.04806451612902
2026-06-26,activation_price,6,138.12546,152.5114
2026-06-26,activation_price,7,138.18747,180.51464788732395
2026-06-26,activation_price,8,134.16742,195.0781857451404
2026-06-26,activation_price,9,122.81,198.84479041916165
2026-06-26,activation_price,10,106.99419,244.11
2026-06-26,activation_price,11,90.28222,118.19865384615383
2026-06-26,activation_price,12,80.60529,164.00553846153846
2026-06-26,activation_price,13,76.643135,102.65444444444447
2026-06-26,activation_price,14,80.090996,
2026-06-26,activation_price,15,107.50968,232.50890756302528
2026-06-26,activation_price,16,125.3742,154.97439024390243
2026-06-26,activation_price,17,155.70695,161.65256198347106
2026-06-26,activation_price,18,166.0857,308.8956331877729
2026-06-26,activation_price,19,140.4332,375.1918243243243
2026-06-26,activation_price,20,132.05768,127.70408551068883
2026-06-26,activation_price,21,120.976555,159.0210403916769
2026-06-26,activation_price,22,136.84854,244.811935483871
2026-06-26,activation_price,23,118.73866,211.44088803088803
2026-06-27,day_ahead_price,0,116.955,131.647501
2026-06-27,day_ahead_price,1,112.4875,124.4074975
2026-06-27,day_ahead_price,2,109.5075,117.92749975000001
2026-06-27,day_ahead_price,3,108.5125,115.83
2026-06-27,day_ahead_price,4,110.05125,115.324999
2026-06-27,day_ahead_price,5,116.9275,114.0
2026-06-27,day_ahead_price,6,127.761246,112.72500224999999
2026-06-27,day_ahead_price,7,131.35,109.27250099999999
2026-06-27,day_ahead_price,8,121.88,103.53499975
2026-06-27,day_ahead_price,9,94.77,74.11250025
2026-06-27,day_ahead_price,10,76.4725,36.02499950000001
2026-06-27,day_ahead_price,11,48.0825,8.9975
2026-06-27,day_ahead_price,12,40.572502,4.025
2026-06-27,day_ahead_price,13,32.78625,4.494999999999999
2026-06-27,day_ahead_price,14,38.5975,4.0175
2026-06-27,day_ahead_price,15,53.5325,12.7675
2026-06-27,day_ahead_price,16,81.82,50.6325
2026-06-27,day_ahead_price,17,111.89875,100.15500075
2026-06-27,day_ahead_price,18,129.8525,127.39999775000001
2026-06-27,day_ahead_price,19,150.9075,174.42749824999999
2026-06-27,day_ahead_price,20,146.965,229.125004
2026-06-27,day_ahead_price,21,137.4525,222.659996
2026-06-27,day_ahead_price,22,125.009995,176.94499975
2026-06-27,day_ahead_price,23,115.2475,145.38750475
2026-06-27,capacity_price,0,1.2,0.4
2026-06-27,capacity_price,1,0.67,0.4
2026-06-27,capacity_price,2,0.67,0.4
2026-06-27,capacity_price,3,0.67,0.4
2026-06-27,capacity_price,4,1.2,0.4
2026-06-27,capacity_price,5,1.31,2.0
2026-06-27,capacity_price,6,5.75,2.01
2026-06-27,capacity_price,7,5.755,2.01
2026-06-27,capacity_price,8,12.985001,1.2
2026-06-27,capacity_price,9,9.9,4.28
2026-06-27,capacity_price,10,5.89,6.0
2026-06-27,capacity_price,11,1.31,0.4
2026-06-27,capacity_price,12,1.2,1.2
2026-06-27,capacity_price,13,1.2,1.2
2026-06-27,capacity_price,14,1.31,0.4
2026-06-27,capacity_price,15,3.35,2.94
2026-06-27,capacity_price,16,9.615,2.01
2026-06-27,capacity_price,17,53.53,1.2
2026-06-27,capacity_price,18,74.945,2.01
2026-06-27,capacity_price,19,57.82,2.01
2026-06-27,capacity_price,20,60.440002,133.79
2026-06-27,capacity_price,21,20.07,178.23
2026-06-27,capacity_price,22,5.9449997,2.01
2026-06-27,capacity_price,23,1.2,1.2
2026-06-27,activation_volume,0,18.98,16.29
2026-06-27,activation_volume,1,10.309999,17.63
2026-06-27,activation_volume,2,4.59,14.959999999999999
2026-06-27,activation_volume,3,3.57,0.9799999999999999
2026-06-27,activation_volume,4,2.2,1.06
2026-06-27,activation_volume,5,6.7200003,1.8899999999999997
2026-06-27,activation_volume,6,6.06,0.6
2026-06-27,activation_volume,7,4.92,1.27
2026-06-27,activation_volume,8,8.885,1.91
2026-06-27,activation_volume,9,10.605,7.6899999999999995
2026-06-27,activation_volume,10,13.05,19.11
2026-06-27,activation_volume,11,12.51,33.580000000000005
2026-06-27,activation_volume,12,18.384998,7.0
2026-06-27,activation_volume,13,13.81,36.650000000000006
2026-06-27,activation_volume,14,7.14,83.78
2026-06-27,activation_volume,15,10.625,146.29
2026-06-27,activation_volume,16,10.584999,14.479999999999999
2026-06-27,activation_volume,17,11.41,6.99
2026-06-27,activation_volume,18,9.02,2.83
2026-06-27,activation_volume,19,3.64,6.1
2026-06-27,activation_volume,20,5.39,5.23
2026-06-27,activation_volume,21,4.37,5.67
2026-06-27,activation_volume,22,3.16,2.31
2026-06-27,activation_volume,23,4.44,2.87
2026-06-27,activation_price,0,123.35504,171.78812768569676
2026-06-27,activation_price,1,110.08059,179.68972773681227
2026-06-27,activation_price,2,118.87164,264.01177807486636
2026-06-27,activation_price,3,112.47578,167.4929591836735
2026-06-27,activation_price,4,116.98145,184.64198113207547
2026-06-27,activation_price,5,127.824005,190.6599470899471
2026-06-27,activation_price,6,147.94807,189.43483333333336
2026-06-27,activation_price,7,153.4572,190.65889763779526
2026-06-27,activation_price,8,158.09346,237.69712041884816
2026-06-27,activation_price,9,160.53864,260.3744863459038
2026-06-27,activation_price,10,118.8664,203.15447409733125
2026-06-27,activation_price,11,95.16,119.11286777843955
2026-06-27,activation_price,12,89.92,44.90821428571429
2026-06-27,activation_price,13,83.86546,58.645967257844475
2026-06-27,activation_price,14,83.85,738.4132859871091
2026-06-27,activation_price,15,108.80129,1516.768418893978
2026-06-27,activation_price,16,130.28372,168.53936464088397
2026-06-27,activation_price,17,156.3484,233.6038626609442
2026-06-27,activation_price,18,156.30276,210.8467844522968
2026-06-27,activation_price,19,145.71861,191.43927868852458
2026-06-27,activation_price,20,133.04494,282.83001912045887
2026-06-27,activation_price,21,127.89523,145.33934744268078
2026-06-27,activation_price,22,137.89168,246.5138961038961
2026-06-27,activation_price,23,120.29527,208.1827526132404
2026-06-28,day_ahead_price,0,114.0875,136.90500075
2026-06-28,day_ahead_price,1,109.53375,126.362497
2026-06-28,day_ahead_price,2,109.162506,119.682501
2026-06-28,day_ahead_price,3,108.494995,115.68749975
2026-06-28,day_ahead_price,4,109.8,114.73499874999999
2026-06-28,day_ahead_price,5,112.884995,115.1224995
2026-06-28,day_ahead_price,6,130.74,112.0625
2026-06-28,day_ahead_price,7,135.3275,104.4300005
2026-06-28,day_ahead_price,8,123.0875,76.68500025
2026-06-28,day_ahead_price,9,97.305,35.0050005
2026-06-28,day_ahead_price,10,71.384995,27.8075005
2026-06-28,day_ahead_price,11,40.64,7.2025
2026-06-28,day_ahead_price,12,32.1,3.7325
2026-06-28,day_ahead_price,13,33.0625,2.0175
2026-06-28,day_ahead_price,14,38.43,1.5025
2026-06-28,day_ahead_price,15,47.195,1.62
2026-06-28,day_ahead_price,16,85.78875,27.095000499999998
2026-06-28,day_ahead_price,17,107.555,84.05749800000001
2026-06-28,day_ahead_price,18,130.2125,114.29249949999999
2026-06-28,day_ahead_price,19,149.5675,137.1174985
2026-06-28,day_ahead_price,20,148.68124,154.5999985
2026-06-28,day_ahead_price,21,138.00749,162.3125
2026-06-28,day_ahead_price,22,129.99251,157.99999625
2026-06-28,day_ahead_price,23,118.7425,144.54000100000002
2026-06-28,capacity_price,0,1.2,0.21
2026-06-28,capacity_price,1,0.67,0.21
2026-06-28,capacity_price,2,0.67,0.21
2026-06-28,capacity_price,3,0.67,0.21
2026-06-28,capacity_price,4,1.2,0.67
2026-06-28,capacity_price,5,2.0,1.2
2026-06-28,capacity_price,6,5.75,2.01
2026-06-28,capacity_price,7,6.69,2.01
2026-06-28,capacity_price,8,20.035,1.2
2026-06-28,capacity_price,9,6.69,2.94
2026-06-28,capacity_price,10,5.89,0.67
2026-06-28,capacity_price,11,1.34,0.21
2026-06-28,capacity_price,12,1.2,0.21
2026-06-28,capacity_price,13,1.2,0.21
2026-06-28,capacity_price,14,1.255,0.21
2026-06-28,capacity_price,15,3.35,0.21
2026-06-28,capacity_price,16,6.915,0.54
2026-06-28,capacity_price,17,42.69,1.2
2026-06-28,capacity_price,18,63.16,2.01
2026-06-28,capacity_price,19,58.55,4.0
2026-06-28,capacity_price,20,58.559998,2.01
2026-06-28,capacity_price,21,20.07,139.26
2026-06-28,capacity_price,22,7.4300003,130.21
2026-06-28,capacity_price,23,1.2,2.01
2026-06-28,activation_volume,0,14.535,10.310000000000002
2026-06-28,activation_volume,1,11.455,12.180000000000001
2026-06-28,activation_volume,2,4.52,0.01
2026-06-28,activation_volume,3,2.71,0.24000000000000002
2026-06-28,activation_volume,4,3.18,0.99
2026-06-28,activation_volume,5,6.6800003,26.290000000000003
2026-06-28,activation_volume,6,6.53,0.17
2026-06-28,activation_volume,7,4.84,0.06
2026-06-28,activation_volume,8,5.77,3.49
2026-06-28,activation_volume,9,5.08,0.0
2026-06-28,activation_volume,10,8.74,0.33
2026-06-28,activation_volume,11,11.075,0.11
2026-06-28,activation_volume,12,16.535,0.0
2026-06-28,activation_volume,13,9.889999,0.0
2026-06-28,activation_volume,14,12.285,0.65
2026-06-28,activation_volume,15,18.7,22.13
2026-06-28,activation_volume,16,12.684999,35.04
2026-06-28,activation_volume,17,12.78,15.31
2026-06-28,activation_volume,18,10.78,2.23
2026-06-28,activation_volume,19,4.135,7.25
2026-06-28,activation_volume,20,5.64,4.609999999999999
2026-06-28,activation_volume,21,4.455,9.9
2026-06-28,activation_volume,22,2.955,7.53
2026-06-28,activation_volume,23,3.05,2.59
2026-06-28,activation_price,0,118.11324,174.06297769156157
2026-06-28,activation_price,1,118.17641,174.30331691297206
2026-06-28,activation_price,2,117.32,170.0
2026-06-28,activation_price,3,109.159485,143.26833333333332
2026-06-28,activation_price,4,116.98145,152.76808080808084
2026-06-28,activation_price,5,129.02281,599.944047166223
2026-06-28,activation_price,6,147.62453,154.8
2026-06-28,activation_price,7,141.21707,120.31
2026-06-28,activation_price,8,149.63559,185.334011461318
2026-06-28,activation_price,9,153.528,
2026-06-28,activation_price,10,129.98024,26.459999999999997
2026-06-28,activation_price,11,90.329575,17.58
2026-06-28,activation_price,12,88.15262,
2026-06-28,activation_price,13,76.643135,
2026-06-28,activation_price,14,86.94107,13.935384615384615
2026-06-28,activation_price,15,108.80129,80.13010393131496
2026-06-28,activation_price,16,132.4108,141.8220918949772
2026-06-28,activation_price,17,157.6279,150.99612671456563
2026-06-28,activation_price,18,160.66739,181.39515695067263
2026-06-28,activation_price,19,138.19597,199.7924965517241
2026-06-28,activation_price,20,136.16238,181.84507592190892
2026-06-28,activation_price,21,133.55754,193.82944444444445
2026-06-28,activation_price,22,138.76639,158.5237184594953
2026-06-28,activation_price,23,120.29527,151.10270270270271
2026-06-29,day_ahead_price,0,114.56,123.11750024999999
2026-06-29,day_ahead_price,1,109.94125,113.66499900000001
2026-06-29,day_ahead_price,2,106.64,113.01499925
2026-06-29,day_ahead_price,3,106.435,109.71500025
2026-06-29,day_ahead_price,4,108.744995,114.6224995
2026-06-29,day_ahead_price,5,112.38,126.95250150000001
2026-06-29,day_ahead_price,6,127.542496,150.52499775
2026-06-29,day_ahead_price,7,125.9275,152.8499985
2026-06-29,day_ahead_price,8,113.38376,143.23749925
2026-06-29,day_ahead_price,9,94.77,120.9474985
2026-06-29,day_ahead_price,10,65.64,106.925001
2026-06-29,day_ahead_price,11,38.13375,99.0999985
2026-06-29,day_ahead_price,12,28.62125,89.50749975000001
2026-06-29,day_ahead_price,13,26.75875,82.02750024999999
2026-06-29,day_ahead_price,14,35.065,86.38500025
2026-06-29,day_ahead_price,15,49.036247,96.70249924999999
2026-06-29,day_ahead_price,16,78.78375,102.13250175
2026-06-29,day_ahead_price,17,107.369995,113.0049995
2026-06-29,day_ahead_price,18,128.29375,135.6725005
2026-06-29,day_ahead_price,19,143.305,201.60750174999998
2026-06-29,day_ahead_price,20,144.89,298.132492
2026-06-29,day_ahead_price,21,134.1925,316.84999849999997
2026-06-29,day_ahead_price,22,123.93,236.17499924999998
2026-06-29,day_ahead_price,23,114.29875,172.81750075000002
2026-06-29,capacity_price,0,1.2,0.28
2026-06-29,capacity_price,1,1.2,0.28
2026-06-29,capacity_price,2,0.67,0.28
2026-06-29,capacity_price,3,0.67,0.28
2026-06-29,capacity_price,4,1.2,2.0
2026-06-29,capacity_price,5,2.0,2.01
2026-06-29,capacity_price,6,5.35,2.01
2026-06-29,capacity_price,7,6.69,4.0
2026-06-29,capacity_price,8,20.07,2.01
2026-06-29,capacity_price,9,6.69,1.2
2026-06-29,capacity_price,10,2.96,2.01
2026-06-29,capacity_price,11,1.31,0.67
2026-06-29,capacity_price,12,1.2,0.54
2026-06-29,capacity_price,13,0.67,0.67
2026-06-29,capacity_price,14,1.2,0.54
2026-06-29,capacity_price,15,1.34,1.2
2026-06-29,capacity_price,16,8.83,2.01
2026-06-29,capacity_price,17,52.07,13.38
2026-06-29,capacity_price,18,63.43,4.0
2026-06-29,capacity_price,19,54.265,2.01
2026-06-29,capacity_price,20,54.425003,20.0
2026-06-29,capacity_price,21,13.190001,274.68
2026-06-29,capacity_price,22,5.89,187.49
2026-06-29,capacity_price,23,1.2,0.28
2026-06-29,activation_volume,0,14.425,42.72
2026-06-29,activation_volume,1,10.37,37.3
2026-06-29,activation_volume,2,2.6999998,0.56
2026-06-29,activation_volume,3,2.05,0.55
2026-06-29,activation_volume,4,3.405,2.9
2026-06-29,activation_volume,5,5.96,0.73
2026-06-29,activation_volume,6,5.1800003,4.34
2026-06-29,activation_volume,7,3.995,2.0599999999999996
2026-06-29,activation_volume,8,9.559999,1.79
2026-06-29,activation_volume,9,4.31,2.42
2026-06-29,activation_volume,10,9.34,2.34
2026-06-29,activation_volume,11,12.17,2.63
2026-06-29,activation_volume,12,5.3549995,0.9299999999999999
2026-06-29,activation_volume,13,14.75,0.37
2026-06-29,activation_volume,14,16.59,2.09
2026-06-29,activation_volume,15,17.855,5.330000000000001
2026-06-29,activation_volume,16,14.73,1.37
2026-06-29,activation_volume,17,12.9,1.54
2026-06-29,activation_volume,18,9.53,1.8499999999999999
2026-06-29,activation_volume,19,5.58,2.85
2026-06-29,activation_volume,20,5.435,6.9399999999999995
2026-06-29,activation_volume,21,3.81,19.01
2026-06-29,activation_volume,22,2.49,8.43
2026-06-29,activation_volume,23,3.12,5.91
2026-06-29,activation_price,0,118.11324,271.3847354868914
2026-06-29,activation_price,1,112.30832,161.10931099195713
2026-06-29,activation_price,2,117.254265,159.31178571428572
2026-06-29,activation_price,3,105.02451,161.04890909090906
2026-06-29,activation_price,4,113.61874,204.55462068965517
2026-06-29,activation_price,5,121.1926,198.84438356164384
2026-06-29,activation_price,6,140.59904,207.231198156682
2026-06-29,activation_price,7,137.86737,235.69169902912626
2026-06-29,activation_price,8,149.63559,197.54262569832403
2026-06-29,activation_price,9,133.72406,224.81438016528926
2026-06-29,activation_price,10,115.118576,245.1070085470086
2026-06-29,activation_price,11,93.59564,194.60300380228136
2026-06-29,activation_price,12,61.123035,177.62430107526882
2026-06-29,activation_price,13,72.8,158.72567567567572
2026-06-29,activation_price,14,82.61172,231.74344497607657
2026-06-29,activation_price,15,103.34265,712.0359474671669
2026-06-29,activation_price,16,124.026184,228.2261313868613
2026-06-29,activation_price,17,155.1041,189.15538961038962
2026-06-29,activation_price,18,164.80466,195.5732972972973
2026-06-29,activation_price,19,152.8281,293.2137192982456
2026-06-29,activation_price,20,133.23634,267.7811671469741
2026-06-29,activation_price,21,139.84387,314.943913729616
2026-06-29,activation_price,22,129.62518,221.25805456702255
2026-06-29,activation_price,23,120.29527,219.40786802030456
2026-06-30,day_ahead_price,0,116.485,163.545002
2026-06-30,day_ahead_price,1,112.64,146.18500125
2026-06-30,day_ahead_price,2,109.7525,141.03500000000003
2026-06-30,day_ahead_price,3,108.494995,141.6674995
2026-06-30,day_ahead_price,4,109.8,142.37000275000003
2026-06-30,day_ahead_price,5,116.237495,153.5
2026-06-30,day_ahead_price,6,131.09749,189.9175035
2026-06-30,day_ahead_price,7,136.975,192.29000100000002
2026-06-30,day_ahead_price,8,123.11125,157.27500125
2026-06-30,day_ahead_price,9,97.990005,123.3125
2026-06-30,day_ahead_price,10,74.286255,108.72750075
2026-06-30,day_ahead_price,11,45.94875,101.55500225
2026-06-30,day_ahead_price,12,28.62125,98.89999974999999
2026-06-30,day_ahead_price,13,25.8,99.50250075
2026-06-30,day_ahead_price,14,35.065,102.8500005
2026-06-30,day_ahead_price,15,45.6725,114.56500050000001
2026-06-30,day_ahead_price,16,77.87875,125.7374995
2026-06-30,day_ahead_price,17,104.595,154.2649995
2026-06-30,day_ahead_price,18,129.3875,250.71250175
2026-06-30,day_ahead_price,19,149.5675,470.1524885
2026-06-30,day_ahead_price,20,148.19751,534.0999987499999
2026-06-30,day_ahead_price,21,137.6075,415.37249749999995
2026-06-30,day_ahead_price,22,126.955,283.48749925
2026-06-30,day_ahead_price,23,119.14,187.4325025
2026-06-30,capacity_price,0,1.2,0.47
2026-06-30,capacity_price,1,0.67,0.47
2026-06-30,capacity_price,2,0.67,1.2
2026-06-30,capacity_price,3,0.67,0.47
2026-06-30,capacity_price,4,1.2,2.01
2026-06-30,capacity_price,5,1.655,2.01
2026-06-30,capacity_price,6,5.35,2.01
2026-06-30,capacity_price,7,6.69,2.01
2026-06-30,capacity_price,8,22.615,2.01
2026-06-30,capacity_price,9,9.9,1.2
2026-06-30,capacity_price,10,5.62,1.2
2026-06-30,capacity_price,11,1.31,0.54
2026-06-30,capacity_price,12,1.2,0.67
2026-06-30,capacity_price,13,1.2,0.47
2026-06-30,capacity_price,14,1.2,0.47
2026-06-30,capacity_price,15,2.41,0.67
2026-06-30,capacity_price,16,6.69,0.54
2026-06-30,capacity_price,17,49.655,2.01
2026-06-30,capacity_price,18,63.7,2.01
2026-06-30,capacity_price,19,58.48,20.0
2026-06-30,capacity_price,20,57.14,44.28
2026-06-30,capacity_price,21,19.27,295.57
2026-06-30,capacity_price,22,5.89,195.58
2026-06-30,capacity_price,23,1.2,0.47
2026-06-30,activation_volume,0,14.425,40.14
2026-06-30,activation_volume,1,11.59,30.29
2026-06-30,activation_volume,2,4.085,8.93
2026-06-30,activation_volume,3,2.62,1.27
2026-06-30,activation_volume,4,3.9900002,1.18
2026-06-30,activation_volume,5,6.63,1.6
2026-06-30,activation_volume,6,7.56,0.99
2026-06-30,activation_volume,7,4.14,1.13
2026-06-30,activation_volume,8,5.725,3.0
2026-06-30,activation_volume,9,6.03,2.73
2026-06-30,activation_volume,10,13.05,3.47
2026-06-30,activation_volume,11,7.205,0.97
2026-06-30,activation_volume,12,18.384998,4.89
2026-06-30,activation_volume,13,20.3,25.77
2026-06-30,activation_volume,14,10.655,9.04
2026-06-30,activation_volume,15,11.764999,12.64
2026-06-30,activation_volume,16,10.584999,29.07
2026-06-30,activation_volume,17,11.715,3.7800000000000002
2026-06-30,activation_volume,18,12.915001,8.02
2026-06-30,activation_volume,19,4.575,0.73
2026-06-30,activation_volume,20,6.64,0.6399999999999999
2026-06-30,activation_volume,21,4.85,16.75
2026-06-30,activation_volume,22,2.53,5.63
2026-06-30,activation_volume,23,4.6499996,1.93
2026-06-30,activation_price,0,121.10593,202.10806178375682
2026-06-30,activation_price,1,111.85416,201.4261175305381
2026-06-30,activation_price,2,117.254265,176.80847704367304
2026-06-30,activation_price,3,112.282036,185.53251968503938
2026-06-30,activation_price,4,118.08826,212.79805084745766
2026-06-30,activation_price,5,127.81395,243.2129375
2026-06-30,activation_price,6,154.64291,232.5445454545454
2026-06-30,activation_price,7,140.98138,232.1905309734514
2026-06-30,activation_price,8,152.34198,132.70056666666665
2026-06-30,activation_price,9,154.94907,213.84179487179486
2026-06-30,activation_price,10,101.87169,140.89873198847263
2026-06-30,activation_price,11,90.329575,95.54484536082474
2026-06-30,activation_price,12,74.25336,220.1709202453988
2026-06-30,activation_price,13,85.37123,615.1830578191696
2026-06-30,activation_price,14,86.429634,306.99192477876113
2026-06-30,activation_price,15,107.50968,400.039493670886
2026-06-30,activation_price,16,130.28372,706.247485380117
2026-06-30,activation_price,17,153.20909,181.50261904761902
2026-06-30,activation_price,18,164.74829,234.4329301745636
2026-06-30,activation_price,19,142.67044,327.09356164383564
2026-06-30,activation_price,20,143.79472,212.22875000000005
2026-06-30,activation_price,21,141.39777,322.48895522388057
2026-06-30,activation_price,22,129.62518,214.6129484902309
2026-06-30,activation_price,23,129.4743,226.48000000000002
2026-07-01,day_ahead_price,0,116.485,164.86249925
2026-07-01,day_ahead_price,1,112.335,150.0825005
2026-07-01,day_ahead_price,2,109.712494,146.377495
2026-07-01,day_ahead_price,3,108.5125,146.99250024999998
2026-07-01,day_ahead_price,4,110.95,150.85749825
2026-07-01,day_ahead_price,5,116.8975,159.73999775000001
2026-07-01,day_ahead_price,6,127.5225,197.130001
2026-07-01,day_ahead_price,7,132.1,204.72999925000002
2026-07-01,day_ahead_price,8,121.78999,180.6349985
2026-07-01,day_ahead_price,9,96.8375,146.2250005
2026-07-01,day_ahead_price,10,73.03875,124.6849995
2026-07-01,day_ahead_price,11,44.326252,117.92500125000001
2026-07-01,day_ahead_price,12,31.192501,114.0625
2026-07-01,day_ahead_price,13,28.28875,107.6150015
2026-07-01,day_ahead_price,14,37.03,99.255001
2026-07-01,day_ahead_price,15,49.098747,96.594999
2026-07-01,day_ahead_price,16,81.82,98.48749925000001
2026-07-01,day_ahead_price,17,105.75874,104.50250075
2026-07-01,day_ahead_price,18,127.99,122.40250025
2026-07-01,day_ahead_price,19,143.5425,171.3274975
2026-07-01,day_ahead_price,20,148.49,236.135002
2026-07-01,day_ahead_price,21,138.00749,249.29000099999996
2026-07-01,day_ahead_price,22,126.4075,202.80750275
2026-07-01,day_ahead_price,23,118.7425,158.57000349999998
2026-07-01,capacity_price,0,1.2,0.28
2026-07-01,capacity_price,1,0.67,0.28
2026-07-01,capacity_price,2,0.67,0.28
2026-07-01,capacity_price,3,0.67,0.28
2026-07-01,capacity_price,4,1.2,0.28
2026-07-01,capacity_price,5,1.31,2.01
2026-07-01,capacity_price,6,5.35,2.01
2026-07-01,capacity_price,7,6.69,4.0
2026-07-01,capacity_price,8,25.16,4.0
2026-07-01,capacity_price,9,6.69,2.01
2026-07-01,capacity_price,10,5.89,2.01
2026-07-01,capacity_price,11,1.31,2.01
2026-07-01,capacity_price,12,1.2,0.54
2026-07-01,capacity_price,13,1.2,0.67
2026-07-01,capacity_price,14,1.2,0.67
2026-07-01,capacity_price,15,3.35,0.67
2026-07-01,capacity_price,16,9.215,0.54
2026-07-01,capacity_price,17,43.835,4.0
2026-07-01,capacity_price,18,63.16,2.01
2026-07-01,capacity_price,19,59.28,20.0
2026-07-01,capacity_price,20,40.15,44.28
2026-07-01,capacity_price,21,12.8,240.83
2026-07-01,capacity_price,22,6.69,172.26
2026-07-01,capacity_price,23,1.2,1.2
2026-07-01,activation_volume,0,16.3,13.38
2026-07-01,activation_volume,1,13.445,30.99
2026-07-01,activation_volume,2,4.3,12.35
2026-07-01,activation_volume,3,4.025,1.05
2026-07-01,activation_volume,4,2.9,1.3199999999999998
2026-07-01,activation_volume,5,5.28,0.96
2026-07-01,activation_volume,6,5.05,2.55
2026-07-01,activation_volume,7,4.32,1.94
2026-07-01,activation_volume,8,6.01,2.12
2026-07-01,activation_volume,9,4.8050003,0.31
2026-07-01,activation_volume,10,9.674999,1.19
2026-07-01,activation_volume,11,8.745,0.69
2026-07-01,activation_volume,12,9.235,1.92
2026-07-01,activation_volume,13,10.764999,2.01
2026-07-01,activation_volume,14,9.28,1.32
2026-07-01,activation_volume,15,9.35,2.03
2026-07-01,activation_volume,16,12.43,1.6900000000000002
2026-07-01,activation_volume,17,13.835,2.41
2026-07-01,activation_volume,18,10.75,2.8400000000000003
2026-07-01,activation_volume,19,5.68,1.94
2026-07-01,activation_volume,20,5.255,3.3600000000000003
2026-07-01,activation_volume,21,4.1000004,7.550000000000001
2026-07-01,activation_volume,22,3.43,4.86
2026-07-01,activation_volume,23,3.125,1.6800000000000002
2026-07-01,activation_price,0,122.56036,302.3767563527653
2026-07-01,activation_price,1,119.08498,219.17515004840268
2026-07-01,activation_price,2,117.28713,187.55888259109315
2026-07-01,activation_price,3,112.30722,175.87733333333333
2026-07-01,activation_price,4,109.40294,227.2134090909091
2026-07-01,activation_price,5,124.31278,210.4809375
2026-07-01,activation_price,6,150.30756,276.5905098039216
2026-07-01,activation_price,7,140.97801,269.1293298969072
2026-07-01,activation_price,8,147.72878,290.2483962264151
2026-07-01,activation_price,9,134.33067,267.49838709677425
2026-07-01,activation_price,10,106.99419,231.71521008403363
2026-07-01,activation_price,11,92.878204,198.02333333333334
2026-07-01,activation_price,12,62.790646,220.11130208333333
2026-07-01,activation_price,13,74.397156,237.6860199004975
2026-07-01,activation_price,14,72.41322,213.2483333333333
2026-07-01,activation_price,15,101.436905,234.00768472906404
2026-07-01,activation_price,16,127.40317,208.88508875739643
2026-07-01,activation_price,17,156.8162,235.07128630705392
2026-07-01,activation_price,18,161.63141,247.53978873239436
2026-07-01,activation_price,19,154.80614,171.07432989690722
2026-07-01,activation_price,20,136.16238,174.73089285714286
2026-07-01,activation_price,21,134.48572,148.52945695364235
2026-07-01,activation_price,22,138.22621,232.37002057613165
2026-07-01,activation_price,23,124.268875,210.52523809523805
2026-07-02,day_ahead_price,0,114.33,161.204998
2026-07-02,day_ahead_price,1,108.485,144.107502
2026-07-02,day_ahead_price,2,106.53125,131.22750125000002
2026-07-02,day_ahead_price,3,106.335,119.41000175
2026-07-02,day_ahead_price,4,107.0525,112.670002
2026-07-02,day_ahead_price,5,115.385,111.7750015
2026-07-02,day_ahead_price,6,128.6925,119.0199985
2026-07-02,day_ahead_price,7,129.5575,110.3225
2026-07-02,day_ahead_price,8,113.38376,88.4624995
2026-07-02,day_ahead_price,9,86.8425,45.07250075
2026-07-02,day_ahead_price,10,53.645,4.91
2026-07-02,day_ahead_price,11,36.09,2.3925
2026-07-02,day_ahead_price,12,23.49,2.27
2026-07-02,day_ahead_price,13,23.28125,1.9999999999999998
2026-07-02,day_ahead_price,14,23.645,0.65
2026-07-02,day_ahead_price,15,45.144997,-0.10500000000000001
2026-07-02,day_ahead_price,16,77.87875,-0.0024999999999999988
2026-07-02,day_ahead_price,17,105.52,-0.015000000000000001
2026-07-02,day_ahead_price,18,130.33499,32.80999975
2026-07-02,day_ahead_price,19,151.4925,50.81999925
2026-07-02,day_ahead_price,20,147.58125,46.6224985
2026-07-02,day_ahead_price,21,137.38126,51.715001
2026-07-02,day_ahead_price,22,126.4075,36.05500025
2026-07-02,day_ahead_price,23,119.58,24.915000000000003
2026-07-02,capacity_price,0,1.2,0.33
2026-07-02,capacity_price,1,1.2,0.33
2026-07-02,capacity_price,2,0.67,1.2
2026-07-02,capacity_price,3,0.67,1.2
2026-07-02,capacity_price,4,1.2,0.33
2026-07-02,capacity_price,5,2.0,2.0
2026-07-02,capacity_price,6,5.35,2.01
2026-07-02,capacity_price,7,6.0,13.25
2026-07-02,capacity_price,8,20.07,2.01
2026-07-02,capacity_price,9,9.9,1.2
2026-07-02,capacity_price,10,2.96,1.2
2026-07-02,capacity_price,11,1.31,0.54
2026-07-02,capacity_price,12,1.2,0.33
2026-07-02,capacity_price,13,0.67,0.33
2026-07-02,capacity_price,14,1.2,0.33
2026-07-02,capacity_price,15,3.35,0.33
2026-07-02,capacity_price,16,6.84,0.35
2026-07-02,capacity_price,17,52.525,2.01
2026-07-02,capacity_price,18,57.54,2.01
2026-07-02,capacity_price,19,59.28,2.01
2026-07-02,capacity_price,20,52.1,2.01
2026-07-02,capacity_price,21,12.825001,2.01
2026-07-02,capacity_price,22,6.69,1.2
2026-07-02,capacity_price,23,2.0,14.85
2026-07-02,activation_volume,0,14.99,5.99
2026-07-02,activation_volume,1,11.455,6.77
2026-07-02,activation_volume,2,3.68,0.39
2026-07-02,activation_volume,3,2.67,0.36
2026-07-02,activation_volume,4,2.9,0.15000000000000002
2026-07-02,activation_volume,5,5.295,1.6800000000000002
2026-07-02,activation_volume,6,6.06,1.8900000000000001
2026-07-02,activation_volume,7,3.85,0.06
2026-07-02,activation_volume,8,7.09,1.4300000000000002
2026-07-02,activation_volume,9,6.205,0.25
2026-07-02,activation_volume,10,10.86,81.96
2026-07-02,activation_volume,11,8.745,18.23
2026-07-02,activation_volume,12,11.125,0.4
2026-07-02,activation_volume,13,20.3,1.15
2026-07-02,activation_volume,14,12.285,23.5
2026-07-02,activation_volume,15,11.690001,28.7
2026-07-02,activation_volume,16,10.78,31.93
2026-07-02,activation_volume,17,12.860001,72.64
2026-07-02,activation_volume,18,13.525,3.9000000000000004
2026-07-02,activation_volume,19,5.21,1.2000000000000002
2026-07-02,activation_volume,20,4.925,11.09
2026-07-02,activation_volume,21,4.19,0.69
2026-07-02,activation_volume,22,2.4650002,9.76
2026-07-02,activation_volume,23,3.56,0.29000000000000004
2026-07-02,activation_price,0,130.45546,181.24272120200334
2026-07-02,activation_price,1,120.578186,160.64283604135898
2026-07-02,activation_price,2,117.28713,173.06358974358974
2026-07-02,activation_price,3,113.997406,183.32222222222222
2026-07-02,activation_price,4,117.282104,172.15133333333333
2026-07-02,activation_price,5,123.99666,215.05958333333334
2026-07-02,activation_price,6,139.81807,241.39888888888888
2026-07-02,activation_price,7,142.22054,197.96
2026-07-02,activation_price,8,149.63559,227.60881118881116
2026-07-02,activation_price,9,134.33067,9.630799999999999
2026-07-02,activation_price,10,104.694626,1004.1192008296731
2026-07-02,activation_price,11,88.30109,78.49266044980801
2026-07-02,activation_price,12,64.89513,4.93
2026-07-02,activation_price,13,88.57861,11.19304347826087
2026-07-02,activation_price,14,89.554634,31.58748085106383
2026-07-02,activation_price,15,107.50968,81.65410104529614
2026-07-02,activation_price,16,127.40317,81.97731913560915
2026-07-02,activation_price,17,155.70695,178.20269823788547
2026-07-02,activation_price,18,169.23561,217.29856410256406
2026-07-02,activation_price,19,153.82657,124.44749999999998
2026-07-02,activation_price,20,151.64984,155.4673579801623
2026-07-02,activation_price,21,146.97115,148.1430434782609
2026-07-02,activation_price,22,139.97028,164.06698770491803
2026-07-02,activation_price,23,126.790115,32.79172413793103
2026-07-03,day_ahead_price,0,117.425,74.91749875
2026-07-03,day_ahead_price,1,111.1425,63.457499500000004
2026-07-03,day_ahead_price,2,109.47875,55.012499749999996
2026-07-03,day_ahead_price,3,108.4775,43.02000025
2026-07-03,day_ahead_price,4,110.020004,40.3824995
2026-07-03,day_ahead_price,5,114.56125,42.570001000000005
2026-07-03,day_ahead_price,6,131.11874,58.93499875
2026-07-03,day_ahead_price,7,134.195,38.455
2026-07-03,day_ahead_price,8,115.775,46.74499975
2026-07-03,day_ahead_price,9,92.8625,9.032500250000002
2026-07-03,day_ahead_price,10,59.26875,0.0475
2026-07-03,day_ahead_price,11,35.5975,-0.037500000000000006
2026-07-03,day_ahead_price,12,22.57125,-0.10500000000000001
2026-07-03,day_ahead_price,13,16.84,-0.0875
2026-07-03,day_ahead_price,14,25.5,-0.09
2026-07-03,day_ahead_price,15,45.0075,-0.0975
2026-07-03,day_ahead_price,16,71.707504,-0.07500000000000001
2026-07-03,day_ahead_price,17,101.78375,-0.01
2026-07-03,day_ahead_price,18,127.9025,19.822500249999997
2026-07-03,day_ahead_price,19,150.53,45.4375
2026-07-03,day_ahead_price,20,148.19751,58.99499875
2026-07-03,day_ahead_price,21,137.53,62.129999
2026-07-03,day_ahead_price,22,125.488754,64.30499925
2026-07-03,day_ahead_price,23,116.885,91.04500025
2026-07-03,capacity_price,0,1.2,2.44
2026-07-03,capacity_price,1,0.67,1.2
2026-07-03,capacity_price,2,0.67,1.07
2026-07-03,capacity_price,3,0.67,1.2
2026-07-03,capacity_price,4,1.2,2.0
2026-07-03,capacity_price,5,2.0,2.44
2026-07-03,capacity_price,6,5.35,2.44
2026-07-03,capacity_price,7,6.69,2.44
2026-07-03,capacity_price,8,12.985001,9.1
2026-07-03,capacity_price,9,6.69,2.44
2026-07-03,capacity_price,10,4.675,4.0
2026-07-03,capacity_price,11,1.31,2.68
2026-07-03,capacity_price,12,1.2,0.54
2026-07-03,capacity_price,13,1.2,0.67
2026-07-03,capacity_price,14,1.195,0.35
2026-07-03,capacity_price,15,1.255,0.54
2026-07-03,capacity_price,16,6.69,0.67
2026-07-03,capacity_price,17,35.08,2.44
2026-07-03,capacity_price,18,53.52,27.89
2026-07-03,capacity_price,19,57.285,2.44
2026-07-03,capacity_price,20,59.02,2.44
2026-07-03,capacity_price,21,18.0,2.44
2026-07-03,capacity_price,22,6.69,61.0
2026-07-03,capacity_price,23,1.2,40.27
2026-07-03,activation_volume,0,14.08,0.36
2026-07-03,activation_volume,1,10.844999,1.81
2026-07-03,activation_volume,2,4.29,47.62
2026-07-03,activation_volume,3,3.57,34.59
2026-07-03,activation_volume,4,3.48,21.37
2026-07-03,activation_volume,5,6.67,3.8099999999999996
2026-07-03,activation_volume,6,5.27,0.55
2026-07-03,activation_volume,7,4.4849997,6.25
2026-07-03,activation_volume,8,5.8900003,2.02
2026-07-03,activation_volume,9,5.78,24.26
2026-07-03,activation_volume,10,10.219999,11.35
2026-07-03,activation_volume,11,7.14,7.9
2026-07-03,activation_volume,12,8.96,14.16
2026-07-03,activation_volume,13,16.445,42.39
2026-07-03,activation_volume,14,10.655,5.31
2026-07-03,activation_volume,15,9.93,0.66
2026-07-03,activation_volume,16,11.76,80.44
2026-07-03,activation_volume,17,10.76,20.96
2026-07-03,activation_volume,18,13.280001,3.6
2026-07-03,activation_volume,19,5.7200003,2.5100000000000002
2026-07-03,activation_volume,20,5.48,2.12
2026-07-03,activation_volume,21,4.8050003,10.43
2026-07-03,activation_volume,22,2.48,2.5199999999999996
2026-07-03,activation_volume,23,3.04,6.6499999999999995
2026-07-03,activation_price,0,123.35504,132.54
2026-07-03,activation_price,1,111.583435,68.55
2026-07-03,activation_price,2,113.91477,90.0812809743805
2026-07-03,activation_price,3,116.07706,112.36548135299218
2026-07-03,activation_price,4,119.41463,59.93324754328496
2026-07-03,activation_price,5,125.524216,21.940393700787403
2026-07-03,activation_price,6,148.38896,22.45872727272727
2026-07-03,activation_price,7,142.45622,65.693584
2026-07-03,activation_price,8,148.00758,115.54762376237625
2026-07-03,activation_price,9,150.5713,628.1088252267107
2026-07-03,activation_price,10,115.63715,18.184898678414097
2026-07-03,activation_price,11,90.28222,12.456050632911392
2026-07-03,activation_price,12,72.4834,11.798305084745762
2026-07-03,activation_price,13,78.150246,11.303052606746874
2026-07-03,activation_price,14,82.61172,11.23909604519774
2026-07-03,activation_price,15,108.31004,6.33
2026-07-03,activation_price,16,128.65823,192.25642963699653
2026-07-03,activation_price,17,155.1041,9.680539122137404
2026-07-03,activation_price,18,162.99045,140.41577777777775
2026-07-03,activation_price,19,141.96973,24.5408764940239
2026-07-03,activation_price,20,137.55435,27.450754716981134
2026-07-03,activation_price,21,146.2562,25.869127516778523
2026-07-03,activation_price,22,137.66397,21.091428571428576
2026-07-03,activation_price,23,126.0431,156.71583458646614
2026-07-04,day_ahead_price,0,113.89875,79.2175
2026-07-04,day_ahead_price,1,107.3,87.72999949999999
2026-07-04,day_ahead_price,2,105.325,87.95250125000001
2026-07-04,day_ahead_price,3,104.63875,84.83
2026-07-04,day_ahead_price,4,106.463745,82.56999775
2026-07-04,day_ahead_price,5,112.8075,75.9400005
2026-07-04,day_ahead_price,6,130.91875,74.59000025
2026-07-04,day_ahead_price,7,130.6075,65.85249999999999
2026-07-04,day_ahead_price,8,118.31625,28.777501
2026-07-04,day_ahead_price,9,89.2225,0.9724999999999999
2026-07-04,day_ahead_price,10,54.4125,0.0
2026-07-04,day_ahead_price,11,27.233751,-0.1275
2026-07-04,day_ahead_price,12,18.85375,-0.395
2026-07-04,day_ahead_price,13,11.594999,-4.8025
2026-07-04,day_ahead_price,14,14.64375,-5.0975
2026-07-04,day_ahead_price,15,34.6725,-2.4875
2026-07-04,day_ahead_price,16,70.973755,-0.29500000000000004
2026-07-04,day_ahead_price,17,101.2575,4.93749975
2026-07-04,day_ahead_price,18,131.145,57.079999
2026-07-04,day_ahead_price,19,144.0175,100.602499
2026-07-04,day_ahead_price,20,148.41501,116.00000025
2026-07-04,day_ahead_price,21,140.295,119.41250025
2026-07-04,day_ahead_price,22,128.33751,120.34749975
2026-07-04,day_ahead_price,23,118.345,117.1875
2026-07-04,capacity_price,0,1.2,2.0
2026-07-04,capacity_price,1,0.67,2.0
2026-07-04,capacity_price,2,0.67,1.2
2026-07-04,capacity_price,3,0.67,1.2
2026-07-04,capacity_price,4,1.2,2.01
2026-07-04,capacity_price,5,2.0,2.19
2026-07-04,capacity_price,6,5.35,2.19
2026-07-04,capacity_price,7,6.69,2.19
2026-07-04,capacity_price,8,21.58,2.19
2026-07-04,capacity_price,9,6.69,2.19
2026-07-04,capacity_price,10,2.15,4.39
2026-07-04,capacity_price,11,1.31,1.2
2026-07-04,capacity_price,12,1.2,0.44
2026-07-04,capacity_price,13,0.67,0.2
2026-07-04,capacity_price,14,0.67,0.2
2026-07-04,capacity_price,15,1.34,1.2
2026-07-04,capacity_price,16,6.69,1.2
2026-07-04,capacity_price,17,44.56,8.81
2026-07-04,capacity_price,18,65.57,2.19
2026-07-04,capacity_price,19,60.684998,2.19
2026-07-04,capacity_price,20,64.1,2.19
2026-07-04,capacity_price,21,20.08,2.19
2026-07-04,capacity_price,22,7.795,72.88
2026-07-04,capacity_price,23,1.2,47.23
2026-07-04,activation_volume,0,14.425,4.54
2026-07-04,activation_volume,1,8.62,0.76
2026-07-04,activation_volume,2,2.26,0.38
2026-07-04,activation_volume,3,2.1950002,18.259999999999998
2026-07-04,activation_volume,4,2.56,0.08
2026-07-04,activation_volume,5,5.42,5.3500000000000005
2026-07-04,activation_volume,6,5.01,2.38
2026-07-04,activation_volume,7,3.8049998,0.37
2026-07-04,activation_volume,8,7.65,0.55
2026-07-04,activation_volume,9,5.6400003,2.13
2026-07-04,activation_volume,10,10.219999,0.0
2026-07-04,activation_volume,11,12.85,0.0
2026-07-04,activation_volume,12,13.57,0.01
2026-07-04,activation_volume,13,12.98,0.0
2026-07-04,activation_volume,14,15.39,5.82
2026-07-04,activation_volume,15,16.925,27.85
2026-07-04,activation_volume,16,14.22,12.940000000000001
2026-07-04,activation_volume,17,12.344999,19.07
2026-07-04,activation_volume,18,13.74,25.91
2026-07-04,activation_volume,19,6.4750004,0.06
2026-07-04,activation_volume,20,6.65,0.0
2026-07-04,activation_volume,21,5.0,11.19
2026-07-04,activation_volume,22,2.34,2.79
2026-07-04,activation_volume,23,3.38,4.359999999999999
2026-07-04,activation_price,0,125.4267,130.40660792951542
2026-07-04,activation_price,1,115.368065,120.39000000000001
2026-07-04,activation_price,2,116.413925,196.76
2026-07-04,activation_price,3,113.04944,253.13984665936476
2026-07-04,activation_price,4,119.64549,118.17500000000001
2026-07-04,activation_price,5,128.89226,114.78085981308409
2026-07-04,activation_price,6,161.57817,95.70382352941178
2026-07-04,activation_price,7,144.6717,91.69
2026-07-04,activation_price,8,155.94614,9.452363636363636
2026-07-04,activation_price,9,152.2407,8.082910798122068
2026-07-04,activation_price,10,105.81,
2026-07-04,activation_price,11,88.886925,
2026-07-04,activation_price,12,82.2699,-2.14
2026-07-04,activation_price,13,72.6726,
2026-07-04,activation_price,14,81.292725,13.563556701030926
2026-07-04,activation_price,15,85.04874,11.92565170556553
2026-07-04,activation_price,16,121.63093,32.43378670788253
2026-07-04,activation_price,17,155.70695,1101.200204509701
2026-07-04,activation_price,18,167.1297,455.2503705133153
2026-07-04,activation_price,19,152.847,142.43
2026-07-04,activation_price,20,147.00002,
2026-07-04,activation_price,21,145.825,138.66521894548706
2026-07-04,activation_price,22,139.63843,118.43935483870966
2026-07-04,activation_price,23,129.4743,123.49883027522937
2026-07-05,day_ahead_price,0,114.445,108.7874985
2026-07-05,day_ahead_price,1,109.2725,94.875
2026-07-05,day_ahead_price,2,107.315,84.03999900000001
2026-07-05,day_ahead_price,3,107.435,73.99750150000001
2026-07-05,day_ahead_price,4,107.45625,64.04499974999999
2026-07-05,day_ahead_price,5,112.045,58.77250025
2026-07-05,day_ahead_price,6,118.865,35.3125
2026-07-05,day_ahead_price,7,119.4,20.99999975
2026-07-05,day_ahead_price,8,112.3025,15.795
2026-07-05,day_ahead_price,9,88.51625,1.4949999999999999
2026-07-05,day_ahead_price,10,54.4125,-0.0025
2026-07-05,day_ahead_price,11,35.5975,-0.0125
2026-07-05,day_ahead_price,12,23.49,-0.09999999999999999
2026-07-05,day_ahead_price,13,22.292501,-0.6025
2026-07-05,day_ahead_price,14,32.16375,-1.145
2026-07-05,day_ahead_price,15,45.282497,-1.0025
2026-07-05,day_ahead_price,16,75.8175,-0.03
2026-07-05,day_ahead_price,17,104.195,2.175
2026-07-05,day_ahead_price,18,129.3875,12.24000025
2026-07-05,day_ahead_price,19,143.305,34.32250025
2026-07-05,day_ahead_price,20,150.4475,79.14749900000001
2026-07-05,day_ahead_price,21,140.47375,95.0
2026-07-05,day_ahead_price,22,129.99251,100.89249775
2026-07-05,day_ahead_price,23,119.8375,102.17000025
2026-07-05,capacity_price,0,1.2,2.36
2026-07-05,capacity_price,1,0.67,2.01
2026-07-05,capacity_price,2,0.67,2.01
2026-07-05,capacity_price,3,0.67,2.36
2026-07-05,capacity_price,4,1.2,2.36
2026-07-05,capacity_price,5,1.31,2.36
2026-07-05,capacity_price,6,5.35,2.36
2026-07-05,capacity_price,7,6.69,2.36
2026-07-05,capacity_price,8,12.985001,2.36
2026-07-05,capacity_price,9,6.69,2.36
2026-07-05,capacity_price,10,5.35,2.36
2026-07-05,capacity_price,11,1.31,2.76
2026-07-05,capacity_price,12,1.2,1.34
2026-07-05,capacity_price,13,0.67,1.34
2026-07-05,capacity_price,14,1.2,1.34
2026-07-05,capacity_price,15,2.68,1.34
2026-07-05,capacity_price,16,6.69,2.01
2026-07-05,capacity_price,17,42.9,2.36
2026-07-05,capacity_price,18,51.93,5.89
2026-07-05,capacity_price,19,59.28,2.36
2026-07-05,capacity_price,20,64.1,2.36
2026-07-05,capacity_price,21,14.4,2.36
2026-07-05,capacity_price,22,5.75,48.17
2026-07-05,capacity_price,23,1.2,20.0
2026-07-05,activation_volume,0,14.99,3.65
2026-07-05,activation_volume,1,9.16,0.0
2026-07-05,activation_volume,2,3.88,4.510000000000001
2026-07-05,activation_volume,3,2.73,14.97
2026-07-05,activation_volume,4,3.3449998,13.32
2026-07-05,activation_volume,5,6.4,20.19
2026-07-05,activation_volume,6,6.53,3.52
2026-07-05,activation_volume,7,4.37,0.0
2026-07-05,activation_volume,8,9.559999,16.88
2026-07-05,activation_volume,9,6.465,24.96
2026-07-05,activation_volume,10,11.485,27.89
2026-07-05,activation_volume,11,5.925,0.16999999999999998
2026-07-05,activation_volume,12,19.775,0.59
2026-07-05,activation_volume,13,18.83,0.0
2026-07-05,activation_volume,14,11.34,0.0
2026-07-05,activation_volume,15,11.31,0.0
2026-07-05,activation_volume,16,14.21,3.52
2026-07-05,activation_volume,17,15.44,0.4
2026-07-05,activation_volume,18,13.74,30.61
2026-07-05,activation_volume,19,6.525,11.059999999999999
2026-07-05,activation_volume,20,6.4849997,14.45
2026-07-05,activation_volume,21,4.455,7.41
2026-07-05,activation_volume,22,3.565,0.3
2026-07-05,activation_volume,23,4.48,0.35
2026-07-05,activation_price,0,121.10593,129.57
2026-07-05,activation_price,1,112.78059,
2026-07-05,activation_price,2,112.34808,87.89911308203989
2026-07-05,activation_price,3,112.47578,182.12068804275216
2026-07-05,activation_price,4,118.47127,151.95245495495496
2026-07-05,activation_price,5,123.85382,214.88239722634964
2026-07-05,activation_price,6,155.68459,107.54102272727273
2026-07-05,activation_price,7,153.33371,
2026-07-05,activation_price,8,154.91939,45.81964454976304
2026-07-05,activation_price,9,155.71786,54.102279647435886
2026-07-05,activation_price,10,116.42791,65.1926210111151
2026-07-05,activation_price,11,68.18,0.0
2026-07-05,activation_price,12,90.25096,0.4799999999999999
2026-07-05,activation_price,13,77.26006,
2026-07-05,activation_price,14,82.531006,
2026-07-05,activation_price,15,99.890495,
2026-07-05,activation_price,16,126.91231,13.09088068181818
2026-07-05,activation_price,17,157.6279,0.25
2026-07-05,activation_price,18,165.81635,85.98250571708593
2026-07-05,activation_price,19,152.73845,73.60150090415912
2026-07-05,activation_price,20,139.18237,141.9415778546713
2026-07-05,activation_price,21,146.97115,135.36269905533064
2026-07-05,activation_price,22,143.37619,152.2
2026-07-05,activation_price,23,127.62,119.14
2026-07-06,day_ahead_price,0,115.3675,132.71750075
2026-07-06,day_ahead_price,1,109.795,123.790001
2026-07-06,day_ahead_price,2,107.315,118.70249975
2026-07-06,day_ahead_price,3,105.86625,114.09249874999999
2026-07-06,day_ahead_price,4,106.5925,114.25
2026-07-06,day_ahead_price,5,112.8075,120.04499999999999
2026-07-06,day_ahead_price,6,124.3875,135.79750049999998
2026-07-06,day_ahead_price,7,122.575,140.394993
2026-07-06,day_ahead_price,8,113.715004,135.91499925
2026-07-06,day_ahead_price,9,89.2225,112.4900015
2026-07-06,day_ahead_price,10,43.4175,92.98499875
2026-07-06,day_ahead_price,11,22.26875,74.0374995
2026-07-06,day_ahead_price,12,14.975,43.38999975
2026-07-06,day_ahead_price,13,7.2487497,28.029999749999998
2026-07-06,day_ahead_price,14,8.1925,22.25000025
2026-07-06,day_ahead_price,15,27.0225,16.39749975
2026-07-06,day_ahead_price,16,73.05625,32.230000499999996
2026-07-06,day_ahead_price,17,102.667496,68.36000125
2026-07-06,day_ahead_price,18,127.99,101.2549995
2026-07-06,day_ahead_price,19,143.5425,116.67999825
2026-07-06,day_ahead_price,20,147.72751,132.085003
2026-07-06,day_ahead_price,21,137.20624,132.71749525
2026-07-06,day_ahead_price,22,127.5025,129.24999825
2026-07-06,day_ahead_price,23,118.1975,121.61750025
2026-07-06,capacity_price,0,1.2,2.45
2026-07-06,capacity_price,1,0.67,2.01
2026-07-06,capacity_price,2,0.67,2.0
2026-07-06,capacity_price,3,0.67,2.01
2026-07-06,capacity_price,4,1.2,2.01
2026-07-06,capacity_price,5,1.2,2.45
2026-07-06,capacity_price,6,2.94,2.45
2026-07-06,capacity_price,7,6.0,4.0
2026-07-06,capacity_price,8,20.07,2.45
2026-07-06,capacity_price,9,9.9,2.45
2026-07-06,capacity_price,10,3.35,2.45
2026-07-06,capacity_price,11,1.31,2.94
2026-07-06,capacity_price,12,1.2,2.45
2026-07-06,capacity_price,13,0.67,2.94
2026-07-06,capacity_price,14,0.67,2.45
2026-07-06,capacity_price,15,1.34,13.43
2026-07-06,capacity_price,16,6.69,2.01
2026-07-06,capacity_price,17,46.63,2.45
2026-07-06,capacity_price,18,54.0,2.45
2026-07-06,capacity_price,19,33.46,2.45
2026-07-06,capacity_price,20,12.85,2.45
2026-07-06,capacity_price,21,11.4,2.45
2026-07-06,capacity_price,22,4.0,2.45
2026-07-06,capacity_price,23,1.2,2.45
2026-07-06,activation_volume,0,15.99,1.51
2026-07-06,activation_volume,1,10.37,3.69
2026-07-06,activation_volume,2,3.88,6.2700000000000005
2026-07-06,activation_volume,3,2.62,6.000000000000001
2026-07-06,activation_volume,4,2.18,1.75
2026-07-06,activation_volume,5,5.85,1.1099999999999999
2026-07-06,activation_volume,6,5.65,6.460000000000001
2026-07-06,activation_volume,7,3.52,1.28
2026-07-06,activation_volume,8,8.885,2.55
2026-07-06,activation_volume,9,8.07,0.87
2026-07-06,activation_volume,10,13.05,6.430000000000001
2026-07-06,activation_volume,11,7.14,0.21000000000000002
2026-07-06,activation_volume,12,9.32,9.33
2026-07-06,activation_volume,13,11.21,22.330000000000002
2026-07-06,activation_volume,14,9.28,9.61
2026-07-06,activation_volume,15,8.72,88.50999999999999
2026-07-06,activation_volume,16,11.225,30.910000000000004
2026-07-06,activation_volume,17,13.655001,2.01
2026-07-06,activation_volume,18,9.97,4.09
2026-07-06,activation_volume,19,5.22,22.740000000000002
2026-07-06,activation_volume,20,5.79,9.35
2026-07-06,activation_volume,21,4.41,0.75
2026-07-06,activation_volume,22,2.83,1.9
2026-07-06,activation_volume,23,4.48,1.62
2026-07-06,activation_price,0,137.64142,140.03403973509936
2026-07-06,activation_price,1,116.444534,101.02159891598914
2026-07-06,activation_price,2,116.78264,119.93141945773525
2026-07-06,activation_price,3,112.30722,135.7314833333333
2026-07-06,activation_price,4,113.61874,157.7852
2026-07-06,activation_price,5,122.746506,104.63315315315316
2026-07-06,activation_price,6,147.77608,200.6580959752322
2026-07-06,activation_price,7,153.58069,179.14390625
2026-07-06,activation_price,8,155.33783,156.49086274509804
2026-07-06,activation_price,9,147.02231,129.98781609195402
2026-07-06,activation_price,10,102.02334,115.1770295489891
2026-07-06,activation_price,11,76.515335,54.5295238095238
2026-07-06,activation_price,12,73.75723,184.91000000000003
2026-07-06,activation_price,13,72.6726,468.136551724138
2026-07-06,activation_price,14,90.03214,61.202632674297604
2026-07-06,activation_price,15,74.97966,462.3187673709186
2026-07-06,activation_price,16,124.30847,159.3140698802976
2026-07-06,activation_price,17,157.30609,73.42805970149256
2026-07-06,activation_price,18,160.42981,109.1951100244499
2026-07-06,activation_price,19,157.74387,1186.390290237467
2026-07-06,activation_price,20,137.81401,883.0571978609627
2026-07-06,activation_price,21,145.02122,129.6428
2026-07-06,activation_price,22,142.84717,101.7725789473684
2026-07-06,activation_price,23,130.13872,200.07308641975305
2026-07-07,day_ahead_price,0,117.39,105.0
2026-07-07,day_ahead_price,1,112.835,107.94249925
2026-07-07,day_ahead_price,2,109.957504,101.91749949999999
2026-07-07,day_ahead_price,3,107.0825,97.99250024999999
2026-07-07,day_ahead_price,4,108.71,94.494999
2026-07-07,day_ahead_price,5,112.045,96.367502
2026-07-07,day_ahead_price,6,122.1,101.40249825000001
2026-07-07,day_ahead_price,7,118.67,110.29000099999999
2026-07-07,day_ahead_price,8,107.6725,98.80750099999999
2026-07-07,day_ahead_price,9,78.8,96.8175
2026-07-07,day_ahead_price,10,29.35375,46.152500249999996
2026-07-07,day_ahead_price,11,14.54,6.465
2026-07-07,day_ahead_price,12,12.1375,1.07
2026-07-07,day_ahead_price,13,7.2487497,1.0075
2026-07-07,day_ahead_price,14,6.8325,-0.0125
2026-07-07,day_ahead_price,15,17.547499,0.6925
2026-07-07,day_ahead_price,16,61.555,3.4524999999999997
2026-07-07,day_ahead_price,17,96.0,3.3675
2026-07-07,day_ahead_price,18,126.0,49.5299995
2026-07-07,day_ahead_price,19,141.23375,82.19499975
2026-07-07,day_ahead_price,20,150.4475,84.43749975
2026-07-07,day_ahead_price,21,143.485,88.8600005
2026-07-07,day_ahead_price,22,135.61374,85.94750025
2026-07-07,day_ahead_price,23,125.36,80.00749975000001
2026-07-07,capacity_price,0,1.2,2.21
2026-07-07,capacity_price,1,0.67,4.42
2026-07-07,capacity_price,2,0.67,1.2
2026-07-07,capacity_price,3,0.67,2.21
2026-07-07,capacity_price,4,1.2,2.21
2026-07-07,capacity_price,5,1.2,2.21
2026-07-07,capacity_price,6,1.8050001,2.21
2026-07-07,capacity_price,7,5.825,2.21
2026-07-07,capacity_price,8,10.84,2.21
2026-07-07,capacity_price,9,6.69,2.21
2026-07-07,capacity_price,10,1.31,2.21
2026-07-07,capacity_price,11,1.2,2.21
2026-07-07,capacity_price,12,0.67,2.01
2026-07-07,capacity_price,13,0.67,2.01
2026-07-07,capacity_price,14,0.67,0.67
2026-07-07,capacity_price,15,1.2,0.67
2026-07-07,capacity_price,16,6.395,2.01
2026-07-07,capacity_price,17,24.89,2.21
2026-07-07,capacity_price,18,45.92,2.21
2026-07-07,capacity_price,19,14.0,2.21
2026-07-07,capacity_price,20,17.47,2.94
2026-07-07,capacity_price,21,12.645,4.42
2026-07-07,capacity_price,22,3.005,2.21
2026-07-07,capacity_price,23,0.93500006,0.54
2026-07-07,activation_volume,0,13.625,1.03
2026-07-07,activation_volume,1,11.7,0.7
2026-07-07,activation_volume,2,3.63,19.28
2026-07-07,activation_volume,3,2.28,1.48
2026-07-07,activation_volume,4,2.78,41.65
2026-07-07,activation_volume,5,4.88,1.19
2026-07-07,activation_volume,6,5.27,0.01
2026-07-07,activation_volume,7,3.8049998,0.15000000000000002
2026-07-07,activation_volume,8,7.09,8.26
2026-07-07,activation_volume,9,7.8,0.08
2026-07-07,activation_volume,10,14.74,14.88
2026-07-07,activation_volume,11,15.82,3.93
2026-07-07,activation_volume,12,15.35,29.86
2026-07-07,activation_volume,13,22.82,83.54
2026-07-07,activation_volume,14,10.66,157.05
2026-07-07,activation_volume,15,11.07,8.05
2026-07-07,activation_volume,16,14.135,128.96
2026-07-07,activation_volume,17,12.344999,63.84
2026-07-07,activation_volume,18,8.88,6.57
2026-07-07,activation_volume,19,4.575,1.19
2026-07-07,activation_volume,20,5.435,17.52
2026-07-07,activation_volume,21,4.51,6.21
2026-07-07,activation_volume,22,3.1750002,1.27
2026-07-07,activation_volume,23,4.15,0.01
2026-07-07,activation_price,0,125.4267,133.7633009708738
2026-07-07,activation_price,1,115.368065,173.62428571428575
2026-07-07,activation_price,2,121.14049,231.28609958506223
2026-07-07,activation_price,3,116.82209,178.72574324324324
2026-07-07,activation_price,4,118.47127,1042.8252749099638
2026-07-07,activation_price,5,126.7457,179.85092436974793
2026-07-07,activation_price,6,148.8094,133.09
2026-07-07,activation_price,7,147.24849,182.92666666666668
2026-07-07,activation_price,8,144.34833,248.776004842615
2026-07-07,activation_price,9,123.99774,180.78
2026-07-07,activation_price,10,98.540634,77.94548387096773
2026-07-07,activation_price,11,54.477272,34.98854961832061
2026-07-07,activation_price,12,66.6697,25.976128600133954
2026-07-07,activation_price,13,72.303085,95.20316135982762
2026-07-07,activation_price,14,63.630745,323.6418892072587
2026-07-07,activation_price,15,75.368454,39.285999999999994
2026-07-07,activation_price,16,121.198044,761.4462507754342
2026-07-07,activation_price,17,154.45802,187.85431234335843
2026-07-07,activation_price,18,165.89789,141.97993911719936
2026-07-07,activation_price,19,158.02788,140.33705882352942
2026-07-07,activation_price,20,137.09482,155.67396118721462
2026-07-07,activation_price,21,142.33594,149.23513687600646
2026-07-07,activation_price,22,142.58626,156.35
2026-07-07,activation_price,23,128.00433,20.79
2026-07-08,day_ahead_price,0,115.2525,100.577499
2026-07-08,day_ahead_price,1,112.835,100.00250025
2026-07-08,day_ahead_price,2,107.74375,99.99999975
2026-07-08,day_ahead_price,3,106.89125,103.00249875
2026-07-08,day_ahead_price,4,108.34125,107.0
2026-07-08,day_ahead_price,5,112.59375,104.827501
2026-07-08,day_ahead_price,6,128.0,109.59749975
2026-07-08,day_ahead_price,7,131.20624,110.56000125
2026-07-08,day_ahead_price,8,119.39125,98.012499
2026-07-08,day_ahead_price,9,92.978745,79.99749824999999
2026-07-08,day_ahead_price,10,55.61375,74.63500025
2026-07-08,day_ahead_price,11,31.03125,68.09749975
2026-07-08,day_ahead_price,12,20.085,47.90749925
2026-07-08,day_ahead_price,13,13.01,21.619999999999997
2026-07-08,day_ahead_price,14,8.705,12.712499999999999
2026-07-08,day_ahead_price,15,34.6725,14.2925
2026-07-08,day_ahead_price,16,70.24,39.79750025
2026-07-08,day_ahead_price,17,102.31,78.057499
2026-07-08,day_ahead_price,18,128.29375,96.3925
2026-07-08,day_ahead_price,19,143.78,125.0
2026-07-08,day_ahead_price,20,148.8725,147.834999
2026-07-08,day_ahead_price,21,140.63,160.0
2026-07-08,day_ahead_price,22,130.185,158.8675005
2026-07-08,day_ahead_price,23,119.14,142.00250225
2026-07-08,capacity_price,0,1.2,1.2
2026-07-08,capacity_price,1,0.67,2.0
2026-07-08,capacity_price,2,0.67,1.2
2026-07-08,capacity_price,3,0.67,13.38
2026-07-08,capacity_price,4,1.2,2.26
2026-07-08,capacity_price,5,1.255,2.26
2026-07-08,capacity_price,6,2.0,2.26
2026-07-08,capacity_price,7,5.89,2.26
2026-07-08,capacity_price,8,18.74,2.26
2026-07-08,capacity_price,9,6.69,2.26
2026-07-08,capacity_price,10,2.01,2.26
2026-07-08,capacity_price,11,1.255,4.0
2026-07-08,capacity_price,12,1.2,2.01
2026-07-08,capacity_price,13,0.67,0.67
2026-07-08,capacity_price,14,0.67,0.67
2026-07-08,capacity_price,15,1.34,1.2
2026-07-08,capacity_price,16,6.69,2.26
2026-07-08,capacity_price,17,33.725,2.94
2026-07-08,capacity_price,18,52.91,2.26
2026-07-08,capacity_price,19,40.14,2.26
2026-07-08,capacity_price,20,22.0,2.26
2026-07-08,capacity_price,21,12.34,2.26
2026-07-08,capacity_price,22,4.0,18.6
2026-07-08,capacity_price,23,1.2,11.37
2026-07-08,activation_volume,0,16.5,4.42
2026-07-08,activation_volume,1,10.915,0.06
2026-07-08,activation_volume,2,3.68,0.0
2026-07-08,activation_volume,3,2.1,0.0
2026-07-08,activation_volume,4,2.475,0.6100000000000001
2026-07-08,activation_volume,5,6.0600004,3.5300000000000002
2026-07-08,activation_volume,6,7.0,2.1599999999999997
2026-07-08,activation_volume,7,3.12,0.99
2026-07-08,activation_volume,8,5.7,0.0
2026-07-08,activation_volume,9,5.78,0.0
2026-07-08,activation_volume,10,9.03,0.32
2026-07-08,activation_volume,11,7.205,7.01
2026-07-08,activation_volume,12,18.384998,0.18
2026-07-08,activation_volume,13,16.31,1.39
2026-07-08,activation_volume,14,9.45,0.6799999999999999
2026-07-08,activation_volume,15,13.11,3.7399999999999998
2026-07-08,activation_volume,16,10.87,12.49
2026-07-08,activation_volume,17,12.344999,13.18
2026-07-08,activation_volume,18,10.75,21.06
2026-07-08,activation_volume,19,5.49,1.48
2026-07-08,activation_volume,20,5.03,1.7799999999999998
2026-07-08,activation_volume,21,4.5950003,4.35
2026-07-08,activation_volume,22,3.3000002,0.0
2026-07-08,activation_volume,23,4.7,0.0
2026-07-08,activation_price,0,131.79599,132.2305656108597
2026-07-08,activation_price,1,118.99818,111.60000000000001
2026-07-08,activation_price,2,117.254265,
2026-07-08,activation_price,3,108.848206,
2026-07-08,activation_price,4,118.64326,132.45737704918028
2026-07-08,activation_price,5,123.92524,144.91926345609062
2026-07-08,activation_price,6,148.93088,177.21407407407406
2026-07-08,activation_price,7,138.59,166.9782828282828
2026-07-08,activation_price,8,153.18626,
2026-07-08,activation_price,9,148.22623,
2026-07-08,activation_price,10,101.87169,22.85
2026-07-08,activation_price,11,88.30109,52.929229671897296
2026-07-08,activation_price,12,66.07503,16.28666666666667
2026-07-08,activation_price,13,72.8,22.47
2026-07-08,activation_price,14,81.292725,14.041764705882352
2026-07-08,activation_price,15,99.890495,14.97342245989305
2026-07-08,activation_price,16,126.986015,101.75230584467573
2026-07-08,activation_price,17,154.50124,130.08949924127467
2026-07-08,activation_price,18,161.61484,173.52490978157647
2026-07-08,activation_price,19,152.847,161.63945945945946
2026-07-08,activation_price,20,143.17343,167.31471910112361
2026-07-08,activation_price,21,155.54488,162.63491954022993
2026-07-08,activation_price,22,143.95995,
2026-07-08,activation_price,23,132.25896,
2026-07-09,day_ahead_price,0,117.425,135.7824975
2026-07-09,day_ahead_price,1,112.115,132.147499
2026-07-09,day_ahead_price,2,109.205,127.31749900000001
2026-07-09,day_ahead_price,3,106.823746,124.557501
2026-07-09,day_ahead_price,4,109.6925,124.93250075
2026-07-09,day_ahead_price,5,116.8975,133.89000125
2026-07-09,day_ahead_price,6,125.505005,145.10750199999998
2026-07-09,day_ahead_price,7,121.43,147.26250075
2026-07-09,day_ahead_price,8,112.315,138.36250125
2026-07-09,day_ahead_price,9,79.82001,119.00000025
2026-07-09,day_ahead_price,10,44.6975,102.08250050000001
2026-07-09,day_ahead_price,11,17.5475,90.39000125
2026-07-09,day_ahead_price,12,15.6675,70.07249925
2026-07-09,day_ahead_price,13,13.01,45.88
2026-07-09,day_ahead_price,14,16.895,38.72000025
2026-07-09,day_ahead_price,15,21.279999,53.5424995
2026-07-09,day_ahead_price,16,65.01,83.977501
2026-07-09,day_ahead_price,17,99.3975,108.9850005
2026-07-09,day_ahead_price,18,125.042496,131.07249825
2026-07-09,day_ahead_price,19,140.22874,167.17249675
2026-07-09,day_ahead_price,20,151.0175,214.78749825
2026-07-09,day_ahead_price,21,142.35875,217.882496
2026-07-09,day_ahead_price,22,126.0275,185.1800005
2026-07-09,day_ahead_price,23,119.58,163.46750275
2026-07-09,capacity_price,0,1.2,2.29
2026-07-09,capacity_price,1,1.2,1.2
2026-07-09,capacity_price,2,0.67,1.2
2026-07-09,capacity_price,3,0.67,2.01
2026-07-09,capacity_price,4,1.2,2.29
2026-07-09,capacity_price,5,1.2,2.29
2026-07-09,capacity_price,6,4.0,2.29
2026-07-09,capacity_price,7,6.69,2.29
2026-07-09,capacity_price,8,20.035,2.29
2026-07-09,capacity_price,9,6.69,2.29
2026-07-09,capacity_price,10,2.96,4.0
2026-07-09,capacity_price,11,1.2,20.0
2026-07-09,capacity_price,12,1.2,2.29
2026-07-09,capacity_price,13,0.67,4.77
2026-07-09,capacity_price,14,0.67,2.01
2026-07-09,capacity_price,15,1.34,8.68
2026-07-09,capacity_price,16,6.69,5.89
2026-07-09,capacity_price,17,28.24,2.29
2026-07-09,capacity_price,18,51.925,2.29
2026-07-09,capacity_price,19,36.8,2.29
2026-07-09,capacity_price,20,33.46,2.29
2026-07-09,capacity_price,21,12.82,2.29
2026-07-09,capacity_price,22,4.675,13.38
2026-07-09,capacity_price,23,1.2,2.01
2026-07-09,activation_volume,0,14.1,2.68
2026-07-09,activation_volume,1,10.465,2.93
2026-07-09,activation_volume,2,2.48,0.9199999999999999
2026-07-09,activation_volume,3,2.28,1.52
2026-07-09,activation_volume,4,2.35,1.49
2026-07-09,activation_volume,5,4.33,1.87
2026-07-09,activation_volume,6,6.495,1.82
2026-07-09,activation_volume,7,3.5,2.02
2026-07-09,activation_volume,8,6.235,8.43
2026-07-09,activation_volume,9,6.17,8.28
2026-07-09,activation_volume,10,6.75,3.0999999999999996
2026-07-09,activation_volume,11,5.875,12.629999999999999
2026-07-09,activation_volume,12,11.165,3.4999999999999996
2026-07-09,activation_volume,13,15.53,2.18
2026-07-09,activation_volume,14,15.995,1.5
2026-07-09,activation_volume,15,10.83,0.89
2026-07-09,activation_volume,16,11.225,13.790000000000001
2026-07-09,activation_volume,17,13.56,11.34
2026-07-09,activation_volume,18,8.635,3.5199999999999996
2026-07-09,activation_volume,19,5.22,5.35
2026-07-09,activation_volume,20,4.3450003,5.699999999999999
2026-07-09,activation_volume,21,4.1549997,1.29
2026-07-09,activation_volume,22,3.305,1.41
2026-07-09,activation_volume,23,3.38,4.930000000000001
2026-07-09,activation_price,0,112.594246,153.28097014925373
2026-07-09,activation_price,1,123.7887,153.12607508532423
2026-07-09,activation_price,2,118.87164,168.3708695652174
2026-07-09,activation_price,3,112.282036,165.48565789473685
2026-07-09,activation_price,4,117.89122,166.87523489932886
2026-07-09,activation_price,5,125.376205,174.6020320855615
2026-07-09,activation_price,6,152.0947,177.76494505494503
2026-07-09,activation_price,7,139.9779,201.5329207920792
2026-07-09,activation_price,8,139.9616,202.0232858837485
2026-07-09,activation_price,9,123.99774,146.92971014492755
2026-07-09,activation_price,10,91.49373,180.86464516129035
2026-07-09,activation_price,11,72.70392,156.7852414885194
2026-07-09,activation_price,12,62.790646,124.65791428571428
2026-07-09,activation_price,13,74.714294,69.14857798165137
2026-07-09,activation_price,14,63.34431,77.32773333333333
2026-07-09,activation_price,15,77.19475,63.83483146067415
2026-07-09,activation_price,16,118.26285,131.49226250906452
2026-07-09,activation_price,17,151.2688,158.30896825396826
2026-07-09,activation_price,18,165.89789,199.42440340909093
2026-07-09,activation_price,19,157.45985,181.5653457943925
2026-07-09,activation_price,20,134.46991,172.2579122807018
2026-07-09,activation_price,21,148.94,151.59178294573644
2026-07-09,activation_price,22,139.97028,134.75829787234045
2026-07-09,activation_price,23,124.93291,156.02890466531437
2026-07-10,day_ahead_price,0,119.901245,154.050003
2026-07-10,day_ahead_price,1,114.15,143.55250174999998
2026-07-10,day_ahead_price,2,110.4275,139.91249875
2026-07-10,day_ahead_price,3,109.995,138.017498
2026-07-10,day_ahead_price,4,110.62625,138.12250125
2026-07-10,day_ahead_price,5,112.884995,142.53250125
2026-07-10,day_ahead_price,6,124.3875,151.290001
2026-07-10,day_ahead_price,7,122.575,147.852501
2026-07-10,day_ahead_price,8,116.40625,134.59
2026-07-10,day_ahead_price,9,89.2225,122.20249749999999
2026-07-10,day_ahead_price,10,57.345,100.54999925000001
2026-07-10,day_ahead_price,11,26.495,78.23999975
2026-07-10,day_ahead_price,12,16.3625,59.459999
2026-07-10,day_ahead_price,13,13.01,37.35999975
2026-07-10,day_ahead_price,14,14.26375,40.950001
2026-07-10,day_ahead_price,15,34.93625,62.09999975
2026-07-10,day_ahead_price,16,66.9125,88.38749975
2026-07-10,day_ahead_price,17,100.78625,114.0925005
2026-07-10,day_ahead_price,18,127.2025,128.70000075000002
2026-07-10,day_ahead_price,19,143.06749,165.33749775
2026-07-10,day_ahead_price,20,150.35625,187.38999925000002
2026-07-10,day_ahead_price,21,142.67001,176.98499700000002
2026-07-10,day_ahead_price,22,131.225,168.0
2026-07-10,day_ahead_price,23,122.985,154.46249775
2026-07-10,capacity_price,0,1.2,2.01
2026-07-10,capacity_price,1,0.67,0.67
2026-07-10,capacity_price,2,0.67,0.54
2026-07-10,capacity_price,3,0.67,0.67
2026-07-10,capacity_price,4,1.2,2.02
2026-07-10,capacity_price,5,1.31,2.18
2026-07-10,capacity_price,6,4.0,2.13
2026-07-10,capacity_price,7,5.9449997,2.02
2026-07-10,capacity_price,8,12.715,2.13
2026-07-10,capacity_price,9,6.69,2.18
2026-07-10,capacity_price,10,1.34,4.0
2026-07-10,capacity_price,11,1.31,11.37
2026-07-10,capacity_price,12,1.2,2.02
2026-07-10,capacity_price,13,0.67,2.02
2026-07-10,capacity_price,14,0.67,9.2
2026-07-10,capacity_price,15,1.2,2.02
2026-07-10,capacity_price,16,6.06,2.02
2026-07-10,capacity_price,17,25.09,2.18
2026-07-10,capacity_price,18,50.33,2.02
2026-07-10,capacity_price,19,33.46,2.13
2026-07-10,capacity_price,20,24.75,2.02
2026-07-10,capacity_price,21,12.58,2.02
2026-07-10,capacity_price,22,4.0,16.4
2026-07-10,capacity_price,23,1.2,6.69
2026-07-10,activation_volume,0,15.83,7.39
2026-07-10,activation_volume,1,10.915,0.7300000000000001
2026-07-10,activation_volume,2,4.86,1.86
2026-07-10,activation_volume,3,2.73,1.12
2026-07-10,activation_volume,4,3.275,3.1399999999999997
2026-07-10,activation_volume,5,5.42,7.07
2026-07-10,activation_volume,6,5.1800003,6.039999999999999
2026-07-10,activation_volume,7,3.12,4.7
2026-07-10,activation_volume,8,5.11,6.6
2026-07-10,activation_volume,9,5.37,2.02
2026-07-10,activation_volume,10,6.8549995,1.5499999999999998
2026-07-10,activation_volume,11,6.6549997,2.93
2026-07-10,activation_volume,12,11.45,6.71
2026-07-10,activation_volume,13,12.505,0.7100000000000001
2026-07-10,activation_volume,14,9.94,3.09
2026-07-10,activation_volume,15,12.335,13.920000000000002
2026-07-10,activation_volume,16,14.22,24.589999999999996
2026-07-10,activation_volume,17,12.78,10.790000000000001
2026-07-10,activation_volume,18,10.575001,8.86
2026-07-10,activation_volume,19,5.2,0.7200000000000001
2026-07-10,activation_volume,20,5.64,5.18
2026-07-10,activation_volume,21,4.5,1.5499999999999998
2026-07-10,activation_volume,22,2.955,3.8
2026-07-10,activation_volume,23,3.84,1.23
2026-07-10,activation_price,0,130.45546,163.06171853856563
2026-07-10,activation_price,1,115.95571,169.80904109589042
2026-07-10,activation_price,2,121.91312,131.31505376344083
2026-07-10,activation_price,3,117.56712,113.8992857142857
2026-07-10,activation_price,4,121.30902,136.94003184713378
2026-07-10,activation_price,5,126.75576,154.5288260254597
2026-07-10,activation_price,6,154.17804,185.78652317880795
2026-07-10,activation_price,7,139.9779,195.30085106382978
2026-07-10,activation_price,8,144.10577,181.55403030303032
2026-07-10,activation_price,9,158.61186,183.179702970297
2026-07-10,activation_price,10,98.540634,182.4894193548387
2026-07-10,activation_price,11,87.715256,97.2461433447099
2026-07-10,activation_price,12,64.3099,106.52412816691505
2026-07-10,activation_price,13,76.1821,46.33732394366197
2026-07-10,activation_price,14,76.29117,44.88773462783172
2026-07-10,activation_price,15,99.890495,112.01310344827586
2026-07-10,activation_price,16,126.70373,137.49696217974787
2026-07-10,activation_price,17,157.65001,162.6773864689527
2026-07-10,activation_price,18,170.66125,185.70107223476296
2026-07-10,activation_price,19,154.80614,128.93791666666667
2026-07-10,activation_price,20,147.41164,172.23127413127412
2026-07-10,activation_price,21,157.27977,154.3989677419355
2026-07-10,activation_price,22,144.14473,163.22663157894738
2026-07-10,activation_price,23,128.94118,157.06032520325203
2026-07-11,day_ahead_price,0,118.105,150.39749925
2026-07-11,day_ahead_price,1,112.335,143.904999
2026-07-11,day_ahead_price,2,110.4925,141.08250425
2026-07-11,day_ahead_price,3,108.494995,140.6050035
2026-07-11,day_ahead_price,4,110.42876,140.39249825000002
2026-07-11,day_ahead_price,5,117.6825,138.89250175
2026-07-11,day_ahead_price,6,126.6975,136.4050025
2026-07-11,day_ahead_price,7,125.0075,124.0475005
2026-07-11,day_ahead_price,8,112.63,115.45250150000001
2026-07-11,day_ahead_price,9,93.95875,74.10500049999999
2026-07-11,day_ahead_price,10,59.894997,16.875
2026-07-11,day_ahead_price,11,35.5975,7.155
2026-07-11,day_ahead_price,12,22.57125,6.699999999999999
2026-07-11,day_ahead_price,13,17.1775,5.8
2026-07-11,day_ahead_price,14,20.51125,5.0975
2026-07-11,day_ahead_price,15,34.6725,5.055
2026-07-11,day_ahead_price,16,68.57625,9.5075
2026-07-11,day_ahead_price,17,96.0,75.1825005
2026-07-11,day_ahead_price,18,125.27875,120.78499975
2026-07-11,day_ahead_price,19,141.37,141.170002
2026-07-11,day_ahead_price,20,148.41501,151.89249800000002
2026-07-11,day_ahead_price,21,141.21,156.4074975
2026-07-11,day_ahead_price,22,130.6075,154.88749725000002
2026-07-11,day_ahead_price,23,121.06125,145.60000225
2026-07-11,capacity_price,0,1.2,2.19
2026-07-11,capacity_price,1,1.2,2.19
2026-07-11,capacity_price,2,0.67,2.19
2026-07-11,capacity_price,3,0.67,2.19
2026-07-11,capacity_price,4,1.2,2.19
2026-07-11,capacity_price,5,1.2,2.19
2026-07-11,capacity_price,6,5.35,2.19
2026-07-11,capacity_price,7,6.0,2.19
2026-07-11,capacity_price,8,12.85,2.19
2026-07-11,capacity_price,9,6.69,2.29
2026-07-11,capacity_price,10,1.34,2.68
2026-07-11,capacity_price,11,1.2,2.68
2026-07-11,capacity_price,12,1.2,2.01
2026-07-11,capacity_price,13,0.67,2.01
2026-07-11,capacity_price,14,0.93500006,2.01
2026-07-11,capacity_price,15,1.2,2.29
2026-07-11,capacity_price,16,4.0,2.19
2026-07-11,capacity_price,17,16.19,2.38
2026-07-11,capacity_price,18,50.135002,2.29
2026-07-11,capacity_price,19,39.015,2.38
2026-07-11,capacity_price,20,49.42,2.19
2026-07-11,capacity_price,21,12.84,2.19
2026-07-11,capacity_price,22,4.0,84.02
2026-07-11,capacity_price,23,1.2,12.6
2026-07-11,activation_volume,0,14.1,1.99
2026-07-11,activation_volume,1,11.59,2.7
2026-07-11,activation_volume,2,4.5550003,22.47
2026-07-11,activation_volume,3,3.48,10.78
2026-07-11,activation_volume,4,2.2,8.97
2026-07-11,activation_volume,5,5.19,5.74
2026-07-11,activation_volume,6,3.97,8.74
2026-07-11,activation_volume,7,2.69,1.08
2026-07-11,activation_volume,8,5.1949997,0.69
2026-07-11,activation_volume,9,6.96,3.54
2026-07-11,activation_volume,10,4.185,12.24
2026-07-11,activation_volume,11,7.205,0.0
2026-07-11,activation_volume,12,8.96,9.59
2026-07-11,activation_volume,13,8.4,37.63
2026-07-11,activation_volume,14,10.455,8.68
2026-07-11,activation_volume,15,11.56,0.84
2026-07-11,activation_volume,16,14.22,6.42
2026-07-11,activation_volume,17,9.955,14.18
2026-07-11,activation_volume,18,7.86,1.9300000000000002
2026-07-11,activation_volume,19,4.1099997,1.08
2026-07-11,activation_volume,20,4.17,2.42
2026-07-11,activation_volume,21,5.0299997,1.9300000000000002
2026-07-11,activation_volume,22,4.2,1.33
2026-07-11,activation_volume,23,2.83,2.01
2026-07-11,activation_price,0,130.45546,145.01020100502512
2026-07-11,activation_price,1,116.368,124.94507407407406
2026-07-11,activation_price,2,122.709915,165.33335113484645
2026-07-11,activation_price,3,116.82209,175.01524118738405
2026-07-11,activation_price,4,117.43634,184.37354515050166
2026-07-11,activation_price,5,127.88928,177.7187282229965
2026-07-11,activation_price,6,147.96852,184.10560640732265
2026-07-11,activation_price,7,140.97801,149.45703703703703
2026-07-11,activation_price,8,142.72308,153.51913043478262
2026-07-11,activation_price,9,141.42899,155.22638418079094
2026-07-11,activation_price,10,115.63715,119.97682189542483
2026-07-11,activation_price,11,91.62757,
2026-07-11,activation_price,12,66.07503,25.2778102189781
2026-07-11,activation_price,13,77.26006,82.80993887855435
2026-07-11,activation_price,14,81.373436,46.04542626728111
2026-07-11,activation_price,15,99.469925,8.758809523809525
2026-07-11,activation_price,16,130.65414,91.55378504672898
2026-07-11,activation_price,17,155.70695,155.5129407616361
2026-07-11,activation_price,18,161.02127,141.24523316062175
2026-07-11,activation_price,19,152.8092,157.54611111111112
2026-07-11,activation_price,20,135.58482,152.49185950413224
2026-07-11,activation_price,21,147.20706,164.29958549222798
2026-07-11,activation_price,22,143.6443,162.50210526315786
2026-07-11,activation_price,23,128.2806,152.5823383084577
2026-07-12,day_ahead_price,0,118.785,137.4424975
2026-07-12,day_ahead_price,1,113.48375,131.88499825
2026-07-12,day_ahead_price,2,110.09,125.5700015
2026-07-12,day_ahead_price,3,107.97375,125.09999825000001
2026-07-12,day_ahead_price,4,110.8375,122.8825015
2026-07-12,day_ahead_price,5,117.386246,119.9799995
2026-07-12,day_ahead_price,6,126.6975,111.61250100000001
2026-07-12,day_ahead_price,7,122.575,99.77499975
2026-07-12,day_ahead_price,8,112.365,62.15249924999999
2026-07-12,day_ahead_price,9,93.95875,5.9624999999999995
2026-07-12,day_ahead_price,10,67.4525,1.69
2026-07-12,day_ahead_price,11,36.09,0.1225
2026-07-12,day_ahead_price,12,25.665,-1.7625000000000002
2026-07-12,day_ahead_price,13,21.173752,-0.0875
2026-07-12,day_ahead_price,14,21.789999,-0.0825
2026-07-12,day_ahead_price,15,34.6725,-0.7975
2026-07-12,day_ahead_price,16,72.555,0.2675
2026-07-12,day_ahead_price,17,100.853745,11.7425
2026-07-12,day_ahead_price,18,127.265,93.347501
2026-07-12,day_ahead_price,19,138.5075,131.827503
2026-07-12,day_ahead_price,20,146.61125,140.749996
2026-07-12,day_ahead_price,21,139.15125,144.48749925
2026-07-12,day_ahead_price,22,129.16501,144.93000025
2026-07-12,day_ahead_price,23,119.8375,139.31749725
2026-07-12,capacity_price,0,1.2,2.26
2026-07-12,capacity_price,1,1.2,2.26
2026-07-12,capacity_price,2,0.67,2.26
2026-07-12,capacity_price,3,0.67,2.26
2026-07-12,capacity_price,4,1.2,2.26
2026-07-12,capacity_price,5,1.255,2.26
2026-07-12,capacity_price,6,4.675,2.26
2026-07-12,capacity_price,7,6.3450003,2.28
2026-07-12,capacity_price,8,19.404999,2.26
2026-07-12,capacity_price,9,6.69,2.26
2026-07-12,capacity_price,10,2.01,2.28
2026-07-12,capacity_price,11,1.31,1.2
2026-07-12,capacity_price,12,1.2,0.67
2026-07-12,capacity_price,13,0.67,0.2
2026-07-12,capacity_price,14,1.2,0.2
2026-07-12,capacity_price,15,1.34,0.2
2026-07-12,capacity_price,16,6.69,1.46
2026-07-12,capacity_price,17,27.835,2.26
2026-07-12,capacity_price,18,50.135002,2.28
2026-07-12,capacity_price,19,30.11,2.26
2026-07-12,capacity_price,20,22.0,2.26
2026-07-12,capacity_price,21,12.71,2.26
2026-07-12,capacity_price,22,4.0,70.63
2026-07-12,capacity_price,23,1.2,12.1
2026-07-12,activation_volume,0,15.41,5.029999999999999
2026-07-12,activation_volume,1,10.355,0.88
2026-07-12,activation_volume,2,2.4,1.1099999999999999
2026-07-12,activation_volume,3,1.62,0.72
2026-07-12,activation_volume,4,2.06,1.25
2026-07-12,activation_volume,5,4.3999996,1.7800000000000002
2026-07-12,activation_volume,6,3.3200002,0.5800000000000001
2026-07-12,activation_volume,7,2.69,8.32
2026-07-12,activation_volume,8,5.665,0.23
2026-07-12,activation_volume,9,6.205,10.12
2026-07-12,activation_volume,10,8.495,0.07
2026-07-12,activation_volume,11,9.88,20.9
2026-07-12,activation_volume,12,8.54,11.72
2026-07-12,activation_volume,13,10.35,8.96
2026-07-12,activation_volume,14,9.45,7.7700000000000005
2026-07-12,activation_volume,15,15.73,4.36
2026-07-12,activation_volume,16,12.43,10.649999999999999
2026-07-12,activation_volume,17,10.360001,28.3
2026-07-12,activation_volume,18,7.4300003,4.220000000000001
2026-07-12,activation_volume,19,4.64,17.27
2026-07-12,activation_volume,20,4.37,11.25
2026-07-12,activation_volume,21,4.8050003,2.51
2026-07-12,activation_volume,22,3.43,2.8200000000000003
2026-07-12,activation_volume,23,3.05,2.64
2026-07-12,activation_price,0,130.45546,159.6733200795229
2026-07-12,activation_price,1,122.11745,145.19829545454544
2026-07-12,activation_price,2,119.59712,162.41972972972977
2026-07-12,activation_price,3,112.29463,145.99125
2026-07-12,activation_price,4,109.95333,246.30448
2026-07-12,activation_price,5,126.75576,133.0834831460674
2026-07-12,activation_price,6,143.26926,141.5615517241379
2026-07-12,activation_price,7,139.28395,141.82480769230767
2026-07-12,activation_price,8,145.22844,148.42217391304348
2026-07-12,activation_price,9,153.528,39.13302371541502
2026-07-12,activation_price,10,99.640465,10.08
2026-07-12,activation_price,11,101.14033,61.80815789473684
2026-07-12,activation_price,12,67.04608,6.6503156996587025
2026-07-12,activation_price,13,72.8,1.274453125
2026-07-12,activation_price,14,72.41322,4.031711711711711
2026-07-12,activation_price,15,102.38978,2.674495412844036
2026-07-12,activation_price,16,124.026184,25.19199061032864
2026-07-12,activation_price,17,154.50124,178.4541625441696
2026-07-12,activation_price,18,165.73482,227.45125592417057
2026-07-12,activation_price,19,157.54239,159.3640532715692
2026-07-12,activation_price,20,147.41164,186.74873777777773
2026-07-12,activation_price,21,154.83194,196.85804780876495
2026-07-12,activation_price,22,146.67892,138.5136170212766
2026-07-12,activation_price,23,135.60783,140.17000000000002
2026-07-13,day_ahead_price,0,118.785,129.73000150000001
2026-07-13,day_ahead_price,1,112.4875,124.46999724999999
2026-07-13,day_ahead_price,2,110.4925,120.40999975
2026-07-13,day_ahead_price,3,112.6575,121.2749995
2026-07-13,day_ahead_price,4,112.192505,123.5024985
2026-07-13,day_ahead_price,5,116.9275,133.88499825
2026-07-13,day_ahead_price,6,130.66626,149.1950035
2026-07-13,day_ahead_price,7,126.42125,156.682499
2026-07-13,day_ahead_price,8,115.775,138.98749725000002
2026-07-13,day_ahead_price,9,85.15,122.619999
2026-07-13,day_ahead_price,10,53.645,99.915001
2026-07-13,day_ahead_price,11,22.1225,74.000002
2026-07-13,day_ahead_price,12,17.0725,50.325002
2026-07-13,day_ahead_price,13,16.29,55.95499975
2026-07-13,day_ahead_price,14,19.85375,55.087500500000004
2026-07-13,day_ahead_price,15,31.7425,62.309999250000004
2026-07-13,day_ahead_price,16,56.99625,90.3374995
2026-07-13,day_ahead_price,17,95.925,120.40000175
2026-07-13,day_ahead_price,18,125.042496,138.414997
2026-07-13,day_ahead_price,19,141.23375,165.51749775000002
2026-07-13,day_ahead_price,20,152.4325,182.5599975
2026-07-13,day_ahead_price,21,143.2175,168.75249874999997
2026-07-13,day_ahead_price,22,131.985,159.07249825
2026-07-13,day_ahead_price,23,121.542496,144.04500175
2026-07-13,capacity_price,0,1.2,2.43
2026-07-13,capacity_price,1,0.93500006,2.01
2026-07-13,capacity_price,2,0.67,2.01
2026-07-13,capacity_price,3,0.67,2.45
2026-07-13,capacity_price,4,1.2,2.43
2026-07-13,capacity_price,5,2.0,2.43
2026-07-13,capacity_price,6,5.35,2.45
2026-07-13,capacity_price,7,6.0,2.43
2026-07-13,capacity_price,8,12.715,2.43
2026-07-13,capacity_price,9,6.69,2.43
2026-07-13,capacity_price,10,1.34,2.45
2026-07-13,capacity_price,11,1.2,2.45
2026-07-13,capacity_price,12,1.07,2.43
2026-07-13,capacity_price,13,0.67,13.38
2026-07-13,capacity_price,14,0.93500006,2.43
2026-07-13,capacity_price,15,1.2,2.43
2026-07-13,capacity_price,16,3.35,2.43
2026-07-13,capacity_price,17,20.279999,2.45
2026-07-13,capacity_price,18,48.035,2.43
2026-07-13,capacity_price,19,46.17,11.64
2026-07-13,capacity_price,20,49.845,2.43
2026-07-13,capacity_price,21,13.190001,2.45
2026-07-13,capacity_price,22,4.0,85.22
2026-07-13,capacity_price,23,1.2,2.45
2026-07-13,activation_volume,0,12.15,1.81
2026-07-13,activation_volume,1,10.165,0.27
2026-07-13,activation_volume,2,3.315,0.61
2026-07-13,activation_volume,3,2.4299998,1.77
2026-07-13,activation_volume,4,2.105,2.0
2026-07-13,activation_volume,5,5.0299997,4.0
2026-07-13,activation_volume,6,4.895,2.38
2026-07-13,activation_volume,7,3.76,2.75
2026-07-13,activation_volume,8,5.17,3.1500000000000004
2026-07-13,activation_volume,9,5.31,16.7
2026-07-13,activation_volume,10,7.96,1.38
2026-07-13,activation_volume,11,6.6549997,0.03
2026-07-13,activation_volume,12,10.54,0.06999999999999999
2026-07-13,activation_volume,13,12.43,10.87
2026-07-13,activation_volume,14,7.585,3.75
2026-07-13,activation_volume,15,11.315001,14.6
2026-07-13,activation_volume,16,14.14,11.73
2026-07-13,activation_volume,17,11.775,18.36
2026-07-13,activation_volume,18,9.639999,2.4299999999999997
2026-07-13,activation_volume,19,3.815,1.19
2026-07-13,activation_volume,20,4.8450003,1.0299999999999998
2026-07-13,activation_volume,21,4.5,0.74
2026-07-13,activation_volume,22,3.11,1.12
2026-07-13,activation_volume,23,3.63,1.98
2026-07-13,activation_price,0,119.61287,140.5564640883978
2026-07-13,activation_price,1,119.17177,125.5311111111111
2026-07-13,activation_price,2,118.146164,130.32868852459015
2026-07-13,activation_price,3,117.67369,142.89858757062146
2026-07-13,activation_price,4,120.692474,129.52939999999998
2026-07-13,activation_price,5,136.19415,152.133425
2026-07-13,activation_price,6,150.57352,174.03932773109244
2026-07-13,activation_price,7,147.24849,163.8936
2026-07-13,activation_price,8,145.48845,193.42047619047617
2026-07-13,activation_price,9,154.68507,171.0829880239521
2026-07-13,activation_price,10,102.02334,104.31811594202898
2026-07-13,activation_price,11,88.886925,137.08333333333334
2026-07-13,activation_price,12,64.89546,46.85571428571429
2026-07-13,activation_price,13,76.50651,378.81286108555656
2026-07-13,activation_price,14,77.65005,62.73077333333334
2026-07-13,activation_price,15,96.24814,375.2329315068493
2026-07-13,activation_price,16,120.75199,272.50009377664105
2026-07-13,activation_price,17,157.32819,173.2749074074074
2026-07-13,activation_price,18,165.75998,180.99806584362142
2026-07-13,activation_price,19,157.78513,172.6275630252101
2026-07-13,activation_price,20,147.41164,184.3480582524272
2026-07-13,activation_price,21,155.70456,170.42891891891892
2026-07-13,activation_price,22,143.10806,167.56669642857142
2026-07-13,activation_price,23,128.88394,181.82141414141412
2026-07-14,day_ahead_price,0,113.775,139.58499924999998
2026-07-14,day_ahead_price,1,107.3,133.8875005
2026-07-14,day_ahead_price,2,105.325,127.35000025
2026-07-14,day_ahead_price,3,104.63875,127.21749875
2026-07-14,day_ahead_price,4,105.935,127.65000175
2026-07-14,day_ahead_price,5,112.8075,135.0200005
2026-07-14,day_ahead_price,6,129.98999,146.08250049999998
2026-07-14,day_ahead_price,7,131.20624,150.02499749999998
2026-07-14,day_ahead_price,8,115.775,135.58749775
2026-07-14,day_ahead_price,9,83.47625,121.7300015
2026-07-14,day_ahead_price,10,53.645,106.84999825
2026-07-14,day_ahead_price,11,23.05,88.142502
2026-07-14,day_ahead_price,12,18.30375,59.9399995
2026-07-14,day_ahead_price,13,14.508751,46.9175005
2026-07-14,day_ahead_price,14,19.2325,52.045
2026-07-14,day_ahead_price,15,25.279999,64.8499985
2026-07-14,day_ahead_price,16,58.38375,90.99499875
2026-07-14,day_ahead_price,17,95.9625,115.68499975
2026-07-14,day_ahead_price,18,122.979996,136.52250275
2026-07-14,day_ahead_price,19,138.96124,158.02000049999998
2026-07-14,day_ahead_price,20,147.1825,181.30999775
2026-07-14,day_ahead_price,21,140.295,175.287506
2026-07-14,day_ahead_price,22,126.0275,168.7649995
2026-07-14,day_ahead_price,23,118.1975,151.519997
2026-07-14,capacity_price,0,1.2,2.48
2026-07-14,capacity_price,1,1.2,2.08
2026-07-14,capacity_price,2,0.67,2.16
2026-07-14,capacity_price,3,0.67,2.48
2026-07-14,capacity_price,4,1.2,2.48
2026-07-14,capacity_price,5,2.0,2.48
2026-07-14,capacity_price,6,4.68,2.48
2026-07-14,capacity_price,7,6.0,2.48
2026-07-14,capacity_price,8,20.07,2.48
2026-07-14,capacity_price,9,6.69,2.48
2026-07-14,capacity_price,10,3.155,2.48
2026-07-14,capacity_price,11,1.31,2.48
2026-07-14,capacity_price,12,1.2,2.48
2026-07-14,capacity_price,13,0.67,12.1
2026-07-14,capacity_price,14,0.67,11.35
2026-07-14,capacity_price,15,1.34,11.37
2026-07-14,capacity_price,16,6.69,5.89
2026-07-14,capacity_price,17,32.12,2.48
2026-07-14,capacity_price,18,50.655,2.48
2026-07-14,capacity_price,19,36.8,2.48
2026-07-14,capacity_price,20,22.0,2.48
2026-07-14,capacity_price,21,13.0,2.48
2026-07-14,capacity_price,22,6.3450003,17.4
2026-07-14,capacity_price,23,1.2,2.01
2026-07-14,activation_volume,0,14.88,1.26
2026-07-14,activation_volume,1,9.91,12.550000000000002
2026-07-14,activation_volume,2,2.9,0.51
2026-07-14,activation_volume,3,2.4099998,0.47000000000000003
2026-07-14,activation_volume,4,3.12,1.5300000000000002
2026-07-14,activation_volume,5,5.0299997,1.6199999999999999
2026-07-14,activation_volume,6,6.66,4.279999999999999
2026-07-14,activation_volume,7,2.69,1.29
2026-07-14,activation_volume,8,8.174999,2.42
2026-07-14,activation_volume,9,6.0950003,4.45
2026-07-14,activation_volume,10,13.205,3.73
2026-07-14,activation_volume,11,11.375,17.79
2026-07-14,activation_volume,12,10.639999,3.78
2026-07-14,activation_volume,13,24.36,0.0
2026-07-14,activation_volume,14,9.11,1.38
2026-07-14,activation_volume,15,14.789999,4.680000000000001
2026-07-14,activation_volume,16,10.1,5.98
2026-07-14,activation_volume,17,11.43,8.49
2026-07-14,activation_volume,18,11.7,1.25
2026-07-14,activation_volume,19,5.7200003,0.14
2026-07-14,activation_volume,20,4.925,2.77
2026-07-14,activation_volume,21,4.5,4.33
2026-07-14,activation_volume,22,2.4450002,1.72
2026-07-14,activation_volume,23,2.8600001,5.24
2026-07-14,activation_price,0,125.4267,166.60603174603176
2026-07-14,activation_price,1,118.399796,161.1959760956175
2026-07-14,activation_price,2,117.32,165.61921568627452
2026-07-14,activation_price,3,115.832794,146.16531914893616
2026-07-14,activation_price,4,118.59376,152.32967320261434
2026-07-14,activation_price,5,125.36615,156.94500000000002
2026-07-14,activation_price,6,148.38896,167.08558411214955
2026-07-14,activation_price,7,138.18747,172.7815503875969
2026-07-14,activation_price,8,141.43407,178.63900826446283
2026-07-14,activation_price,9,122.81,185.0598426966292
2026-07-14,activation_price,10,96.02373,234.3132439678284
2026-07-14,activation_price,11,94.0791,153.98130972456437
2026-07-14,activation_price,12,74.25336,133.2057142857143
2026-07-14,activation_price,13,77.448204,
2026-07-14,activation_price,14,75.610886,71.60550724637682
2026-07-14,activation_price,15,76.2816,122.71017094017093
2026-07-14,activation_price,16,126.70373,155.6357023411371
2026-07-14,activation_price,17,149.10397,181.3351590106007
2026-07-14,activation_price,18,167.0358,182.30416
2026-07-14,activation_price,19,152.8092,172.55142857142854
2026-07-14,activation_price,20,133.04494,211.337797833935
2026-07-14,activation_price,21,140.45444,203.2759815242494
2026-07-14,activation_price,22,138.43185,185.6275
2026-07-14,activation_price,23,127.18198,178.47824427480916
2026-07-15,day_ahead_price,0,116.9925,153.41249825
2026-07-15,day_ahead_price,1,112.335,144.44749825
2026-07-15,day_ahead_price,2,108.1725,138.94499975
2026-07-15,day_ahead_price,3,106.87875,135.5374985
2026-07-15,day_ahead_price,4,108.34125,139.54249950000002
2026-07-15,day_ahead_price,5,116.15625,148.88750050000002
2026-07-15,day_ahead_price,6,130.595,165.42750175
2026-07-15,day_ahead_price,7,135.0625,165.78499975
2026-07-15,day_ahead_price,8,122.56625,155.7874985
2026-07-15,day_ahead_price,9,97.45,135.10500150000001
2026-07-15,day_ahead_price,10,63.673748,110.78750025
2026-07-15,day_ahead_price,11,35.6275,94.960001
2026-07-15,day_ahead_price,12,22.57125,71.44750125
2026-07-15,day_ahead_price,13,15.981251,60.63250075
2026-07-15,day_ahead_price,14,19.85375,60.47749900000001
2026-07-15,day_ahead_price,15,34.6725,70.07499874999999
2026-07-15,day_ahead_price,16,70.973755,96.48750125000001
2026-07-15,day_ahead_price,17,102.48875,119.0
2026-07-15,day_ahead_price,18,127.54,144.70249925
2026-07-15,day_ahead_price,19,143.78,179.2250025
2026-07-15,day_ahead_price,20,148.8725,205.8325005
2026-07-15,day_ahead_price,21,139.5975,201.41000000000003
2026-07-15,day_ahead_price,22,126.575,188.380001
2026-07-15,day_ahead_price,23,116.885,171.41500075
2026-07-15,capacity_price,0,1.2,2.41
2026-07-15,capacity_price,1,0.67,2.05
2026-07-15,capacity_price,2,0.67,2.18
2026-07-15,capacity_price,3,0.67,2.41
2026-07-15,capacity_price,4,1.2,2.41
2026-07-15,capacity_price,5,1.2,2.18
2026-07-15,capacity_price,6,2.01,2.18
2026-07-15,capacity_price,7,5.675,2.41
2026-07-15,capacity_price,8,22.939999,2.18
2026-07-15,capacity_price,9,9.9,2.18
2026-07-15,capacity_price,10,2.96,13.38
2026-07-15,capacity_price,11,1.31,6.69
2026-07-15,capacity_price,12,1.2,2.18
2026-07-15,capacity_price,13,0.67,2.18
2026-07-15,capacity_price,14,1.2,6.69
2026-07-15,capacity_price,15,2.01,2.41
2026-07-15,capacity_price,16,6.69,2.18
2026-07-15,capacity_price,17,35.345,2.18
2026-07-15,capacity_price,18,48.17,2.41
2026-07-15,capacity_price,19,33.46,2.41
2026-07-15,capacity_price,20,22.8,2.41
2026-07-15,capacity_price,21,12.71,2.18
2026-07-15,capacity_price,22,2.01,30.2
2026-07-15,capacity_price,23,0.67,20.0
2026-07-15,activation_volume,0,14.99,1.4300000000000002
2026-07-15,activation_volume,1,9.725,8.87
2026-07-15,activation_volume,2,2.645,0.89
2026-07-15,activation_volume,3,1.6700001,0.19
2026-07-15,activation_volume,4,2.33,0.7100000000000001
2026-07-15,activation_volume,5,5.85,0.27
2026-07-15,activation_volume,6,6.37,3.9000000000000004
2026-07-15,activation_volume,7,2.54,0.5800000000000001
2026-07-15,activation_volume,8,8.32,3.5900000000000003
2026-07-15,activation_volume,9,4.38,1.13
2026-07-15,activation_volume,10,4.435,6.41
2026-07-15,activation_volume,11,5.425,16.17
2026-07-15,activation_volume,12,18.384998,6.109999999999999
2026-07-15,activation_volume,13,11.83,0.29
2026-07-15,activation_volume,14,10.46,40.879999999999995
2026-07-15,activation_volume,15,17.18,38.290000000000006
2026-07-15,activation_volume,16,13.835,14.889999999999999
2026-07-15,activation_volume,17,12.9,4.98
2026-07-15,activation_volume,18,8.04,9.129999999999999
2026-07-15,activation_volume,19,4.75,4.4799999999999995
2026-07-15,activation_volume,20,5.03,4.59
2026-07-15,activation_volume,21,4.01,3.28
2026-07-15,activation_volume,22,2.48,4.529999999999999
2026-07-15,activation_volume,23,3.63,0.77
2026-07-15,activation_price,0,132.67975,141.72671328671328
2026-07-15,activation_price,1,118.69899,154.81
2026-07-15,activation_price,2,117.973404,162.21988764044943
2026-07-15,activation_price,3,117.66852,161.57736842105263
2026-07-15,activation_price,4,120.64773,143.64605633802816
2026-07-15,activation_price,5,125.36615,157.0322222222222
2026-07-15,activation_price,6,148.8094,179.04469230769232
2026-07-15,activation_price,7,137.46484,174.89172413793102
2026-07-15,activation_price,8,152.93,186.46949860724231
2026-07-15,activation_price,9,154.94907,171.68292035398233
2026-07-15,activation_price,10,103.579254,158.89505460218408
2026-07-15,activation_price,11,90.37694,143.29323438466292
2026-07-15,activation_price,12,73.75723,128.55770867430442
2026-07-15,activation_price,13,77.39669,95.62
2026-07-15,activation_price,14,82.61172,138.89494373776907
2026-07-15,activation_price,15,89.576965,154.14691303212322
2026-07-15,activation_price,16,129.90698,158.28710543989257
2026-07-15,activation_price,17,158.13843,247.32381526104413
2026-07-15,activation_price,18,165.67844,290.9751697699891
2026-07-15,activation_price,19,152.847,229.6537723214286
2026-07-15,activation_price,20,161.88223,277.9288453159042
2026-07-15,activation_price,21,155.18842,250.3031097560976
2026-07-15,activation_price,22,144.27559,216.95152317880795
2026-07-15,activation_price,23,127.18198,197.10935064935066
2026-07-16,day_ahead_price,0,117.39,166.0324975
2026-07-16,day_ahead_price,1,112.31,159.20000075000002
2026-07-16,day_ahead_price,2,109.7525,152.88749675
2026-07-16,day_ahead_price,3,107.0825,148.95500175
2026-07-16,day_ahead_price,4,109.6925,151.84750375000002
2026-07-16,day_ahead_price,5,114.134995,159.44249725
2026-07-16,day_ahead_price,6,122.424995,174.887501
2026-07-16,day_ahead_price,7,125.683754,172.4974975
2026-07-16,day_ahead_price,8,121.0975,157.8150025
2026-07-16,day_ahead_price,9,97.07125,137.19250125
2026-07-16,day_ahead_price,10,66.87125,118.55750275
2026-07-16,day_ahead_price,11,31.845,107.245001
2026-07-16,day_ahead_price,12,18.5175,94.60000050000001
2026-07-16,day_ahead_price,13,13.498751,87.27749825
2026-07-16,day_ahead_price,14,16.895,96.32750125
2026-07-16,day_ahead_price,15,20.53125,109.52499974999999
2026-07-16,day_ahead_price,16,65.96125,119.60999875
2026-07-16,day_ahead_price,17,99.85625,140.19750025
2026-07-16,day_ahead_price,18,127.265,178.9699975
2026-07-16,day_ahead_price,19,144.735,238.42499925
2026-07-16,day_ahead_price,20,153.5125,306.69000250000005
2026-07-16,day_ahead_price,21,148.45999,259.1875
2026-07-16,day_ahead_price,22,137.67499,206.84
2026-07-16,day_ahead_price,23,125.2375,180.31250375
2026-07-16,capacity_price,0,1.2,11.37
2026-07-16,capacity_price,1,0.67,2.45
2026-07-16,capacity_price,2,0.67,2.04
2026-07-16,capacity_price,3,0.67,13.38
2026-07-16,capacity_price,4,1.2,74.24
2026-07-16,capacity_price,5,2.0,79.33
2026-07-16,capacity_price,6,3.005,106.62
2026-07-16,capacity_price,7,5.0,102.07
2026-07-16,capacity_price,8,12.18,13.38
2026-07-16,capacity_price,9,6.69,11.64
2026-07-16,capacity_price,10,2.01,20.0
2026-07-16,capacity_price,11,1.2,7.0
2026-07-16,capacity_price,12,1.2,2.37
2026-07-16,capacity_price,13,0.67,19.73
2026-07-16,capacity_price,14,0.67,2.68
2026-07-16,capacity_price,15,1.2,2.37
2026-07-16,capacity_price,16,3.35,2.37
2026-07-16,capacity_price,17,23.825,2.37
2026-07-16,capacity_price,18,50.045,2.37
2026-07-16,capacity_price,19,46.77,13.38
2026-07-16,capacity_price,20,31.88,2.46
2026-07-16,capacity_price,21,14.9,224.47
2026-07-16,capacity_price,22,2.01,2.46
2026-07-16,capacity_price,23,0.67,2.37
2026-07-16,activation_volume,0,16.15,0.4700000000000001
2026-07-16,activation_volume,1,10.309999,23.060000000000002
2026-07-16,activation_volume,2,3.48,0.8
2026-07-16,activation_volume,3,2.03,0.19
2026-07-16,activation_volume,4,2.19,5.07
2026-07-16,activation_volume,5,4.62,7.31
2026-07-16,activation_volume,6,4.9750004,9.23
2026-07-16,activation_volume,7,2.41,8.49
2026-07-16,activation_volume,8,4.9700003,6.32
2026-07-16,activation_volume,9,6.03,0.66
2026-07-16,activation_volume,10,4.47,1.13
2026-07-16,activation_volume,11,4.7200003,20.009999999999998
2026-07-16,activation_volume,12,9.68,21.83
2026-07-16,activation_volume,13,16.58,2.9999999999999996
2026-07-16,activation_volume,14,8.059999,18.76
2026-07-16,activation_volume,15,6.37,8.579999999999998
2026-07-16,activation_volume,16,9.55,1.2
2026-07-16,activation_volume,17,11.775,6.54
2026-07-16,activation_volume,18,12.255,4.99
2026-07-16,activation_volume,19,6.13,2.7499999999999996
2026-07-16,activation_volume,20,4.37,1.24
2026-07-16,activation_volume,21,4.96,2.5599999999999996
2026-07-16,activation_volume,22,3.305,2.42
2026-07-16,activation_volume,23,3.84,0.52
2026-07-16,activation_price,0,132.00949,156.5151063829787
2026-07-16,activation_price,1,119.17177,149.07394622723328
2026-07-16,activation_price,2,119.5514,177.944
2026-07-16,activation_price,3,112.29463,170.04368421052632
2026-07-16,activation_price,4,120.03117,170.46449704142012
2026-07-16,activation_price,5,128.1097,153.4118194254446
2026-07-16,activation_price,6,150.05072,157.63422535211268
2026-07-16,activation_price,7,137.14474,166.26265017667845
2026-07-16,activation_price,8,137.001,198.16037974683545
2026-07-16,activation_price,9,143.66022,167.52515151515152
2026-07-16,activation_price,10,101.31204,135.47973451327437
2026-07-16,activation_price,11,96.54263,151.84078460769618
2026-07-16,activation_price,12,69.58134,180.65856619331194
2026-07-16,activation_price,13,72.6726,150.2229
2026-07-16,activation_price,14,80.010284,172.01300106609807
2026-07-16,activation_price,15,94.593506,168.73273892773898
2026-07-16,activation_price,16,128.65823,174.28783333333334
2026-07-16,activation_price,17,155.70695,265.91489296636087
2026-07-16,activation_price,18,166.89789,226.81699398797596
2026-07-16,activation_price,19,161.02048,244.64214545454544
2026-07-16,activation_price,20,156.30089,234.63467741935483
2026-07-16,activation_price,21,154.83194,159.36011718750004
2026-07-16,activation_price,22,145.62476,206.55004132231406
2026-07-16,activation_price,23,132.08667,197.67673076923077
2026-07-17,day_ahead_price,0,121.48375,170.56499875
2026-07-17,day_ahead_price,1,116.245,161.45000075
2026-07-17,day_ahead_price,2,112.9375,151.97500225
2026-07-17,day_ahead_price,3,111.2175,143.93999875
2026-07-17,day_ahead_price,4,110.84,142.89999775
2026-07-17,day_ahead_price,5,117.405,152.892498
2026-07-17,day_ahead_price,6,128.9975,164.66750325
2026-07-17,day_ahead_price,7,136.01375,165.40750150000002
2026-07-17,day_ahead_price,8,123.26875,157.36249925
2026-07-17,day_ahead_price,9,99.86125,135.41999825
2026-07-17,day_ahead_price,10,76.4725,128.60499775
2026-07-17,day_ahead_price,11,44.326252,113.83000000000001
2026-07-17,day_ahead_price,12,24.401249,103.78750025000001
2026-07-17,day_ahead_price,13,23.28125,98.19999875
2026-07-17,day_ahead_price,14,23.645,98.45000075
2026-07-17,day_ahead_price,15,41.50875,105.80500025
2026-07-17,day_ahead_price,16,73.479996,114.86000075
2026-07-17,day_ahead_price,17,104.62375,127.7425005
2026-07-17,day_ahead_price,18,128.20625,138.49500075
2026-07-17,day_ahead_price,19,152.78125,152.06249975
2026-07-17,day_ahead_price,20,158.9325,160.1025005
2026-07-17,day_ahead_price,21,150.23125,167.41999825
2026-07-17,day_ahead_price,22,137.34,164.9075015
2026-07-17,day_ahead_price,23,127.0875,158.25249875
2026-07-17,capacity_price,0,1.2,2.14
2026-07-17,capacity_price,1,0.67,2.46
2026-07-17,capacity_price,2,0.67,2.14
2026-07-17,capacity_price,3,0.67,2.01
2026-07-17,capacity_price,4,1.2,2.46
2026-07-17,capacity_price,5,2.0,2.46
2026-07-17,capacity_price,6,5.675,2.14
2026-07-17,capacity_price,7,4.0,4.0
2026-07-17,capacity_price,8,12.85,4.0
2026-07-17,capacity_price,9,6.69,2.14
2026-07-17,capacity_price,10,5.75,2.14
2026-07-17,capacity_price,11,1.31,2.14
2026-07-17,capacity_price,12,1.2,2.14
2026-07-17,capacity_price,13,0.93500006,2.14
2026-07-17,capacity_price,14,0.67,2.14
2026-07-17,capacity_price,15,2.01,2.14
2026-07-17,capacity_price,16,4.675,2.14
2026-07-17,capacity_price,17,17.8,2.14
2026-07-17,capacity_price,18,49.18,2.14
2026-07-17,capacity_price,19,33.46,96.32
2026-07-17,capacity_price,20,26.58,2.46
2026-07-17,capacity_price,21,13.190001,2.14
2026-07-17,capacity_price,22,4.0,2.14
2026-07-17,capacity_price,23,1.2,16.3
2026-07-17,activation_volume,0,13.87,11.03
2026-07-17,activation_volume,1,12.85,6.199999999999999
2026-07-17,activation_volume,2,4.8500004,0.99
2026-07-17,activation_volume,3,2.81,0.85
2026-07-17,activation_volume,4,3.06,0.060000000000000005
2026-07-17,activation_volume,5,4.93,0.43
2026-07-17,activation_volume,6,5.455,0.5599999999999999
2026-07-17,activation_volume,7,3.85,1.7199999999999998
2026-07-17,activation_volume,8,5.065,3.3400000000000003
2026-07-17,activation_volume,9,6.165,1.3900000000000001
2026-07-17,activation_volume,10,8.635,0.32
2026-07-17,activation_volume,11,6.7200003,1.44
2026-07-17,activation_volume,12,15.35,2.24
2026-07-17,activation_volume,13,20.3,2.38
2026-07-17,activation_volume,14,10.45,1.56
2026-07-17,activation_volume,15,11.195,4.6
2026-07-17,activation_volume,16,9.93,12.07
2026-07-17,activation_volume,17,11.49,12.08
2026-07-17,activation_volume,18,9.97,1.98
2026-07-17,activation_volume,19,4.6949997,4.25
2026-07-17,activation_volume,20,6.33,1.51
2026-07-17,activation_volume,21,4.98,6.97
2026-07-17,activation_volume,22,3.67,6.8500000000000005
2026-07-17,activation_volume,23,4.525,3.1399999999999997
2026-07-17,activation_price,0,131.79599,201.7234179510426
2026-07-17,activation_price,1,123.42291,133.91167741935485
2026-07-17,activation_price,2,123.820015,168.21757575757573
2026-07-17,activation_price,3,118.50859,165.27576470588235
2026-07-17,activation_price,4,129.00406,168.30166666666665
2026-07-17,activation_price,5,138.09471,164.66813953488372
2026-07-17,activation_price,6,150.05072,168.305
2026-07-17,activation_price,7,153.67928,182.859011627907
2026-07-17,activation_price,8,149.9691,219.18083832335327
2026-07-17,activation_price,9,154.94907,189.22546762589926
2026-07-17,activation_price,10,116.12402,177.84
2026-07-17,activation_price,11,72.71271,128.9184722222222
2026-07-17,activation_price,12,72.4834,115.45901785714284
2026-07-17,activation_price,13,82.379944,124.19264705882352
2026-07-17,activation_price,14,90.06607,107.19826923076923
2026-07-17,activation_price,15,97.39473,166.16191304347828
2026-07-17,activation_price,16,131.14207,157.28145816072907
2026-07-17,activation_price,17,157.97183,167.6440397350993
2026-07-17,activation_price,18,159.73634,182.94469696969696
2026-07-17,activation_price,19,157.45985,160.90435294117646
2026-07-17,activation_price,20,157.86557,182.59430463576157
2026-07-17,activation_price,21,164.23679,187.02535150645622
2026-07-17,activation_price,22,146.19037,185.62278832116792
2026-07-17,activation_price,23,135.74545,162.32920382165605
2026-07-18,day_ahead_price,0,122.83625,156.1900025
2026-07-18,day_ahead_price,1,116.457504,145.36750025
2026-07-18,day_ahead_price,2,112.62125,142.0
2026-07-18,day_ahead_price,3,110.0175,135.300003
2026-07-18,day_ahead_price,4,110.8425,132.619999
2026-07-18,day_ahead_price,5,112.884995,124.97999974999999
2026-07-18,day_ahead_price,6,118.865,120.80000125
2026-07-18,day_ahead_price,7,126.42125,112.14749925
2026-07-18,day_ahead_price,8,115.625,97.36000075
2026-07-18,day_ahead_price,9,85.15,44.82249975
2026-07-18,day_ahead_price,10,53.645,10.020000000000001
2026-07-18,day_ahead_price,11,27.2975,0.31500000000000006
2026-07-18,day_ahead_price,12,16.055,-0.035
2026-07-18,day_ahead_price,13,7.8475,-0.7575000000000001
2026-07-18,day_ahead_price,14,9.05375,-1.345
2026-07-18,day_ahead_price,15,22.0,-1.755
2026-07-18,day_ahead_price,16,66.9125,-0.12000000000000005
2026-07-18,day_ahead_price,17,101.34,0.9725
2026-07-18,day_ahead_price,18,127.14,57.15999875
2026-07-18,day_ahead_price,19,143.5425,105.30249975
2026-07-18,day_ahead_price,20,154.6275,126.84499925
2026-07-18,day_ahead_price,21,147.0,136.00249875
2026-07-18,day_ahead_price,22,133.53625,140.38500224999999
2026-07-18,day_ahead_price,23,122.31875,138.869999
2026-07-18,capacity_price,0,1.2,2.05
2026-07-18,capacity_price,1,0.87,2.05
2026-07-18,capacity_price,2,0.67,2.05
2026-07-18,capacity_price,3,0.67,2.05
2026-07-18,capacity_price,4,1.135,2.05
2026-07-18,capacity_price,5,2.0,2.44
2026-07-18,capacity_price,6,4.0,2.05
2026-07-18,capacity_price,7,6.0,2.44
2026-07-18,capacity_price,8,12.27,2.05
2026-07-18,capacity_price,9,6.69,5.08
2026-07-18,capacity_price,10,2.01,4.0
2026-07-18,capacity_price,11,1.2,2.01
2026-07-18,capacity_price,12,0.67,0.54
2026-07-18,capacity_price,13,0.67,0.2
2026-07-18,capacity_price,14,0.67,0.2
2026-07-18,capacity_price,15,1.2,0.54
2026-07-18,capacity_price,16,4.0,2.01
2026-07-18,capacity_price,17,13.14,4.0
2026-07-18,capacity_price,18,46.84,2.05
2026-07-18,capacity_price,19,36.8,2.05
2026-07-18,capacity_price,20,23.15,20.0
2026-07-18,capacity_price,21,13.190001,2.44
2026-07-18,capacity_price,22,4.0,2.44
2026-07-18,capacity_price,23,1.2,14.0
2026-07-18,activation_volume,0,12.615,2.57
2026-07-18,activation_volume,1,10.055,3.7900000000000005
2026-07-18,activation_volume,2,3.63,0.2
2026-07-18,activation_volume,3,2.4299998,1.42
2026-07-18,activation_volume,4,3.06,3.9899999999999998
2026-07-18,activation_volume,5,4.87,1.23
2026-07-18,activation_volume,6,5.27,3.12
2026-07-18,activation_volume,7,2.71,0.86
2026-07-18,activation_volume,8,4.995,1.07
2026-07-18,activation_volume,9,5.1,17.77
2026-07-18,activation_volume,10,9.21,38.22
2026-07-18,activation_volume,11,8.68,6.93
2026-07-18,activation_volume,12,9.68,31.59
2026-07-18,activation_volume,13,16.445,8.97
2026-07-18,activation_volume,14,10.45,18.54
2026-07-18,activation_volume,15,16.47,7.15
2026-07-18,activation_volume,16,10.674999,18.21
2026-07-18,activation_volume,17,12.78,76.87
2026-07-18,activation_volume,18,10.32,11.1
2026-07-18,activation_volume,19,5.22,1.8900000000000001
2026-07-18,activation_volume,20,5.715,1.03
2026-07-18,activation_volume,21,4.895,0.03
2026-07-18,activation_volume,22,2.6799998,0.0
2026-07-18,activation_volume,23,3.395,2.68
2026-07-18,activation_price,0,130.45546,175.4040077821012
2026-07-18,activation_price,1,120.74509,148.21176781002637
2026-07-18,activation_price,2,123.515625,166.652
2026-07-18,activation_price,3,116.07706,159.08492957746478
2026-07-18,activation_price,4,122.36889,160.89473684210526
2026-07-18,activation_price,5,126.7457,160.98723577235774
2026-07-18,activation_price,6,147.62453,211.52083333333331
2026-07-18,activation_price,7,134.75282,189.31406976744188
2026-07-18,activation_price,8,145.22844,165.15289719626165
2026-07-18,activation_price,9,152.37093,145.17730444569497
2026-07-18,activation_price,10,102.861664,155.34481946624803
2026-07-18,activation_price,11,70.23306,99.46
2026-07-18,activation_price,12,62.64229,73.61747704969926
2026-07-18,activation_price,13,77.26006,17.220847268673356
2026-07-18,activation_price,14,81.292725,8.316175836030206
2026-07-18,activation_price,15,89.576965,4.111006993006993
2026-07-18,activation_price,16,127.194595,76.45474464579901
2026-07-18,activation_price,17,157.65001,185.77947964095225
2026-07-18,activation_price,18,165.73482,173.11372972972973
2026-07-18,activation_price,19,164.01306,157.81978835978836
2026-07-18,activation_price,20,159.3793,169.43058252427187
2026-07-18,activation_price,21,156.58797,159.15666666666664
2026-07-18,activation_price,22,143.6443,
2026-07-18,activation_price,23,135.60783,172.2135447761194
2026-07-19,day_ahead_price,0,118.785,138.69750200000001
2026-07-19,day_ahead_price,1,112.682495,130.7424985
2026-07-19,day_ahead_price,2,110.4275,121.8999995
2026-07-19,day_ahead_price,3,108.1475,118.879999
2026-07-19,day_ahead_price,4,109.431244,115.05249975
2026-07-19,day_ahead_price,5,112.884995,108.9974995
2026-07-19,day_ahead_price,6,122.1,100.9524995
2026-07-19,day_ahead_price,7,130.6075,86.90500075
2026-07-19,day_ahead_price,8,121.39875,42.36499975
2026-07-19,day_ahead_price,9,96.8375,4.050000000000001
2026-07-19,day_ahead_price,10,71.384995,0.0125
2026-07-19,day_ahead_price,11,35.85875,-0.0425
2026-07-19,day_ahead_price,12,24.438751,-0.0675
2026-07-19,day_ahead_price,13,14.02,-0.01
2026-07-19,day_ahead_price,14,16.895,-0.037500000000000006
2026-07-19,day_ahead_price,15,18.435001,0.2525
2026-07-19,day_ahead_price,16,51.7575,0.7925
2026-07-19,day_ahead_price,17,96.6225,2.88
2026-07-19,day_ahead_price,18,122.979996,48.430001250000004
2026-07-19,day_ahead_price,19,138.67126,117.18749975
2026-07-19,day_ahead_price,20,149.43625,140.6175005
2026-07-19,day_ahead_price,21,140.63,145.36999874999998
2026-07-19,day_ahead_price,22,130.6075,143.970001
2026-07-19,day_ahead_price,23,121.0075,136.73249825
2026-07-19,capacity_price,0,1.2,2.01
2026-07-19,capacity_price,1,1.07,2.17
2026-07-19,capacity_price,2,0.67,2.17
2026-07-19,capacity_price,3,0.67,2.01
2026-07-19,capacity_price,4,1.135,2.01
2026-07-19,capacity_price,5,1.31,2.01
2026-07-19,capacity_price,6,4.34,2.32
2026-07-19,capacity_price,7,6.0,2.17
2026-07-19,capacity_price,8,12.025,2.17
2026-07-19,capacity_price,9,6.3450003,2.01
2026-07-19,capacity_price,10,2.01,2.01
2026-07-19,capacity_price,11,1.2,1.2
2026-07-19,capacity_price,12,1.2,0.54
2026-07-19,capacity_price,13,0.67,0.54
2026-07-19,capacity_price,14,0.67,0.67
2026-07-19,capacity_price,15,1.2,0.67
2026-07-19,capacity_price,16,3.675,0.54
2026-07-19,capacity_price,17,22.75,2.17
2026-07-19,capacity_price,18,45.37,2.17
2026-07-19,capacity_price,19,28.24,2.32
2026-07-19,capacity_price,20,22.4,2.32
2026-07-19,capacity_price,21,12.925,14.85
2026-07-19,capacity_price,22,2.01,20.0
2026-07-19,capacity_price,23,1.2,2.01
2026-07-19,activation_volume,0,12.805,4.69
2026-07-19,activation_volume,1,10.37,0.1
2026-07-19,activation_volume,2,6.215,0.4
2026-07-19,activation_volume,3,2.31,1.04
2026-07-19,activation_volume,4,3.36,0.04
2026-07-19,activation_volume,5,4.385,0.73
2026-07-19,activation_volume,6,3.86,2.59
2026-07-19,activation_volume,7,2.67,0.87
2026-07-19,activation_volume,8,5.41,0.8800000000000001
2026-07-19,activation_volume,9,4.785,5.569999999999999
2026-07-19,activation_volume,10,9.31,6.2
2026-07-19,activation_volume,11,5.875,6.55
2026-07-19,activation_volume,12,10.54,1.75
2026-07-19,activation_volume,13,16.31,0.0
2026-07-19,activation_volume,14,8.03,2.62
2026-07-19,activation_volume,15,8.59,3.68
2026-07-19,activation_volume,16,10.78,22.75
2026-07-19,activation_volume,17,12.87,12.979999999999999
2026-07-19,activation_volume,18,12.255,10.309999999999999
2026-07-19,activation_volume,19,5.995,53.78
2026-07-19,activation_volume,20,6.64,13.440000000000001
2026-07-19,activation_volume,21,5.0299997,0.2
2026-07-19,activation_volume,22,3.305,0.17
2026-07-19,activation_volume,23,2.67,0.17
2026-07-19,activation_price,0,124.63203,167.59701492537312
2026-07-19,activation_price,1,119.17177,126.5
2026-07-19,activation_price,2,122.718834,152.61749999999998
2026-07-19,activation_price,3,119.178215,155.7674038461538
2026-07-19,activation_price,4,127.54146,133.49
2026-07-19,activation_price,5,130.15367,158.5823287671233
2026-07-19,activation_price,6,148.93088,156.34038610038613
2026-07-19,activation_price,7,137.78493,78.95114942528735
2026-07-19,activation_price,8,141.46565,70.62681818181818
2026-07-19,activation_price,9,145.11247,20.26624775583483
2026-07-19,activation_price,10,101.84078,73.56
2026-07-19,activation_price,11,87.715256,49.467877862595415
2026-07-19,activation_price,12,72.4834,11.531942857142855
2026-07-19,activation_price,13,78.9401,
2026-07-19,activation_price,14,80.010284,57.31000000000001
2026-07-19,activation_price,15,77.26489,74.53630434782609
2026-07-19,activation_price,16,121.34563,71.29436923076922
2026-07-19,activation_price,17,156.3484,27.93168721109399
2026-07-19,activation_price,18,169.59933,1042.6676624636277
2026-07-19,activation_price,19,153.06555,1210.8259297136483
2026-07-19,activation_price,20,142.78116,600.2166964285714
2026-07-19,activation_price,21,148.15793,182.98649999999998
2026-07-19,activation_price,22,144.27559,157.07
2026-07-19,activation_price,23,127.53813,160.36529411764707
2026-07-20,day_ahead_price,0,118.4475,147.45250325
2026-07-20,day_ahead_price,1,112.335,138.48249825
2026-07-20,day_ahead_price,2,109.47875,129.21500175
2026-07-20,day_ahead_price,3,107.36749,123.89500025
2026-07-20,day_ahead_price,4,109.6925,130.342499
2026-07-20,day_ahead_price,5,112.884995,138.36499775
2026-07-20,day_ahead_price,6,127.5225,149.3350025
2026-07-20,day_ahead_price,7,125.683754,150.617504
2026-07-20,day_ahead_price,8,118.31625,130.9974995
2026-07-20,day_ahead_price,9,92.8625,92.71750075
2026-07-20,day_ahead_price,10,55.18,60.7349995
2026-07-20,day_ahead_price,11,21.705002,18.63249975
2026-07-20,day_ahead_price,12,15.515,14.52250025
2026-07-20,day_ahead_price,13,7.46125,3.7525000000000004
2026-07-20,day_ahead_price,14,7.8137503,6.237499999999999
2026-07-20,day_ahead_price,15,12.9375,6.6899999999999995
2026-07-20,day_ahead_price,16,40.70375,21.20999975
2026-07-20,day_ahead_price,17,91.34,76.165
2026-07-20,day_ahead_price,18,120.08375,120.1124955
2026-07-20,day_ahead_price,19,135.53625,159.00250225
2026-07-20,day_ahead_price,20,146.965,178.3549995
2026-07-20,day_ahead_price,21,140.63,179.8549995
2026-07-20,day_ahead_price,22,126.955,174.8149985
2026-07-20,day_ahead_price,23,116.146255,159.24250025
2026-07-20,capacity_price,0,1.2,2.38
2026-07-20,capacity_price,1,0.87,13.38
2026-07-20,capacity_price,2,0.67,2.23
2026-07-20,capacity_price,3,0.67,2.01
2026-07-20,capacity_price,4,1.2,2.38
2026-07-20,capacity_price,5,2.0,2.38
2026-07-20,capacity_price,6,4.0,2.38
2026-07-20,capacity_price,7,6.3450003,2.38
2026-07-20,capacity_price,8,19.369999,2.38
2026-07-20,capacity_price,9,6.69,2.38
2026-07-20,capacity_price,10,2.475,2.38
2026-07-20,capacity_price,11,1.2,7.36
2026-07-20,capacity_price,12,1.2,2.01
2026-07-20,capacity_price,13,0.67,0.67
2026-07-20,capacity_price,14,0.67,0.54
2026-07-20,capacity_price,15,1.2,2.23
2026-07-20,capacity_price,16,4.0,2.38
2026-07-20,capacity_price,17,16.19,2.38
2026-07-20,capacity_price,18,43.775,2.38
2026-07-20,capacity_price,19,33.46,2.38
2026-07-20,capacity_price,20,29.31,14.85
2026-07-20,capacity_price,21,12.755,14.85
2026-07-20,capacity_price,22,4.0,2.38
2026-07-20,capacity_price,23,1.2,13.38
2026-07-20,activation_volume,0,15.13,0.0
2026-07-20,activation_volume,1,9.725,0.11
2026-07-20,activation_volume,2,4.5550003,0.6799999999999999
2026-07-20,activation_volume,3,2.22,0.0
2026-07-20,activation_volume,4,1.745,0.6900000000000001
2026-07-20,activation_volume,5,5.42,0.0
2026-07-20,activation_volume,6,5.49,0.30000000000000004
2026-07-20,activation_volume,7,2.5749998,0.21000000000000002
2026-07-20,activation_volume,8,4.105,0.47000000000000003
2026-07-20,activation_volume,9,4.24,0.37
2026-07-20,activation_volume,10,7.11,0.07
2026-07-20,activation_volume,11,7.375,1.05
2026-07-20,activation_volume,12,9.68,0.81
2026-07-20,activation_volume,13,19.15,0.0
2026-07-20,activation_volume,14,6.275,0.0
2026-07-20,activation_volume,15,10.33,0.0
2026-07-20,activation_volume,16,12.43,3.57
2026-07-20,activation_volume,17,12.275,2.15
2026-07-20,activation_volume,18,8.88,7.5
2026-07-20,activation_volume,19,4.25,2.64
2026-07-20,activation_volume,20,4.5699997,6.37
2026-07-20,activation_volume,21,4.3450003,3.41
2026-07-20,activation_volume,22,3.27,2.14
2026-07-20,activation_volume,23,3.2,0.89
2026-07-20,activation_price,0,133.1365,
2026-07-20,activation_price,1,117.193436,114.99999999999999
2026-07-20,activation_price,2,119.59712,123.26985294117648
2026-07-20,activation_price,3,115.832794,
2026-07-20,activation_price,4,118.59376,133.6223188405797
2026-07-20,activation_price,5,131.28453,
2026-07-20,activation_price,6,147.92763,136.0413333333333
2026-07-20,activation_price,7,133.65303,146.6895238095238
2026-07-20,activation_price,8,133.64066,158.20574468085107
2026-07-20,activation_price,9,138.72534,114.39
2026-07-20,activation_price,10,100.48,14.530000000000001
2026-07-20,activation_price,11,87.24242,31.00190476190476
2026-07-20,activation_price,12,61.123035,14.37
2026-07-20,activation_price,13,69.566055,
2026-07-20,activation_price,14,63.34431,
2026-07-20,activation_price,15,63.728077,
2026-07-20,activation_price,16,117.38405,10.981652661064425
2026-07-20,activation_price,17,149.01682,131.74827906976745
2026-07-20,activation_price,18,154.78354,168.36630666666667
2026-07-20,activation_price,19,154.04514,208.13378787878787
2026-07-20,activation_price,20,133.14209,182.27161695447413
2026-07-20,activation_price,21,145.34184,191.29495601173022
2026-07-20,activation_price,22,138.22621,200.45616822429903
2026-07-20,activation_price,23,126.99399,187.0597752808989
2026-07-21,day_ahead_price,0,117.90125,148.24249650000002
2026-07-21,day_ahead_price,1,112.10249,149.1299975
2026-07-21,day_ahead_price,2,109.205,142.83249675000002
2026-07-21,day_ahead_price,3,107.36749,138.49999625
2026-07-21,day_ahead_price,4,108.17999,138.96000275
2026-07-21,day_ahead_price,5,112.1075,144.16000350000002
2026-07-21,day_ahead_price,6,128.49875,157.47750075
2026-07-21,day_ahead_price,7,125.683754,154.42750175
2026-07-21,day_ahead_price,8,113.715004,145.37750074999997
2026-07-21,day_ahead_price,9,81.353745,114.88249975000001
2026-07-21,day_ahead_price,10,40.418747,82.2349985
2026-07-21,day_ahead_price,11,21.705002,43.72500025000001
2026-07-21,day_ahead_price,12,13.9,10.525
2026-07-21,day_ahead_price,13,7.2487497,4.0775
2026-07-21,day_ahead_price,14,7.1525,3.8375000000000004
2026-07-21,day_ahead_price,15,14.7625,14.3425
2026-07-21,day_ahead_price,16,42.925003,60.44749925
2026-07-21,day_ahead_price,17,86.25,101.299999
2026-07-21,day_ahead_price,18,119.722496,135.26250075000002
2026-07-21,day_ahead_price,19,135.53625,153.705002
2026-07-21,day_ahead_price,20,146.61125,171.739998
2026-07-21,day_ahead_price,21,141.21,170.39749924999998
2026-07-21,day_ahead_price,22,130.185,163.26749825
2026-07-21,day_ahead_price,23,117.412506,151.4375
2026-07-21,capacity_price,0,1.2,2.41
2026-07-21,capacity_price,1,1.2,2.16
2026-07-21,capacity_price,2,0.67,2.41
2026-07-21,capacity_price,3,0.67,2.41
2026-07-21,capacity_price,4,1.2,2.41
2026-07-21,capacity_price,5,2.0,2.41
2026-07-21,capacity_price,6,6.0,2.41
2026-07-21,capacity_price,7,6.69,2.41
2026-07-21,capacity_price,8,12.85,2.41
2026-07-21,capacity_price,9,6.69,2.41
2026-07-21,capacity_price,10,1.675,2.41
2026-07-21,capacity_price,11,1.2,2.41
2026-07-21,capacity_price,12,0.67,2.41
2026-07-21,capacity_price,13,0.67,6.02
2026-07-21,capacity_price,14,0.67,2.41
2026-07-21,capacity_price,15,0.67,2.41
2026-07-21,capacity_price,16,2.01,2.41
2026-07-21,capacity_price,17,11.75,2.41
2026-07-21,capacity_price,18,13.4,2.41
2026-07-21,capacity_price,19,33.46,2.41
2026-07-21,capacity_price,20,27.74,2.41
2026-07-21,capacity_price,21,13.190001,2.41
2026-07-21,capacity_price,22,4.0,2.41
2026-07-21,capacity_price,23,1.2,2.16
2026-07-21,activation_volume,0,12.19,20.889999999999997
2026-07-21,activation_volume,1,10.465,35.73
2026-07-21,activation_volume,2,4.3050003,4.729999999999999
2026-07-21,activation_volume,3,2.31,4.42
2026-07-21,activation_volume,4,1.99,1.07
2026-07-21,activation_volume,5,4.65,0.18
2026-07-21,activation_volume,6,5.1400003,2.27
2026-07-21,activation_volume,7,2.545,2.33
2026-07-21,activation_volume,8,5.01,0.9
2026-07-21,activation_volume,9,6.4300003,1.3599999999999999
2026-07-21,activation_volume,10,9.11,2.5200000000000005
2026-07-21,activation_volume,11,6.17,0.11
2026-07-21,activation_volume,12,11.440001,0.1
2026-07-21,activation_volume,13,15.53,1.47
2026-07-21,activation_volume,14,9.525,8.07
2026-07-21,activation_volume,15,16.455,0.0
2026-07-21,activation_volume,16,12.684999,3.37
2026-07-21,activation_volume,17,11.775,11.17
2026-07-21,activation_volume,18,9.639999,13.559999999999999
2026-07-21,activation_volume,19,5.58,4.19
2026-07-21,activation_volume,20,5.64,1.5
2026-07-21,activation_volume,21,4.915,5.27
2026-07-21,activation_volume,22,3.585,0.19
2026-07-21,activation_volume,23,3.04,1.6400000000000001
2026-07-21,activation_price,0,134.057,196.1411057922451
2026-07-21,activation_price,1,118.02909,178.68968094038624
2026-07-21,activation_price,2,120.15656,171.52147991543345
2026-07-21,activation_price,3,117.67369,172.28233031674208
2026-07-21,activation_price,4,118.64326,168.48616822429906
2026-07-21,activation_price,5,129.73,173.4277777777778
2026-07-21,activation_price,6,147.96852,174.48286343612335
2026-07-21,activation_price,7,137.46484,180.5959227467811
2026-07-21,activation_price,8,151.70581,193.53766666666667
2026-07-21,activation_price,9,153.528,176.3735294117647
2026-07-21,activation_price,10,101.16039,153.32619047619048
2026-07-21,activation_price,11,88.886925,42.20727272727273
2026-07-21,activation_price,12,71.032364,11.624
2026-07-21,activation_price,13,73.43427,14.52
2026-07-21,activation_price,14,70.83516,25.812565055762082
2026-07-21,activation_price,15,75.907196,
2026-07-21,activation_price,16,117.07579,135.02154302670624
2026-07-21,activation_price,17,145.91473,134.38759176365264
2026-07-21,activation_price,18,158.36688,199.32816371681417
2026-07-21,activation_price,19,152.8092,193.88190930787587
2026-07-21,activation_price,20,133.5827,186.5442666666667
2026-07-21,activation_price,21,140.34612,202.03629981024667
2026-07-21,activation_price,22,139.46704,159.86105263157893
2026-07-21,activation_price,23,129.12503,177.66237804878048
2026-07-22,day_ahead_price,0,120.409996,137.24249675
2026-07-22,day_ahead_price,1,114.4325,128.369999
2026-07-22,day_ahead_price,2,111.0975,124.02250124999999
2026-07-22,day_ahead_price,3,109.995,119.7175005
2026-07-22,day_ahead_price,4,110.4425,116.68000025
2026-07-22,day_ahead_price,5,112.84625,112.43249899999999
2026-07-22,day_ahead_price,6,127.085,119.302498
2026-07-22,day_ahead_price,7,123.973755,123.64000125
2026-07-22,day_ahead_price,8,113.715004,111.7800025
2026-07-22,day_ahead_price,9,94.075,90.37249925
2026-07-22,day_ahead_price,10,59.894997,67.102502
2026-07-22,day_ahead_price,11,31.833752,32.999999
2026-07-22,day_ahead_price,12,17.0725,12.322500000000002
2026-07-22,day_ahead_price,13,9.37125,2.7750000000000004
2026-07-22,day_ahead_price,14,8.3425,1.81
2026-07-22,day_ahead_price,15,17.8475,2.1825
2026-07-22,day_ahead_price,16,52.9975,9.91250025
2026-07-22,day_ahead_price,17,95.99375,63.3125005
2026-07-22,day_ahead_price,18,126.37875,107.34249875
2026-07-22,day_ahead_price,19,142.34625,127.8324985
2026-07-22,day_ahead_price,20,155.8,137.529999
2026-07-22,day_ahead_price,21,148.38126,142.375
2026-07-22,day_ahead_price,22,136.3,141.2075005
2026-07-22,day_ahead_price,23,123.095,133.272499
2026-07-22,capacity_price,0,1.2,2.01
2026-07-22,capacity_price,1,0.93500006,2.46
2026-07-22,capacity_price,2,0.67,2.27
2026-07-22,capacity_price,3,0.67,2.27
2026-07-22,capacity_price,4,1.2,2.27
2026-07-22,capacity_price,5,1.2,2.33
2026-07-22,capacity_price,6,6.0,2.27
2026-07-22,capacity_price,7,6.0,2.27
2026-07-22,capacity_price,8,11.135,2.27
2026-07-22,capacity_price,9,6.69,2.27
2026-07-22,capacity_price,10,2.01,2.33
2026-07-22,capacity_price,11,1.255,2.27
2026-07-22,capacity_price,12,1.2,7.36
2026-07-22,capacity_price,13,0.67,2.68
2026-07-22,capacity_price,14,0.67,2.46
2026-07-22,capacity_price,15,1.2,2.27
2026-07-22,capacity_price,16,2.01,2.27
2026-07-22,capacity_price,17,12.58,2.46
2026-07-22,capacity_price,18,42.55,2.33
2026-07-22,capacity_price,19,48.985,2.33
2026-07-22,capacity_price,20,30.3,14.85
2026-07-22,capacity_price,21,15.4,14.85
2026-07-22,capacity_price,22,4.0,2.27
2026-07-22,capacity_price,23,1.2,2.33
2026-07-22,activation_volume,0,16.05,2.19
2026-07-22,activation_volume,1,9.725,4.46
2026-07-22,activation_volume,2,4.6549997,1.45
2026-07-22,activation_volume,3,2.15,0.26
2026-07-22,activation_volume,4,2.15,5.28
2026-07-22,activation_volume,5,6.495,1.69
2026-07-22,activation_volume,6,5.49,1.48
2026-07-22,activation_volume,7,3.165,1.0
2026-07-22,activation_volume,8,3.75,0.55
2026-07-22,activation_volume,9,4.6800003,10.410000000000002
2026-07-22,activation_volume,10,6.9,1.08
2026-07-22,activation_volume,11,6.745,11.799999999999999
2026-07-22,activation_volume,12,9.665,10.829999999999998
2026-07-22,activation_volume,13,14.75,3.02
2026-07-22,activation_volume,14,8.57,0.31
2026-07-22,activation_volume,15,12.594999,20.02
2026-07-22,activation_volume,16,8.955,5.9399999999999995
2026-07-22,activation_volume,17,10.35,24.36
2026-07-22,activation_volume,18,9.37,2.8
2026-07-22,activation_volume,19,4.75,4.65
2026-07-22,activation_volume,20,6.33,2.31
2026-07-22,activation_volume,21,5.06,0.0
2026-07-22,activation_volume,22,3.7,0.19
2026-07-22,activation_volume,23,3.7350001,0.99
2026-07-22,activation_price,0,139.37607,156.2
2026-07-22,activation_price,1,116.54823,151.12856502242153
2026-07-22,activation_price,2,118.82592,180.20393103448276
2026-07-22,activation_price,3,112.64433,186.27
2026-07-22,activation_price,4,121.970314,229.118125
2026-07-22,activation_price,5,136.19415,198.3086982248521
2026-07-22,activation_price,6,151.82872,192.3214864864865
2026-07-22,activation_price,7,142.22054,194.08409999999998
2026-07-22,activation_price,8,144.96843,181.30109090909087
2026-07-22,activation_price,9,148.47458,129.16359269932752
2026-07-22,activation_price,10,122.14782,213.73
2026-07-22,activation_price,11,91.62757,321.16393220338983
2026-07-22,activation_price,12,69.58134,40.44847645429363
2026-07-22,activation_price,13,78.20176,11.473576158940396
2026-07-22,activation_price,14,70.3,12.45
2026-07-22,activation_price,15,76.82034,153.02197302697303
2026-07-22,activation_price,16,124.026184,43.072104377104374
2026-07-22,activation_price,17,156.8162,204.20301724137934
2026-07-22,activation_price,18,162.1064,176.79807142857146
2026-07-22,activation_price,19,156.60913,194.72223655913976
2026-07-22,activation_price,20,152.91121,184.33818181818177
2026-07-22,activation_price,21,153.08716,
2026-07-22,activation_price,22,145.70174,177.0
2026-07-22,activation_price,23,133.9334,163.33323232323235
2026-07-23,day_ahead_price,0,117.355,134.48500074999998
2026-07-23,day_ahead_price,1,111.895,136.02000025
2026-07-23,day_ahead_price,2,109.205,133.1399995
2026-07-23,day_ahead_price,3,107.299995,132.404999
2026-07-23,day_ahead_price,4,109.17,135.61750025
2026-07-23,day_ahead_price,5,113.275,137.70000475
2026-07-23,day_ahead_price,6,127.5225,158.8675005
2026-07-23,day_ahead_price,7,125.995,167.744999
2026-07-23,day_ahead_price,8,113.865005,160.00749975000002
2026-07-23,day_ahead_price,9,93.8425,134.50000025
2026-07-23,day_ahead_price,10,57.5375,103.58749975
2026-07-23,day_ahead_price,11,24.7725,82.1499995
2026-07-23,day_ahead_price,12,18.30375,33.530000750000006
2026-07-23,day_ahead_price,13,10.3675,8.450000249999999
2026-07-23,day_ahead_price,14,9.05375,4.9425
2026-07-23,day_ahead_price,15,17.99125,7.0
2026-07-23,day_ahead_price,16,47.603752,27.0624995
2026-07-23,day_ahead_price,17,93.69,96.63250099999999
2026-07-23,day_ahead_price,18,121.17999,142.57999974999998
2026-07-23,day_ahead_price,19,138.5075,166.10000200000002
2026-07-23,day_ahead_price,20,148.80875,184.82749925000002
2026-07-23,day_ahead_price,21,143.485,189.99999599999998
2026-07-23,day_ahead_price,22,134.3275,186.5424995
2026-07-23,day_ahead_price,23,122.875,170.41999825
2026-07-23,capacity_price,0,1.2,2.01
2026-07-23,capacity_price,1,0.67,2.01
2026-07-23,capacity_price,2,0.67,2.04
2026-07-23,capacity_price,3,0.67,2.46
2026-07-23,capacity_price,4,1.2,2.22
2026-07-23,capacity_price,5,2.0,2.46
2026-07-23,capacity_price,6,5.015,2.22
2026-07-23,capacity_price,7,6.69,2.46
2026-07-23,capacity_price,8,9.9,2.46
2026-07-23,capacity_price,9,2.58,2.22
2026-07-23,capacity_price,10,1.34,2.46
2026-07-23,capacity_price,11,1.2,7.36
2026-07-23,capacity_price,12,1.135,2.22
2026-07-23,capacity_price,13,0.67,2.22
2026-07-23,capacity_price,14,0.67,2.22
2026-07-23,capacity_price,15,1.2,2.22
2026-07-23,capacity_price,16,2.01,2.22
2026-07-23,capacity_price,17,12.165,2.22
2026-07-23,capacity_price,18,12.845,2.22
2026-07-23,capacity_price,19,31.73,2.46
2026-07-23,capacity_price,20,45.5,22.4
2026-07-23,capacity_price,21,20.0,22.4
2026-07-23,capacity_price,22,4.0,2.22
2026-07-23,capacity_price,23,1.2,2.46
2026-07-23,activation_volume,0,14.445,0.9299999999999999
2026-07-23,activation_volume,1,11.2,1.91
2026-07-23,activation_volume,2,4.085,1.4000000000000001
2026-07-23,activation_volume,3,2.4299998,2.8499999999999996
2026-07-23,activation_volume,4,2.2849998,0.0
2026-07-23,activation_volume,5,4.47,3.84
2026-07-23,activation_volume,6,6.12,1.72
2026-07-23,activation_volume,7,3.63,2.35
2026-07-23,activation_volume,8,4.615,2.19
2026-07-23,activation_volume,9,6.69,3.8600000000000003
2026-07-23,activation_volume,10,7.96,4.18
2026-07-23,activation_volume,11,6.22,2.0
2026-07-23,activation_volume,12,11.11,0.16
2026-07-23,activation_volume,13,15.665,0.8600000000000001
2026-07-23,activation_volume,14,8.125,0.03
2026-07-23,activation_volume,15,10.33,0.03
2026-07-23,activation_volume,16,13.835,1.16
2026-07-23,activation_volume,17,12.69,7.47
2026-07-23,activation_volume,18,12.915001,3.8200000000000003
2026-07-23,activation_volume,19,6.07,4.88
2026-07-23,activation_volume,20,5.715,1.79
2026-07-23,activation_volume,21,4.64,0.9700000000000001
2026-07-23,activation_volume,22,3.67,1.17
2026-07-23,activation_volume,23,4.035,1.7200000000000002
2026-07-23,activation_price,0,134.9775,136.6858064516129
2026-07-23,activation_price,1,122.04523,123.71937172774868
2026-07-23,activation_price,2,128.58806,161.66114285714283
2026-07-23,activation_price,3,116.07706,139.11126315789477
2026-07-23,activation_price,4,122.1696,
2026-07-23,activation_price,5,138.09471,162.4153125
2026-07-23,activation_price,6,150.22107,165.08122093023258
2026-07-23,activation_price,7,153.74905,176.21029787234042
2026-07-23,activation_price,8,144.96843,206.4727397260274
2026-07-23,activation_price,9,142.88124,229.21492227979272
2026-07-23,activation_price,10,90.04583,182.84887559808615
2026-07-23,activation_price,11,89.58457,180.17034999999998
2026-07-23,activation_price,12,67.42246,84.15
2026-07-23,activation_price,13,78.27664,68.24127906976744
2026-07-23,activation_price,14,64.20978,13.66
2026-07-23,activation_price,15,77.22982,5.05
2026-07-23,activation_price,16,116.440285,59.62112068965518
2026-07-23,activation_price,17,145.64493,162.1581124497992
2026-07-23,activation_price,18,170.66125,170.7095287958115
2026-07-23,activation_price,19,166.66754,180.8915573770492
2026-07-23,activation_price,20,142.14093,181.85245810055864
2026-07-23,activation_price,21,146.74988,191.44536082474224
2026-07-23,activation_price,22,140.8377,203.21982905982907
2026-07-23,activation_price,23,128.46445,210.4788372093023
2026-07-24,day_ahead_price,0,121.48375,161.00249875000003
2026-07-24,day_ahead_price,1,115.7775,157.0974995
2026-07-24,day_ahead_price,2,113.165,150.817501
2026-07-24,day_ahead_price,3,111.2175,143.80750275
2026-07-24,day_ahead_price,4,111.155,144.2050055
2026-07-24,day_ahead_price,5,115.815,150.720001
2026-07-24,day_ahead_price,6,128.9975,159.630001
2026-07-24,day_ahead_price,7,131.20624,162.24999625
2026-07-24,day_ahead_price,8,118.83,159.95999899999998
2026-07-24,day_ahead_price,9,97.07125,132.86250124999998
2026-07-24,day_ahead_price,10,58.6425,105.05749899999999
2026-07-24,day_ahead_price,11,35.5675,78.7924995
2026-07-24,day_ahead_price,12,16.3625,48.7949995
2026-07-24,day_ahead_price,13,9.545,23.98500025
2026-07-24,day_ahead_price,14,8.75875,8.0
2026-07-24,day_ahead_price,15,17.697498,16.79000025
2026-07-24,day_ahead_price,16,52.0975,68.2425005
2026-07-24,day_ahead_price,17,94.76,112.6949995
2026-07-24,day_ahead_price,18,121.41875,150.0
2026-07-24,day_ahead_price,19,138.21124,176.72749725
2026-07-24,day_ahead_price,20,150.22375,201.14749925
2026-07-24,day_ahead_price,21,145.61374,204.20000100000001
2026-07-24,day_ahead_price,22,135.98999,194.90250025
2026-07-24,day_ahead_price,23,125.11875,180.11499799999999
2026-07-24,capacity_price,0,1.2,2.45
2026-07-24,capacity_price,1,1.2,2.05
2026-07-24,capacity_price,2,0.67,2.45
2026-07-24,capacity_price,3,0.67,2.15
2026-07-24,capacity_price,4,1.2,2.45
2026-07-24,capacity_price,5,2.0,2.45
2026-07-24,capacity_price,6,5.675,2.45
2026-07-24,capacity_price,7,6.0,2.45
2026-07-24,capacity_price,8,12.58,2.45
2026-07-24,capacity_price,9,6.69,2.45
2026-07-24,capacity_price,10,2.475,2.45
2026-07-24,capacity_price,11,1.2,2.45
2026-07-24,capacity_price,12,1.2,2.45
2026-07-24,capacity_price,13,0.67,2.01
2026-07-24,capacity_price,14,0.67,0.63
2026-07-24,capacity_price,15,0.67,7.36
2026-07-24,capacity_price,16,2.01,2.45
2026-07-24,capacity_price,17,12.58,2.45
2026-07-24,capacity_price,18,20.0,2.45
2026-07-24,capacity_price,19,33.52,2.45
2026-07-24,capacity_price,20,54.015,15.9
2026-07-24,capacity_price,21,16.3,15.9
2026-07-24,capacity_price,22,4.0,2.45
2026-07-24,capacity_price,23,1.2,2.45
2026-07-24,activation_volume,0,11.34,2.59
2026-07-24,activation_volume,1,9.615,7.840000000000001
2026-07-24,activation_volume,2,3.8850002,0.6900000000000001
2026-07-24,activation_volume,3,3.43,0.53
2026-07-24,activation_volume,4,2.33,2.73
2026-07-24,activation_volume,5,4.3,5.92
2026-07-24,activation_volume,6,5.37,0.74
2026-07-24,activation_volume,7,2.74,1.76
2026-07-24,activation_volume,8,4.12,1.4300000000000002
2026-07-24,activation_volume,9,5.34,3.23
2026-07-24,activation_volume,10,5.9,3.53
2026-07-24,activation_volume,11,7.08,22.77
2026-07-24,activation_volume,12,7.59,1.48
2026-07-24,activation_volume,13,14.75,0.09
2026-07-24,activation_volume,14,9.695,0.01
2026-07-24,activation_volume,15,11.940001,0.15
2026-07-24,activation_volume,16,10.87,6.57
2026-07-24,activation_volume,17,10.99,2.4000000000000004
2026-07-24,activation_volume,18,8.43,4.41
2026-07-24,activation_volume,19,5.83,6.7700000000000005
2026-07-24,activation_volume,20,5.79,1.54
2026-07-24,activation_volume,21,5.38,0.7799999999999999
2026-07-24,activation_volume,22,3.9900002,0.42000000000000004
2026-07-24,activation_volume,23,4.625,1.79
2026-07-24,activation_price,0,123.83736,170.86629343629346
2026-07-24,activation_price,1,118.02909,162.19298469387755
2026-07-24,activation_price,2,123.52455,158.35159420289853
2026-07-24,activation_price,3,116.82209,161.11490566037736
2026-07-24,activation_price,4,118.61851,168.28322344322345
2026-07-24,activation_price,5,123.99666,191.9661317567568
2026-07-24,activation_price,6,148.38896,191.61945945945948
2026-07-24,activation_price,7,141.48143,198.01522727272726
2026-07-24,activation_price,8,142.72308,178.02573426573423
2026-07-24,activation_price,9,152.37093,199.75160990712072
2026-07-24,activation_price,10,101.84078,191.51192634560908
2026-07-24,activation_price,11,87.715256,129.48626262626263
2026-07-24,activation_price,12,61.123035,21.229594594594598
2026-07-24,activation_price,13,76.36988,0.0
2026-07-24,activation_price,14,76.44832,0.0
2026-07-24,activation_price,15,69.210846,0.0
2026-07-24,activation_price,16,116.06383,91.45471841704718
2026-07-24,activation_price,17,145.29797,155.685375
2026-07-24,activation_price,18,159.73634,180.99793650793652
2026-07-24,activation_price,19,153.28412,209.75556868537666
2026-07-24,activation_price,20,139.18237,206.51688311688312
2026-07-24,activation_price,21,155.18842,200.25371794871796
2026-07-24,activation_price,22,146.77652,188.87785714285712
2026-07-24,activation_price,23,133.78535,201.8622346368715
2026-07-25,day_ahead_price,0,120.8025,166.29499825
2026-07-25,day_ahead_price,1,114.4325,161.32
2026-07-25,day_ahead_price,2,110.1625,159.0999985
2026-07-25,day_ahead_price,3,109.9725,156.9799995
2026-07-25,day_ahead_price,4,111.01875,145.10999700000002
2026-07-25,day_ahead_price,5,117.049995,134.0075035
2026-07-25,day_ahead_price,6,130.81125,127.61999725000001
2026-07-25,day_ahead_price,7,135.0625,115.16000199999999
2026-07-25,day_ahead_price,8,118.9475,83.340002
2026-07-25,day_ahead_price,9,97.729996,11.169999749999999
2026-07-25,day_ahead_price,10,63.673748,-0.11750000000000001
2026-07-25,day_ahead_price,11,35.5675,-2.6075
2026-07-25,day_ahead_price,12,24.401249,-5.505
2026-07-25,day_ahead_price,13,12.0,-8.0
2026-07-25,day_ahead_price,14,16.93,-12.67
2026-07-25,day_ahead_price,15,35.2,-3.3274999999999997
2026-07-25,day_ahead_price,16,65.96125,-0.3225
2026-07-25,day_ahead_price,17,99.3975,11.3699995
2026-07-25,day_ahead_price,18,128.20625,90.867501
2026-07-25,day_ahead_price,19,145.73625,141.0475005
2026-07-25,day_ahead_price,20,157.815,156.38250000000002
2026-07-25,day_ahead_price,21,152.77625,168.95000075
2026-07-25,day_ahead_price,22,138.76,165.482502
2026-07-25,day_ahead_price,23,125.72,159.99999975
2026-07-25,capacity_price,0,1.2,2.13
2026-07-25,capacity_price,1,1.2,2.13
2026-07-25,capacity_price,2,0.67,2.01
2026-07-25,capacity_price,3,0.67,2.01
2026-07-25,capacity_price,4,1.2,2.13
2026-07-25,capacity_price,5,2.0,2.03
2026-07-25,capacity_price,6,4.34,2.13
2026-07-25,capacity_price,7,6.3450003,2.03
2026-07-25,capacity_price,8,12.645,2.01
2026-07-25,capacity_price,9,6.69,2.01
2026-07-25,capacity_price,10,2.96,1.2
2026-07-25,capacity_price,11,1.575,0.67
2026-07-25,capacity_price,12,1.2,0.54
2026-07-25,capacity_price,13,0.67,0.54
2026-07-25,capacity_price,14,0.67,0.54
2026-07-25,capacity_price,15,1.2,0.67
2026-07-25,capacity_price,16,4.0,0.54
2026-07-25,capacity_price,17,12.58,2.01
2026-07-25,capacity_price,18,44.515,2.13
2026-07-25,capacity_price,19,33.46,2.13
2026-07-25,capacity_price,20,45.5,14.85
2026-07-25,capacity_price,21,26.96,13.38
2026-07-25,capacity_price,22,5.0,2.03
2026-07-25,capacity_price,23,1.2,2.01
2026-07-25,activation_volume,0,13.975,2.17
2026-07-25,activation_volume,1,10.139999,4.58
2026-07-25,activation_volume,2,4.39,0.23
2026-07-25,activation_volume,3,2.0900002,0.77
2026-07-25,activation_volume,4,2.22,0.24
2026-07-25,activation_volume,5,6.235,1.33
2026-07-25,activation_volume,6,5.49,8.4
2026-07-25,activation_volume,7,4.14,3.6700000000000004
2026-07-25,activation_volume,8,4.34,0.32
2026-07-25,activation_volume,9,5.1,5.4
2026-07-25,activation_volume,10,4.475,0.4
2026-07-25,activation_volume,11,5.15,54.02
2026-07-25,activation_volume,12,22.74,18.9
2026-07-25,activation_volume,13,22.82,76.72999999999999
2026-07-25,activation_volume,14,15.58,4.4399999999999995
2026-07-25,activation_volume,15,16.825,2.4299999999999997
2026-07-25,activation_volume,16,10.015,2.62
2026-07-25,activation_volume,17,9.405,4.22
2026-07-25,activation_volume,18,9.97,4.54
2026-07-25,activation_volume,19,6.465,3.63
2026-07-25,activation_volume,20,7.115,1.21
2026-07-25,activation_volume,21,6.11,0.57
2026-07-25,activation_volume,22,3.0349998,2.38
2026-07-25,activation_volume,23,3.415,1.37
2026-07-25,activation_price,0,136.89166,172.72714285714287
2026-07-25,activation_price,1,119.57244,149.78510917030567
2026-07-25,activation_price,2,121.14049,173.06173913043477
2026-07-25,activation_price,3,112.91185,162.70545454545453
2026-07-25,activation_price,4,129.00406,151.45291666666668
2026-07-25,activation_price,5,138.24689,152.75857142857143
2026-07-25,activation_price,6,158.25534,154.5513214285714
2026-07-25,activation_price,7,143.1795,137.71972752043598
2026-07-25,activation_price,8,148.46512,126.49625
2026-07-25,activation_price,9,140.95657,3.5686296296296303
2026-07-25,activation_price,10,119.46983,3.6789999999999994
2026-07-25,activation_price,11,92.878204,55.88124953720845
2026-07-25,activation_price,12,90.59775,10.602269841269843
2026-07-25,activation_price,13,74.90208,51.2126690994396
2026-07-25,activation_price,14,89.520706,10.547792792792794
2026-07-25,activation_price,15,81.48595,6.2219753086419765
2026-07-25,activation_price,16,129.9133,8.139236641221375
2026-07-25,activation_price,17,154.50124,37.311800947867305
2026-07-25,activation_price,18,160.92137,181.4109911894273
2026-07-25,activation_price,19,156.60913,170.33176308539944
2026-07-25,activation_price,20,143.17343,153.89570247933884
2026-07-25,activation_price,21,157.84576,154.28684210526316
2026-07-25,activation_price,22,143.11528,169.9171848739496
2026-07-25,activation_price,23,128.46445,149.76766423357662
2026-07-26,day_ahead_price,0,118.785,152.71499999999997
2026-07-26,day_ahead_price,1,113.166245,147.779999
2026-07-26,day_ahead_price,2,110.4275,146.999996
2026-07-26,day_ahead_price,3,108.494995,150.16500100000002
2026-07-26,day_ahead_price,4,110.2475,144.68000025
2026-07-26,day_ahead_price,5,115.385,136.29249950000002
2026-07-26,day_ahead_price,6,122.1,123.86499800000001
2026-07-26,day_ahead_price,7,125.50125,110.07250024999999
2026-07-26,day_ahead_price,8,120.265,108.46000099999999
2026-07-26,day_ahead_price,9,93.8425,76.41749875
2026-07-26,day_ahead_price,10,67.4525,11.53000025
2026-07-26,day_ahead_price,11,24.7725,-0.0025
2026-07-26,day_ahead_price,12,17.22625,-0.019999999999999997
2026-07-26,day_ahead_price,13,12.0,-0.005
2026-07-26,day_ahead_price,14,8.608749,0.24
2026-07-26,day_ahead_price,15,17.99125,0.6275
2026-07-26,day_ahead_price,16,45.3825,9.21750025
2026-07-26,day_ahead_price,17,89.0625,58.79000175
2026-07-26,day_ahead_price,18,121.7025,107.61750024999999
2026-07-26,day_ahead_price,19,140.10251,137.64250175
2026-07-26,day_ahead_price,20,149.43625,155.13999950000002
2026-07-26,day_ahead_price,21,141.625,152.88750100000001
2026-07-26,day_ahead_price,22,127.5025,148.39499675000002
2026-07-26,day_ahead_price,23,119.14,136.79500000000002
2026-07-26,capacity_price,0,1.2,2.19
2026-07-26,capacity_price,1,1.2,2.19
2026-07-26,capacity_price,2,0.67,2.19
2026-07-26,capacity_price,3,0.67,2.19
2026-07-26,capacity_price,4,1.2,2.32
2026-07-26,capacity_price,5,2.0,2.19
2026-07-26,capacity_price,6,5.35,2.32
2026-07-26,capacity_price,7,5.35,2.32
2026-07-26,capacity_price,8,12.71,2.19
2026-07-26,capacity_price,9,6.0,2.19
2026-07-26,capacity_price,10,2.01,2.19
2026-07-26,capacity_price,11,1.2,2.01
2026-07-26,capacity_price,12,1.2,0.54
2026-07-26,capacity_price,13,0.67,0.54
2026-07-26,capacity_price,14,0.67,0.54
2026-07-26,capacity_price,15,1.2,0.54
2026-07-26,capacity_price,16,1.675,2.32
2026-07-26,capacity_price,17,12.58,2.19
2026-07-26,capacity_price,18,26.565,2.32
2026-07-26,capacity_price,19,28.24,2.36
2026-07-26,capacity_price,20,36.78,14.85
2026-07-26,capacity_price,21,12.85,14.85
2026-07-26,capacity_price,22,2.01,2.19
2026-07-26,capacity_price,23,1.2,2.19
2026-07-26,activation_volume,0,13.975,3.75
2026-07-26,activation_volume,1,9.725,8.600000000000001
2026-07-26,activation_volume,2,3.63,2.2100000000000004
2026-07-26,activation_volume,3,2.81,2.6500000000000004
2026-07-26,activation_volume,4,2.24,1.74
2026-07-26,activation_volume,5,4.71,2.41
2026-07-26,activation_volume,6,4.8500004,3.2600000000000002
2026-07-26,activation_volume,7,3.76,2.14
2026-07-26,activation_volume,8,4.695,11.27
2026-07-26,activation_volume,9,5.37,7.040000000000001
2026-07-26,activation_volume,10,9.03,5.490000000000001
2026-07-26,activation_volume,11,7.08,8.79
2026-07-26,activation_volume,12,9.68,21.53
2026-07-26,activation_volume,13,9.61,30.2
2026-07-26,activation_volume,14,7.585,48.370000000000005
2026-07-26,activation_volume,15,8.56,1.38
2026-07-26,activation_volume,16,11.76,6.92
2026-07-26,activation_volume,17,14.5,41.78
2026-07-26,activation_volume,18,10.75,9.42
2026-07-26,activation_volume,19,5.835,26.819999999999997
2026-07-26,activation_volume,20,5.56,11.35
2026-07-26,activation_volume,21,5.545,0.38
2026-07-26,activation_volume,22,5.11,1.03
2026-07-26,activation_volume,23,4.035,1.56
2026-07-26,activation_price,0,134.057,150.02362666666667
2026-07-26,activation_price,1,120.66164,135.9508953488372
2026-07-26,activation_price,2,120.368805,140.52995475113119
2026-07-26,activation_price,3,118.50859,135.49509433962265
2026-07-26,activation_price,4,122.1696,155.15258620689656
2026-07-26,activation_price,5,133.05693,138.2026141078838
2026-07-26,activation_price,6,148.8094,171.91659509202452
2026-07-26,activation_price,7,141.31805,158.14925233644857
2026-07-26,activation_price,8,149.30206,170.50119787045256
2026-07-26,activation_price,9,152.37093,118.19313920454545
2026-07-26,activation_price,10,116.12402,92.57063752276866
2026-07-26,activation_price,11,90.28222,43.243435722411846
2026-07-26,activation_price,12,65.18791,107.79594519275429
2026-07-26,activation_price,13,58.62709,65.29486092715231
2026-07-26,activation_price,14,63.77,48.69059541037833
2026-07-26,activation_price,15,71.65042,6.54608695652174
2026-07-26,activation_price,16,101.24106,83.4588005780347
2026-07-26,activation_price,17,148.63853,276.03729296314026
2026-07-26,activation_price,18,162.22498,287.2554670912951
2026-07-26,activation_price,19,153.06555,271.7659731543624
2026-07-26,activation_price,20,139.324,230.73843171806166
2026-07-26,activation_price,21,159.44473,115.35815789473685
2026-07-26,activation_price,22,141.36777,96.3747572815534
2026-07-26,activation_price,23,126.99399,113.12615384615383
2026-07-27,day_ahead_price,0,120.7525,84.09750175
2026-07-27,day_ahead_price,1,113.270004,69.745001
2026-07-27,day_ahead_price,2,110.1625,61.09000025
2026-07-27,day_ahead_price,3,107.8175,61.362499
2026-07-27,day_ahead_price,4,108.34125,70.0650005
2026-07-27,day_ahead_price,5,114.09625,86.40000075
2026-07-27,day_ahead_price,6,128.49875,113.1624985
2026-07-27,day_ahead_price,7,134.63249,113.32249999999999
2026-07-27,day_ahead_price,8,123.402504,105.9174975
2026-07-27,day_ahead_price,9,99.675,74.17749875
2026-07-27,day_ahead_price,10,75.35125,23.6525
2026-07-27,day_ahead_price,11,42.43125,1.6550000000000002
2026-07-27,day_ahead_price,12,28.140001,0.4675
2026-07-27,day_ahead_price,13,22.292501,0.9375000000000001
2026-07-27,day_ahead_price,14,21.789999,-0.01
2026-07-27,day_ahead_price,15,22.0,-0.0325
2026-07-27,day_ahead_price,16,61.555,0.0275
2026-07-27,day_ahead_price,17,98.1575,14.0875
2026-07-27,day_ahead_price,18,123.705,83.89250125
2026-07-27,day_ahead_price,19,142.34625,124.385
2026-07-27,day_ahead_price,20,150.0,133.34499950000003
2026-07-27,day_ahead_price,21,143.11375,147.58749775
2026-07-27,day_ahead_price,22,131.985,148.30999749999998
2026-07-27,day_ahead_price,23,122.875,145.49749749999998
2026-07-27,capacity_price,0,1.2,2.46
2026-07-27,capacity_price,1,1.2,2.46
2026-07-27,capacity_price,2,0.67,2.07
2026-07-27,capacity_price,3,0.67,13.38
2026-07-27,capacity_price,4,1.2,2.46
2026-07-27,capacity_price,5,2.0,2.46
2026-07-27,capacity_price,6,5.675,2.46
2026-07-27,capacity_price,7,4.0,2.46
2026-07-27,capacity_price,8,9.95,2.46
2026-07-27,capacity_price,9,6.69,2.46
2026-07-27,capacity_price,10,4.01,2.46
2026-07-27,capacity_price,11,2.01,2.46
2026-07-27,capacity_price,12,1.2,13.38
2026-07-27,capacity_price,13,0.67,2.01
2026-07-27,capacity_price,14,0.67,1.2
2026-07-27,capacity_price,15,1.2,0.67
2026-07-27,capacity_price,16,3.35,2.14
2026-07-27,capacity_price,17,12.58,2.46
2026-07-27,capacity_price,18,27.7,2.46
2026-07-27,capacity_price,19,55.13,2.46
2026-07-27,capacity_price,20,46.84,14.85
2026-07-27,capacity_price,21,26.89,13.4
2026-07-27,capacity_price,22,4.0,2.46
2026-07-27,capacity_price,23,0.67,2.46
2026-07-27,activation_volume,0,13.5,0.9099999999999999
2026-07-27,activation_volume,1,7.665,8.32
2026-07-27,activation_volume,2,2.96,10.879999999999999
2026-07-27,activation_volume,3,2.4650002,1.73
2026-07-27,activation_volume,4,2.06,0.0
2026-07-27,activation_volume,5,4.4750004,10.090000000000002
2026-07-27,activation_volume,6,4.9750004,0.03
2026-07-27,activation_volume,7,2.46,0.29
2026-07-27,activation_volume,8,5.17,2.55
2026-07-27,activation_volume,9,6.03,12.010000000000002
2026-07-27,activation_volume,10,9.31,14.64
2026-07-27,activation_volume,11,10.065001,19.310000000000002
2026-07-27,activation_volume,12,10.54,2.0
2026-07-27,activation_volume,13,11.21,9.44
2026-07-27,activation_volume,14,9.785,5.26
2026-07-27,activation_volume,15,8.985001,4.930000000000001
2026-07-27,activation_volume,16,7.9750004,6.63
2026-07-27,activation_volume,17,7.71,9.25
2026-07-27,activation_volume,18,9.014999,6.35
2026-07-27,activation_volume,19,5.8050003,0.27
2026-07-27,activation_volume,20,7.7,5.91
2026-07-27,activation_volume,21,4.87,1.99
2026-07-27,activation_volume,22,3.53,0.26
2026-07-27,activation_volume,23,2.6750002,0.0
2026-07-27,activation_price,0,131.79428,106.23285714285713
2026-07-27,activation_price,1,116.85126,113.67576923076922
2026-07-27,activation_price,2,119.5514,114.77843750000002
2026-07-27,activation_price,3,116.577835,109.25393063583815
2026-07-27,activation_price,4,122.1696,
2026-07-27,activation_price,5,123.85382,132.061585728444
2026-07-27,activation_price,6,150.22107,134.59
2026-07-27,activation_price,7,145.44064,120.04
2026-07-27,activation_price,8,152.93,181.15552941176472
2026-07-27,activation_price,9,149.26837,139.0876019983347
2026-07-27,activation_price,10,128.90042,412.483456284153
2026-07-27,activation_price,11,92.878204,152.4837700673226
2026-07-27,activation_price,12,82.58763,16.503049999999998
2026-07-27,activation_price,13,95.85725,58.467997881355934
2026-07-27,activation_price,14,81.21202,44.05414448669202
2026-07-27,activation_price,15,75.368454,7.789756592292089
2026-07-27,activation_price,16,121.48828,40.93659125188536
2026-07-27,activation_price,17,153.17578,66.7212
2026-07-27,activation_price,18,165.73482,139.60593700787402
2026-07-27,activation_price,19,154.80614,166.04
2026-07-27,activation_price,20,155.98251,176.1570219966159
2026-07-27,activation_price,21,153.08716,155.5878391959799
2026-07-27,activation_price,22,145.62476,182.64
2026-07-27,activation_price,23,135.48404,
2026-07-28,day_ahead_price,0,117.355,158.295002
2026-07-28,day_ahead_price,1,110.845,147.782501
2026-07-28,day_ahead_price,2,110.4275,140.7975005
2026-07-28,day_ahead_price,3,107.36749,135.107502
2026-07-28,day_ahead_price,4,109.8,134.8125
2026-07-28,day_ahead_price,5,114.368744,137.60999675
2026-07-28,day_ahead_price,6,118.729996,152.52999875
2026-07-28,day_ahead_price,7,121.526245,150.9000015
2026-07-28,day_ahead_price,8,113.193756,143.19499950000002
2026-07-28,day_ahead_price,9,80.38375,115.41750125
2026-07-28,day_ahead_price,10,30.14875,40.169999499999996
2026-07-28,day_ahead_price,11,15.334999,3.5725
2026-07-28,day_ahead_price,12,13.9125,0.17500000000000002
2026-07-28,day_ahead_price,13,6.85375,1.2275
2026-07-28,day_ahead_price,14,5.14,1.2525
2026-07-28,day_ahead_price,15,9.30375,3.4575
2026-07-28,day_ahead_price,16,30.585,44.2350005
2026-07-28,day_ahead_price,17,81.777504,106.89000124999998
2026-07-28,day_ahead_price,18,119.557495,155.4624995
2026-07-28,day_ahead_price,19,138.21124,195.4400025
2026-07-28,day_ahead_price,20,150.4475,215.56249974999997
2026-07-28,day_ahead_price,21,148.45999,209.9275055
2026-07-28,day_ahead_price,22,136.59,193.95749675000002
2026-07-28,day_ahead_price,23,126.05,171.6349985
2026-07-28,capacity_price,0,1.2,2.26
2026-07-28,capacity_price,1,0.67,13.38
2026-07-28,capacity_price,2,0.67,2.01
2026-07-28,capacity_price,3,0.67,2.26
2026-07-28,capacity_price,4,1.2,2.26
2026-07-28,capacity_price,5,1.2,2.26
2026-07-28,capacity_price,6,2.01,2.26
2026-07-28,capacity_price,7,4.0,2.26
2026-07-28,capacity_price,8,9.9,2.26
2026-07-28,capacity_price,9,4.0,2.37
2026-07-28,capacity_price,10,2.01,2.26
2026-07-28,capacity_price,11,1.575,2.26
2026-07-28,capacity_price,12,1.2,5.58
2026-07-28,capacity_price,13,0.67,1.65
2026-07-28,capacity_price,14,0.67,2.01
2026-07-28,capacity_price,15,0.74,2.26
2026-07-28,capacity_price,16,2.01,2.26
2026-07-28,capacity_price,17,6.69,2.37
2026-07-28,capacity_price,18,18.7,2.26
2026-07-28,capacity_price,19,48.305,2.26
2026-07-28,capacity_price,20,56.695,36.6
2026-07-28,capacity_price,21,17.57,36.6
2026-07-28,capacity_price,22,4.0,2.26
2026-07-28,capacity_price,23,0.67,2.26
2026-07-28,activation_volume,0,12.23,0.0
2026-07-28,activation_volume,1,9.425,0.0
2026-07-28,activation_volume,2,3.76,0.01
2026-07-28,activation_volume,3,1.86,0.09999999999999999
2026-07-28,activation_volume,4,2.06,0.0
2026-07-28,activation_volume,5,4.125,0.21
2026-07-28,activation_volume,6,4.895,1.77
2026-07-28,activation_volume,7,2.7,0.0
2026-07-28,activation_volume,8,4.26,0.78
2026-07-28,activation_volume,9,10.13,1.1900000000000002
2026-07-28,activation_volume,10,6.05,3.08
2026-07-28,activation_volume,11,5.63,1.16
2026-07-28,activation_volume,12,10.415,11.7
2026-07-28,activation_volume,13,11.82,35.290000000000006
2026-07-28,activation_volume,14,6.1400003,0.0
2026-07-28,activation_volume,15,6.21,0.64
2026-07-28,activation_volume,16,9.45,7.0600000000000005
2026-07-28,activation_volume,17,11.0,10.61
2026-07-28,activation_volume,18,10.0,12.190000000000001
2026-07-28,activation_volume,19,6.895,4.529999999999999
2026-07-28,activation_volume,20,6.4849997,0.6
2026-07-28,activation_volume,21,5.38,1.81
2026-07-28,activation_volume,22,3.43,2.4
2026-07-28,activation_volume,23,3.2,2.04
2026-07-28,activation_price,0,133.63617,
2026-07-28,activation_price,1,116.54823,
2026-07-28,activation_price,2,118.059784,110.05
2026-07-28,activation_price,3,117.76992,120.00500000000001
2026-07-28,activation_price,4,122.697296,
2026-07-28,activation_price,5,128.1097,112.63095238095237
2026-07-28,activation_price,6,148.93088,200.9802824858757
2026-07-28,activation_price,7,143.1795,
2026-07-28,activation_price,8,142.72623,276.65846153846155
2026-07-28,activation_price,9,155.21304,173.34789915966383
2026-07-28,activation_price,10,95.385376,40.08292207792208
2026-07-28,activation_price,11,88.30109,10.95939655172414
2026-07-28,activation_price,12,69.58134,41.32098290598291
2026-07-28,activation_price,13,52.27699,94.47075942193254
2026-07-28,activation_price,14,44.93,
2026-07-28,activation_price,15,74.09,5.1
2026-07-28,activation_price,16,100.749886,67.66399433427762
2026-07-28,activation_price,17,141.83328,156.63416588124412
2026-07-28,activation_price,18,168.1737,190.96730106644787
2026-07-28,activation_price,19,157.78513,199.1609492273731
2026-07-28,activation_price,20,160.08337,213.86933333333337
2026-07-28,activation_price,21,158.61142,188.438453038674
2026-07-28,activation_price,22,147.90317,221.41270833333334
2026-07-28,activation_price,23,135.48404,176.7375980392157
2026-07-29,day_ahead_price,0,121.145004,152.4225045
2026-07-29,day_ahead_price,1,114.23,147.24000175
2026-07-29,day_ahead_price,2,114.23125,136.72000100000002
2026-07-29,day_ahead_price,3,112.995,135.00249875
2026-07-29,day_ahead_price,4,109.8,139.61750024999998
2026-07-29,day_ahead_price,5,113.51625,147.14499675
2026-07-29,day_ahead_price,6,124.3675,166.5825005
2026-07-29,day_ahead_price,7,120.615005,159.7850035
2026-07-29,day_ahead_price,8,112.85875,145.40749749999998
2026-07-29,day_ahead_price,9,85.15,122.02750024999999
2026-07-29,day_ahead_price,10,31.115002,84.64000100000001
2026-07-29,day_ahead_price,11,14.22625,29.034999750000004
2026-07-29,day_ahead_price,12,10.045,2.8575
2026-07-29,day_ahead_price,13,7.2487497,2.0324999999999998
2026-07-29,day_ahead_price,14,5.25875,1.4775
2026-07-29,day_ahead_price,15,14.7625,8.56500025
2026-07-29,day_ahead_price,16,52.02375,76.09
2026-07-29,day_ahead_price,17,94.76,125.00999825
2026-07-29,day_ahead_price,18,124.63125,162.1675035
2026-07-29,day_ahead_price,19,142.2075,242.7975045
2026-07-29,day_ahead_price,20,151.0175,261.7950095
2026-07-29,day_ahead_price,21,148.79625,224.39749899999998
2026-07-29,day_ahead_price,22,139.36,192.92500274999998
2026-07-29,day_ahead_price,23,127.0875,167.232502
2026-07-29,capacity_price,0,1.2,2.42
2026-07-29,capacity_price,1,1.07,2.42
2026-07-29,capacity_price,2,0.67,2.49
2026-07-29,capacity_price,3,0.67,2.42
2026-07-29,capacity_price,4,1.2,2.42
2026-07-29,capacity_price,5,2.0,2.42
2026-07-29,capacity_price,6,5.35,2.49
2026-07-29,capacity_price,7,5.675,2.42
2026-07-29,capacity_price,8,6.69,2.42
2026-07-29,capacity_price,9,4.01,2.42
2026-07-29,capacity_price,10,2.01,2.42
2026-07-29,capacity_price,11,1.2,2.42
2026-07-29,capacity_price,12,1.2,2.42
2026-07-29,capacity_price,13,0.67,2.42
2026-07-29,capacity_price,14,0.67,20.0
2026-07-29,capacity_price,15,0.67,2.42
2026-07-29,capacity_price,16,2.01,2.44
2026-07-29,capacity_price,17,6.2799997,2.42
2026-07-29,capacity_price,18,12.780001,2.42
2026-07-29,capacity_price,19,42.355,14.85
2026-07-29,capacity_price,20,46.84,32.1
2026-07-29,capacity_price,21,13.38,2.42
2026-07-29,capacity_price,22,3.005,2.44
2026-07-29,capacity_price,23,1.2,2.42
2026-07-29,activation_volume,0,9.33,1.11
2026-07-29,activation_volume,1,7.075,3.2800000000000002
2026-07-29,activation_volume,2,3.58,2.4699999999999998
2026-07-29,activation_volume,3,2.1,1.9200000000000002
2026-07-29,activation_volume,4,2.33,5.21
2026-07-29,activation_volume,5,4.56,1.7999999999999998
2026-07-29,activation_volume,6,4.45,3.24
2026-07-29,activation_volume,7,2.57,0.64
2026-07-29,activation_volume,8,4.05,2.17
2026-07-29,activation_volume,9,4.1099997,5.64
2026-07-29,activation_volume,10,5.54,4.37
2026-07-29,activation_volume,11,6.43,2.04
2026-07-29,activation_volume,12,8.57,41.73
2026-07-29,activation_volume,13,8.934999,50.769999999999996
2026-07-29,activation_volume,14,6.36,20.47
2026-07-29,activation_volume,15,9.84,15.87
2026-07-29,activation_volume,16,9.775,3.63
2026-07-29,activation_volume,17,10.355,16.71
2026-07-29,activation_volume,18,9.889999,7.07
2026-07-29,activation_volume,19,5.835,14.57
2026-07-29,activation_volume,20,5.64,8.74
2026-07-29,activation_volume,21,5.06,2.47
2026-07-29,activation_volume,22,4.0,1.42
2026-07-29,activation_volume,23,4.72,0.75
2026-07-29,activation_price,0,135.44214,126.64756756756756
2026-07-29,activation_price,1,115.368065,120.14954268292682
2026-07-29,activation_price,2,117.254265,143.1995951417004
2026-07-29,activation_price,3,117.572296,135.25062499999999
2026-07-29,activation_price,4,121.970314,162.68593090211132
2026-07-29,activation_price,5,127.03139,116.99283333333332
2026-07-29,activation_price,6,149.05235,174.52552469135802
2026-07-29,activation_price,7,142.22054,116.100625
2026-07-29,activation_price,8,136.97194,179.2968202764977
2026-07-29,activation_price,9,123.99774,167.28625886524824
2026-07-29,activation_price,10,89.97805,143.59375286041188
2026-07-29,activation_price,11,86.76958,32.45441176470589
2026-07-29,activation_price,12,67.04608,77.41200335490055
2026-07-29,activation_price,13,71.691696,342.97098877289733
2026-07-29,activation_price,14,57.384686,42.79116267708842
2026-07-29,activation_price,15,77.19475,72.14372400756145
2026-07-29,activation_price,16,115.68738,102.19776859504132
2026-07-29,activation_price,17,153.14249,198.14940754039498
2026-07-29,activation_price,18,175.01538,227.25724186704386
2026-07-29,activation_price,19,154.04514,264.1059986273164
2026-07-29,activation_price,20,142.14093,292.1639931350114
2026-07-29,activation_price,21,157.3117,297.37542510121455
2026-07-29,activation_price,22,145.62476,210.0791549295775
2026-07-29,activation_price,23,136.09811,202.298
2026-07-30,day_ahead_price,0,116.175,149.75500124999996
2026-07-30,day_ahead_price,1,109.795,142.38500225
2026-07-30,day_ahead_price,2,107.315,139.99750125
2026-07-30,day_ahead_price,3,105.81,135.21000299999997
2026-07-30,day_ahead_price,4,106.69625,132.4925005
2026-07-30,day_ahead_price,5,112.38,136.4225005
2026-07-30,day_ahead_price,6,120.55,147.13999950000002
2026-07-30,day_ahead_price,7,119.4,146.6900005
2026-07-30,day_ahead_price,8,112.24,138.34249900000003
2026-07-30,day_ahead_price,9,72.8725,118.54249975
2026-07-30,day_ahead_price,10,22.7925,84.924999
2026-07-30,day_ahead_price,11,6.7925,35.46000125
2026-07-30,day_ahead_price,12,3.89,6.067500000000001
2026-07-30,day_ahead_price,13,2.585,4.9125
2026-07-30,day_ahead_price,14,1.3587501,17.297500749999998
2026-07-30,day_ahead_price,15,3.4962502,67.02249975
2026-07-30,day_ahead_price,16,17.8025,99.6975
2026-07-30,day_ahead_price,17,74.7425,126.58000175
2026-07-30,day_ahead_price,18,113.003746,148.93749599999998
2026-07-30,day_ahead_price,19,136.2775,174.92000174999998
2026-07-30,day_ahead_price,20,148.34,197.78500350000002
2026-07-30,day_ahead_price,21,142.1825,206.75500100000002
2026-07-30,day_ahead_price,22,131.225,190.2975005
2026-07-30,day_ahead_price,23,122.875,170.829998
2026-07-30,capacity_price,0,1.2,2.34
2026-07-30,capacity_price,1,1.2,2.34
2026-07-30,capacity_price,2,0.67,2.24
2026-07-30,capacity_price,3,0.67,6.0
2026-07-30,capacity_price,4,1.2,2.34
2026-07-30,capacity_price,5,2.0,2.34
2026-07-30,capacity_price,6,2.01,2.34
2026-07-30,capacity_price,7,4.675,2.34
2026-07-30,capacity_price,8,12.85,2.34
2026-07-30,capacity_price,9,6.0,2.34
2026-07-30,capacity_price,10,1.34,2.34
2026-07-30,capacity_price,11,1.2,2.34
2026-07-30,capacity_price,12,0.67,2.34
2026-07-30,capacity_price,13,0.67,2.34
2026-07-30,capacity_price,14,0.67,2.34
2026-07-30,capacity_price,15,0.67,2.34
2026-07-30,capacity_price,16,1.675,2.34
2026-07-30,capacity_price,17,6.14,2.34
2026-07-30,capacity_price,18,12.845,2.34
2026-07-30,capacity_price,19,46.84,2.34
2026-07-30,capacity_price,20,52.85,20.6
2026-07-30,capacity_price,21,20.035,20.6
2026-07-30,capacity_price,22,4.0,2.34
2026-07-30,capacity_price,23,1.2,2.34
2026-07-30,activation_volume,0,16.225,0.8799999999999999
2026-07-30,activation_volume,1,9.085,3.25
2026-07-30,activation_volume,2,3.96,0.5900000000000001
2026-07-30,activation_volume,3,2.33,0.52
2026-07-30,activation_volume,4,1.62,0.76
2026-07-30,activation_volume,5,4.13,0.09999999999999999
2026-07-30,activation_volume,6,3.14,0.51
2026-07-30,activation_volume,7,2.545,0.8300000000000001
2026-07-30,activation_volume,8,4.11,8.51
2026-07-30,activation_volume,9,6.69,15.83
2026-07-30,activation_volume,10,9.31,2.04
2026-07-30,activation_volume,11,8.695,0.03
2026-07-30,activation_volume,12,10.23,32.31
2026-07-30,activation_volume,13,19.15,5.4
2026-07-30,activation_volume,14,10.46,6.8100000000000005
2026-07-30,activation_volume,15,10.24,6.74
2026-07-30,activation_volume,16,14.22,44.510000000000005
2026-07-30,activation_volume,17,12.78,4.88
2026-07-30,activation_volume,18,10.0,3.64
2026-07-30,activation_volume,19,7.02,6.9
2026-07-30,activation_volume,20,7.7,1.57
2026-07-30,activation_volume,21,4.98,2.06
2026-07-30,activation_volume,22,4.2,3.28
2026-07-30,activation_volume,23,4.035,2.09
2026-07-30,activation_price,0,134.9775,153.41409090909093
2026-07-30,activation_price,1,119.88768,138.32913846153846
2026-07-30,activation_price,2,117.973404,155.33830508474574
2026-07-30,activation_price,3,120.047424,167.54134615384615
2026-07-30,activation_price,4,122.36889,197.47605263157894
2026-07-30,activation_price,5,125.36615,170.06800000000004
2026-07-30,activation_price,6,151.56274,187.53607843137254
2026-07-30,activation_price,7,142.22054,177.8356626506024
2026-07-30,activation_price,8,141.80716,189.7121151586369
2026-07-30,activation_price,9,138.72534,197.89068224889448
2026-07-30,activation_price,10,89.91027,68.52372549019607
2026-07-30,activation_price,11,89.58457,32.93
2026-07-30,activation_price,12,73.120316,89.63070256886412
2026-07-30,activation_price,13,56.073994,39.791777777777774
2026-07-30,activation_price,14,47.50474,27.63303964757709
2026-07-30,activation_price,15,57.879787,130.05467359050442
2026-07-30,activation_price,16,99.150505,396.03253201527747
2026-07-30,activation_price,17,145.64493,237.76434426229508
2026-07-30,activation_price,18,156.94891,219.46892857142856
2026-07-30,activation_price,19,156.85187,214.77847826086958
2026-07-30,activation_price,20,139.46564,175.5864331210191
2026-07-30,activation_price,21,146.04059,189.02660194174757
2026-07-30,activation_price,22,142.04391,178.3629878048781
2026-07-30,activation_price,23,131.45074,205.88669856459333
2026-07-31,day_ahead_price,0,119.41,168.16500075
2026-07-31,day_ahead_price,1,112.682495,162.7199975
2026-07-31,day_ahead_price,2,109.957504,154.829998
2026-07-31,day_ahead_price,3,108.33,153.47999975
2026-07-31,day_ahead_price,4,110.4425,154.454998
2026-07-31,day_ahead_price,5,112.59375,163.0949975
2026-07-31,day_ahead_price,6,122.424995,177.61000075
2026-07-31,day_ahead_price,7,121.6225,172.364998
2026-07-31,day_ahead_price,8,112.85875,159.1324995
2026-07-31,day_ahead_price,9,89.49625,142.25249875
2026-07-31,day_ahead_price,10,58.6425,123.20249749999999
2026-07-31,day_ahead_price,11,29.627502,102.2875005
2026-07-31,day_ahead_price,12,16.20875,94.11249925000001
2026-07-31,day_ahead_price,13,11.19,83.26749975
2026-07-31,day_ahead_price,14,7.6475,86.285
2026-07-31,day_ahead_price,15,16.72625,101.77499949999999
2026-07-31,day_ahead_price,16,51.7575,119.21499825
2026-07-31,day_ahead_price,17,94.225006,144.522503
2026-07-31,day_ahead_price,18,122.979996,162.00250225000002
2026-07-31,day_ahead_price,19,143.78,187.43750375000002
2026-07-31,day_ahead_price,20,156.915,194.80999749999998
2026-07-31,day_ahead_price,21,147.73,196.54499825000002
2026-07-31,day_ahead_price,22,136.445,191.329998
2026-07-31,day_ahead_price,23,124.432495,170.052498
2026-07-31,capacity_price,0,1.2,2.41
2026-07-31,capacity_price,1,0.67,2.03
2026-07-31,capacity_price,2,0.67,2.26
2026-07-31,capacity_price,3,0.67,2.03
2026-07-31,capacity_price,4,1.2,2.41
2026-07-31,capacity_price,5,2.0,2.41
2026-07-31,capacity_price,6,6.0,2.41
2026-07-31,capacity_price,7,6.0,2.41
2026-07-31,capacity_price,8,12.58,2.41
2026-07-31,capacity_price,9,6.69,2.41
2026-07-31,capacity_price,10,2.01,2.41
2026-07-31,capacity_price,11,1.27,2.41
2026-07-31,capacity_price,12,1.2,2.41
2026-07-31,capacity_price,13,0.67,2.41
2026-07-31,capacity_price,14,0.67,2.41
2026-07-31,capacity_price,15,1.2,2.41
2026-07-31,capacity_price,16,2.01,2.41
2026-07-31,capacity_price,17,12.165,4.01
2026-07-31,capacity_price,18,22.085,2.41
2026-07-31,capacity_price,19,53.4,2.41
2026-07-31,capacity_price,20,62.1,31.0
2026-07-31,capacity_price,21,27.03,31.0
2026-07-31,capacity_price,22,6.69,2.41
2026-07-31,capacity_price,23,1.2,2.41
2026-07-31,activation_volume,0,14.425,7.71
2026-07-31,activation_volume,1,10.285,27.44
2026-07-31,activation_volume,2,4.86,3.25
2026-07-31,activation_volume,3,2.71,1.54
2026-07-31,activation_volume,4,1.575,4.69
2026-07-31,activation_volume,5,4.3,3.75
2026-07-31,activation_volume,6,4.9750004,1.1
2026-07-31,activation_volume,7,2.62,1.4500000000000002
2026-07-31,activation_volume,8,5.17,3.3200000000000003
2026-07-31,activation_volume,9,6.16,7.53
2026-07-31,activation_volume,10,5.84,4.24
2026-07-31,activation_volume,11,4.87,2.3200000000000003
2026-07-31,activation_volume,12,10.23,3.42
2026-07-31,activation_volume,13,15.53,1.29
2026-07-31,activation_volume,14,6.0,1.3499999999999999
2026-07-31,activation_volume,15,10.24,18.82
2026-07-31,activation_volume,16,10.205,9.209999999999999
2026-07-31,activation_volume,17,10.76,2.1900000000000004
2026-07-31,activation_volume,18,10.0,0.11
2026-07-31,activation_volume,19,5.8050003,0.8899999999999999
2026-07-31,activation_volume,20,5.56,0.56
2026-07-31,activation_volume,21,3.8700001,6.98
2026-07-31,activation_volume,22,3.64,1.2799999999999998
2026-07-31,activation_volume,23,2.71,1.9900000000000002
2026-07-31,activation_price,0,135.44214,169.09321660181584
2026-07-31,activation_price,1,119.19718,170.55553935860058
2026-07-31,activation_price,2,118.146164,156.37264615384618
2026-07-31,activation_price,3,119.178215,155.68649350649352
2026-07-31,activation_price,4,129.70435,185.7660554371002
2026-07-31,activation_price,5,130.50726,184.28621333333334
2026-07-31,activation_price,6,150.05072,183.84672727272726
2026-07-31,activation_price,7,143.90277,208.97137931034482
2026-07-31,activation_price,8,143.72824,223.82662650602407
2026-07-31,activation_price,9,147.02231,207.07398406374503
2026-07-31,activation_price,10,126.2953,222.92245283018863
2026-07-31,activation_price,11,92.37338,125.78392241379308
2026-07-31,activation_price,12,93.06431,125.0330701754386
2026-07-31,activation_price,13,71.38312,109.98372093023255
2026-07-31,activation_price,14,63.491493,110.59651851851852
2026-07-31,activation_price,15,69.210846,171.5585759829968
2026-07-31,activation_price,16,116.60391,186.71152008686212
2026-07-31,activation_price,17,154.50124,234.62808219178078
2026-07-31,activation_price,18,161.02127,210.4
2026-07-31,activation_price,19,155.67587,205.26674157303373
2026-07-31,activation_price,20,154.39204,172.9367857142857
2026-07-31,activation_price,21,154.83194,197.65348137535815
2026-07-31,activation_price,22,146.67902,229.96203125000005
2026-07-31,activation_price,23,135.60783,200.98824120603012
2026-08-01,day_ahead_price,0,118.785,169.1850015
2026-08-01,day_ahead_price,1,113.665,162.369999
2026-08-01,day_ahead_price,2,112.62125,156.642498
2026-08-01,day_ahead_price,3,111.020004,154.24500275
2026-08-01,day_ahead_price,4,111.155,154.04249950000002
2026-08-01,day_ahead_price,5,116.35625,155.0025025
2026-08-01,day_ahead_price,6,130.8825,154.31749724999997
2026-08-01,day_ahead_price,7,135.3275,146.42250075
2026-08-01,day_ahead_price,8,119.61,140.47749725
2026-08-01,day_ahead_price,9,98.675,122.7675
2026-08-01,day_ahead_price,10,59.894997,97.51999875
2026-08-01,day_ahead_price,11,31.833752,54.555001749999995
2026-08-01,day_ahead_price,12,17.439999,16.0475
2026-08-01,day_ahead_price,13,10.7725,5.0
2026-08-01,day_ahead_price,14,9.295,3.5774999999999997
2026-08-01,day_ahead_price,15,18.435001,4.9975000000000005
2026-08-01,day_ahead_price,16,65.96125,43.644999999999996
2026-08-01,day_ahead_price,17,94.76,104.909998
2026-08-01,day_ahead_price,18,125.27875,142.70250099999998
2026-08-01,day_ahead_price,19,145.775,167.45000075
2026-08-01,day_ahead_price,20,159.3825,180.67250075
2026-08-01,day_ahead_price,21,152.0025,180.467499
2026-08-01,day_ahead_price,22,139.96,178.54750049999998
2026-08-01,day_ahead_price,23,125.72,170.0
2026-08-01,capacity_price,0,1.2,2.4
2026-08-01,capacity_price,1,0.67,6.1
2026-08-01,capacity_price,2,0.67,20.0
2026-08-01,capacity_price,3,0.67,2.4
2026-08-01,capacity_price,4,1.2,2.5
2026-08-01,capacity_price,5,2.0,2.4
2026-08-01,capacity_price,6,5.35,2.4
2026-08-01,capacity_price,7,6.0,2.4
2026-08-01,capacity_price,8,11.085,2.4
2026-08-01,capacity_price,9,2.58,2.4
2026-08-01,capacity_price,10,2.01,2.4
2026-08-01,capacity_price,11,2.01,2.4
2026-08-01,capacity_price,12,1.2,1.07
2026-08-01,capacity_price,13,0.67,1.07
2026-08-01,capacity_price,14,0.67,1.07
2026-08-01,capacity_price,15,0.93500006,2.01
2026-08-01,capacity_price,16,2.01,2.4
2026-08-01,capacity_price,17,6.69,2.4
2026-08-01,capacity_price,18,13.125,2.4
2026-08-01,capacity_price,19,46.84,2.5
2026-08-01,capacity_price,20,64.705,20.0
2026-08-01,capacity_price,21,13.889999,20.0
2026-08-01,capacity_price,22,2.01,2.4
2026-08-01,capacity_price,23,0.93500006,2.49
2026-08-01,activation_volume,0,13.975,13.85
2026-08-01,activation_volume,1,10.395,13.4
2026-08-01,activation_volume,2,4.09,2.1
2026-08-01,activation_volume,3,2.62,3.93
2026-08-01,activation_volume,4,2.165,1.1600000000000001
2026-08-01,activation_volume,5,4.3,0.6900000000000001
2026-08-01,activation_volume,6,4.77,1.04
2026-08-01,activation_volume,7,3.995,1.37
2026-08-01,activation_volume,8,5.05,2.12
2026-08-01,activation_volume,9,5.2349997,1.07
2026-08-01,activation_volume,10,4.47,2.06
2026-08-01,activation_volume,11,5.95,2.24
2026-08-01,activation_volume,12,7.5600004,1.52
2026-08-01,activation_volume,13,10.83,7.41
2026-08-01,activation_volume,14,4.8149996,0.19999999999999998
2026-08-01,activation_volume,15,5.54,27.04
2026-08-01,activation_volume,16,8.795,6.87
2026-08-01,activation_volume,17,10.344999,2.5
2026-08-01,activation_volume,18,9.34,2.79
2026-08-01,activation_volume,19,5.8050003,3.17
2026-08-01,activation_volume,20,5.64,2.37
2026-08-01,activation_volume,21,5.26,0.89
2026-08-01,activation_volume,22,3.145,0.45
2026-08-01,activation_volume,23,3.27,0.81
2026-08-01,activation_price,0,139.30441,183.47164620938628
2026-08-01,activation_price,1,118.02909,176.50568656716416
2026-08-01,activation_price,2,126.20995,169.0371904761905
2026-08-01,activation_price,3,119.01437,171.0137659033079
2026-08-01,activation_price,4,127.1943,197.41215517241378
2026-08-01,activation_price,5,137.57251,198.12536231884056
2026-08-01,activation_price,6,153.34473,196.8030769230769
2026-08-01,activation_price,7,153.5065,181.043503649635
2026-08-01,activation_price,8,153.74506,195.05018867924525
2026-08-01,activation_price,9,147.02231,177.53570093457944
2026-08-01,activation_price,10,116.12402,211.29320388349515
2026-08-01,activation_price,11,92.878204,181.89299107142855
2026-08-01,activation_price,12,92.370735,27.685526315789474
2026-08-01,activation_price,13,71.81263,20.375654520917678
2026-08-01,activation_price,14,67.752945,1.7400000000000002
2026-08-01,activation_price,15,75.00113,89.29504437869822
2026-08-01,activation_price,16,127.194595,145.52186317321687
2026-08-01,activation_price,17,157.28398,165.71676
2026-08-01,activation_price,18,169.90764,187.011146953405
2026-08-01,activation_price,19,166.76506,211.37340694006306
2026-08-01,activation_price,20,140.67929,220.49607594936708
2026-08-01,activation_price,21,159.99863,208.58988764044943
2026-08-01,activation_price,22,143.37619,216.26022222222224
2026-08-01,activation_price,23,139.08093,188.11345679012342
2026-08-02,day_ahead_price,0,125.1525,169.32250225
2026-08-02,day_ahead_price,1,116.912506,159.86999925
2026-08-02,day_ahead_price,2,114.3925,156.77249925
2026-08-02,day_ahead_price,3,112.6575,154.21249774999998
2026-08-02,day_ahead_price,4,110.61375,153.28499975
2026-08-02,day_ahead_price,5,115.3975,158.82749925000002
2026-08-02,day_ahead_price,6,126.6975,151.1074985
2026-08-02,day_ahead_price,7,121.526245,138.6775
2026-08-02,day_ahead_price,8,112.365,122.180002
2026-08-02,day_ahead_price,9,79.82001,62.084998999999996
2026-08-02,day_ahead_price,10,36.024998,3.06
2026-08-02,day_ahead_price,11,15.334999,0.2725
2026-08-02,day_ahead_price,12,9.6525,2.025
2026-08-02,day_ahead_price,13,6.2025,2.2125
2026-08-02,day_ahead_price,14,7.0525,2.025
2026-08-02,day_ahead_price,15,12.7675,3.72
2026-08-02,day_ahead_price,16,32.107502,8.3075
2026-08-02,day_ahead_price,17,84.95125,92.8375005
2026-08-02,day_ahead_price,18,119.595,146.36499975
2026-08-02,day_ahead_price,19,138.835,176.267498
2026-08-02,day_ahead_price,20,152.7625,185.3425025
2026-08-02,day_ahead_price,21,150.4625,177.11500149999998
2026-08-02,day_ahead_price,22,141.1875,167.0475005
2026-08-02,day_ahead_price,23,128.9975,151.8300015
2026-08-02,capacity_price,0,1.2,2.03
2026-08-02,capacity_price,1,0.67,2.1
2026-08-02,capacity_price,2,0.67,2.1
2026-08-02,capacity_price,3,0.67,2.03
2026-08-02,capacity_price,4,1.2,2.03
2026-08-02,capacity_price,5,2.0,2.03
2026-08-02,capacity_price,6,2.01,2.18
2026-08-02,capacity_price,7,4.0,2.18
2026-08-02,capacity_price,8,6.69,2.18
2026-08-02,capacity_price,9,3.68,2.03
2026-08-02,capacity_price,10,1.34,2.03
2026-08-02,capacity_price,11,1.2,0.54
2026-08-02,capacity_price,12,0.93500006,0.54
2026-08-02,capacity_price,13,0.67,0.54
2026-08-02,capacity_price,14,0.67,0.54
2026-08-02,capacity_price,15,0.70500004,0.54
2026-08-02,capacity_price,16,1.27,2.18
2026-08-02,capacity_price,17,5.35,2.03
2026-08-02,capacity_price,18,12.71,2.18
2026-08-02,capacity_price,19,29.119999,2.1
2026-08-02,capacity_price,20,52.425,14.85
2026-08-02,capacity_price,21,13.889999,14.85
2026-08-02,capacity_price,22,2.01,2.03
2026-08-02,capacity_price,23,1.2,2.03
2026-08-02,activation_volume,0,14.1,5.859999999999999
2026-08-02,activation_volume,1,10.395,15.770000000000001
2026-08-02,activation_volume,2,3.38,22.64
2026-08-02,activation_volume,3,2.15,16.59
2026-08-02,activation_volume,4,1.75,0.6399999999999999
2026-08-02,activation_volume,5,2.35,0.64
2026-08-02,activation_volume,6,3.665,1.57
2026-08-02,activation_volume,7,2.54,0.71
2026-08-02,activation_volume,8,4.485,1.52
2026-08-02,activation_volume,9,5.645,1.45
2026-08-02,activation_volume,10,5.005,6.02
2026-08-02,activation_volume,11,5.27,66.67999999999999
2026-08-02,activation_volume,12,7.06,64.78
2026-08-02,activation_volume,13,8.4,116.17
2026-08-02,activation_volume,14,6.75,27.900000000000002
2026-08-02,activation_volume,15,10.285,8.24
2026-08-02,activation_volume,16,13.5,3.07
2026-08-02,activation_volume,17,9.95,9.379999999999999
2026-08-02,activation_volume,18,9.639999,11.219999999999999
2026-08-02,activation_volume,19,7.6949997,11.969999999999999
2026-08-02,activation_volume,20,5.79,2.6700000000000004
2026-08-02,activation_volume,21,6.365,0.7
2026-08-02,activation_volume,22,4.0,0.69
2026-08-02,activation_volume,23,3.27,1.44
2026-08-02,activation_price,0,139.35916,183.68870307167236
2026-08-02,activation_price,1,124.8474,175.42082435003172
2026-08-02,activation_price,2,126.12188,186.75180212014135
2026-08-02,activation_price,3,119.984604,203.16934900542495
2026-08-02,activation_price,4,122.1696,231.80062500000005
2026-08-02,activation_price,5,131.39346,244.53375
2026-08-02,activation_price,6,151.56274,244.74821656050955
2026-08-02,activation_price,7,150.59421,244.15732394366196
2026-08-02,activation_price,8,145.22844,256.5784210526316
2026-08-02,activation_price,9,154.68507,129.3808275862069
2026-08-02,activation_price,10,96.93622,55.64
2026-08-02,activation_price,11,94.25376,156.56942861427717
2026-08-02,activation_price,12,92.370735,78.84663167644334
2026-08-02,activation_price,13,67.748985,877.7175432555737
2026-08-02,activation_price,14,61.59754,64.42270967741935
2026-08-02,activation_price,15,66.55582,35.44594660194174
2026-08-02,activation_price,16,119.05658,52.983648208469056
2026-08-02,activation_price,17,155.70695,202.98543710021326
2026-08-02,activation_price,18,170.66125,177.06312834224602
2026-08-02,activation_price,19,161.93762,202.73406015037597
2026-08-02,activation_price,20,142.78116,229.37411985018724
2026-08-02,activation_price,21,156.17278,207.6187142857143
2026-08-02,activation_price,22,150.35776,172.63492753623188
2026-08-02,activation_price,23,144.14734,151.93604166666668
2026-08-03,day_ahead_price,0,125.1525,138.65999975
2026-08-03,day_ahead_price,1,116.485,134.27750025
2026-08-03,day_ahead_price,2,114.3375,131.23500075
2026-08-03,day_ahead_price,3,112.91,129.22249625
2026-08-03,day_ahead_price,4,114.735,132.0024985
2026-08-03,day_ahead_price,5,117.34625,142.79750074999998
2026-08-03,day_ahead_price,6,127.5225,168.22250375
2026-08-03,day_ahead_price,7,121.43,164.335003
2026-08-03,day_ahead_price,8,112.315,150.0
2026-08-03,day_ahead_price,9,79.28876,134.40249849999998
2026-08-03,day_ahead_price,10,36.024998,110.1875
2026-08-03,day_ahead_price,11,19.2725,64.52750025
2026-08-03,day_ahead_price,12,14.9875,20.89250025
2026-08-03,day_ahead_price,13,11.19,14.2525005
2026-08-03,day_ahead_price,14,9.295,21.34499975
2026-08-03,day_ahead_price,15,16.72625,59.607501
2026-08-03,day_ahead_price,16,46.205,102.48749925
2026-08-03,day_ahead_price,17,93.69,138.51000225
2026-08-03,day_ahead_price,18,123.08499,161.919998
2026-08-03,day_ahead_price,19,142.2075,198.41749950000002
2026-08-03,day_ahead_price,20,156.3575,203.56999575
2026-08-03,day_ahead_price,21,150.6925,186.4375
2026-08-03,day_ahead_price,22,136.59,172.85749825
2026-08-03,day_ahead_price,23,126.162506,156.22500250000002
2026-08-03,capacity_price,0,1.2,2.03
2026-08-03,capacity_price,1,1.2,2.03
2026-08-03,capacity_price,2,0.67,2.34
2026-08-03,capacity_price,3,0.67,2.03
2026-08-03,capacity_price,4,1.2,2.1
2026-08-03,capacity_price,5,2.01,2.34
2026-08-03,capacity_price,6,6.0,2.03
2026-08-03,capacity_price,7,5.675,2.03
2026-08-03,capacity_price,8,12.27,2.03
2026-08-03,capacity_price,9,3.47,2.1
2026-08-03,capacity_price,10,2.01,2.03
2026-08-03,capacity_price,11,1.2,2.34
2026-08-03,capacity_price,12,1.2,2.34
2026-08-03,capacity_price,13,0.67,2.03
2026-08-03,capacity_price,14,0.67,2.03
2026-08-03,capacity_price,15,0.67,2.03
2026-08-03,capacity_price,16,2.01,2.03
2026-08-03,capacity_price,17,5.35,2.03
2026-08-03,capacity_price,18,12.71,2.03
2026-08-03,capacity_price,19,53.4,2.1
2026-08-03,capacity_price,20,54.44,21.3
2026-08-03,capacity_price,21,27.095001,21.3
2026-08-03,capacity_price,22,4.675,2.03
2026-08-03,capacity_price,23,1.2,2.03
2026-08-03,activation_volume,0,14.77,3.14
2026-08-03,activation_volume,1,12.08,8.6
2026-08-03,activation_volume,2,5.23,0.5199999999999999
2026-08-03,activation_volume,3,2.6750002,0.56
2026-08-03,activation_volume,4,1.7750001,0.99
2026-08-03,activation_volume,5,4.13,3.4299999999999997
2026-08-03,activation_volume,6,4.385,1.27
2026-08-03,activation_volume,7,2.03,0.7
2026-08-03,activation_volume,8,4.135,1.79
2026-08-03,activation_volume,9,6.46,0.09
2026-08-03,activation_volume,10,8.924999,1.04
2026-08-03,activation_volume,11,8.695,14.11
2026-08-03,activation_volume,12,7.53,36.44
2026-08-03,activation_volume,13,12.43,3.7199999999999998
2026-08-03,activation_volume,14,4.97,11.100000000000001
2026-08-03,activation_volume,15,9.35,10.02
2026-08-03,activation_volume,16,13.835,3.53
2026-08-03,activation_volume,17,13.815001,2.45
2026-08-03,activation_volume,18,9.014999,3.63
2026-08-03,activation_volume,19,5.69,0.96
2026-08-03,activation_volume,20,5.03,2.54
2026-08-03,activation_volume,21,5.985,11.0
2026-08-03,activation_volume,22,5.11,5.6499999999999995
2026-08-03,activation_volume,23,3.075,4.29
2026-08-03,activation_price,0,141.84288,138.91299363057325
2026-08-03,activation_price,1,133.39127,125.84765116279071
2026-08-03,activation_price,2,131.57553,149.54346153846154
2026-08-03,activation_price,3,126.04656,149.87392857142854
2026-08-03,activation_price,4,129.00406,154.48777777777778
2026-08-03,activation_price,5,148.75052,1224.0389795918368
2026-08-03,activation_price,6,153.1933,273.1904724409449
2026-08-03,activation_price,7,150.59421,202.23399999999998
2026-08-03,activation_price,8,153.32663,183.42452513966484
2026-08-03,activation_price,9,152.37093,174.47666666666666
2026-08-03,activation_price,10,120.12282,108.22173076923077
2026-08-03,activation_price,11,95.39466,189.68506024096388
2026-08-03,activation_price,12,66.6697,261.94189077936335
2026-08-03,activation_price,13,74.65787,121.99500000000002
2026-08-03,activation_price,14,63.77,151.93030630630628
2026-08-03,activation_price,15,93.44692,189.88973053892215
2026-08-03,activation_price,16,119.50749,280.4848725212465
2026-08-03,activation_price,17,158.30502,224.58448979591833
2026-08-03,activation_price,18,175.00456,207.6604132231405
2026-08-03,activation_price,19,161.21771,236.48125
2026-08-03,activation_price,20,153.93994,211.85830708661416
2026-08-03,activation_price,21,159.9549,213.54972727272732
2026-08-03,activation_price,22,153.05539,327.7161238938054
2026-08-03,activation_price,23,145.90714,206.08958041958044
2026-08-04,day_ahead_price,0,123.1175,153.12000275
2026-08-04,day_ahead_price,1,115.5225,143.80999775
2026-08-04,day_ahead_price,2,113.015,138.102501
2026-08-04,day_ahead_price,3,110.0175,136.300003
2026-08-04,day_ahead_price,4,111.33125,142.29999899999999
2026-08-04,day_ahead_price,5,118.255005,154.59000025
2026-08-04,day_ahead_price,6,131.5925,165.675003
2026-08-04,day_ahead_price,7,134.7975,169.20499825
2026-08-04,day_ahead_price,8,121.225006,161.49000175
2026-08-04,day_ahead_price,9,99.675,146.537504
2026-08-04,day_ahead_price,10,72.59875,124.14499849999999
2026-08-04,day_ahead_price,11,40.64,103.68000025
2026-08-04,day_ahead_price,12,30.4175,87.3125
2026-08-04,day_ahead_price,13,26.824999,76.464998
2026-08-04,day_ahead_price,14,30.05875,84.06250025
2026-08-04,day_ahead_price,15,34.6725,108.675001
2026-08-04,day_ahead_price,16,65.01,125.9450015
2026-08-04,day_ahead_price,17,99.776245,151.35249700000003
2026-08-04,day_ahead_price,18,125.7575,167.5600015
2026-08-04,day_ahead_price,19,143.78,226.829998
2026-08-04,day_ahead_price,20,154.6,239.55249775000001
2026-08-04,day_ahead_price,21,150.6925,212.0
2026-08-04,day_ahead_price,22,141.63126,184.67499525
2026-08-04,day_ahead_price,23,129.6325,161.68500125
2026-08-04,capacity_price,0,1.2,2.01
2026-08-04,capacity_price,1,0.67,2.0
2026-08-04,capacity_price,2,0.67,2.0
2026-08-04,capacity_price,3,0.67,2.01
2026-08-04,capacity_price,4,1.2,2.37
2026-08-04,capacity_price,5,2.0,2.37
2026-08-04,capacity_price,6,3.81,2.37
2026-08-04,capacity_price,7,6.0,2.37
2026-08-04,capacity_price,8,9.9,2.37
2026-08-04,capacity_price,9,6.0,2.37
2026-08-04,capacity_price,10,2.94,2.49
2026-08-04,capacity_price,11,1.34,2.37
2026-08-04,capacity_price,12,1.2,2.37
2026-08-04,capacity_price,13,0.67,2.37
2026-08-04,capacity_price,14,0.75,2.37
2026-08-04,capacity_price,15,1.2,2.37
2026-08-04,capacity_price,16,2.475,2.37
2026-08-04,capacity_price,17,12.58,2.49
2026-08-04,capacity_price,18,12.845,2.37
2026-08-04,capacity_price,19,54.265,20.0
2026-08-04,capacity_price,20,67.59,31.7
2026-08-04,capacity_price,21,31.73,2.37
2026-08-04,capacity_price,22,4.0,2.37
2026-08-04,capacity_price,23,1.2,2.01
2026-08-04,activation_volume,0,15.889999,5.59
2026-08-04,activation_volume,1,12.18,9.979999999999999
2026-08-04,activation_volume,2,4.085,0.7699999999999999
2026-08-04,activation_volume,3,2.23,3.5300000000000002
2026-08-04,activation_volume,4,2.2,0.41
2026-08-04,activation_volume,5,4.21,0.0
2026-08-04,activation_volume,6,4.34,1.3800000000000001
2026-08-04,activation_volume,7,2.155,5.73
2026-08-04,activation_volume,8,4.12,7.6000000000000005
2026-08-04,activation_volume,9,4.66,0.07
2026-08-04,activation_volume,10,4.4,0.0
2026-08-04,activation_volume,11,4.7200003,0.0
2026-08-04,activation_volume,12,9.075,22.25
2026-08-04,activation_volume,13,9.61,21.27
2026-08-04,activation_volume,14,9.28,12.06
2026-08-04,activation_volume,15,9.885,3.34
2026-08-04,activation_volume,16,9.45,5.5600000000000005
2026-08-04,activation_volume,17,6.4449997,4.66
2026-08-04,activation_volume,18,8.635,3.62
2026-08-04,activation_volume,19,5.8,17.59
2026-08-04,activation_volume,20,6.94,13.31
2026-08-04,activation_volume,21,4.87,5.0600000000000005
2026-08-04,activation_volume,22,3.305,25.16
2026-08-04,activation_volume,23,3.575,3.0799999999999996
2026-08-04,activation_price,0,143.94931,175.23779964221825
2026-08-04,activation_price,1,120.74509,159.92877755511023
2026-08-04,activation_price,2,131.57553,162.9479220779221
2026-08-04,activation_price,3,121.49034,164.73328611898017
2026-08-04,activation_price,4,130.15912,155.64
2026-08-04,activation_price,5,147.38376,
2026-08-04,activation_price,6,161.09138,206.65239130434784
2026-08-04,activation_price,7,153.81885,197.19794066317624
2026-08-04,activation_price,8,154.91939,323.3011315789474
2026-08-04,activation_price,9,155.21304,178.69
2026-08-04,activation_price,10,128.30746,
2026-08-04,activation_price,11,90.37694,
2026-08-04,activation_price,12,93.06431,1183.3447191011237
2026-08-04,activation_price,13,82.16579,128.27530794546308
2026-08-04,activation_price,14,90.03214,260.39340796019894
2026-08-04,activation_price,15,92.79379,186.83365269461078
2026-08-04,activation_price,16,131.63,183.2855035971223
2026-08-04,activation_price,17,156.8162,219.77448497854078
2026-08-04,activation_price,18,174.88586,230.02530386740335
2026-08-04,activation_price,19,166.82092,468.32819215463337
2026-08-04,activation_price,20,155.66415,296.8765063861758
2026-08-04,activation_price,21,159.02104,316.36776679841887
2026-08-04,activation_price,22,145.70174,466.12779809220996
2026-08-04,activation_price,23,144.44243,209.5813961038961
2026-08-05,day_ahead_price,0,123.729996,154.36000075
2026-08-05,day_ahead_price,1,116.25875,148.74499525
2026-08-05,day_ahead_price,2,114.037506,147.192501
2026-08-05,day_ahead_price,3,112.44625,143.345001
2026-08-05,day_ahead_price,4,112.192505,138.07749575
2026-08-05,day_ahead_price,5,117.049995,136.19750225
2026-08-05,day_ahead_price,6,127.7575,138.99999649999998
2026-08-05,day_ahead_price,7,125.683754,149.19499975
2026-08-05,day_ahead_price,8,118.9475,138.92500124999998
2026-08-05,day_ahead_price,9,95.573746,112.03750050000001
2026-08-05,day_ahead_price,10,59.894997,64.7424995
2026-08-05,day_ahead_price,11,35.5975,9.665000000000001
2026-08-05,day_ahead_price,12,26.677502,2.6700000000000004
2026-08-05,day_ahead_price,13,21.173752,2.705
2026-08-05,day_ahead_price,14,21.568748,2.4625000000000004
2026-08-05,day_ahead_price,15,26.0,0.5800000000000001
2026-08-05,day_ahead_price,16,52.0975,7.765000000000001
2026-08-05,day_ahead_price,17,95.167496,60.38249975000001
2026-08-05,day_ahead_price,18,124.63125,119.89499849999999
2026-08-05,day_ahead_price,19,142.2075,158.53000275
2026-08-05,day_ahead_price,20,160.5525,169.09999875
2026-08-05,day_ahead_price,21,152.77625,173.01250075000002
2026-08-05,day_ahead_price,22,141.69626,168.07499725
2026-08-05,day_ahead_price,23,128.9975,157.170002
2026-08-05,capacity_price,0,1.2,2.01
2026-08-05,capacity_price,1,0.67,1.2
2026-08-05,capacity_price,2,0.67,2.02
2026-08-05,capacity_price,3,0.67,2.17
2026-08-05,capacity_price,4,1.2,2.17
2026-08-05,capacity_price,5,2.0,2.17
2026-08-05,capacity_price,6,4.68,2.17
2026-08-05,capacity_price,7,6.0,2.17
2026-08-05,capacity_price,8,6.69,2.17
2026-08-05,capacity_price,9,2.01,2.17
2026-08-05,capacity_price,10,2.01,2.17
2026-08-05,capacity_price,11,1.2,2.17
2026-08-05,capacity_price,12,0.67,2.01
2026-08-05,capacity_price,13,0.67,2.02
2026-08-05,capacity_price,14,0.67,2.01
2026-08-05,capacity_price,15,0.67,2.01
2026-08-05,capacity_price,16,2.01,2.17
2026-08-05,capacity_price,17,6.21,2.17
2026-08-05,capacity_price,18,12.71,2.17
2026-08-05,capacity_price,19,48.305,2.17
2026-08-05,capacity_price,20,56.74,2.17
2026-08-05,capacity_price,21,20.07,18.1
2026-08-05,capacity_price,22,3.005,18.1
2026-08-05,capacity_price,23,1.2,2.02
2026-08-05,activation_volume,0,13.995,3.6799999999999997
2026-08-05,activation_volume,1,9.985001,1.8900000000000001
2026-08-05,activation_volume,2,4.84,1.3399999999999999
2026-08-05,activation_volume,3,2.53,3.9899999999999998
2026-08-05,activation_volume,4,1.89,7.549999999999999
2026-08-05,activation_volume,5,4.47,8.879999999999999
2026-08-05,activation_volume,6,3.07,4.0
2026-08-05,activation_volume,7,2.55,9.09
2026-08-05,activation_volume,8,4.205,9.68
2026-08-05,activation_volume,9,6.46,1.4900000000000002
2026-08-05,activation_volume,10,4.47,5.34
2026-08-05,activation_volume,11,5.925,16.18
2026-08-05,activation_volume,12,7.87,5.56
2026-08-05,activation_volume,13,13.965,11.75
2026-08-05,activation_volume,14,6.9049997,10.58
2026-08-05,activation_volume,15,11.56,4.4
2026-08-05,activation_volume,16,14.355,26.33
2026-08-05,activation_volume,17,10.594999,0.65
2026-08-05,activation_volume,18,8.88,4.59
2026-08-05,activation_volume,19,3.7350001,2.52
2026-08-05,activation_volume,20,5.39,10.12
2026-08-05,activation_volume,21,5.395,25.0
2026-08-05,activation_volume,22,3.72,26.259999999999998
2026-08-05,activation_volume,23,4.075,14.18
2026-08-05,activation_price,0,140.41891,168.468097826087
2026-08-05,activation_price,1,123.32891,124.31661375661373
2026-08-05,activation_price,2,130.8279,184.46477611940298
2026-08-05,activation_price,3,125.05783,207.50829573934837
2026-08-05,activation_price,4,129.07852,202.76806622516557
2026-08-05,activation_price,5,139.04807,209.2345945945946
2026-08-05,activation_price,6,150.05072,220.84770000000003
2026-08-05,activation_price,7,154.7745,238.3732893289329
2026-08-05,activation_price,8,143.84732,298.08256198347107
2026-08-05,activation_price,9,149.26837,295.57671140939595
2026-08-05,activation_price,10,116.12402,189.52312734082398
2026-08-05,activation_price,11,82.312744,33.09978986402966
2026-08-05,activation_price,12,80.60529,17.627823741007195
2026-08-05,activation_price,13,76.643135,36.49148936170213
2026-08-05,activation_price,14,71.370316,39.322797731569004
2026-08-05,activation_price,15,99.469925,27.76854545454545
2026-08-05,activation_price,16,129.02866,120.62046714774021
2026-08-05,activation_price,17,162.39694,23.39
2026-08-05,activation_price,18,170.46631,192.88588235294122
2026-08-05,activation_price,19,166.57,171.67690476190478
2026-08-05,activation_price,20,154.16599,278.12820158102767
2026-08-05,activation_price,21,158.10127,360.85007200000007
2026-08-05,activation_price,22,151.28049,445.84641660319875
2026-08-05,activation_price,23,136.74818,269.3110860366714
2026-08-06,day_ahead_price,0,123.11875,148.37500025
2026-08-06,day_ahead_price,1,115.7775,141.60999700000002
2026-08-06,day_ahead_price,2,113.45125,127.55000125
2026-08-06,day_ahead_price,3,112.995,121.12999925000001
2026-08-06,day_ahead_price,4,113.0925,116.82750125
2026-08-06,day_ahead_price,5,116.8975,119.034998
2026-08-06,day_ahead_price,6,128.6925,123.00000200000001
2026-08-06,day_ahead_price,7,125.995,126.44999899999999
2026-08-06,day_ahead_price,8,115.625,108.7299995
2026-08-06,day_ahead_price,9,93.95875,84.56000049999999
2026-08-06,day_ahead_price,10,65.01375,25.3000005
2026-08-06,day_ahead_price,11,32.760002,0.39
2026-08-06,day_ahead_price,12,16.20875,0.10750000000000001
2026-08-06,day_ahead_price,13,11.89625,1.3525
2026-08-06,day_ahead_price,14,16.93,1.4600000000000002
2026-08-06,day_ahead_price,15,32.6,0.025
2026-08-06,day_ahead_price,16,68.57625,0.015
2026-08-06,day_ahead_price,17,101.34,34.6425005
2026-08-06,day_ahead_price,18,126.948746,80.0
2026-08-06,day_ahead_price,19,144.98375,107.57250025000002
2026-08-06,day_ahead_price,20,156.915,125.23499725
2026-08-06,day_ahead_price,21,154.32,128.59249875
2026-08-06,day_ahead_price,22,141.63126,136.640003
2026-08-06,day_ahead_price,23,127.81125,135.097504
2026-08-06,capacity_price,0,1.2,2.16
2026-08-06,capacity_price,1,0.87,1.2
2026-08-06,capacity_price,2,0.67,0.67
2026-08-06,capacity_price,3,0.67,2.16
2026-08-06,capacity_price,4,1.2,2.15
2026-08-06,capacity_price,5,2.0,2.15
2026-08-06,capacity_price,6,2.01,2.11
2026-08-06,capacity_price,7,6.0,2.15
2026-08-06,capacity_price,8,6.05,2.11
2026-08-06,capacity_price,9,3.675,2.11
2026-08-06,capacity_price,10,2.01,2.11
2026-08-06,capacity_price,11,1.27,2.11
2026-08-06,capacity_price,12,1.07,2.01
2026-08-06,capacity_price,13,0.67,2.01
2026-08-06,capacity_price,14,0.67,6.2
2026-08-06,capacity_price,15,0.67,6.94
2026-08-06,capacity_price,16,1.2,2.11
2026-08-06,capacity_price,17,6.21,2.16
2026-08-06,capacity_price,18,12.71,2.11
2026-08-06,capacity_price,19,46.84,2.15
2026-08-06,capacity_price,20,56.03,2.15
2026-08-06,capacity_price,21,18.365,2.11
2026-08-06,capacity_price,22,2.01,57.52
2026-08-06,capacity_price,23,1.2,2.01
2026-08-06,activation_volume,0,10.31,4.55
2026-08-06,activation_volume,1,9.615,6.8500000000000005
2026-08-06,activation_volume,2,3.63,10.71
2026-08-06,activation_volume,3,2.22,2.55
2026-08-06,activation_volume,4,1.65,11.84
2026-08-06,activation_volume,5,2.35,3.55
2026-08-06,activation_volume,6,2.625,3.1300000000000003
2026-08-06,activation_volume,7,2.005,0.0
2026-08-06,activation_volume,8,4.135,0.0
2026-08-06,activation_volume,9,5.98,6.95
2026-08-06,activation_volume,10,4.25,1.11
2026-08-06,activation_volume,11,4.86,61.04
2026-08-06,activation_volume,12,7.06,56.69
2026-08-06,activation_volume,13,8.25,0.98
2026-08-06,activation_volume,14,8.57,0.09
2026-08-06,activation_volume,15,7.48,21.599999999999998
2026-08-06,activation_volume,16,13.275,57.05
2026-08-06,activation_volume,17,12.78,3.33
2026-08-06,activation_volume,18,8.22,10.379999999999999
2026-08-06,activation_volume,19,5.58,1.18
2026-08-06,activation_volume,20,4.92,1.14
2026-08-06,activation_volume,21,4.685,4.96
2026-08-06,activation_volume,22,3.92,0.29000000000000004
2026-08-06,activation_volume,23,4.035,0.0
2026-08-06,activation_price,0,136.89166,177.6413186813187
2026-08-06,activation_price,1,119.08498,167.51966423357663
2026-08-06,activation_price,2,121.878395,168.1119607843137
2026-08-06,activation_price,3,120.86478,169.60752941176472
2026-08-06,activation_price,4,124.791306,182.0429054054054
2026-08-06,activation_price,5,137.05032,191.50726760563379
2026-08-06,activation_price,6,154.48901,221.76309904153354
2026-08-06,activation_price,7,151.96396,
2026-08-06,activation_price,8,146.97678,
2026-08-06,activation_price,9,152.37093,261.8876258992806
2026-08-06,activation_price,10,123.792816,193.52639639639642
2026-08-06,activation_price,11,94.019104,1153.8572247706422
2026-08-06,activation_price,12,93.432236,158.0388393014641
2026-08-06,activation_price,13,76.36988,284.3548979591837
2026-08-06,activation_price,14,63.96424,5.58
2026-08-06,activation_price,15,80.130104,68.64155092592593
2026-08-06,activation_price,16,132.4108,138.34817528483788
2026-08-06,activation_price,17,160.30124,74.10606606606608
2026-08-06,activation_price,18,170.66125,134.01056840077072
2026-08-06,activation_price,19,168.14948,30.63050847457627
2026-08-06,activation_price,20,156.30089,167.72736842105266
2026-08-06,activation_price,21,163.47708,225.54949596774193
2026-08-06,activation_price,22,143.69183,175.8255172413793
2026-08-06,activation_price,23,136.74818,
2026-08-07,day_ahead_price,0,124.7325,130.38750075
2026-08-07,day_ahead_price,1,117.71875,128.277502
2026-08-07,day_ahead_price,2,114.3375,128.0949975
2026-08-07,day_ahead_price,3,112.91,125.41250025
2026-08-07,day_ahead_price,4,112.9175,125.26750150000001
2026-08-07,day_ahead_price,5,118.4875,131.64749924999998
2026-08-07,day_ahead_price,6,129.8675,142.33749749999998
2026-08-07,day_ahead_price,7,125.995,147.11999874999998
2026-08-07,day_ahead_price,8,113.865005,142.875002
2026-08-07,day_ahead_price,9,83.0275,125.99999825
2026-08-07,day_ahead_price,10,56.143753,101.13499825
2026-08-07,day_ahead_price,11,27.2975,66.3324985
2026-08-07,day_ahead_price,12,17.22625,31.0024995
2026-08-07,day_ahead_price,13,11.89625,16.747500249999998
2026-08-07,day_ahead_price,14,16.895,21.614999750000003
2026-08-07,day_ahead_price,15,18.14125,46.53249825
2026-08-07,day_ahead_price,16,57.276253,85.69750025
2026-08-07,day_ahead_price,17,95.99375,115.50500100000001
2026-08-07,day_ahead_price,18,123.705,140.87250125000003
2026-08-07,day_ahead_price,19,145.73625,170.22999975
2026-08-07,day_ahead_price,20,156.3575,196.39749874999998
2026-08-07,day_ahead_price,21,149.1325,195.09749975000003
2026-08-07,day_ahead_price,22,138.45874,178.39750275
2026-08-07,day_ahead_price,23,126.05,165.72249575
2026-08-07,capacity_price,0,1.2,1.2
2026-08-07,capacity_price,1,0.67,2.15
2026-08-07,capacity_price,2,0.67,1.2
2026-08-07,capacity_price,3,0.67,2.28
2026-08-07,capacity_price,4,1.2,2.37
2026-08-07,capacity_price,5,2.0,2.37
2026-08-07,capacity_price,6,5.35,2.37
2026-08-07,capacity_price,7,6.895,2.37
2026-08-07,capacity_price,8,12.025,2.37
2026-08-07,capacity_price,9,2.01,2.48
2026-08-07,capacity_price,10,3.1399999,2.37
2026-08-07,capacity_price,11,1.675,2.37
2026-08-07,capacity_price,12,1.2,7.89
2026-08-07,capacity_price,13,1.2,7.89
2026-08-07,capacity_price,14,0.67,2.68
2026-08-07,capacity_price,15,1.2,2.37
2026-08-07,capacity_price,16,2.01,2.37
2026-08-07,capacity_price,17,6.14,2.37
2026-08-07,capacity_price,18,15.055,2.37
2026-08-07,capacity_price,19,62.97,2.37
2026-08-07,capacity_price,20,65.235,2.37
2026-08-07,capacity_price,21,26.89,11.3
2026-08-07,capacity_price,22,3.005,11.3
2026-08-07,capacity_price,23,1.2,2.37
2026-08-07,activation_volume,0,15.13,0.9400000000000001
2026-08-07,activation_volume,1,10.87,0.0
2026-08-07,activation_volume,2,4.24,11.77
2026-08-07,activation_volume,3,2.585,3.21
2026-08-07,activation_volume,4,1.75,1.27
2026-08-07,activation_volume,5,3.73,1.6400000000000001
2026-08-07,activation_volume,6,5.395,2.21
2026-08-07,activation_volume,7,2.11,2.73
2026-08-07,activation_volume,8,4.135,3.2299999999999995
2026-08-07,activation_volume,9,5.71,2.1799999999999997
2026-08-07,activation_volume,10,4.47,48.06000000000001
2026-08-07,activation_volume,11,5.27,14.46
2026-08-07,activation_volume,12,10.17,21.040000000000003
2026-08-07,activation_volume,13,11.545,1.28
2026-08-07,activation_volume,14,8.03,14.399999999999999
2026-08-07,activation_volume,15,9.53,5.5200000000000005
2026-08-07,activation_volume,16,10.584999,3.14
2026-08-07,activation_volume,17,7.52,10.01
2026-08-07,activation_volume,18,11.18,3.9800000000000004
2026-08-07,activation_volume,19,5.2,1.95
2026-08-07,activation_volume,20,4.4,2.9699999999999998
2026-08-07,activation_volume,21,4.73,1.8599999999999999
2026-08-07,activation_volume,22,4.1400003,8.370000000000001
2026-08-07,activation_volume,23,2.67,1.1
2026-08-07,activation_price,0,139.89749,163.03851063829785
2026-08-07,activation_price,1,123.32891,
2026-08-07,activation_price,2,125.97405,160.4508326253186
2026-08-07,activation_price,3,121.983795,144.1690342679128
2026-08-07,activation_price,4,131.54471,172.19582677165351
2026-08-07,activation_price,5,149.76965,210.76420731707316
2026-08-07,activation_price,6,163.20966,266.8381447963801
2026-08-07,activation_price,7,139.9779,211.39520146520144
2026-08-07,activation_price,8,159.74731,183.43826625386998
2026-08-07,activation_price,9,161.2176,165.8792660550459
2026-08-07,activation_price,10,98.80093,378.9911194340408
2026-08-07,activation_price,11,91.86857,283.50329183955745
2026-08-07,activation_price,12,68.5019,167.3099239543726
2026-08-07,activation_price,13,71.93356,60.0809375
2026-08-07,activation_price,14,55.498116,108.76280555555557
2026-08-07,activation_price,15,93.44692,149.40798913043477
2026-08-07,activation_price,16,124.30847,222.6731210191083
2026-08-07,activation_price,17,156.83829,178.61787212787212
2026-08-07,activation_price,18,175.00456,176.2711306532663
2026-08-07,activation_price,19,158.72684,278.8828205128205
2026-08-07,activation_price,20,155.56577,199.58986531986537
2026-08-07,activation_price,21,157.3117,205.4981182795699
2026-08-07,activation_price,22,145.70174,207.75768219832733
2026-08-07,activation_price,23,132.17282,165.30254545454542
2026-08-08,day_ahead_price,0,123.425,155.23249825
2026-08-08,day_ahead_price,1,116.485,148.694996
2026-08-08,day_ahead_price,2,114.037506,144.85999700000002
2026-08-08,day_ahead_price,3,111.72625,143.6399995
2026-08-08,day_ahead_price,4,111.4675,141.51750175
2026-08-08,day_ahead_price,5,117.6825,144.334999
2026-08-08,day_ahead_price,6,127.5225,146.04000075
2026-08-08,day_ahead_price,7,125.372505,137.6974965
2026-08-08,day_ahead_price,8,118.2575,115.0324995
2026-08-08,day_ahead_price,9,92.8625,62.5449995
2026-08-08,day_ahead_price,10,65.01375,4.5125
2026-08-08,day_ahead_price,11,38.13375,1.885
2026-08-08,day_ahead_price,12,23.6625,1.0250000000000001
2026-08-08,day_ahead_price,13,13.498751,0.0
2026-08-08,day_ahead_price,14,16.9125,0.5525
2026-08-08,day_ahead_price,15,26.0,0.7125
2026-08-08,day_ahead_price,16,59.003754,1.6824999999999999
2026-08-08,day_ahead_price,17,98.32125,67.76750150000001
2026-08-08,day_ahead_price,18,123.189995,139.1875
2026-08-08,day_ahead_price,19,142.6375,167.2800025
2026-08-08,day_ahead_price,20,151.725,183.94750175
2026-08-08,day_ahead_price,21,150.4625,179.42000199999998
2026-08-08,day_ahead_price,22,140.57376,170.84999475
2026-08-08,day_ahead_price,23,127.225,154.420002
2026-08-08,capacity_price,0,1.2,2.12
2026-08-08,capacity_price,1,1.135,2.12
2026-08-08,capacity_price,2,0.67,2.12
2026-08-08,capacity_price,3,0.67,2.12
2026-08-08,capacity_price,4,1.2,6.0
2026-08-08,capacity_price,5,2.0,2.42
2026-08-08,capacity_price,6,5.35,2.42
2026-08-08,capacity_price,7,5.0,2.42
2026-08-08,capacity_price,8,9.5,2.45
2026-08-08,capacity_price,9,3.29,2.42
2026-08-08,capacity_price,10,2.01,2.42
2026-08-08,capacity_price,11,1.27,2.01
2026-08-08,capacity_price,12,1.2,1.2
2026-08-08,capacity_price,13,0.67,0.31
2026-08-08,capacity_price,14,0.67,0.2
2026-08-08,capacity_price,15,0.70500004,2.45
2026-08-08,capacity_price,16,2.01,7.51
2026-08-08,capacity_price,17,6.0,2.42
2026-08-08,capacity_price,18,12.775,2.45
2026-08-08,capacity_price,19,57.205,13.38
2026-08-08,capacity_price,20,65.84,2.42
2026-08-08,capacity_price,21,33.46,2.42
2026-08-08,capacity_price,22,4.0,21.9
2026-08-08,capacity_price,23,1.2,2.42
2026-08-08,activation_volume,0,14.77,2.5
2026-08-08,activation_volume,1,11.59,4.26
2026-08-08,activation_volume,2,4.62,1.9899999999999998
2026-08-08,activation_volume,3,3.17,0.44
2026-08-08,activation_volume,4,2.115,0.8599999999999999
2026-08-08,activation_volume,5,3.61,3.6399999999999997
2026-08-08,activation_volume,6,2.82,3.2199999999999998
2026-08-08,activation_volume,7,2.51,1.19
2026-08-08,activation_volume,8,3.7350001,0.62
2026-08-08,activation_volume,9,6.1099997,0.44
2026-08-08,activation_volume,10,5.005,0.35
2026-08-08,activation_volume,11,4.7200003,0.27
2026-08-08,activation_volume,12,7.2650003,0.0
2026-08-08,activation_volume,13,12.43,0.01
2026-08-08,activation_volume,14,9.075,0.22
2026-08-08,activation_volume,15,5.75,0.01
2026-08-08,activation_volume,16,9.74,7.6499999999999995
2026-08-08,activation_volume,17,6.74,10.15
2026-08-08,activation_volume,18,8.84,3.08
2026-08-08,activation_volume,19,4.455,8.08
2026-08-08,activation_volume,20,4.425,2.17
2026-08-08,activation_volume,21,5.615,0.62
2026-08-08,activation_volume,22,3.72,1.3800000000000001
2026-08-08,activation_volume,23,3.395,2.73
2026-08-08,activation_price,0,139.31287,167.01108
2026-08-08,activation_price,1,123.32891,138.77084507042252
2026-08-08,activation_price,2,122.718834,156.6359798994975
2026-08-08,activation_price,3,120.047424,144.32863636363635
2026-08-08,activation_price,4,129.00406,145.86558139534887
2026-08-08,activation_price,5,138.57138,160.5484065934066
2026-08-08,activation_price,6,152.5114,196.1914906832298
2026-08-08,activation_price,7,148.01743,181.3890756302521
2026-08-08,activation_price,8,143.84732,150.57919354838708
2026-08-08,activation_price,9,143.66022,169.43
2026-08-08,activation_price,10,124.77,12.577428571428571
2026-08-08,activation_price,11,95.16,4.24
2026-08-08,activation_price,12,83.656,
2026-08-08,activation_price,13,78.150246,0.29
2026-08-08,activation_price,14,64.43699,0.09090909090909093
2026-08-08,activation_price,15,85.35591,-1.34
2026-08-08,activation_price,16,121.63093,18.7740522875817
2026-08-08,activation_price,17,155.1041,146.5873300492611
2026-08-08,activation_price,18,165.73482,185.32626623376626
2026-08-08,activation_price,19,161.21771,188.63527227722776
2026-08-08,activation_price,20,139.46564,169.18124423963133
2026-08-08,activation_price,21,149.10515,179.6882258064516
2026-08-08,activation_price,22,143.95995,148.01159420289855
2026-08-08,activation_price,23,142.63297,161.72802197802199
2026-08-09,day_ahead_price,0,125.1525,145.27499775
2026-08-09,day_ahead_price,1,116.485,139.34499725
2026-08-09,day_ahead_price,2,115.2575,136.442501
2026-08-09,day_ahead_price,3,115.05375,133.95000075000002
2026-08-09,day_ahead_price,4,114.6225,134.02750025
2026-08-09,day_ahead_price,5,120.2225,135.0000035
2026-08-09,day_ahead_price,6,133.005,131.79749875
2026-08-09,day_ahead_price,7,133.30124,118.07250225
2026-08-09,day_ahead_price,8,120.13875,91.59250175
2026-08-09,day_ahead_price,9,98.675,27.287500249999997
2026-08-09,day_ahead_price,10,80.3775,0.44000000000000006
2026-08-09,day_ahead_price,11,53.0375,0.09250000000000001
2026-08-09,day_ahead_price,12,35.80875,0.0225
2026-08-09,day_ahead_price,13,31.72625,0.0
2026-08-09,day_ahead_price,14,27.199999,-0.01
2026-08-09,day_ahead_price,15,45.8125,-0.015000000000000001
2026-08-09,day_ahead_price,16,73.479996,3.8049999999999997
2026-08-09,day_ahead_price,17,102.31,81.90000025
2026-08-09,day_ahead_price,18,127.265,150.58249849999999
2026-08-09,day_ahead_price,19,147.455,167.98749925
2026-08-09,day_ahead_price,20,160.95,175.60749800000002
2026-08-09,day_ahead_price,21,153.2275,174.13249625
2026-08-09,day_ahead_price,22,144.42,170.00000375
2026-08-09,day_ahead_price,23,130.35875,157.0
2026-08-09,capacity_price,0,1.2,2.19
2026-08-09,capacity_price,1,0.67,2.01
2026-08-09,capacity_price,2,0.67,2.0
2026-08-09,capacity_price,3,0.67,2.41
2026-08-09,capacity_price,4,1.2,2.41
2026-08-09,capacity_price,5,2.0,2.19
2026-08-09,capacity_price,6,2.23,2.19
2026-08-09,capacity_price,7,6.0,2.19
2026-08-09,capacity_price,8,5.0,2.19
2026-08-09,capacity_price,9,2.76,2.48
2026-08-09,capacity_price,10,2.01,2.21
2026-08-09,capacity_price,11,1.2,0.54
2026-08-09,capacity_price,12,1.2,0.2
2026-08-09,capacity_price,13,0.67,0.2
2026-08-09,capacity_price,14,0.67,0.2
2026-08-09,capacity_price,15,1.2,0.2
2026-08-09,capacity_price,16,2.01,2.48
2026-08-09,capacity_price,17,6.0699997,2.19
2026-08-09,capacity_price,18,12.0,2.19
2026-08-09,capacity_price,19,47.635002,2.41
2026-08-09,capacity_price,20,56.74,2.19
2026-08-09,capacity_price,21,26.645,2.19
2026-08-09,capacity_price,22,5.3450003,15.1
2026-08-09,capacity_price,23,1.2,15.1
2026-08-09,activation_volume,0,13.155,3.13
2026-08-09,activation_volume,1,12.005,0.0
2026-08-09,activation_volume,2,2.2150002,4.18
2026-08-09,activation_volume,3,1.86,0.46
2026-08-09,activation_volume,4,1.67,0.9
2026-08-09,activation_volume,5,3.2649999,0.08
2026-08-09,activation_volume,6,4.34,1.4100000000000001
2026-08-09,activation_volume,7,2.06,0.43000000000000005
2026-08-09,activation_volume,8,3.2,0.7
2026-08-09,activation_volume,9,4.1099997,7.27
2026-08-09,activation_volume,10,3.685,11.18
2026-08-09,activation_volume,11,4.565,9.35
2026-08-09,activation_volume,12,5.09,1.3800000000000001
2026-08-09,activation_volume,13,10.53,0.56
2026-08-09,activation_volume,14,9.075,3.5499999999999994
2026-08-09,activation_volume,15,9.075,34.95
2026-08-09,activation_volume,16,9.55,42.31999999999999
2026-08-09,activation_volume,17,6.9049997,11.89
2026-08-09,activation_volume,18,7.775,3.51
2026-08-09,activation_volume,19,5.58,1.08
2026-08-09,activation_volume,20,4.92,1.49
2026-08-09,activation_volume,21,6.715,2.21
2026-08-09,activation_volume,22,5.73,0.38
2026-08-09,activation_volume,23,2.955,0.38
2026-08-09,activation_price,0,143.33829,156.94361022364217
2026-08-09,activation_price,1,125.82911,
2026-08-09,activation_price,2,128.58989,154.882009569378
2026-08-09,activation_price,3,123.671646,165.59391304347827
2026-08-09,activation_price,4,129.77603,166.27299999999997
2026-08-09,activation_price,5,149.76965,166.76375000000002
2026-08-09,activation_price,6,160.74829,169.06624113475175
2026-08-09,activation_price,7,153.74905,182.31325581395348
2026-08-09,activation_price,8,157.48514,166.6794285714286
2026-08-09,activation_price,9,154.94907,133.44986244841817
2026-08-09,activation_price,10,134.06744,56.76056350626118
2026-08-09,activation_price,11,95.58708,37.06871657754011
2026-08-09,activation_price,12,92.370735,4.094202898550724
2026-08-09,activation_price,13,91.80623,1.3492857142857142
2026-08-09,activation_price,14,90.35118,10.308394366197184
2026-08-09,activation_price,15,117.53075,131.88138483547925
2026-08-09,activation_price,16,138.29878,425.60445888468814
2026-08-09,activation_price,17,165.14525,223.08786375105132
2026-08-09,activation_price,18,176.75356,198.67105413105415
2026-08-09,activation_price,19,166.8768,190.0612962962963
2026-08-09,activation_price,20,156.30089,185.54785234899333
2026-08-09,activation_price,21,159.99863,187.05665158371042
2026-08-09,activation_price,22,153.05539,201.97026315789472
2026-08-09,activation_price,23,147.37183,179.97
2026-08-10,day_ahead_price,0,127.9025,146.375
2026-08-10,day_ahead_price,1,120.005,137.64500049999998
2026-08-10,day_ahead_price,2,115.565,131.16750150000001
2026-08-10,day_ahead_price,3,115.6625,126.73249999999999
2026-08-10,day_ahead_price,4,114.564995,127.430002
2026-08-10,day_ahead_price,5,117.74126,143.07500075000002
2026-08-10,day_ahead_price,6,125.8925,163.26499925
2026-08-10,day_ahead_price,7,119.3,164.71250149999997
2026-08-10,day_ahead_price,8,112.365,160.88500225
2026-08-10,day_ahead_price,9,77.05625,138.88249975
2026-08-10,day_ahead_price,10,27.8075,111.72999949999999
2026-08-10,day_ahead_price,11,13.9125,79.307501
2026-08-10,day_ahead_price,12,9.84875,39.254999749999996
2026-08-10,day_ahead_price,13,7.1275,10.937500250000001
2026-08-10,day_ahead_price,14,5.295,7.5425
2026-08-10,day_ahead_price,15,16.154999,10.165
2026-08-10,day_ahead_price,16,52.0975,42.200001
2026-08-10,day_ahead_price,17,92.2475,58.79999925
2026-08-10,day_ahead_price,18,120.39625,85.21999925
2026-08-10,day_ahead_price,19,142.2075,123.79999925
2026-08-10,day_ahead_price,20,157.815,135.00000375000002
2026-08-10,day_ahead_price,21,153.2275,135.8174975
2026-08-10,day_ahead_price,22,144.42,132.46999749999998
2026-08-10,day_ahead_price,23,129.6325,127.45750050000001
2026-08-10,capacity_price,0,1.2,13.38
2026-08-10,capacity_price,1,0.87,2.0
2026-08-10,capacity_price,2,0.67,2.14
2026-08-10,capacity_price,3,0.67,2.13
2026-08-10,capacity_price,4,1.2,2.44
2026-08-10,capacity_price,5,2.0,2.44
2026-08-10,capacity_price,6,2.19,2.44
2026-08-10,capacity_price,7,4.0,2.44
2026-08-10,capacity_price,8,4.0,2.44
2026-08-10,capacity_price,9,2.01,2.44
2026-08-10,capacity_price,10,1.34,2.44
2026-08-10,capacity_price,11,1.2,2.44
2026-08-10,capacity_price,12,0.67,10.0
2026-08-10,capacity_price,13,0.67,10.0
2026-08-10,capacity_price,14,0.67,2.01
2026-08-10,capacity_price,15,0.67,2.01
2026-08-10,capacity_price,16,1.2,2.01
2026-08-10,capacity_price,17,4.0,2.44
2026-08-10,capacity_price,18,6.69,2.44
2026-08-10,capacity_price,19,23.51,13.38
2026-08-10,capacity_price,20,56.03,2.44
2026-08-10,capacity_price,21,15.4,2.44
2026-08-10,capacity_price,22,4.0,14.3
2026-08-10,capacity_price,23,1.2,13.38
2026-08-10,activation_volume,0,11.45,0.9099999999999999
2026-08-10,activation_volume,1,10.42,13.530000000000001
2026-08-10,activation_volume,2,3.68,2.7399999999999998
2026-08-10,activation_volume,3,2.33,1.01
2026-08-10,activation_volume,4,1.9449999,2.5000000000000004
2026-08-10,activation_volume,5,3.44,2.62
2026-08-10,activation_volume,6,4.035,0.71
2026-08-10,activation_volume,7,2.615,0.41000000000000003
2026-08-10,activation_volume,8,3.955,1.37
2026-08-10,activation_volume,9,5.34,1.97
2026-08-10,activation_volume,10,4.47,1.28
2026-08-10,activation_volume,11,4.565,0.14
2026-08-10,activation_volume,12,5.255,0.67
2026-08-10,activation_volume,13,7.99,0.11000000000000001
2026-08-10,activation_volume,14,7.1949997,28.46
2026-08-10,activation_volume,15,10.285,1.76
2026-08-10,activation_volume,16,9.74,5.2299999999999995
2026-08-10,activation_volume,17,7.335,21.11
2026-08-10,activation_volume,18,8.635,15.190000000000001
2026-08-10,activation_volume,19,6.77,4.36
2026-08-10,activation_volume,20,5.39,0.09999999999999999
2026-08-10,activation_volume,21,7.04,0.38
2026-08-10,activation_volume,22,5.505,1.37
2026-08-10,activation_volume,23,2.95,0.0
2026-08-10,activation_price,0,143.94931,147.91
2026-08-10,activation_price,1,133.39127,211.2980635624538
2026-08-10,activation_price,2,128.44795,181.65251824817517
2026-08-10,activation_price,3,132.69063,167.68326732673265
2026-08-10,activation_price,4,130.2308,173.50923999999998
2026-08-10,activation_price,5,148.61368,179.91534351145037
2026-08-10,activation_price,6,159.58382,183.33225352112677
2026-08-10,activation_price,7,153.5065,191.70560975609754
2026-08-10,activation_price,8,156.39624,201.50781021897808
2026-08-10,activation_price,9,135.39044,212.69030456852792
2026-08-10,activation_price,10,120.12282,154.6290625
2026-08-10,activation_price,11,88.30109,86.47
2026-08-10,activation_price,12,76.862076,13.27
2026-08-10,activation_price,13,58.636528,16.54909090909091
2026-08-10,activation_price,14,69.56163,93.67729796205201
2026-08-10,activation_price,15,80.130104,48.42869318181818
2026-08-10,activation_price,16,127.40317,74.79131931166349
2026-08-10,activation_price,17,160.9769,168.9038228327807
2026-08-10,activation_price,18,175.00456,111.49801184990126
2026-08-10,activation_price,19,165.63373,165.64988532110092
2026-08-10,activation_price,20,154.39204,163.25700000000003
2026-08-10,activation_price,21,159.99863,148.49473684210525
2026-08-10,activation_price,22,153.9677,155.13
2026-08-10,activation_price,23,146.02124,
2026-08-11,day_ahead_price,0,128.55249,111.8375015
2026-08-11,day_ahead_price,1,123.4075,105.79000099999999
2026-08-11,day_ahead_price,2,117.9275,100.7000005
2026-08-11,day_ahead_price,3,115.6875,94.72750099999999
2026-08-11,day_ahead_price,4,114.649994,100.01999875
2026-08-11,day_ahead_price,5,117.386246,114.82250024999999
2026-08-11,day_ahead_price,6,128.26,127.83500275
2026-08-11,day_ahead_price,7,126.42125,135.977501
2026-08-11,day_ahead_price,8,112.8225,129.46249975
2026-08-11,day_ahead_price,9,93.8425,108.10000050000001
2026-08-11,day_ahead_price,10,65.64,56.75499924999999
2026-08-11,day_ahead_price,11,32.760002,10.1525
2026-08-11,day_ahead_price,12,15.0,1.675
2026-08-11,day_ahead_price,13,10.3675,1.6575000000000002
2026-08-11,day_ahead_price,14,9.05375,1.62
2026-08-11,day_ahead_price,15,14.5824995,4.24
2026-08-11,day_ahead_price,16,44.32375,42.742499249999995
2026-08-11,day_ahead_price,17,94.225006,109.14500050000001
2026-08-11,day_ahead_price,18,122.265,145.57499875
2026-08-11,day_ahead_price,19,138.4725,176.0925025
2026-08-11,day_ahead_price,20,151.0175,200.4474985
2026-08-11,day_ahead_price,21,153.2275,190.28999725
2026-08-11,day_ahead_price,22,144.42,172.18000425000002
2026-08-11,day_ahead_price,23,130.87875,153.40999599999998
2026-08-11,capacity_price,0,1.2,2.27
2026-08-11,capacity_price,1,0.67,2.27
2026-08-11,capacity_price,2,0.67,2.05
2026-08-11,capacity_price,3,0.67,2.05
2026-08-11,capacity_price,4,1.2,2.28
2026-08-11,capacity_price,5,2.0,2.28
2026-08-11,capacity_price,6,2.1,2.28
2026-08-11,capacity_price,7,4.0,2.28
2026-08-11,capacity_price,8,6.0,2.28
2026-08-11,capacity_price,9,2.76,2.28
2026-08-11,capacity_price,10,2.01,2.28
2026-08-11,capacity_price,11,1.2,2.28
2026-08-11,capacity_price,12,1.2,5.08
2026-08-11,capacity_price,13,0.67,0.67
2026-08-11,capacity_price,14,0.67,1.2
2026-08-11,capacity_price,15,0.67,2.01
2026-08-11,capacity_price,16,1.2,2.28
2026-08-11,capacity_price,17,4.0,2.28
2026-08-11,capacity_price,18,6.69,2.28
2026-08-11,capacity_price,19,30.0,13.38
2026-08-11,capacity_price,20,46.84,2.28
2026-08-11,capacity_price,21,28.515,2.28
2026-08-11,capacity_price,22,4.0,25.7
2026-08-11,capacity_price,23,1.2,2.27
2026-08-11,activation_volume,0,11.45,0.06
2026-08-11,activation_volume,1,11.26,0.0
2026-08-11,activation_volume,2,4.39,7.97
2026-08-11,activation_volume,3,2.33,0.15
2026-08-11,activation_volume,4,1.67,0.55
2026-08-11,activation_volume,5,2.3,2.29
2026-08-11,activation_volume,6,2.36,0.38
2026-08-11,activation_volume,7,2.155,0.1
2026-08-11,activation_volume,8,3.78,0.26
2026-08-11,activation_volume,9,7.23,1.13
2026-08-11,activation_volume,10,4.435,0.0
2026-08-11,activation_volume,11,4.42,0.0
2026-08-11,activation_volume,12,7.295,30.520000000000003
2026-08-11,activation_volume,13,9.315001,14.15
2026-08-11,activation_volume,14,5.31,10.840000000000002
2026-08-11,activation_volume,15,9.795,1.48
2026-08-11,activation_volume,16,12.35,3.37
2026-08-11,activation_volume,17,6.35,9.32
2026-08-11,activation_volume,18,8.860001,2.68
2026-08-11,activation_volume,19,6.435,2.36
2026-08-11,activation_volume,20,5.715,5.0600000000000005
2026-08-11,activation_volume,21,6.32,4.81
2026-08-11,activation_volume,22,3.625,4.819999999999999
2026-08-11,activation_volume,23,2.995,2.7699999999999996
2026-08-11,activation_price,0,144.14905,140.69
2026-08-11,activation_price,1,126.899734,
2026-08-11,activation_price,2,136.93066,163.6812547051443
2026-08-11,activation_price,3,132.69063,165.28000000000003
2026-08-11,activation_price,4,139.05357,154.2
2026-08-11,activation_price,5,141.96988,167.16986899563318
2026-08-11,activation_price,6,154.02663,180.16842105263157
2026-08-11,activation_price,7,156.85541,209.44000000000003
2026-08-11,activation_price,8,156.44354,174.59
2026-08-11,activation_price,9,166.34286,225.81
2026-08-11,activation_price,10,96.782036,
2026-08-11,activation_price,11,90.37694,
2026-08-11,activation_price,12,81.24076,52.468977719528176
2026-08-11,activation_price,13,78.150246,33.690014134275614
2026-08-11,activation_price,14,69.56163,40.37297970479704
2026-08-11,activation_price,15,82.260284,14.204324324324327
2026-08-11,activation_price,16,123.88353,145.92958456973292
2026-08-11,activation_price,17,148.80283,239.8367918454936
2026-08-11,activation_price,18,173.33124,237.19160447761192
2026-08-11,activation_price,19,168.14948,228.1850847457627
2026-08-11,activation_price,20,155.84137,237.8042490118577
2026-08-11,activation_price,21,155.54488,292.12819126819124
2026-08-11,activation_price,22,156.13872,188.02230290456433
2026-08-11,activation_price,23,144.55655,184.84440433212998
2026-08-12,day_ahead_price,0,127.705,155.192501
2026-08-12,day_ahead_price,1,119.0625,149.50499725
2026-08-12,day_ahead_price,2,114.4475,143.29999925
2026-08-12,day_ahead_price,3,113.723755,139.752502
2026-08-12,day_ahead_price,4,111.4675,139.89999775
2026-08-12,day_ahead_price,5,117.386246,153.4999965
2026-08-12,day_ahead_price,6,124.3675,172.47999950000002
2026-08-12,day_ahead_price,7,123.21875,167.54250325
2026-08-12,day_ahead_price,8,112.85875,155.232502
2026-08-12,day_ahead_price,9,82.506256,129.2524985
2026-08-12,day_ahead_price,10,37.260002,87.42249975
2026-08-12,day_ahead_price,11,13.7775,39.914999
2026-08-12,day_ahead_price,12,9.6525,14.569999999999999
2026-08-12,day_ahead_price,13,7.2487497,13.475
2026-08-12,day_ahead_price,14,5.8137503,14.6975
2026-08-12,day_ahead_price,15,13.764999,39.89750075
2026-08-12,day_ahead_price,16,49.0025,96.39500025000001
2026-08-12,day_ahead_price,17,93.48625,140.58750125
2026-08-12,day_ahead_price,18,122.026245,183.6399995
2026-08-12,day_ahead_price,19,141.23375,300.0
2026-08-12,day_ahead_price,20,154.61375,300.420002
2026-08-12,day_ahead_price,21,151.4625,229.61999875
2026-08-12,day_ahead_price,22,141.69626,190.66249825
2026-08-12,day_ahead_price,23,130.35875,172.10000225
2026-08-12,capacity_price,0,1.2,1.2
2026-08-12,capacity_price,1,0.67,2.04
2026-08-12,capacity_price,2,0.67,2.04
2026-08-12,capacity_price,3,0.67,2.45
2026-08-12,capacity_price,4,1.2,2.16
2026-08-12,capacity_price,5,2.01,2.16
2026-08-12,capacity_price,6,2.21,2.16
2026-08-12,capacity_price,7,2.44,2.43
2026-08-12,capacity_price,8,4.0,2.45
2026-08-12,capacity_price,9,2.01,2.16
2026-08-12,capacity_price,10,2.01,4.0
2026-08-12,capacity_price,11,1.27,2.16
2026-08-12,capacity_price,12,1.2,2.16
2026-08-12,capacity_price,13,0.67,2.04
2026-08-12,capacity_price,14,0.67,4.37
2026-08-12,capacity_price,15,0.67,7.89
2026-08-12,capacity_price,16,1.245,2.16
2026-08-12,capacity_price,17,2.44,2.45
2026-08-12,capacity_price,18,4.9449997,2.16
2026-08-12,capacity_price,19,20.0,7.89
2026-08-12,capacity_price,20,33.78,28.7
2026-08-12,capacity_price,21,20.08,2.16
2026-08-12,capacity_price,22,2.1100001,4.0
2026-08-12,capacity_price,23,1.2,2.04
2026-08-12,activation_volume,0,10.75,15.5
2026-08-12,activation_volume,1,9.77,25.4
2026-08-12,activation_volume,2,5.23,6.27
2026-08-12,activation_volume,3,2.0,1.13
2026-08-12,activation_volume,4,1.79,3.93
2026-08-12,activation_volume,5,2.335,1.3
2026-08-12,activation_volume,6,2.625,1.08
2026-08-12,activation_volume,7,1.85,3.29
2026-08-12,activation_volume,8,3.705,2.34
2026-08-12,activation_volume,9,5.31,2.2199999999999998
2026-08-12,activation_volume,10,8.82,22.44
2026-08-12,activation_volume,11,4.5,0.01
2026-08-12,activation_volume,12,7.325,0.4
2026-08-12,activation_volume,13,13.865,7.349999999999999
2026-08-12,activation_volume,14,7.7,2.4799999999999995
2026-08-12,activation_volume,15,9.440001,2.8600000000000003
2026-08-12,activation_volume,16,14.48,27.740000000000002
2026-08-12,activation_volume,17,6.7,2.9299999999999997
2026-08-12,activation_volume,18,7.775,1.32
2026-08-12,activation_volume,19,4.975,1.4700000000000002
2026-08-12,activation_volume,20,5.23,4.749999999999999
2026-08-12,activation_volume,21,6.32,2.44
2026-08-12,activation_volume,22,3.05,2.9899999999999998
2026-08-12,activation_volume,23,3.12,0.22
2026-08-12,activation_price,0,140.41891,161.37315483870967
2026-08-12,activation_price,1,126.64635,154.7798228346457
2026-08-12,activation_price,2,136.93066,174.62464114832537
2026-08-12,activation_price,3,136.44073,166.6250442477876
2026-08-12,activation_price,4,136.8616,179.32249363867683
2026-08-12,activation_price,5,149.63281,179.4673846153846
2026-08-12,activation_price,6,156.60968,187.78166666666667
2026-08-12,activation_price,7,168.389,181.35993920972646
2026-08-12,activation_price,8,157.05188,173.13833333333335
2026-08-12,activation_price,9,168.37265,1296.5582882882886
2026-08-12,activation_price,10,126.2953,274.5833244206774
2026-08-12,activation_price,11,88.886925,62.45
2026-08-12,activation_price,12,64.89546,12.53025
2026-08-12,activation_price,13,73.43427,28.73692517006803
2026-08-12,activation_price,14,69.56163,31.6158870967742
2026-08-12,activation_price,15,85.70701,66.81262237762236
2026-08-12,activation_price,16,141.29697,148.96245493871663
2026-08-12,activation_price,17,158.30502,218.9820136518771
2026-08-12,activation_price,18,175.88986,204.53287878787876
2026-08-12,activation_price,19,166.9051,252.7755102040816
2026-08-12,activation_price,20,155.98743,230.6728210526316
2026-08-12,activation_price,21,159.02104,254.05094262295086
2026-08-12,activation_price,22,152.83055,165.04498327759197
2026-08-12,activation_price,23,150.64937,157.25272727272727
2026-08-13,day_ahead_price,0,120.034996,154.10249725
2026-08-13,day_ahead_price,1,112.682495,147.59249875
2026-08-13,day_ahead_price,2,110.295,143.42250074999998
2026-08-13,day_ahead_price,3,109.09625,142.72249975
2026-08-13,day_ahead_price,4,109.17,144.920002
2026-08-13,day_ahead_price,5,111.6,157.3974955
2026-08-13,day_ahead_price,6,122.1,174.23250175
2026-08-13,day_ahead_price,7,119.3,171.0975035
2026-08-13,day_ahead_price,8,112.315,156.79999924999998
2026-08-13,day_ahead_price,9,79.28876,135.9900015
2026-08-13,day_ahead_price,10,29.9025,109.55750275
2026-08-13,day_ahead_price,11,14.54,55.779999000000004
2026-08-13,day_ahead_price,12,9.84875,25.09749975
2026-08-13,day_ahead_price,13,7.37,44.695
2026-08-13,day_ahead_price,14,6.9325,26.967499500000002
2026-08-13,day_ahead_price,15,11.1975,48.73749875
2026-08-13,day_ahead_price,16,31.34625,111.4375
2026-08-13,day_ahead_price,17,83.18001,149.96999925
2026-08-13,day_ahead_price,18,118.259995,203.99749774999998
2026-08-13,day_ahead_price,19,137.97626,326.600006
2026-08-13,day_ahead_price,20,152.5975,338.862503
2026-08-13,day_ahead_price,21,149.69125,270.010002
2026-08-13,day_ahead_price,22,137.07375,213.4824985
2026-08-13,day_ahead_price,23,123.369995,175.04499825
2026-08-13,capacity_price,0,1.2,0.67
2026-08-13,capacity_price,1,1.07,0.67
2026-08-13,capacity_price,2,0.67,0.67
2026-08-13,capacity_price,3,1.2,2.17
2026-08-13,capacity_price,4,2.0,2.41
2026-08-13,capacity_price,5,2.01,2.47
2026-08-13,capacity_price,6,2.44,2.47
2026-08-13,capacity_price,7,4.0,2.47
2026-08-13,capacity_price,8,6.05,2.47
2026-08-13,capacity_price,9,2.4,2.47
2026-08-13,capacity_price,10,2.01,2.47
2026-08-13,capacity_price,11,1.2,2.47
2026-08-13,capacity_price,12,0.67,7.89
2026-08-13,capacity_price,13,0.67,6.29
2026-08-13,capacity_price,14,0.67,7.89
2026-08-13,capacity_price,15,0.67,7.89
2026-08-13,capacity_price,16,1.34,6.0
2026-08-13,capacity_price,17,6.0,2.47
2026-08-13,capacity_price,18,12.71,2.47
2026-08-13,capacity_price,19,39.54,7.89
2026-08-13,capacity_price,20,59.42,33.0
2026-08-13,capacity_price,21,27.16,9.23
2026-08-13,capacity_price,22,4.675,2.47
2026-08-13,capacity_price,23,1.6,2.01
2026-08-13,activation_volume,0,8.434999,5.470000000000001
2026-08-13,activation_volume,1,5.61,32.18
2026-08-13,activation_volume,2,3.9650002,0.02
2026-08-13,activation_volume,3,2.4299998,4.37
2026-08-13,activation_volume,4,1.6949999,0.08
2026-08-13,activation_volume,5,3.67,0.9299999999999999
2026-08-13,activation_volume,6,3.52,1.55
2026-08-13,activation_volume,7,1.8,1.53
2026-08-13,activation_volume,8,3.455,3.16
2026-08-13,activation_volume,9,4.12,2.33
2026-08-13,activation_volume,10,6.43,2.67
2026-08-13,activation_volume,11,5.85,1.0699999999999998
2026-08-13,activation_volume,12,7.59,4.91
2026-08-13,activation_volume,13,10.594999,27.57
2026-08-13,activation_volume,14,6.67,29.389999999999997
2026-08-13,activation_volume,15,5.6400003,0.99
2026-08-13,activation_volume,16,12.35,4.46
2026-08-13,activation_volume,17,8.735,3.8500000000000005
2026-08-13,activation_volume,18,9.889999,1.33
2026-08-13,activation_volume,19,5.86,1.85
2026-08-13,activation_volume,20,6.64,2.49
2026-08-13,activation_volume,21,6.87,0.92
2026-08-13,activation_volume,22,3.0349998,0.39
2026-08-13,activation_volume,23,2.87,2.38
2026-08-13,activation_price,0,132.00949,154.08888482632543
2026-08-13,activation_price,1,118.79849,152.07297389683035
2026-08-13,activation_price,2,121.14049,161.98
2026-08-13,activation_price,3,128.81891,240.70272311212813
2026-08-13,activation_price,4,124.791306,178.37
2026-08-13,activation_price,5,135.33797,169.1567741935484
2026-08-13,activation_price,6,147.79652,189.92432258064517
2026-08-13,activation_price,7,141.71712,183.64013071895425
2026-08-13,activation_price,8,132.90723,208.8962658227848
2026-08-13,activation_price,9,106.19253,275.89824034334765
2026-08-13,activation_price,10,88.605515,246.9418352059925
2026-08-13,activation_price,11,86.76958,97.42121495327105
2026-08-13,activation_price,12,62.790646,88.77144602851324
2026-08-13,activation_price,13,71.93356,207.3152049328981
2026-08-13,activation_price,14,45.39039,210.65835998638997
2026-08-13,activation_price,15,77.26489,144.5751515151515
2026-08-13,activation_price,16,132.79993,188.1488789237668
2026-08-13,activation_price,17,155.72375,192.09818181818179
2026-08-13,activation_price,18,171.02498,226.55406015037596
2026-08-13,activation_price,19,156.85187,289.73627027027027
2026-08-13,activation_price,20,154.16599,280.709156626506
2026-08-13,activation_price,21,159.50983,242.00249999999997
2026-08-13,activation_price,22,149.43503,234.05692307692308
2026-08-13,activation_price,23,149.3353,190.25058823529412
2026-08-14,day_ahead_price,0,127.6925,158.41500100000002
2026-08-14,day_ahead_price,1,120.3325,151.3499985
2026-08-14,day_ahead_price,2,115.37875,145.72999575
2026-08-14,day_ahead_price,3,115.05375,142.04999550000002
2026-08-14,day_ahead_price,4,113.795,143.9074975
2026-08-14,day_ahead_price,5,120.1925,154.6974985
2026-08-14,day_ahead_price,6,127.7575,171.959999
2026-08-14,day_ahead_price,7,126.85375,170.08250049999998
2026-08-14,day_ahead_price,8,116.3475,151.2350025
2026-08-14,day_ahead_price,9,95.44624,137.4100015
2026-08-14,day_ahead_price,10,56.143753,104.65000175
2026-08-14,day_ahead_price,11,28.1,61.50000025000001
2026-08-14,day_ahead_price,12,20.876251,25.095000749999997
2026-08-14,day_ahead_price,13,16.965,13.430000000000001
2026-08-14,day_ahead_price,14,19.2325,19.8975
2026-08-14,day_ahead_price,15,21.251251,65.51
2026-08-14,day_ahead_price,16,51.68375,116.32000149999999
2026-08-14,day_ahead_price,17,95.925,143.65500075
2026-08-14,day_ahead_price,18,123.189995,180.0
2026-08-14,day_ahead_price,19,141.37,247.03250100000002
2026-08-14,day_ahead_price,20,154.2625,264.09000775000004
2026-08-14,day_ahead_price,21,154.98625,231.56999975000002
2026-08-14,day_ahead_price,22,144.83875,198.0
2026-08-14,day_ahead_price,23,130.7875,177.51750175
2026-08-14,capacity_price,0,1.2,2.28
2026-08-14,capacity_price,1,1.2,0.67
2026-08-14,capacity_price,2,0.67,0.67
2026-08-14,capacity_price,3,0.67,2.28
2026-08-14,capacity_price,4,1.2,2.43
2026-08-14,capacity_price,5,2.01,2.43
2026-08-14,capacity_price,6,2.27,2.43
2026-08-14,capacity_price,7,4.0,2.47
2026-08-14,capacity_price,8,6.0,2.47
2026-08-14,capacity_price,9,2.21,2.43
2026-08-14,capacity_price,10,2.01,2.47
2026-08-14,capacity_price,11,1.34,4.0
2026-08-14,capacity_price,12,1.2,2.43
2026-08-14,capacity_price,13,0.67,3.01
2026-08-14,capacity_price,14,0.67,6.0
2026-08-14,capacity_price,15,0.70500004,2.43
2026-08-14,capacity_price,16,2.01,2.43
2026-08-14,capacity_price,17,3.35,2.43
2026-08-14,capacity_price,18,6.1,2.43
2026-08-14,capacity_price,19,29.779999,7.89
2026-08-14,capacity_price,20,56.03,25.1
2026-08-14,capacity_price,21,26.4,20.0
2026-08-14,capacity_price,22,4.0,2.43
2026-08-14,capacity_price,23,1.2,2.01
2026-08-14,activation_volume,0,13.049999,10.22
2026-08-14,activation_volume,1,9.77,1.67
2026-08-14,activation_volume,2,4.39,0.49
2026-08-14,activation_volume,3,2.62,0.7599999999999999
2026-08-14,activation_volume,4,1.645,0.61
2026-08-14,activation_volume,5,3.61,0.65
2026-08-14,activation_volume,6,2.98,0.15999999999999998
2026-08-14,activation_volume,7,2.385,0.6900000000000001
2026-08-14,activation_volume,8,4.04,1.9
2026-08-14,activation_volume,9,5.64,7.82
2026-08-14,activation_volume,10,5.335,10.360000000000001
2026-08-14,activation_volume,11,4.7200003,13.44
2026-08-14,activation_volume,12,6.69,12.23
2026-08-14,activation_volume,13,14.75,19.11
2026-08-14,activation_volume,14,9.98,18.91
2026-08-14,activation_volume,15,8.59,6.87
2026-08-14,activation_volume,16,10.87,2.31
2026-08-14,activation_volume,17,6.12,4.04
2026-08-14,activation_volume,18,7.9400005,5.78
2026-08-14,activation_volume,19,5.21,0.29000000000000004
2026-08-14,activation_volume,20,5.64,0.37
2026-08-14,activation_volume,21,6.4,0.9099999999999999
2026-08-14,activation_volume,22,4.06,0.8200000000000001
2026-08-14,activation_volume,23,3.12,0.9
2026-08-14,activation_price,0,143.94931,172.1971037181996
2026-08-14,activation_price,1,126.899734,139.95550898203592
2026-08-14,activation_price,2,130.92464,163.39142857142858
2026-08-14,activation_price,3,136.14078,167.97184210526316
2026-08-14,activation_price,4,143.9405,175.58491803278687
2026-08-14,activation_price,5,153.73352,179.406
2026-08-14,activation_price,6,163.69644,191.25000000000003
2026-08-14,activation_price,7,155.86586,199.84057971014488
2026-08-14,activation_price,8,153.74506,188.98221052631578
2026-08-14,activation_price,9,155.21304,185.4195012787724
2026-08-14,activation_price,10,128.30746,213.0659073359073
2026-08-14,activation_price,11,91.12276,162.36670386904763
2026-08-14,activation_price,12,67.42246,117.87950940310712
2026-08-14,activation_price,13,78.25327,99.58525379382523
2026-08-14,activation_price,14,92.54301,112.26281861448969
2026-08-14,activation_price,15,89.576965,159.0250363901019
2026-08-14,activation_price,16,133.50478,167.6868831168831
2026-08-14,activation_price,17,159.30313,207.87247524752476
2026-08-14,activation_price,18,173.81,228.75133217993078
2026-08-14,activation_price,19,165.63373,248.45344827586206
2026-08-14,activation_price,20,155.57066,201.99054054054056
2026-08-14,activation_price,21,158.95593,238.030989010989
2026-08-14,activation_price,22,155.50937,208.63768292682926
2026-08-14,activation_price,23,144.14734,210.63688888888888
2026-08-15,day_ahead_price,0,123.729996,169.44749850000002
2026-08-15,day_ahead_price,1,116.68625,162.39750275
2026-08-15,day_ahead_price,2,113.37625,156.90250025
2026-08-15,day_ahead_price,3,112.74125,156.9375
2026-08-15,day_ahead_price,4,113.0925,154.5149955
2026-08-15,day_ahead_price,5,116.009995,153.84249875
2026-08-15,day_ahead_price,6,127.085,156.98249825000002
2026-08-15,day_ahead_price,7,119.8,154.92750175
2026-08-15,day_ahead_price,8,112.8225,150.46749499999999
2026-08-15,day_ahead_price,9,93.8425,129.0
2026-08-15,day_ahead_price,10,49.89875,84.53500050000001
2026-08-15,day_ahead_price,11,22.0225,28.88750025
2026-08-15,day_ahead_price,12,13.9125,7.0425
2026-08-15,day_ahead_price,13,10.3675,2.9275
2026-08-15,day_ahead_price,14,9.295,5.03
2026-08-15,day_ahead_price,15,20.5025,15.0975
2026-08-15,day_ahead_price,16,52.7175,68.5875
2026-08-15,day_ahead_price,17,95.75,129.1850015
2026-08-15,day_ahead_price,18,120.572495,157.45499825
2026-08-15,day_ahead_price,19,141.23375,179.67250425
2026-08-15,day_ahead_price,20,154.6,184.99000149999998
2026-08-15,day_ahead_price,21,152.16376,183.3424985
2026-08-15,day_ahead_price,22,138.1575,179.59249499999999
2026-08-15,day_ahead_price,23,127.0875,173.99000149999998
2026-08-15,capacity_price,0,1.2,2.01
2026-08-15,capacity_price,1,0.67,1.2
2026-08-15,capacity_price,2,0.67,2.01
2026-08-15,capacity_price,3,0.67,1.2
2026-08-15,capacity_price,4,1.2,2.01
2026-08-15,capacity_price,5,2.0,2.19
2026-08-15,capacity_price,6,2.21,2.19
2026-08-15,capacity_price,7,4.0,2.19
2026-08-15,capacity_price,8,4.0,2.19
2026-08-15,capacity_price,9,2.36,2.19
2026-08-15,capacity_price,10,2.01,2.47
2026-08-15,capacity_price,11,1.2,2.19
2026-08-15,capacity_price,12,1.2,2.01
2026-08-15,capacity_price,13,0.67,2.01
2026-08-15,capacity_price,14,0.67,2.01
2026-08-15,capacity_price,15,0.97,3.34
2026-08-15,capacity_price,16,2.01,6.0
2026-08-15,capacity_price,17,6.0,2.26
2026-08-15,capacity_price,18,11.48,2.19
2026-08-15,capacity_price,19,27.02,6.0
2026-08-15,capacity_price,20,44.89,2.47
2026-08-15,capacity_price,21,26.89,2.47
2026-08-15,capacity_price,22,2.1100001,10.4
2026-08-15,capacity_price,23,1.2,2.26
2026-08-15,activation_volume,0,10.75,10.49
2026-08-15,activation_volume,1,11.26,9.21
2026-08-15,activation_volume,2,4.52,0.5
2026-08-15,activation_volume,3,2.31,0.21000000000000002
2026-08-15,activation_volume,4,2.18,0.75
2026-08-15,activation_volume,5,2.91,0.49
2026-08-15,activation_volume,6,3.3200002,0.64
2026-08-15,activation_volume,7,2.21,0.77
2026-08-15,activation_volume,8,3.66,7.22
2026-08-15,activation_volume,9,6.685,14.46
2026-08-15,activation_volume,10,4.285,5.63
2026-08-15,activation_volume,11,3.93,11.16
2026-08-15,activation_volume,12,7.59,129.58
2026-08-15,activation_volume,13,9.004999,112.38000000000001
2026-08-15,activation_volume,14,5.91,144.1
2026-08-15,activation_volume,15,10.835,28.48
2026-08-15,activation_volume,16,9.45,8.91
2026-08-15,activation_volume,17,6.99,0.9400000000000001
2026-08-15,activation_volume,18,7.69,1.88
2026-08-15,activation_volume,19,5.39,5.380000000000001
2026-08-15,activation_volume,20,5.64,9.120000000000001
2026-08-15,activation_volume,21,5.94,4.739999999999999
2026-08-15,activation_volume,22,3.9,1.08
2026-08-15,activation_volume,23,2.87,2.4200000000000004
2026-08-15,activation_price,0,142.43282,189.2228979980934
2026-08-15,activation_price,1,139.27762,169.5628013029316
2026-08-15,activation_price,2,131.11984,183.39640000000003
2026-08-15,activation_price,3,136.85004,174.86380952380952
2026-08-15,activation_price,4,137.9968,184.06799999999998
2026-08-15,activation_price,5,151.51642,183.30673469387756
2026-08-15,activation_price,6,160.74829,184.80921875
2026-08-15,activation_price,7,154.87631,208.53766233766234
2026-08-15,activation_price,8,157.61288,203.1742659279778
2026-08-15,activation_price,9,165.31113,980.9802766251728
2026-08-15,activation_price,10,98.80093,214.43248667850798
2026-08-15,activation_price,11,90.329575,115.352123655914
2026-08-15,activation_price,12,86.032845,375.8303356999537
2026-08-15,activation_price,13,73.43427,178.53120662039507
2026-08-15,activation_price,14,72.729195,608.6935655794588
2026-08-15,activation_price,15,80.892105,362.3153932584269
2026-08-15,activation_price,16,133.50478,205.85547699214368
2026-08-15,activation_price,17,159.30313,198.77404255319146
2026-08-15,activation_price,18,171.02498,215.2310106382979
2026-08-15,activation_price,19,165.63373,264.47620817843864
2026-08-15,activation_price,20,141.94157,212.07188596491227
2026-08-15,activation_price,21,157.3117,257.04780590717303
2026-08-15,activation_price,22,152.2,195.14777777777778
2026-08-15,activation_price,23,146.02124,215.87223140495865
2026-08-16,day_ahead_price,0,128.0875,174.3125
2026-08-16,day_ahead_price,1,120.8875,168.58750125
2026-08-16,day_ahead_price,2,117.744995,165.329998
2026-08-16,day_ahead_price,3,115.6875,157.53499975
2026-08-16,day_ahead_price,4,114.542496,156.9000015
2026-08-16,day_ahead_price,5,120.13375,156.945
2026-08-16,day_ahead_price,6,130.20624,156.5999985
2026-08-16,day_ahead_price,7,125.683754,150.37000275000003
2026-08-16,day_ahead_price,8,114.65875,146.9925005
2026-08-16,day_ahead_price,9,94.075,124.5425015
2026-08-16,day_ahead_price,10,58.768745,96.90000175
2026-08-16,day_ahead_price,11,28.1,61.230000749999995
2026-08-16,day_ahead_price,12,25.90125,43.5300005
2026-08-16,day_ahead_price,13,21.173752,27.3375
2026-08-16,day_ahead_price,14,21.568748,36.5575005
2026-08-16,day_ahead_price,15,30.0,67.70250125000001
2026-08-16,day_ahead_price,16,52.30375,116.13500224999999
2026-08-16,day_ahead_price,17,93.48625,145.32500275
2026-08-16,day_ahead_price,18,120.67874,169.39250175
2026-08-16,day_ahead_price,19,138.67126,187.97000125
2026-08-16,day_ahead_price,20,153.51625,200.01750174999998
2026-08-16,day_ahead_price,21,150.6925,205.675003
2026-08-16,day_ahead_price,22,139.29625,206.53499975000003
2026-08-16,day_ahead_price,23,125.2375,192.64750275
2026-08-16,capacity_price,0,1.2,2.09
2026-08-16,capacity_price,1,0.67,0.54
2026-08-16,capacity_price,2,0.67,0.54
2026-08-16,capacity_price,3,0.67,0.4
2026-08-16,capacity_price,4,1.2,0.67
2026-08-16,capacity_price,5,2.01,9.23
2026-08-16,capacity_price,6,2.21,2.09
2026-08-16,capacity_price,7,4.0,2.09
2026-08-16,capacity_price,8,6.3450003,2.09
2026-08-16,capacity_price,9,2.44,2.09
2026-08-16,capacity_price,10,2.01,2.09
2026-08-16,capacity_price,11,1.675,2.01
2026-08-16,capacity_price,12,1.2,0.54
2026-08-16,capacity_price,13,0.67,0.4
2026-08-16,capacity_price,14,0.67,0.4
2026-08-16,capacity_price,15,1.2,0.67
2026-08-16,capacity_price,16,2.01,4.0
2026-08-16,capacity_price,17,4.0,2.09
2026-08-16,capacity_price,18,6.9,2.09
2026-08-16,capacity_price,19,27.02,2.09
2026-08-16,capacity_price,20,40.1,15.9
2026-08-16,capacity_price,21,20.04,2.09
2026-08-16,capacity_price,22,4.0,15.9
2026-08-16,capacity_price,23,1.2,9.23
2026-08-16,activation_volume,0,8.74,7.239999999999999
2026-08-16,activation_volume,1,9.615,24.21
2026-08-16,activation_volume,2,4.09,5.96
2026-08-16,activation_volume,3,1.815,5.19
2026-08-16,activation_volume,4,1.9449999,1.21
2026-08-16,activation_volume,5,2.7150002,2.74
2026-08-16,activation_volume,6,2.38,2.35
2026-08-16,activation_volume,7,1.95,1.0899999999999999
2026-08-16,activation_volume,8,3.895,5.17
2026-08-16,activation_volume,9,3.98,9.760000000000002
2026-08-16,activation_volume,10,5.69,0.01
2026-08-16,activation_volume,11,5.21,0.0
2026-08-16,activation_volume,12,9.174999,0.0
2026-08-16,activation_volume,13,12.43,0.03
2026-08-16,activation_volume,14,8.860001,0.02
2026-08-16,activation_volume,15,9.795,2.83
2026-08-16,activation_volume,16,13.925,5.38
2026-08-16,activation_volume,17,12.275,1.52
2026-08-16,activation_volume,18,8.85,5.51
2026-08-16,activation_volume,19,4.49,0.6100000000000001
2026-08-16,activation_volume,20,5.205,2.1500000000000004
2026-08-16,activation_volume,21,4.98,3.79
2026-08-16,activation_volume,22,3.11,5.95
2026-08-16,activation_volume,23,2.69,12.25
2026-08-16,activation_price,0,142.43282,198.43882596685083
2026-08-16,activation_price,1,123.30182,190.24815365551424
2026-08-16,activation_price,2,132.22643,200.42884228187916
2026-08-16,activation_price,3,133.3981,208.44200385356456
2026-08-16,activation_price,4,143.9405,225.56247933884296
2026-08-16,activation_price,5,154.93341,234.29992700729926
2026-08-16,activation_price,6,158.25534,235.65612765957448
2026-08-16,activation_price,7,150.02562,181.17697247706425
2026-08-16,activation_price,8,156.39624,452.66680851063836
2026-08-16,activation_price,9,157.8825,171.2859221311475
2026-08-16,activation_price,10,122.815636,81.71
2026-08-16,activation_price,11,90.37694,
2026-08-16,activation_price,12,83.934494,
2026-08-16,activation_price,13,84.1007,24.82
2026-08-16,activation_price,14,81.21202,23.86
2026-08-16,activation_price,15,85.70701,130.13229681978797
2026-08-16,activation_price,16,132.73123,166.8117843866171
2026-08-16,activation_price,17,171.35516,194.25460526315786
2026-08-16,activation_price,18,181.42722,275.35557168784027
2026-08-16,activation_price,19,169.00388,216.23475409836067
2026-08-16,activation_price,20,155.67397,219.34358139534882
2026-08-16,activation_price,21,148.52945,256.471345646438
2026-08-16,activation_price,22,150.35776,234.5071596638655
2026-08-16,activation_price,23,136.09811,238.586693877551
2026-08-17,day_ahead_price,0,129.0125,192.12749874999997
2026-08-17,day_ahead_price,1,121.75,178.80999375
2026-08-17,day_ahead_price,2,118.6,163.89999774999998
2026-08-17,day_ahead_price,3,114.28125,160.27999875
2026-08-17,day_ahead_price,4,113.0925,159.0699995
2026-08-17,day_ahead_price,5,120.13375,174.96749875
2026-08-17,day_ahead_price,6,130.06125,197.39999775
2026-08-17,day_ahead_price,7,129.70375,205.14999775
2026-08-17,day_ahead_price,8,118.88875,208.7575035
2026-08-17,day_ahead_price,9,96.8175,198.727501
2026-08-17,day_ahead_price,10,58.6425,175.36249899999999
2026-08-17,day_ahead_price,11,30.43,166.85249725
2026-08-17,day_ahead_price,12,18.09,154.2775
2026-08-17,day_ahead_price,13,13.395,150.17500324999997
2026-08-17,day_ahead_price,14,16.9125,141.294998
2026-08-17,day_ahead_price,15,17.547499,138.54249575
2026-08-17,day_ahead_price,16,50.30625,139.36000049999998
2026-08-17,day_ahead_price,17,94.76,148.25500125000002
2026-08-17,day_ahead_price,18,122.979996,178.674999
2026-08-17,day_ahead_price,19,141.26999,204.66749950000002
2026-08-17,day_ahead_price,20,152.7625,213.494999
2026-08-17,day_ahead_price,21,154.32,210.00250250000002
2026-08-17,day_ahead_price,22,139.96,197.7050015
2026-08-17,day_ahead_price,23,127.646255,179.91999825
2026-08-17,capacity_price,0,1.2,2.2
2026-08-17,capacity_price,1,0.67,0.54
2026-08-17,capacity_price,2,0.67,0.67
2026-08-17,capacity_price,3,0.67,0.67
2026-08-17,capacity_price,4,1.2,9.23
2026-08-17,capacity_price,5,2.01,2.16
2026-08-17,capacity_price,6,2.28,2.16
2026-08-17,capacity_price,7,4.0,2.16
2026-08-17,capacity_price,8,3.35,2.16
2026-08-17,capacity_price,9,2.21,2.16
2026-08-17,capacity_price,10,2.21,2.16
2026-08-17,capacity_price,11,2.01,2.16
2026-08-17,capacity_price,12,1.2,2.16
2026-08-17,capacity_price,13,0.67,2.16
2026-08-17,capacity_price,14,0.67,2.16
2026-08-17,capacity_price,15,0.67,2.16
2026-08-17,capacity_price,16,2.01,7.89
2026-08-17,capacity_price,17,2.45,2.16
2026-08-17,capacity_price,18,4.9449997,2.16
2026-08-17,capacity_price,19,28.9,9.23
2026-08-17,capacity_price,20,32.004997,2.16
2026-08-17,capacity_price,21,19.635,23.6
2026-08-17,capacity_price,22,2.1100001,2.16
2026-08-17,capacity_price,23,1.2,2.2
2026-08-17,activation_volume,0,7.04,21.07
2026-08-17,activation_volume,1,5.41,12.24
2026-08-17,activation_volume,2,4.5150003,12.94
2026-08-17,activation_volume,3,2.73,8.09
2026-08-17,activation_volume,4,1.83,0.64
2026-08-17,activation_volume,5,2.7150002,0.44
2026-08-17,activation_volume,6,2.315,2.67
2026-08-17,activation_volume,7,2.47,1.01
2026-08-17,activation_volume,8,4.11,1.5
2026-08-17,activation_volume,9,5.31,5.719999999999999
2026-08-17,activation_volume,10,9.049999,2.64
2026-08-17,activation_volume,11,5.21,2.3000000000000003
2026-08-17,activation_volume,12,6.71,2.06
2026-08-17,activation_volume,13,8.4,2.45
2026-08-17,activation_volume,14,6.36,1.6900000000000002
2026-08-17,activation_volume,15,13.92,0.55
2026-08-17,activation_volume,16,14.005,0.55
2026-08-17,activation_volume,17,6.82,1.14
2026-08-17,activation_volume,18,7.075,0.54
2026-08-17,activation_volume,19,4.855,2.58
2026-08-17,activation_volume,20,6.21,6.38
2026-08-17,activation_volume,21,4.98,11.18
2026-08-17,activation_volume,22,4.12,0.87
2026-08-17,activation_volume,23,2.67,0.24000000000000002
2026-08-17,activation_price,0,141.64009,196.66122448979593
2026-08-17,activation_price,1,119.97113,188.05944444444444
2026-08-17,activation_price,2,125.97405,200.72405718701702
2026-08-17,activation_price,3,135.69078,214.69431396786152
2026-08-17,activation_price,4,148.0784,220.86218750000003
2026-08-17,activation_price,5,150.80853,233.45636363636362
2026-08-17,activation_price,6,160.74829,261.0804868913858
2026-08-17,activation_price,7,168.389,259.69306930693074
2026-08-17,activation_price,8,156.49086,275.02426666666673
2026-08-17,activation_price,9,168.37265,320.09945804195814
2026-08-17,activation_price,10,128.30746,259.04450757575756
2026-08-17,activation_price,11,90.37775,254.43156521739132
2026-08-17,activation_price,12,83.3775,230.8316990291262
2026-08-17,activation_price,13,78.3,243.6357551020408
2026-08-17,activation_price,14,69.56163,225.13195266272191
2026-08-17,activation_price,15,85.70701,255.90272727272725
2026-08-17,activation_price,16,133.05167,198.34
2026-08-17,activation_price,17,158.307,221.0471052631579
2026-08-17,activation_price,18,179.07436,240.4412962962963
2026-08-17,activation_price,19,166.10187,256.7467441860465
2026-08-17,activation_price,20,162.25768,286.03824451410657
2026-08-17,activation_price,21,157.3117,222.23704830053669
2026-08-17,activation_price,22,152.60571,271.42816091954023
2026-08-17,activation_price,23,144.44243,212.5995833333333
2026-08-18,day_ahead_price,0,130.20625,173.5674975
2026-08-18,day_ahead_price,1,122.973755,159.7874985
2026-08-18,day_ahead_price,2,117.9275,150.80500049999998
2026-08-18,day_ahead_price,3,116.002495,148.39249800000002
2026-08-18,day_ahead_price,4,115.325,149.22000125
2026-08-18,day_ahead_price,5,120.2225,159.03000225
2026-08-18,day_ahead_price,6,131.31,184.869999
2026-08-18,day_ahead_price,7,129.70375,191.22249975
2026-08-18,day_ahead_price,8,118.88875,185.22000125000002
2026-08-18,day_ahead_price,9,98.01,161.9375
2026-08-18,day_ahead_price,10,75.8075,152.302498
2026-08-18,day_ahead_price,11,37.756252,145.27500125
2026-08-18,day_ahead_price,12,18.30375,136.460003
2026-08-18,day_ahead_price,13,16.965,131.59
2026-08-18,day_ahead_price,14,19.2325,130.25500100000002
2026-08-18,day_ahead_price,15,19.46875,132.1375045
2026-08-18,day_ahead_price,16,52.9975,138.79000100000002
2026-08-18,day_ahead_price,17,99.776245,153.19499975
2026-08-18,day_ahead_price,18,126.7575,176.74999975
2026-08-18,day_ahead_price,19,146.7025,197.69249725
2026-08-18,day_ahead_price,20,165.10126,200.77249925
2026-08-18,day_ahead_price,21,158.375,198.91750324999998
2026-08-18,day_ahead_price,22,147.7825,191.3849985
2026-08-18,day_ahead_price,23,136.295,177.142498
2026-08-18,capacity_price,0,1.2,0.54
2026-08-18,capacity_price,1,0.67,0.54
2026-08-18,capacity_price,2,0.67,0.67
2026-08-18,capacity_price,3,0.67,0.4
2026-08-18,capacity_price,4,1.2,2.08
2026-08-18,capacity_price,5,2.005,2.08
2026-08-18,capacity_price,6,2.01,2.08
2026-08-18,capacity_price,7,4.0,2.08
2026-08-18,capacity_price,8,2.41,2.08
2026-08-18,capacity_price,9,2.01,2.08
2026-08-18,capacity_price,10,2.365,2.08
2026-08-18,capacity_price,11,1.675,2.08
2026-08-18,capacity_price,12,1.2,2.08
2026-08-18,capacity_price,13,0.67,2.08
2026-08-18,capacity_price,14,0.67,2.08
2026-08-18,capacity_price,15,0.70500004,2.08
2026-08-18,capacity_price,16,1.2,2.08
2026-08-18,capacity_price,17,2.4450002,2.08
2026-08-18,capacity_price,18,4.0,2.08
2026-08-18,capacity_price,19,18.7,9.23
2026-08-18,capacity_price,20,44.89,20.2
2026-08-18,capacity_price,21,23.24,2.08
2026-08-18,capacity_price,22,2.1100001,2.08
2026-08-18,capacity_price,23,1.2,0.54
2026-08-18,activation_volume,0,8.799999,13.280000000000001
2026-08-18,activation_volume,1,8.014999,24.1
2026-08-18,activation_volume,2,3.84,7.51
2026-08-18,activation_volume,3,1.625,7.35
2026-08-18,activation_volume,4,1.6949999,6.1899999999999995
2026-08-18,activation_volume,5,2.135,7.069999999999999
2026-08-18,activation_volume,6,2.38,9.71
2026-08-18,activation_volume,7,2.21,7.49
2026-08-18,activation_volume,8,3.2,3.5100000000000002
2026-08-18,activation_volume,9,5.98,2.01
2026-08-18,activation_volume,10,4.25,6.930000000000001
2026-08-18,activation_volume,11,4.56,36.29
2026-08-18,activation_volume,12,7.0299997,3.0100000000000002
2026-08-18,activation_volume,13,7.995,11.84
2026-08-18,activation_volume,14,7.77,4.22
2026-08-18,activation_volume,15,12.1,0.56
2026-08-18,activation_volume,16,10.48,5.13
2026-08-18,activation_volume,17,10.79,5.48
2026-08-18,activation_volume,18,5.2799997,6.7700000000000005
2026-08-18,activation_volume,19,4.51,3.34
2026-08-18,activation_volume,20,5.64,12.34
2026-08-18,activation_volume,21,6.73,15.27
2026-08-18,activation_volume,22,3.76,4.33
2026-08-18,activation_volume,23,2.6550002,2.57
2026-08-18,activation_price,0,145.01021,179.2408207831325
2026-08-18,activation_price,1,127.021225,181.9276970954357
2026-08-18,activation_price,2,130.58124,173.61868175765647
2026-08-18,activation_price,3,135.71112,177.39225850340134
2026-08-18,activation_price,4,140.85678,182.95009693053314
2026-08-18,activation_price,5,150.03003,198.74837340876948
2026-08-18,activation_price,6,166.98227,215.80219361483006
2026-08-18,activation_price,7,159.81154,233.18520694259013
2026-08-18,activation_price,8,156.49086,224.00752136752135
2026-08-18,activation_price,9,171.28711,212.1232338308458
2026-08-18,activation_price,10,131.63,282.686810966811
2026-08-18,activation_price,11,107.38017,208.31571231744283
2026-08-18,activation_price,12,94.49345,198.79305647840528
2026-08-18,activation_price,13,80.55497,261.5166722972973
2026-08-18,activation_price,14,81.21202,246.55874407582942
2026-08-18,activation_price,15,99.880585,192.3142857142857
2026-08-18,activation_price,16,137.08969,211.03637426900588
2026-08-18,activation_price,17,162.02475,246.3396715328467
2026-08-18,activation_price,18,174.41809,257.14717872968976
2026-08-18,activation_price,19,166.66754,224.9074850299401
2026-08-18,activation_price,20,157.86557,250.092188006483
2026-08-18,activation_price,21,158.95593,230.7195153896529
2026-08-18,activation_price,22,157.91235,251.41311778290992
2026-08-18,activation_price,23,152.0055,201.90354085603116
2026-08-19,day_ahead_price,0,129.50626,176.5999985
2026-08-19,day_ahead_price,1,123.4075,157.6000025
2026-08-19,day_ahead_price,2,118.7025,151.412502
2026-08-19,day_ahead_price,3,116.49,147.29999925
2026-08-19,day_ahead_price,4,116.375,148.9950025
2026-08-19,day_ahead_price,5,120.045,161.61500175
2026-08-19,day_ahead_price,6,128.49875,184.71249775
2026-08-19,day_ahead_price,7,125.19,192.630001
2026-08-19,day_ahead_price,8,115.4525,190.8650015
2026-08-19,day_ahead_price,9,80.45125,169.67499924999998
2026-08-19,day_ahead_price,10,74.635,152.7599985
2026-08-19,day_ahead_price,11,35.42625,142.96000275
2026-08-19,day_ahead_price,12,21.09,136.08250025
2026-08-19,day_ahead_price,13,15.981251,129.0025005
2026-08-19,day_ahead_price,14,12.7125,127.86500149999999
2026-08-19,day_ahead_price,15,14.5275,131.08250225
2026-08-19,day_ahead_price,16,39.7975,138.56999975
2026-08-19,day_ahead_price,17,93.69,153.817501
2026-08-19,day_ahead_price,18,121.28625,183.72999975
2026-08-19,day_ahead_price,19,138.5075,207.6525
2026-08-19,day_ahead_price,20,151.455,209.38500200000001
2026-08-19,day_ahead_price,21,154.84125,206.12250125
2026-08-19,day_ahead_price,22,146.04,199.09749975
2026-08-19,day_ahead_price,23,134.7375,186.5475005
2026-08-19,capacity_price,0,1.2,0.4
2026-08-19,capacity_price,1,0.67,0.67
2026-08-19,capacity_price,2,0.67,0.67
2026-08-19,capacity_price,3,0.67,0.67
2026-08-19,capacity_price,4,1.2,20.0
2026-08-19,capacity_price,5,2.01,2.23
2026-08-19,capacity_price,6,2.2649999,2.23
2026-08-19,capacity_price,7,2.29,2.23
2026-08-19,capacity_price,8,2.26,2.23
2026-08-19,capacity_price,9,2.22,2.23
2026-08-19,capacity_price,10,2.01,2.23
2026-08-19,capacity_price,11,2.01,2.23
2026-08-19,capacity_price,12,1.34,2.23
2026-08-19,capacity_price,13,1.2,20.0
2026-08-19,capacity_price,14,0.67,9.23
2026-08-19,capacity_price,15,1.2,9.23
2026-08-19,capacity_price,16,2.01,6.69
2026-08-19,capacity_price,17,2.45,2.23
2026-08-19,capacity_price,18,3.24,2.23
2026-08-19,capacity_price,19,13.425,9.23
2026-08-19,capacity_price,20,27.09,21.0
2026-08-19,capacity_price,21,12.925,2.23
2026-08-19,capacity_price,22,4.0,2.23
2026-08-19,capacity_price,23,1.2,0.54
2026-08-19,activation_volume,0,9.82,0.07
2026-08-19,activation_volume,1,9.51,21.209999999999997
2026-08-19,activation_volume,2,3.71,11.030000000000001
2026-08-19,activation_volume,3,1.675,16.3
2026-08-19,activation_volume,4,2.06,13.18
2026-08-19,activation_volume,5,2.35,6.57
2026-08-19,activation_volume,6,2.36,2.24
2026-08-19,activation_volume,7,2.02,0.03
2026-08-19,activation_volume,8,3.04,1.6400000000000001
2026-08-19,activation_volume,9,5.9399996,3.2399999999999998
2026-08-19,activation_volume,10,5.005,8.59
2026-08-19,activation_volume,11,5.27,2.45
2026-08-19,activation_volume,12,5.1549997,1.2
2026-08-19,activation_volume,13,9.285,26.799999999999997
2026-08-19,activation_volume,14,3.83,13.850000000000001
2026-08-19,activation_volume,15,7.48,1.8800000000000001
2026-08-19,activation_volume,16,10.1,3.4000000000000004
2026-08-19,activation_volume,17,11.29,27.72
2026-08-19,activation_volume,18,6.1400003,6.57
2026-08-19,activation_volume,19,5.35,6.89
2026-08-19,activation_volume,20,4.895,7.3999999999999995
2026-08-19,activation_volume,21,4.915,2.88
2026-08-19,activation_volume,22,3.76,4.7299999999999995
2026-08-19,activation_volume,23,3.575,5.4399999999999995
2026-08-19,activation_price,0,144.05635,122.03
2026-08-19,activation_price,1,133.39127,187.92106082036776
2026-08-19,activation_price,2,137.92177,205.65876699909333
2026-08-19,activation_price,3,137.5238,215.13013496932516
2026-08-19,activation_price,4,148.0784,243.67241274658574
2026-08-19,activation_price,5,151.98427,261.1961948249619
2026-08-19,activation_price,6,160.3548,279.43312499999996
2026-08-19,activation_price,7,158.67078,67.76
2026-08-19,activation_price,8,150.83792,186.55499999999998
2026-08-19,activation_price,9,158.56148,197.19151234567903
2026-08-19,activation_price,10,115.65053,262.90606519208376
2026-08-19,activation_price,11,95.544846,159.4744081632653
2026-08-19,activation_price,12,71.032364,149.52675
2026-08-19,activation_price,13,75.79226,501.92834701492546
2026-08-19,activation_price,14,71.370316,181.86615884476532
2026-08-19,activation_price,15,66.55582,180.64425531914893
2026-08-19,activation_price,16,116.440285,193.18991176470584
2026-08-19,activation_price,17,156.42056,271.7042893217893
2026-08-19,activation_price,18,171.93872,248.3648706240487
2026-08-19,activation_price,19,166.76506,280.0807837445574
2026-08-19,activation_price,20,158.44041,235.69367567567568
2026-08-19,activation_price,21,159.91115,176.85958333333338
2026-08-19,activation_price,22,157.00471,213.46778012684993
2026-08-19,activation_price,23,153.03423,198.87520220588237
2026-08-20,day_ahead_price,0,127.6925,172.71249775
2026-08-20,day_ahead_price,1,120.3325,162.3500025
2026-08-20,day_ahead_price,2,114.973755,153.73250199999998
2026-08-20,day_ahead_price,3,112.6575,147.98749899999999
2026-08-20,day_ahead_price,4,113.005005,148.48249825
2026-08-20,day_ahead_price,5,115.815,159.43499774999998
2026-08-20,day_ahead_price,6,126.91625,182.6124955
2026-08-20,day_ahead_price,7,124.5275,186.387497
2026-08-20,day_ahead_price,8,113.229996,171.7475015
2026-08-20,day_ahead_price,9,91.8825,154.50499725
2026-08-20,day_ahead_price,10,52.3975,135.74249849999998
2026-08-20,day_ahead_price,11,31.03125,112.29000124999999
2026-08-20,day_ahead_price,12,27.158749,89.29250325
2026-08-20,day_ahead_price,13,16.810001,82.79749875
2026-08-20,day_ahead_price,14,10.7625,84.77750225
2026-08-20,day_ahead_price,15,20.5025,93.38250175
2026-08-20,day_ahead_price,16,57.276253,128.369999
2026-08-20,day_ahead_price,17,93.69,143.9474985
2026-08-20,day_ahead_price,18,122.265,164.42750174999998
2026-08-20,day_ahead_price,19,138.5075,193.28250125
2026-08-20,day_ahead_price,20,150.22375,201.1524965
2026-08-20,day_ahead_price,21,151.2325,195.6174965
2026-08-20,day_ahead_price,22,144.42,187.9275015
2026-08-20,day_ahead_price,23,130.87875,173.0149955
2026-08-20,capacity_price,0,1.2,0.67
2026-08-20,capacity_price,1,0.67,0.67
2026-08-20,capacity_price,2,0.67,0.54
2026-08-20,capacity_price,3,0.67,0.67
2026-08-20,capacity_price,4,1.2,2.02
2026-08-20,capacity_price,5,2.01,2.02
2026-08-20,capacity_price,6,2.26,2.02
2026-08-20,capacity_price,7,4.0,2.02
2026-08-20,capacity_price,8,4.0,2.02
2026-08-20,capacity_price,9,2.18,2.02
2026-08-20,capacity_price,10,2.01,2.02
2026-08-20,capacity_price,11,1.675,2.02
2026-08-20,capacity_price,12,1.135,7.89
2026-08-20,capacity_price,13,0.67,0.54
2026-08-20,capacity_price,14,0.67,0.54
2026-08-20,capacity_price,15,0.67,6.69
2026-08-20,capacity_price,16,1.46,6.69
2026-08-20,capacity_price,17,2.56,2.02
2026-08-20,capacity_price,18,4.0,2.02
2026-08-20,capacity_price,19,13.38,51.5
2026-08-20,capacity_price,20,29.31,51.5
2026-08-20,capacity_price,21,19.635,2.02
2026-08-20,capacity_price,22,6.45,2.02
2026-08-20,capacity_price,23,1.2,0.67
2026-08-20,activation_volume,0,8.98,2.05
2026-08-20,activation_volume,1,11.32,19.96
2026-08-20,activation_volume,2,4.51,4.58
2026-08-20,activation_volume,3,2.31,2.03
2026-08-20,activation_volume,4,2.15,0.79
2026-08-20,activation_volume,5,2.525,0.31
2026-08-20,activation_volume,6,2.845,0.1
2026-08-20,activation_volume,7,2.28,0.5
2026-08-20,activation_volume,8,3.705,0.64
2026-08-20,activation_volume,9,4.16,0.39999999999999997
2026-08-20,activation_volume,10,4.4,1.63
2026-08-20,activation_volume,11,4.375,16.64
2026-08-20,activation_volume,12,4.8100004,45.18
2026-08-20,activation_volume,13,7.99,62.56999999999999
2026-08-20,activation_volume,14,5.14,0.03
2026-08-20,activation_volume,15,5.75,19.48
2026-08-20,activation_volume,16,9.690001,9.64
2026-08-20,activation_volume,17,10.79,0.8500000000000001
2026-08-20,activation_volume,18,7.15,4.959999999999999
2026-08-20,activation_volume,19,4.245,0.22
2026-08-20,activation_volume,20,6.68,1.4100000000000001
2026-08-20,activation_volume,21,5.06,0.54
2026-08-20,activation_volume,22,3.72,0.25
2026-08-20,activation_volume,23,2.95,6.93
2026-08-20,activation_price,0,149.5918,186.08024390243904
2026-08-20,activation_price,1,136.66653,188.87061122244486
2026-08-20,activation_price,2,131.31505,198.3607641921397
2026-08-20,activation_price,3,137.97554,195.96354679802954
2026-08-20,activation_price,4,148.65892,206.92253164556962
2026-08-20,activation_price,5,152.87929,214.48225806451612
2026-08-20,activation_price,6,153.1933,218.69799999999998
2026-08-20,activation_price,7,154.87631,224.9694
2026-08-20,activation_price,8,155.33783,202.51749999999998
2026-08-20,activation_price,9,161.89658,209.75875000000005
2026-08-20,activation_price,10,115.38388,175.7811656441718
2026-08-20,activation_price,11,78.49266,223.1953846153846
2026-08-20,activation_price,12,65.78258,631.6612129260735
2026-08-20,activation_price,13,84.1007,895.408309093815
2026-08-20,activation_price,14,77.65005,87.62333333333335
2026-08-20,activation_price,15,76.855415,208.58530800821356
2026-08-20,activation_price,16,116.76753,280.1282987551867
2026-08-20,activation_price,17,160.30124,210.4424705882353
2026-08-20,activation_price,18,170.10257,229.09092741935487
2026-08-20,activation_price,19,158.13647,220.0727272727273
2026-08-20,activation_price,20,155.67397,206.13886524822692
2026-08-20,activation_price,21,151.16115,202.46481481481484
2026-08-20,activation_price,22,155.50937,185.68400000000003
2026-08-20,activation_price,23,142.01111,195.26896103896104
2026-08-21,day_ahead_price,0,130.235,170.3499985
2026-08-21,day_ahead_price,1,121.76875,160.4900015
2026-08-21,day_ahead_price,2,118.4075,152.3025015
2026-08-21,day_ahead_price,3,115.916245,151.467499
2026-08-21,day_ahead_price,4,115.03,153.1624985
2026-08-21,day_ahead_price,5,119.375,165.71500025
2026-08-21,day_ahead_price,6,124.7,188.87499625
2026-08-21,day_ahead_price,7,121.43,193.89000325
2026-08-21,day_ahead_price,8,112.315,192.58500300000003
2026-08-21,day_ahead_price,9,79.8875,167.82999775000002
2026-08-21,day_ahead_price,10,37.42,148.99999975
2026-08-21,day_ahead_price,11,21.599998,138.68000025
2026-08-21,day_ahead_price,12,16.055,134.42499925
2026-08-21,day_ahead_price,13,11.7925,138.66749975
2026-08-21,day_ahead_price,14,9.295,140.03499975
2026-08-21,day_ahead_price,15,16.9725,146.47500225
2026-08-21,day_ahead_price,16,49.817497,151.90749725
2026-08-21,day_ahead_price,17,94.225006,170.80749525000002
2026-08-21,day_ahead_price,18,122.026245,189.65750150000002
2026-08-21,day_ahead_price,19,141.37,204.34999825
2026-08-21,day_ahead_price,20,154.6,204.16999825
2026-08-21,day_ahead_price,21,156.22125,198.71500400000002
2026-08-21,day_ahead_price,22,147.2275,187.38750075000002
2026-08-21,day_ahead_price,23,132.82501,173.49999999999997
2026-08-21,capacity_price,0,1.2,0.67
2026-08-21,capacity_price,1,1.2,0.4
2026-08-21,capacity_price,2,0.67,0.4
2026-08-21,capacity_price,3,0.67,0.4
2026-08-21,capacity_price,4,1.2,41.87
2026-08-21,capacity_price,5,2.01,2.39
2026-08-21,capacity_price,6,2.18,2.39
2026-08-21,capacity_price,7,2.46,2.39
2026-08-21,capacity_price,8,2.4650002,2.39
2026-08-21,capacity_price,9,2.36,2.39
2026-08-21,capacity_price,10,2.01,2.39
2026-08-21,capacity_price,11,1.2,2.39
2026-08-21,capacity_price,12,1.2,7.89
2026-08-21,capacity_price,13,0.67,7.89
2026-08-21,capacity_price,14,0.67,7.89
2026-08-21,capacity_price,15,0.67,9.23
2026-08-21,capacity_price,16,1.2,2.39
2026-08-21,capacity_price,17,2.4650002,2.39
2026-08-21,capacity_price,18,4.95,2.39
2026-08-21,capacity_price,19,12.780001,105.41
2026-08-21,capacity_price,20,26.955,108.75
2026-08-21,capacity_price,21,23.24,2.39
2026-08-21,capacity_price,22,4.0,2.39
2026-08-21,capacity_price,23,1.2,7.89
2026-08-21,activation_volume,0,7.42,6.739999999999999
2026-08-21,activation_volume,1,9.575001,1.4000000000000001
2026-08-21,activation_volume,2,4.51,0.22
2026-08-21,activation_volume,3,2.28,0.33999999999999997
2026-08-21,activation_volume,4,2.23,0.88
2026-08-21,activation_volume,5,3.67,1.53
2026-08-21,activation_volume,6,3.5,2.83
2026-08-21,activation_volume,7,1.54,0.37
2026-08-21,activation_volume,8,3.75,3.6199999999999997
2026-08-21,activation_volume,9,5.81,1.7800000000000002
2026-08-21,activation_volume,10,5.69,1.56
2026-08-21,activation_volume,11,7.045,2.8
2026-08-21,activation_volume,12,7.5600004,1.39
2026-08-21,activation_volume,13,10.07,3.71
2026-08-21,activation_volume,14,9.94,3.05
2026-08-21,activation_volume,15,8.985001,2.05
2026-08-21,activation_volume,16,14.684999,7.53
2026-08-21,activation_volume,17,13.56,7.44
2026-08-21,activation_volume,18,7.9400005,1.81
2026-08-21,activation_volume,19,5.415,1.92
2026-08-21,activation_volume,20,4.61,3.54
2026-08-21,activation_volume,21,6.3500004,3.45
2026-08-21,activation_volume,22,3.68,1.17
2026-08-21,activation_volume,23,2.59,0.68
2026-08-21,activation_price,0,141.14159,192.17256676557867
2026-08-21,activation_price,1,127.142715,182.50192857142855
2026-08-21,activation_price,2,142.87714,195.0709090909091
2026-08-21,activation_price,3,137.89761,188.99529411764706
2026-08-21,activation_price,4,143.79327,202.52136363636362
2026-08-21,activation_price,5,154.93341,194.99411764705883
2026-08-21,activation_price,6,157.41269,210.96106007067135
2026-08-21,activation_price,7,154.24577,185.3962162162162
2026-08-21,activation_price,8,154.2794,192.3650552486188
2026-08-21,activation_price,9,140.95657,210.86146067415729
2026-08-21,activation_price,10,102.14407,196.58128205128202
2026-08-21,activation_price,11,86.76958,207.133
2026-08-21,activation_price,12,64.60268,201.32827338129502
2026-08-21,activation_price,13,69.72034,186.15695417789757
2026-08-21,activation_price,14,63.96424,211.78252459016394
2026-08-21,activation_price,15,80.130104,187.12560975609756
2026-08-21,activation_price,16,141.29697,206.24069057104913
2026-08-21,activation_price,17,162.39694,215.36298387096772
2026-08-21,activation_price,18,173.81,195.36906077348064
2026-08-21,activation_price,19,164.40721,190.30479166666663
2026-08-21,activation_price,20,160.48682,183.9325988700565
2026-08-21,activation_price,21,159.9549,173.80376811594203
2026-08-21,activation_price,22,156.17323,166.57948717948722
2026-08-21,activation_price,23,149.3353,165.0814705882353
2026-08-22,day_ahead_price,0,130.26001,167.66499725
2026-08-22,day_ahead_price,1,123.79,161.5200005
2026-08-22,day_ahead_price,2,118.7025,158.7125015
2026-08-22,day_ahead_price,3,115.99875,154.34249875
2026-08-22,day_ahead_price,4,115.415,148.21500025
2026-08-22,day_ahead_price,5,119.979996,144.51750175
2026-08-22,day_ahead_price,6,122.424995,153.1100005
2026-08-22,day_ahead_price,7,122.575,142.50500075
2026-08-22,day_ahead_price,8,112.365,128.13000275000002
2026-08-22,day_ahead_price,9,77.055,90.1949995
2026-08-22,day_ahead_price,10,40.338753,49.66
2026-08-22,day_ahead_price,11,26.495,18.94250025
2026-08-22,day_ahead_price,12,18.30375,1.5725
2026-08-22,day_ahead_price,13,14.9975,1.345
2026-08-22,day_ahead_price,14,16.9125,1.235
2026-08-22,day_ahead_price,15,18.435001,1.2275
2026-08-22,day_ahead_price,16,52.02375,1.6600000000000001
2026-08-22,day_ahead_price,17,95.9875,29.15249925
2026-08-22,day_ahead_price,18,123.705,104.78249925
2026-08-22,day_ahead_price,19,146.97876,134.8199995
2026-08-22,day_ahead_price,20,163.0025,137.43000025
2026-08-22,day_ahead_price,21,162.3125,130.0075015
2026-08-22,day_ahead_price,22,153.08624,124.01500125
2026-08-22,day_ahead_price,23,138.96625,124.02750025
2026-08-22,capacity_price,0,1.2,2.0
2026-08-22,capacity_price,1,0.67,0.54
2026-08-22,capacity_price,2,0.67,0.4
2026-08-22,capacity_price,3,0.67,0.4
2026-08-22,capacity_price,4,1.2,0.67
2026-08-22,capacity_price,5,2.01,20.0
2026-08-22,capacity_price,6,2.19,2.4
2026-08-22,capacity_price,7,2.385,2.4
2026-08-22,capacity_price,8,2.385,2.4
2026-08-22,capacity_price,9,2.19,2.4
2026-08-22,capacity_price,10,2.01,2.4
2026-08-22,capacity_price,11,1.2,1.34
2026-08-22,capacity_price,12,1.135,0.4
2026-08-22,capacity_price,13,0.67,0.4
2026-08-22,capacity_price,14,0.67,0.4
2026-08-22,capacity_price,15,1.2,0.67
2026-08-22,capacity_price,16,1.465,0.67
2026-08-22,capacity_price,17,2.37,2.4
2026-08-22,capacity_price,18,2.44,2.4
2026-08-22,capacity_price,19,13.38,46.68
2026-08-22,capacity_price,20,40.1,2.4
2026-08-22,capacity_price,21,28.58,2.4
2026-08-22,capacity_price,22,10.79,39.33
2026-08-22,capacity_price,23,1.2,2.4
2026-08-22,activation_volume,0,8.805,2.23
2026-08-22,activation_volume,1,7.21,3.16
2026-08-22,activation_volume,2,2.25,0.9400000000000001
2026-08-22,activation_volume,3,2.0,1.4300000000000002
2026-08-22,activation_volume,4,1.28,2.7299999999999995
2026-08-22,activation_volume,5,2.8000002,0.18
2026-08-22,activation_volume,6,2.38,2.02
2026-08-22,activation_volume,7,2.04,1.5699999999999998
2026-08-22,activation_volume,8,2.69,0.73
2026-08-22,activation_volume,9,5.37,0.34
2026-08-22,activation_volume,10,3.2849998,35.19
2026-08-22,activation_volume,11,4.56,0.0
2026-08-22,activation_volume,12,4.39,4.01
2026-08-22,activation_volume,13,8.68,5.9399999999999995
2026-08-22,activation_volume,14,6.0,2.6599999999999997
2026-08-22,activation_volume,15,5.6400003,0.77
2026-08-22,activation_volume,16,11.745,0.16999999999999998
2026-08-22,activation_volume,17,7.8199997,5.959999999999999
2026-08-22,activation_volume,18,9.139999,9.13
2026-08-22,activation_volume,19,5.81,4.92
2026-08-22,activation_volume,20,5.56,5.29
2026-08-22,activation_volume,21,6.2,13.950000000000001
2026-08-22,activation_volume,22,4.48,11.959999999999999
2026-08-22,activation_volume,23,3.94,11.76
2026-08-22,activation_price,0,153.28098,170.39130044843048
2026-08-22,activation_price,1,138.76903,167.96740506329115
2026-08-22,activation_price,2,143.75859,157.32851063829787
2026-08-22,activation_price,3,145.99126,148.08076923076922
2026-08-22,activation_price,4,152.68152,188.29538461538462
2026-08-22,activation_price,5,153.14555,135.73666666666668
2026-08-22,activation_price,6,158.09132,203.76336633663368
2026-08-22,activation_price,7,154.87631,177.7795541401274
2026-08-22,activation_price,8,149.30206,190.46205479452058
2026-08-22,activation_price,9,135.39044,79.41
2026-08-22,activation_price,10,126.2953,494.64427109974423
2026-08-22,activation_price,11,77.612854,
2026-08-22,activation_price,12,67.04608,32.71713216957607
2026-08-22,activation_price,13,68.44878,38.0686531986532
2026-08-22,activation_price,14,71.487915,21.36699248120301
2026-08-22,activation_price,15,84.39046,15.260000000000003
2026-08-22,activation_price,16,132.0204,16.154117647058825
2026-08-22,activation_price,17,169.01785,32.3015100671141
2026-08-22,activation_price,18,192.97372,223.7310295728368
2026-08-22,activation_price,19,171.59033,144.765081300813
2026-08-22,activation_price,20,170.6229,159.76712665406424
2026-08-22,activation_price,21,159.99863,165.81889605734767
2026-08-22,activation_price,22,156.54254,155.47265050167226
2026-08-22,activation_price,23,154.74304,188.07235544217687
2026-08-23,day_ahead_price,0,130.235,128.67250099999998
2026-08-23,day_ahead_price,1,122.7825,124.017498
2026-08-23,day_ahead_price,2,118.4075,118.01999649999999
2026-08-23,day_ahead_price,3,115.83,115.30500049999999
2026-08-23,day_ahead_price,4,115.325,113.99999799999999
2026-08-23,day_ahead_price,5,121.18,116.2075025
2026-08-23,day_ahead_price,6,128.9975,116.22249975
2026-08-23,day_ahead_price,7,126.11,102.09249875
2026-08-23,day_ahead_price,8,119.18,49.2875005
2026-08-23,day_ahead_price,9,95.44624,1.325
2026-08-23,day_ahead_price,10,74.223755,0.2775
2026-08-23,day_ahead_price,11,34.16375,0.7450000000000001
2026-08-23,day_ahead_price,12,29.102499,1.6575
2026-08-23,day_ahead_price,13,24.475,1.535
2026-08-23,day_ahead_price,14,21.79875,1.11
2026-08-23,day_ahead_price,15,40.103752,-0.0025
2026-08-23,day_ahead_price,16,61.555,0.4575
2026-08-23,day_ahead_price,17,98.0775,47.9750005
2026-08-23,day_ahead_price,18,124.63125,142.54750074999998
2026-08-23,day_ahead_price,19,147.455,178.85500325
2026-08-23,day_ahead_price,20,161.94,184.83749775
2026-08-23,day_ahead_price,21,155.69876,179.6875
2026-08-23,day_ahead_price,22,144.96124,173.942501
2026-08-23,day_ahead_price,23,131.8025,166.39249825000002
2026-08-23,capacity_price,0,1.2,9.23
2026-08-23,capacity_price,1,0.93500006,2.01
2026-08-23,capacity_price,2,0.67,0.4
2026-08-23,capacity_price,3,0.67,0.67
2026-08-23,capacity_price,4,2.0,0.4
2026-08-23,capacity_price,5,2.01,0.67
2026-08-23,capacity_price,6,2.28,2.4
2026-08-23,capacity_price,7,3.24,2.4
2026-08-23,capacity_price,8,4.0,2.4
2026-08-23,capacity_price,9,2.21,5.0
2026-08-23,capacity_price,10,2.01,2.45
2026-08-23,capacity_price,11,2.01,0.54
2026-08-23,capacity_price,12,1.2,0.67
2026-08-23,capacity_price,13,0.67,0.67
2026-08-23,capacity_price,14,0.67,0.4
2026-08-23,capacity_price,15,0.67,0.67
2026-08-23,capacity_price,16,2.01,0.67
2026-08-23,capacity_price,17,3.35,6.69
2026-08-23,capacity_price,18,4.0,2.4
2026-08-23,capacity_price,19,15.7,2.4
2026-08-23,capacity_price,20,26.0,45.3
2026-08-23,capacity_price,21,26.89,45.3
2026-08-23,capacity_price,22,4.0,2.4
2026-08-23,capacity_price,23,1.2,7.89
2026-08-23,activation_volume,0,8.975,1.29
2026-08-23,activation_volume,1,11.2,8.33
2026-08-23,activation_volume,2,5.045,9.22
2026-08-23,activation_volume,3,2.22,12.729999999999999
2026-08-23,activation_volume,4,1.645,20.740000000000002
2026-08-23,activation_volume,5,2.73,8.379999999999999
2026-08-23,activation_volume,6,4.5150003,2.99
2026-08-23,activation_volume,7,2.435,0.5800000000000001
2026-08-23,activation_volume,8,3.49,0.63
2026-08-23,activation_volume,9,4.1099997,6.9399999999999995
2026-08-23,activation_volume,10,4.615,4.56
2026-08-23,activation_volume,11,6.17,0.01
2026-08-23,activation_volume,12,6.8450003,0.02
2026-08-23,activation_volume,13,13.865,8.93
2026-08-23,activation_volume,14,8.355,16.86
2026-08-23,activation_volume,15,8.56,0.18
2026-08-23,activation_volume,16,10.565,17.07
2026-08-23,activation_volume,17,12.71,29.41
2026-08-23,activation_volume,18,7.86,10.68
2026-08-23,activation_volume,19,4.51,4.92
2026-08-23,activation_volume,20,4.61,1.87
2026-08-23,activation_volume,21,5.67,1.26
2026-08-23,activation_volume,22,3.64,0.37
2026-08-23,activation_volume,23,2.87,4.3
2026-08-23,activation_price,0,153.18964,141.97713178294572
2026-08-23,activation_price,1,134.36353,157.8465786314526
2026-08-23,activation_price,2,139.54582,191.5925379609544
2026-08-23,activation_price,3,138.61514,194.34119402985073
2026-08-23,activation_price,4,155.70139,177.62006268080998
2026-08-23,activation_price,5,155.36227,203.9143675417661
2026-08-23,activation_price,6,162.1776,201.51
2026-08-23,activation_price,7,167.1702,133.3655172413793
2026-08-23,activation_price,8,161.01643,117.19
2026-08-23,activation_price,9,155.22638,76.91837175792507
2026-08-23,activation_price,10,128.79431,24.324385964912285
2026-08-23,activation_price,11,95.58708,11.91
2026-08-23,activation_price,12,72.4834,3.15
2026-08-23,activation_price,13,99.192696,23.497995520716685
2026-08-23,activation_price,14,90.06607,26.492953736654805
2026-08-23,activation_price,15,80.130104,1.4400000000000004
2026-08-23,activation_price,16,133.27823,125.36661980082016
2026-08-23,activation_price,17,172.38135,197.1215844950697
2026-08-23,activation_price,18,175.87906,262.64441947565547
2026-08-23,activation_price,19,166.8768,268.76168699186996
2026-08-23,activation_price,20,162.39545,188.53208556149733
2026-08-23,activation_price,21,159.67938,179.29642857142858
2026-08-23,activation_price,22,155.54388,168.7837837837838
2026-08-23,activation_price,23,147.37183,184.0726511627907
2026-08-24,day_ahead_price,0,131.52374,160.8899995
2026-08-24,day_ahead_price,1,125.443756,153.10749825
2026-08-24,day_ahead_price,2,121.76625,148.64749924999998
2026-08-24,day_ahead_price,3,118.634995,148.6225015
2026-08-24,day_ahead_price,4,116.3875,150.800003
2026-08-24,day_ahead_price,5,120.045,171.11500175
2026-08-24,day_ahead_price,6,122.2625,206.170002
2026-08-24,day_ahead_price,7,118.67,208.3325005
2026-08-24,day_ahead_price,8,103.534996,178.52250275
2026-08-24,day_ahead_price,9,72.39,143.9375055
2026-08-24,day_ahead_price,10,27.8075,110.76500300000001
2026-08-24,day_ahead_price,11,8.66375,78.64249925
2026-08-24,day_ahead_price,12,8.17625,56.72500049999999
2026-08-24,day_ahead_price,13,5.9775,60.717499749999995
2026-08-24,day_ahead_price,14,5.0975,65.03499875
2026-08-24,day_ahead_price,15,9.41,85.05000050000001
2026-08-24,day_ahead_price,16,32.23,108.14250175
2026-08-24,day_ahead_price,17,84.057495,143.47249775
2026-08-24,day_ahead_price,18,120.67874,183.2024995
2026-08-24,day_ahead_price,19,138.835,220.75000375000002
2026-08-24,day_ahead_price,20,154.43124,222.75749975
2026-08-24,day_ahead_price,21,152.325,188.93499749999998
2026-08-24,day_ahead_price,22,144.93,171.4275015
2026-08-24,day_ahead_price,23,136.295,154.35250075
2026-08-24,capacity_price,0,1.2,0.67
2026-08-24,capacity_price,1,1.07,0.4
2026-08-24,capacity_price,2,0.67,0.67
2026-08-24,capacity_price,3,0.87,0.4
2026-08-24,capacity_price,4,1.6,2.01
2026-08-24,capacity_price,5,2.01,2.2
2026-08-24,capacity_price,6,2.1550002,2.2
2026-08-24,capacity_price,7,2.345,2.2
2026-08-24,capacity_price,8,2.19,2.2
2026-08-24,capacity_price,9,2.2350001,2.2
2026-08-24,capacity_price,10,2.01,4.0
2026-08-24,capacity_price,11,1.2,4.0
2026-08-24,capacity_price,12,0.67,2.2
2026-08-24,capacity_price,13,0.67,6.69
2026-08-24,capacity_price,14,0.67,6.69
2026-08-24,capacity_price,15,0.67,6.69
2026-08-24,capacity_price,16,1.375,7.89
2026-08-24,capacity_price,17,2.81,2.2
2026-08-24,capacity_price,18,2.33,2.2
2026-08-24,capacity_price,19,12.85,49.4
2026-08-24,capacity_price,20,27.09,49.4
2026-08-24,capacity_price,21,13.0,2.2
2026-08-24,capacity_price,22,2.455,2.2
2026-08-24,capacity_price,23,1.2,7.89
2026-08-24,activation_volume,0,7.42,3.73
2026-08-24,activation_volume,1,7.56,0.09
2026-08-24,activation_volume,2,2.76,1.02
2026-08-24,activation_volume,3,2.0149999,0.99
2026-08-24,activation_volume,4,2.15,0.55
2026-08-24,activation_volume,5,2.255,0.6799999999999999
2026-08-24,activation_volume,6,2.4650002,1.57
2026-08-24,activation_volume,7,1.28,3.12
2026-08-24,activation_volume,8,2.87,32.839999999999996
2026-08-24,activation_volume,9,5.34,0.12
2026-08-24,activation_volume,10,5.485,0.52
2026-08-24,activation_volume,11,6.55,13.809999999999999
2026-08-24,activation_volume,12,7.59,0.8600000000000001
2026-08-24,activation_volume,13,8.97,0.0
2026-08-24,activation_volume,14,7.065,0.23
2026-08-24,activation_volume,15,8.05,0.9000000000000001
2026-08-24,activation_volume,16,14.684999,4.77
2026-08-24,activation_volume,17,13.56,5.3
2026-08-24,activation_volume,18,8.04,6.380000000000001
2026-08-24,activation_volume,19,4.865,1.03
2026-08-24,activation_volume,20,4.44,5.78
2026-08-24,activation_volume,21,4.96,2.5599999999999996
2026-08-24,activation_volume,22,2.87,0.0
2026-08-24,activation_volume,23,2.68,0.46
2026-08-24,activation_price,0,144.042,161.51855227882038
2026-08-24,activation_price,1,133.46533,156.6
2026-08-24,activation_price,2,146.64493,177.10705882352943
2026-08-24,activation_price,3,140.66089,171.04131313131313
2026-08-24,activation_price,4,143.79327,174.7832727272727
2026-08-24,activation_price,5,153.97032,185.90617647058826
2026-08-24,activation_price,6,157.63423,210.10528662420384
2026-08-24,activation_price,7,150.59421,184.61935897435896
2026-08-24,activation_price,8,153.51913,527.9158647990257
2026-08-24,activation_price,9,145.1773,214.13750000000002
2026-08-24,activation_price,10,101.99243,166.99769230769232
2026-08-24,activation_price,11,69.4,142.7388414192614
2026-08-24,activation_price,12,44.908215,117.38372093023254
2026-08-24,activation_price,13,58.62709,
2026-08-24,activation_price,14,46.045425,68.55826086956522
2026-08-24,activation_price,15,75.368454,94.67799999999998
2026-08-24,activation_price,16,119.05658,166.24574423480087
2026-08-24,activation_price,17,166.16537,194.2087358490566
2026-08-24,activation_price,18,175.02618,232.93609717868338
2026-08-24,activation_price,19,166.8768,234.99864077669903
2026-08-24,activation_price,20,169.43059,222.9590830449827
2026-08-24,activation_price,21,159.15666,223.9288671875
2026-08-24,activation_price,22,156.13872,
2026-08-24,activation_price,23,151.1027,196.22565217391303
2026-08-27,day_ahead_price,0,132.7175,147.54000100000002
2026-08-27,day_ahead_price,1,124.43875,141.27000075
2026-08-27,day_ahead_price,2,119.8175,134.175003
2026-08-27,day_ahead_price,3,116.635,133.51250075000002
2026-08-27,day_ahead_price,4,115.415,135.54750049999998
2026-08-27,day_ahead_price,5,121.08625,141.782501
2026-08-27,day_ahead_price,6,131.0275,156.00749975
2026-08-27,day_ahead_price,7,126.85375,169.24000175
2026-08-27,day_ahead_price,8,118.83,157.06250025
2026-08-27,day_ahead_price,9,94.94625,121.60999875
2026-08-27,day_ahead_price,10,74.635,94.41500074999999
2026-08-27,day_ahead_price,11,42.752502,48.76749975
2026-08-27,day_ahead_price,12,25.215,2.2800000000000002
2026-08-27,day_ahead_price,13,20.055,1.5325
2026-08-27,day_ahead_price,14,19.2325,1.66
2026-08-27,day_ahead_price,15,17.697498,26.012500000000003
2026-08-27,day_ahead_price,16,52.02375,84.562498
2026-08-27,day_ahead_price,17,94.021255,134.41999825
2026-08-27,day_ahead_price,18,122.026245,151.75500075000002
2026-08-27,day_ahead_price,19,141.26999,156.58999649999998
2026-08-27,day_ahead_price,20,158.375,146.41999825
2026-08-27,day_ahead_price,21,156.22125,137.30000325000003
2026-08-27,day_ahead_price,22,151.93625,129.61749875
2026-08-27,day_ahead_price,23,135.125,129.5725
2026-08-27,capacity_price,0,1.2,0.4
2026-08-27,capacity_price,1,0.67,0.4
2026-08-27,capacity_price,2,0.67,0.67
2026-08-27,capacity_price,3,0.67,0.67
2026-08-27,capacity_price,4,2.0,2.06
2026-08-27,capacity_price,5,2.01,2.06
2026-08-27,capacity_price,6,2.225,2.06
2026-08-27,capacity_price,7,2.275,2.06
2026-08-27,capacity_price,8,2.3249998,2.06
2026-08-27,capacity_price,9,2.26,2.06
2026-08-27,capacity_price,10,2.01,4.0
2026-08-27,capacity_price,11,2.01,2.06
2026-08-27,capacity_price,12,1.2,2.06
2026-08-27,capacity_price,13,0.67,2.06
2026-08-27,capacity_price,14,0.67,2.94
2026-08-27,capacity_price,15,1.2,20.07
2026-08-27,capacity_price,16,1.74,2.06
2026-08-27,capacity_price,17,2.45,2.06
2026-08-27,capacity_price,18,2.45,133.77
2026-08-27,capacity_price,19,12.58,60.87
2026-08-27,capacity_price,20,14.2,2.06
2026-08-27,capacity_price,21,12.58,2.06
2026-08-27,capacity_price,22,2.45,2.06
2026-08-27,capacity_price,23,1.2,0.54
2026-08-27,activation_volume,0,6.92,1.8499999999999999
2026-08-27,activation_volume,1,9.47,2.75
2026-08-27,activation_volume,2,4.45,1.05
2026-08-27,activation_volume,3,3.41,0.9
2026-08-27,activation_volume,4,1.915,0.21
2026-08-27,activation_volume,5,1.9849999,0.73
2026-08-27,activation_volume,6,2.55,0.75
2026-08-27,activation_volume,7,1.735,0.32999999999999996
2026-08-27,activation_volume,8,3.05,0.29000000000000004
2026-08-27,activation_volume,9,4.45,11.3
2026-08-27,activation_volume,10,3.73,8.52
2026-08-27,activation_volume,11,7.01,20.01
2026-08-27,activation_volume,12,5.42,2.53
2026-08-27,activation_volume,13,6.06,49.41
2026-08-27,activation_volume,14,3.84,18.069999999999997
2026-08-27,activation_volume,15,11.28,33.27
2026-08-27,activation_volume,16,13.7,10.77
2026-08-27,activation_volume,17,10.79,1.8199999999999998
2026-08-27,activation_volume,18,5.46,0.8099999999999999
2026-08-27,activation_volume,19,4.355,0.99
2026-08-27,activation_volume,20,4.23,13.25
2026-08-27,activation_volume,21,4.33,5.65
2026-08-27,activation_volume,22,2.8,12.52
2026-08-27,activation_volume,23,2.79,0.0
2026-08-27,activation_price,0,142.04567,148.28524324324326
2026-08-27,activation_price,1,127.142715,140.4097818181818
2026-08-27,activation_price,2,136.93066,155.7506666666667
2026-08-27,activation_price,3,137.15,155.98122222222224
2026-08-27,activation_price,4,151.95245,162.46
2026-08-27,activation_price,5,152.13342,129.22808219178083
2026-08-27,activation_price,6,167.08559,230.53
2026-08-27,activation_price,7,165.07812,215.71787878787885
2026-08-27,activation_price,8,156.49086,221.11724137931034
2026-08-27,activation_price,9,162.52988,177.89118584070795
2026-08-27,activation_price,10,123.792816,169.9425704225352
2026-08-27,activation_price,11,87.715256,352.4626586706646
2026-08-27,activation_price,12,64.60268,36.07569169960474
2026-08-27,activation_price,13,77.26006,104.96065573770493
2026-08-27,activation_price,14,61.202633,106.71149418926399
2026-08-27,activation_price,15,99.464966,199.19327321911635
2026-08-27,activation_price,16,141.48276,174.96615598885793
2026-08-27,activation_price,17,168.89432,170.5036263736264
2026-08-27,activation_price,18,180.99806,138.36024691358023
2026-08-27,activation_price,19,172.55142,114.16525252525253
2026-08-27,activation_price,20,172.25792,163.37787924528305
2026-08-27,activation_price,21,162.63492,191.25
2026-08-27,activation_price,22,158.82,208.35346645367412
2026-08-27,activation_price,23,161.6357,
2026-08-28,day_ahead_price,0,130.28876,107.90750125000001
2026-08-28,day_ahead_price,1,123.4075,110.6799985
2026-08-28,day_ahead_price,2,119.14125,112.992502
2026-08-28,day_ahead_price,3,116.401245,113.93000024999999
2026-08-28,day_ahead_price,4,116.3875,113.70750025
2026-08-28,day_ahead_price,5,123.32,123.0625
2026-08-28,day_ahead_price,6,128.9975,141.53750575
2026-08-28,day_ahead_price,7,125.880005,153.15250025
2026-08-28,day_ahead_price,8,118.83,154.08749775
2026-08-28,day_ahead_price,9,97.41375,150.95500175
2026-08-28,day_ahead_price,10,76.89,139.96249975
2026-08-28,day_ahead_price,11,48.7725,125.817499
2026-08-28,day_ahead_price,12,28.735,115.05249975000001
2026-08-28,day_ahead_price,13,21.62,99.99000175
2026-08-28,day_ahead_price,14,18.08125,106.12250125000001
2026-08-28,day_ahead_price,15,35.2,114.71500025
2026-08-28,day_ahead_price,16,56.7225,117.12500175
2026-08-28,day_ahead_price,17,95.9625,141.82749950000002
2026-08-28,day_ahead_price,18,122.402504,160.27750025
2026-08-28,day_ahead_price,19,147.75876,172.53500375000002
2026-08-28,day_ahead_price,20,161.17125,176.53249725
2026-08-28,day_ahead_price,21,158.35251,165.69750225
2026-08-28,day_ahead_price,22,150.69376,161.25500075
2026-08-28,day_ahead_price,23,138.87,143.892498
2026-08-28,capacity_price,0,1.8050001,0.4
2026-08-28,capacity_price,1,1.135,0.67
2026-08-28,capacity_price,2,0.67,0.54
2026-08-28,capacity_price,3,0.67,0.54
2026-08-28,capacity_price,4,2.0,2.01
2026-08-28,capacity_price,5,2.01,2.01
2026-08-28,capacity_price,6,2.2350001,2.01
2026-08-28,capacity_price,7,2.44,2.01
2026-08-28,capacity_price,8,2.36,2.01
2026-08-28,capacity_price,9,2.2649999,2.01
2026-08-28,capacity_price,10,2.26,2.01
2026-08-28,capacity_price,11,2.01,2.01
2026-08-28,capacity_price,12,1.34,2.01
2026-08-28,capacity_price,13,0.67,2.01
2026-08-28,capacity_price,14,0.67,2.01
2026-08-28,capacity_price,15,1.2,2.01
2026-08-28,capacity_price,16,2.01,2.01
2026-08-28,capacity_price,17,2.38,2.01
2026-08-28,capacity_price,18,2.29,2.01
2026-08-28,capacity_price,19,13.115,77.2
2026-08-28,capacity_price,20,23.5,2.01
2026-08-28,capacity_price,21,12.925,28.8
2026-08-28,capacity_price,22,2.46,2.01
2026-08-28,capacity_price,23,1.6,0.54
2026-08-28,activation_volume,0,6.185,18.1
2026-08-28,activation_volume,1,7.21,64.25999999999999
2026-08-28,activation_volume,2,3.315,26.659999999999997
2026-08-28,activation_volume,3,1.63,3.0300000000000002
2026-08-28,activation_volume,4,1.62,15.870000000000001
2026-08-28,activation_volume,5,1.9849999,2.29
2026-08-28,activation_volume,6,2.38,8.98
2026-08-28,activation_volume,7,1.735,47.32
2026-08-28,activation_volume,8,3.42,28.39
2026-08-28,activation_volume,9,4.22,29.28
2026-08-28,activation_volume,10,3.1,34.870000000000005
2026-08-28,activation_volume,11,4.79,104.58999999999999
2026-08-28,activation_volume,12,4.085,39.79
2026-08-28,activation_volume,13,2.38,8.59
2026-08-28,activation_volume,14,2.525,7.03
2026-08-28,activation_volume,15,5.165,23.93
2026-08-28,activation_volume,16,7.29,11.93
2026-08-28,activation_volume,17,9.83,3.8899999999999997
2026-08-28,activation_volume,18,6.45,2.67
2026-08-28,activation_volume,19,4.3450003,0.42000000000000004
2026-08-28,activation_volume,20,4.92,3.97
2026-08-28,activation_volume,21,5.06,1.2399999999999998
2026-08-28,activation_volume,22,2.9,1.4900000000000002
2026-08-28,activation_volume,23,3.04,9.92
2026-08-28,activation_price,0,153.28098,133.18151933701657
2026-08-28,activation_price,1,133.91168,204.86027233115468
2026-08-28,activation_price,2,154.35132,197.8521792948237
2026-08-28,activation_price,3,155.73868,203.7639603960396
2026-08-28,activation_price,4,154.02446,310.03003780718336
2026-08-28,activation_price,5,160.98723,283.45340611353714
2026-08-28,activation_price,6,166.9273,279.1874610244989
2026-08-28,activation_price,7,168.51694,344.9300760777684
2026-08-28,activation_price,8,175.13179,340.404832687566
2026-08-28,activation_price,9,155.21971,416.6562158469945
2026-08-28,activation_price,10,130.10355,300.03943217665613
2026-08-28,activation_price,11,99.46,1041.485905918348
2026-08-28,activation_price,12,72.4834,681.1824780095502
2026-08-28,activation_price,13,78.20176,204.9409196740396
2026-08-28,activation_price,14,77.327736,195.77105263157893
2026-08-28,activation_price,15,76.2816,250.86402841621398
2026-08-28,activation_price,16,131.49226,209.56077116512992
2026-08-28,activation_price,17,167.64404,170.7059640102828
2026-08-28,activation_price,18,182.45897,173.3105617977528
2026-08-28,activation_price,19,170.21992,126.09119047619049
2026-08-28,activation_price,20,171.9518,173.69367758186397
2026-08-28,activation_price,21,159.36012,159.22725806451618
2026-08-28,activation_price,22,162.11653,166.46979865771812
2026-08-28,activation_price,23,156.0289,200.34921370967743
