TimeUTC,TimeDK,PriceArea,UpDemandMW,UpProcuredMW,UpPriceEUR,UpPriceDKK,DownDemandMW,DownProcuredMW,DownPriceEUR,DownPriceDKK
2026-08-31T21:00:00,2026-08-31T23:00:00,DK1,90.0,90.0,2.01,15.024951,20.0,20.0,0.02,0.149502
2026-08-31T20:00:00,2026-08-31T22:00:00,DK1,90.0,90.0,72.51,542.019501,20.0,20.0,0.02,0.149502
2026-08-31T19:00:00,2026-08-31T21:00:00,DK1,90.0,90.0,43.5,325.16685,20.0,20.0,0.02,0.149502
2026-08-31T18:00:00,2026-08-31T20:00:00,DK1,90.0,90.0,2.17,16.220967,20.0,20.0,0.02,0.149502
2026-08-31T17:00:00,2026-08-31T19:00:00,DK1,90.0,90.0,2.17,16.220967,20.0,20.0,0.02,0.149502
2026-08-31T16:00:00,2026-08-31T18:00:00,DK1,90.0,90.0,2.17,16.220967,20.0,20.0,0.02,0.149502
2026-08-31T15:00:00,2026-08-31T17:00:00,DK1,90.0,90.0,2.17,16.220967,20.0,20.0,0.02,0.149502
2026-08-31T14:00:00,2026-08-31T16:00:00,DK1,90.0,90.0,4.0,29.9004,20.0,20.0,0.02,0.149502
2026-08-31T13:00:00,2026-08-31T15:00:00,DK1,90.0,90.0,1.47,10.988397,20.0,20.0,0.02,0.149502
2026-08-31T12:00:00,2026-08-31T14:00:00,DK1,90.0,90.0,8.78,65.631378,20.0,20.0,0.02,0.149502
2026-08-31T11:00:00,2026-08-31T13:00:00,DK1,90.0,90.0,6.69,50.008419,20.0,20.0,0.02,0.149502
2026-08-31T10:00:00,2026-08-31T12:00:00,DK1,90.0,90.0,9.23,68.995173,20.0,20.0,0.02,0.149502
2026-08-31T09:00:00,2026-08-31T11:00:00,DK1,90.0,90.0,2.17,16.220967,20.0,20.0,0.02,0.149502
2026-08-31T08:00:00,2026-08-31T10:00:00,DK1,90.0,90.0,2.17,16.220967,20.0,20.0,0.02,0.149502
2026-08-31T07:00:00,2026-08-31T09:00:00,DK1,90.0,90.0,2.17,16.220967,20.0,20.0,0.02,0.149502
2026-08-31T06:00:00,2026-08-31T08:00:00,DK1,91.0,91.0,2.17,16.220967,20.0,20.0,0.02,0.149502
2026-08-31T05:00:00,2026-08-31T07:00:00,DK1,90.0,90.0,2.17,16.220967,20.0,20.0,0.02,0.149502
2026-08-31T04:00:00,2026-08-31T06:00:00,DK1,90.0,90.0,2.17,16.220967,20.0,20.0,0.02,0.149502
2026-08-31T03:00:00,2026-08-31T05:00:00,DK1,90.0,90.0,2.17,16.220967,20.0,20.0,0.02,0.149502
2026-08-31T02:00:00,2026-08-31T04:00:00,DK1,90.0,90.0,0.67,5.008317,20.0,20.0,0.02,0.149502
2026-08-31T01:00:00,2026-08-31T03:00:00,DK1,90.0,90.0,0.4,2.99004,20.0,20.0,0.02,0.149502
2026-08-31T00:00:00,2026-08-31T02:00:00,DK1,90.0,90.0,0.67,5.008317,20.0,21.0,0.02,0.149502
2026-08-30T23:00:00,2026-08-31T01:00:00,DK1,90.0,90.0,0.4,2.99004,20.0,20.0,0.02,0.149502
2026-08-30T22:00:00,2026-08-31T00:00:00,DK1,90.0,90.0,2.01,15.024951,20.0,20.0,0.02,0.149502
2026-08-30T21:00:00,2026-08-30T23:00:00,DK1,90.0,90.0,6.56,49.034688,20.0,21.0,0.02,0.149496
2026-08-30T20:00:00,2026-08-30T22:00:00,DK1,90.0,90.0,127.1,950.04708,20.0,20.0,0.02,0.149496
2026-08-30T19:00:00,2026-08-30T21:00:00,DK1,90.0,90.0,47.8,357.29544,20.0,20.0,0.02,0.149496
2026-08-30T18:00:00,2026-08-30T20:00:00,DK1,90.0,90.0,2.18,16.295064,20.0,20.0,0.02,0.149496
2026-08-30T17:00:00,2026-08-30T19:00:00,DK1,90.0,90.0,2.18,16.295064,20.0,20.0,0.02,0.149496
2026-08-30T16:00:00,2026-08-30T18:00:00,DK1,90.0,90.0,2.18,16.295064,20.0,20.0,0.02,0.149496
2026-08-30T15:00:00,2026-08-30T17:00:00,DK1,90.0,90.0,2.18,16.295064,20.0,20.0,0.02,0.149496
2026-08-30T14:00:00,2026-08-30T16:00:00,DK1,90.0,90.0,0.67,5.008116,20.0,20.0,0.02,0.149496
2026-08-30T13:00:00,2026-08-30T15:00:00,DK1,90.0,90.0,0.67,5.008116,20.0,20.0,0.02,0.149496
2026-08-30T12:00:00,2026-08-30T14:00:00,DK1,90.0,90.0,1.07,7.998036,20.0,20.0,0.02,0.149496
2026-08-30T11:00:00,2026-08-30T13:00:00,DK1,90.0,90.0,0.54,4.036392,20.0,20.0,0.02,0.149496
2026-08-30T10:00:00,2026-08-30T12:00:00,DK1,90.0,90.0,0.67,5.008116,20.0,20.0,0.02,0.149496
2026-08-30T09:00:00,2026-08-30T11:00:00,DK1,90.0,90.0,2.18,16.295064,20.0,20.0,0.02,0.149496
2026-08-30T08:00:00,2026-08-30T10:00:00,DK1,90.0,90.0,2.18,16.295064,20.0,20.0,0.02,0.149496
2026-08-30T07:00:00,2026-08-30T09:00:00,DK1,90.0,90.0,2.18,16.295064,20.0,20.0,0.02,0.149496
2026-08-30T06:00:00,2026-08-30T08:00:00,DK1,90.0,90.0,2.18,16.295064,20.0,20.0,0.02,0.149496
2026-08-30T05:00:00,2026-08-30T07:00:00,DK1,90.0,90.0,2.18,16.295064,20.0,20.0,0.02,0.149496
2026-08-30T04:00:00,2026-08-30T06:00:00,DK1,90.0,90.0,2.18,16.295064,20.0,20.0,0.02,0.149496
2026-08-30T03:00:00,2026-08-30T05:00:00,DK1,90.0,90.0,2.18,16.295064,20.0,20.0,0.02,0.149496
2026-08-30T02:00:00,2026-08-30T04:00:00,DK1,90.0,90.0,0.54,4.036392,20.0,20.0,0.02,0.149496
2026-08-30T01:00:00,2026-08-30T03:00:00,DK1,90.0,90.0,0.67,5.008116,20.0,20.0,0.02,0.149496
2026-08-30T00:00:00,2026-08-30T02:00:00,DK1,90.0,90.0,0.67,5.008116,20.0,20.0,0.02,0.149496
2026-08-29T23:00:00,2026-08-30T01:00:00,DK1,90.0,90.0,2.01,15.024348,20.0,20.0,0.02,0.149496
2026-08-29T22:00:00,2026-08-30T00:00:00,DK1,90.0,90.0,2.33,17.416284,20.0,20.0,0.02,0.149496
2026-08-29T21:00:00,2026-08-29T23:00:00,DK1,90.0,90.0,9.37,70.038876,20.0,21.0,0.02,0.149496
2026-08-29T20:00:00,2026-08-29T22:00:00,DK1,90.0,90.0,2.28,17.042544,20.0,21.0,0.02,0.149496
2026-08-29T19:00:00,2026-08-29T21:00:00,DK1,90.0,90.0,47.4,354.30552,20.0,21.0,0.02,0.149496
2026-08-29T18:00:00,2026-08-29T20:00:00,DK1,90.0,90.0,2.28,17.042544,20.0,20.0,0.02,0.149496
2026-08-29T17:00:00,2026-08-29T19:00:00,DK1,90.0,90.0,47.4,354.30552,20.0,20.0,0.02,0.149496
2026-08-29T16:00:00,2026-08-29T18:00:00,DK1,90.0,90.0,2.28,17.042544,20.0,20.0,0.02,0.149496
2026-08-29T15:00:00,2026-08-29T17:00:00,DK1,90.0,90.0,2.28,17.042544,20.0,20.0,0.02,0.149496
2026-08-29T14:00:00,2026-08-29T16:00:00,DK1,90.0,90.0,0.73,5.456604,20.0,20.0,0.02,0.149496
2026-08-29T13:00:00,2026-08-29T15:00:00,DK1,90.0,90.0,0.13,0.971724,20.0,20.0,0.02,0.149496
2026-08-29T12:00:00,2026-08-29T14:00:00,DK1,90.0,90.0,0.13,0.971724,20.0,20.0,0.02,0.149496
2026-08-29T11:00:00,2026-08-29T13:00:00,DK1,90.0,90.0,0.13,0.971724,20.0,20.0,0.02,0.149496
2026-08-29T10:00:00,2026-08-29T12:00:00,DK1,90.0,90.0,0.13,0.971724,20.0,20.0,0.02,0.149496
2026-08-29T09:00:00,2026-08-29T11:00:00,DK1,90.0,90.0,0.2,1.49496,20.0,20.0,0.02,0.149496
2026-08-29T08:00:00,2026-08-29T10:00:00,DK1,90.0,90.0,0.4,2.98992,20.0,20.0,0.02,0.149496
2026-08-29T07:00:00,2026-08-29T09:00:00,DK1,90.0,90.0,2.28,17.042544,20.0,20.0,0.02,0.149496
2026-08-29T06:00:00,2026-08-29T08:00:00,DK1,90.0,90.0,2.28,17.042544,20.0,20.0,0.02,0.149496
2026-08-29T05:00:00,2026-08-29T07:00:00,DK1,90.0,90.0,2.28,17.042544,20.0,20.0,0.02,0.149496
2026-08-29T04:00:00,2026-08-29T06:00:00,DK1,90.0,90.0,2.28,17.042544,20.0,20.0,0.02,0.149496
2026-08-29T03:00:00,2026-08-29T05:00:00,DK1,90.0,90.0,2.28,17.042544,20.0,20.0,0.02,0.149496
2026-08-29T02:00:00,2026-08-29T04:00:00,DK1,90.0,90.0,0.54,4.036392,20.0,20.0,0.02,0.149496
2026-08-29T01:00:00,2026-08-29T03:00:00,DK1,90.0,90.0,0.67,5.008116,20.0,20.0,0.02,0.149496
2026-08-29T00:00:00,2026-08-29T02:00:00,DK1,90.0,90.0,0.67,5.008116,20.0,20.0,0.02,0.149496
2026-08-28T23:00:00,2026-08-29T01:00:00,DK1,90.0,90.0,0.4,2.98992,20.0,20.0,0.02,0.149496
2026-08-28T22:00:00,2026-08-29T00:00:00,DK1,90.0,90.0,0.4,2.98992,20.0,20.0,0.02,0.149496
2026-08-28T21:00:00,2026-08-28T23:00:00,DK1,90.0,90.0,0.54,4.036392,20.0,20.0,0.02,0.149496
2026-08-28T20:00:00,2026-08-28T22:00:00,DK1,90.0,90.0,2.01,15.024348,20.0,20.0,0.02,0.149496
2026-08-28T19:00:00,2026-08-28T21:00:00,DK1,90.0,90.0,28.8,215.27424,20.0,20.0,0.02,0.149496
2026-08-28T18:00:00,2026-08-28T20:00:00,DK1,90.0,90.0,2.01,15.024348,20.0,20.0,0.02,0.149496
2026-08-28T17:00:00,2026-08-28T19:00:00,DK1,90.0,90.0,77.2,577.05456,20.0,20.0,0.02,0.149496
2026-08-28T16:00:00,2026-08-28T18:00:00,DK1,90.0,90.0,2.01,15.024348,20.0,20.0,0.02,0.149496
2026-08-28T15:00:00,2026-08-28T17:00:00,DK1,90.0,90.0,2.01,15.024348,20.0,20.0,0.02,0.149496
2026-08-28T14:00:00,2026-08-28T16:00:00,DK1,90.0,90.0,2.01,15.024348,20.0,20.0,0.02,0.149496
2026-08-28T13:00:00,2026-08-28T15:00:00,DK1,90.0,90.0,2.01,15.024348,20.0,20.0,0.02,0.149496
2026-08-28T12:00:00,2026-08-28T14:00:00,DK1,90.0,90.0,2.01,15.024348,20.0,20.0,0.02,0.149496
2026-08-28T11:00:00,2026-08-28T13:00:00,DK1,90.0,90.0,2.01,15.024348,20.0,20.0,0.02,0.149496
2026-08-28T10:00:00,2026-08-28T12:00:00,DK1,90.0,90.0,2.01,15.024348,20.0,20.0,0.02,0.149496
2026-08-28T09:00:00,2026-08-28T11:00:00,DK1,90.0,90.0,2.01,15.024348,20.0,20.0,0.02,0.149496
2026-08-28T08:00:00,2026-08-28T10:00:00,DK1,90.0,90.0,2.01,15.024348,20.0,20.0,0.02,0.149496
2026-08-28T07:00:00,2026-08-28T09:00:00,DK1,90.0,90.0,2.01,15.024348,20.0,20.0,0.02,0.149496
2026-08-28T06:00:00,2026-08-28T08:00:00,DK1,90.0,90.0,2.01,15.024348,20.0,20.0,0.02,0.149496
2026-08-28T05:00:00,2026-08-28T07:00:00,DK1,90.0,90.0,2.01,15.024348,20.0,20.0,0.02,0.149496
2026-08-28T04:00:00,2026-08-28T06:00:00,DK1,90.0,90.0,2.01,15.024348,20.0,21.0,0.02,0.149496
2026-08-28T03:00:00,2026-08-28T05:00:00,DK1,90.0,90.0,2.01,15.024348,20.0,20.0,0.02,0.149496
2026-08-28T02:00:00,2026-08-28T04:00:00,DK1,90.0,90.0,2.01,15.024348,20.0,20.0,0.02,0.149496
2026-08-28T01:00:00,2026-08-28T03:00:00,DK1,90.0,90.0,0.54,4.036392,20.0,20.0,0.02,0.149496
2026-08-28T00:00:00,2026-08-28T02:00:00,DK1,90.0,90.0,0.54,4.036392,20.0,20.0,0.02,0.149496
2026-08-27T23:00:00,2026-08-28T01:00:00,DK1,90.0,90.0,0.67,5.008116,20.0,20.0,0.02,0.149496
2026-08-27T22:00:00,2026-08-28T00:00:00,DK1,90.0,90.0,0.4,2.98992,20.0,20.0,0.02,0.149496
2026-08-27T21:00:00,2026-08-27T23:00:00,DK1,90.0,90.0,0.54,4.036338,20.0,20.0,0.01,0.074747
2026-08-27T20:00:00,2026-08-27T22:00:00,DK1,90.0,90.0,2.06,15.397882,20.0,20.0,0.01,0.074747
2026-08-27T19:00:00,2026-08-27T21:00:00,DK1,90.0,90.0,2.06,15.397882,20.0,20.0,0.01,0.074747
2026-08-27T18:00:00,2026-08-27T20:00:00,DK1,90.0,90.0,2.06,15.397882,20.0,20.0,0.03,0.224241
2026-08-27T17:00:00,2026-08-27T19:00:00,DK1,90.0,90.0,60.87,454.984989,20.0,20.0,0.01,0.074747
2026-08-27T16:00:00,2026-08-27T18:00:00,DK1,90.0,90.0,133.77,999.890619,20.0,20.0,0.01,0.074747
2026-08-27T15:00:00,2026-08-27T17:00:00,DK1,90.0,90.0,2.06,15.397882,20.0,20.0,0.02,0.149494
2026-08-27T14:00:00,2026-08-27T16:00:00,DK1,90.0,90.0,2.06,15.397882,20.0,20.0,0.02,0.149494
2026-08-27T13:00:00,2026-08-27T15:00:00,DK1,90.0,90.0,20.07,150.017229,20.0,20.0,0.02,0.149494
2026-08-27T12:00:00,2026-08-27T14:00:00,DK1,90.0,90.0,2.94,21.975618,20.0,20.0,0.02,0.149494
2026-08-27T11:00:00,2026-08-27T13:00:00,DK1,90.0,90.0,2.06,15.397882,20.0,20.0,0.02,0.149494
2026-08-27T10:00:00,2026-08-27T12:00:00,DK1,90.0,90.0,2.06,15.397882,20.0,20.0,0.02,0.149494
2026-08-27T09:00:00,2026-08-27T11:00:00,DK1,90.0,90.0,2.06,15.397882,20.0,20.0,0.02,0.149494
2026-08-27T08:00:00,2026-08-27T10:00:00,DK1,90.0,90.0,4.0,29.8988,20.0,20.0,0.02,0.149494
2026-08-27T07:00:00,2026-08-27T09:00:00,DK1,90.0,90.0,2.06,15.397882,20.0,20.0,0.02,0.149494
2026-08-27T06:00:00,2026-08-27T08:00:00,DK1,90.0,90.0,2.06,15.397882,20.0,20.0,0.02,0.149494
2026-08-27T05:00:00,2026-08-27T07:00:00,DK1,90.0,90.0,2.06,15.397882,20.0,20.0,0.02,0.149494
2026-08-27T04:00:00,2026-08-27T06:00:00,DK1,90.0,90.0,2.06,15.397882,20.0,20.0,0.02,0.149494
2026-08-27T03:00:00,2026-08-27T05:00:00,DK1,90.0,90.0,2.06,15.397882,20.0,20.0,0.01,0.074747
2026-08-27T02:00:00,2026-08-27T04:00:00,DK1,90.0,90.0,2.06,15.397882,20.0,20.0,0.01,0.074747
2026-08-27T01:00:00,2026-08-27T03:00:00,DK1,90.0,90.0,0.67,5.008049,20.0,20.0,0.01,0.074747
2026-08-27T00:00:00,2026-08-27T02:00:00,DK1,90.0,90.0,0.67,5.008049,20.0,20.0,0.01,0.074747
2026-08-26T23:00:00,2026-08-27T01:00:00,DK1,90.0,90.0,0.4,2.98988,20.0,20.0,0.01,0.074747
2026-08-26T22:00:00,2026-08-27T00:00:00,DK1,90.0,90.0,0.4,2.98988,20.0,20.0,0.01,0.074747
2026-08-26T21:00:00,2026-08-26T23:00:00,DK1,90.0,90.0,0.54,4.036878,20.0,20.0,0.01,0.074757
2026-08-26T20:00:00,2026-08-26T22:00:00,DK1,90.0,90.0,2.24,16.745568,20.0,20.0,0.01,0.074757
2026-08-26T19:00:00,2026-08-26T21:00:00,DK1,90.0,90.0,69.83,522.028131,20.0,20.0,0.01,0.074757
2026-08-26T18:00:00,2026-08-26T20:00:00,DK1,90.0,90.0,2.24,16.745568,20.0,20.0,0.01,0.074757
2026-08-26T17:00:00,2026-08-26T19:00:00,DK1,90.0,90.0,89.49,669.000393,20.0,20.0,0.01,0.074757
2026-08-26T16:00:00,2026-08-26T18:00:00,DK1,90.0,90.0,2.24,16.745568,20.0,20.0,0.01,0.074757
2026-08-26T15:00:00,2026-08-26T17:00:00,DK1,90.0,90.0,2.24,16.745568,20.0,20.0,0.02,0.149514
2026-08-26T14:00:00,2026-08-26T16:00:00,DK1,90.0,90.0,2.24,16.745568,20.0,20.0,0.02,0.149514
2026-08-26T13:00:00,2026-08-26T15:00:00,DK1,90.0,90.0,2.24,16.745568,20.0,20.0,0.02,0.149514
2026-08-26T12:00:00,2026-08-26T14:00:00,DK1,90.0,90.0,2.24,16.745568,20.0,20.0,0.02,0.149514
2026-08-26T11:00:00,2026-08-26T13:00:00,DK1,90.0,90.0,2.24,16.745568,20.0,20.0,0.02,0.149514
2026-08-26T10:00:00,2026-08-26T12:00:00,DK1,90.0,90.0,2.24,16.745568,20.0,20.0,0.02,0.149514
2026-08-26T09:00:00,2026-08-26T11:00:00,DK1,90.0,90.0,33.44,249.987408,20.0,20.0,0.02,0.149514
2026-08-26T08:00:00,2026-08-26T10:00:00,DK1,90.0,90.0,25.28,188.985696,20.0,20.0,0.02,0.149514
2026-08-26T07:00:00,2026-08-26T09:00:00,DK1,90.0,90.0,2.24,16.745568,20.0,20.0,0.02,0.149514
2026-08-26T06:00:00,2026-08-26T08:00:00,DK1,90.0,90.0,2.24,16.745568,20.0,20.0,0.02,0.149514
2026-08-26T05:00:00,2026-08-26T07:00:00,DK1,90.0,90.0,2.24,16.745568,20.0,20.0,0.02,0.149514
2026-08-26T04:00:00,2026-08-26T06:00:00,DK1,90.0,90.0,2.24,16.745568,20.0,20.0,0.02,0.149514
2026-08-26T03:00:00,2026-08-26T05:00:00,DK1,90.0,90.0,2.24,16.745568,20.0,20.0,0.01,0.074757
2026-08-26T02:00:00,2026-08-26T04:00:00,DK1,90.0,90.0,2.24,16.745568,20.0,20.0,0.01,0.074757
2026-08-26T01:00:00,2026-08-26T03:00:00,DK1,90.0,90.0,0.67,5.008719,20.0,20.0,0.01,0.074757
2026-08-26T00:00:00,2026-08-26T02:00:00,DK1,90.0,90.0,0.67,5.008719,20.0,20.0,0.01,0.074757
2026-08-25T23:00:00,2026-08-26T01:00:00,DK1,90.0,90.0,0.67,5.008719,20.0,20.0,0.01,0.074757
2026-08-25T22:00:00,2026-08-26T00:00:00,DK1,90.0,90.0,0.4,2.99028,20.0,20.0,0.01,0.074757
2026-08-25T21:00:00,2026-08-25T23:00:00,DK1,90.0,90.0,0.54,4.036662,20.0,20.0,0.01,0.074753
2026-08-25T20:00:00,2026-08-25T22:00:00,DK1,90.0,90.0,49.7,371.52241,20.0,20.0,0.01,0.074753
2026-08-25T19:00:00,2026-08-25T21:00:00,DK1,90.0,90.0,77.32,577.990196,20.0,20.0,0.01,0.074753
2026-08-25T18:00:00,2026-08-25T20:00:00,DK1,90.0,90.0,81.6,609.98448,20.0,20.0,0.01,0.074753
2026-08-25T17:00:00,2026-08-25T19:00:00,DK1,90.0,90.0,86.01,642.950553,20.0,20.0,0.01,0.074753
2026-08-25T16:00:00,2026-08-25T18:00:00,DK1,90.0,90.0,65.01,485.969253,20.0,20.0,0.01,0.074753
2026-08-25T15:00:00,2026-08-25T17:00:00,DK1,90.0,90.0,99.77,745.810681,20.0,20.0,0.01,0.074753
2026-08-25T14:00:00,2026-08-25T16:00:00,DK1,90.0,90.0,38.46,287.500038,20.0,20.0,0.0,0.0
2026-08-25T13:00:00,2026-08-25T15:00:00,DK1,90.0,90.0,68.88,514.898664,20.0,20.0,0.01,0.074753
2026-08-25T12:00:00,2026-08-25T14:00:00,DK1,90.0,90.0,6.69,50.009757,20.0,20.0,0.01,0.074753
2026-08-25T11:00:00,2026-08-25T13:00:00,DK1,90.0,90.0,8.83,66.006899,20.0,20.0,0.01,0.074753
2026-08-25T10:00:00,2026-08-25T12:00:00,DK1,90.0,90.0,58.99,440.967947,20.0,20.0,0.01,0.074753
2026-08-25T09:00:00,2026-08-25T11:00:00,DK1,90.0,90.0,27.08,202.431124,20.0,20.0,0.01,0.074753
2026-08-25T08:00:00,2026-08-25T10:00:00,DK1,90.0,90.0,33.4,249.67502,20.0,20.0,0.01,0.074753
2026-08-25T07:00:00,2026-08-25T09:00:00,DK1,90.0,90.0,40.4,302.00212,20.0,20.0,0.01,0.074753
2026-08-25T06:00:00,2026-08-25T08:00:00,DK1,90.0,90.0,65.68,490.977704,20.0,20.0,0.01,0.074753
2026-08-25T05:00:00,2026-08-25T07:00:00,DK1,90.0,90.0,69.69,520.953657,20.0,20.0,0.01,0.074753
2026-08-25T04:00:00,2026-08-25T06:00:00,DK1,90.0,90.0,61.0,455.9933,20.0,20.0,0.01,0.074753
2026-08-25T03:00:00,2026-08-25T05:00:00,DK1,90.0,90.0,48.16,360.010448,20.0,20.0,0.01,0.074753
2026-08-25T02:00:00,2026-08-25T04:00:00,DK1,90.0,90.0,31.43,234.948679,20.0,20.0,0.01,0.074753
2026-08-25T01:00:00,2026-08-25T03:00:00,DK1,90.0,90.0,0.4,2.99012,20.0,20.0,0.01,0.074753
2026-08-25T00:00:00,2026-08-25T02:00:00,DK1,90.0,90.0,0.4,2.99012,20.0,20.0,0.01,0.074753
2026-08-24T23:00:00,2026-08-25T01:00:00,DK1,90.0,90.0,0.4,2.99012,20.0,20.0,0.01,0.074753
2026-08-24T22:00:00,2026-08-25T00:00:00,DK1,90.0,90.0,0.4,2.99012,20.0,20.0,0.01,0.074753
2026-08-24T21:00:00,2026-08-24T23:00:00,DK1,90.0,90.0,7.89,58.983273,20.0,20.0,0.01,0.074757
2026-08-24T20:00:00,2026-08-24T22:00:00,DK1,90.0,90.0,2.2,16.44654,20.0,20.0,0.01,0.074757
2026-08-24T19:00:00,2026-08-24T21:00:00,DK1,90.0,90.0,2.2,16.44654,20.0,20.0,0.01,0.074757
2026-08-24T18:00:00,2026-08-24T20:00:00,DK1,90.0,90.0,49.4,369.29958,20.0,20.0,0.01,0.074757
2026-08-24T17:00:00,2026-08-24T19:00:00,DK1,90.0,90.0,49.4,369.29958,20.0,20.0,0.01,0.074757
2026-08-24T16:00:00,2026-08-24T18:00:00,DK1,90.0,90.0,2.2,16.44654,20.0,20.0,0.01,0.074757
2026-08-24T15:00:00,2026-08-24T17:00:00,DK1,90.0,90.0,2.2,16.44654,20.0,20.0,0.01,0.074757
2026-08-24T14:00:00,2026-08-24T16:00:00,DK1,90.0,90.0,7.89,58.983273,20.0,20.0,0.01,0.074757
2026-08-24T13:00:00,2026-08-24T15:00:00,DK1,90.0,90.0,6.69,50.012433,20.0,20.0,0.01,0.074757
2026-08-24T12:00:00,2026-08-24T14:00:00,DK1,90.0,90.0,6.69,50.012433,20.0,20.0,0.01,0.074757
2026-08-24T11:00:00,2026-08-24T13:00:00,DK1,90.0,90.0,6.69,50.012433,20.0,20.0,0.01,0.074757
2026-08-24T10:00:00,2026-08-24T12:00:00,DK1,90.0,90.0,2.2,16.44654,20.0,20.0,0.01,0.074757
2026-08-24T09:00:00,2026-08-24T11:00:00,DK1,90.0,90.0,4.0,29.9028,20.0,20.0,0.01,0.074757
2026-08-24T08:00:00,2026-08-24T10:00:00,DK1,90.0,90.0,4.0,29.9028,20.0,20.0,0.01,0.074757
2026-08-24T07:00:00,2026-08-24T09:00:00,DK1,90.0,90.0,2.2,16.44654,20.0,20.0,0.01,0.074757
2026-08-24T06:00:00,2026-08-24T08:00:00,DK1,90.0,90.0,2.2,16.44654,20.0,20.0,0.01,0.074757
2026-08-24T05:00:00,2026-08-24T07:00:00,DK1,90.0,90.0,2.2,16.44654,20.0,20.0,0.01,0.074757
2026-08-24T04:00:00,2026-08-24T06:00:00,DK1,90.0,90.0,2.2,16.44654,20.0,20.0,0.01,0.074757
2026-08-24T03:00:00,2026-08-24T05:00:00,DK1,90.0,90.0,2.2,16.44654,20.0,20.0,0.01,0.074757
2026-08-24T02:00:00,2026-08-24T04:00:00,DK1,90.0,90.0,2.01,15.026157,20.0,20.0,0.01,0.074757
2026-08-24T01:00:00,2026-08-24T03:00:00,DK1,90.0,90.0,0.4,2.99028,20.0,20.0,0.01,0.074757
2026-08-24T00:00:00,2026-08-24T02:00:00,DK1,90.0,90.0,0.67,5.008719,20.0,20.0,0.01,0.074757
2026-08-23T23:00:00,2026-08-24T01:00:00,DK1,90.0,90.0,0.4,2.99028,20.0,20.0,0.01,0.074757
2026-08-23T22:00:00,2026-08-24T00:00:00,DK1,90.0,90.0,0.67,5.008719,20.0,20.0,0.01,0.074757
2026-08-23T21:00:00,2026-08-23T23:00:00,DK1,90.0,90.0,7.89,58.984062,20.0,20.0,0.01,0.074758
2026-08-23T20:00:00,2026-08-23T22:00:00,DK1,90.0,90.0,2.4,17.94192,20.0,20.0,0.01,0.074758
2026-08-23T19:00:00,2026-08-23T21:00:00,DK1,90.0,90.0,45.3,338.65374,20.0,20.0,0.01,0.074758
2026-08-23T18:00:00,2026-08-23T20:00:00,DK1,90.0,90.0,45.3,338.65374,20.0,20.0,0.01,0.074758
2026-08-23T17:00:00,2026-08-23T19:00:00,DK1,90.0,90.0,2.4,17.94192,20.0,20.0,0.01,0.074758
2026-08-23T16:00:00,2026-08-23T18:00:00,DK1,90.0,90.0,2.4,17.94192,20.0,20.0,0.01,0.074758
2026-08-23T15:00:00,2026-08-23T17:00:00,DK1,90.0,90.0,6.69,50.013102,20.0,20.0,0.01,0.074758
2026-08-23T14:00:00,2026-08-23T16:00:00,DK1,90.0,90.0,0.67,5.008786,20.0,20.0,0.01,0.074758
2026-08-23T13:00:00,2026-08-23T15:00:00,DK1,90.0,90.0,0.67,5.008786,20.0,20.0,0.01,0.074758
2026-08-23T12:00:00,2026-08-23T14:00:00,DK1,90.0,90.0,0.4,2.99032,20.0,20.0,0.01,0.074758
2026-08-23T11:00:00,2026-08-23T13:00:00,DK1,90.0,90.0,0.67,5.008786,20.0,20.0,0.01,0.074758
2026-08-23T10:00:00,2026-08-23T12:00:00,DK1,90.0,90.0,0.67,5.008786,20.0,20.0,0.01,0.074758
2026-08-23T09:00:00,2026-08-23T11:00:00,DK1,90.0,90.0,0.54,4.036932,20.0,20.0,0.01,0.074758
2026-08-23T08:00:00,2026-08-23T10:00:00,DK1,90.0,90.0,2.45,18.31571,20.0,20.0,0.01,0.074758
2026-08-23T07:00:00,2026-08-23T09:00:00,DK1,90.0,90.0,5.0,37.379,20.0,20.0,0.01,0.074758
2026-08-23T06:00:00,2026-08-23T08:00:00,DK1,90.0,90.0,2.4,17.94192,20.0,20.0,0.01,0.074758
2026-08-23T05:00:00,2026-08-23T07:00:00,DK1,90.0,90.0,2.4,17.94192,20.0,20.0,0.01,0.074758
2026-08-23T04:00:00,2026-08-23T06:00:00,DK1,90.0,90.0,2.4,17.94192,20.0,20.0,0.01,0.074758
2026-08-23T03:00:00,2026-08-23T05:00:00,DK1,90.0,90.0,0.67,5.008786,20.0,20.0,0.01,0.074758
2026-08-23T02:00:00,2026-08-23T04:00:00,DK1,90.0,90.0,0.4,2.99032,20.0,20.0,0.01,0.074758
2026-08-23T01:00:00,2026-08-23T03:00:00,DK1,90.0,90.0,0.67,5.008786,20.0,20.0,0.01,0.074758
2026-08-23T00:00:00,2026-08-23T02:00:00,DK1,90.0,90.0,0.4,2.99032,20.0,20.0,0.01,0.074758
2026-08-22T23:00:00,2026-08-23T01:00:00,DK1,90.0,90.0,2.01,15.026358,20.0,20.0,0.01,0.074758
2026-08-22T22:00:00,2026-08-23T00:00:00,DK1,90.0,90.0,9.23,69.001634,20.0,20.0,0.01,0.074758
2026-08-22T21:00:00,2026-08-22T23:00:00,DK1,90.0,90.0,2.4,17.94192,20.0,20.0,0.01,0.074758
2026-08-22T20:00:00,2026-08-22T22:00:00,DK1,90.0,90.0,39.33,294.023214,20.0,20.0,0.01,0.074758
2026-08-22T19:00:00,2026-08-22T21:00:00,DK1,90.0,90.0,2.4,17.94192,20.0,20.0,0.01,0.074758
2026-08-22T18:00:00,2026-08-22T20:00:00,DK1,90.0,90.0,2.4,17.94192,20.0,20.0,0.01,0.074758
2026-08-22T17:00:00,2026-08-22T19:00:00,DK1,90.0,90.0,46.68,348.970344,20.0,20.0,0.01,0.074758
2026-08-22T16:00:00,2026-08-22T18:00:00,DK1,90.0,90.0,2.4,17.94192,20.0,20.0,0.01,0.074758
2026-08-22T15:00:00,2026-08-22T17:00:00,DK1,90.0,90.0,2.4,17.94192,20.0,20.0,0.01,0.074758
2026-08-22T14:00:00,2026-08-22T16:00:00,DK1,90.0,90.0,0.67,5.008786,20.0,20.0,0.01,0.074758
2026-08-22T13:00:00,2026-08-22T15:00:00,DK1,90.0,90.0,0.67,5.008786,20.0,20.0,0.01,0.074758
2026-08-22T12:00:00,2026-08-22T14:00:00,DK1,90.0,90.0,0.4,2.99032,20.0,20.0,0.01,0.074758
2026-08-22T11:00:00,2026-08-22T13:00:00,DK1,90.0,90.0,0.4,2.99032,20.0,20.0,0.01,0.074758
2026-08-22T10:00:00,2026-08-22T12:00:00,DK1,90.0,90.0,0.4,2.99032,20.0,20.0,0.01,0.074758
2026-08-22T09:00:00,2026-08-22T11:00:00,DK1,90.0,90.0,1.34,10.017572,20.0,20.0,0.01,0.074758
2026-08-22T08:00:00,2026-08-22T10:00:00,DK1,90.0,90.0,2.4,17.94192,20.0,20.0,0.01,0.074758
2026-08-22T07:00:00,2026-08-22T09:00:00,DK1,90.0,90.0,2.4,17.94192,20.0,21.0,0.02,0.149516
2026-08-22T06:00:00,2026-08-22T08:00:00,DK1,90.0,90.0,2.4,17.94192,20.0,21.0,0.02,0.149516
2026-08-22T05:00:00,2026-08-22T07:00:00,DK1,90.0,90.0,2.4,17.94192,20.0,21.0,0.02,0.149516
2026-08-22T04:00:00,2026-08-22T06:00:00,DK1,90.0,90.0,2.4,17.94192,20.0,20.0,0.02,0.149516
2026-08-22T03:00:00,2026-08-22T05:00:00,DK1,90.0,90.0,20.0,149.516,20.0,21.0,0.02,0.149516
2026-08-22T02:00:00,2026-08-22T04:00:00,DK1,90.0,90.0,0.67,5.008786,20.0,21.0,0.02,0.149516
2026-08-22T01:00:00,2026-08-22T03:00:00,DK1,90.0,90.0,0.4,2.99032,20.0,21.0,0.02,0.149516
2026-08-22T00:00:00,2026-08-22T02:00:00,DK1,90.0,90.0,0.4,2.99032,20.0,21.0,0.02,0.149516
2026-08-21T23:00:00,2026-08-22T01:00:00,DK1,90.0,90.0,0.54,4.036932,20.0,21.0,0.02,0.149516
2026-08-21T22:00:00,2026-08-22T00:00:00,DK1,90.0,90.0,2.0,14.9516,20.0,21.0,0.02,0.149516
2026-08-21T21:00:00,2026-08-21T23:00:00,DK1,90.0,90.0,7.89,58.984062,20.0,21.0,0.02,0.149516
2026-08-21T20:00:00,2026-08-21T22:00:00,DK1,90.0,90.0,2.39,17.867162,20.0,20.0,0.02,0.149516
2026-08-21T19:00:00,2026-08-21T21:00:00,DK1,90.0,90.0,2.39,17.867162,20.0,20.0,0.02,0.149516
2026-08-21T18:00:00,2026-08-21T20:00:00,DK1,90.0,90.0,108.75,812.99325,20.0,20.0,0.02,0.149516
2026-08-21T17:00:00,2026-08-21T19:00:00,DK1,90.0,90.0,105.41,788.024078,20.0,20.0,0.02,0.149516
2026-08-21T16:00:00,2026-08-21T18:00:00,DK1,90.0,90.0,2.39,17.867162,20.0,20.0,0.02,0.149516
2026-08-21T15:00:00,2026-08-21T17:00:00,DK1,90.0,90.0,2.39,17.867162,20.0,20.0,0.02,0.149516
2026-08-21T14:00:00,2026-08-21T16:00:00,DK1,90.0,90.0,2.39,17.867162,20.0,20.0,0.02,0.149516
2026-08-21T13:00:00,2026-08-21T15:00:00,DK1,90.0,90.0,9.23,69.001634,20.0,20.0,0.02,0.149516
2026-08-21T12:00:00,2026-08-21T14:00:00,DK1,90.0,90.0,7.89,58.984062,20.0,20.0,0.02,0.149516
2026-08-21T11:00:00,2026-08-21T13:00:00,DK1,90.0,90.0,7.89,58.984062,20.0,20.0,0.02,0.149516
2026-08-21T10:00:00,2026-08-21T12:00:00,DK1,90.0,90.0,7.89,58.984062,20.0,20.0,0.02,0.149516
2026-08-21T09:00:00,2026-08-21T11:00:00,DK1,90.0,90.0,2.39,17.867162,20.0,20.0,0.02,0.149516
2026-08-21T08:00:00,2026-08-21T10:00:00,DK1,90.0,90.0,2.39,17.867162,20.0,20.0,0.02,0.149516
2026-08-21T07:00:00,2026-08-21T09:00:00,DK1,90.0,90.0,2.39,17.867162,20.0,20.0,0.02,0.149516
2026-08-21T06:00:00,2026-08-21T08:00:00,DK1,90.0,90.0,2.39,17.867162,20.0,20.0,0.02,0.149516
2026-08-21T05:00:00,2026-08-21T07:00:00,DK1,90.0,90.0,2.39,17.867162,20.0,20.0,0.02,0.149516
2026-08-21T04:00:00,2026-08-21T06:00:00,DK1,90.0,90.0,2.39,17.867162,20.0,20.0,0.02,0.149516
2026-08-21T03:00:00,2026-08-21T05:00:00,DK1,90.0,90.0,2.39,17.867162,20.0,20.0,0.02,0.149516
2026-08-21T02:00:00,2026-08-21T04:00:00,DK1,90.0,90.0,41.87,313.011746,20.0,20.0,0.02,0.149516
2026-08-21T01:00:00,2026-08-21T03:00:00,DK1,90.0,90.0,0.4,2.99032,20.0,20.0,0.02,0.149516
2026-08-21T00:00:00,2026-08-21T02:00:00,DK1,90.0,90.0,0.4,2.99032,20.0,20.0,0.02,0.149516
2026-08-20T23:00:00,2026-08-21T01:00:00,DK1,90.0,90.0,0.4,2.99032,20.0,20.0,0.02,0.149516
2026-08-20T22:00:00,2026-08-21T00:00:00,DK1,90.0,90.0,0.67,5.008786,20.0,20.0,0.02,0.149516
2026-08-20T21:00:00,2026-08-20T23:00:00,DK1,90.0,90.0,0.67,5.008786,20.0,20.0,0.02,0.149516
2026-08-20T20:00:00,2026-08-20T22:00:00,DK1,90.0,90.0,2.02,15.101116,20.0,20.0,0.02,0.149516
2026-08-20T19:00:00,2026-08-20T21:00:00,DK1,90.0,90.0,2.02,15.101116,20.0,20.0,0.02,0.149516
2026-08-20T18:00:00,2026-08-20T20:00:00,DK1,90.0,90.0,51.5,385.0037,20.0,20.0,0.02,0.149516
2026-08-20T17:00:00,2026-08-20T19:00:00,DK1,90.0,90.0,51.5,385.0037,20.0,20.0,0.02,0.149516
2026-08-20T16:00:00,2026-08-20T18:00:00,DK1,90.0,90.0,2.02,15.101116,20.0,20.0,0.02,0.149516
2026-08-20T15:00:00,2026-08-20T17:00:00,DK1,90.0,90.0,2.02,15.101116,20.0,20.0,0.02,0.149516
2026-08-20T14:00:00,2026-08-20T16:00:00,DK1,90.0,90.0,6.69,50.013102,20.0,20.0,0.02,0.149516
2026-08-20T13:00:00,2026-08-20T15:00:00,DK1,90.0,90.0,6.69,50.013102,20.0,20.0,0.02,0.149516
2026-08-20T12:00:00,2026-08-20T14:00:00,DK1,90.0,90.0,0.54,4.036932,20.0,20.0,0.02,0.149516
2026-08-20T11:00:00,2026-08-20T13:00:00,DK1,90.0,90.0,0.54,4.036932,20.0,21.0,0.02,0.149516
2026-08-20T10:00:00,2026-08-20T12:00:00,DK1,90.0,90.0,7.89,58.984062,20.0,20.0,0.02,0.149516
2026-08-20T09:00:00,2026-08-20T11:00:00,DK1,90.0,90.0,2.02,15.101116,20.0,20.0,0.02,0.149516
2026-08-20T08:00:00,2026-08-20T10:00:00,DK1,90.0,90.0,2.02,15.101116,20.0,20.0,0.02,0.149516
2026-08-20T07:00:00,2026-08-20T09:00:00,DK1,90.0,90.0,2.02,15.101116,20.0,20.0,0.02,0.149516
2026-08-20T06:00:00,2026-08-20T08:00:00,DK1,90.0,90.0,2.02,15.101116,20.0,20.0,0.02,0.149516
2026-08-20T05:00:00,2026-08-20T07:00:00,DK1,90.0,90.0,2.02,15.101116,20.0,20.0,0.02,0.149516
2026-08-20T04:00:00,2026-08-20T06:00:00,DK1,90.0,90.0,2.02,15.101116,20.0,20.0,0.02,0.149516
2026-08-20T03:00:00,2026-08-20T05:00:00,DK1,90.0,90.0,2.02,15.101116,20.0,20.0,0.02,0.149516
2026-08-20T02:00:00,2026-08-20T04:00:00,DK1,90.0,90.0,2.02,15.101116,20.0,20.0,0.02,0.149516
2026-08-20T01:00:00,2026-08-20T03:00:00,DK1,90.0,90.0,0.67,5.008786,20.0,20.0,0.02,0.149516
2026-08-20T00:00:00,2026-08-20T02:00:00,DK1,90.0,90.0,0.54,4.036932,20.0,20.0,0.02,0.149516
2026-08-19T23:00:00,2026-08-20T01:00:00,DK1,90.0,90.0,0.67,5.008786,20.0,20.0,0.02,0.149516
2026-08-19T22:00:00,2026-08-20T00:00:00,DK1,90.0,90.0,0.67,5.008786,20.0,20.0,0.02,0.149516
2026-08-19T21:00:00,2026-08-19T23:00:00,DK1,90.0,90.0,0.54,4.036986,20.0,20.0,0.02,0.149518
2026-08-19T20:00:00,2026-08-19T22:00:00,DK1,90.0,90.0,2.23,16.671257,20.0,20.0,0.02,0.149518
2026-08-19T19:00:00,2026-08-19T21:00:00,DK1,90.0,90.0,2.23,16.671257,20.0,20.0,0.02,0.149518
2026-08-19T18:00:00,2026-08-19T20:00:00,DK1,90.0,90.0,21.0,156.9939,20.0,20.0,0.02,0.149518
2026-08-19T17:00:00,2026-08-19T19:00:00,DK1,90.0,90.0,9.23,69.002557,20.0,21.0,0.02,0.149518
2026-08-19T16:00:00,2026-08-19T18:00:00,DK1,90.0,90.0,2.23,16.671257,20.0,20.0,0.02,0.149518
2026-08-19T15:00:00,2026-08-19T17:00:00,DK1,90.0,90.0,2.23,16.671257,20.0,20.0,0.02,0.149518
2026-08-19T14:00:00,2026-08-19T16:00:00,DK1,90.0,90.0,6.69,50.013771,20.0,20.0,0.02,0.149518
2026-08-19T13:00:00,2026-08-19T15:00:00,DK1,90.0,90.0,9.23,69.002557,20.0,20.0,0.02,0.149518
2026-08-19T12:00:00,2026-08-19T14:00:00,DK1,90.0,90.0,9.23,69.002557,20.0,20.0,0.02,0.149518
2026-08-19T11:00:00,2026-08-19T13:00:00,DK1,90.0,90.0,20.0,149.518,20.0,20.0,0.02,0.149518
2026-08-19T10:00:00,2026-08-19T12:00:00,DK1,90.0,90.0,2.23,16.671257,20.0,20.0,0.02,0.149518
2026-08-19T09:00:00,2026-08-19T11:00:00,DK1,90.0,90.0,2.23,16.671257,20.0,20.0,0.02,0.149518
2026-08-19T08:00:00,2026-08-19T10:00:00,DK1,90.0,90.0,2.23,16.671257,20.0,20.0,0.02,0.149518
2026-08-19T07:00:00,2026-08-19T09:00:00,DK1,90.0,90.0,2.23,16.671257,20.0,20.0,0.02,0.149518
2026-08-19T06:00:00,2026-08-19T08:00:00,DK1,94.0,94.0,2.23,16.671257,20.0,20.0,0.02,0.149518
2026-08-19T05:00:00,2026-08-19T07:00:00,DK1,90.0,90.0,2.23,16.671257,20.0,20.0,0.02,0.149518
2026-08-19T04:00:00,2026-08-19T06:00:00,DK1,90.0,90.0,2.23,16.671257,20.0,20.0,0.02,0.149518
2026-08-19T03:00:00,2026-08-19T05:00:00,DK1,90.0,90.0,2.23,16.671257,20.0,20.0,0.02,0.149518
2026-08-19T02:00:00,2026-08-19T04:00:00,DK1,90.0,90.0,20.0,149.518,20.0,20.0,0.02,0.149518
2026-08-19T01:00:00,2026-08-19T03:00:00,DK1,90.0,90.0,0.67,5.008853,20.0,20.0,0.02,0.149518
2026-08-19T00:00:00,2026-08-19T02:00:00,DK1,90.0,90.0,0.67,5.008853,20.0,20.0,0.02,0.149518
2026-08-18T23:00:00,2026-08-19T01:00:00,DK1,90.0,90.0,0.67,5.008853,20.0,20.0,0.02,0.149518
2026-08-18T22:00:00,2026-08-19T00:00:00,DK1,90.0,90.0,0.4,2.99036,20.0,20.0,0.02,0.149518
2026-08-18T21:00:00,2026-08-18T23:00:00,DK1,90.0,90.0,0.54,4.036986,20.0,20.0,0.02,0.149518
2026-08-18T20:00:00,2026-08-18T22:00:00,DK1,90.0,90.0,2.08,15.549872,20.0,20.0,0.02,0.149518
2026-08-18T19:00:00,2026-08-18T21:00:00,DK1,90.0,90.0,2.08,15.549872,20.0,20.0,0.02,0.149518
2026-08-18T18:00:00,2026-08-18T20:00:00,DK1,90.0,90.0,20.2,151.01318,20.0,20.0,0.02,0.149518
2026-08-18T17:00:00,2026-08-18T19:00:00,DK1,90.0,90.0,9.23,69.002557,20.0,20.0,0.02,0.149518
2026-08-18T16:00:00,2026-08-18T18:00:00,DK1,90.0,90.0,2.08,15.549872,20.0,20.0,0.02,0.149518
2026-08-18T15:00:00,2026-08-18T17:00:00,DK1,90.0,90.0,2.08,15.549872,20.0,20.0,0.02,0.149518
2026-08-18T14:00:00,2026-08-18T16:00:00,DK1,90.0,90.0,2.08,15.549872,20.0,20.0,0.0,0.0
2026-08-18T13:00:00,2026-08-18T15:00:00,DK1,90.0,90.0,2.08,15.549872,20.0,20.0,0.02,0.149518
2026-08-18T12:00:00,2026-08-18T14:00:00,DK1,90.0,90.0,2.08,15.549872,20.0,20.0,0.02,0.149518
2026-08-18T11:00:00,2026-08-18T13:00:00,DK1,90.0,90.0,2.08,15.549872,20.0,20.0,0.02,0.149518
2026-08-18T10:00:00,2026-08-18T12:00:00,DK1,90.0,90.0,2.08,15.549872,20.0,20.0,0.02,0.149518
2026-08-18T09:00:00,2026-08-18T11:00:00,DK1,90.0,90.0,2.08,15.549872,20.0,20.0,0.02,0.149518
2026-08-18T08:00:00,2026-08-18T10:00:00,DK1,90.0,90.0,2.08,15.549872,20.0,20.0,0.02,0.149518
2026-08-18T07:00:00,2026-08-18T09:00:00,DK1,90.0,90.0,2.08,15.549872,20.0,20.0,0.02,0.149518
2026-08-18T06:00:00,2026-08-18T08:00:00,DK1,90.0,90.0,2.08,15.549872,20.0,20.0,0.02,0.149518
2026-08-18T05:00:00,2026-08-18T07:00:00,DK1,90.0,90.0,2.08,15.549872,20.0,20.0,0.02,0.149518
2026-08-18T04:00:00,2026-08-18T06:00:00,DK1,90.0,90.0,2.08,15.549872,20.0,20.0,0.02,0.149518
2026-08-18T03:00:00,2026-08-18T05:00:00,DK1,90.0,90.0,2.08,15.549872,20.0,21.0,0.02,0.149518
2026-08-18T02:00:00,2026-08-18T04:00:00,DK1,90.0,90.0,2.08,15.549872,20.0,21.0,0.02,0.149518
2026-08-18T01:00:00,2026-08-18T03:00:00,DK1,90.0,90.0,0.4,2.99036,20.0,20.0,0.02,0.149518
2026-08-18T00:00:00,2026-08-18T02:00:00,DK1,90.0,90.0,0.67,5.008853,20.0,20.0,0.02,0.149518
2026-08-17T23:00:00,2026-08-18T01:00:00,DK1,90.0,90.0,0.54,4.036986,20.0,21.0,0.02,0.149518
2026-08-17T22:00:00,2026-08-18T00:00:00,DK1,90.0,90.0,0.54,4.036986,20.0,20.0,0.02,0.149518
2026-08-17T21:00:00,2026-08-17T23:00:00,DK1,90.0,90.0,2.2,16.44676,20.0,21.0,0.02,0.149516
2026-08-17T20:00:00,2026-08-17T22:00:00,DK1,90.0,90.0,2.16,16.147728,20.0,20.0,0.02,0.149516
2026-08-17T19:00:00,2026-08-17T21:00:00,DK1,90.0,90.0,23.6,176.42888,20.0,20.0,0.02,0.149516
2026-08-17T18:00:00,2026-08-17T20:00:00,DK1,90.0,90.0,2.16,16.147728,20.0,21.0,0.02,0.149516
2026-08-17T17:00:00,2026-08-17T19:00:00,DK1,90.0,90.0,9.23,69.001634,20.0,21.0,0.02,0.149516
2026-08-17T16:00:00,2026-08-17T18:00:00,DK1,90.0,90.0,2.16,16.147728,20.0,21.0,0.02,0.149516
2026-08-17T15:00:00,2026-08-17T17:00:00,DK1,90.0,90.0,2.16,16.147728,20.0,20.0,0.02,0.149516
2026-08-17T14:00:00,2026-08-17T16:00:00,DK1,90.0,90.0,7.89,58.984062,20.0,20.0,0.02,0.149516
2026-08-17T13:00:00,2026-08-17T15:00:00,DK1,90.0,90.0,2.16,16.147728,20.0,20.0,0.02,0.149516
2026-08-17T12:00:00,2026-08-17T14:00:00,DK1,90.0,90.0,2.16,16.147728,20.0,20.0,0.02,0.149516
2026-08-17T11:00:00,2026-08-17T13:00:00,DK1,90.0,90.0,2.16,16.147728,20.0,20.0,0.02,0.149516
2026-08-17T10:00:00,2026-08-17T12:00:00,DK1,90.0,90.0,2.16,16.147728,20.0,20.0,0.02,0.149516
2026-08-17T09:00:00,2026-08-17T11:00:00,DK1,90.0,90.0,2.16,16.147728,20.0,20.0,0.02,0.149516
2026-08-17T08:00:00,2026-08-17T10:00:00,DK1,90.0,90.0,2.16,16.147728,20.0,20.0,0.02,0.149516
2026-08-17T07:00:00,2026-08-17T09:00:00,DK1,90.0,90.0,2.16,16.147728,20.0,20.0,0.02,0.149516
2026-08-17T06:00:00,2026-08-17T08:00:00,DK1,90.0,90.0,2.16,16.147728,20.0,20.0,0.02,0.149516
2026-08-17T05:00:00,2026-08-17T07:00:00,DK1,90.0,90.0,2.16,16.147728,20.0,20.0,0.02,0.149516
2026-08-17T04:00:00,2026-08-17T06:00:00,DK1,90.0,90.0,2.16,16.147728,20.0,20.0,0.02,0.149516
2026-08-17T03:00:00,2026-08-17T05:00:00,DK1,90.0,90.0,2.16,16.147728,20.0,20.0,0.02,0.149516
2026-08-17T02:00:00,2026-08-17T04:00:00,DK1,90.0,90.0,9.23,69.001634,20.0,20.0,0.02,0.149516
2026-08-17T01:00:00,2026-08-17T03:00:00,DK1,90.0,90.0,0.67,5.008786,20.0,20.0,0.02,0.149516
2026-08-17T00:00:00,2026-08-17T02:00:00,DK1,90.0,90.0,0.67,5.008786,20.0,20.0,0.02,0.149516
2026-08-16T23:00:00,2026-08-17T01:00:00,DK1,90.0,90.0,0.54,4.036932,20.0,20.0,0.02,0.149516
2026-08-16T22:00:00,2026-08-17T00:00:00,DK1,90.0,90.0,2.2,16.44676,20.0,20.0,0.02,0.149516
2026-08-16T21:00:00,2026-08-16T23:00:00,DK1,90.0,90.0,9.23,69.000711,20.0,21.0,0.02,0.149514
2026-08-16T20:00:00,2026-08-16T22:00:00,DK1,90.0,90.0,15.9,118.86363,20.0,21.0,0.02,0.149514
2026-08-16T19:00:00,2026-08-16T21:00:00,DK1,90.0,90.0,2.09,15.624213,20.0,21.0,0.02,0.149514
2026-08-16T18:00:00,2026-08-16T20:00:00,DK1,90.0,90.0,15.9,118.86363,20.0,21.0,0.02,0.149514
2026-08-16T17:00:00,2026-08-16T19:00:00,DK1,90.0,90.0,2.09,15.624213,20.0,21.0,0.02,0.149514
2026-08-16T16:00:00,2026-08-16T18:00:00,DK1,90.0,90.0,2.09,15.624213,20.0,21.0,0.02,0.149514
2026-08-16T15:00:00,2026-08-16T17:00:00,DK1,90.0,90.0,2.09,15.624213,20.0,21.0,0.02,0.149514
2026-08-16T14:00:00,2026-08-16T16:00:00,DK1,90.0,90.0,4.0,29.9028,20.0,20.0,0.03,0.224271
2026-08-16T13:00:00,2026-08-16T15:00:00,DK1,90.0,90.0,0.67,5.008719,20.0,21.0,0.02,0.149514
2026-08-16T12:00:00,2026-08-16T14:00:00,DK1,90.0,90.0,0.4,2.99028,20.0,20.0,0.02,0.149514
2026-08-16T11:00:00,2026-08-16T13:00:00,DK1,90.0,90.0,0.4,2.99028,20.0,20.0,0.02,0.149514
2026-08-16T10:00:00,2026-08-16T12:00:00,DK1,90.0,90.0,0.54,4.036878,20.0,21.0,0.02,0.149514
2026-08-16T09:00:00,2026-08-16T11:00:00,DK1,90.0,90.0,2.01,15.026157,20.0,21.0,0.02,0.149514
2026-08-16T08:00:00,2026-08-16T10:00:00,DK1,90.0,90.0,2.09,15.624213,20.0,20.0,0.02,0.149514
2026-08-16T07:00:00,2026-08-16T09:00:00,DK1,90.0,90.0,2.09,15.624213,20.0,20.0,0.03,0.224271
2026-08-16T06:00:00,2026-08-16T08:00:00,DK1,90.0,90.0,2.09,15.624213,20.0,20.0,0.03,0.224271
2026-08-16T05:00:00,2026-08-16T07:00:00,DK1,90.0,90.0,2.09,15.624213,20.0,21.0,0.02,0.149514
2026-08-16T04:00:00,2026-08-16T06:00:00,DK1,90.0,90.0,2.09,15.624213,20.0,20.0,0.03,0.224271
2026-08-16T03:00:00,2026-08-16T05:00:00,DK1,90.0,90.0,9.23,69.000711,20.0,21.0,0.02,0.149514
2026-08-16T02:00:00,2026-08-16T04:00:00,DK1,90.0,90.0,0.67,5.008719,20.0,21.0,0.02,0.149514
2026-08-16T01:00:00,2026-08-16T03:00:00,DK1,90.0,90.0,0.4,2.99028,20.0,21.0,0.02,0.149514
2026-08-16T00:00:00,2026-08-16T02:00:00,DK1,90.0,90.0,0.54,4.036878,20.0,21.0,0.02,0.149514
2026-08-15T23:00:00,2026-08-16T01:00:00,DK1,90.0,90.0,0.54,4.036878,20.0,21.0,0.02,0.149514
2026-08-15T22:00:00,2026-08-16T00:00:00,DK1,90.0,90.0,2.09,15.624213,20.0,21.0,0.02,0.149514
2026-08-15T21:00:00,2026-08-15T23:00:00,DK1,90.0,90.0,2.26,16.895082,20.0,21.0,0.02,0.149514
2026-08-15T20:00:00,2026-08-15T22:00:00,DK1,90.0,90.0,10.4,77.74728,20.0,21.0,0.02,0.149514
2026-08-15T19:00:00,2026-08-15T21:00:00,DK1,90.0,90.0,2.47,18.464979,20.0,21.0,0.02,0.149514
2026-08-15T18:00:00,2026-08-15T20:00:00,DK1,90.0,90.0,2.47,18.464979,20.0,21.0,0.02,0.149514
2026-08-15T17:00:00,2026-08-15T19:00:00,DK1,90.0,90.0,6.0,44.8542,20.0,21.0,0.02,0.149514
2026-08-15T16:00:00,2026-08-15T18:00:00,DK1,90.0,90.0,2.19,16.371783,20.0,21.0,0.02,0.149514
2026-08-15T15:00:00,2026-08-15T17:00:00,DK1,90.0,90.0,2.26,16.895082,20.0,20.0,0.02,0.149514
2026-08-15T14:00:00,2026-08-15T16:00:00,DK1,90.0,90.0,6.0,44.8542,20.0,20.0,0.02,0.149514
2026-08-15T13:00:00,2026-08-15T15:00:00,DK1,90.0,90.0,3.34,24.968838,20.0,20.0,0.02,0.149514
2026-08-15T12:00:00,2026-08-15T14:00:00,DK1,90.0,90.0,2.01,15.026157,20.0,20.0,0.02,0.149514
2026-08-15T11:00:00,2026-08-15T13:00:00,DK1,90.0,90.0,2.01,15.026157,20.0,20.0,0.02,0.149514
2026-08-15T10:00:00,2026-08-15T12:00:00,DK1,90.0,90.0,2.01,15.026157,20.0,20.0,0.02,0.149514
2026-08-15T09:00:00,2026-08-15T11:00:00,DK1,90.0,90.0,2.19,16.371783,20.0,20.0,0.02,0.149514
2026-08-15T08:00:00,2026-08-15T10:00:00,DK1,90.0,90.0,2.47,18.464979,20.0,20.0,0.02,0.149514
2026-08-15T07:00:00,2026-08-15T09:00:00,DK1,90.0,90.0,2.19,16.371783,20.0,20.0,0.02,0.149514
2026-08-15T06:00:00,2026-08-15T08:00:00,DK1,90.0,90.0,2.19,16.371783,20.0,20.0,0.02,0.149514
2026-08-15T05:00:00,2026-08-15T07:00:00,DK1,90.0,90.0,2.19,16.371783,20.0,20.0,0.02,0.149514
2026-08-15T04:00:00,2026-08-15T06:00:00,DK1,90.0,90.0,2.19,16.371783,20.0,20.0,0.02,0.149514
2026-08-15T03:00:00,2026-08-15T05:00:00,DK1,90.0,90.0,2.19,16.371783,20.0,20.0,0.02,0.149514
2026-08-15T02:00:00,2026-08-15T04:00:00,DK1,90.0,90.0,2.01,15.026157,20.0,20.0,0.02,0.149514
2026-08-15T01:00:00,2026-08-15T03:00:00,DK1,90.0,90.0,1.2,8.97084,20.0,20.0,0.02,0.149514
2026-08-15T00:00:00,2026-08-15T02:00:00,DK1,90.0,90.0,2.01,15.026157,20.0,20.0,0.02,0.149514
2026-08-14T23:00:00,2026-08-15T01:00:00,DK1,90.0,90.0,1.2,8.97084,20.0,20.0,0.02,0.149514
2026-08-14T22:00:00,2026-08-15T00:00:00,DK1,90.0,90.0,2.01,15.026157,20.0,20.0,0.02,0.149514
2026-08-14T21:00:00,2026-08-14T23:00:00,DK1,90.0,90.0,2.01,15.026157,20.0,21.0,0.01,0.074757
2026-08-14T20:00:00,2026-08-14T22:00:00,DK1,90.0,90.0,2.43,18.165951,20.0,21.0,0.01,0.074757
2026-08-14T19:00:00,2026-08-14T21:00:00,DK1,90.0,90.0,20.0,149.514,20.0,21.0,0.01,0.074757
2026-08-14T18:00:00,2026-08-14T20:00:00,DK1,90.0,90.0,25.1,187.64007,20.0,21.0,0.01,0.074757
2026-08-14T17:00:00,2026-08-14T19:00:00,DK1,90.0,90.0,7.89,58.983273,20.0,21.0,0.01,0.074757
2026-08-14T16:00:00,2026-08-14T18:00:00,DK1,90.0,90.0,2.43,18.165951,20.0,21.0,0.01,0.074757
2026-08-14T15:00:00,2026-08-14T17:00:00,DK1,90.0,90.0,2.43,18.165951,20.0,21.0,0.01,0.074757
2026-08-14T14:00:00,2026-08-14T16:00:00,DK1,90.0,90.0,2.43,18.165951,20.0,21.0,0.01,0.074757
2026-08-14T13:00:00,2026-08-14T15:00:00,DK1,90.0,90.0,2.43,18.165951,20.0,21.0,0.01,0.074757
2026-08-14T12:00:00,2026-08-14T14:00:00,DK1,90.0,90.0,6.0,44.8542,20.0,21.0,0.01,0.074757
2026-08-14T11:00:00,2026-08-14T13:00:00,DK1,90.0,90.0,3.01,22.501857,20.0,21.0,0.01,0.074757
2026-08-14T10:00:00,2026-08-14T12:00:00,DK1,90.0,90.0,2.43,18.165951,20.0,21.0,0.01,0.074757
2026-08-14T09:00:00,2026-08-14T11:00:00,DK1,90.0,90.0,4.0,29.9028,20.0,21.0,0.01,0.074757
2026-08-14T08:00:00,2026-08-14T10:00:00,DK1,90.0,90.0,2.47,18.464979,20.0,21.0,0.01,0.074757
2026-08-14T07:00:00,2026-08-14T09:00:00,DK1,90.0,90.0,2.43,18.165951,20.0,21.0,0.01,0.074757
2026-08-14T06:00:00,2026-08-14T08:00:00,DK1,92.0,92.0,2.47,18.464979,20.0,21.0,0.01,0.074757
2026-08-14T05:00:00,2026-08-14T07:00:00,DK1,90.0,90.0,2.47,18.464979,20.0,21.0,0.01,0.074757
2026-08-14T04:00:00,2026-08-14T06:00:00,DK1,90.0,90.0,2.43,18.165951,20.0,21.0,0.01,0.074757
2026-08-14T03:00:00,2026-08-14T05:00:00,DK1,90.0,90.0,2.43,18.165951,20.0,21.0,0.01,0.074757
2026-08-14T02:00:00,2026-08-14T04:00:00,DK1,90.0,90.0,2.43,18.165951,20.0,21.0,0.01,0.074757
2026-08-14T01:00:00,2026-08-14T03:00:00,DK1,90.0,90.0,2.28,17.044596,20.0,21.0,0.01,0.074757
2026-08-14T00:00:00,2026-08-14T02:00:00,DK1,90.0,90.0,0.67,5.008719,20.0,21.0,0.01,0.074757
2026-08-13T23:00:00,2026-08-14T01:00:00,DK1,90.0,90.0,0.67,5.008719,20.0,21.0,0.01,0.074757
2026-08-13T22:00:00,2026-08-14T00:00:00,DK1,90.0,90.0,2.28,17.044596,20.0,21.0,0.01,0.074757
2026-08-13T21:00:00,2026-08-13T23:00:00,DK1,90.0,90.0,2.01,15.026157,20.0,21.0,0.01,0.074757
2026-08-13T20:00:00,2026-08-13T22:00:00,DK1,90.0,90.0,2.47,18.464979,20.0,21.0,0.01,0.074757
2026-08-13T19:00:00,2026-08-13T21:00:00,DK1,90.0,90.0,9.23,69.000711,20.0,21.0,0.01,0.074757
2026-08-13T18:00:00,2026-08-13T20:00:00,DK1,90.0,90.0,33.0,246.6981,20.0,21.0,0.01,0.074757
2026-08-13T17:00:00,2026-08-13T19:00:00,DK1,90.0,90.0,7.89,58.983273,20.0,21.0,0.01,0.074757
2026-08-13T16:00:00,2026-08-13T18:00:00,DK1,90.0,90.0,2.47,18.464979,20.0,21.0,0.01,0.074757
2026-08-13T15:00:00,2026-08-13T17:00:00,DK1,90.0,90.0,2.47,18.464979,20.0,21.0,0.01,0.074757
2026-08-13T14:00:00,2026-08-13T16:00:00,DK1,90.0,90.0,6.0,44.8542,20.0,21.0,0.01,0.074757
2026-08-13T13:00:00,2026-08-13T15:00:00,DK1,90.0,90.0,7.89,58.983273,20.0,21.0,0.01,0.074757
2026-08-13T12:00:00,2026-08-13T14:00:00,DK1,90.0,90.0,7.89,58.983273,20.0,21.0,0.01,0.074757
2026-08-13T11:00:00,2026-08-13T13:00:00,DK1,90.0,90.0,6.29,47.022153,20.0,21.0,0.01,0.074757
2026-08-13T10:00:00,2026-08-13T12:00:00,DK1,90.0,90.0,7.89,58.983273,20.0,21.0,0.01,0.074757
2026-08-13T09:00:00,2026-08-13T11:00:00,DK1,90.0,90.0,2.47,18.464979,20.0,21.0,0.01,0.074757
2026-08-13T08:00:00,2026-08-13T10:00:00,DK1,90.0,90.0,2.47,18.464979,20.0,21.0,0.01,0.074757
2026-08-13T07:00:00,2026-08-13T09:00:00,DK1,90.0,90.0,2.47,18.464979,20.0,21.0,0.01,0.074757
2026-08-13T06:00:00,2026-08-13T08:00:00,DK1,91.0,91.0,2.47,18.464979,20.0,21.0,0.01,0.074757
2026-08-13T05:00:00,2026-08-13T07:00:00,DK1,90.0,90.0,2.47,18.464979,20.0,21.0,0.01,0.074757
2026-08-13T04:00:00,2026-08-13T06:00:00,DK1,90.0,90.0,2.47,18.464979,20.0,21.0,0.01,0.074757
2026-08-13T03:00:00,2026-08-13T05:00:00,DK1,90.0,90.0,2.47,18.464979,20.0,21.0,0.01,0.074757
2026-08-13T02:00:00,2026-08-13T04:00:00,DK1,90.0,90.0,2.41,18.016437,20.0,21.0,0.01,0.074757
2026-08-13T01:00:00,2026-08-13T03:00:00,DK1,90.0,90.0,2.17,16.222269,20.0,21.0,0.01,0.074757
2026-08-13T00:00:00,2026-08-13T02:00:00,DK1,90.0,90.0,0.67,5.008719,20.0,21.0,0.01,0.074757
2026-08-12T23:00:00,2026-08-13T01:00:00,DK1,90.0,90.0,0.67,5.008719,20.0,21.0,0.01,0.074757
2026-08-12T22:00:00,2026-08-13T00:00:00,DK1,90.0,90.0,0.67,5.008719,20.0,21.0,0.01,0.074757
2026-08-12T21:00:00,2026-08-12T23:00:00,DK1,90.0,90.0,2.04,15.250632,20.0,20.0,0.02,0.149516
2026-08-12T20:00:00,2026-08-12T22:00:00,DK1,90.0,90.0,4.0,29.9032,20.0,20.0,0.02,0.149516
2026-08-12T19:00:00,2026-08-12T21:00:00,DK1,90.0,90.0,2.16,16.147728,20.0,20.0,0.02,0.149516
2026-08-12T18:00:00,2026-08-12T20:00:00,DK1,90.0,90.0,28.7,214.55546,20.0,20.0,0.02,0.149516
2026-08-12T17:00:00,2026-08-12T19:00:00,DK1,90.0,90.0,7.89,58.984062,20.0,20.0,0.02,0.149516
2026-08-12T16:00:00,2026-08-12T18:00:00,DK1,90.0,90.0,2.16,16.147728,20.0,20.0,0.02,0.149516
2026-08-12T15:00:00,2026-08-12T17:00:00,DK1,90.0,90.0,2.45,18.31571,20.0,20.0,0.02,0.149516
2026-08-12T14:00:00,2026-08-12T16:00:00,DK1,90.0,90.0,2.16,16.147728,20.0,20.0,0.02,0.149516
2026-08-12T13:00:00,2026-08-12T15:00:00,DK1,90.0,90.0,7.89,58.984062,20.0,20.0,0.02,0.149516
2026-08-12T12:00:00,2026-08-12T14:00:00,DK1,90.0,90.0,4.37,32.669246,20.0,20.0,0.02,0.149516
2026-08-12T11:00:00,2026-08-12T13:00:00,DK1,90.0,90.0,2.04,15.250632,20.0,20.0,0.02,0.149516
2026-08-12T10:00:00,2026-08-12T12:00:00,DK1,90.0,90.0,2.16,16.147728,20.0,20.0,0.02,0.149516
2026-08-12T09:00:00,2026-08-12T11:00:00,DK1,90.0,90.0,2.16,16.147728,20.0,20.0,0.02,0.149516
2026-08-12T08:00:00,2026-08-12T10:00:00,DK1,90.0,90.0,4.0,29.9032,20.0,20.0,0.02,0.149516
2026-08-12T07:00:00,2026-08-12T09:00:00,DK1,90.0,90.0,2.16,16.147728,20.0,20.0,0.02,0.149516
2026-08-12T06:00:00,2026-08-12T08:00:00,DK1,92.0,92.0,2.45,18.31571,20.0,20.0,0.02,0.149516
2026-08-12T05:00:00,2026-08-12T07:00:00,DK1,90.0,90.0,2.43,18.166194,20.0,20.0,0.02,0.149516
2026-08-12T04:00:00,2026-08-12T06:00:00,DK1,90.0,90.0,2.16,16.147728,20.0,20.0,0.02,0.149516
2026-08-12T03:00:00,2026-08-12T05:00:00,DK1,90.0,90.0,2.16,16.147728,20.0,20.0,0.02,0.149516
2026-08-12T02:00:00,2026-08-12T04:00:00,DK1,90.0,90.0,2.16,16.147728,20.0,20.0,0.02,0.149516
2026-08-12T01:00:00,2026-08-12T03:00:00,DK1,90.0,90.0,2.45,18.31571,20.0,21.0,0.02,0.149516
2026-08-12T00:00:00,2026-08-12T02:00:00,DK1,90.0,90.0,2.04,15.250632,20.0,20.0,0.02,0.149516
2026-08-11T23:00:00,2026-08-12T01:00:00,DK1,90.0,90.0,2.04,15.250632,20.0,20.0,0.02,0.149516
2026-08-11T22:00:00,2026-08-12T00:00:00,DK1,90.0,90.0,1.2,8.97096,20.0,20.0,0.02,0.149516
2026-08-11T21:00:00,2026-08-11T23:00:00,DK1,90.0,90.0,2.27,16.969839,20.0,20.0,0.02,0.149514
2026-08-11T20:00:00,2026-08-11T22:00:00,DK1,90.0,90.0,25.7,192.12549,20.0,20.0,0.02,0.149514
2026-08-11T19:00:00,2026-08-11T21:00:00,DK1,90.0,90.0,2.28,17.044596,20.0,20.0,0.02,0.149514
2026-08-11T18:00:00,2026-08-11T20:00:00,DK1,90.0,90.0,2.28,17.044596,20.0,20.0,0.02,0.149514
2026-08-11T17:00:00,2026-08-11T19:00:00,DK1,90.0,90.0,13.38,100.024866,20.0,20.0,0.02,0.149514
2026-08-11T16:00:00,2026-08-11T18:00:00,DK1,90.0,90.0,2.28,17.044596,20.0,20.0,0.02,0.149514
2026-08-11T15:00:00,2026-08-11T17:00:00,DK1,90.0,90.0,2.28,17.044596,20.0,20.0,0.02,0.149514
2026-08-11T14:00:00,2026-08-11T16:00:00,DK1,90.0,90.0,2.28,17.044596,20.0,20.0,0.0,0.0
2026-08-11T13:00:00,2026-08-11T15:00:00,DK1,90.0,90.0,2.01,15.026157,20.0,20.0,0.02,0.149514
2026-08-11T12:00:00,2026-08-11T14:00:00,DK1,90.0,90.0,1.2,8.97084,20.0,20.0,0.02,0.149514
2026-08-11T11:00:00,2026-08-11T13:00:00,DK1,90.0,90.0,0.67,5.008719,20.0,20.0,0.02,0.149514
2026-08-11T10:00:00,2026-08-11T12:00:00,DK1,90.0,90.0,5.08,37.976556,20.0,20.0,0.02,0.149514
2026-08-11T09:00:00,2026-08-11T11:00:00,DK1,90.0,90.0,2.28,17.044596,20.0,20.0,0.01,0.074757
2026-08-11T08:00:00,2026-08-11T10:00:00,DK1,90.0,90.0,2.28,17.044596,20.0,20.0,0.01,0.074757
2026-08-11T07:00:00,2026-08-11T09:00:00,DK1,90.0,90.0,2.28,17.044596,20.0,20.0,0.01,0.074757
2026-08-11T06:00:00,2026-08-11T08:00:00,DK1,90.0,90.0,2.28,17.044596,20.0,21.0,0.01,0.074757
2026-08-11T05:00:00,2026-08-11T07:00:00,DK1,90.0,90.0,2.28,17.044596,20.0,21.0,0.01,0.074757
2026-08-11T04:00:00,2026-08-11T06:00:00,DK1,90.0,90.0,2.28,17.044596,20.0,20.0,0.01,0.074757
2026-08-11T03:00:00,2026-08-11T05:00:00,DK1,90.0,90.0,2.28,17.044596,20.0,20.0,0.01,0.074757
2026-08-11T02:00:00,2026-08-11T04:00:00,DK1,90.0,90.0,2.28,17.044596,20.0,20.0,0.01,0.074757
2026-08-11T01:00:00,2026-08-11T03:00:00,DK1,90.0,90.0,2.05,15.325185,20.0,20.0,0.01,0.074757
2026-08-11T00:00:00,2026-08-11T02:00:00,DK1,90.0,90.0,2.05,15.325185,20.0,20.0,0.01,0.074757
2026-08-10T23:00:00,2026-08-11T01:00:00,DK1,90.0,90.0,2.27,16.969839,20.0,20.0,0.01,0.074757
2026-08-10T22:00:00,2026-08-11T00:00:00,DK1,90.0,90.0,2.27,16.969839,20.0,20.0,0.01,0.074757
2026-08-10T21:00:00,2026-08-10T23:00:00,DK1,90.0,90.0,13.38,100.026204,20.0,20.0,0.02,0.149516
2026-08-10T20:00:00,2026-08-10T22:00:00,DK1,90.0,90.0,14.3,106.90394,20.0,20.0,0.02,0.149516
2026-08-10T19:00:00,2026-08-10T21:00:00,DK1,90.0,90.0,2.44,18.240952,20.0,20.0,0.02,0.149516
2026-08-10T18:00:00,2026-08-10T20:00:00,DK1,90.0,90.0,2.44,18.240952,20.0,20.0,0.02,0.149516
2026-08-10T17:00:00,2026-08-10T19:00:00,DK1,90.0,90.0,13.38,100.026204,20.0,20.0,0.02,0.149516
2026-08-10T16:00:00,2026-08-10T18:00:00,DK1,90.0,90.0,2.44,18.240952,20.0,20.0,0.02,0.149516
2026-08-10T15:00:00,2026-08-10T17:00:00,DK1,90.0,90.0,2.44,18.240952,20.0,20.0,0.02,0.149516
2026-08-10T14:00:00,2026-08-10T16:00:00,DK1,90.0,90.0,2.01,15.026358,20.0,20.0,0.02,0.149516
2026-08-10T13:00:00,2026-08-10T15:00:00,DK1,90.0,90.0,2.01,15.026358,20.0,20.0,0.02,0.149516
2026-08-10T12:00:00,2026-08-10T14:00:00,DK1,90.0,90.0,2.01,15.026358,20.0,20.0,0.02,0.149516
2026-08-10T11:00:00,2026-08-10T13:00:00,DK1,90.0,90.0,10.0,74.758,20.0,20.0,0.02,0.149516
2026-08-10T10:00:00,2026-08-10T12:00:00,DK1,90.0,90.0,10.0,74.758,20.0,20.0,0.02,0.149516
2026-08-10T09:00:00,2026-08-10T11:00:00,DK1,90.0,90.0,2.44,18.240952,20.0,20.0,0.02,0.149516
2026-08-10T08:00:00,2026-08-10T10:00:00,DK1,90.0,90.0,2.44,18.240952,20.0,20.0,0.02,0.149516
2026-08-10T07:00:00,2026-08-10T09:00:00,DK1,90.0,90.0,2.44,18.240952,20.0,20.0,0.02,0.149516
2026-08-10T06:00:00,2026-08-10T08:00:00,DK1,97.0,97.0,2.44,18.240952,20.0,20.0,0.02,0.149516
2026-08-10T05:00:00,2026-08-10T07:00:00,DK1,90.0,90.0,2.44,18.240952,20.0,21.0,0.02,0.149516
2026-08-10T04:00:00,2026-08-10T06:00:00,DK1,90.0,90.0,2.44,18.240952,20.0,20.0,0.02,0.149516
2026-08-10T03:00:00,2026-08-10T05:00:00,DK1,90.0,90.0,2.44,18.240952,20.0,20.0,0.02,0.149516
2026-08-10T02:00:00,2026-08-10T04:00:00,DK1,90.0,90.0,2.44,18.240952,20.0,20.0,0.02,0.149516
2026-08-10T01:00:00,2026-08-10T03:00:00,DK1,90.0,90.0,2.13,15.923454,20.0,20.0,0.02,0.149516
2026-08-10T00:00:00,2026-08-10T02:00:00,DK1,90.0,90.0,2.14,15.998212,20.0,20.0,0.02,0.149516
2026-08-09T23:00:00,2026-08-10T01:00:00,DK1,90.0,90.0,2.0,14.9516,20.0,20.0,0.02,0.149516
2026-08-09T22:00:00,2026-08-10T00:00:00,DK1,90.0,90.0,13.38,100.026204,20.0,20.0,0.02,0.149516
2026-08-09T21:00:00,2026-08-09T23:00:00,DK1,90.0,90.0,15.1,112.88156,20.0,20.0,0.02,0.149512
2026-08-09T20:00:00,2026-08-09T22:00:00,DK1,90.0,90.0,15.1,112.88156,20.0,20.0,0.02,0.149512
2026-08-09T19:00:00,2026-08-09T21:00:00,DK1,90.0,90.0,2.19,16.371564,20.0,20.0,0.02,0.149512
2026-08-09T18:00:00,2026-08-09T20:00:00,DK1,90.0,90.0,2.19,16.371564,20.0,20.0,0.02,0.149512
2026-08-09T17:00:00,2026-08-09T19:00:00,DK1,90.0,90.0,2.41,18.016196,20.0,21.0,0.02,0.149512
2026-08-09T16:00:00,2026-08-09T18:00:00,DK1,90.0,90.0,2.19,16.371564,20.0,20.0,0.02,0.149512
2026-08-09T15:00:00,2026-08-09T17:00:00,DK1,90.0,90.0,2.19,16.371564,20.0,20.0,0.02,0.149512
2026-08-09T14:00:00,2026-08-09T16:00:00,DK1,90.0,90.0,2.48,18.539488,20.0,20.0,0.02,0.149512
2026-08-09T13:00:00,2026-08-09T15:00:00,DK1,90.0,90.0,0.2,1.49512,20.0,20.0,0.02,0.149512
2026-08-09T12:00:00,2026-08-09T14:00:00,DK1,90.0,90.0,0.2,1.49512,20.0,20.0,0.02,0.149512
2026-08-09T11:00:00,2026-08-09T13:00:00,DK1,90.0,90.0,0.2,1.49512,20.0,20.0,0.02,0.149512
2026-08-09T10:00:00,2026-08-09T12:00:00,DK1,90.0,90.0,0.2,1.49512,20.0,20.0,0.02,0.149512
2026-08-09T09:00:00,2026-08-09T11:00:00,DK1,90.0,90.0,0.54,4.036824,20.0,20.0,0.02,0.149512
2026-08-09T08:00:00,2026-08-09T10:00:00,DK1,90.0,90.0,2.21,16.521076,20.0,20.0,0.02,0.149512
2026-08-09T07:00:00,2026-08-09T09:00:00,DK1,90.0,90.0,2.48,18.539488,20.0,20.0,0.02,0.149512
2026-08-09T06:00:00,2026-08-09T08:00:00,DK1,90.0,90.0,2.19,16.371564,20.0,20.0,0.02,0.149512
2026-08-09T05:00:00,2026-08-09T07:00:00,DK1,90.0,90.0,2.19,16.371564,20.0,20.0,0.02,0.149512
2026-08-09T04:00:00,2026-08-09T06:00:00,DK1,90.0,90.0,2.19,16.371564,20.0,20.0,0.02,0.149512
2026-08-09T03:00:00,2026-08-09T05:00:00,DK1,90.0,90.0,2.19,16.371564,20.0,20.0,0.02,0.149512
2026-08-09T02:00:00,2026-08-09T04:00:00,DK1,90.0,90.0,2.41,18.016196,20.0,20.0,0.02,0.149512
2026-08-09T01:00:00,2026-08-09T03:00:00,DK1,90.0,90.0,2.41,18.016196,20.0,20.0,0.02,0.149512
2026-08-09T00:00:00,2026-08-09T02:00:00,DK1,90.0,90.0,2.0,14.9512,20.0,20.0,0.02,0.149512
2026-08-08T23:00:00,2026-08-09T01:00:00,DK1,90.0,90.0,2.01,15.025956,20.0,20.0,0.02,0.149512
2026-08-08T22:00:00,2026-08-09T00:00:00,DK1,90.0,90.0,2.19,16.371564,20.0,20.0,0.02,0.149512
2026-08-08T21:00:00,2026-08-08T23:00:00,DK1,90.0,90.0,2.42,18.090952,20.0,20.0,0.03,0.224268
2026-08-08T20:00:00,2026-08-08T22:00:00,DK1,90.0,90.0,21.9,163.71564,20.0,20.0,0.03,0.224268
2026-08-08T19:00:00,2026-08-08T21:00:00,DK1,90.0,90.0,2.42,18.090952,20.0,20.0,0.03,0.224268
2026-08-08T18:00:00,2026-08-08T20:00:00,DK1,90.0,90.0,2.42,18.090952,20.0,21.0,0.02,0.149512
2026-08-08T17:00:00,2026-08-08T19:00:00,DK1,90.0,90.0,13.38,100.023528,20.0,20.0,0.02,0.149512
2026-08-08T16:00:00,2026-08-08T18:00:00,DK1,90.0,90.0,2.45,18.31522,20.0,21.0,0.02,0.149512
2026-08-08T15:00:00,2026-08-08T17:00:00,DK1,90.0,90.0,2.42,18.090952,20.0,20.0,0.02,0.149512
2026-08-08T14:00:00,2026-08-08T16:00:00,DK1,90.0,90.0,7.51,56.141756,20.0,20.0,0.02,0.149512
2026-08-08T13:00:00,2026-08-08T15:00:00,DK1,90.0,90.0,2.45,18.31522,20.0,20.0,0.02,0.149512
2026-08-08T12:00:00,2026-08-08T14:00:00,DK1,90.0,90.0,0.2,1.49512,20.0,20.0,0.02,0.149512
2026-08-08T11:00:00,2026-08-08T13:00:00,DK1,90.0,90.0,0.31,2.317436,20.0,20.0,0.02,0.149512
2026-08-08T10:00:00,2026-08-08T12:00:00,DK1,90.0,90.0,1.2,8.97072,20.0,20.0,0.02,0.149512
2026-08-08T09:00:00,2026-08-08T11:00:00,DK1,90.0,90.0,2.01,15.025956,20.0,20.0,0.02,0.149512
2026-08-08T08:00:00,2026-08-08T10:00:00,DK1,90.0,90.0,2.42,18.090952,20.0,20.0,0.02,0.149512
2026-08-08T07:00:00,2026-08-08T09:00:00,DK1,90.0,90.0,2.42,18.090952,20.0,20.0,0.02,0.149512
2026-08-08T06:00:00,2026-08-08T08:00:00,DK1,90.0,90.0,2.45,18.31522,20.0,20.0,0.02,0.149512
2026-08-08T05:00:00,2026-08-08T07:00:00,DK1,90.0,90.0,2.42,18.090952,20.0,20.0,0.02,0.149512
2026-08-08T04:00:00,2026-08-08T06:00:00,DK1,90.0,90.0,2.42,18.090952,20.0,20.0,0.02,0.149512
2026-08-08T03:00:00,2026-08-08T05:00:00,DK1,90.0,90.0,2.42,18.090952,20.0,20.0,0.02,0.149512
2026-08-08T02:00:00,2026-08-08T04:00:00,DK1,90.0,90.0,6.0,44.8536,20.0,20.0,0.02,0.149512
2026-08-08T01:00:00,2026-08-08T03:00:00,DK1,90.0,90.0,2.12,15.848272,20.0,20.0,0.02,0.149512
2026-08-08T00:00:00,2026-08-08T02:00:00,DK1,90.0,90.0,2.12,15.848272,20.0,20.0,0.02,0.149512
2026-08-07T23:00:00,2026-08-08T01:00:00,DK1,90.0,90.0,2.12,15.848272,20.0,20.0,0.02,0.149512
2026-08-07T22:00:00,2026-08-08T00:00:00,DK1,90.0,90.0,2.12,15.848272,20.0,20.0,0.02,0.149512
2026-08-07T21:00:00,2026-08-07T23:00:00,DK1,90.0,90.0,2.37,17.717172,20.0,20.0,0.02,0.149512
2026-08-07T20:00:00,2026-08-07T22:00:00,DK1,90.0,90.0,11.3,84.47428,20.0,20.0,0.02,0.149512
2026-08-07T19:00:00,2026-08-07T21:00:00,DK1,90.0,90.0,11.3,84.47428,20.0,20.0,0.02,0.149512
2026-08-07T18:00:00,2026-08-07T20:00:00,DK1,90.0,90.0,2.37,17.717172,20.0,20.0,0.02,0.149512
2026-08-07T17:00:00,2026-08-07T19:00:00,DK1,90.0,90.0,2.37,17.717172,20.0,21.0,0.02,0.149512
2026-08-07T16:00:00,2026-08-07T18:00:00,DK1,90.0,90.0,2.37,17.717172,20.0,20.0,0.02,0.149512
2026-08-07T15:00:00,2026-08-07T17:00:00,DK1,90.0,90.0,2.37,17.717172,20.0,20.0,0.02,0.149512
2026-08-07T14:00:00,2026-08-07T16:00:00,DK1,90.0,90.0,2.37,17.717172,20.0,20.0,0.02,0.149512
2026-08-07T13:00:00,2026-08-07T15:00:00,DK1,90.0,90.0,2.37,17.717172,20.0,20.0,0.02,0.149512
2026-08-07T12:00:00,2026-08-07T14:00:00,DK1,90.0,90.0,2.68,20.034608,20.0,20.0,0.02,0.149512
2026-08-07T11:00:00,2026-08-07T13:00:00,DK1,90.0,90.0,7.89,58.982484,20.0,20.0,0.02,0.149512
2026-08-07T10:00:00,2026-08-07T12:00:00,DK1,90.0,90.0,7.89,58.982484,20.0,20.0,0.02,0.149512
2026-08-07T09:00:00,2026-08-07T11:00:00,DK1,90.0,90.0,2.37,17.717172,20.0,20.0,0.02,0.149512
2026-08-07T08:00:00,2026-08-07T10:00:00,DK1,90.0,90.0,2.37,17.717172,20.0,20.0,0.02,0.149512
2026-08-07T07:00:00,2026-08-07T09:00:00,DK1,90.0,90.0,2.48,18.539488,20.0,20.0,0.02,0.149512
2026-08-07T06:00:00,2026-08-07T08:00:00,DK1,90.0,90.0,2.37,17.717172,20.0,20.0,0.02,0.149512
2026-08-07T05:00:00,2026-08-07T07:00:00,DK1,90.0,90.0,2.37,17.717172,20.0,20.0,0.02,0.149512
2026-08-07T04:00:00,2026-08-07T06:00:00,DK1,90.0,90.0,2.37,17.717172,20.0,20.0,0.02,0.149512
2026-08-07T03:00:00,2026-08-07T05:00:00,DK1,90.0,90.0,2.37,17.717172,20.0,20.0,0.02,0.149512
2026-08-07T02:00:00,2026-08-07T04:00:00,DK1,90.0,90.0,2.37,17.717172,20.0,20.0,0.02,0.149512
2026-08-07T01:00:00,2026-08-07T03:00:00,DK1,90.0,90.0,2.28,17.044368,20.0,20.0,0.02,0.149512
2026-08-07T00:00:00,2026-08-07T02:00:00,DK1,90.0,90.0,1.2,8.97072,20.0,20.0,0.02,0.149512
2026-08-06T23:00:00,2026-08-07T01:00:00,DK1,90.0,90.0,2.15,16.07254,20.0,20.0,0.02,0.149512
2026-08-06T22:00:00,2026-08-07T00:00:00,DK1,90.0,90.0,1.2,8.97072,20.0,20.0,0.02,0.149512
2026-08-06T21:00:00,2026-08-06T23:00:00,DK1,90.0,90.0,2.01,15.025755,20.0,20.0,0.02,0.14951
2026-08-06T20:00:00,2026-08-06T22:00:00,DK1,90.0,90.0,57.52,429.99076,20.0,21.0,0.02,0.14951
2026-08-06T19:00:00,2026-08-06T21:00:00,DK1,90.0,90.0,2.11,15.773305,20.0,20.0,0.02,0.14951
2026-08-06T18:00:00,2026-08-06T20:00:00,DK1,90.0,90.0,2.15,16.072325,20.0,20.0,0.02,0.14951
2026-08-06T17:00:00,2026-08-06T19:00:00,DK1,90.0,90.0,2.15,16.072325,20.0,20.0,0.02,0.14951
2026-08-06T16:00:00,2026-08-06T18:00:00,DK1,90.0,90.0,2.11,15.773305,20.0,20.0,0.02,0.14951
2026-08-06T15:00:00,2026-08-06T17:00:00,DK1,90.0,90.0,2.16,16.14708,20.0,20.0,0.02,0.14951
2026-08-06T14:00:00,2026-08-06T16:00:00,DK1,90.0,90.0,2.11,15.773305,20.0,20.0,0.02,0.14951
2026-08-06T13:00:00,2026-08-06T15:00:00,DK1,90.0,90.0,6.94,51.87997,20.0,20.0,0.02,0.14951
2026-08-06T12:00:00,2026-08-06T14:00:00,DK1,90.0,90.0,6.2,46.3481,20.0,20.0,0.02,0.14951
2026-08-06T11:00:00,2026-08-06T13:00:00,DK1,90.0,90.0,2.01,15.025755,20.0,20.0,0.02,0.14951
2026-08-06T10:00:00,2026-08-06T12:00:00,DK1,90.0,90.0,2.01,15.025755,20.0,20.0,0.02,0.14951
2026-08-06T09:00:00,2026-08-06T11:00:00,DK1,90.0,90.0,2.11,15.773305,20.0,20.0,0.02,0.14951
2026-08-06T08:00:00,2026-08-06T10:00:00,DK1,90.0,90.0,2.11,15.773305,20.0,20.0,0.02,0.14951
2026-08-06T07:00:00,2026-08-06T09:00:00,DK1,90.0,90.0,2.11,15.773305,20.0,20.0,0.02,0.14951
2026-08-06T06:00:00,2026-08-06T08:00:00,DK1,90.0,90.0,2.11,15.773305,20.0,20.0,0.02,0.14951
2026-08-06T05:00:00,2026-08-06T07:00:00,DK1,90.0,90.0,2.15,16.072325,20.0,20.0,0.02,0.14951
2026-08-06T04:00:00,2026-08-06T06:00:00,DK1,90.0,90.0,2.11,15.773305,20.0,20.0,0.02,0.14951
2026-08-06T03:00:00,2026-08-06T05:00:00,DK1,90.0,90.0,2.15,16.072325,20.0,20.0,0.02,0.14951
2026-08-06T02:00:00,2026-08-06T04:00:00,DK1,90.0,90.0,2.15,16.072325,20.0,20.0,0.02,0.14951
2026-08-06T01:00:00,2026-08-06T03:00:00,DK1,90.0,90.0,2.16,16.14708,20.0,20.0,0.02,0.14951
2026-08-06T00:00:00,2026-08-06T02:00:00,DK1,90.0,90.0,0.67,5.008585,20.0,20.0,0.02,0.14951
2026-08-05T23:00:00,2026-08-06T01:00:00,DK1,90.0,90.0,1.2,8.9706,20.0,20.0,0.02,0.14951
2026-08-05T22:00:00,2026-08-06T00:00:00,DK1,90.0,90.0,2.16,16.14708,20.0,20.0,0.02,0.14951
2026-08-05T21:00:00,2026-08-05T23:00:00,DK1,90.0,90.0,2.02,15.100106,20.0,20.0,0.01,0.074753
2026-08-05T20:00:00,2026-08-05T22:00:00,DK1,90.0,90.0,18.1,135.30293,20.0,20.0,0.01,0.074753
2026-08-05T19:00:00,2026-08-05T21:00:00,DK1,90.0,90.0,18.1,135.30293,20.0,20.0,0.01,0.074753
2026-08-05T18:00:00,2026-08-05T20:00:00,DK1,90.0,90.0,2.17,16.221401,20.0,20.0,0.01,0.074753
2026-08-05T17:00:00,2026-08-05T19:00:00,DK1,90.0,90.0,2.17,16.221401,20.0,20.0,0.01,0.074753
2026-08-05T16:00:00,2026-08-05T18:00:00,DK1,90.0,90.0,2.17,16.221401,20.0,20.0,0.01,0.074753
2026-08-05T15:00:00,2026-08-05T17:00:00,DK1,90.0,90.0,2.17,16.221401,20.0,20.0,0.01,0.074753
2026-08-05T14:00:00,2026-08-05T16:00:00,DK1,90.0,90.0,2.17,16.221401,20.0,20.0,0.01,0.074753
2026-08-05T13:00:00,2026-08-05T15:00:00,DK1,90.0,90.0,2.01,15.025353,20.0,20.0,0.02,0.149506
2026-08-05T12:00:00,2026-08-05T14:00:00,DK1,90.0,90.0,2.01,15.025353,20.0,20.0,0.02,0.149506
2026-08-05T11:00:00,2026-08-05T13:00:00,DK1,90.0,90.0,2.02,15.100106,20.0,20.0,0.02,0.149506
2026-08-05T10:00:00,2026-08-05T12:00:00,DK1,90.0,90.0,2.01,15.025353,20.0,20.0,0.02,0.149506
2026-08-05T09:00:00,2026-08-05T11:00:00,DK1,90.0,90.0,2.17,16.221401,20.0,20.0,0.02,0.149506
2026-08-05T08:00:00,2026-08-05T10:00:00,DK1,90.0,90.0,2.17,16.221401,20.0,20.0,0.01,0.074753
2026-08-05T07:00:00,2026-08-05T09:00:00,DK1,90.0,90.0,2.17,16.221401,20.0,20.0,0.01,0.074753
2026-08-05T06:00:00,2026-08-05T08:00:00,DK1,90.0,90.0,2.17,16.221401,20.0,20.0,0.01,0.074753
2026-08-05T05:00:00,2026-08-05T07:00:00,DK1,90.0,90.0,2.17,16.221401,20.0,20.0,0.01,0.074753
2026-08-05T04:00:00,2026-08-05T06:00:00,DK1,90.0,90.0,2.17,16.221401,20.0,20.0,0.01,0.074753
2026-08-05T03:00:00,2026-08-05T05:00:00,DK1,90.0,90.0,2.17,16.221401,20.0,20.0,0.01,0.074753
2026-08-05T02:00:00,2026-08-05T04:00:00,DK1,90.0,90.0,2.17,16.221401,20.0,20.0,0.01,0.074753
2026-08-05T01:00:00,2026-08-05T03:00:00,DK1,90.0,90.0,2.17,16.221401,20.0,20.0,0.01,0.074753
2026-08-05T00:00:00,2026-08-05T02:00:00,DK1,90.0,90.0,2.02,15.100106,20.0,20.0,0.01,0.074753
2026-08-04T23:00:00,2026-08-05T01:00:00,DK1,90.0,90.0,1.2,8.97036,20.0,20.0,0.01,0.074753
2026-08-04T22:00:00,2026-08-05T00:00:00,DK1,90.0,90.0,2.01,15.025353,20.0,20.0,0.01,0.074753
2026-08-04T21:00:00,2026-08-04T23:00:00,DK1,90.0,90.0,2.01,15.025554,20.0,20.0,0.01,0.074754
2026-08-04T20:00:00,2026-08-04T22:00:00,DK1,90.0,90.0,2.37,17.716698,20.0,20.0,0.01,0.074754
2026-08-04T19:00:00,2026-08-04T21:00:00,DK1,90.0,90.0,2.37,17.716698,20.0,20.0,0.01,0.074754
2026-08-04T18:00:00,2026-08-04T20:00:00,DK1,90.0,90.0,31.7,236.97018,20.0,20.0,0.01,0.074754
2026-08-04T17:00:00,2026-08-04T19:00:00,DK1,90.0,90.0,20.0,149.508,20.0,20.0,0.01,0.074754
2026-08-04T16:00:00,2026-08-04T18:00:00,DK1,90.0,90.0,2.37,17.716698,20.0,20.0,0.01,0.074754
2026-08-04T15:00:00,2026-08-04T17:00:00,DK1,90.0,90.0,2.49,18.613746,20.0,20.0,0.01,0.074754
2026-08-04T14:00:00,2026-08-04T16:00:00,DK1,90.0,90.0,2.37,17.716698,20.0,20.0,0.01,0.074754
2026-08-04T13:00:00,2026-08-04T15:00:00,DK1,90.0,90.0,2.37,17.716698,20.0,20.0,0.01,0.074754
2026-08-04T12:00:00,2026-08-04T14:00:00,DK1,90.0,90.0,2.37,17.716698,20.0,20.0,0.01,0.074754
2026-08-04T11:00:00,2026-08-04T13:00:00,DK1,90.0,90.0,2.37,17.716698,20.0,20.0,0.01,0.074754
2026-08-04T10:00:00,2026-08-04T12:00:00,DK1,90.0,90.0,2.37,17.716698,20.0,20.0,0.01,0.074754
2026-08-04T09:00:00,2026-08-04T11:00:00,DK1,90.0,90.0,2.37,17.716698,20.0,20.0,0.01,0.074754
2026-08-04T08:00:00,2026-08-04T10:00:00,DK1,90.0,90.0,2.49,18.613746,20.0,20.0,0.01,0.074754
2026-08-04T07:00:00,2026-08-04T09:00:00,DK1,90.0,90.0,2.37,17.716698,20.0,20.0,0.01,0.074754
2026-08-04T06:00:00,2026-08-04T08:00:00,DK1,90.0,90.0,2.37,17.716698,20.0,20.0,0.01,0.074754
2026-08-04T05:00:00,2026-08-04T07:00:00,DK1,90.0,90.0,2.37,17.716698,20.0,20.0,0.01,0.074754
2026-08-04T04:00:00,2026-08-04T06:00:00,DK1,90.0,90.0,2.37,17.716698,20.0,20.0,0.01,0.074754
2026-08-04T03:00:00,2026-08-04T05:00:00,DK1,90.0,90.0,2.37,17.716698,20.0,20.0,0.01,0.074754
2026-08-04T02:00:00,2026-08-04T04:00:00,DK1,90.0,90.0,2.37,17.716698,20.0,20.0,0.01,0.074754
2026-08-04T01:00:00,2026-08-04T03:00:00,DK1,90.0,90.0,2.01,15.025554,20.0,20.0,0.01,0.074754
2026-08-04T00:00:00,2026-08-04T02:00:00,DK1,90.0,90.0,2.0,14.9508,20.0,20.0,0.01,0.074754
2026-08-03T23:00:00,2026-08-04T01:00:00,DK1,90.0,90.0,2.0,14.9508,20.0,20.0,0.01,0.074754
2026-08-03T22:00:00,2026-08-04T00:00:00,DK1,90.0,90.0,2.01,15.025554,20.0,20.0,0.01,0.074754
2026-08-03T21:00:00,2026-08-03T23:00:00,DK1,90.0,90.0,2.03,15.174047,20.0,20.0,0.01,0.074749
2026-08-03T20:00:00,2026-08-03T22:00:00,DK1,90.0,90.0,2.03,15.174047,20.0,20.0,0.01,0.074749
2026-08-03T19:00:00,2026-08-03T21:00:00,DK1,90.0,90.0,21.3,159.21537,20.0,20.0,0.01,0.074749
2026-08-03T18:00:00,2026-08-03T20:00:00,DK1,90.0,90.0,21.3,159.21537,20.0,20.0,0.01,0.074749
2026-08-03T17:00:00,2026-08-03T19:00:00,DK1,90.0,90.0,2.1,15.69729,20.0,20.0,0.01,0.074749
2026-08-03T16:00:00,2026-08-03T18:00:00,DK1,90.0,90.0,2.03,15.174047,20.0,20.0,0.01,0.074749
2026-08-03T15:00:00,2026-08-03T17:00:00,DK1,90.0,90.0,2.03,15.174047,20.0,20.0,0.01,0.074749
2026-08-03T14:00:00,2026-08-03T16:00:00,DK1,90.0,90.0,2.03,15.174047,20.0,20.0,0.01,0.074749
2026-08-03T13:00:00,2026-08-03T15:00:00,DK1,90.0,90.0,2.03,15.174047,20.0,20.0,0.01,0.074749
2026-08-03T12:00:00,2026-08-03T14:00:00,DK1,90.0,90.0,2.03,15.174047,20.0,20.0,0.01,0.074749
2026-08-03T11:00:00,2026-08-03T13:00:00,DK1,90.0,90.0,2.03,15.174047,20.0,20.0,0.01,0.074749
2026-08-03T10:00:00,2026-08-03T12:00:00,DK1,90.0,90.0,2.34,17.491266,20.0,20.0,0.01,0.074749
2026-08-03T09:00:00,2026-08-03T11:00:00,DK1,90.0,90.0,2.34,17.491266,20.0,20.0,0.01,0.074749
2026-08-03T08:00:00,2026-08-03T10:00:00,DK1,90.0,90.0,2.03,15.174047,20.0,20.0,0.01,0.074749
2026-08-03T07:00:00,2026-08-03T09:00:00,DK1,90.0,90.0,2.1,15.69729,20.0,20.0,0.01,0.074749
2026-08-03T06:00:00,2026-08-03T08:00:00,DK1,93.0,93.0,2.03,15.174047,20.0,20.0,0.01,0.074749
2026-08-03T05:00:00,2026-08-03T07:00:00,DK1,90.0,90.0,2.03,15.174047,20.0,20.0,0.01,0.074749
2026-08-03T04:00:00,2026-08-03T06:00:00,DK1,90.0,90.0,2.03,15.174047,20.0,20.0,0.01,0.074749
2026-08-03T03:00:00,2026-08-03T05:00:00,DK1,90.0,90.0,2.34,17.491266,20.0,20.0,0.01,0.074749
2026-08-03T02:00:00,2026-08-03T04:00:00,DK1,90.0,90.0,2.1,15.69729,20.0,20.0,0.01,0.074749
2026-08-03T01:00:00,2026-08-03T03:00:00,DK1,90.0,90.0,2.03,15.174047,20.0,20.0,0.01,0.074749
2026-08-03T00:00:00,2026-08-03T02:00:00,DK1,90.0,90.0,2.34,17.491266,20.0,20.0,0.01,0.074749
2026-08-02T23:00:00,2026-08-03T01:00:00,DK1,90.0,90.0,2.03,15.174047,20.0,20.0,0.01,0.074749
2026-08-02T22:00:00,2026-08-03T00:00:00,DK1,90.0,90.0,2.03,15.174047,20.0,20.0,0.01,0.074749
2026-08-02T21:00:00,2026-08-02T23:00:00,DK1,90.0,90.0,2.03,15.174656,20.0,20.0,0.01,0.074752
2026-08-02T20:00:00,2026-08-02T22:00:00,DK1,90.0,90.0,2.03,15.174656,20.0,20.0,0.01,0.074752
2026-08-02T19:00:00,2026-08-02T21:00:00,DK1,90.0,90.0,14.85,111.00672,20.0,20.0,0.01,0.074752
2026-08-02T18:00:00,2026-08-02T20:00:00,DK1,90.0,90.0,14.85,111.00672,20.0,20.0,0.01,0.074752
2026-08-02T17:00:00,2026-08-02T19:00:00,DK1,90.0,90.0,2.1,15.69792,20.0,20.0,0.01,0.074752
2026-08-02T16:00:00,2026-08-02T18:00:00,DK1,90.0,90.0,2.18,16.295936,20.0,20.0,0.01,0.074752
2026-08-02T15:00:00,2026-08-02T17:00:00,DK1,90.0,90.0,2.03,15.174656,20.0,20.0,0.01,0.074752
2026-08-02T14:00:00,2026-08-02T16:00:00,DK1,90.0,90.0,2.18,16.295936,20.0,20.0,0.01,0.074752
2026-08-02T13:00:00,2026-08-02T15:00:00,DK1,90.0,90.0,0.54,4.036608,20.0,20.0,0.02,0.149504
2026-08-02T12:00:00,2026-08-02T14:00:00,DK1,90.0,90.0,0.54,4.036608,20.0,20.0,0.02,0.149504
2026-08-02T11:00:00,2026-08-02T13:00:00,DK1,90.0,90.0,0.54,4.036608,20.0,20.0,0.02,0.149504
2026-08-02T10:00:00,2026-08-02T12:00:00,DK1,90.0,90.0,0.54,4.036608,20.0,20.0,0.02,0.149504
2026-08-02T09:00:00,2026-08-02T11:00:00,DK1,90.0,90.0,0.54,4.036608,20.0,20.0,0.02,0.149504
2026-08-02T08:00:00,2026-08-02T10:00:00,DK1,90.0,90.0,2.03,15.174656,20.0,20.0,0.02,0.149504
2026-08-02T07:00:00,2026-08-02T09:00:00,DK1,90.0,90.0,2.03,15.174656,20.0,20.0,0.01,0.074752
2026-08-02T06:00:00,2026-08-02T08:00:00,DK1,90.0,90.0,2.18,16.295936,20.0,20.0,0.01,0.074752
2026-08-02T05:00:00,2026-08-02T07:00:00,DK1,90.0,90.0,2.18,16.295936,20.0,20.0,0.01,0.074752
2026-08-02T04:00:00,2026-08-02T06:00:00,DK1,90.0,90.0,2.18,16.295936,20.0,20.0,0.01,0.074752
2026-08-02T03:00:00,2026-08-02T05:00:00,DK1,90.0,90.0,2.03,15.174656,20.0,20.0,0.01,0.074752
2026-08-02T02:00:00,2026-08-02T04:00:00,DK1,90.0,90.0,2.03,15.174656,20.0,20.0,0.01,0.074752
2026-08-02T01:00:00,2026-08-02T03:00:00,DK1,90.0,90.0,2.03,15.174656,20.0,20.0,0.01,0.074752
2026-08-02T00:00:00,2026-08-02T02:00:00,DK1,90.0,90.0,2.1,15.69792,20.0,20.0,0.01,0.074752
2026-08-01T23:00:00,2026-08-02T01:00:00,DK1,90.0,90.0,2.1,15.69792,20.0,20.0,0.01,0.074752
2026-08-01T22:00:00,2026-08-02T00:00:00,DK1,90.0,90.0,2.03,15.174656,20.0,20.0,0.01,0.074752
2026-08-01T21:00:00,2026-08-01T23:00:00,DK1,90.0,90.0,2.49,18.613248,20.0,20.0,0.01,0.074752
2026-08-01T20:00:00,2026-08-01T22:00:00,DK1,90.0,90.0,2.4,17.94048,20.0,20.0,0.01,0.074752
2026-08-01T19:00:00,2026-08-01T21:00:00,DK1,90.0,90.0,20.0,149.504,20.0,20.0,0.01,0.074752
2026-08-01T18:00:00,2026-08-01T20:00:00,DK1,90.0,90.0,20.0,149.504,20.0,20.0,0.01,0.074752
2026-08-01T17:00:00,2026-08-01T19:00:00,DK1,90.0,90.0,2.5,18.688,20.0,20.0,0.01,0.074752
2026-08-01T16:00:00,2026-08-01T18:00:00,DK1,90.0,90.0,2.4,17.94048,20.0,20.0,0.01,0.074752
2026-08-01T15:00:00,2026-08-01T17:00:00,DK1,90.0,90.0,2.4,17.94048,20.0,20.0,0.01,0.074752
2026-08-01T14:00:00,2026-08-01T16:00:00,DK1,90.0,90.0,2.4,17.94048,20.0,20.0,0.01,0.074752
2026-08-01T13:00:00,2026-08-01T15:00:00,DK1,90.0,90.0,2.01,15.025152,20.0,20.0,0.02,0.149504
2026-08-01T12:00:00,2026-08-01T14:00:00,DK1,90.0,90.0,1.07,7.998464,20.0,20.0,0.02,0.149504
2026-08-01T11:00:00,2026-08-01T13:00:00,DK1,90.0,90.0,1.07,7.998464,20.0,20.0,0.02,0.149504
2026-08-01T10:00:00,2026-08-01T12:00:00,DK1,90.0,90.0,1.07,7.998464,20.0,20.0,0.02,0.149504
2026-08-01T09:00:00,2026-08-01T11:00:00,DK1,90.0,90.0,2.4,17.94048,20.0,20.0,0.01,0.074752
2026-08-01T08:00:00,2026-08-01T10:00:00,DK1,90.0,90.0,2.4,17.94048,20.0,20.0,0.01,0.074752
2026-08-01T07:00:00,2026-08-01T09:00:00,DK1,90.0,90.0,2.4,17.94048,20.0,20.0,0.01,0.074752
2026-08-01T06:00:00,2026-08-01T08:00:00,DK1,90.0,90.0,2.4,17.94048,20.0,20.0,0.01,0.074752
2026-08-01T05:00:00,2026-08-01T07:00:00,DK1,90.0,90.0,2.4,17.94048,20.0,20.0,0.01,0.074752
2026-08-01T04:00:00,2026-08-01T06:00:00,DK1,90.0,90.0,2.4,17.94048,20.0,20.0,0.01,0.074752
2026-08-01T03:00:00,2026-08-01T05:00:00,DK1,90.0,90.0,2.4,17.94048,20.0,20.0,0.01,0.074752
2026-08-01T02:00:00,2026-08-01T04:00:00,DK1,90.0,90.0,2.5,18.688,20.0,20.0,0.01,0.074752
2026-08-01T01:00:00,2026-08-01T03:00:00,DK1,90.0,90.0,2.4,17.94048,20.0,20.0,0.01,0.074752
2026-08-01T00:00:00,2026-08-01T02:00:00,DK1,90.0,90.0,20.0,149.504,20.0,20.0,0.01,0.074752
2026-07-31T23:00:00,2026-08-01T01:00:00,DK1,90.0,90.0,6.1,45.59872,20.0,20.0,0.01,0.074752
2026-07-31T22:00:00,2026-08-01T00:00:00,DK1,90.0,90.0,2.4,17.94048,20.0,20.0,0.01,0.074752
2026-07-31T21:00:00,2026-07-31T23:00:00,DK1,90.0,90.0,2.41,18.015232,20.0,20.0,0.01,0.074752
2026-07-31T20:00:00,2026-07-31T22:00:00,DK1,90.0,90.0,2.41,18.015232,20.0,20.0,0.01,0.074752
2026-07-31T19:00:00,2026-07-31T21:00:00,DK1,90.0,90.0,31.0,231.7312,20.0,20.0,0.01,0.074752
2026-07-31T18:00:00,2026-07-31T20:00:00,DK1,90.0,90.0,31.0,231.7312,20.0,20.0,0.01,0.074752
2026-07-31T17:00:00,2026-07-31T19:00:00,DK1,90.0,90.0,2.41,18.015232,20.0,20.0,0.01,0.074752
2026-07-31T16:00:00,2026-07-31T18:00:00,DK1,90.0,90.0,2.41,18.015232,20.0,20.0,0.01,0.074752
2026-07-31T15:00:00,2026-07-31T17:00:00,DK1,90.0,90.0,4.01,29.975552,20.0,20.0,0.01,0.074752
2026-07-31T14:00:00,2026-07-31T16:00:00,DK1,90.0,90.0,2.41,18.015232,20.0,20.0,0.01,0.074752
2026-07-31T13:00:00,2026-07-31T15:00:00,DK1,90.0,90.0,2.41,18.015232,20.0,20.0,0.01,0.074752
2026-07-31T12:00:00,2026-07-31T14:00:00,DK1,90.0,90.0,2.41,18.015232,20.0,20.0,0.01,0.074752
2026-07-31T11:00:00,2026-07-31T13:00:00,DK1,90.0,90.0,2.41,18.015232,20.0,20.0,0.01,0.074752
2026-07-31T10:00:00,2026-07-31T12:00:00,DK1,90.0,90.0,2.41,18.015232,20.0,20.0,0.01,0.074752
2026-07-31T09:00:00,2026-07-31T11:00:00,DK1,90.0,90.0,2.41,18.015232,20.0,20.0,0.01,0.074752
2026-07-31T08:00:00,2026-07-31T10:00:00,DK1,90.0,90.0,2.41,18.015232,20.0,20.0,0.01,0.074752
2026-07-31T07:00:00,2026-07-31T09:00:00,DK1,90.0,90.0,2.41,18.015232,20.0,20.0,0.01,0.074752
2026-07-31T06:00:00,2026-07-31T08:00:00,DK1,90.0,90.0,2.41,18.015232,20.0,20.0,0.01,0.074752
2026-07-31T05:00:00,2026-07-31T07:00:00,DK1,90.0,90.0,2.41,18.015232,20.0,20.0,0.01,0.074752
2026-07-31T04:00:00,2026-07-31T06:00:00,DK1,90.0,90.0,2.41,18.015232,20.0,20.0,0.01,0.074752
2026-07-31T03:00:00,2026-07-31T05:00:00,DK1,90.0,90.0,2.41,18.015232,20.0,20.0,0.01,0.074752
2026-07-31T02:00:00,2026-07-31T04:00:00,DK1,90.0,90.0,2.41,18.015232,20.0,20.0,0.01,0.074752
2026-07-31T01:00:00,2026-07-31T03:00:00,DK1,90.0,90.0,2.03,15.174656,20.0,20.0,0.01,0.074752
2026-07-31T00:00:00,2026-07-31T02:00:00,DK1,90.0,90.0,2.26,16.893952,20.0,20.0,0.01,0.074752
2026-07-30T23:00:00,2026-07-31T01:00:00,DK1,90.0,90.0,2.03,15.174656,20.0,20.0,0.01,0.074752
2026-07-30T22:00:00,2026-07-31T00:00:00,DK1,90.0,90.0,2.41,18.015232,20.0,20.0,0.01,0.074752
2026-07-30T21:00:00,2026-07-30T23:00:00,DK1,90.0,90.0,2.34,17.491266,20.0,20.0,0.01,0.074749
2026-07-30T20:00:00,2026-07-30T22:00:00,DK1,90.0,90.0,2.34,17.491266,20.0,20.0,0.01,0.074749
2026-07-30T19:00:00,2026-07-30T21:00:00,DK1,90.0,90.0,20.6,153.98294,20.0,20.0,0.01,0.074749
2026-07-30T18:00:00,2026-07-30T20:00:00,DK1,90.0,90.0,20.6,153.98294,20.0,20.0,0.01,0.074749
2026-07-30T17:00:00,2026-07-30T19:00:00,DK1,90.0,90.0,2.34,17.491266,20.0,20.0,0.01,0.074749
2026-07-30T16:00:00,2026-07-30T18:00:00,DK1,90.0,90.0,2.34,17.491266,20.0,20.0,0.01,0.074749
2026-07-30T15:00:00,2026-07-30T17:00:00,DK1,90.0,90.0,2.34,17.491266,20.0,20.0,0.01,0.074749
2026-07-30T14:00:00,2026-07-30T16:00:00,DK1,90.0,90.0,2.34,17.491266,20.0,20.0,0.01,0.074749
2026-07-30T13:00:00,2026-07-30T15:00:00,DK1,90.0,90.0,2.34,17.491266,20.0,20.0,0.01,0.074749
2026-07-30T12:00:00,2026-07-30T14:00:00,DK1,90.0,90.0,2.34,17.491266,20.0,20.0,0.01,0.074749
2026-07-30T11:00:00,2026-07-30T13:00:00,DK1,90.0,90.0,2.34,17.491266,20.0,20.0,0.01,0.074749
2026-07-30T10:00:00,2026-07-30T12:00:00,DK1,90.0,90.0,2.34,17.491266,20.0,20.0,0.01,0.074749
2026-07-30T09:00:00,2026-07-30T11:00:00,DK1,90.0,90.0,2.34,17.491266,20.0,20.0,0.01,0.074749
2026-07-30T08:00:00,2026-07-30T10:00:00,DK1,90.0,90.0,2.34,17.491266,20.0,20.0,0.01,0.074749
2026-07-30T07:00:00,2026-07-30T09:00:00,DK1,90.0,90.0,2.34,17.491266,20.0,20.0,0.01,0.074749
2026-07-30T06:00:00,2026-07-30T08:00:00,DK1,90.0,90.0,2.34,17.491266,20.0,20.0,0.01,0.074749
2026-07-30T05:00:00,2026-07-30T07:00:00,DK1,90.0,90.0,2.34,17.491266,20.0,20.0,0.01,0.074749
2026-07-30T04:00:00,2026-07-30T06:00:00,DK1,90.0,90.0,2.34,17.491266,20.0,20.0,0.01,0.074749
2026-07-30T03:00:00,2026-07-30T05:00:00,DK1,90.0,90.0,2.34,17.491266,20.0,20.0,0.01,0.074749
2026-07-30T02:00:00,2026-07-30T04:00:00,DK1,90.0,90.0,2.34,17.491266,20.0,20.0,0.01,0.074749
2026-07-30T01:00:00,2026-07-30T03:00:00,DK1,90.0,90.0,6.0,44.8494,20.0,20.0,0.01,0.074749
2026-07-30T00:00:00,2026-07-30T02:00:00,DK1,90.0,90.0,2.24,16.743776,20.0,20.0,0.01,0.074749
2026-07-29T23:00:00,2026-07-30T01:00:00,DK1,90.0,90.0,2.34,17.491266,20.0,20.0,0.01,0.074749
2026-07-29T22:00:00,2026-07-30T00:00:00,DK1,90.0,90.0,2.34,17.491266,20.0,20.0,0.01,0.074749
2026-07-29T21:00:00,2026-07-29T23:00:00,DK1,90.0,90.0,2.42,18.089016,20.0,20.0,0.01,0.074748
2026-07-29T20:00:00,2026-07-29T22:00:00,DK1,90.0,90.0,2.44,18.238512,20.0,20.0,0.01,0.074748
2026-07-29T19:00:00,2026-07-29T21:00:00,DK1,90.0,90.0,2.42,18.089016,20.0,20.0,0.01,0.074748
2026-07-29T18:00:00,2026-07-29T20:00:00,DK1,90.0,90.0,32.1,239.94108,20.0,20.0,0.01,0.074748
2026-07-29T17:00:00,2026-07-29T19:00:00,DK1,90.0,90.0,14.85,111.00078,20.0,20.0,0.01,0.074748
2026-07-29T16:00:00,2026-07-29T18:00:00,DK1,90.0,90.0,2.42,18.089016,20.0,20.0,0.01,0.074748
2026-07-29T15:00:00,2026-07-29T17:00:00,DK1,90.0,90.0,2.42,18.089016,20.0,20.0,0.01,0.074748
2026-07-29T14:00:00,2026-07-29T16:00:00,DK1,90.0,90.0,2.44,18.238512,20.0,20.0,0.01,0.074748
2026-07-29T13:00:00,2026-07-29T15:00:00,DK1,90.0,90.0,2.42,18.089016,20.0,20.0,0.01,0.074748
2026-07-29T12:00:00,2026-07-29T14:00:00,DK1,90.0,90.0,20.0,149.496,20.0,20.0,0.02,0.149496
2026-07-29T11:00:00,2026-07-29T13:00:00,DK1,90.0,90.0,2.42,18.089016,20.0,20.0,0.02,0.149496
2026-07-29T10:00:00,2026-07-29T12:00:00,DK1,90.0,90.0,2.42,18.089016,20.0,20.0,0.01,0.074748
2026-07-29T09:00:00,2026-07-29T11:00:00,DK1,90.0,90.0,2.42,18.089016,20.0,20.0,0.01,0.074748
2026-07-29T08:00:00,2026-07-29T10:00:00,DK1,90.0,90.0,2.42,18.089016,20.0,20.0,0.01,0.074748
2026-07-29T07:00:00,2026-07-29T09:00:00,DK1,90.0,90.0,2.42,18.089016,20.0,20.0,0.01,0.074748
2026-07-29T06:00:00,2026-07-29T08:00:00,DK1,90.0,90.0,2.42,18.089016,20.0,20.0,0.01,0.074748
2026-07-29T05:00:00,2026-07-29T07:00:00,DK1,90.0,90.0,2.42,18.089016,20.0,20.0,0.01,0.074748
2026-07-29T04:00:00,2026-07-29T06:00:00,DK1,90.0,90.0,2.49,18.612252,20.0,20.0,0.01,0.074748
2026-07-29T03:00:00,2026-07-29T05:00:00,DK1,90.0,90.0,2.42,18.089016,20.0,20.0,0.01,0.074748
2026-07-29T02:00:00,2026-07-29T04:00:00,DK1,90.0,90.0,2.42,18.089016,20.0,20.0,0.01,0.074748
2026-07-29T01:00:00,2026-07-29T03:00:00,DK1,90.0,90.0,2.42,18.089016,20.0,20.0,0.01,0.074748
2026-07-29T00:00:00,2026-07-29T02:00:00,DK1,90.0,90.0,2.49,18.612252,20.0,20.0,0.01,0.074748
2026-07-28T23:00:00,2026-07-29T01:00:00,DK1,90.0,90.0,2.42,18.089016,20.0,20.0,0.01,0.074748
2026-07-28T22:00:00,2026-07-29T00:00:00,DK1,90.0,90.0,2.42,18.089016,20.0,20.0,0.01,0.074748
2026-07-28T21:00:00,2026-07-28T23:00:00,DK1,90.0,90.0,2.26,16.893952,20.0,20.0,0.01,0.074752
2026-07-28T20:00:00,2026-07-28T22:00:00,DK1,90.0,90.0,2.26,16.893952,20.0,20.0,0.01,0.074752
2026-07-28T19:00:00,2026-07-28T21:00:00,DK1,90.0,90.0,36.6,273.59232,20.0,20.0,0.01,0.074752
2026-07-28T18:00:00,2026-07-28T20:00:00,DK1,90.0,90.0,36.6,273.59232,20.0,20.0,0.01,0.074752
2026-07-28T17:00:00,2026-07-28T19:00:00,DK1,90.0,90.0,2.26,16.893952,20.0,20.0,0.01,0.074752
2026-07-28T16:00:00,2026-07-28T18:00:00,DK1,90.0,90.0,2.26,16.893952,20.0,20.0,0.01,0.074752
2026-07-28T15:00:00,2026-07-28T17:00:00,DK1,90.0,90.0,2.37,17.716224,20.0,20.0,0.01,0.074752
2026-07-28T14:00:00,2026-07-28T16:00:00,DK1,90.0,90.0,2.26,16.893952,20.0,20.0,0.0,0.0
2026-07-28T13:00:00,2026-07-28T15:00:00,DK1,90.0,90.0,2.26,16.893952,20.0,20.0,0.02,0.149504
2026-07-28T12:00:00,2026-07-28T14:00:00,DK1,90.0,90.0,2.01,15.025152,20.0,20.0,0.02,0.149504
2026-07-28T11:00:00,2026-07-28T13:00:00,DK1,90.0,90.0,1.65,12.33408,20.0,20.0,0.02,0.149504
2026-07-28T10:00:00,2026-07-28T12:00:00,DK1,90.0,90.0,5.58,41.711616,20.0,20.0,0.02,0.149504
2026-07-28T09:00:00,2026-07-28T11:00:00,DK1,90.0,90.0,2.26,16.893952,20.0,20.0,0.01,0.074752
2026-07-28T08:00:00,2026-07-28T10:00:00,DK1,90.0,90.0,2.26,16.893952,20.0,20.0,0.01,0.074752
2026-07-28T07:00:00,2026-07-28T09:00:00,DK1,90.0,90.0,2.37,17.716224,20.0,20.0,0.01,0.074752
2026-07-28T06:00:00,2026-07-28T08:00:00,DK1,90.0,90.0,2.26,16.893952,20.0,20.0,0.01,0.074752
2026-07-28T05:00:00,2026-07-28T07:00:00,DK1,90.0,90.0,2.26,16.893952,20.0,20.0,0.01,0.074752
2026-07-28T04:00:00,2026-07-28T06:00:00,DK1,90.0,90.0,2.26,16.893952,20.0,20.0,0.01,0.074752
2026-07-28T03:00:00,2026-07-28T05:00:00,DK1,90.0,90.0,2.26,16.893952,20.0,20.0,0.01,0.074752
2026-07-28T02:00:00,2026-07-28T04:00:00,DK1,90.0,90.0,2.26,16.893952,20.0,20.0,0.01,0.074752
2026-07-28T01:00:00,2026-07-28T03:00:00,DK1,90.0,90.0,2.26,16.893952,20.0,20.0,0.01,0.074752
2026-07-28T00:00:00,2026-07-28T02:00:00,DK1,90.0,90.0,2.01,15.025152,20.0,20.0,0.01,0.074752
2026-07-27T23:00:00,2026-07-28T01:00:00,DK1,90.0,90.0,13.38,100.018176,20.0,20.0,0.01,0.074752
2026-07-27T22:00:00,2026-07-28T00:00:00,DK1,90.0,90.0,2.26,16.893952,20.0,20.0,0.01,0.074752
2026-07-27T21:00:00,2026-07-27T23:00:00,DK1,90.0,90.0,2.46,18.388992,20.0,20.0,0.01,0.074752
2026-07-27T20:00:00,2026-07-27T22:00:00,DK1,90.0,90.0,2.46,18.388992,20.0,20.0,0.01,0.074752
2026-07-27T19:00:00,2026-07-27T21:00:00,DK1,90.0,90.0,13.4,100.16768,20.0,20.0,0.01,0.074752
2026-07-27T18:00:00,2026-07-27T20:00:00,DK1,90.0,90.0,14.85,111.00672,20.0,20.0,0.01,0.074752
2026-07-27T17:00:00,2026-07-27T19:00:00,DK1,90.0,90.0,2.46,18.388992,20.0,20.0,0.01,0.074752
2026-07-27T16:00:00,2026-07-27T18:00:00,DK1,90.0,90.0,2.46,18.388992,20.0,20.0,0.01,0.074752
2026-07-27T15:00:00,2026-07-27T17:00:00,DK1,90.0,90.0,2.46,18.388992,20.0,20.0,0.01,0.074752
2026-07-27T14:00:00,2026-07-27T16:00:00,DK1,90.0,90.0,2.14,15.996928,20.0,20.0,0.02,0.149504
2026-07-27T13:00:00,2026-07-27T15:00:00,DK1,90.0,90.0,0.67,5.008384,20.0,20.0,0.02,0.149504
2026-07-27T12:00:00,2026-07-27T14:00:00,DK1,90.0,90.0,1.2,8.97024,20.0,20.0,0.02,0.149504
2026-07-27T11:00:00,2026-07-27T13:00:00,DK1,90.0,90.0,2.01,15.025152,20.0,20.0,0.02,0.149504
2026-07-27T10:00:00,2026-07-27T12:00:00,DK1,90.0,90.0,13.38,100.018176,20.0,20.0,0.02,0.149504
2026-07-27T09:00:00,2026-07-27T11:00:00,DK1,90.0,90.0,2.46,18.388992,20.0,20.0,0.01,0.074752
2026-07-27T08:00:00,2026-07-27T10:00:00,DK1,90.0,90.0,2.46,18.388992,20.0,20.0,0.01,0.074752
2026-07-27T07:00:00,2026-07-27T09:00:00,DK1,90.0,90.0,2.46,18.388992,20.0,20.0,0.01,0.074752
2026-07-27T06:00:00,2026-07-27T08:00:00,DK1,90.0,90.0,2.46,18.388992,20.0,20.0,0.01,0.074752
2026-07-27T05:00:00,2026-07-27T07:00:00,DK1,90.0,90.0,2.46,18.388992,20.0,20.0,0.01,0.074752
2026-07-27T04:00:00,2026-07-27T06:00:00,DK1,90.0,90.0,2.46,18.388992,20.0,20.0,0.01,0.074752
2026-07-27T03:00:00,2026-07-27T05:00:00,DK1,90.0,90.0,2.46,18.388992,20.0,20.0,0.01,0.074752
2026-07-27T02:00:00,2026-07-27T04:00:00,DK1,90.0,90.0,2.46,18.388992,20.0,20.0,0.01,0.074752
2026-07-27T01:00:00,2026-07-27T03:00:00,DK1,90.0,90.0,13.38,100.018176,20.0,20.0,0.01,0.074752
2026-07-27T00:00:00,2026-07-27T02:00:00,DK1,90.0,90.0,2.07,15.473664,20.0,20.0,0.01,0.074752
2026-07-26T23:00:00,2026-07-27T01:00:00,DK1,90.0,90.0,2.46,18.388992,20.0,20.0,0.01,0.074752
2026-07-26T22:00:00,2026-07-27T00:00:00,DK1,90.0,90.0,2.46,18.388992,20.0,20.0,0.01,0.074752
2026-07-26T21:00:00,2026-07-26T23:00:00,DK1,90.0,90.0,2.19,16.371564,20.0,20.0,0.01,0.074756
2026-07-26T20:00:00,2026-07-26T22:00:00,DK1,90.0,90.0,2.19,16.371564,20.0,20.0,0.01,0.074756
2026-07-26T19:00:00,2026-07-26T21:00:00,DK1,90.0,90.0,14.85,111.01266,20.0,20.0,0.01,0.074756
2026-07-26T18:00:00,2026-07-26T20:00:00,DK1,90.0,90.0,14.85,111.01266,20.0,20.0,0.01,0.074756
2026-07-26T17:00:00,2026-07-26T19:00:00,DK1,90.0,90.0,2.36,17.642416,20.0,20.0,0.01,0.074756
2026-07-26T16:00:00,2026-07-26T18:00:00,DK1,90.0,90.0,2.32,17.343392,20.0,20.0,0.01,0.074756
2026-07-26T15:00:00,2026-07-26T17:00:00,DK1,90.0,90.0,2.19,16.371564,20.0,20.0,0.01,0.074756
2026-07-26T14:00:00,2026-07-26T16:00:00,DK1,90.0,90.0,2.32,17.343392,20.0,20.0,0.01,0.074756
2026-07-26T13:00:00,2026-07-26T15:00:00,DK1,90.0,90.0,0.54,4.036824,20.0,20.0,0.02,0.149512
2026-07-26T12:00:00,2026-07-26T14:00:00,DK1,90.0,90.0,0.54,4.036824,20.0,20.0,0.02,0.149512
2026-07-26T11:00:00,2026-07-26T13:00:00,DK1,90.0,90.0,0.54,4.036824,20.0,20.0,0.02,0.149512
2026-07-26T10:00:00,2026-07-26T12:00:00,DK1,90.0,90.0,0.54,4.036824,20.0,20.0,0.02,0.149512
2026-07-26T09:00:00,2026-07-26T11:00:00,DK1,90.0,90.0,2.01,15.025956,20.0,20.0,0.01,0.074756
2026-07-26T08:00:00,2026-07-26T10:00:00,DK1,90.0,90.0,2.19,16.371564,20.0,20.0,0.01,0.074756
2026-07-26T07:00:00,2026-07-26T09:00:00,DK1,90.0,90.0,2.19,16.371564,20.0,20.0,0.01,0.074756
2026-07-26T06:00:00,2026-07-26T08:00:00,DK1,91.0,91.0,2.19,16.371564,20.0,20.0,0.01,0.074756
2026-07-26T05:00:00,2026-07-26T07:00:00,DK1,90.0,90.0,2.32,17.343392,20.0,20.0,0.01,0.074756
2026-07-26T04:00:00,2026-07-26T06:00:00,DK1,90.0,90.0,2.32,17.343392,20.0,20.0,0.01,0.074756
2026-07-26T03:00:00,2026-07-26T05:00:00,DK1,90.0,90.0,2.19,16.371564,20.0,20.0,0.01,0.074756
2026-07-26T02:00:00,2026-07-26T04:00:00,DK1,90.0,90.0,2.32,17.343392,20.0,20.0,0.01,0.074756
2026-07-26T01:00:00,2026-07-26T03:00:00,DK1,90.0,90.0,2.19,16.371564,20.0,20.0,0.01,0.074756
2026-07-26T00:00:00,2026-07-26T02:00:00,DK1,90.0,90.0,2.19,16.371564,20.0,20.0,0.01,0.074756
2026-07-25T23:00:00,2026-07-26T01:00:00,DK1,90.0,90.0,2.19,16.371564,20.0,20.0,0.01,0.074756
2026-07-25T22:00:00,2026-07-26T00:00:00,DK1,90.0,90.0,2.19,16.371564,20.0,20.0,0.01,0.074756
2026-07-25T21:00:00,2026-07-25T23:00:00,DK1,90.0,90.0,2.01,15.025956,20.0,20.0,0.01,0.074756
2026-07-25T20:00:00,2026-07-25T22:00:00,DK1,90.0,90.0,2.03,15.175468,20.0,20.0,0.01,0.074756
2026-07-25T19:00:00,2026-07-25T21:00:00,DK1,90.0,90.0,13.38,100.023528,20.0,20.0,0.01,0.074756
2026-07-25T18:00:00,2026-07-25T20:00:00,DK1,90.0,90.0,14.85,111.01266,20.0,20.0,0.01,0.074756
2026-07-25T17:00:00,2026-07-25T19:00:00,DK1,90.0,90.0,2.13,15.923028,20.0,20.0,0.01,0.074756
2026-07-25T16:00:00,2026-07-25T18:00:00,DK1,90.0,90.0,2.13,15.923028,20.0,20.0,0.01,0.074756
2026-07-25T15:00:00,2026-07-25T17:00:00,DK1,90.0,90.0,2.01,15.025956,20.0,20.0,0.01,0.074756
2026-07-25T14:00:00,2026-07-25T16:00:00,DK1,90.0,90.0,0.54,4.036824,20.0,20.0,0.02,0.149512
2026-07-25T13:00:00,2026-07-25T15:00:00,DK1,90.0,90.0,0.67,5.008652,20.0,20.0,0.02,0.149512
2026-07-25T12:00:00,2026-07-25T14:00:00,DK1,90.0,90.0,0.54,4.036824,20.0,20.0,0.02,0.149512
2026-07-25T11:00:00,2026-07-25T13:00:00,DK1,90.0,90.0,0.54,4.036824,20.0,20.0,0.02,0.149512
2026-07-25T10:00:00,2026-07-25T12:00:00,DK1,90.0,90.0,0.54,4.036824,20.0,20.0,0.02,0.149512
2026-07-25T09:00:00,2026-07-25T11:00:00,DK1,90.0,90.0,0.67,5.008652,20.0,20.0,0.02,0.149512
2026-07-25T08:00:00,2026-07-25T10:00:00,DK1,90.0,90.0,1.2,8.97072,20.0,20.0,0.02,0.149512
2026-07-25T07:00:00,2026-07-25T09:00:00,DK1,90.0,90.0,2.01,15.025956,20.0,20.0,0.01,0.074756
2026-07-25T06:00:00,2026-07-25T08:00:00,DK1,90.0,90.0,2.01,15.025956,20.0,20.0,0.01,0.074756
2026-07-25T05:00:00,2026-07-25T07:00:00,DK1,90.0,90.0,2.03,15.175468,20.0,20.0,0.01,0.074756
2026-07-25T04:00:00,2026-07-25T06:00:00,DK1,90.0,90.0,2.13,15.923028,20.0,20.0,0.01,0.074756
2026-07-25T03:00:00,2026-07-25T05:00:00,DK1,90.0,90.0,2.03,15.175468,20.0,20.0,0.01,0.074756
2026-07-25T02:00:00,2026-07-25T04:00:00,DK1,90.0,90.0,2.13,15.923028,20.0,20.0,0.01,0.074756
2026-07-25T01:00:00,2026-07-25T03:00:00,DK1,90.0,90.0,2.01,15.025956,20.0,20.0,0.01,0.074756
2026-07-25T00:00:00,2026-07-25T02:00:00,DK1,90.0,90.0,2.01,15.025956,20.0,20.0,0.01,0.074756
2026-07-24T23:00:00,2026-07-25T01:00:00,DK1,90.0,90.0,2.13,15.923028,20.0,20.0,0.01,0.074756
2026-07-24T22:00:00,2026-07-25T00:00:00,DK1,90.0,90.0,2.13,15.923028,20.0,20.0,0.01,0.074756
2026-07-24T21:00:00,2026-07-24T23:00:00,DK1,90.0,90.0,2.45,18.31522,20.0,20.0,0.01,0.074756
2026-07-24T20:00:00,2026-07-24T22:00:00,DK1,90.0,90.0,2.45,18.31522,20.0,20.0,0.01,0.074756
2026-07-24T19:00:00,2026-07-24T21:00:00,DK1,90.0,90.0,15.9,118.86204,20.0,20.0,0.01,0.074756
2026-07-24T18:00:00,2026-07-24T20:00:00,DK1,90.0,90.0,15.9,118.86204,20.0,20.0,0.01,0.074756
2026-07-24T17:00:00,2026-07-24T19:00:00,DK1,90.0,90.0,2.45,18.31522,20.0,20.0,0.01,0.074756
2026-07-24T16:00:00,2026-07-24T18:00:00,DK1,90.0,90.0,2.45,18.31522,20.0,20.0,0.01,0.074756
2026-07-24T15:00:00,2026-07-24T17:00:00,DK1,90.0,90.0,2.45,18.31522,20.0,20.0,0.01,0.074756
2026-07-24T14:00:00,2026-07-24T16:00:00,DK1,90.0,90.0,2.45,18.31522,20.0,20.0,0.01,0.074756
2026-07-24T13:00:00,2026-07-24T15:00:00,DK1,90.0,90.0,7.36,55.020416,20.0,20.0,0.02,0.149512
2026-07-24T12:00:00,2026-07-24T14:00:00,DK1,90.0,90.0,0.63,4.709628,20.0,20.0,0.02,0.149512
2026-07-24T11:00:00,2026-07-24T13:00:00,DK1,90.0,90.0,2.01,15.025956,20.0,20.0,0.02,0.149512
2026-07-24T10:00:00,2026-07-24T12:00:00,DK1,90.0,90.0,2.45,18.31522,20.0,20.0,0.01,0.074756
2026-07-24T09:00:00,2026-07-24T11:00:00,DK1,90.0,90.0,2.45,18.31522,20.0,20.0,0.01,0.074756
2026-07-24T08:00:00,2026-07-24T10:00:00,DK1,90.0,90.0,2.45,18.31522,20.0,20.0,0.01,0.074756
2026-07-24T07:00:00,2026-07-24T09:00:00,DK1,90.0,90.0,2.45,18.31522,20.0,20.0,0.01,0.074756
2026-07-24T06:00:00,2026-07-24T08:00:00,DK1,90.0,90.0,2.45,18.31522,20.0,20.0,0.01,0.074756
2026-07-24T05:00:00,2026-07-24T07:00:00,DK1,90.0,90.0,2.45,18.31522,20.0,20.0,0.01,0.074756
2026-07-24T04:00:00,2026-07-24T06:00:00,DK1,90.0,90.0,2.45,18.31522,20.0,20.0,0.01,0.074756
2026-07-24T03:00:00,2026-07-24T05:00:00,DK1,90.0,90.0,2.45,18.31522,20.0,20.0,0.01,0.074756
2026-07-24T02:00:00,2026-07-24T04:00:00,DK1,90.0,90.0,2.45,18.31522,20.0,20.0,0.01,0.074756
2026-07-24T01:00:00,2026-07-24T03:00:00,DK1,90.0,90.0,2.15,16.07254,20.0,20.0,0.01,0.074756
2026-07-24T00:00:00,2026-07-24T02:00:00,DK1,90.0,90.0,2.45,18.31522,20.0,20.0,0.01,0.074756
2026-07-23T23:00:00,2026-07-24T01:00:00,DK1,90.0,90.0,2.05,15.32498,20.0,20.0,0.01,0.074756
2026-07-23T22:00:00,2026-07-24T00:00:00,DK1,90.0,90.0,2.45,18.31522,20.0,20.0,0.01,0.074756
2026-07-23T21:00:00,2026-07-23T23:00:00,DK1,90.0,90.0,2.46,18.390222,20.0,20.0,0.01,0.074757
2026-07-23T20:00:00,2026-07-23T22:00:00,DK1,90.0,90.0,2.22,16.596054,20.0,20.0,0.01,0.074757
2026-07-23T19:00:00,2026-07-23T21:00:00,DK1,90.0,90.0,22.4,167.45568,20.0,20.0,0.01,0.074757
2026-07-23T18:00:00,2026-07-23T20:00:00,DK1,90.0,90.0,22.4,167.45568,20.0,20.0,0.01,0.074757
2026-07-23T17:00:00,2026-07-23T19:00:00,DK1,90.0,90.0,2.46,18.390222,20.0,20.0,0.01,0.074757
2026-07-23T16:00:00,2026-07-23T18:00:00,DK1,90.0,90.0,2.22,16.596054,20.0,20.0,0.01,0.074757
2026-07-23T15:00:00,2026-07-23T17:00:00,DK1,90.0,90.0,2.22,16.596054,20.0,20.0,0.01,0.074757
2026-07-23T14:00:00,2026-07-23T16:00:00,DK1,90.0,90.0,2.22,16.596054,20.0,20.0,0.01,0.074757
2026-07-23T13:00:00,2026-07-23T15:00:00,DK1,90.0,90.0,2.22,16.596054,20.0,20.0,0.01,0.074757
2026-07-23T12:00:00,2026-07-23T14:00:00,DK1,90.0,90.0,2.22,16.596054,20.0,20.0,0.01,0.074757
2026-07-23T11:00:00,2026-07-23T13:00:00,DK1,90.0,90.0,2.22,16.596054,20.0,20.0,0.01,0.074757
2026-07-23T10:00:00,2026-07-23T12:00:00,DK1,90.0,90.0,2.22,16.596054,20.0,20.0,0.01,0.074757
2026-07-23T09:00:00,2026-07-23T11:00:00,DK1,90.0,90.0,7.36,55.021152,20.0,20.0,0.01,0.074757
2026-07-23T08:00:00,2026-07-23T10:00:00,DK1,90.0,90.0,2.46,18.390222,20.0,20.0,0.01,0.074757
2026-07-23T07:00:00,2026-07-23T09:00:00,DK1,90.0,90.0,2.22,16.596054,20.0,20.0,0.01,0.074757
2026-07-23T06:00:00,2026-07-23T08:00:00,DK1,90.0,90.0,2.46,18.390222,20.0,20.0,0.01,0.074757
2026-07-23T05:00:00,2026-07-23T07:00:00,DK1,90.0,90.0,2.46,18.390222,20.0,20.0,0.01,0.074757
2026-07-23T04:00:00,2026-07-23T06:00:00,DK1,94.0,94.0,2.22,16.596054,20.0,20.0,0.01,0.074757
2026-07-23T03:00:00,2026-07-23T05:00:00,DK1,90.0,90.0,2.46,18.390222,20.0,20.0,0.01,0.074757
2026-07-23T02:00:00,2026-07-23T04:00:00,DK1,90.0,90.0,2.22,16.596054,20.0,20.0,0.01,0.074757
2026-07-23T01:00:00,2026-07-23T03:00:00,DK1,90.0,90.0,2.46,18.390222,20.0,20.0,0.01,0.074757
2026-07-23T00:00:00,2026-07-23T02:00:00,DK1,90.0,90.0,2.04,15.250428,20.0,20.0,0.01,0.074757
2026-07-22T23:00:00,2026-07-23T01:00:00,DK1,90.0,90.0,2.01,15.026157,20.0,20.0,0.01,0.074757
2026-07-22T22:00:00,2026-07-23T00:00:00,DK1,90.0,90.0,2.01,15.026157,20.0,20.0,0.01,0.074757
2026-07-22T21:00:00,2026-07-22T23:00:00,DK1,90.0,90.0,2.33,17.418381,20.0,20.0,0.01,0.074757
2026-07-22T20:00:00,2026-07-22T22:00:00,DK1,90.0,90.0,2.27,16.969839,20.0,20.0,0.01,0.074757
2026-07-22T19:00:00,2026-07-22T21:00:00,DK1,90.0,90.0,14.85,111.014145,20.0,20.0,0.01,0.074757
2026-07-22T18:00:00,2026-07-22T20:00:00,DK1,90.0,90.0,14.85,111.014145,20.0,20.0,0.01,0.074757
2026-07-22T17:00:00,2026-07-22T19:00:00,DK1,90.0,90.0,2.33,17.418381,20.0,20.0,0.01,0.074757
2026-07-22T16:00:00,2026-07-22T18:00:00,DK1,90.0,90.0,2.33,17.418381,20.0,20.0,0.01,0.074757
2026-07-22T15:00:00,2026-07-22T17:00:00,DK1,90.0,90.0,2.46,18.390222,20.0,20.0,0.01,0.074757
2026-07-22T14:00:00,2026-07-22T16:00:00,DK1,90.0,90.0,2.27,16.969839,20.0,20.0,0.01,0.074757
2026-07-22T13:00:00,2026-07-22T15:00:00,DK1,90.0,90.0,2.27,16.969839,20.0,20.0,0.01,0.074757
2026-07-22T12:00:00,2026-07-22T14:00:00,DK1,90.0,90.0,2.46,18.390222,20.0,20.0,0.01,0.074757
2026-07-22T11:00:00,2026-07-22T13:00:00,DK1,90.0,90.0,2.68,20.034876,20.0,20.0,0.01,0.074757
2026-07-22T10:00:00,2026-07-22T12:00:00,DK1,90.0,90.0,7.36,55.021152,20.0,20.0,0.01,0.074757
2026-07-22T09:00:00,2026-07-22T11:00:00,DK1,90.0,90.0,2.27,16.969839,20.0,20.0,0.01,0.074757
2026-07-22T08:00:00,2026-07-22T10:00:00,DK1,90.0,90.0,2.33,17.418381,20.0,20.0,0.01,0.074757
2026-07-22T07:00:00,2026-07-22T09:00:00,DK1,90.0,90.0,2.27,16.969839,20.0,20.0,0.01,0.074757
2026-07-22T06:00:00,2026-07-22T08:00:00,DK1,90.0,90.0,2.27,16.969839,20.0,20.0,0.01,0.074757
2026-07-22T05:00:00,2026-07-22T07:00:00,DK1,90.0,90.0,2.27,16.969839,20.0,20.0,0.01,0.074757
2026-07-22T04:00:00,2026-07-22T06:00:00,DK1,90.0,90.0,2.27,16.969839,20.0,20.0,0.01,0.074757
2026-07-22T03:00:00,2026-07-22T05:00:00,DK1,90.0,90.0,2.33,17.418381,20.0,20.0,0.01,0.074757
2026-07-22T02:00:00,2026-07-22T04:00:00,DK1,90.0,90.0,2.27,16.969839,20.0,20.0,0.01,0.074757
2026-07-22T01:00:00,2026-07-22T03:00:00,DK1,90.0,90.0,2.27,16.969839,20.0,20.0,0.01,0.074757
2026-07-22T00:00:00,2026-07-22T02:00:00,DK1,90.0,90.0,2.27,16.969839,20.0,20.0,0.01,0.074757
2026-07-21T23:00:00,2026-07-22T01:00:00,DK1,90.0,90.0,2.46,18.390222,20.0,20.0,0.01,0.074757
2026-07-21T22:00:00,2026-07-22T00:00:00,DK1,90.0,90.0,2.01,15.026157,20.0,20.0,0.01,0.074757
2026-07-21T21:00:00,2026-07-21T23:00:00,DK1,90.0,90.0,2.16,16.147296,20.0,20.0,0.01,0.074756
2026-07-21T20:00:00,2026-07-21T22:00:00,DK1,90.0,90.0,2.41,18.016196,20.0,20.0,0.01,0.074756
2026-07-21T19:00:00,2026-07-21T21:00:00,DK1,90.0,90.0,2.41,18.016196,20.0,20.0,0.01,0.074756
2026-07-21T18:00:00,2026-07-21T20:00:00,DK1,90.0,90.0,2.41,18.016196,20.0,20.0,0.01,0.074756
2026-07-21T17:00:00,2026-07-21T19:00:00,DK1,90.0,90.0,2.41,18.016196,20.0,20.0,0.01,0.074756
2026-07-21T16:00:00,2026-07-21T18:00:00,DK1,90.0,90.0,2.41,18.016196,20.0,20.0,0.01,0.074756
2026-07-21T15:00:00,2026-07-21T17:00:00,DK1,90.0,90.0,2.41,18.016196,20.0,20.0,0.01,0.074756
2026-07-21T14:00:00,2026-07-21T16:00:00,DK1,90.0,90.0,2.41,18.016196,20.0,20.0,0.0,0.0
2026-07-21T13:00:00,2026-07-21T15:00:00,DK1,90.0,90.0,2.41,18.016196,20.0,20.0,0.01,0.074756
2026-07-21T12:00:00,2026-07-21T14:00:00,DK1,90.0,90.0,2.41,18.016196,20.0,20.0,0.01,0.074756
2026-07-21T11:00:00,2026-07-21T13:00:00,DK1,90.0,90.0,6.02,45.003112,20.0,20.0,0.01,0.074756
2026-07-21T10:00:00,2026-07-21T12:00:00,DK1,90.0,90.0,2.41,18.016196,20.0,20.0,0.01,0.074756
2026-07-21T09:00:00,2026-07-21T11:00:00,DK1,90.0,90.0,2.41,18.016196,20.0,20.0,0.01,0.074756
2026-07-21T08:00:00,2026-07-21T10:00:00,DK1,90.0,90.0,2.41,18.016196,20.0,20.0,0.01,0.074756
2026-07-21T07:00:00,2026-07-21T09:00:00,DK1,90.0,90.0,2.41,18.016196,20.0,20.0,0.01,0.074756
2026-07-21T06:00:00,2026-07-21T08:00:00,DK1,90.0,90.0,2.41,18.016196,20.0,20.0,0.01,0.074756
2026-07-21T05:00:00,2026-07-21T07:00:00,DK1,90.0,90.0,2.41,18.016196,20.0,20.0,0.01,0.074756
2026-07-21T04:00:00,2026-07-21T06:00:00,DK1,90.0,90.0,2.41,18.016196,20.0,20.0,0.01,0.074756
2026-07-21T03:00:00,2026-07-21T05:00:00,DK1,90.0,90.0,2.41,18.016196,20.0,20.0,0.01,0.074756
2026-07-21T02:00:00,2026-07-21T04:00:00,DK1,90.0,90.0,2.41,18.016196,20.0,20.0,0.01,0.074756
2026-07-21T01:00:00,2026-07-21T03:00:00,DK1,90.0,90.0,2.41,18.016196,20.0,20.0,0.01,0.074756
2026-07-21T00:00:00,2026-07-21T02:00:00,DK1,90.0,90.0,2.41,18.016196,20.0,20.0,0.01,0.074756
2026-07-20T23:00:00,2026-07-21T01:00:00,DK1,90.0,90.0,2.16,16.147296,20.0,20.0,0.01,0.074756
2026-07-20T22:00:00,2026-07-21T00:00:00,DK1,90.0,90.0,2.41,18.016196,20.0,20.0,0.01,0.074756
2026-07-20T21:00:00,2026-07-20T23:00:00,DK1,90.0,90.0,13.38,100.023528,20.0,20.0,0.01,0.074756
2026-07-20T20:00:00,2026-07-20T22:00:00,DK1,90.0,90.0,2.38,17.791928,20.0,20.0,0.01,0.074756
2026-07-20T19:00:00,2026-07-20T21:00:00,DK1,90.0,90.0,14.85,111.01266,20.0,20.0,0.01,0.074756
2026-07-20T18:00:00,2026-07-20T20:00:00,DK1,90.0,90.0,14.85,111.01266,20.0,20.0,0.01,0.074756
2026-07-20T17:00:00,2026-07-20T19:00:00,DK1,90.0,90.0,2.38,17.791928,20.0,20.0,0.01,0.074756
2026-07-20T16:00:00,2026-07-20T18:00:00,DK1,90.0,90.0,2.38,17.791928,20.0,20.0,0.01,0.074756
2026-07-20T15:00:00,2026-07-20T17:00:00,DK1,90.0,90.0,2.38,17.791928,20.0,20.0,0.01,0.074756
2026-07-20T14:00:00,2026-07-20T16:00:00,DK1,90.0,90.0,2.38,17.791928,20.0,20.0,0.01,0.074756
2026-07-20T13:00:00,2026-07-20T15:00:00,DK1,90.0,90.0,2.23,16.670588,20.0,20.0,0.02,0.149512
2026-07-20T12:00:00,2026-07-20T14:00:00,DK1,90.0,90.0,0.54,4.036824,20.0,20.0,0.02,0.149512
2026-07-20T11:00:00,2026-07-20T13:00:00,DK1,90.0,90.0,0.67,5.008652,20.0,20.0,0.02,0.149512
2026-07-20T10:00:00,2026-07-20T12:00:00,DK1,90.0,90.0,2.01,15.025956,20.0,20.0,0.01,0.074756
2026-07-20T09:00:00,2026-07-20T11:00:00,DK1,90.0,90.0,7.36,55.020416,20.0,20.0,0.01,0.074756
2026-07-20T08:00:00,2026-07-20T10:00:00,DK1,90.0,90.0,2.38,17.791928,20.0,20.0,0.01,0.074756
2026-07-20T07:00:00,2026-07-20T09:00:00,DK1,90.0,90.0,2.38,17.791928,20.0,20.0,0.01,0.074756
2026-07-20T06:00:00,2026-07-20T08:00:00,DK1,90.0,90.0,2.38,17.791928,20.0,20.0,0.01,0.074756
2026-07-20T05:00:00,2026-07-20T07:00:00,DK1,90.0,90.0,2.38,17.791928,20.0,20.0,0.01,0.074756
2026-07-20T04:00:00,2026-07-20T06:00:00,DK1,90.0,90.0,2.38,17.791928,20.0,20.0,0.01,0.074756
2026-07-20T03:00:00,2026-07-20T05:00:00,DK1,90.0,90.0,2.38,17.791928,20.0,20.0,0.01,0.074756
2026-07-20T02:00:00,2026-07-20T04:00:00,DK1,90.0,90.0,2.38,17.791928,20.0,20.0,0.01,0.074756
2026-07-20T01:00:00,2026-07-20T03:00:00,DK1,90.0,90.0,2.01,15.025956,20.0,20.0,0.01,0.074756
2026-07-20T00:00:00,2026-07-20T02:00:00,DK1,90.0,90.0,2.23,16.670588,20.0,20.0,0.01,0.074756
2026-07-19T23:00:00,2026-07-20T01:00:00,DK1,90.0,90.0,13.38,100.023528,20.0,20.0,0.01,0.074756
2026-07-19T22:00:00,2026-07-20T00:00:00,DK1,90.0,90.0,2.38,17.791928,20.0,20.0,0.01,0.074756
2026-07-19T21:00:00,2026-07-19T23:00:00,DK1,90.0,90.0,2.01,15.025956,20.0,20.0,0.01,0.074756
2026-07-19T20:00:00,2026-07-19T22:00:00,DK1,90.0,90.0,20.0,149.512,20.0,20.0,0.01,0.074756
2026-07-19T19:00:00,2026-07-19T21:00:00,DK1,90.0,90.0,14.85,111.01266,20.0,20.0,0.01,0.074756
2026-07-19T18:00:00,2026-07-19T20:00:00,DK1,90.0,90.0,2.32,17.343392,20.0,20.0,0.01,0.074756
2026-07-19T17:00:00,2026-07-19T19:00:00,DK1,90.0,90.0,2.32,17.343392,20.0,20.0,0.01,0.074756
2026-07-19T16:00:00,2026-07-19T18:00:00,DK1,90.0,90.0,2.17,16.222052,20.0,20.0,0.01,0.074756
2026-07-19T15:00:00,2026-07-19T17:00:00,DK1,90.0,90.0,2.17,16.222052,20.0,20.0,0.01,0.074756
2026-07-19T14:00:00,2026-07-19T16:00:00,DK1,90.0,90.0,0.54,4.036824,20.0,20.0,0.01,0.074756
2026-07-19T13:00:00,2026-07-19T15:00:00,DK1,90.0,90.0,0.67,5.008652,20.0,20.0,0.02,0.149512
2026-07-19T12:00:00,2026-07-19T14:00:00,DK1,90.0,90.0,0.67,5.008652,20.0,20.0,0.02,0.149512
2026-07-19T11:00:00,2026-07-19T13:00:00,DK1,90.0,90.0,0.54,4.036824,20.0,20.0,0.02,0.149512
2026-07-19T10:00:00,2026-07-19T12:00:00,DK1,90.0,90.0,0.54,4.036824,20.0,20.0,0.02,0.149512
2026-07-19T09:00:00,2026-07-19T11:00:00,DK1,90.0,90.0,1.2,8.97072,20.0,20.0,0.01,0.074756
2026-07-19T08:00:00,2026-07-19T10:00:00,DK1,90.0,90.0,2.01,15.025956,20.0,20.0,0.01,0.074756
2026-07-19T07:00:00,2026-07-19T09:00:00,DK1,90.0,90.0,2.01,15.025956,20.0,20.0,0.01,0.074756
2026-07-19T06:00:00,2026-07-19T08:00:00,DK1,90.0,90.0,2.17,16.222052,20.0,20.0,0.01,0.074756
2026-07-19T05:00:00,2026-07-19T07:00:00,DK1,90.0,90.0,2.17,16.222052,20.0,20.0,0.01,0.074756
2026-07-19T04:00:00,2026-07-19T06:00:00,DK1,90.0,90.0,2.32,17.343392,20.0,20.0,0.01,0.074756
2026-07-19T03:00:00,2026-07-19T05:00:00,DK1,90.0,90.0,2.01,15.025956,20.0,20.0,0.01,0.074756
2026-07-19T02:00:00,2026-07-19T04:00:00,DK1,90.0,90.0,2.01,15.025956,20.0,20.0,0.01,0.074756
2026-07-19T01:00:00,2026-07-19T03:00:00,DK1,90.0,90.0,2.01,15.025956,20.0,20.0,0.01,0.074756
2026-07-19T00:00:00,2026-07-19T02:00:00,DK1,90.0,90.0,2.17,16.222052,20.0,20.0,0.01,0.074756
2026-07-18T23:00:00,2026-07-19T01:00:00,DK1,90.0,90.0,2.17,16.222052,20.0,20.0,0.01,0.074756
2026-07-18T22:00:00,2026-07-19T00:00:00,DK1,90.0,90.0,2.01,15.025956,20.0,20.0,0.01,0.074756
2026-07-18T21:00:00,2026-07-18T23:00:00,DK1,90.0,90.0,14.0,104.6584,20.0,20.0,0.01,0.074756
2026-07-18T20:00:00,2026-07-18T22:00:00,DK1,90.0,90.0,2.44,18.240464,20.0,20.0,0.01,0.074756
2026-07-18T19:00:00,2026-07-18T21:00:00,DK1,90.0,90.0,2.44,18.240464,20.0,20.0,0.01,0.074756
2026-07-18T18:00:00,2026-07-18T20:00:00,DK1,90.0,90.0,20.0,149.512,20.0,20.0,0.01,0.074756
2026-07-18T17:00:00,2026-07-18T19:00:00,DK1,90.0,90.0,2.05,15.32498,20.0,20.0,0.01,0.074756
2026-07-18T16:00:00,2026-07-18T18:00:00,DK1,90.0,90.0,2.05,15.32498,20.0,20.0,0.01,0.074756
2026-07-18T15:00:00,2026-07-18T17:00:00,DK1,90.0,90.0,4.0,29.9024,20.0,20.0,0.01,0.074756
2026-07-18T14:00:00,2026-07-18T16:00:00,DK1,90.0,90.0,2.01,15.025956,20.0,20.0,0.01,0.074756
2026-07-18T13:00:00,2026-07-18T15:00:00,DK1,90.0,90.0,0.54,4.036824,20.0,20.0,0.02,0.149512
2026-07-18T12:00:00,2026-07-18T14:00:00,DK1,90.0,90.0,0.2,1.49512,20.0,20.0,0.02,0.149512
2026-07-18T11:00:00,2026-07-18T13:00:00,DK1,90.0,90.0,0.2,1.49512,20.0,20.0,0.02,0.149512
2026-07-18T10:00:00,2026-07-18T12:00:00,DK1,90.0,90.0,0.54,4.036824,20.0,20.0,0.01,0.074756
2026-07-18T09:00:00,2026-07-18T11:00:00,DK1,90.0,90.0,2.01,15.025956,20.0,20.0,0.01,0.074756
2026-07-18T08:00:00,2026-07-18T10:00:00,DK1,90.0,90.0,4.0,29.9024,20.0,20.0,0.01,0.074756
2026-07-18T07:00:00,2026-07-18T09:00:00,DK1,90.0,90.0,5.08,37.976048,20.0,20.0,0.01,0.074756
2026-07-18T06:00:00,2026-07-18T08:00:00,DK1,90.0,90.0,2.05,15.32498,20.0,20.0,0.01,0.074756
2026-07-18T05:00:00,2026-07-18T07:00:00,DK1,90.0,90.0,2.44,18.240464,20.0,20.0,0.01,0.074756
2026-07-18T04:00:00,2026-07-18T06:00:00,DK1,90.0,90.0,2.05,15.32498,20.0,20.0,0.01,0.074756
2026-07-18T03:00:00,2026-07-18T05:00:00,DK1,90.0,90.0,2.44,18.240464,20.0,20.0,0.01,0.074756
2026-07-18T02:00:00,2026-07-18T04:00:00,DK1,90.0,90.0,2.05,15.32498,20.0,20.0,0.01,0.074756
2026-07-18T01:00:00,2026-07-18T03:00:00,DK1,90.0,90.0,2.05,15.32498,20.0,20.0,0.01,0.074756
2026-07-18T00:00:00,2026-07-18T02:00:00,DK1,90.0,90.0,2.05,15.32498,20.0,20.0,0.01,0.074756
2026-07-17T23:00:00,2026-07-18T01:00:00,DK1,90.0,90.0,2.05,15.32498,20.0,20.0,0.01,0.074756
2026-07-17T22:00:00,2026-07-18T00:00:00,DK1,90.0,90.0,2.05,15.32498,20.0,20.0,0.01,0.074756
2026-07-17T21:00:00,2026-07-17T23:00:00,DK1,90.0,90.0,16.3,121.85228,20.0,20.0,0.01,0.074756
2026-07-17T20:00:00,2026-07-17T22:00:00,DK1,90.0,90.0,2.14,15.997784,20.0,20.0,0.01,0.074756
2026-07-17T19:00:00,2026-07-17T21:00:00,DK1,90.0,90.0,2.14,15.997784,20.0,20.0,0.01,0.074756
2026-07-17T18:00:00,2026-07-17T20:00:00,DK1,90.0,90.0,2.46,18.389976,20.0,20.0,0.01,0.074756
2026-07-17T17:00:00,2026-07-17T19:00:00,DK1,90.0,90.0,96.32,720.049792,20.0,20.0,0.01,0.074756
2026-07-17T16:00:00,2026-07-17T18:00:00,DK1,90.0,90.0,2.14,15.997784,20.0,20.0,0.01,0.074756
2026-07-17T15:00:00,2026-07-17T17:00:00,DK1,90.0,90.0,2.14,15.997784,20.0,20.0,0.01,0.074756
2026-07-17T14:00:00,2026-07-17T16:00:00,DK1,90.0,90.0,2.14,15.997784,20.0,20.0,0.01,0.074756
2026-07-17T13:00:00,2026-07-17T15:00:00,DK1,90.0,90.0,2.14,15.997784,20.0,20.0,0.01,0.074756
2026-07-17T12:00:00,2026-07-17T14:00:00,DK1,90.0,90.0,2.14,15.997784,20.0,20.0,0.01,0.074756
2026-07-17T11:00:00,2026-07-17T13:00:00,DK1,90.0,90.0,2.14,15.997784,20.0,20.0,0.01,0.074756
2026-07-17T10:00:00,2026-07-17T12:00:00,DK1,90.0,90.0,2.14,15.997784,20.0,20.0,0.01,0.074756
2026-07-17T09:00:00,2026-07-17T11:00:00,DK1,90.0,90.0,2.14,15.997784,20.0,20.0,0.01,0.074756
2026-07-17T08:00:00,2026-07-17T10:00:00,DK1,90.0,90.0,2.14,15.997784,20.0,20.0,0.01,0.074756
2026-07-17T07:00:00,2026-07-17T09:00:00,DK1,90.0,90.0,2.14,15.997784,20.0,20.0,0.01,0.074756
2026-07-17T06:00:00,2026-07-17T08:00:00,DK1,90.0,90.0,4.0,29.9024,20.0,20.0,0.01,0.074756
2026-07-17T05:00:00,2026-07-17T07:00:00,DK1,90.0,90.0,4.0,29.9024,20.0,20.0,0.01,0.074756
2026-07-17T04:00:00,2026-07-17T06:00:00,DK1,90.0,90.0,2.14,15.997784,20.0,20.0,0.01,0.074756
2026-07-17T03:00:00,2026-07-17T05:00:00,DK1,90.0,90.0,2.46,18.389976,20.0,20.0,0.01,0.074756
2026-07-17T02:00:00,2026-07-17T04:00:00,DK1,90.0,90.0,2.46,18.389976,20.0,20.0,0.01,0.074756
2026-07-17T01:00:00,2026-07-17T03:00:00,DK1,90.0,90.0,2.01,15.025956,20.0,20.0,0.01,0.074756
2026-07-17T00:00:00,2026-07-17T02:00:00,DK1,90.0,90.0,2.14,15.997784,20.0,20.0,0.01,0.074756
2026-07-16T23:00:00,2026-07-17T01:00:00,DK1,90.0,90.0,2.46,18.389976,20.0,20.0,0.01,0.074756
2026-07-16T22:00:00,2026-07-17T00:00:00,DK1,90.0,90.0,2.14,15.997784,20.0,20.0,0.01,0.074756
2026-07-16T21:00:00,2026-07-16T23:00:00,DK1,90.0,90.0,2.37,17.716461,20.0,20.0,0.01,0.074753
2026-07-16T20:00:00,2026-07-16T22:00:00,DK1,90.0,90.0,2.46,18.389238,20.0,20.0,0.01,0.074753
2026-07-16T19:00:00,2026-07-16T21:00:00,DK1,90.0,90.0,224.47,1677.980591,20.0,20.0,0.01,0.074753
2026-07-16T18:00:00,2026-07-16T20:00:00,DK1,90.0,90.0,2.46,18.389238,20.0,20.0,0.01,0.074753
2026-07-16T17:00:00,2026-07-16T19:00:00,DK1,90.0,90.0,13.38,100.019514,20.0,20.0,0.01,0.074753
2026-07-16T16:00:00,2026-07-16T18:00:00,DK1,90.0,90.0,2.37,17.716461,20.0,20.0,0.01,0.074753
2026-07-16T15:00:00,2026-07-16T17:00:00,DK1,90.0,90.0,2.37,17.716461,20.0,20.0,0.01,0.074753
2026-07-16T14:00:00,2026-07-16T16:00:00,DK1,90.0,90.0,2.37,17.716461,20.0,20.0,0.01,0.074753
2026-07-16T13:00:00,2026-07-16T15:00:00,DK1,90.0,90.0,2.37,17.716461,20.0,20.0,0.01,0.074753
2026-07-16T12:00:00,2026-07-16T14:00:00,DK1,90.0,90.0,2.68,20.033804,20.0,20.0,0.01,0.074753
2026-07-16T11:00:00,2026-07-16T13:00:00,DK1,90.0,90.0,19.73,147.487669,20.0,20.0,0.01,0.074753
2026-07-16T10:00:00,2026-07-16T12:00:00,DK1,90.0,90.0,2.37,17.716461,20.0,20.0,0.01,0.074753
2026-07-16T09:00:00,2026-07-16T11:00:00,DK1,90.0,90.0,7.0,52.3271,20.0,20.0,0.01,0.074753
2026-07-16T08:00:00,2026-07-16T10:00:00,DK1,90.0,90.0,20.0,149.506,20.0,20.0,0.01,0.074753
2026-07-16T07:00:00,2026-07-16T09:00:00,DK1,90.0,90.0,11.64,87.012492,20.0,20.0,0.01,0.074753
2026-07-16T06:00:00,2026-07-16T08:00:00,DK1,90.0,90.0,13.38,100.019514,20.0,20.0,0.01,0.074753
2026-07-16T05:00:00,2026-07-16T07:00:00,DK1,90.0,90.0,102.07,763.003871,20.0,20.0,0.01,0.074753
2026-07-16T04:00:00,2026-07-16T06:00:00,DK1,90.0,90.0,106.62,797.016486,20.0,20.0,0.01,0.074753
2026-07-16T03:00:00,2026-07-16T05:00:00,DK1,90.0,90.0,79.33,593.015549,20.0,20.0,0.01,0.074753
2026-07-16T02:00:00,2026-07-16T04:00:00,DK1,90.0,90.0,74.24,554.966272,20.0,20.0,0.01,0.074753
2026-07-16T01:00:00,2026-07-16T03:00:00,DK1,90.0,90.0,13.38,100.019514,20.0,20.0,0.01,0.074753
2026-07-16T00:00:00,2026-07-16T02:00:00,DK1,90.0,90.0,2.04,15.249612,20.0,20.0,0.01,0.074753
2026-07-15T23:00:00,2026-07-16T01:00:00,DK1,90.0,90.0,2.45,18.314485,20.0,20.0,0.01,0.074753
2026-07-15T22:00:00,2026-07-16T00:00:00,DK1,90.0,90.0,11.37,84.994161,20.0,20.0,0.01,0.074753
2026-07-15T21:00:00,2026-07-15T23:00:00,DK1,90.0,90.0,20.0,149.508,20.0,20.0,0.01,0.074754
2026-07-15T20:00:00,2026-07-15T22:00:00,DK1,90.0,90.0,30.2,225.75708,20.0,20.0,0.01,0.074754
2026-07-15T19:00:00,2026-07-15T21:00:00,DK1,90.0,90.0,2.18,16.296372,20.0,20.0,0.01,0.074754
2026-07-15T18:00:00,2026-07-15T20:00:00,DK1,90.0,90.0,2.41,18.015714,20.0,20.0,0.01,0.074754
2026-07-15T17:00:00,2026-07-15T19:00:00,DK1,90.0,90.0,2.41,18.015714,20.0,20.0,0.01,0.074754
2026-07-15T16:00:00,2026-07-15T18:00:00,DK1,90.0,90.0,2.41,18.015714,20.0,20.0,0.01,0.074754
2026-07-15T15:00:00,2026-07-15T17:00:00,DK1,90.0,90.0,2.18,16.296372,20.0,20.0,0.01,0.074754
2026-07-15T14:00:00,2026-07-15T16:00:00,DK1,90.0,90.0,2.18,16.296372,20.0,20.0,0.01,0.074754
2026-07-15T13:00:00,2026-07-15T15:00:00,DK1,90.0,90.0,2.41,18.015714,20.0,20.0,0.01,0.074754
2026-07-15T12:00:00,2026-07-15T14:00:00,DK1,90.0,90.0,6.69,50.010426,20.0,20.0,0.01,0.074754
2026-07-15T11:00:00,2026-07-15T13:00:00,DK1,90.0,90.0,2.18,16.296372,20.0,20.0,0.01,0.074754
2026-07-15T10:00:00,2026-07-15T12:00:00,DK1,90.0,90.0,2.18,16.296372,20.0,20.0,0.01,0.074754
2026-07-15T09:00:00,2026-07-15T11:00:00,DK1,90.0,90.0,6.69,50.010426,20.0,20.0,0.01,0.074754
2026-07-15T08:00:00,2026-07-15T10:00:00,DK1,90.0,90.0,13.38,100.020852,20.0,20.0,0.01,0.074754
2026-07-15T07:00:00,2026-07-15T09:00:00,DK1,90.0,90.0,2.18,16.296372,20.0,20.0,0.01,0.074754
2026-07-15T06:00:00,2026-07-15T08:00:00,DK1,90.0,90.0,2.18,16.296372,20.0,20.0,0.01,0.074754
2026-07-15T05:00:00,2026-07-15T07:00:00,DK1,90.0,90.0,2.41,18.015714,20.0,20.0,0.01,0.074754
2026-07-15T04:00:00,2026-07-15T06:00:00,DK1,90.0,90.0,2.18,16.296372,20.0,20.0,0.01,0.074754
2026-07-15T03:00:00,2026-07-15T05:00:00,DK1,90.0,90.0,2.18,16.296372,20.0,20.0,0.01,0.074754
2026-07-15T02:00:00,2026-07-15T04:00:00,DK1,90.0,90.0,2.41,18.015714,20.0,20.0,0.01,0.074754
2026-07-15T01:00:00,2026-07-15T03:00:00,DK1,90.0,90.0,2.41,18.015714,20.0,20.0,0.01,0.074754
2026-07-15T00:00:00,2026-07-15T02:00:00,DK1,90.0,90.0,2.18,16.296372,20.0,20.0,0.01,0.074754
2026-07-14T23:00:00,2026-07-15T01:00:00,DK1,90.0,90.0,2.05,15.32457,20.0,20.0,0.01,0.074754
2026-07-14T22:00:00,2026-07-15T00:00:00,DK1,90.0,90.0,2.41,18.015714,20.0,20.0,0.01,0.074754
2026-07-14T21:00:00,2026-07-14T23:00:00,DK1,90.0,90.0,2.01,15.025353,20.0,20.0,0.01,0.074753
2026-07-14T20:00:00,2026-07-14T22:00:00,DK1,90.0,90.0,17.4,130.07022,20.0,20.0,0.01,0.074753
2026-07-14T19:00:00,2026-07-14T21:00:00,DK1,90.0,90.0,2.48,18.538744,20.0,20.0,0.01,0.074753
2026-07-14T18:00:00,2026-07-14T20:00:00,DK1,90.0,90.0,2.48,18.538744,20.0,20.0,0.01,0.074753
2026-07-14T17:00:00,2026-07-14T19:00:00,DK1,90.0,90.0,2.48,18.538744,20.0,20.0,0.01,0.074753
2026-07-14T16:00:00,2026-07-14T18:00:00,DK1,90.0,90.0,2.48,18.538744,20.0,20.0,0.01,0.074753
2026-07-14T15:00:00,2026-07-14T17:00:00,DK1,90.0,90.0,2.48,18.538744,20.0,20.0,0.01,0.074753
2026-07-14T14:00:00,2026-07-14T16:00:00,DK1,90.0,90.0,5.89,44.029517,20.0,20.0,0.01,0.074753
2026-07-14T13:00:00,2026-07-14T15:00:00,DK1,90.0,90.0,11.37,84.994161,20.0,20.0,0.01,0.074753
2026-07-14T12:00:00,2026-07-14T14:00:00,DK1,90.0,90.0,11.35,84.844655,20.0,20.0,0.01,0.074753
2026-07-14T11:00:00,2026-07-14T13:00:00,DK1,90.0,90.0,12.1,90.45113,20.0,20.0,0.01,0.074753
2026-07-14T10:00:00,2026-07-14T12:00:00,DK1,90.0,90.0,2.48,18.538744,20.0,20.0,0.01,0.074753
2026-07-14T09:00:00,2026-07-14T11:00:00,DK1,90.0,90.0,2.48,18.538744,20.0,20.0,0.01,0.074753
2026-07-14T08:00:00,2026-07-14T10:00:00,DK1,90.0,90.0,2.48,18.538744,20.0,20.0,0.01,0.074753
2026-07-14T07:00:00,2026-07-14T09:00:00,DK1,90.0,90.0,2.48,18.538744,20.0,20.0,0.01,0.074753
2026-07-14T06:00:00,2026-07-14T08:00:00,DK1,90.0,90.0,2.48,18.538744,20.0,20.0,0.01,0.074753
2026-07-14T05:00:00,2026-07-14T07:00:00,DK1,90.0,90.0,2.48,18.538744,20.0,20.0,0.01,0.074753
2026-07-14T04:00:00,2026-07-14T06:00:00,DK1,90.0,90.0,2.48,18.538744,20.0,20.0,0.01,0.074753
2026-07-14T03:00:00,2026-07-14T05:00:00,DK1,90.0,90.0,2.48,18.538744,20.0,20.0,0.01,0.074753
2026-07-14T02:00:00,2026-07-14T04:00:00,DK1,90.0,90.0,2.48,18.538744,20.0,20.0,0.01,0.074753
2026-07-14T01:00:00,2026-07-14T03:00:00,DK1,90.0,90.0,2.48,18.538744,20.0,20.0,0.01,0.074753
2026-07-14T00:00:00,2026-07-14T02:00:00,DK1,90.0,90.0,2.16,16.146648,20.0,20.0,0.01,0.074753
2026-07-13T23:00:00,2026-07-14T01:00:00,DK1,90.0,90.0,2.08,15.548624,20.0,20.0,0.01,0.074753
2026-07-13T22:00:00,2026-07-14T00:00:00,DK1,90.0,90.0,2.48,18.538744,20.0,20.0,0.01,0.074753
2026-07-13T21:00:00,2026-07-13T23:00:00,DK1,90.0,90.0,2.45,18.31375,20.0,20.0,0.01,0.07475
2026-07-13T20:00:00,2026-07-13T22:00:00,DK1,90.0,90.0,85.22,637.0195,20.0,20.0,0.01,0.07475
2026-07-13T19:00:00,2026-07-13T21:00:00,DK1,90.0,90.0,2.45,18.31375,20.0,20.0,0.01,0.07475
2026-07-13T18:00:00,2026-07-13T20:00:00,DK1,90.0,90.0,2.43,18.16425,20.0,20.0,0.01,0.07475
2026-07-13T17:00:00,2026-07-13T19:00:00,DK1,90.0,90.0,11.64,87.009,20.0,20.0,0.01,0.07475
2026-07-13T16:00:00,2026-07-13T18:00:00,DK1,90.0,90.0,2.43,18.16425,20.0,20.0,0.01,0.07475
2026-07-13T15:00:00,2026-07-13T17:00:00,DK1,90.0,90.0,2.45,18.31375,20.0,20.0,0.01,0.07475
2026-07-13T14:00:00,2026-07-13T16:00:00,DK1,90.0,90.0,2.43,18.16425,20.0,20.0,0.01,0.07475
2026-07-13T13:00:00,2026-07-13T15:00:00,DK1,90.0,90.0,2.43,18.16425,20.0,20.0,0.01,0.07475
2026-07-13T12:00:00,2026-07-13T14:00:00,DK1,90.0,90.0,2.43,18.16425,20.0,20.0,0.01,0.07475
2026-07-13T11:00:00,2026-07-13T13:00:00,DK1,90.0,90.0,13.38,100.0155,20.0,20.0,0.02,0.1495
2026-07-13T10:00:00,2026-07-13T12:00:00,DK1,90.0,90.0,2.43,18.16425,20.0,20.0,0.01,0.07475
2026-07-13T09:00:00,2026-07-13T11:00:00,DK1,90.0,90.0,2.45,18.31375,20.0,20.0,0.01,0.07475
2026-07-13T08:00:00,2026-07-13T10:00:00,DK1,90.0,90.0,2.45,18.31375,20.0,20.0,0.01,0.07475
2026-07-13T07:00:00,2026-07-13T09:00:00,DK1,90.0,90.0,2.43,18.16425,20.0,20.0,0.01,0.07475
2026-07-13T06:00:00,2026-07-13T08:00:00,DK1,90.0,90.0,2.43,18.16425,20.0,20.0,0.01,0.07475
2026-07-13T05:00:00,2026-07-13T07:00:00,DK1,90.0,90.0,2.43,18.16425,20.0,20.0,0.01,0.07475
2026-07-13T04:00:00,2026-07-13T06:00:00,DK1,90.0,90.0,2.45,18.31375,20.0,20.0,0.01,0.07475
2026-07-13T03:00:00,2026-07-13T05:00:00,DK1,90.0,90.0,2.43,18.16425,20.0,20.0,0.01,0.07475
2026-07-13T02:00:00,2026-07-13T04:00:00,DK1,90.0,90.0,2.43,18.16425,20.0,20.0,0.01,0.07475
2026-07-13T01:00:00,2026-07-13T03:00:00,DK1,90.0,90.0,2.45,18.31375,20.0,20.0,0.01,0.07475
2026-07-13T00:00:00,2026-07-13T02:00:00,DK1,90.0,90.0,2.01,15.02475,20.0,20.0,0.01,0.07475
2026-07-12T23:00:00,2026-07-13T01:00:00,DK1,90.0,90.0,2.01,15.02475,20.0,20.0,0.01,0.07475
2026-07-12T22:00:00,2026-07-13T00:00:00,DK1,90.0,90.0,2.43,18.16425,20.0,20.0,0.01,0.07475
2026-07-12T21:00:00,2026-07-12T23:00:00,DK1,90.0,90.0,12.1,90.44871,20.0,20.0,0.01,0.074751
2026-07-12T20:00:00,2026-07-12T22:00:00,DK1,90.0,90.0,70.63,527.966313,20.0,20.0,0.01,0.074751
2026-07-12T19:00:00,2026-07-12T21:00:00,DK1,90.0,90.0,2.26,16.893726,20.0,20.0,0.01,0.074751
2026-07-12T18:00:00,2026-07-12T20:00:00,DK1,90.0,90.0,2.26,16.893726,20.0,20.0,0.01,0.074751
2026-07-12T17:00:00,2026-07-12T19:00:00,DK1,90.0,90.0,2.26,16.893726,20.0,20.0,0.01,0.074751
2026-07-12T16:00:00,2026-07-12T18:00:00,DK1,90.0,90.0,2.28,17.043228,20.0,20.0,0.01,0.074751
2026-07-12T15:00:00,2026-07-12T17:00:00,DK1,90.0,90.0,2.26,16.893726,20.0,20.0,0.02,0.149502
2026-07-12T14:00:00,2026-07-12T16:00:00,DK1,90.0,90.0,1.46,10.913646,20.0,20.0,0.02,0.149502
2026-07-12T13:00:00,2026-07-12T15:00:00,DK1,90.0,90.0,0.2,1.49502,20.0,20.0,0.02,0.149502
2026-07-12T12:00:00,2026-07-12T14:00:00,DK1,90.0,90.0,0.2,1.49502,20.0,20.0,0.02,0.149502
2026-07-12T11:00:00,2026-07-12T13:00:00,DK1,90.0,90.0,0.2,1.49502,20.0,20.0,0.02,0.149502
2026-07-12T10:00:00,2026-07-12T12:00:00,DK1,90.0,90.0,0.67,5.008317,20.0,20.0,0.02,0.149502
2026-07-12T09:00:00,2026-07-12T11:00:00,DK1,90.0,90.0,1.2,8.97012,20.0,21.0,0.02,0.149502
2026-07-12T08:00:00,2026-07-12T10:00:00,DK1,90.0,90.0,2.28,17.043228,20.0,21.0,0.02,0.149502
2026-07-12T07:00:00,2026-07-12T09:00:00,DK1,90.0,90.0,2.26,16.893726,20.0,20.0,0.01,0.074751
2026-07-12T06:00:00,2026-07-12T08:00:00,DK1,90.0,90.0,2.26,16.893726,20.0,20.0,0.01,0.074751
2026-07-12T05:00:00,2026-07-12T07:00:00,DK1,90.0,90.0,2.28,17.043228,20.0,20.0,0.01,0.074751
2026-07-12T04:00:00,2026-07-12T06:00:00,DK1,90.0,90.0,2.26,16.893726,20.0,20.0,0.01,0.074751
2026-07-12T03:00:00,2026-07-12T05:00:00,DK1,90.0,90.0,2.26,16.893726,20.0,20.0,0.01,0.074751
2026-07-12T02:00:00,2026-07-12T04:00:00,DK1,90.0,90.0,2.26,16.893726,20.0,20.0,0.02,0.149502
2026-07-12T01:00:00,2026-07-12T03:00:00,DK1,90.0,90.0,2.26,16.893726,20.0,20.0,0.01,0.074751
2026-07-12T00:00:00,2026-07-12T02:00:00,DK1,90.0,90.0,2.26,16.893726,20.0,20.0,0.01,0.074751
2026-07-11T23:00:00,2026-07-12T01:00:00,DK1,90.0,90.0,2.26,16.893726,20.0,20.0,0.01,0.074751
2026-07-11T22:00:00,2026-07-12T00:00:00,DK1,90.0,90.0,2.26,16.893726,20.0,20.0,0.01,0.074751
2026-07-11T21:00:00,2026-07-11T23:00:00,DK1,90.0,90.0,12.6,94.18626,20.0,20.0,0.01,0.074751
2026-07-11T20:00:00,2026-07-11T22:00:00,DK1,90.0,90.0,84.02,628.057902,20.0,20.0,0.01,0.074751
2026-07-11T19:00:00,2026-07-11T21:00:00,DK1,90.0,90.0,2.19,16.370469,20.0,20.0,0.01,0.074751
2026-07-11T18:00:00,2026-07-11T20:00:00,DK1,90.0,90.0,2.19,16.370469,20.0,20.0,0.01,0.074751
2026-07-11T17:00:00,2026-07-11T19:00:00,DK1,90.0,90.0,2.38,17.790738,20.0,20.0,0.01,0.074751
2026-07-11T16:00:00,2026-07-11T18:00:00,DK1,90.0,90.0,2.29,17.117979,20.0,20.0,0.01,0.074751
2026-07-11T15:00:00,2026-07-11T17:00:00,DK1,90.0,90.0,2.38,17.790738,20.0,20.0,0.01,0.074751
2026-07-11T14:00:00,2026-07-11T16:00:00,DK1,90.0,90.0,2.19,16.370469,20.0,20.0,0.02,0.149502
2026-07-11T13:00:00,2026-07-11T15:00:00,DK1,90.0,90.0,2.29,17.117979,20.0,20.0,0.02,0.149502
2026-07-11T12:00:00,2026-07-11T14:00:00,DK1,90.0,90.0,2.01,15.024951,20.0,20.0,0.02,0.149502
2026-07-11T11:00:00,2026-07-11T13:00:00,DK1,90.0,90.0,2.01,15.024951,20.0,20.0,0.02,0.149502
2026-07-11T10:00:00,2026-07-11T12:00:00,DK1,90.0,90.0,2.01,15.024951,20.0,20.0,0.02,0.149502
2026-07-11T09:00:00,2026-07-11T11:00:00,DK1,90.0,90.0,2.68,20.033268,20.0,20.0,0.01,0.074751
2026-07-11T08:00:00,2026-07-11T10:00:00,DK1,90.0,90.0,2.68,20.033268,20.0,20.0,0.01,0.074751
2026-07-11T07:00:00,2026-07-11T09:00:00,DK1,90.0,90.0,2.29,17.117979,20.0,20.0,0.01,0.074751
2026-07-11T06:00:00,2026-07-11T08:00:00,DK1,90.0,90.0,2.19,16.370469,20.0,20.0,0.01,0.074751
2026-07-11T05:00:00,2026-07-11T07:00:00,DK1,90.0,90.0,2.19,16.370469,20.0,20.0,0.01,0.074751
2026-07-11T04:00:00,2026-07-11T06:00:00,DK1,90.0,90.0,2.19,16.370469,20.0,20.0,0.01,0.074751
2026-07-11T03:00:00,2026-07-11T05:00:00,DK1,90.0,90.0,2.19,16.370469,20.0,20.0,0.01,0.074751
2026-07-11T02:00:00,2026-07-11T04:00:00,DK1,90.0,90.0,2.19,16.370469,20.0,20.0,0.01,0.074751
2026-07-11T01:00:00,2026-07-11T03:00:00,DK1,90.0,90.0,2.19,16.370469,20.0,20.0,0.01,0.074751
2026-07-11T00:00:00,2026-07-11T02:00:00,DK1,90.0,90.0,2.19,16.370469,20.0,20.0,0.01,0.074751
2026-07-10T23:00:00,2026-07-11T01:00:00,DK1,90.0,90.0,2.19,16.370469,20.0,20.0,0.01,0.074751
2026-07-10T22:00:00,2026-07-11T00:00:00,DK1,90.0,90.0,2.19,16.370469,20.0,20.0,0.01,0.074751
2026-07-10T21:00:00,2026-07-10T23:00:00,DK1,90.0,90.0,6.69,50.008419,20.0,20.0,0.03,0.224253
2026-07-10T20:00:00,2026-07-10T22:00:00,DK1,90.0,90.0,16.4,122.59164,20.0,20.0,0.03,0.224253
2026-07-10T19:00:00,2026-07-10T21:00:00,DK1,90.0,90.0,2.02,15.099702,20.0,20.0,0.03,0.224253
2026-07-10T18:00:00,2026-07-10T20:00:00,DK1,90.0,90.0,2.02,15.099702,20.0,20.0,0.03,0.224253
2026-07-10T17:00:00,2026-07-10T19:00:00,DK1,90.0,90.0,2.13,15.921963,20.0,20.0,0.03,0.224253
2026-07-10T16:00:00,2026-07-10T18:00:00,DK1,90.0,90.0,2.02,15.099702,20.0,20.0,0.03,0.224253
2026-07-10T15:00:00,2026-07-10T17:00:00,DK1,90.0,90.0,2.18,16.295718,20.0,20.0,0.03,0.224253
2026-07-10T14:00:00,2026-07-10T16:00:00,DK1,90.0,90.0,2.02,15.099702,20.0,20.0,0.03,0.224253
2026-07-10T13:00:00,2026-07-10T15:00:00,DK1,90.0,90.0,2.02,15.099702,20.0,20.0,0.03,0.224253
2026-07-10T12:00:00,2026-07-10T14:00:00,DK1,90.0,90.0,9.2,68.77092,20.0,20.0,0.03,0.224253
2026-07-10T11:00:00,2026-07-10T13:00:00,DK1,90.0,90.0,2.02,15.099702,20.0,20.0,0.03,0.224253
2026-07-10T10:00:00,2026-07-10T12:00:00,DK1,90.0,90.0,2.02,15.099702,20.0,20.0,0.03,0.224253
2026-07-10T09:00:00,2026-07-10T11:00:00,DK1,90.0,90.0,11.37,84.991887,20.0,20.0,0.03,0.224253
2026-07-10T08:00:00,2026-07-10T10:00:00,DK1,90.0,90.0,4.0,29.9004,20.0,20.0,0.03,0.224253
2026-07-10T07:00:00,2026-07-10T09:00:00,DK1,90.0,90.0,2.18,16.295718,20.0,20.0,0.03,0.224253
2026-07-10T06:00:00,2026-07-10T08:00:00,DK1,90.0,90.0,2.13,15.921963,20.0,20.0,0.03,0.224253
2026-07-10T05:00:00,2026-07-10T07:00:00,DK1,90.0,90.0,2.02,15.099702,20.0,20.0,0.03,0.224253
2026-07-10T04:00:00,2026-07-10T06:00:00,DK1,90.0,90.0,2.13,15.921963,20.0,20.0,0.03,0.224253
2026-07-10T03:00:00,2026-07-10T05:00:00,DK1,90.0,90.0,2.18,16.295718,20.0,20.0,0.03,0.224253
2026-07-10T02:00:00,2026-07-10T04:00:00,DK1,90.0,90.0,2.02,15.099702,20.0,20.0,0.03,0.224253
2026-07-10T01:00:00,2026-07-10T03:00:00,DK1,90.0,90.0,0.67,5.008317,20.0,20.0,0.03,0.224253
2026-07-10T00:00:00,2026-07-10T02:00:00,DK1,90.0,90.0,0.54,4.036554,20.0,20.0,0.03,0.224253
2026-07-09T23:00:00,2026-07-10T01:00:00,DK1,90.0,90.0,0.67,5.008317,20.0,20.0,0.03,0.224253
2026-07-09T22:00:00,2026-07-10T00:00:00,DK1,90.0,90.0,2.01,15.024951,20.0,20.0,0.03,0.224253
2026-07-09T21:00:00,2026-07-09T23:00:00,DK1,90.0,90.0,2.01,15.025353,20.0,20.0,0.03,0.224259
2026-07-09T20:00:00,2026-07-09T22:00:00,DK1,90.0,90.0,13.38,100.019514,20.0,20.0,0.03,0.224259
2026-07-09T19:00:00,2026-07-09T21:00:00,DK1,90.0,90.0,2.29,17.118437,20.0,20.0,0.03,0.224259
2026-07-09T18:00:00,2026-07-09T20:00:00,DK1,90.0,90.0,2.29,17.118437,20.0,20.0,0.03,0.224259
2026-07-09T17:00:00,2026-07-09T19:00:00,DK1,90.0,90.0,2.29,17.118437,20.0,20.0,0.03,0.224259
2026-07-09T16:00:00,2026-07-09T18:00:00,DK1,90.0,90.0,2.29,17.118437,20.0,20.0,0.03,0.224259
2026-07-09T15:00:00,2026-07-09T17:00:00,DK1,90.0,90.0,2.29,17.118437,20.0,20.0,0.03,0.224259
2026-07-09T14:00:00,2026-07-09T16:00:00,DK1,90.0,90.0,5.89,44.029517,20.0,20.0,0.03,0.224259
2026-07-09T13:00:00,2026-07-09T15:00:00,DK1,90.0,90.0,8.68,64.885604,20.0,20.0,0.03,0.224259
2026-07-09T12:00:00,2026-07-09T14:00:00,DK1,90.0,90.0,2.01,15.025353,20.0,20.0,0.03,0.224259
2026-07-09T11:00:00,2026-07-09T13:00:00,DK1,90.0,90.0,4.77,35.657181,20.0,20.0,0.03,0.224259
2026-07-09T10:00:00,2026-07-09T12:00:00,DK1,90.0,90.0,2.29,17.118437,20.0,20.0,0.03,0.224259
2026-07-09T09:00:00,2026-07-09T11:00:00,DK1,90.0,90.0,20.0,149.506,20.0,20.0,0.03,0.224259
2026-07-09T08:00:00,2026-07-09T10:00:00,DK1,90.0,90.0,4.0,29.9012,20.0,20.0,0.03,0.224259
2026-07-09T07:00:00,2026-07-09T09:00:00,DK1,90.0,90.0,2.29,17.118437,20.0,20.0,0.03,0.224259
2026-07-09T06:00:00,2026-07-09T08:00:00,DK1,90.0,90.0,2.29,17.118437,20.0,20.0,0.03,0.224259
2026-07-09T05:00:00,2026-07-09T07:00:00,DK1,90.0,90.0,2.29,17.118437,20.0,20.0,0.03,0.224259
2026-07-09T04:00:00,2026-07-09T06:00:00,DK1,90.0,90.0,2.29,17.118437,20.0,20.0,0.03,0.224259
2026-07-09T03:00:00,2026-07-09T05:00:00,DK1,90.0,90.0,2.29,17.118437,20.0,20.0,0.03,0.224259
2026-07-09T02:00:00,2026-07-09T04:00:00,DK1,90.0,90.0,2.29,17.118437,20.0,20.0,0.03,0.224259
2026-07-09T01:00:00,2026-07-09T03:00:00,DK1,90.0,90.0,2.01,15.025353,20.0,20.0,0.03,0.224259
2026-07-09T00:00:00,2026-07-09T02:00:00,DK1,90.0,90.0,1.2,8.97036,20.0,20.0,0.03,0.224259
2026-07-08T23:00:00,2026-07-09T01:00:00,DK1,90.0,90.0,1.2,8.97036,20.0,20.0,0.03,0.224259
2026-07-08T22:00:00,2026-07-09T00:00:00,DK1,90.0,90.0,2.29,17.118437,20.0,20.0,0.03,0.224259
2026-07-08T21:00:00,2026-07-08T23:00:00,DK1,90.0,90.0,11.37,84.995298,20.0,20.0,0.03,0.224262
2026-07-08T20:00:00,2026-07-08T22:00:00,DK1,90.0,90.0,18.6,139.04244,20.0,20.0,0.03,0.224262
2026-07-08T19:00:00,2026-07-08T21:00:00,DK1,90.0,90.0,2.26,16.894404,20.0,20.0,0.03,0.224262
2026-07-08T18:00:00,2026-07-08T20:00:00,DK1,90.0,90.0,2.26,16.894404,20.0,20.0,0.03,0.224262
2026-07-08T17:00:00,2026-07-08T19:00:00,DK1,90.0,90.0,2.26,16.894404,20.0,20.0,0.03,0.224262
2026-07-08T16:00:00,2026-07-08T18:00:00,DK1,90.0,90.0,2.26,16.894404,20.0,20.0,0.03,0.224262
2026-07-08T15:00:00,2026-07-08T17:00:00,DK1,90.0,90.0,2.94,21.977676,20.0,20.0,0.03,0.224262
2026-07-08T14:00:00,2026-07-08T16:00:00,DK1,90.0,90.0,2.26,16.894404,20.0,20.0,0.03,0.224262
2026-07-08T13:00:00,2026-07-08T15:00:00,DK1,90.0,90.0,1.2,8.97048,20.0,20.0,0.03,0.224262
2026-07-08T12:00:00,2026-07-08T14:00:00,DK1,90.0,90.0,0.67,5.008518,20.0,20.0,0.03,0.224262
2026-07-08T11:00:00,2026-07-08T13:00:00,DK1,90.0,90.0,0.67,5.008518,20.0,20.0,0.03,0.224262
2026-07-08T10:00:00,2026-07-08T12:00:00,DK1,90.0,90.0,2.01,15.025554,20.0,20.0,0.03,0.224262
2026-07-08T09:00:00,2026-07-08T11:00:00,DK1,90.0,90.0,4.0,29.9016,20.0,20.0,0.03,0.224262
2026-07-08T08:00:00,2026-07-08T10:00:00,DK1,90.0,90.0,2.26,16.894404,20.0,20.0,0.03,0.224262
2026-07-08T07:00:00,2026-07-08T09:00:00,DK1,90.0,90.0,2.26,16.894404,20.0,20.0,0.03,0.224262
2026-07-08T06:00:00,2026-07-08T08:00:00,DK1,90.0,90.0,2.26,16.894404,20.0,20.0,0.03,0.224262
2026-07-08T05:00:00,2026-07-08T07:00:00,DK1,90.0,90.0,2.26,16.894404,20.0,20.0,0.03,0.224262
2026-07-08T04:00:00,2026-07-08T06:00:00,DK1,90.0,90.0,2.26,16.894404,20.0,20.0,0.03,0.224262
2026-07-08T03:00:00,2026-07-08T05:00:00,DK1,90.0,90.0,2.26,16.894404,20.0,20.0,0.03,0.224262
2026-07-08T02:00:00,2026-07-08T04:00:00,DK1,90.0,90.0,2.26,16.894404,20.0,20.0,0.03,0.224262
2026-07-08T01:00:00,2026-07-08T03:00:00,DK1,90.0,90.0,13.38,100.020852,20.0,20.0,0.03,0.224262
2026-07-08T00:00:00,2026-07-08T02:00:00,DK1,90.0,90.0,1.2,8.97048,20.0,20.0,0.03,0.224262
2026-07-07T23:00:00,2026-07-08T01:00:00,DK1,90.0,90.0,2.0,14.9508,20.0,20.0,0.03,0.224262
2026-07-07T22:00:00,2026-07-08T00:00:00,DK1,90.0,90.0,1.2,8.97048,20.0,20.0,0.03,0.224262
2026-07-07T21:00:00,2026-07-07T23:00:00,DK1,90.0,90.0,0.54,4.036284,20.0,20.0,0.03,0.224238
2026-07-07T20:00:00,2026-07-07T22:00:00,DK1,90.0,90.0,2.21,16.518866,20.0,20.0,0.03,0.224238
2026-07-07T19:00:00,2026-07-07T21:00:00,DK1,90.0,90.0,4.42,33.037732,20.0,20.0,0.03,0.224238
2026-07-07T18:00:00,2026-07-07T20:00:00,DK1,90.0,90.0,2.94,21.975324,20.0,20.0,0.03,0.224238
2026-07-07T17:00:00,2026-07-07T19:00:00,DK1,90.0,90.0,2.21,16.518866,20.0,20.0,0.03,0.224238
2026-07-07T16:00:00,2026-07-07T18:00:00,DK1,90.0,90.0,2.21,16.518866,20.0,20.0,0.03,0.224238
2026-07-07T15:00:00,2026-07-07T17:00:00,DK1,90.0,90.0,2.21,16.518866,20.0,20.0,0.03,0.224238
2026-07-07T14:00:00,2026-07-07T16:00:00,DK1,90.0,90.0,2.01,15.023946,20.0,20.0,0.03,0.224238
2026-07-07T13:00:00,2026-07-07T15:00:00,DK1,90.0,90.0,0.67,5.007982,20.0,20.0,0.03,0.224238
2026-07-07T12:00:00,2026-07-07T14:00:00,DK1,90.0,90.0,0.67,5.007982,20.0,20.0,0.03,0.224238
2026-07-07T11:00:00,2026-07-07T13:00:00,DK1,90.0,90.0,2.01,15.023946,20.0,20.0,0.03,0.224238
2026-07-07T10:00:00,2026-07-07T12:00:00,DK1,90.0,90.0,2.01,15.023946,20.0,20.0,0.03,0.224238
2026-07-07T09:00:00,2026-07-07T11:00:00,DK1,90.0,90.0,2.21,16.518866,20.0,20.0,0.03,0.224238
2026-07-07T08:00:00,2026-07-07T10:00:00,DK1,90.0,90.0,2.21,16.518866,20.0,20.0,0.03,0.224238
2026-07-07T07:00:00,2026-07-07T09:00:00,DK1,90.0,90.0,2.21,16.518866,20.0,20.0,0.03,0.224238
2026-07-07T06:00:00,2026-07-07T08:00:00,DK1,90.0,90.0,2.21,16.518866,20.0,20.0,0.03,0.224238
2026-07-07T05:00:00,2026-07-07T07:00:00,DK1,90.0,90.0,2.21,16.518866,20.0,20.0,0.03,0.224238
2026-07-07T04:00:00,2026-07-07T06:00:00,DK1,90.0,90.0,2.21,16.518866,20.0,20.0,0.03,0.224238
2026-07-07T03:00:00,2026-07-07T05:00:00,DK1,90.0,90.0,2.21,16.518866,20.0,20.0,0.03,0.224238
2026-07-07T02:00:00,2026-07-07T04:00:00,DK1,90.0,90.0,2.21,16.518866,20.0,20.0,0.03,0.224238
2026-07-07T01:00:00,2026-07-07T03:00:00,DK1,90.0,90.0,2.21,16.518866,20.0,20.0,0.03,0.224238
2026-07-07T00:00:00,2026-07-07T02:00:00,DK1,90.0,90.0,1.2,8.96952,20.0,20.0,0.03,0.224238
2026-07-06T23:00:00,2026-07-07T01:00:00,DK1,90.0,90.0,4.42,33.037732,20.0,20.0,0.03,0.224238
2026-07-06T22:00:00,2026-07-07T00:00:00,DK1,90.0,90.0,2.21,16.518866,20.0,20.0,0.03,0.224238
2026-07-06T21:00:00,2026-07-06T23:00:00,DK1,90.0,90.0,2.45,18.31326,20.0,20.0,0.03,0.224244
2026-07-06T20:00:00,2026-07-06T22:00:00,DK1,90.0,90.0,2.45,18.31326,20.0,20.0,0.03,0.224244
2026-07-06T19:00:00,2026-07-06T21:00:00,DK1,90.0,90.0,2.45,18.31326,20.0,20.0,0.03,0.224244
2026-07-06T18:00:00,2026-07-06T20:00:00,DK1,90.0,90.0,2.45,18.31326,20.0,20.0,0.03,0.224244
2026-07-06T17:00:00,2026-07-06T19:00:00,DK1,90.0,90.0,2.45,18.31326,20.0,20.0,0.03,0.224244
2026-07-06T16:00:00,2026-07-06T18:00:00,DK1,90.0,90.0,2.45,18.31326,20.0,20.0,0.03,0.224244
2026-07-06T15:00:00,2026-07-06T17:00:00,DK1,90.0,90.0,2.45,18.31326,20.0,20.0,0.03,0.224244
2026-07-06T14:00:00,2026-07-06T16:00:00,DK1,90.0,90.0,2.01,15.024348,20.0,20.0,0.03,0.224244
2026-07-06T13:00:00,2026-07-06T15:00:00,DK1,90.0,90.0,13.43,100.386564,20.0,20.0,0.03,0.224244
2026-07-06T12:00:00,2026-07-06T14:00:00,DK1,90.0,90.0,2.45,18.31326,20.0,20.0,0.03,0.224244
2026-07-06T11:00:00,2026-07-06T13:00:00,DK1,90.0,90.0,2.94,21.975912,20.0,20.0,0.03,0.224244
2026-07-06T10:00:00,2026-07-06T12:00:00,DK1,90.0,90.0,2.45,18.31326,20.0,20.0,0.03,0.224244
2026-07-06T09:00:00,2026-07-06T11:00:00,DK1,90.0,90.0,2.94,21.975912,20.0,20.0,0.03,0.224244
2026-07-06T08:00:00,2026-07-06T10:00:00,DK1,90.0,90.0,2.45,18.31326,20.0,20.0,0.03,0.224244
2026-07-06T07:00:00,2026-07-06T09:00:00,DK1,90.0,90.0,2.45,18.31326,20.0,20.0,0.03,0.224244
2026-07-06T06:00:00,2026-07-06T08:00:00,DK1,90.0,90.0,2.45,18.31326,20.0,20.0,0.03,0.224244
2026-07-06T05:00:00,2026-07-06T07:00:00,DK1,90.0,90.0,4.0,29.8992,20.0,20.0,0.03,0.224244
2026-07-06T04:00:00,2026-07-06T06:00:00,DK1,90.0,90.0,2.45,18.31326,20.0,20.0,0.03,0.224244
2026-07-06T03:00:00,2026-07-06T05:00:00,DK1,90.0,90.0,2.45,18.31326,20.0,20.0,0.03,0.224244
2026-07-06T02:00:00,2026-07-06T04:00:00,DK1,90.0,90.0,2.01,15.024348,20.0,20.0,0.03,0.224244
2026-07-06T01:00:00,2026-07-06T03:00:00,DK1,90.0,90.0,2.01,15.024348,20.0,20.0,0.03,0.224244
2026-07-06T00:00:00,2026-07-06T02:00:00,DK1,90.0,90.0,2.0,14.9496,20.0,20.0,0.03,0.224244
2026-07-05T23:00:00,2026-07-06T01:00:00,DK1,90.0,90.0,2.01,15.024348,20.0,20.0,0.03,0.224244
2026-07-05T22:00:00,2026-07-06T00:00:00,DK1,90.0,90.0,2.45,18.31326,20.0,20.0,0.03,0.224244
2026-07-05T21:00:00,2026-07-05T23:00:00,DK1,90.0,90.0,20.0,149.492,20.0,20.0,0.03,0.224238
2026-07-05T20:00:00,2026-07-05T22:00:00,DK1,90.0,90.0,48.17,360.051482,20.0,20.0,0.03,0.224238
2026-07-05T19:00:00,2026-07-05T21:00:00,DK1,90.0,90.0,2.36,17.640056,20.0,20.0,0.03,0.224238
2026-07-05T18:00:00,2026-07-05T20:00:00,DK1,90.0,90.0,2.36,17.640056,20.0,20.0,0.03,0.224238
2026-07-05T17:00:00,2026-07-05T19:00:00,DK1,90.0,90.0,2.36,17.640056,20.0,20.0,0.03,0.224238
2026-07-05T16:00:00,2026-07-05T18:00:00,DK1,90.0,90.0,5.89,44.025394,20.0,20.0,0.03,0.224238
2026-07-05T15:00:00,2026-07-05T17:00:00,DK1,90.0,90.0,2.36,17.640056,20.0,20.0,0.03,0.224238
2026-07-05T14:00:00,2026-07-05T16:00:00,DK1,90.0,90.0,2.01,15.023946,20.0,20.0,0.03,0.224238
2026-07-05T13:00:00,2026-07-05T15:00:00,DK1,90.0,90.0,1.34,10.015964,20.0,20.0,0.03,0.224238
2026-07-05T12:00:00,2026-07-05T14:00:00,DK1,90.0,90.0,1.34,10.015964,20.0,20.0,0.03,0.224238
2026-07-05T11:00:00,2026-07-05T13:00:00,DK1,90.0,90.0,1.34,10.015964,20.0,20.0,0.03,0.224238
2026-07-05T10:00:00,2026-07-05T12:00:00,DK1,90.0,90.0,1.34,10.015964,20.0,20.0,0.03,0.224238
2026-07-05T09:00:00,2026-07-05T11:00:00,DK1,90.0,90.0,2.76,20.629896,20.0,20.0,0.03,0.224238
2026-07-05T08:00:00,2026-07-05T10:00:00,DK1,90.0,90.0,2.36,17.640056,20.0,20.0,0.03,0.224238
2026-07-05T07:00:00,2026-07-05T09:00:00,DK1,90.0,90.0,2.36,17.640056,20.0,20.0,0.03,0.224238
2026-07-05T06:00:00,2026-07-05T08:00:00,DK1,90.0,90.0,2.36,17.640056,20.0,20.0,0.03,0.224238
2026-07-05T05:00:00,2026-07-05T07:00:00,DK1,90.0,90.0,2.36,17.640056,20.0,20.0,0.03,0.224238
2026-07-05T04:00:00,2026-07-05T06:00:00,DK1,90.0,90.0,2.36,17.640056,20.0,20.0,0.03,0.224238
2026-07-05T03:00:00,2026-07-05T05:00:00,DK1,90.0,90.0,2.36,17.640056,20.0,20.0,0.03,0.224238
2026-07-05T02:00:00,2026-07-05T04:00:00,DK1,90.0,90.0,2.36,17.640056,20.0,20.0,0.03,0.224238
2026-07-05T01:00:00,2026-07-05T03:00:00,DK1,90.0,90.0,2.36,17.640056,20.0,20.0,0.03,0.224238
2026-07-05T00:00:00,2026-07-05T02:00:00,DK1,90.0,90.0,2.01,15.023946,20.0,20.0,0.03,0.224238
2026-07-04T23:00:00,2026-07-05T01:00:00,DK1,90.0,90.0,2.01,15.023946,20.0,20.0,0.03,0.224238
2026-07-04T22:00:00,2026-07-05T00:00:00,DK1,90.0,90.0,2.36,17.640056,20.0,20.0,0.03,0.224238
2026-07-04T21:00:00,2026-07-04T23:00:00,DK1,90.0,90.0,47.23,353.025358,20.0,20.0,0.03,0.224238
2026-07-04T20:00:00,2026-07-04T22:00:00,DK1,90.0,90.0,72.88,544.748848,20.0,20.0,0.03,0.224238
2026-07-04T19:00:00,2026-07-04T21:00:00,DK1,90.0,90.0,2.19,16.369374,20.0,20.0,0.03,0.224238
2026-07-04T18:00:00,2026-07-04T20:00:00,DK1,90.0,90.0,2.19,16.369374,20.0,20.0,0.03,0.224238
2026-07-04T17:00:00,2026-07-04T19:00:00,DK1,90.0,90.0,2.19,16.369374,20.0,20.0,0.03,0.224238
2026-07-04T16:00:00,2026-07-04T18:00:00,DK1,90.0,90.0,2.19,16.369374,20.0,20.0,0.03,0.224238
2026-07-04T15:00:00,2026-07-04T17:00:00,DK1,90.0,90.0,8.81,65.851226,20.0,20.0,0.03,0.224238
2026-07-04T14:00:00,2026-07-04T16:00:00,DK1,90.0,90.0,1.2,8.96952,20.0,20.0,0.03,0.224238
2026-07-04T13:00:00,2026-07-04T15:00:00,DK1,90.0,90.0,1.2,8.96952,20.0,20.0,0.03,0.224238
2026-07-04T12:00:00,2026-07-04T14:00:00,DK1,90.0,90.0,0.2,1.49492,20.0,20.0,0.03,0.224238
2026-07-04T11:00:00,2026-07-04T13:00:00,DK1,90.0,90.0,0.2,1.49492,20.0,20.0,0.03,0.224238
2026-07-04T10:00:00,2026-07-04T12:00:00,DK1,90.0,90.0,0.44,3.288824,20.0,20.0,0.03,0.224238
2026-07-04T09:00:00,2026-07-04T11:00:00,DK1,90.0,90.0,1.2,8.96952,20.0,20.0,0.03,0.224238
2026-07-04T08:00:00,2026-07-04T10:00:00,DK1,90.0,90.0,4.39,32.813494,20.0,20.0,0.03,0.224238
2026-07-04T07:00:00,2026-07-04T09:00:00,DK1,90.0,90.0,2.19,16.369374,20.0,20.0,0.03,0.224238
2026-07-04T06:00:00,2026-07-04T08:00:00,DK1,90.0,90.0,2.19,16.369374,20.0,20.0,0.03,0.224238
2026-07-04T05:00:00,2026-07-04T07:00:00,DK1,90.0,90.0,2.19,16.369374,20.0,20.0,0.03,0.224238
2026-07-04T04:00:00,2026-07-04T06:00:00,DK1,90.0,90.0,2.19,16.369374,20.0,20.0,0.03,0.224238
2026-07-04T03:00:00,2026-07-04T05:00:00,DK1,90.0,90.0,2.19,16.369374,20.0,20.0,0.03,0.224238
2026-07-04T02:00:00,2026-07-04T04:00:00,DK1,90.0,90.0,2.01,15.023946,20.0,20.0,0.03,0.224238
2026-07-04T01:00:00,2026-07-04T03:00:00,DK1,90.0,90.0,1.2,8.96952,20.0,20.0,0.03,0.224238
2026-07-04T00:00:00,2026-07-04T02:00:00,DK1,90.0,90.0,1.2,8.96952,20.0,20.0,0.03,0.224238
2026-07-03T23:00:00,2026-07-04T01:00:00,DK1,90.0,90.0,2.0,14.9492,20.0,20.0,0.03,0.224238
2026-07-03T22:00:00,2026-07-04T00:00:00,DK1,90.0,90.0,2.0,14.9492,20.0,20.0,0.03,0.224238
2026-07-03T21:00:00,2026-07-03T23:00:00,DK1,90.0,90.0,40.27,301.002142,20.0,20.0,0.03,0.224238
2026-07-03T20:00:00,2026-07-03T22:00:00,DK1,90.0,90.0,61.0,455.9506,20.0,20.0,0.03,0.224238
2026-07-03T19:00:00,2026-07-03T21:00:00,DK1,90.0,90.0,2.44,18.238024,20.0,20.0,0.03,0.224238
2026-07-03T18:00:00,2026-07-03T20:00:00,DK1,90.0,90.0,2.44,18.238024,20.0,20.0,0.03,0.224238
2026-07-03T17:00:00,2026-07-03T19:00:00,DK1,90.0,90.0,2.44,18.238024,20.0,20.0,0.03,0.224238
2026-07-03T16:00:00,2026-07-03T18:00:00,DK1,90.0,90.0,27.89,208.466594,20.0,20.0,0.03,0.224238
2026-07-03T15:00:00,2026-07-03T17:00:00,DK1,90.0,90.0,2.44,18.238024,20.0,20.0,0.03,0.224238
2026-07-03T14:00:00,2026-07-03T16:00:00,DK1,90.0,90.0,0.67,5.007982,20.0,20.0,0.03,0.224238
2026-07-03T13:00:00,2026-07-03T15:00:00,DK1,90.0,90.0,0.54,4.036284,20.0,20.0,0.03,0.224238
2026-07-03T12:00:00,2026-07-03T14:00:00,DK1,90.0,90.0,0.35,2.61611,20.0,20.0,0.03,0.224238
2026-07-03T11:00:00,2026-07-03T13:00:00,DK1,90.0,90.0,0.67,5.007982,20.0,20.0,0.03,0.224238
2026-07-03T10:00:00,2026-07-03T12:00:00,DK1,90.0,90.0,0.54,4.036284,20.0,20.0,0.03,0.224238
2026-07-03T09:00:00,2026-07-03T11:00:00,DK1,90.0,90.0,2.68,20.031928,20.0,20.0,0.03,0.224238
2026-07-03T08:00:00,2026-07-03T10:00:00,DK1,90.0,90.0,4.0,29.8984,20.0,20.0,0.03,0.224238
2026-07-03T07:00:00,2026-07-03T09:00:00,DK1,90.0,90.0,2.44,18.238024,20.0,20.0,0.03,0.224238
2026-07-03T06:00:00,2026-07-03T08:00:00,DK1,90.0,90.0,9.1,68.01886,20.0,20.0,0.03,0.224238
2026-07-03T05:00:00,2026-07-03T07:00:00,DK1,90.0,90.0,2.44,18.238024,20.0,20.0,0.03,0.224238
2026-07-03T04:00:00,2026-07-03T06:00:00,DK1,90.0,90.0,2.44,18.238024,20.0,20.0,0.03,0.224238
2026-07-03T03:00:00,2026-07-03T05:00:00,DK1,90.0,90.0,2.44,18.238024,20.0,20.0,0.03,0.224238
2026-07-03T02:00:00,2026-07-03T04:00:00,DK1,90.0,90.0,2.0,14.9492,20.0,20.0,0.03,0.224238
2026-07-03T01:00:00,2026-07-03T03:00:00,DK1,90.0,90.0,1.2,8.96952,20.0,20.0,0.03,0.224238
2026-07-03T00:00:00,2026-07-03T02:00:00,DK1,90.0,90.0,1.07,7.997822,20.0,20.0,0.03,0.224238
2026-07-02T23:00:00,2026-07-03T01:00:00,DK1,90.0,90.0,1.2,8.96952,20.0,20.0,0.03,0.224238
2026-07-02T22:00:00,2026-07-03T00:00:00,DK1,90.0,90.0,2.44,18.238024,20.0,20.0,0.03,0.224238
2026-07-02T21:00:00,2026-07-02T23:00:00,DK1,90.0,90.0,14.85,110.999295,20.0,20.0,0.03,0.224241
2026-07-02T20:00:00,2026-07-02T22:00:00,DK1,90.0,90.0,1.2,8.96964,20.0,20.0,0.03,0.224241
2026-07-02T19:00:00,2026-07-02T21:00:00,DK1,90.0,90.0,2.01,15.024147,20.0,20.0,0.03,0.224241
2026-07-02T18:00:00,2026-07-02T20:00:00,DK1,90.0,90.0,2.01,15.024147,20.0,20.0,0.03,0.224241
2026-07-02T17:00:00,2026-07-02T19:00:00,DK1,90.0,90.0,2.01,15.024147,20.0,20.0,0.03,0.224241
2026-07-02T16:00:00,2026-07-02T18:00:00,DK1,90.0,90.0,2.01,15.024147,20.0,20.0,0.03,0.224241
2026-07-02T15:00:00,2026-07-02T17:00:00,DK1,90.0,90.0,2.01,15.024147,20.0,20.0,0.03,0.224241
2026-07-02T14:00:00,2026-07-02T16:00:00,DK1,90.0,90.0,0.35,2.616145,20.0,20.0,0.03,0.224241
2026-07-02T13:00:00,2026-07-02T15:00:00,DK1,90.0,90.0,0.33,2.466651,20.0,20.0,0.03,0.224241
2026-07-02T12:00:00,2026-07-02T14:00:00,DK1,90.0,90.0,0.33,2.466651,20.0,20.0,0.03,0.224241
2026-07-02T11:00:00,2026-07-02T13:00:00,DK1,90.0,90.0,0.33,2.466651,20.0,20.0,0.03,0.224241
2026-07-02T10:00:00,2026-07-02T12:00:00,DK1,90.0,90.0,0.33,2.466651,20.0,20.0,0.03,0.224241
2026-07-02T09:00:00,2026-07-02T11:00:00,DK1,90.0,90.0,0.54,4.036338,20.0,20.0,0.03,0.224241
2026-07-02T08:00:00,2026-07-02T10:00:00,DK1,90.0,90.0,1.2,8.96964,20.0,21.0,0.03,0.224241
2026-07-02T07:00:00,2026-07-02T09:00:00,DK1,90.0,90.0,1.2,8.96964,20.0,20.0,0.03,0.224241
2026-07-02T06:00:00,2026-07-02T08:00:00,DK1,90.0,90.0,2.01,15.024147,20.0,21.0,0.03,0.224241
2026-07-02T05:00:00,2026-07-02T07:00:00,DK1,93.0,93.0,13.25,99.039775,20.0,20.0,0.03,0.224241
2026-07-02T04:00:00,2026-07-02T06:00:00,DK1,90.0,90.0,2.01,15.024147,20.0,20.0,0.03,0.224241
2026-07-02T03:00:00,2026-07-02T05:00:00,DK1,90.0,90.0,2.0,14.9494,20.0,20.0,0.03,0.224241
2026-07-02T02:00:00,2026-07-02T04:00:00,DK1,90.0,90.0,0.33,2.466651,20.0,20.0,0.03,0.224241
2026-07-02T01:00:00,2026-07-02T03:00:00,DK1,90.0,90.0,1.2,8.96964,20.0,20.0,0.03,0.224241
2026-07-02T00:00:00,2026-07-02T02:00:00,DK1,90.0,90.0,1.2,8.96964,20.0,20.0,0.03,0.224241
2026-07-01T23:00:00,2026-07-02T01:00:00,DK1,90.0,96.0,0.33,2.466651,20.0,20.0,0.03,0.224241
2026-07-01T22:00:00,2026-07-02T00:00:00,DK1,90.0,90.0,0.33,2.466651,20.0,20.0,0.03,0.224241
2026-07-01T21:00:00,2026-07-01T23:00:00,DK1,90.0,90.0,1.2,8.9694,20.0,20.0,0.03,0.224235
2026-07-01T20:00:00,2026-07-01T22:00:00,DK1,90.0,90.0,172.26,1287.55737,20.0,20.0,0.03,0.224235
2026-07-01T19:00:00,2026-07-01T21:00:00,DK1,91.0,91.0,240.83,1800.083835,20.0,20.0,0.03,0.224235
2026-07-01T18:00:00,2026-07-01T20:00:00,DK1,109.0,109.0,44.28,330.97086,20.0,20.0,0.03,0.224235
2026-07-01T17:00:00,2026-07-01T19:00:00,DK1,98.0,98.0,20.0,149.49,20.0,20.0,0.03,0.224235
2026-07-01T16:00:00,2026-07-01T18:00:00,DK1,90.0,90.0,2.01,15.023745,20.0,20.0,0.03,0.224235
2026-07-01T15:00:00,2026-07-01T17:00:00,DK1,90.0,90.0,4.0,29.898,20.0,20.0,0.03,0.224235
2026-07-01T14:00:00,2026-07-01T16:00:00,DK1,90.0,90.0,0.54,4.03623,20.0,20.0,0.03,0.224235
2026-07-01T13:00:00,2026-07-01T15:00:00,DK1,90.0,90.0,0.67,5.007915,20.0,20.0,0.03,0.224235
2026-07-01T12:00:00,2026-07-01T14:00:00,DK1,90.0,90.0,0.67,5.007915,20.0,20.0,0.03,0.224235
2026-07-01T11:00:00,2026-07-01T13:00:00,DK1,90.0,90.0,0.67,5.007915,20.0,20.0,0.03,0.224235
2026-07-01T10:00:00,2026-07-01T12:00:00,DK1,90.0,90.0,0.54,4.03623,20.0,20.0,0.03,0.224235
2026-07-01T09:00:00,2026-07-01T11:00:00,DK1,90.0,90.0,2.01,15.023745,20.0,20.0,0.03,0.224235
2026-07-01T08:00:00,2026-07-01T10:00:00,DK1,90.0,90.0,2.01,15.023745,20.0,20.0,0.03,0.224235
2026-07-01T07:00:00,2026-07-01T09:00:00,DK1,90.0,90.0,2.01,15.023745,20.0,20.0,0.03,0.224235
2026-07-01T06:00:00,2026-07-01T08:00:00,DK1,90.0,90.0,4.0,29.898,20.0,20.0,0.03,0.224235
2026-07-01T05:00:00,2026-07-01T07:00:00,DK1,90.0,90.0,4.0,29.898,20.0,20.0,0.03,0.224235
2026-07-01T04:00:00,2026-07-01T06:00:00,DK1,90.0,90.0,2.01,15.023745,20.0,20.0,0.03,0.224235
2026-07-01T03:00:00,2026-07-01T05:00:00,DK1,90.0,90.0,2.01,15.023745,20.0,20.0,0.03,0.224235
2026-07-01T02:00:00,2026-07-01T04:00:00,DK1,90.0,90.0,0.28,2.09286,20.0,20.0,0.03,0.224235
2026-07-01T01:00:00,2026-07-01T03:00:00,DK1,90.0,92.0,0.28,2.09286,20.0,20.0,0.03,0.224235
2026-07-01T00:00:00,2026-07-01T02:00:00,DK1,90.0,96.0,0.28,2.09286,20.0,20.0,0.03,0.224235
2026-06-30T23:00:00,2026-07-01T01:00:00,DK1,90.0,96.0,0.28,2.09286,20.0,20.0,0.03,0.224235
2026-06-30T22:00:00,2026-07-01T00:00:00,DK1,90.0,91.0,0.28,2.09286,20.0,20.0,0.03,0.224235
2026-06-30T21:00:00,2026-06-30T23:00:00,DK1,90.0,90.0,0.47,3.512968,20.0,20.0,0.03,0.224232
2026-06-30T20:00:00,2026-06-30T22:00:00,DK1,90.0,90.0,195.58,1461.843152,20.0,20.0,0.03,0.224232
2026-06-30T19:00:00,2026-06-30T21:00:00,DK1,90.0,90.0,295.57,2209.208408,20.0,20.0,0.03,0.224232
2026-06-30T18:00:00,2026-06-30T20:00:00,DK1,106.0,106.0,44.28,330.966432,20.0,20.0,0.03,0.224232
2026-06-30T17:00:00,2026-06-30T19:00:00,DK1,96.0,96.0,20.0,149.488,20.0,20.0,0.03,0.224232
2026-06-30T16:00:00,2026-06-30T18:00:00,DK1,90.0,90.0,2.01,15.023544,20.0,20.0,0.03,0.224232
2026-06-30T15:00:00,2026-06-30T17:00:00,DK1,90.0,90.0,2.01,15.023544,20.0,20.0,0.03,0.224232
2026-06-30T14:00:00,2026-06-30T16:00:00,DK1,90.0,90.0,0.54,4.036176,20.0,20.0,0.03,0.224232
2026-06-30T13:00:00,2026-06-30T15:00:00,DK1,90.0,90.0,0.67,5.007848,20.0,20.0,0.03,0.224232
2026-06-30T12:00:00,2026-06-30T14:00:00,DK1,90.0,90.0,0.47,3.512968,20.0,20.0,0.03,0.224232
2026-06-30T11:00:00,2026-06-30T13:00:00,DK1,90.0,90.0,0.47,3.512968,20.0,20.0,0.03,0.224232
2026-06-30T10:00:00,2026-06-30T12:00:00,DK1,90.0,90.0,0.67,5.007848,20.0,20.0,0.03,0.224232
2026-06-30T09:00:00,2026-06-30T11:00:00,DK1,90.0,90.0,0.54,4.036176,20.0,20.0,0.03,0.224232
2026-06-30T08:00:00,2026-06-30T10:00:00,DK1,90.0,90.0,1.2,8.96928,20.0,20.0,0.03,0.224232
2026-06-30T07:00:00,2026-06-30T09:00:00,DK1,90.0,90.0,1.2,8.96928,20.0,20.0,0.03,0.224232
2026-06-30T06:00:00,2026-06-30T08:00:00,DK1,90.0,90.0,2.01,15.023544,20.0,20.0,0.03,0.224232
2026-06-30T05:00:00,2026-06-30T07:00:00,DK1,90.0,90.0,2.01,15.023544,20.0,20.0,0.03,0.224232
2026-06-30T04:00:00,2026-06-30T06:00:00,DK1,90.0,90.0,2.01,15.023544,20.0,20.0,0.03,0.224232
2026-06-30T03:00:00,2026-06-30T05:00:00,DK1,90.0,90.0,2.01,15.023544,20.0,20.0,0.03,0.224232
2026-06-30T02:00:00,2026-06-30T04:00:00,DK1,90.0,90.0,2.01,15.023544,20.0,20.0,0.03,0.224232
2026-06-30T01:00:00,2026-06-30T03:00:00,DK1,90.0,90.0,0.47,3.512968,20.0,20.0,0.03,0.224232
2026-06-30T00:00:00,2026-06-30T02:00:00,DK1,90.0,90.0,1.2,8.96928,20.0,20.0,0.03,0.224232
2026-06-29T23:00:00,2026-06-30T01:00:00,DK1,90.0,90.0,0.47,3.512968,20.0,20.0,0.03,0.224232
2026-06-29T22:00:00,2026-06-30T00:00:00,DK1,90.0,91.0,0.47,3.512968,20.0,20.0,0.03,0.224232
2026-06-29T21:00:00,2026-06-29T23:00:00,DK1,90.0,90.0,0.28,2.09286,20.0,20.0,0.03,0.224235
2026-06-29T20:00:00,2026-06-29T22:00:00,DK1,90.0,90.0,187.49,1401.394005,20.0,20.0,0.03,0.224235
2026-06-29T19:00:00,2026-06-29T21:00:00,DK1,90.0,90.0,274.68,2053.09566,20.0,20.0,0.03,0.224235
2026-06-29T18:00:00,2026-06-29T20:00:00,DK1,115.0,115.0,20.0,149.49,20.0,20.0,0.03,0.224235
2026-06-29T17:00:00,2026-06-29T19:00:00,DK1,101.0,101.0,2.01,15.023745,20.0,20.0,0.03,0.224235
2026-06-29T16:00:00,2026-06-29T18:00:00,DK1,90.0,90.0,4.0,29.898,20.0,20.0,0.03,0.224235
2026-06-29T15:00:00,2026-06-29T17:00:00,DK1,90.0,90.0,13.38,100.00881,20.0,20.0,0.03,0.224235
2026-06-29T14:00:00,2026-06-29T16:00:00,DK1,90.0,90.0,2.01,15.023745,20.0,20.0,0.03,0.224235
2026-06-29T13:00:00,2026-06-29T15:00:00,DK1,90.0,90.0,1.2,8.9694,20.0,20.0,0.03,0.224235
2026-06-29T12:00:00,2026-06-29T14:00:00,DK1,90.0,90.0,0.54,4.03623,20.0,20.0,0.03,0.224235
2026-06-29T11:00:00,2026-06-29T13:00:00,DK1,90.0,90.0,0.67,5.007915,20.0,20.0,0.03,0.224235
2026-06-29T10:00:00,2026-06-29T12:00:00,DK1,90.0,90.0,0.54,4.03623,20.0,20.0,0.03,0.224235
2026-06-29T09:00:00,2026-06-29T11:00:00,DK1,90.0,90.0,0.67,5.007915,20.0,20.0,0.03,0.224235
2026-06-29T08:00:00,2026-06-29T10:00:00,DK1,90.0,90.0,2.01,15.023745,20.0,20.0,0.03,0.224235
2026-06-29T07:00:00,2026-06-29T09:00:00,DK1,90.0,90.0,1.2,8.9694,20.0,20.0,0.03,0.224235
2026-06-29T06:00:00,2026-06-29T08:00:00,DK1,90.0,90.0,2.01,15.023745,20.0,20.0,0.03,0.224235
2026-06-29T05:00:00,2026-06-29T07:00:00,DK1,90.0,90.0,4.0,29.898,20.0,20.0,0.03,0.224235
2026-06-29T04:00:00,2026-06-29T06:00:00,DK1,90.0,90.0,2.01,15.023745,20.0,20.0,0.03,0.224235
2026-06-29T03:00:00,2026-06-29T05:00:00,DK1,90.0,90.0,2.01,15.023745,20.0,20.0,0.03,0.224235
2026-06-29T02:00:00,2026-06-29T04:00:00,DK1,90.0,90.0,2.0,14.949,20.0,20.0,0.03,0.224235
2026-06-29T01:00:00,2026-06-29T03:00:00,DK1,90.0,90.0,0.28,2.09286,20.0,20.0,0.03,0.224235
2026-06-29T00:00:00,2026-06-29T02:00:00,DK1,90.0,96.0,0.28,2.09286,20.0,20.0,0.03,0.224235
2026-06-28T23:00:00,2026-06-29T01:00:00,DK1,90.0,96.0,0.28,2.09286,20.0,20.0,0.03,0.224235
2026-06-28T22:00:00,2026-06-29T00:00:00,DK1,90.0,95.0,0.28,2.09286,20.0,20.0,0.03,0.224235
2026-06-28T21:00:00,2026-06-28T23:00:00,DK1,90.0,90.0,2.01,15.023946,20.0,20.0,0.03,0.224238
2026-06-28T20:00:00,2026-06-28T22:00:00,DK1,90.0,90.0,130.21,973.267666,20.0,20.0,0.03,0.224238
2026-06-28T19:00:00,2026-06-28T21:00:00,DK1,95.0,95.0,139.26,1040.912796,20.0,20.0,0.03,0.224238
2026-06-28T18:00:00,2026-06-28T20:00:00,DK1,101.0,101.0,2.01,15.023946,20.0,20.0,0.03,0.224238
2026-06-28T17:00:00,2026-06-28T19:00:00,DK1,115.0,115.0,4.0,29.8984,20.0,20.0,0.03,0.224238
2026-06-28T16:00:00,2026-06-28T18:00:00,DK1,90.0,90.0,2.01,15.023946,20.0,20.0,0.03,0.224238
2026-06-28T15:00:00,2026-06-28T17:00:00,DK1,90.0,90.0,1.2,8.96952,20.0,20.0,0.03,0.224238
2026-06-28T14:00:00,2026-06-28T16:00:00,DK1,90.0,90.0,0.54,4.036284,20.0,20.0,0.03,0.224238
2026-06-28T13:00:00,2026-06-28T15:00:00,DK1,90.0,90.0,0.21,1.569666,20.0,20.0,0.03,0.224238
2026-06-28T12:00:00,2026-06-28T14:00:00,DK1,90.0,90.0,0.21,1.569666,20.0,20.0,0.03,0.224238
2026-06-28T11:00:00,2026-06-28T13:00:00,DK1,90.0,90.0,0.21,1.569666,20.0,20.0,0.03,0.224238
2026-06-28T10:00:00,2026-06-28T12:00:00,DK1,90.0,90.0,0.21,1.569666,20.0,20.0,0.03,0.224238
2026-06-28T09:00:00,2026-06-28T11:00:00,DK1,90.0,90.0,0.21,1.569666,20.0,20.0,0.03,0.224238
2026-06-28T08:00:00,2026-06-28T10:00:00,DK1,90.0,90.0,0.67,5.007982,20.0,20.0,0.03,0.224238
2026-06-28T07:00:00,2026-06-28T09:00:00,DK1,90.0,90.0,2.94,21.975324,20.0,20.0,0.03,0.224238
2026-06-28T06:00:00,2026-06-28T08:00:00,DK1,90.0,90.0,1.2,8.96952,20.0,20.0,0.03,0.224238
2026-06-28T05:00:00,2026-06-28T07:00:00,DK1,90.0,90.0,2.01,15.023946,20.0,20.0,0.03,0.224238
2026-06-28T04:00:00,2026-06-28T06:00:00,DK1,90.0,90.0,2.01,15.023946,20.0,20.0,0.03,0.224238
2026-06-28T03:00:00,2026-06-28T05:00:00,DK1,90.0,90.0,1.2,8.96952,20.0,20.0,0.03,0.224238
2026-06-28T02:00:00,2026-06-28T04:00:00,DK1,90.0,90.0,0.67,5.007982,20.0,20.0,0.03,0.224238
2026-06-28T01:00:00,2026-06-28T03:00:00,DK1,90.0,90.0,0.21,1.569666,20.0,20.0,0.03,0.224238
2026-06-28T00:00:00,2026-06-28T02:00:00,DK1,90.0,91.0,0.21,1.569666,20.0,20.0,0.03,0.224238
2026-06-27T23:00:00,2026-06-28T01:00:00,DK1,90.0,91.0,0.21,1.569666,20.0,20.0,0.03,0.224238
2026-06-27T22:00:00,2026-06-28T00:00:00,DK1,90.0,90.0,0.21,1.569666,20.0,20.0,0.03,0.224238
2026-06-27T21:00:00,2026-06-27T23:00:00,DK1,90.0,90.0,1.2,8.96952,20.0,20.0,0.03,0.224238
2026-06-27T20:00:00,2026-06-27T22:00:00,DK1,90.0,90.0,2.01,15.023946,20.0,20.0,0.03,0.224238
2026-06-27T19:00:00,2026-06-27T21:00:00,DK1,99.0,99.0,178.23,1332.197958,20.0,20.0,0.03,0.224238
2026-06-27T18:00:00,2026-06-27T20:00:00,DK1,98.0,98.0,133.79,1000.026734,20.0,20.0,0.03,0.224238
2026-06-27T17:00:00,2026-06-27T19:00:00,DK1,101.0,101.0,2.01,15.023946,20.0,20.0,0.03,0.224238
2026-06-27T16:00:00,2026-06-27T18:00:00,DK1,90.0,90.0,2.01,15.023946,20.0,20.0,0.03,0.224238
2026-06-27T15:00:00,2026-06-27T17:00:00,DK1,90.0,90.0,1.2,8.96952,20.0,20.0,0.03,0.224238
2026-06-27T14:00:00,2026-06-27T16:00:00,DK1,90.0,90.0,2.01,15.023946,20.0,20.0,0.03,0.224238
2026-06-27T13:00:00,2026-06-27T15:00:00,DK1,90.0,90.0,2.94,21.975324,20.0,20.0,0.03,0.224238
2026-06-27T12:00:00,2026-06-27T14:00:00,DK1,90.0,90.0,0.4,2.98984,20.0,20.0,0.03,0.224238
2026-06-27T11:00:00,2026-06-27T13:00:00,DK1,90.0,90.0,1.2,8.96952,20.0,20.0,0.03,0.224238
2026-06-27T10:00:00,2026-06-27T12:00:00,DK1,90.0,90.0,1.2,8.96952,20.0,20.0,0.03,0.224238
2026-06-27T09:00:00,2026-06-27T11:00:00,DK1,90.0,90.0,0.4,2.98984,20.0,20.0,0.03,0.224238
2026-06-27T08:00:00,2026-06-27T10:00:00,DK1,90.0,90.0,6.0,44.8476,20.0,20.0,0.03,0.224238
2026-06-27T07:00:00,2026-06-27T09:00:00,DK1,90.0,90.0,4.28,31.991288,20.0,20.0,0.03,0.224238
2026-06-27T06:00:00,2026-06-27T08:00:00,DK1,90.0,90.0,1.2,8.96952,20.0,20.0,0.03,0.224238
2026-06-27T05:00:00,2026-06-27T07:00:00,DK1,90.0,90.0,2.01,15.023946,20.0,20.0,0.03,0.224238
2026-06-27T04:00:00,2026-06-27T06:00:00,DK1,90.0,90.0,2.01,15.023946,20.0,20.0,0.03,0.224238
2026-06-27T03:00:00,2026-06-27T05:00:00,DK1,90.0,90.0,2.0,14.9492,20.0,20.0,0.03,0.224238
2026-06-27T02:00:00,2026-06-27T04:00:00,DK1,90.0,90.0,0.4,2.98984,20.0,20.0,0.03,0.224238
2026-06-27T01:00:00,2026-06-27T03:00:00,DK1,90.0,91.0,0.4,2.98984,20.0,20.0,0.03,0.224238
2026-06-27T00:00:00,2026-06-27T02:00:00,DK1,90.0,96.0,0.4,2.98984,20.0,20.0,0.03,0.224238
2026-06-26T23:00:00,2026-06-27T01:00:00,DK1,90.0,95.0,0.4,2.98984,20.0,20.0,0.03,0.224238
2026-06-26T22:00:00,2026-06-27T00:00:00,DK1,90.0,90.0,0.4,2.98984,20.0,20.0,0.03,0.224238
2026-06-26T21:00:00,2026-06-26T23:00:00,DK1,90.0,90.0,0.38,2.840348,20.0,20.0,0.03,0.224238
2026-06-26T20:00:00,2026-06-26T22:00:00,DK1,90.0,90.0,2.01,15.023946,20.0,20.0,0.03,0.224238
2026-06-26T19:00:00,2026-06-26T21:00:00,DK1,104.0,104.0,409.68,3062.194128,20.0,20.0,0.03,0.224238
2026-06-26T18:00:00,2026-06-26T20:00:00,DK1,104.0,104.0,445.2,3327.69192,20.0,20.0,0.03,0.224238
2026-06-26T17:00:00,2026-06-26T19:00:00,DK1,119.0,119.0,202.46,1513.307516,20.0,20.0,0.03,0.224238
2026-06-26T16:00:00,2026-06-26T18:00:00,DK1,90.0,90.0,4.0,29.8984,20.0,20.0,0.03,0.224238
2026-06-26T15:00:00,2026-06-26T17:00:00,DK1,90.0,90.0,4.0,29.8984,20.0,20.0,0.03,0.224238
2026-06-26T14:00:00,2026-06-26T16:00:00,DK1,90.0,90.0,0.38,2.840348,20.0,20.0,0.03,0.224238
2026-06-26T13:00:00,2026-06-26T15:00:00,DK1,90.0,90.0,0.38,2.840348,20.0,20.0,0.03,0.224238
2026-06-26T12:00:00,2026-06-26T14:00:00,DK1,90.0,90.0,0.38,2.840348,20.0,20.0,0.03,0.224238
2026-06-26T11:00:00,2026-06-26T13:00:00,DK1,90.0,90.0,6.0,44.8476,20.0,20.0,0.03,0.224238
2026-06-26T10:00:00,2026-06-26T12:00:00,DK1,90.0,90.0,4.01,29.973146,20.0,20.0,0.03,0.224238
2026-06-26T09:00:00,2026-06-26T11:00:00,DK1,90.0,90.0,4.01,29.973146,20.0,20.0,0.03,0.224238
2026-06-26T08:00:00,2026-06-26T10:00:00,DK1,90.0,90.0,4.01,29.973146,20.0,20.0,0.03,0.224238
2026-06-26T07:00:00,2026-06-26T09:00:00,DK1,90.0,90.0,2.01,15.023946,20.0,20.0,0.03,0.224238
2026-06-26T06:00:00,2026-06-26T08:00:00,DK1,90.0,90.0,4.0,29.8984,20.0,20.0,0.03,0.224238
2026-06-26T05:00:00,2026-06-26T07:00:00,DK1,90.0,90.0,4.0,29.8984,20.0,20.0,0.03,0.224238
2026-06-26T04:00:00,2026-06-26T06:00:00,DK1,90.0,90.0,2.01,15.023946,20.0,20.0,0.03,0.224238
2026-06-26T03:00:00,2026-06-26T05:00:00,DK1,90.0,90.0,2.0,14.9492,20.0,20.0,0.03,0.224238
2026-06-26T02:00:00,2026-06-26T04:00:00,DK1,90.0,92.0,0.38,2.840348,20.0,20.0,0.03,0.224238
2026-06-26T01:00:00,2026-06-26T03:00:00,DK1,90.0,90.0,1.2,8.96952,20.0,20.0,0.03,0.224238
2026-06-26T00:00:00,2026-06-26T02:00:00,DK1,90.0,90.0,1.2,8.96952,20.0,20.0,0.03,0.224238
2026-06-25T23:00:00,2026-06-26T01:00:00,DK1,90.0,95.0,0.38,2.840348,20.0,20.0,0.03,0.224238
2026-06-25T22:00:00,2026-06-26T00:00:00,DK1,90.0,90.0,0.38,2.840348,20.0,20.0,0.03,0.224238
2026-06-25T21:00:00,2026-06-25T23:00:00,DK1,90.0,90.0,0.67,5.007915,20.0,20.0,0.03,0.224235
2026-06-25T20:00:00,2026-06-25T22:00:00,DK1,90.0,90.0,1.2,8.9694,20.0,20.0,0.03,0.224235
2026-06-25T19:00:00,2026-06-25T21:00:00,DK1,100.0,100.0,26.89,200.989305,20.0,20.0,0.03,0.224235
2026-06-25T18:00:00,2026-06-25T20:00:00,DK1,111.0,111.0,120.4,899.9298,20.0,20.0,0.03,0.224235
2026-06-25T17:00:00,2026-06-25T19:00:00,DK1,123.0,123.0,29.56,220.94622,20.0,20.0,0.03,0.224235
2026-06-25T16:00:00,2026-06-25T18:00:00,DK1,90.0,90.0,2.01,15.023745,20.0,20.0,0.03,0.224235
2026-06-25T15:00:00,2026-06-25T17:00:00,DK1,90.0,90.0,2.01,15.023745,20.0,20.0,0.03,0.224235
2026-06-25T14:00:00,2026-06-25T16:00:00,DK1,90.0,90.0,2.01,15.023745,20.0,20.0,0.03,0.224235
2026-06-25T13:00:00,2026-06-25T15:00:00,DK1,90.0,90.0,4.01,29.972745,20.0,20.0,0.03,0.224235
2026-06-25T12:00:00,2026-06-25T14:00:00,DK1,90.0,90.0,4.01,29.972745,20.0,20.0,0.03,0.224235
2026-06-25T11:00:00,2026-06-25T13:00:00,DK1,90.0,90.0,4.01,29.972745,20.0,20.0,0.03,0.224235
2026-06-25T10:00:00,2026-06-25T12:00:00,DK1,90.0,90.0,2.01,15.023745,20.0,20.0,0.03,0.224235
2026-06-25T09:00:00,2026-06-25T11:00:00,DK1,90.0,90.0,4.01,29.972745,20.0,20.0,0.03,0.224235
2026-06-25T08:00:00,2026-06-25T10:00:00,DK1,90.0,90.0,6.0,44.847,20.0,20.0,0.03,0.224235
2026-06-25T07:00:00,2026-06-25T09:00:00,DK1,90.0,90.0,2.01,15.023745,20.0,20.0,0.03,0.224235
2026-06-25T06:00:00,2026-06-25T08:00:00,DK1,90.0,90.0,2.01,15.023745,20.0,20.0,0.03,0.224235
2026-06-25T05:00:00,2026-06-25T07:00:00,DK1,90.0,90.0,2.01,15.023745,20.0,20.0,0.03,0.224235
2026-06-25T04:00:00,2026-06-25T06:00:00,DK1,90.0,90.0,2.01,15.023745,20.0,20.0,0.03,0.224235
2026-06-25T03:00:00,2026-06-25T05:00:00,DK1,90.0,90.0,2.01,15.023745,20.0,20.0,0.03,0.224235
2026-06-25T02:00:00,2026-06-25T04:00:00,DK1,90.0,90.0,2.01,15.023745,20.0,20.0,0.03,0.224235
2026-06-25T01:00:00,2026-06-25T03:00:00,DK1,90.0,90.0,0.67,5.007915,20.0,20.0,0.03,0.224235
2026-06-25T00:00:00,2026-06-25T02:00:00,DK1,90.0,90.0,0.67,5.007915,20.0,20.0,0.03,0.224235
2026-06-24T23:00:00,2026-06-25T01:00:00,DK1,90.0,90.0,0.67,5.007915,20.0,20.0,0.03,0.224235
2026-06-24T22:00:00,2026-06-25T00:00:00,DK1,90.0,90.0,0.67,5.007915,20.0,20.0,0.03,0.224235
2026-06-24T21:00:00,2026-06-24T23:00:00,DK1,90.0,90.0,1.2,8.9706,20.0,20.0,0.03,0.224265
2026-06-24T20:00:00,2026-06-24T22:00:00,DK1,90.0,90.0,2.01,15.025755,20.0,20.0,0.03,0.224265
2026-06-24T19:00:00,2026-06-24T21:00:00,DK1,98.0,98.0,408.32,3052.39616,20.0,20.0,0.03,0.224265
2026-06-24T18:00:00,2026-06-24T20:00:00,DK1,104.0,99.0,321.1,2400.38305,20.0,20.0,0.03,0.224265
2026-06-24T17:00:00,2026-06-24T19:00:00,DK1,105.0,105.0,120.41,900.124955,20.0,20.0,0.03,0.224265
2026-06-24T16:00:00,2026-06-24T18:00:00,DK1,90.0,90.0,4.0,29.902,20.0,20.0,0.03,0.224265
2026-06-24T15:00:00,2026-06-24T17:00:00,DK1,90.0,90.0,2.01,15.025755,20.0,20.0,0.03,0.224265
2026-06-24T14:00:00,2026-06-24T16:00:00,DK1,90.0,90.0,2.01,15.025755,20.0,20.0,0.03,0.224265
2026-06-24T13:00:00,2026-06-24T15:00:00,DK1,90.0,90.0,1.2,8.9706,20.0,20.0,0.03,0.224265
2026-06-24T12:00:00,2026-06-24T14:00:00,DK1,90.0,90.0,1.2,8.9706,20.0,20.0,0.03,0.224265
2026-06-24T11:00:00,2026-06-24T13:00:00,DK1,90.0,90.0,1.2,8.9706,20.0,20.0,0.03,0.224265
2026-06-24T10:00:00,2026-06-24T12:00:00,DK1,90.0,90.0,1.2,8.9706,20.0,20.0,0.03,0.224265
2026-06-24T09:00:00,2026-06-24T11:00:00,DK1,90.0,90.0,4.01,29.976755,20.0,20.0,0.03,0.224265
2026-06-24T08:00:00,2026-06-24T10:00:00,DK1,90.0,90.0,4.01,29.976755,20.0,20.0,0.03,0.224265
2026-06-24T07:00:00,2026-06-24T09:00:00,DK1,90.0,90.0,2.01,15.025755,20.0,20.0,0.03,0.224265
2026-06-24T06:00:00,2026-06-24T08:00:00,DK1,90.0,90.0,4.0,29.902,20.0,20.0,0.03,0.224265
2026-06-24T05:00:00,2026-06-24T07:00:00,DK1,90.0,90.0,4.0,29.902,20.0,20.0,0.03,0.224265
2026-06-24T04:00:00,2026-06-24T06:00:00,DK1,90.0,90.0,2.01,15.025755,20.0,20.0,0.03,0.224265
2026-06-24T03:00:00,2026-06-24T05:00:00,DK1,90.0,90.0,1.2,8.9706,20.0,20.0,0.03,0.224265
2026-06-24T02:00:00,2026-06-24T04:00:00,DK1,90.0,96.0,0.28,2.09314,20.0,20.0,0.03,0.224265
2026-06-24T01:00:00,2026-06-24T03:00:00,DK1,90.0,96.0,0.28,2.09314,20.0,20.0,0.03,0.224265
2026-06-24T00:00:00,2026-06-24T02:00:00,DK1,90.0,96.0,0.28,2.09314,20.0,20.0,0.03,0.224265
2026-06-23T23:00:00,2026-06-24T01:00:00,DK1,90.0,91.0,0.28,2.09314,20.0,20.0,0.03,0.224265
2026-06-23T22:00:00,2026-06-24T00:00:00,DK1,90.0,90.0,0.28,2.09314,20.0,20.0,0.03,0.224265
2026-06-23T21:00:00,2026-06-23T23:00:00,DK1,90.0,90.0,2.0,14.9498,20.0,20.0,0.03,0.224247
2026-06-23T20:00:00,2026-06-23T22:00:00,DK1,90.0,90.0,4.0,29.8996,20.0,20.0,0.03,0.224247
2026-06-23T19:00:00,2026-06-23T21:00:00,DK1,90.0,90.0,2.01,15.024549,20.0,20.0,0.03,0.224247
2026-06-23T18:00:00,2026-06-23T20:00:00,DK1,107.0,107.0,33.71,251.978879,20.0,20.0,0.03,0.224247
2026-06-23T17:00:00,2026-06-23T19:00:00,DK1,97.0,97.0,13.38,100.014162,20.0,20.0,0.03,0.224247
2026-06-23T16:00:00,2026-06-23T18:00:00,DK1,90.0,90.0,2.01,15.024549,20.0,20.0,0.03,0.224247
2026-06-23T15:00:00,2026-06-23T17:00:00,DK1,90.0,90.0,2.01,15.024549,20.0,20.0,0.03,0.224247
2026-06-23T14:00:00,2026-06-23T16:00:00,DK1,90.0,90.0,2.01,15.024549,20.0,22.0,0.0,0.0
2026-06-23T13:00:00,2026-06-23T15:00:00,DK1,90.0,90.0,2.01,15.024549,20.0,20.0,0.03,0.224247
2026-06-23T12:00:00,2026-06-23T14:00:00,DK1,90.0,90.0,13.38,100.014162,20.0,20.0,0.03,0.224247
2026-06-23T11:00:00,2026-06-23T13:00:00,DK1,90.0,90.0,20.0,149.498,20.0,20.0,0.03,0.224247
2026-06-23T10:00:00,2026-06-23T12:00:00,DK1,90.0,90.0,2.01,15.024549,20.0,20.0,0.03,0.224247
2026-06-23T09:00:00,2026-06-23T11:00:00,DK1,90.0,90.0,2.01,15.024549,20.0,20.0,0.03,0.224247
2026-06-23T08:00:00,2026-06-23T10:00:00,DK1,90.0,90.0,2.01,15.024549,20.0,20.0,0.03,0.224247
2026-06-23T07:00:00,2026-06-23T09:00:00,DK1,90.0,90.0,33.71,251.978879,20.0,20.0,0.03,0.224247
2026-06-23T06:00:00,2026-06-23T08:00:00,DK1,90.0,90.0,35.59,266.031691,20.0,20.0,0.03,0.224247
2026-06-23T05:00:00,2026-06-23T07:00:00,DK1,90.0,90.0,10.4,77.73896,20.0,20.0,0.03,0.224247
2026-06-23T04:00:00,2026-06-23T06:00:00,DK1,90.0,90.0,10.4,77.73896,20.0,20.0,0.03,0.224247
2026-06-23T03:00:00,2026-06-23T05:00:00,DK1,90.0,90.0,2.01,15.024549,20.0,20.0,0.03,0.224247
2026-06-23T02:00:00,2026-06-23T04:00:00,DK1,90.0,90.0,0.67,5.008183,20.0,20.0,0.03,0.224247
2026-06-23T01:00:00,2026-06-23T03:00:00,DK1,90.0,90.0,0.67,5.008183,20.0,20.0,0.03,0.224247
2026-06-23T00:00:00,2026-06-23T02:00:00,DK1,90.0,90.0,0.67,5.008183,20.0,20.0,0.03,0.224247
2026-06-22T23:00:00,2026-06-23T01:00:00,DK1,90.0,90.0,0.67,5.008183,20.0,20.0,0.03,0.224247
2026-06-22T22:00:00,2026-06-23T00:00:00,DK1,90.0,90.0,2.01,15.024549,20.0,20.0,0.03,0.224247
2026-06-22T21:00:00,2026-06-22T23:00:00,DK1,90.0,90.0,0.67,5.008049,20.0,20.0,0.03,0.224241
2026-06-22T20:00:00,2026-06-22T22:00:00,DK1,90.0,90.0,2.01,15.024147,20.0,20.0,0.03,0.224241
2026-06-22T19:00:00,2026-06-22T21:00:00,DK1,94.0,94.0,4.0,29.8988,20.0,20.0,0.03,0.224241
2026-06-22T18:00:00,2026-06-22T20:00:00,DK1,106.0,106.0,69.57,520.014879,20.0,22.0,0.03,0.224241
2026-06-22T17:00:00,2026-06-22T19:00:00,DK1,118.0,118.0,33.58,251.000426,20.0,20.0,0.03,0.224241
2026-06-22T16:00:00,2026-06-22T18:00:00,DK1,90.0,90.0,4.0,29.8988,20.0,20.0,0.03,0.224241
2026-06-22T15:00:00,2026-06-22T17:00:00,DK1,90.0,90.0,2.01,15.024147,20.0,20.0,0.03,0.224241
2026-06-22T14:00:00,2026-06-22T16:00:00,DK1,90.0,90.0,2.01,15.024147,20.0,20.0,0.03,0.224241
2026-06-22T13:00:00,2026-06-22T15:00:00,DK1,90.0,90.0,3.34,24.965498,20.0,20.0,0.03,0.224241
2026-06-22T12:00:00,2026-06-22T14:00:00,DK1,90.0,90.0,11.9,88.94893,20.0,20.0,0.03,0.224241
2026-06-22T11:00:00,2026-06-22T13:00:00,DK1,90.0,90.0,6.32,47.240104,20.0,20.0,0.03,0.224241
2026-06-22T10:00:00,2026-06-22T12:00:00,DK1,90.0,90.0,8.87,66.300589,20.0,20.0,0.03,0.224241
2026-06-22T09:00:00,2026-06-22T11:00:00,DK1,90.0,90.0,20.12,150.390964,20.0,20.0,0.03,0.224241
2026-06-22T08:00:00,2026-06-22T10:00:00,DK1,90.0,90.0,26.76,200.022972,20.0,20.0,0.03,0.224241
2026-06-22T07:00:00,2026-06-22T09:00:00,DK1,90.0,90.0,4.01,29.973547,20.0,20.0,0.03,0.224241
2026-06-22T06:00:00,2026-06-22T08:00:00,DK1,91.0,91.0,4.0,29.8988,20.0,20.0,0.03,0.224241
2026-06-22T05:00:00,2026-06-22T07:00:00,DK1,90.0,90.0,4.0,29.8988,20.0,20.0,0.03,0.224241
2026-06-22T04:00:00,2026-06-22T06:00:00,DK1,90.0,90.0,2.01,15.024147,20.0,20.0,0.03,0.224241
2026-06-22T03:00:00,2026-06-22T05:00:00,DK1,90.0,90.0,2.0,14.9494,20.0,20.0,0.03,0.224241
2026-06-22T02:00:00,2026-06-22T04:00:00,DK1,90.0,90.0,2.0,14.9494,20.0,20.0,0.03,0.224241
2026-06-22T01:00:00,2026-06-22T03:00:00,DK1,90.0,90.0,0.67,5.008049,20.0,20.0,0.03,0.224241
2026-06-22T00:00:00,2026-06-22T02:00:00,DK1,90.0,90.0,0.67,5.008049,20.0,20.0,0.03,0.224241
2026-06-21T23:00:00,2026-06-22T01:00:00,DK1,90.0,90.0,0.67,5.008049,20.0,20.0,0.03,0.224241
2026-06-21T22:00:00,2026-06-22T00:00:00,DK1,90.0,90.0,0.67,5.008049,20.0,20.0,0.03,0.224241
2026-06-21T21:00:00,2026-06-21T23:00:00,DK1,90.0,90.0,0.38,2.840348,20.0,20.0,0.03,0.224238
2026-06-21T20:00:00,2026-06-21T22:00:00,DK1,90.0,90.0,13.9,103.89694,20.0,20.0,0.03,0.224238
2026-06-21T19:00:00,2026-06-21T21:00:00,DK1,112.0,112.0,127.18,950.619628,20.0,20.0,0.03,0.224238
2026-06-21T18:00:00,2026-06-21T20:00:00,DK1,112.0,112.0,33.85,253.01521,20.0,20.0,0.03,0.224238
2026-06-21T17:00:00,2026-06-21T19:00:00,DK1,126.0,126.0,147.18,1100.111628,20.0,20.0,0.03,0.224238
2026-06-21T16:00:00,2026-06-21T18:00:00,DK1,90.0,90.0,2.01,15.023946,20.0,20.0,0.03,0.224238
2026-06-21T15:00:00,2026-06-21T17:00:00,DK1,90.0,90.0,2.01,15.023946,20.0,20.0,0.03,0.224238
2026-06-21T14:00:00,2026-06-21T16:00:00,DK1,90.0,90.0,0.67,5.007982,20.0,20.0,0.03,0.224238
2026-06-21T13:00:00,2026-06-21T15:00:00,DK1,90.0,90.0,1.2,8.96952,20.0,20.0,0.03,0.224238
2026-06-21T12:00:00,2026-06-21T14:00:00,DK1,90.0,90.0,1.2,8.96952,20.0,20.0,0.03,0.224238
2026-06-21T11:00:00,2026-06-21T13:00:00,DK1,90.0,90.0,1.2,8.96952,20.0,20.0,0.03,0.224238
2026-06-21T10:00:00,2026-06-21T12:00:00,DK1,90.0,90.0,1.34,10.015964,20.0,20.0,0.03,0.224238
2026-06-21T09:00:00,2026-06-21T11:00:00,DK1,90.0,90.0,4.01,29.973146,20.0,20.0,0.03,0.224238
2026-06-21T08:00:00,2026-06-21T10:00:00,DK1,90.0,90.0,0.67,5.007982,20.0,20.0,0.03,0.224238
2026-06-21T07:00:00,2026-06-21T09:00:00,DK1,90.0,90.0,0.54,4.036284,20.0,20.0,0.03,0.224238
2026-06-21T06:00:00,2026-06-21T08:00:00,DK1,90.0,90.0,2.01,15.023946,20.0,20.0,0.03,0.224238
2026-06-21T05:00:00,2026-06-21T07:00:00,DK1,90.0,90.0,2.01,15.023946,20.0,20.0,0.03,0.224238
2026-06-21T04:00:00,2026-06-21T06:00:00,DK1,90.0,90.0,1.2,8.96952,20.0,20.0,0.03,0.224238
2026-06-21T03:00:00,2026-06-21T05:00:00,DK1,90.0,90.0,0.38,2.840348,20.0,20.0,0.03,0.224238
2026-06-21T02:00:00,2026-06-21T04:00:00,DK1,90.0,91.0,0.38,2.840348,20.0,20.0,0.03,0.224238
2026-06-21T01:00:00,2026-06-21T03:00:00,DK1,90.0,90.0,0.38,2.840348,20.0,20.0,0.03,0.224238
2026-06-21T00:00:00,2026-06-21T02:00:00,DK1,90.0,95.0,0.38,2.840348,20.0,22.0,0.03,0.224238
2026-06-20T23:00:00,2026-06-21T01:00:00,DK1,90.0,90.0,0.38,2.840348,20.0,20.0,0.03,0.224238
2026-06-20T22:00:00,2026-06-21T00:00:00,DK1,90.0,90.0,1.2,8.96952,20.0,20.0,0.03,0.224238
2026-06-20T21:00:00,2026-06-20T23:00:00,DK1,90.0,90.0,19.7,147.24962,20.0,21.0,0.07,0.523222
2026-06-20T20:00:00,2026-06-20T22:00:00,DK1,90.0,90.0,101.56,759.120376,20.0,20.0,0.03,0.224238
2026-06-20T19:00:00,2026-06-20T21:00:00,DK1,110.0,110.0,202.61,1514.428706,20.0,20.0,0.03,0.224238
2026-06-20T18:00:00,2026-06-20T20:00:00,DK1,114.0,114.0,180.63,1350.136998,20.0,21.0,0.07,0.523222
2026-06-20T17:00:00,2026-06-20T19:00:00,DK1,115.0,115.0,13.38,100.010148,20.0,21.0,0.07,0.523222
2026-06-20T16:00:00,2026-06-20T18:00:00,DK1,90.0,90.0,4.0,29.8984,20.0,20.0,0.03,0.224238
2026-06-20T15:00:00,2026-06-20T17:00:00,DK1,90.0,90.0,4.0,29.8984,20.0,20.0,0.03,0.224238
2026-06-20T14:00:00,2026-06-20T16:00:00,DK1,90.0,90.0,1.2,8.96952,20.0,20.0,0.03,0.224238
2026-06-20T13:00:00,2026-06-20T15:00:00,DK1,90.0,90.0,0.54,4.036284,20.0,20.0,0.03,0.224238
2026-06-20T12:00:00,2026-06-20T14:00:00,DK1,90.0,90.0,0.67,5.007982,20.0,20.0,0.03,0.224238
2026-06-20T11:00:00,2026-06-20T13:00:00,DK1,90.0,90.0,0.54,4.036284,20.0,20.0,0.03,0.224238
2026-06-20T10:00:00,2026-06-20T12:00:00,DK1,90.0,90.0,0.54,4.036284,20.0,20.0,0.03,0.224238
2026-06-20T09:00:00,2026-06-20T11:00:00,DK1,90.0,90.0,0.67,5.007982,20.0,20.0,0.03,0.224238
2026-06-20T08:00:00,2026-06-20T10:00:00,DK1,90.0,90.0,0.36,2.690856,20.0,20.0,0.03,0.224238
2026-06-20T07:00:00,2026-06-20T09:00:00,DK1,90.0,90.0,8.03,60.021038,20.0,20.0,0.03,0.224238
2026-06-20T06:00:00,2026-06-20T08:00:00,DK1,90.0,90.0,6.69,50.005074,20.0,20.0,0.03,0.224238
2026-06-20T05:00:00,2026-06-20T07:00:00,DK1,90.0,90.0,2.01,15.023946,20.0,20.0,0.03,0.224238
2026-06-20T04:00:00,2026-06-20T06:00:00,DK1,90.0,90.0,2.01,15.023946,20.0,20.0,0.03,0.224238
2026-06-20T03:00:00,2026-06-20T05:00:00,DK1,90.0,90.0,0.36,2.690856,20.0,20.0,0.03,0.224238
2026-06-20T02:00:00,2026-06-20T04:00:00,DK1,90.0,96.0,0.36,2.690856,20.0,20.0,0.03,0.224238
2026-06-20T01:00:00,2026-06-20T03:00:00,DK1,90.0,96.0,0.36,2.690856,20.0,20.0,0.03,0.224238
2026-06-20T00:00:00,2026-06-20T02:00:00,DK1,90.0,96.0,0.36,2.690856,20.0,20.0,0.03,0.224238
2026-06-19T23:00:00,2026-06-20T01:00:00,DK1,90.0,92.0,0.36,2.690856,20.0,20.0,0.03,0.224238
2026-06-19T22:00:00,2026-06-20T00:00:00,DK1,90.0,90.0,0.67,5.007982,20.0,20.0,0.03,0.224238
2026-06-19T21:00:00,2026-06-19T23:00:00,DK1,90.0,90.0,0.67,5.007982,20.0,20.0,0.03,0.224238
2026-06-19T20:00:00,2026-06-19T22:00:00,DK1,90.0,90.0,2.01,15.023946,20.0,20.0,0.03,0.224238
2026-06-19T19:00:00,2026-06-19T21:00:00,DK1,105.0,105.0,33.71,251.968766,20.0,20.0,0.03,0.224238
2026-06-19T18:00:00,2026-06-19T20:00:00,DK1,110.0,110.0,120.42,900.091332,20.0,20.0,0.03,0.224238
2026-06-19T17:00:00,2026-06-19T19:00:00,DK1,117.0,117.0,120.62,901.586252,20.0,20.0,0.1,0.74746
2026-06-19T16:00:00,2026-06-19T18:00:00,DK1,90.0,90.0,2.01,15.023946,20.0,20.0,0.03,0.224238
2026-06-19T15:00:00,2026-06-19T17:00:00,DK1,90.0,90.0,2.01,15.023946,20.0,20.0,0.03,0.224238
2026-06-19T14:00:00,2026-06-19T16:00:00,DK1,90.0,90.0,0.67,5.007982,20.0,20.0,0.03,0.224238
2026-06-19T13:00:00,2026-06-19T15:00:00,DK1,90.0,90.0,0.67,5.007982,20.0,20.0,0.03,0.224238
2026-06-19T12:00:00,2026-06-19T14:00:00,DK1,90.0,90.0,0.67,5.007982,20.0,20.0,0.03,0.224238
2026-06-19T11:00:00,2026-06-19T13:00:00,DK1,90.0,90.0,0.67,5.007982,20.0,20.0,0.03,0.224238
2026-06-19T10:00:00,2026-06-19T12:00:00,DK1,90.0,90.0,1.2,8.96952,20.0,20.0,0.03,0.224238
2026-06-19T09:00:00,2026-06-19T11:00:00,DK1,90.0,90.0,3.34,24.965164,20.0,20.0,0.03,0.224238
2026-06-19T08:00:00,2026-06-19T10:00:00,DK1,90.0,90.0,3.34,24.965164,20.0,20.0,0.03,0.224238
2026-06-19T07:00:00,2026-06-19T09:00:00,DK1,90.0,90.0,2.01,15.023946,20.0,20.0,0.03,0.224238
2026-06-19T06:00:00,2026-06-19T08:00:00,DK1,90.0,90.0,2.01,15.023946,20.0,20.0,0.03,0.224238
2026-06-19T05:00:00,2026-06-19T07:00:00,DK1,90.0,90.0,13.38,100.010148,20.0,20.0,0.03,0.224238
2026-06-19T04:00:00,2026-06-19T06:00:00,DK1,90.0,90.0,2.01,15.023946,20.0,20.0,0.03,0.224238
2026-06-19T03:00:00,2026-06-19T05:00:00,DK1,90.0,90.0,1.2,8.96952,20.0,20.0,0.03,0.224238
2026-06-19T02:00:00,2026-06-19T04:00:00,DK1,90.0,90.0,0.67,5.007982,20.0,20.0,0.03,0.224238
2026-06-19T01:00:00,2026-06-19T03:00:00,DK1,90.0,90.0,0.67,5.007982,20.0,20.0,0.03,0.224238
2026-06-19T00:00:00,2026-06-19T02:00:00,DK1,90.0,90.0,0.67,5.007982,20.0,20.0,0.03,0.224238
2026-06-18T23:00:00,2026-06-19T01:00:00,DK1,90.0,90.0,0.67,5.007982,20.0,20.0,0.03,0.224238
2026-06-18T22:00:00,2026-06-19T00:00:00,DK1,90.0,90.0,1.2,8.96952,20.0,20.0,0.03,0.224238
2026-06-18T21:00:00,2026-06-18T23:00:00,DK1,90.0,90.0,0.67,5.008049,20.0,20.0,0.03,0.224241
2026-06-18T20:00:00,2026-06-18T22:00:00,DK1,90.0,90.0,2.01,15.024147,20.0,20.0,0.03,0.224241
2026-06-18T19:00:00,2026-06-18T21:00:00,DK1,90.0,90.0,33.85,253.018595,20.0,20.0,0.03,0.224241
2026-06-18T18:00:00,2026-06-18T20:00:00,DK1,107.0,107.0,40.1,299.73547,20.0,20.0,0.03,0.224241
2026-06-18T17:00:00,2026-06-18T19:00:00,DK1,101.0,101.0,33.58,251.000426,20.0,20.0,0.03,0.224241
2026-06-18T16:00:00,2026-06-18T18:00:00,DK1,90.0,90.0,2.01,15.024147,20.0,20.0,0.03,0.224241
2026-06-18T15:00:00,2026-06-18T17:00:00,DK1,90.0,90.0,2.01,15.024147,20.0,20.0,0.03,0.224241
2026-06-18T14:00:00,2026-06-18T16:00:00,DK1,90.0,90.0,2.01,15.024147,20.0,20.0,0.03,0.224241
2026-06-18T13:00:00,2026-06-18T15:00:00,DK1,90.0,90.0,1.2,8.96964,20.0,20.0,0.03,0.224241
2026-06-18T12:00:00,2026-06-18T14:00:00,DK1,90.0,90.0,0.67,5.008049,20.0,20.0,0.03,0.224241
2026-06-18T11:00:00,2026-06-18T13:00:00,DK1,90.0,90.0,0.67,5.008049,20.0,20.0,0.03,0.224241
2026-06-18T10:00:00,2026-06-18T12:00:00,DK1,90.0,90.0,4.01,29.973547,20.0,20.0,0.03,0.224241
2026-06-18T09:00:00,2026-06-18T11:00:00,DK1,90.0,90.0,2.01,15.024147,20.0,20.0,0.03,0.224241
2026-06-18T08:00:00,2026-06-18T10:00:00,DK1,90.0,90.0,4.01,29.973547,20.0,20.0,0.03,0.224241
2026-06-18T07:00:00,2026-06-18T09:00:00,DK1,97.0,97.0,4.0,29.8988,20.0,20.0,0.03,0.224241
2026-06-18T06:00:00,2026-06-18T08:00:00,DK1,90.0,90.0,2.01,15.024147,20.0,20.0,0.03,0.224241
2026-06-18T05:00:00,2026-06-18T07:00:00,DK1,90.0,90.0,2.01,15.024147,20.0,20.0,0.03,0.224241
2026-06-18T04:00:00,2026-06-18T06:00:00,DK1,90.0,90.0,2.0,14.9494,20.0,20.0,0.03,0.224241
2026-06-18T03:00:00,2026-06-18T05:00:00,DK1,90.0,90.0,0.67,5.008049,20.0,20.0,0.03,0.224241
2026-06-18T02:00:00,2026-06-18T04:00:00,DK1,90.0,90.0,0.67,5.008049,20.0,20.0,0.03,0.224241
2026-06-18T01:00:00,2026-06-18T03:00:00,DK1,90.0,90.0,0.67,5.008049,20.0,20.0,0.03,0.224241
2026-06-18T00:00:00,2026-06-18T02:00:00,DK1,90.0,90.0,0.67,5.008049,20.0,20.0,0.03,0.224241
2026-06-17T23:00:00,2026-06-18T01:00:00,DK1,90.0,90.0,0.67,5.008049,20.0,20.0,0.03,0.224241
2026-06-17T22:00:00,2026-06-18T00:00:00,DK1,90.0,90.0,0.67,5.008049,20.0,20.0,0.03,0.224241
2026-06-17T21:00:00,2026-06-17T23:00:00,DK1,90.0,90.0,0.67,5.008183,20.0,20.0,0.03,0.224247
2026-06-17T20:00:00,2026-06-17T22:00:00,DK1,90.0,90.0,2.01,15.024549,20.0,20.0,0.03,0.224247
2026-06-17T19:00:00,2026-06-17T21:00:00,DK1,101.0,101.0,33.72,252.053628,20.0,20.0,0.03,0.224247
2026-06-17T18:00:00,2026-06-17T20:00:00,DK1,106.0,106.0,69.57,520.028793,20.0,20.0,0.03,0.224247
2026-06-17T17:00:00,2026-06-17T19:00:00,DK1,117.0,117.0,49.77,372.025773,20.0,20.0,0.03,0.224247
2026-06-17T16:00:00,2026-06-17T18:00:00,DK1,97.0,97.0,26.36,197.038364,20.0,20.0,0.03,0.224247
2026-06-17T15:00:00,2026-06-17T17:00:00,DK1,92.0,92.0,2.01,15.024549,20.0,20.0,0.03,0.224247
2026-06-17T14:00:00,2026-06-17T16:00:00,DK1,96.0,96.0,6.69,50.007081,20.0,20.0,0.03,0.224247
2026-06-17T13:00:00,2026-06-17T15:00:00,DK1,90.0,90.0,2.01,15.024549,20.0,20.0,0.03,0.224247
2026-06-17T12:00:00,2026-06-17T14:00:00,DK1,90.0,90.0,15.41,115.188209,20.0,20.0,0.03,0.224247
2026-06-17T11:00:00,2026-06-17T13:00:00,DK1,90.0,90.0,14.92,111.525508,20.0,20.0,0.03,0.224247
2026-06-17T10:00:00,2026-06-17T12:00:00,DK1,90.0,90.0,13.38,100.014162,20.0,20.0,0.03,0.224247
2026-06-17T09:00:00,2026-06-17T11:00:00,DK1,90.0,90.0,13.38,100.014162,20.0,20.0,0.03,0.224247
2026-06-17T08:00:00,2026-06-17T10:00:00,DK1,90.0,90.0,6.0,44.8494,20.0,20.0,0.03,0.224247
2026-06-17T07:00:00,2026-06-17T09:00:00,DK1,90.0,90.0,2.01,15.024549,20.0,20.0,0.03,0.224247
2026-06-17T06:00:00,2026-06-17T08:00:00,DK1,92.0,92.0,2.01,15.024549,20.0,20.0,0.03,0.224247
2026-06-17T05:00:00,2026-06-17T07:00:00,DK1,90.0,90.0,2.01,15.024549,20.0,20.0,0.03,0.224247
2026-06-17T04:00:00,2026-06-17T06:00:00,DK1,90.0,90.0,2.01,15.024549,20.0,20.0,0.03,0.224247
2026-06-17T03:00:00,2026-06-17T05:00:00,DK1,90.0,90.0,0.67,5.008183,20.0,20.0,0.03,0.224247
2026-06-17T02:00:00,2026-06-17T04:00:00,DK1,90.0,90.0,0.67,5.008183,20.0,20.0,0.03,0.224247
2026-06-17T01:00:00,2026-06-17T03:00:00,DK1,90.0,90.0,0.67,5.008183,20.0,20.0,0.03,0.224247
2026-06-17T00:00:00,2026-06-17T02:00:00,DK1,90.0,90.0,0.67,5.008183,20.0,20.0,0.03,0.224247
2026-06-16T23:00:00,2026-06-17T01:00:00,DK1,90.0,90.0,0.67,5.008183,20.0,20.0,0.03,0.224247
2026-06-16T22:00:00,2026-06-17T00:00:00,DK1,90.0,90.0,0.67,5.008183,20.0,20.0,0.03,0.224247
2026-06-16T21:00:00,2026-06-16T23:00:00,DK1,90.0,90.0,0.67,5.008049,20.0,20.0,0.03,0.224241
2026-06-16T20:00:00,2026-06-16T22:00:00,DK1,90.0,90.0,2.01,15.024147,20.0,20.0,0.03,0.224241
2026-06-16T19:00:00,2026-06-16T21:00:00,DK1,103.0,103.0,69.58,520.089626,20.0,20.0,0.03,0.224241
2026-06-16T18:00:00,2026-06-16T20:00:00,DK1,113.0,113.0,152.67,1141.162449,20.0,20.0,0.03,0.224241
2026-06-16T17:00:00,2026-06-16T19:00:00,DK1,115.0,115.0,132.11,987.482617,20.0,20.0,0.03,0.224241
2026-06-16T16:00:00,2026-06-16T18:00:00,DK1,90.0,90.0,2.01,15.024147,20.0,20.0,0.03,0.224241
2026-06-16T15:00:00,2026-06-16T17:00:00,DK1,90.0,90.0,2.01,15.024147,20.0,20.0,0.03,0.224241
2026-06-16T14:00:00,2026-06-16T16:00:00,DK1,90.0,90.0,2.94,21.975618,20.0,22.0,0.0,0.0
2026-06-16T13:00:00,2026-06-16T15:00:00,DK1,90.0,90.0,2.94,21.975618,20.0,20.0,0.03,0.224241
2026-06-16T12:00:00,2026-06-16T14:00:00,DK1,90.0,90.0,2.01,15.024147,20.0,20.0,0.03,0.224241
2026-06-16T11:00:00,2026-06-16T13:00:00,DK1,90.0,90.0,2.01,15.024147,20.0,20.0,0.03,0.224241
2026-06-16T10:00:00,2026-06-16T12:00:00,DK1,90.0,90.0,6.69,50.005743,20.0,20.0,0.03,0.224241
2026-06-16T09:00:00,2026-06-16T11:00:00,DK1,90.0,90.0,4.0,29.8988,20.0,20.0,0.03,0.224241
2026-06-16T08:00:00,2026-06-16T10:00:00,DK1,90.0,90.0,2.94,21.975618,20.0,20.0,0.03,0.224241
2026-06-16T07:00:00,2026-06-16T09:00:00,DK1,95.0,95.0,2.01,15.024147,20.0,20.0,0.03,0.224241
2026-06-16T06:00:00,2026-06-16T08:00:00,DK1,90.0,90.0,2.01,15.024147,20.0,20.0,0.03,0.224241
2026-06-16T05:00:00,2026-06-16T07:00:00,DK1,90.0,90.0,2.01,15.024147,20.0,20.0,0.03,0.224241
2026-06-16T04:00:00,2026-06-16T06:00:00,DK1,90.0,90.0,2.01,15.024147,20.0,20.0,0.03,0.224241
2026-06-16T03:00:00,2026-06-16T05:00:00,DK1,90.0,90.0,0.67,5.008049,20.0,20.0,0.03,0.224241
2026-06-16T02:00:00,2026-06-16T04:00:00,DK1,90.0,90.0,0.67,5.008049,20.0,20.0,0.03,0.224241
2026-06-16T01:00:00,2026-06-16T03:00:00,DK1,90.0,90.0,0.67,5.008049,20.0,20.0,0.03,0.224241
2026-06-16T00:00:00,2026-06-16T02:00:00,DK1,90.0,90.0,0.67,5.008049,20.0,20.0,0.03,0.224241
2026-06-15T23:00:00,2026-06-16T01:00:00,DK1,90.0,90.0,0.67,5.008049,20.0,20.0,0.03,0.224241
2026-06-15T22:00:00,2026-06-16T00:00:00,DK1,90.0,90.0,0.67,5.008049,20.0,20.0,0.03,0.224241
2026-06-15T21:00:00,2026-06-15T23:00:00,DK1,90.0,90.0,0.67,5.00758,20.0,20.0,0.01,0.07474
2026-06-15T20:00:00,2026-06-15T22:00:00,DK1,90.0,90.0,0.67,5.00758,20.0,20.0,0.01,0.07474
2026-06-15T19:00:00,2026-06-15T21:00:00,DK1,98.0,98.0,33.58,250.97692,20.0,20.0,0.01,0.07474
2026-06-15T18:00:00,2026-06-15T20:00:00,DK1,111.0,111.0,108.52,811.07848,20.0,20.0,0.01,0.07474
2026-06-15T17:00:00,2026-06-15T19:00:00,DK1,114.0,114.0,87.34,652.77916,20.0,20.0,0.01,0.07474
2026-06-15T16:00:00,2026-06-15T18:00:00,DK1,90.0,90.0,2.01,15.02274,20.0,20.0,0.01,0.07474
2026-06-15T15:00:00,2026-06-15T17:00:00,DK1,90.0,90.0,2.01,15.02274,20.0,20.0,0.01,0.07474
2026-06-15T14:00:00,2026-06-15T16:00:00,DK1,90.0,90.0,2.01,15.02274,20.0,20.0,0.03,0.22422
2026-06-15T13:00:00,2026-06-15T15:00:00,DK1,90.0,90.0,2.01,15.02274,20.0,20.0,0.03,0.22422
2026-06-15T12:00:00,2026-06-15T14:00:00,DK1,90.0,90.0,0.83,6.20342,20.0,20.0,0.03,0.22422
2026-06-15T11:00:00,2026-06-15T13:00:00,DK1,90.0,90.0,2.94,21.97356,20.0,20.0,0.03,0.22422
2026-06-15T10:00:00,2026-06-15T12:00:00,DK1,90.0,90.0,2.01,15.02274,20.0,20.0,0.03,0.22422
2026-06-15T09:00:00,2026-06-15T11:00:00,DK1,90.0,90.0,2.01,15.02274,20.0,20.0,0.03,0.22422
2026-06-15T08:00:00,2026-06-15T10:00:00,DK1,90.0,90.0,4.01,29.97074,20.0,20.0,0.03,0.22422
2026-06-15T07:00:00,2026-06-15T09:00:00,DK1,90.0,90.0,2.01,15.02274,20.0,20.0,0.03,0.22422
2026-06-15T06:00:00,2026-06-15T08:00:00,DK1,90.0,90.0,2.01,15.02274,20.0,20.0,0.03,0.22422
2026-06-15T05:00:00,2026-06-15T07:00:00,DK1,90.0,90.0,2.01,15.02274,20.0,20.0,0.03,0.22422
2026-06-15T04:00:00,2026-06-15T06:00:00,DK1,90.0,90.0,2.01,15.02274,20.0,20.0,0.03,0.22422
2026-06-15T03:00:00,2026-06-15T05:00:00,DK1,90.0,90.0,2.0,14.948,20.0,20.0,0.03,0.22422
2026-06-15T02:00:00,2026-06-15T04:00:00,DK1,90.0,90.0,2.01,15.02274,20.0,20.0,0.03,0.22422
2026-06-15T01:00:00,2026-06-15T03:00:00,DK1,90.0,90.0,0.67,5.00758,20.0,20.0,0.03,0.22422
2026-06-15T00:00:00,2026-06-15T02:00:00,DK1,90.0,90.0,0.67,5.00758,20.0,20.0,0.03,0.22422
2026-06-14T23:00:00,2026-06-15T01:00:00,DK1,90.0,90.0,0.67,5.00758,20.0,20.0,0.03,0.22422
2026-06-14T22:00:00,2026-06-15T00:00:00,DK1,90.0,90.0,0.67,5.00758,20.0,20.0,0.03,0.22422
2026-06-14T21:00:00,2026-06-14T23:00:00,DK1,90.0,90.0,0.67,5.007848,20.0,20.0,0.03,0.224232
2026-06-14T20:00:00,2026-06-14T22:00:00,DK1,90.0,90.0,2.01,15.023544,20.0,20.0,0.03,0.224232
2026-06-14T19:00:00,2026-06-14T21:00:00,DK1,90.0,90.0,9.3,69.51192,20.0,20.0,0.03,0.224232
2026-06-14T18:00:00,2026-06-14T20:00:00,DK1,115.0,115.0,56.03,418.790632,20.0,20.0,0.03,0.224232
2026-06-14T17:00:00,2026-06-14T19:00:00,DK1,90.0,90.0,6.0,44.8464,20.0,20.0,0.03,0.224232
2026-06-14T16:00:00,2026-06-14T18:00:00,DK1,90.0,90.0,2.01,15.023544,20.0,20.0,0.03,0.224232
2026-06-14T15:00:00,2026-06-14T17:00:00,DK1,90.0,90.0,0.67,5.007848,20.0,20.0,0.03,0.224232
2026-06-14T14:00:00,2026-06-14T16:00:00,DK1,90.0,90.0,0.67,5.007848,20.0,20.0,0.03,0.224232
2026-06-14T13:00:00,2026-06-14T15:00:00,DK1,90.0,90.0,0.54,4.036176,20.0,20.0,0.03,0.224232
2026-06-14T12:00:00,2026-06-14T14:00:00,DK1,90.0,90.0,0.67,5.007848,20.0,20.0,0.03,0.224232
2026-06-14T11:00:00,2026-06-14T13:00:00,DK1,90.0,90.0,0.54,4.036176,20.0,20.0,0.03,0.224232
2026-06-14T10:00:00,2026-06-14T12:00:00,DK1,90.0,90.0,0.54,4.036176,20.0,20.0,0.03,0.224232
2026-06-14T09:00:00,2026-06-14T11:00:00,DK1,90.0,90.0,0.67,5.007848,20.0,20.0,0.03,0.224232
2026-06-14T08:00:00,2026-06-14T10:00:00,DK1,90.0,90.0,0.67,5.007848,20.0,20.0,0.03,0.224232
2026-06-14T07:00:00,2026-06-14T09:00:00,DK1,90.0,90.0,0.54,4.036176,20.0,20.0,0.03,0.224232
2026-06-14T06:00:00,2026-06-14T08:00:00,DK1,90.0,90.0,0.67,5.007848,20.0,20.0,0.03,0.224232
2026-06-14T05:00:00,2026-06-14T07:00:00,DK1,90.0,90.0,0.67,5.007848,20.0,20.0,0.03,0.224232
2026-06-14T04:00:00,2026-06-14T06:00:00,DK1,90.0,90.0,0.67,5.007848,20.0,20.0,0.03,0.224232
2026-06-14T03:00:00,2026-06-14T05:00:00,DK1,90.0,90.0,2.01,15.023544,20.0,20.0,0.03,0.224232
2026-06-14T02:00:00,2026-06-14T04:00:00,DK1,90.0,90.0,0.67,5.007848,20.0,20.0,0.03,0.224232
2026-06-14T01:00:00,2026-06-14T03:00:00,DK1,90.0,90.0,0.67,5.007848,20.0,20.0,0.03,0.224232
2026-06-14T00:00:00,2026-06-14T02:00:00,DK1,90.0,90.0,0.67,5.007848,20.0,20.0,0.03,0.224232
2026-06-13T23:00:00,2026-06-14T01:00:00,DK1,90.0,90.0,3.88,29.000672,20.0,20.0,0.03,0.224232
2026-06-13T22:00:00,2026-06-14T00:00:00,DK1,90.0,90.0,2.01,15.023544,20.0,20.0,0.03,0.224232
2026-06-13T21:00:00,2026-06-13T23:00:00,DK1,90.0,90.0,0.67,5.007848,20.0,20.0,0.03,0.224232
2026-06-13T20:00:00,2026-06-13T22:00:00,DK1,90.0,90.0,2.01,15.023544,20.0,20.0,0.03,0.224232
2026-06-13T19:00:00,2026-06-13T21:00:00,DK1,92.0,92.0,26.89,200.986616,20.0,20.0,0.03,0.224232
2026-06-13T18:00:00,2026-06-13T20:00:00,DK1,95.0,95.0,27.02,201.958288,20.0,20.0,0.03,0.224232
2026-06-13T17:00:00,2026-06-13T19:00:00,DK1,90.0,90.0,6.0,44.8464,20.0,20.0,0.03,0.224232
2026-06-13T16:00:00,2026-06-13T18:00:00,DK1,90.0,90.0,0.67,5.007848,20.0,20.0,0.03,0.224232
2026-06-13T15:00:00,2026-06-13T17:00:00,DK1,90.0,90.0,0.67,5.007848,20.0,20.0,0.03,0.224232
2026-06-13T14:00:00,2026-06-13T16:00:00,DK1,90.0,90.0,0.67,5.007848,20.0,20.0,0.03,0.224232
2026-06-13T13:00:00,2026-06-13T15:00:00,DK1,90.0,90.0,0.67,5.007848,20.0,20.0,0.03,0.224232
2026-06-13T12:00:00,2026-06-13T14:00:00,DK1,90.0,90.0,0.67,5.007848,20.0,20.0,0.03,0.224232
2026-06-13T11:00:00,2026-06-13T13:00:00,DK1,90.0,90.0,0.67,5.007848,20.0,20.0,0.03,0.224232
2026-06-13T10:00:00,2026-06-13T12:00:00,DK1,90.0,90.0,0.54,4.036176,20.0,20.0,0.03,0.224232
2026-06-13T09:00:00,2026-06-13T11:00:00,DK1,90.0,90.0,0.54,4.036176,20.0,20.0,0.03,0.224232
2026-06-13T08:00:00,2026-06-13T10:00:00,DK1,90.0,90.0,0.54,4.036176,20.0,20.0,0.03,0.224232
2026-06-13T07:00:00,2026-06-13T09:00:00,DK1,90.0,90.0,0.67,5.007848,20.0,20.0,0.03,0.224232
2026-06-13T06:00:00,2026-06-13T08:00:00,DK1,90.0,90.0,0.67,5.007848,20.0,20.0,0.01,0.074744
2026-06-13T05:00:00,2026-06-13T07:00:00,DK1,90.0,90.0,2.01,15.023544,20.0,20.0,0.01,0.074744
2026-06-13T04:00:00,2026-06-13T06:00:00,DK1,90.0,90.0,6.69,50.003736,20.0,20.0,0.01,0.074744
2026-06-13T03:00:00,2026-06-13T05:00:00,DK1,90.0,90.0,2.01,15.023544,20.0,20.0,0.01,0.074744
2026-06-13T02:00:00,2026-06-13T04:00:00,DK1,90.0,90.0,0.67,5.007848,20.0,20.0,0.01,0.074744
2026-06-13T01:00:00,2026-06-13T03:00:00,DK1,90.0,90.0,0.67,5.007848,20.0,20.0,0.01,0.074744
2026-06-13T00:00:00,2026-06-13T02:00:00,DK1,90.0,90.0,0.67,5.007848,20.0,20.0,0.01,0.074744
2026-06-12T23:00:00,2026-06-13T01:00:00,DK1,90.0,90.0,0.67,5.007848,20.0,20.0,0.01,0.074744
2026-06-12T22:00:00,2026-06-13T00:00:00,DK1,90.0,90.0,2.0,14.9488,20.0,20.0,0.01,0.074744
2026-06-12T21:00:00,2026-06-12T23:00:00,DK1,90.0,90.0,0.67,5.007848,20.0,20.0,0.03,0.224232
2026-06-12T20:00:00,2026-06-12T22:00:00,DK1,90.0,90.0,2.01,15.023544,20.0,20.0,0.04,0.298976
2026-06-12T19:00:00,2026-06-12T21:00:00,DK1,110.0,110.0,26.89,200.986616,20.0,20.0,0.03,0.224232
2026-06-12T18:00:00,2026-06-12T20:00:00,DK1,112.0,112.0,28.32,211.675008,20.0,20.0,0.03,0.224232
2026-06-12T17:00:00,2026-06-12T19:00:00,DK1,117.0,117.0,27.02,201.958288,20.0,20.0,0.03,0.224232
2026-06-12T16:00:00,2026-06-12T18:00:00,DK1,96.0,96.0,11.48,85.806112,20.0,20.0,0.03,0.224232
2026-06-12T15:00:00,2026-06-12T17:00:00,DK1,90.0,90.0,2.01,15.023544,20.0,20.0,0.03,0.224232
2026-06-12T14:00:00,2026-06-12T16:00:00,DK1,90.0,90.0,2.01,15.023544,20.0,20.0,0.03,0.224232
2026-06-12T13:00:00,2026-06-12T15:00:00,DK1,90.0,90.0,0.74,5.531056,20.0,20.0,0.03,0.224232
2026-06-12T12:00:00,2026-06-12T14:00:00,DK1,90.0,90.0,0.67,5.007848,20.0,20.0,0.03,0.224232
2026-06-12T11:00:00,2026-06-12T13:00:00,DK1,90.0,90.0,2.01,15.023544,20.0,20.0,0.03,0.224232
2026-06-12T10:00:00,2026-06-12T12:00:00,DK1,90.0,90.0,2.01,15.023544,20.0,20.0,0.03,0.224232
2026-06-12T09:00:00,2026-06-12T11:00:00,DK1,90.0,90.0,2.01,15.023544,20.0,20.0,0.03,0.224232
2026-06-12T08:00:00,2026-06-12T10:00:00,DK1,90.0,90.0,2.01,15.023544,20.0,20.0,0.03,0.224232
2026-06-12T07:00:00,2026-06-12T09:00:00,DK1,90.0,90.0,2.01,15.023544,20.0,20.0,0.03,0.224232
2026-06-12T06:00:00,2026-06-12T08:00:00,DK1,90.0,90.0,2.01,15.023544,20.0,20.0,0.03,0.224232
2026-06-12T05:00:00,2026-06-12T07:00:00,DK1,90.0,90.0,2.01,15.023544,20.0,20.0,0.03,0.224232
2026-06-12T04:00:00,2026-06-12T06:00:00,DK1,90.0,90.0,2.27,16.966888,20.0,20.0,0.03,0.224232
2026-06-12T03:00:00,2026-06-12T05:00:00,DK1,90.0,90.0,0.67,5.007848,20.0,20.0,0.03,0.224232
2026-06-12T02:00:00,2026-06-12T04:00:00,DK1,90.0,90.0,0.67,5.007848,20.0,20.0,0.03,0.224232
2026-06-12T01:00:00,2026-06-12T03:00:00,DK1,90.0,90.0,0.67,5.007848,20.0,20.0,0.03,0.224232
2026-06-12T00:00:00,2026-06-12T02:00:00,DK1,90.0,90.0,0.67,5.007848,20.0,20.0,0.03,0.224232
2026-06-11T23:00:00,2026-06-12T01:00:00,DK1,90.0,90.0,0.67,5.007848,20.0,20.0,0.03,0.224232
2026-06-11T22:00:00,2026-06-12T00:00:00,DK1,90.0,90.0,0.67,5.007848,20.0,20.0,0.03,0.224232
2026-06-11T21:00:00,2026-06-11T23:00:00,DK1,90.0,90.0,0.67,5.007781,20.0,21.0,0.03,0.224229
2026-06-11T20:00:00,2026-06-11T22:00:00,DK1,90.0,90.0,2.01,15.023343,20.0,21.0,0.03,0.224229
2026-06-11T19:00:00,2026-06-11T21:00:00,DK1,99.0,99.0,9.4,70.25842,20.0,21.0,0.03,0.224229
2026-06-11T18:00:00,2026-06-11T20:00:00,DK1,113.0,113.0,26.89,200.983927,20.0,21.0,0.03,0.224229
2026-06-11T17:00:00,2026-06-11T19:00:00,DK1,115.0,115.0,69.58,520.061794,20.0,21.0,0.03,0.224229
2026-06-11T16:00:00,2026-06-11T18:00:00,DK1,90.0,90.0,2.01,15.023343,20.0,21.0,0.03,0.224229
2026-06-11T15:00:00,2026-06-11T17:00:00,DK1,90.0,90.0,2.01,15.023343,20.0,20.0,0.03,0.224229
2026-06-11T14:00:00,2026-06-11T16:00:00,DK1,90.0,90.0,0.67,5.007781,20.0,20.0,0.03,0.224229
2026-06-11T13:00:00,2026-06-11T15:00:00,DK1,90.0,90.0,0.67,5.007781,20.0,20.0,0.03,0.224229
2026-06-11T12:00:00,2026-06-11T14:00:00,DK1,90.0,90.0,0.67,5.007781,20.0,20.0,0.03,0.224229
2026-06-11T11:00:00,2026-06-11T13:00:00,DK1,90.0,90.0,0.67,5.007781,20.0,20.0,0.03,0.224229
2026-06-11T10:00:00,2026-06-11T12:00:00,DK1,90.0,90.0,0.67,5.007781,20.0,20.0,0.03,0.224229
2026-06-11T09:00:00,2026-06-11T11:00:00,DK1,90.0,90.0,2.01,15.023343,20.0,20.0,0.03,0.224229
2026-06-11T08:00:00,2026-06-11T10:00:00,DK1,90.0,90.0,2.94,21.974442,20.0,20.0,0.03,0.224229
2026-06-11T07:00:00,2026-06-11T09:00:00,DK1,90.0,90.0,5.35,39.987505,20.0,20.0,0.03,0.224229
2026-06-11T06:00:00,2026-06-11T08:00:00,DK1,90.0,90.0,2.01,15.023343,20.0,20.0,0.03,0.224229
2026-06-11T05:00:00,2026-06-11T07:00:00,DK1,90.0,90.0,2.01,15.023343,20.0,20.0,0.03,0.224229
2026-06-11T04:00:00,2026-06-11T06:00:00,DK1,90.0,90.0,2.01,15.023343,20.0,20.0,0.03,0.224229
2026-06-11T03:00:00,2026-06-11T05:00:00,DK1,90.0,90.0,2.0,14.9486,20.0,20.0,0.03,0.224229
2026-06-11T02:00:00,2026-06-11T04:00:00,DK1,90.0,90.0,0.67,5.007781,20.0,20.0,0.03,0.224229
2026-06-11T01:00:00,2026-06-11T03:00:00,DK1,90.0,90.0,0.67,5.007781,20.0,20.0,0.03,0.224229
2026-06-11T00:00:00,2026-06-11T02:00:00,DK1,90.0,90.0,0.67,5.007781,20.0,20.0,0.03,0.224229
2026-06-10T23:00:00,2026-06-11T01:00:00,DK1,90.0,90.0,0.67,5.007781,20.0,20.0,0.03,0.224229
2026-06-10T22:00:00,2026-06-11T00:00:00,DK1,90.0,90.0,0.67,5.007781,20.0,20.0,0.03,0.224229
2026-06-10T21:00:00,2026-06-10T23:00:00,DK1,90.0,90.0,0.67,5.007915,20.0,20.0,0.03,0.224235
2026-06-10T20:00:00,2026-06-10T22:00:00,DK1,90.0,90.0,2.01,15.023745,20.0,20.0,0.03,0.224235
2026-06-10T19:00:00,2026-06-10T21:00:00,DK1,93.0,93.0,27.16,203.00742,20.0,20.0,0.03,0.224235
2026-06-10T18:00:00,2026-06-10T20:00:00,DK1,123.0,123.0,173.93,1300.039785,20.0,20.0,0.03,0.224235
2026-06-10T17:00:00,2026-06-10T19:00:00,DK1,108.0,108.0,77.21,577.106145,20.0,20.0,0.03,0.224235
2026-06-10T16:00:00,2026-06-10T18:00:00,DK1,90.0,90.0,2.01,15.023745,20.0,20.0,0.03,0.224235
2026-06-10T15:00:00,2026-06-10T17:00:00,DK1,90.0,90.0,2.01,15.023745,20.0,20.0,0.03,0.224235
2026-06-10T14:00:00,2026-06-10T16:00:00,DK1,90.0,90.0,2.01,15.023745,20.0,20.0,0.03,0.224235
2026-06-10T13:00:00,2026-06-10T15:00:00,DK1,90.0,90.0,2.01,15.023745,20.0,20.0,0.03,0.224235
2026-06-10T12:00:00,2026-06-10T14:00:00,DK1,90.0,90.0,2.01,15.023745,20.0,20.0,0.03,0.224235
2026-06-10T11:00:00,2026-06-10T13:00:00,DK1,90.0,90.0,2.01,15.023745,20.0,20.0,0.03,0.224235
2026-06-10T10:00:00,2026-06-10T12:00:00,DK1,90.0,90.0,2.01,15.023745,20.0,20.0,0.03,0.224235
2026-06-10T09:00:00,2026-06-10T11:00:00,DK1,90.0,90.0,2.01,15.023745,20.0,20.0,0.03,0.224235
2026-06-10T08:00:00,2026-06-10T10:00:00,DK1,90.0,90.0,2.01,15.023745,20.0,20.0,0.03,0.224235
2026-06-10T07:00:00,2026-06-10T09:00:00,DK1,90.0,90.0,2.01,15.023745,20.0,20.0,0.03,0.224235
2026-06-10T06:00:00,2026-06-10T08:00:00,DK1,90.0,90.0,2.01,15.023745,20.0,20.0,0.03,0.224235
2026-06-10T05:00:00,2026-06-10T07:00:00,DK1,90.0,90.0,2.01,15.023745,20.0,20.0,0.03,0.224235
2026-06-10T04:00:00,2026-06-10T06:00:00,DK1,90.0,90.0,6.1,45.59445,20.0,20.0,0.03,0.224235
2026-06-10T03:00:00,2026-06-10T05:00:00,DK1,90.0,90.0,2.01,15.023745,20.0,20.0,0.03,0.224235
2026-06-10T02:00:00,2026-06-10T04:00:00,DK1,90.0,90.0,0.67,5.007915,20.0,20.0,0.03,0.224235
2026-06-10T01:00:00,2026-06-10T03:00:00,DK1,90.0,90.0,0.67,5.007915,20.0,20.0,0.03,0.224235
2026-06-10T00:00:00,2026-06-10T02:00:00,DK1,90.0,90.0,0.67,5.007915,20.0,20.0,0.03,0.224235
2026-06-09T23:00:00,2026-06-10T01:00:00,DK1,90.0,90.0,0.67,5.007915,20.0,20.0,0.03,0.224235
2026-06-09T22:00:00,2026-06-10T00:00:00,DK1,90.0,90.0,0.67,5.007915,20.0,20.0,0.03,0.224235
2026-06-09T21:00:00,2026-06-09T23:00:00,DK1,90.0,90.0,0.67,5.007714,20.0,20.0,0.03,0.224226
2026-06-09T20:00:00,2026-06-09T22:00:00,DK1,90.0,90.0,2.01,15.023142,20.0,20.0,0.03,0.224226
2026-06-09T19:00:00,2026-06-09T21:00:00,DK1,104.0,104.0,55.0,411.081,20.0,20.0,0.03,0.224226
2026-06-09T18:00:00,2026-06-09T20:00:00,DK1,121.0,121.0,73.59,550.026378,20.0,20.0,0.03,0.224226
2026-06-09T17:00:00,2026-06-09T19:00:00,DK1,95.0,95.0,20.0,149.484,20.0,20.0,0.03,0.224226
2026-06-09T16:00:00,2026-06-09T18:00:00,DK1,90.0,90.0,2.01,15.023142,20.0,20.0,0.03,0.224226
2026-06-09T15:00:00,2026-06-09T17:00:00,DK1,90.0,90.0,2.01,15.023142,20.0,20.0,0.03,0.224226
2026-06-09T14:00:00,2026-06-09T16:00:00,DK1,90.0,90.0,0.67,5.007714,20.0,20.0,0.03,0.224226
2026-06-09T13:00:00,2026-06-09T15:00:00,DK1,90.0,90.0,0.67,5.007714,20.0,20.0,0.03,0.224226
2026-06-09T12:00:00,2026-06-09T14:00:00,DK1,90.0,90.0,0.67,5.007714,20.0,20.0,0.03,0.224226
2026-06-09T11:00:00,2026-06-09T13:00:00,DK1,90.0,90.0,2.01,15.023142,20.0,20.0,0.03,0.224226
2026-06-09T10:00:00,2026-06-09T12:00:00,DK1,90.0,90.0,2.01,15.023142,20.0,20.0,0.03,0.224226
2026-06-09T09:00:00,2026-06-09T11:00:00,DK1,90.0,90.0,2.01,15.023142,20.0,20.0,0.03,0.224226
2026-06-09T08:00:00,2026-06-09T10:00:00,DK1,90.0,90.0,13.38,100.004796,20.0,20.0,0.03,0.224226
2026-06-09T07:00:00,2026-06-09T09:00:00,DK1,90.0,90.0,6.0,44.8452,20.0,20.0,0.03,0.224226
2026-06-09T06:00:00,2026-06-09T08:00:00,DK1,90.0,90.0,6.0,44.8452,20.0,20.0,0.03,0.224226
2026-06-09T05:00:00,2026-06-09T07:00:00,DK1,90.0,90.0,20.0,149.484,20.0,20.0,0.03,0.224226
2026-06-09T04:00:00,2026-06-09T06:00:00,DK1,90.0,90.0,26.76,200.009592,20.0,20.0,0.03,0.224226
2026-06-09T03:00:00,2026-06-09T05:00:00,DK1,90.0,90.0,2.01,15.023142,20.0,20.0,0.03,0.224226
2026-06-09T02:00:00,2026-06-09T04:00:00,DK1,90.0,90.0,0.67,5.007714,20.0,20.0,0.03,0.224226
2026-06-09T01:00:00,2026-06-09T03:00:00,DK1,90.0,90.0,0.67,5.007714,20.0,20.0,0.03,0.224226
2026-06-09T00:00:00,2026-06-09T02:00:00,DK1,90.0,90.0,0.67,5.007714,20.0,20.0,0.03,0.224226
2026-06-08T23:00:00,2026-06-09T01:00:00,DK1,90.0,90.0,0.67,5.007714,20.0,20.0,0.03,0.224226
2026-06-08T22:00:00,2026-06-09T00:00:00,DK1,90.0,90.0,0.67,5.007714,20.0,20.0,0.03,0.224226
2026-06-08T21:00:00,2026-06-08T23:00:00,DK1,90.0,90.0,0.67,5.00758,20.0,20.0,0.03,0.22422
2026-06-08T20:00:00,2026-06-08T22:00:00,DK1,90.0,90.0,2.01,15.02274,20.0,20.0,0.03,0.22422
2026-06-08T19:00:00,2026-06-08T21:00:00,DK1,94.0,94.0,27.03,202.02222,20.0,20.0,0.03,0.22422
2026-06-08T18:00:00,2026-06-08T20:00:00,DK1,112.0,112.0,27.16,202.99384,20.0,20.0,0.03,0.22422
2026-06-08T17:00:00,2026-06-08T19:00:00,DK1,118.0,118.0,152.14,1137.09436,20.0,20.0,0.03,0.22422
2026-06-08T16:00:00,2026-06-08T18:00:00,DK1,92.0,92.0,2.01,15.02274,20.0,20.0,0.03,0.22422
2026-06-08T15:00:00,2026-06-08T17:00:00,DK1,90.0,90.0,2.01,15.02274,20.0,20.0,0.03,0.22422
2026-06-08T14:00:00,2026-06-08T16:00:00,DK1,90.0,90.0,2.01,15.02274,20.0,20.0,0.03,0.22422
2026-06-08T13:00:00,2026-06-08T15:00:00,DK1,90.0,90.0,2.01,15.02274,20.0,20.0,0.03,0.22422
2026-06-08T12:00:00,2026-06-08T14:00:00,DK1,90.0,90.0,2.01,15.02274,20.0,20.0,0.03,0.22422
2026-06-08T11:00:00,2026-06-08T13:00:00,DK1,90.0,90.0,2.01,15.02274,20.0,20.0,0.03,0.22422
2026-06-08T10:00:00,2026-06-08T12:00:00,DK1,90.0,90.0,2.01,15.02274,20.0,20.0,0.03,0.22422
2026-06-08T09:00:00,2026-06-08T11:00:00,DK1,90.0,90.0,2.01,15.02274,20.0,20.0,0.03,0.22422
2026-06-08T08:00:00,2026-06-08T10:00:00,DK1,90.0,90.0,2.01,15.02274,20.0,20.0,0.03,0.22422
2026-06-08T07:00:00,2026-06-08T09:00:00,DK1,97.0,97.0,6.69,50.00106,20.0,20.0,0.03,0.22422
2026-06-08T06:00:00,2026-06-08T08:00:00,DK1,90.0,90.0,2.01,15.02274,20.0,20.0,0.03,0.22422
2026-06-08T05:00:00,2026-06-08T07:00:00,DK1,90.0,90.0,2.01,15.02274,20.0,20.0,0.03,0.22422
2026-06-08T04:00:00,2026-06-08T06:00:00,DK1,90.0,90.0,53.52,400.00848,20.0,20.0,0.03,0.22422
2026-06-08T03:00:00,2026-06-08T05:00:00,DK1,90.0,90.0,2.01,15.02274,20.0,20.0,0.03,0.22422
2026-06-08T02:00:00,2026-06-08T04:00:00,DK1,90.0,90.0,2.0,14.948,20.0,20.0,0.03,0.22422
2026-06-08T01:00:00,2026-06-08T03:00:00,DK1,90.0,90.0,0.67,5.00758,20.0,20.0,0.03,0.22422
2026-06-08T00:00:00,2026-06-08T02:00:00,DK1,90.0,90.0,0.67,5.00758,20.0,20.0,0.03,0.22422
2026-06-07T23:00:00,2026-06-08T01:00:00,DK1,90.0,90.0,0.67,5.00758,20.0,20.0,0.03,0.22422
2026-06-07T22:00:00,2026-06-08T00:00:00,DK1,90.0,90.0,0.67,5.00758,20.0,20.0,0.03,0.22422
2026-06-07T21:00:00,2026-06-07T23:00:00,DK1,90.0,90.0,0.67,5.007714,20.0,20.0,0.03,0.224226
2026-06-07T20:00:00,2026-06-07T22:00:00,DK1,90.0,90.0,0.67,5.007714,20.0,20.0,0.03,0.224226
2026-06-07T19:00:00,2026-06-07T21:00:00,DK1,103.0,103.0,20.0,149.484,20.0,20.0,0.03,0.224226
2026-06-07T18:00:00,2026-06-07T20:00:00,DK1,116.0,116.0,52.85,395.01147,20.0,20.0,0.03,0.224226
2026-06-07T17:00:00,2026-06-07T19:00:00,DK1,109.0,109.0,69.58,520.054836,20.0,20.0,0.03,0.224226
2026-06-07T16:00:00,2026-06-07T18:00:00,DK1,107.0,107.0,2.01,15.023142,20.0,20.0,0.03,0.224226
2026-06-07T15:00:00,2026-06-07T17:00:00,DK1,90.0,90.0,2.01,15.023142,20.0,20.0,0.03,0.224226
2026-06-07T14:00:00,2026-06-07T16:00:00,DK1,90.0,90.0,0.54,4.036068,20.0,20.0,0.03,0.224226
2026-06-07T13:00:00,2026-06-07T15:00:00,DK1,90.0,90.0,0.23,1.719066,20.0,20.0,0.03,0.224226
2026-06-07T12:00:00,2026-06-07T14:00:00,DK1,90.0,90.0,0.2,1.49484,20.0,20.0,0.03,0.224226
2026-06-07T11:00:00,2026-06-07T13:00:00,DK1,90.0,90.0,0.2,1.49484,20.0,20.0,0.03,0.224226
2026-06-07T10:00:00,2026-06-07T12:00:00,DK1,90.0,90.0,0.67,5.007714,20.0,20.0,0.03,0.224226
2026-06-07T09:00:00,2026-06-07T11:00:00,DK1,90.0,90.0,0.67,5.007714,20.0,20.0,0.03,0.224226
2026-06-07T08:00:00,2026-06-07T10:00:00,DK1,90.0,90.0,0.67,5.007714,20.0,20.0,0.03,0.224226
2026-06-07T07:00:00,2026-06-07T09:00:00,DK1,90.0,90.0,0.67,5.007714,20.0,20.0,0.03,0.224226
2026-06-07T06:00:00,2026-06-07T08:00:00,DK1,90.0,90.0,2.01,15.023142,20.0,20.0,0.03,0.224226
2026-06-07T05:00:00,2026-06-07T07:00:00,DK1,90.0,90.0,2.01,15.023142,20.0,20.0,0.03,0.224226
2026-06-07T04:00:00,2026-06-07T06:00:00,DK1,90.0,90.0,2.01,15.023142,20.0,20.0,0.03,0.224226
2026-06-07T03:00:00,2026-06-07T05:00:00,DK1,90.0,90.0,2.0,14.9484,20.0,20.0,0.03,0.224226
2026-06-07T02:00:00,2026-06-07T04:00:00,DK1,90.0,90.0,0.67,5.007714,20.0,20.0,0.03,0.224226
2026-06-07T01:00:00,2026-06-07T03:00:00,DK1,90.0,90.0,0.67,5.007714,20.0,20.0,0.03,0.224226
2026-06-07T00:00:00,2026-06-07T02:00:00,DK1,90.0,90.0,0.67,5.007714,20.0,20.0,0.03,0.224226
2026-06-06T23:00:00,2026-06-07T01:00:00,DK1,90.0,90.0,0.67,5.007714,20.0,20.0,0.03,0.224226
2026-06-06T22:00:00,2026-06-07T00:00:00,DK1,90.0,90.0,2.01,15.023142,20.0,20.0,0.03,0.224226
2026-06-06T21:00:00,2026-06-06T23:00:00,DK1,90.0,90.0,2.01,15.023142,20.0,20.0,0.03,0.224226
2026-06-06T20:00:00,2026-06-06T22:00:00,DK1,90.0,90.0,4.0,29.8968,20.0,20.0,0.03,0.224226
2026-06-06T19:00:00,2026-06-06T21:00:00,DK1,101.0,101.0,73.59,550.026378,20.0,20.0,0.03,0.224226
2026-06-06T18:00:00,2026-06-06T20:00:00,DK1,112.0,112.0,12.84,95.968728,20.0,20.0,0.03,0.224226
2026-06-06T17:00:00,2026-06-06T19:00:00,DK1,111.0,111.0,90.32,675.069744,20.0,20.0,0.03,0.224226
2026-06-06T16:00:00,2026-06-06T18:00:00,DK1,92.0,92.0,2.01,15.023142,20.0,20.0,0.03,0.224226
2026-06-06T15:00:00,2026-06-06T17:00:00,DK1,90.0,90.0,3.35,25.03857,20.0,20.0,0.03,0.224226
2026-06-06T14:00:00,2026-06-06T16:00:00,DK1,90.0,90.0,2.01,15.023142,20.0,20.0,0.03,0.224226
2026-06-06T13:00:00,2026-06-06T15:00:00,DK1,90.0,90.0,0.67,5.007714,20.0,20.0,0.03,0.224226
2026-06-06T12:00:00,2026-06-06T14:00:00,DK1,90.0,90.0,1.96,14.649432,20.0,20.0,0.03,0.224226
2026-06-06T11:00:00,2026-06-06T13:00:00,DK1,90.0,90.0,0.67,5.007714,20.0,20.0,0.03,0.224226
2026-06-06T10:00:00,2026-06-06T12:00:00,DK1,90.0,90.0,0.67,5.007714,20.0,20.0,0.03,0.224226
2026-06-06T09:00:00,2026-06-06T11:00:00,DK1,90.0,90.0,3.35,25.03857,20.0,20.0,0.03,0.224226
2026-06-06T08:00:00,2026-06-06T10:00:00,DK1,90.0,90.0,2.01,15.023142,20.0,20.0,0.03,0.224226
2026-06-06T07:00:00,2026-06-06T09:00:00,DK1,90.0,90.0,2.01,15.023142,20.0,20.0,0.03,0.224226
2026-06-06T06:00:00,2026-06-06T08:00:00,DK1,90.0,90.0,12.27,91.708434,20.0,20.0,0.03,0.224226
2026-06-06T05:00:00,2026-06-06T07:00:00,DK1,90.0,90.0,2.01,15.023142,20.0,20.0,0.03,0.224226
2026-06-06T04:00:00,2026-06-06T06:00:00,DK1,90.0,90.0,2.01,15.023142,20.0,20.0,0.03,0.224226
2026-06-06T03:00:00,2026-06-06T05:00:00,DK1,90.0,90.0,2.01,15.023142,20.0,20.0,0.03,0.224226
2026-06-06T02:00:00,2026-06-06T04:00:00,DK1,90.0,90.0,2.0,14.9484,20.0,20.0,0.03,0.224226
2026-06-06T01:00:00,2026-06-06T03:00:00,DK1,90.0,90.0,0.67,5.007714,20.0,20.0,0.03,0.224226
2026-06-06T00:00:00,2026-06-06T02:00:00,DK1,90.0,90.0,0.67,5.007714,20.0,20.0,0.03,0.224226
2026-06-05T23:00:00,2026-06-06T01:00:00,DK1,90.0,90.0,0.67,5.007714,20.0,20.0,0.03,0.224226
2026-06-05T22:00:00,2026-06-06T00:00:00,DK1,90.0,90.0,0.67,5.007714,20.0,20.0,0.03,0.224226
2026-06-05T21:00:00,2026-06-05T23:00:00,DK1,90.0,90.0,0.67,5.007714,20.0,20.0,0.03,0.224226
2026-06-05T20:00:00,2026-06-05T22:00:00,DK1,90.0,90.0,2.01,15.023142,20.0,20.0,0.03,0.224226
2026-06-05T19:00:00,2026-06-05T21:00:00,DK1,100.0,100.0,15.4,115.10268,20.0,20.0,0.03,0.224226
2026-06-05T18:00:00,2026-06-05T20:00:00,DK1,116.0,116.0,145.73,1089.215166,20.0,20.0,0.03,0.224226
2026-06-05T17:00:00,2026-06-05T19:00:00,DK1,110.0,110.0,66.9,500.02398,20.0,20.0,0.03,0.224226
2026-06-05T16:00:00,2026-06-05T18:00:00,DK1,90.0,90.0,2.01,15.023142,20.0,20.0,0.03,0.224226
2026-06-05T15:00:00,2026-06-05T17:00:00,DK1,90.0,90.0,2.01,15.023142,20.0,20.0,0.03,0.224226
2026-06-05T14:00:00,2026-06-05T16:00:00,DK1,90.0,90.0,1.47,10.987074,20.0,20.0,0.03,0.224226
2026-06-05T13:00:00,2026-06-05T15:00:00,DK1,90.0,90.0,0.67,5.007714,20.0,20.0,0.03,0.224226
2026-06-05T12:00:00,2026-06-05T14:00:00,DK1,90.0,90.0,0.67,5.007714,20.0,20.0,0.03,0.224226
2026-06-05T11:00:00,2026-06-05T13:00:00,DK1,90.0,90.0,0.67,5.007714,20.0,20.0,0.03,0.224226
2026-06-05T10:00:00,2026-06-05T12:00:00,DK1,90.0,90.0,0.67,5.007714,20.0,20.0,0.03,0.224226
2026-06-05T09:00:00,2026-06-05T11:00:00,DK1,90.0,90.0,0.67,5.007714,20.0,20.0,0.03,0.224226
2026-06-05T08:00:00,2026-06-05T10:00:00,DK1,90.0,90.0,1.07,7.997394,20.0,20.0,0.03,0.224226
2026-06-05T07:00:00,2026-06-05T09:00:00,DK1,90.0,90.0,2.01,15.023142,20.0,20.0,0.03,0.224226
2026-06-05T06:00:00,2026-06-05T08:00:00,DK1,90.0,90.0,2.01,15.023142,20.0,20.0,0.03,0.224226
2026-06-05T05:00:00,2026-06-05T07:00:00,DK1,90.0,90.0,2.01,15.023142,20.0,20.0,0.03,0.224226
2026-06-05T04:00:00,2026-06-05T06:00:00,DK1,90.0,90.0,2.01,15.023142,20.0,20.0,0.03,0.224226
2026-06-05T03:00:00,2026-06-05T05:00:00,DK1,90.0,90.0,0.67,5.007714,20.0,20.0,0.03,0.224226
2026-06-05T02:00:00,2026-06-05T04:00:00,DK1,90.0,90.0,0.67,5.007714,20.0,20.0,0.03,0.224226
2026-06-05T01:00:00,2026-06-05T03:00:00,DK1,90.0,90.0,0.67,5.007714,20.0,20.0,0.03,0.224226
2026-06-05T00:00:00,2026-06-05T02:00:00,DK1,90.0,90.0,0.67,5.007714,20.0,20.0,0.03,0.224226
2026-06-04T23:00:00,2026-06-05T01:00:00,DK1,90.0,90.0,0.67,5.007714,20.0,20.0,0.03,0.224226
2026-06-04T22:00:00,2026-06-05T00:00:00,DK1,90.0,90.0,2.01,15.023142,20.0,20.0,0.03,0.224226
2026-06-04T21:00:00,2026-06-04T23:00:00,DK1,90.0,90.0,2.94,21.974148,20.0,20.0,0.03,0.224226
2026-06-04T20:00:00,2026-06-04T22:00:00,DK1,90.0,90.0,2.01,15.023142,20.0,20.0,0.03,0.224226
2026-06-04T19:00:00,2026-06-04T21:00:00,DK1,96.0,96.0,11.77,87.971334,20.0,20.0,0.03,0.224226
2026-06-04T18:00:00,2026-06-04T20:00:00,DK1,113.0,113.0,13.38,100.004796,20.0,21.0,0.03,0.224226
2026-06-04T17:00:00,2026-06-04T19:00:00,DK1,108.0,108.0,10.3,76.98426,20.0,20.0,0.03,0.224226
2026-06-04T16:00:00,2026-06-04T18:00:00,DK1,90.0,90.0,2.01,15.023142,20.0,20.0,0.03,0.224226
2026-06-04T15:00:00,2026-06-04T17:00:00,DK1,90.0,90.0,6.69,50.002398,20.0,20.0,0.03,0.224226
2026-06-04T14:00:00,2026-06-04T16:00:00,DK1,90.0,90.0,1.07,7.997394,20.0,20.0,0.03,0.224226
2026-06-04T13:00:00,2026-06-04T15:00:00,DK1,90.0,90.0,0.67,5.007714,20.0,20.0,0.03,0.224226
2026-06-04T12:00:00,2026-06-04T14:00:00,DK1,90.0,90.0,0.67,5.007714,20.0,20.0,0.03,0.224226
2026-06-04T11:00:00,2026-06-04T13:00:00,DK1,90.0,90.0,0.67,5.007714,20.0,20.0,0.03,0.224226
2026-06-04T10:00:00,2026-06-04T12:00:00,DK1,90.0,90.0,0.67,5.007714,20.0,20.0,0.03,0.224226
2026-06-04T09:00:00,2026-06-04T11:00:00,DK1,90.0,90.0,0.67,5.007714,20.0,20.0,0.03,0.224226
2026-06-04T08:00:00,2026-06-04T10:00:00,DK1,90.0,90.0,0.67,5.007714,20.0,20.0,0.03,0.224226
2026-06-04T07:00:00,2026-06-04T09:00:00,DK1,90.0,90.0,2.58,19.283436,20.0,20.0,0.03,0.224226
2026-06-04T06:00:00,2026-06-04T08:00:00,DK1,90.0,90.0,2.01,15.023142,20.0,20.0,0.03,0.224226
2026-06-04T05:00:00,2026-06-04T07:00:00,DK1,90.0,90.0,2.01,15.023142,20.0,20.0,0.03,0.224226
2026-06-04T04:00:00,2026-06-04T06:00:00,DK1,90.0,90.0,2.01,15.023142,20.0,20.0,0.01,0.074742
2026-06-04T03:00:00,2026-06-04T05:00:00,DK1,90.0,90.0,0.67,5.007714,20.0,20.0,0.01,0.074742
2026-06-04T02:00:00,2026-06-04T04:00:00,DK1,90.0,90.0,1.07,7.997394,20.0,20.0,0.01,0.074742
2026-06-04T01:00:00,2026-06-04T03:00:00,DK1,90.0,90.0,1.07,7.997394,20.0,20.0,0.01,0.074742
2026-06-04T00:00:00,2026-06-04T02:00:00,DK1,90.0,90.0,0.67,5.007714,20.0,20.0,0.01,0.074742
2026-06-03T23:00:00,2026-06-04T01:00:00,DK1,90.0,90.0,1.07,7.997394,20.0,20.0,0.01,0.074742
2026-06-03T22:00:00,2026-06-04T00:00:00,DK1,90.0,90.0,1.07,7.997394,20.0,20.0,0.01,0.074742
2026-06-03T21:00:00,2026-06-03T23:00:00,DK1,90.0,90.0,2.01,15.022539,20.0,20.0,0.03,0.224217
2026-06-03T20:00:00,2026-06-03T22:00:00,DK1,90.0,90.0,4.0,29.8956,20.0,20.0,0.03,0.224217
2026-06-03T19:00:00,2026-06-03T21:00:00,DK1,90.0,90.0,12.84,95.964876,20.0,20.0,0.03,0.224217
2026-06-03T18:00:00,2026-06-03T20:00:00,DK1,106.0,106.0,10.9,81.46551,20.0,20.0,0.03,0.224217
2026-06-03T17:00:00,2026-06-03T19:00:00,DK1,100.0,100.0,12.71,94.993269,20.0,20.0,0.03,0.224217
2026-06-03T16:00:00,2026-06-03T18:00:00,DK1,96.0,96.0,2.01,15.022539,20.0,20.0,0.03,0.224217
2026-06-03T15:00:00,2026-06-03T17:00:00,DK1,90.0,90.0,2.01,15.022539,20.0,20.0,0.03,0.224217
2026-06-03T14:00:00,2026-06-03T16:00:00,DK1,90.0,90.0,0.67,5.007513,20.0,20.0,0.03,0.224217
2026-06-03T13:00:00,2026-06-03T15:00:00,DK1,90.0,90.0,2.01,15.022539,20.0,20.0,0.03,0.224217
2026-06-03T12:00:00,2026-06-03T14:00:00,DK1,90.0,90.0,2.01,15.022539,20.0,20.0,0.03,0.224217
2026-06-03T11:00:00,2026-06-03T13:00:00,DK1,90.0,90.0,2.68,20.030052,20.0,20.0,0.03,0.224217
2026-06-03T10:00:00,2026-06-03T12:00:00,DK1,90.0,90.0,2.68,20.030052,20.0,20.0,0.03,0.224217
2026-06-03T09:00:00,2026-06-03T11:00:00,DK1,90.0,90.0,2.01,15.022539,20.0,20.0,0.03,0.224217
2026-06-03T08:00:00,2026-06-03T10:00:00,DK1,90.0,90.0,5.75,42.974925,20.0,20.0,0.03,0.224217
2026-06-03T07:00:00,2026-06-03T09:00:00,DK1,90.0,90.0,2.01,15.022539,20.0,20.0,0.03,0.224217
2026-06-03T06:00:00,2026-06-03T08:00:00,DK1,90.0,90.0,2.01,15.022539,20.0,20.0,0.03,0.224217
2026-06-03T05:00:00,2026-06-03T07:00:00,DK1,90.0,90.0,2.01,15.022539,20.0,20.0,0.03,0.224217
2026-06-03T04:00:00,2026-06-03T06:00:00,DK1,90.0,90.0,6.69,50.000391,20.0,20.0,0.03,0.224217
2026-06-03T03:00:00,2026-06-03T05:00:00,DK1,90.0,90.0,2.01,15.022539,20.0,20.0,0.03,0.224217
2026-06-03T02:00:00,2026-06-03T04:00:00,DK1,90.0,90.0,2.01,15.022539,20.0,20.0,0.03,0.224217
2026-06-03T01:00:00,2026-06-03T03:00:00,DK1,90.0,90.0,0.67,5.007513,20.0,20.0,0.03,0.224217
2026-06-03T00:00:00,2026-06-03T02:00:00,DK1,90.0,90.0,0.67,5.007513,20.0,20.0,0.03,0.224217
2026-06-02T23:00:00,2026-06-03T01:00:00,DK1,90.0,90.0,0.67,5.007513,20.0,20.0,0.03,0.224217
2026-06-02T22:00:00,2026-06-03T00:00:00,DK1,90.0,90.0,2.01,15.022539,20.0,20.0,0.03,0.224217
2026-06-02T21:00:00,2026-06-02T23:00:00,DK1,90.0,90.0,0.67,5.00758,20.0,20.0,0.03,0.22422
2026-06-02T20:00:00,2026-06-02T22:00:00,DK1,90.0,90.0,2.01,15.02274,20.0,20.0,0.03,0.22422
2026-06-02T19:00:00,2026-06-02T21:00:00,DK1,95.0,95.0,9.4,70.2556,20.0,20.0,0.03,0.22422
2026-06-02T18:00:00,2026-06-02T20:00:00,DK1,104.0,104.0,9.4,70.2556,20.0,20.0,0.03,0.22422
2026-06-02T17:00:00,2026-06-02T19:00:00,DK1,117.0,117.0,12.71,94.99454,20.0,20.0,0.03,0.22422
2026-06-02T16:00:00,2026-06-02T18:00:00,DK1,96.0,96.0,2.01,15.02274,20.0,20.0,0.03,0.22422
2026-06-02T15:00:00,2026-06-02T17:00:00,DK1,92.0,92.0,2.01,15.02274,20.0,20.0,0.03,0.22422
2026-06-02T14:00:00,2026-06-02T16:00:00,DK1,98.0,98.0,2.01,15.02274,20.0,22.0,0.0,0.0
2026-06-02T13:00:00,2026-06-02T15:00:00,DK1,90.0,90.0,6.69,50.00106,20.0,20.0,0.03,0.22422
2026-06-02T12:00:00,2026-06-02T14:00:00,DK1,90.0,90.0,2.01,15.02274,20.0,20.0,0.03,0.22422
2026-06-02T11:00:00,2026-06-02T13:00:00,DK1,90.0,90.0,2.01,15.02274,20.0,20.0,0.03,0.22422
2026-06-02T10:00:00,2026-06-02T12:00:00,DK1,90.0,90.0,2.01,15.02274,20.0,20.0,0.03,0.22422
2026-06-02T09:00:00,2026-06-02T11:00:00,DK1,90.0,90.0,2.01,15.02274,20.0,20.0,0.03,0.22422
2026-06-02T08:00:00,2026-06-02T10:00:00,DK1,90.0,90.0,2.01,15.02274,20.0,20.0,0.03,0.22422
2026-06-02T07:00:00,2026-06-02T09:00:00,DK1,90.0,90.0,2.01,15.02274,20.0,20.0,0.03,0.22422
2026-06-02T06:00:00,2026-06-02T08:00:00,DK1,90.0,90.0,2.01,15.02274,20.0,20.0,0.03,0.22422
2026-06-02T05:00:00,2026-06-02T07:00:00,DK1,90.0,90.0,6.0,44.844,20.0,20.0,0.03,0.22422
2026-06-02T04:00:00,2026-06-02T06:00:00,DK1,90.0,90.0,6.0,44.844,20.0,20.0,0.03,0.22422
2026-06-02T03:00:00,2026-06-02T05:00:00,DK1,90.0,90.0,2.01,15.02274,20.0,20.0,0.03,0.22422
2026-06-02T02:00:00,2026-06-02T04:00:00,DK1,90.0,90.0,0.67,5.00758,20.0,20.0,0.03,0.22422
2026-06-02T01:00:00,2026-06-02T03:00:00,DK1,90.0,90.0,0.67,5.00758,20.0,20.0,0.03,0.22422
2026-06-02T00:00:00,2026-06-02T02:00:00,DK1,90.0,90.0,0.67,5.00758,20.0,20.0,0.03,0.22422
2026-06-01T23:00:00,2026-06-02T01:00:00,DK1,90.0,90.0,2.0,14.948,20.0,20.0,0.03,0.22422
2026-06-01T22:00:00,2026-06-02T00:00:00,DK1,90.0,90.0,2.01,15.02274,20.0,20.0,0.03,0.22422
2026-06-01T21:00:00,2026-06-01T23:00:00,DK1,90.0,90.0,0.67,5.007379,20.0,20.0,0.03,0.224211
2026-06-01T20:00:00,2026-06-01T22:00:00,DK1,90.0,90.0,2.01,15.022137,20.0,20.0,0.03,0.224211
2026-06-01T19:00:00,2026-06-01T21:00:00,DK1,94.0,94.0,12.58,94.019146,20.0,20.0,0.03,0.224211
2026-06-01T18:00:00,2026-06-01T20:00:00,DK1,111.0,111.0,22.0,164.4214,20.0,20.0,0.03,0.224211
2026-06-01T17:00:00,2026-06-01T19:00:00,DK1,107.0,107.0,14.0,104.6318,20.0,20.0,0.03,0.224211
2026-06-01T16:00:00,2026-06-01T18:00:00,DK1,90.0,90.0,2.01,15.022137,20.0,20.0,0.03,0.224211
2026-06-01T15:00:00,2026-06-01T17:00:00,DK1,90.0,90.0,2.01,15.022137,20.0,20.0,0.03,0.224211
2026-06-01T14:00:00,2026-06-01T16:00:00,DK1,90.0,90.0,2.01,15.022137,20.0,20.0,0.03,0.224211
2026-06-01T13:00:00,2026-06-01T15:00:00,DK1,90.0,90.0,6.69,49.999053,20.0,20.0,0.03,0.224211
2026-06-01T12:00:00,2026-06-01T14:00:00,DK1,90.0,90.0,2.01,15.022137,20.0,20.0,0.03,0.224211
2026-06-01T11:00:00,2026-06-01T13:00:00,DK1,90.0,90.0,2.01,15.022137,20.0,20.0,0.03,0.224211
2026-06-01T10:00:00,2026-06-01T12:00:00,DK1,90.0,90.0,2.01,15.022137,20.0,20.0,0.03,0.224211
2026-06-01T09:00:00,2026-06-01T11:00:00,DK1,90.0,90.0,6.69,49.999053,20.0,20.0,0.03,0.224211
2026-06-01T08:00:00,2026-06-01T10:00:00,DK1,90.0,90.0,2.01,15.022137,20.0,20.0,0.03,0.224211
2026-06-01T07:00:00,2026-06-01T09:00:00,DK1,90.0,90.0,2.01,15.022137,20.0,20.0,0.03,0.224211
2026-06-01T06:00:00,2026-06-01T08:00:00,DK1,90.0,90.0,2.01,15.022137,20.0,20.0,0.03,0.224211
2026-06-01T05:00:00,2026-06-01T07:00:00,DK1,90.0,90.0,2.01,15.022137,20.0,21.0,0.03,0.224211
2026-06-01T04:00:00,2026-06-01T06:00:00,DK1,90.0,90.0,2.01,15.022137,20.0,20.0,0.03,0.224211
2026-06-01T03:00:00,2026-06-01T05:00:00,DK1,90.0,90.0,2.01,15.022137,20.0,20.0,0.03,0.224211
2026-06-01T02:00:00,2026-06-01T04:00:00,DK1,90.0,90.0,2.01,15.022137,20.0,20.0,0.03,0.224211
2026-06-01T01:00:00,2026-06-01T03:00:00,DK1,90.0,90.0,2.01,15.022137,20.0,20.0,0.03,0.224211
2026-06-01T00:00:00,2026-06-01T02:00:00,DK1,90.0,90.0,0.67,5.007379,20.0,20.0,0.03,0.224211
2026-05-31T23:00:00,2026-06-01T01:00:00,DK1,90.0,90.0,0.67,5.007379,20.0,20.0,0.03,0.224211
2026-05-31T22:00:00,2026-06-01T00:00:00,DK1,90.0,90.0,2.01,15.022137,20.0,20.0,0.03,0.224211
2026-05-31T21:00:00,2026-05-31T23:00:00,DK1,90.0,90.0,0.67,5.006977,20.0,20.0,0.03,0.224193
2026-05-31T20:00:00,2026-05-31T22:00:00,DK1,90.0,90.0,1.2,8.96772,20.0,20.0,0.03,0.224193
2026-05-31T19:00:00,2026-05-31T21:00:00,DK1,93.0,93.0,4.0,29.8924,20.0,20.0,0.03,0.224193
2026-05-31T18:00:00,2026-05-31T20:00:00,DK1,111.0,111.0,17.3,129.28463,20.0,20.0,0.03,0.224193
2026-05-31T17:00:00,2026-05-31T19:00:00,DK1,95.0,95.0,12.58,94.011598,20.0,20.0,0.03,0.224193
2026-05-31T16:00:00,2026-05-31T18:00:00,DK1,90.0,90.0,1.2,8.96772,20.0,20.0,0.03,0.224193
2026-05-31T15:00:00,2026-05-31T17:00:00,DK1,90.0,90.0,1.2,8.96772,20.0,20.0,0.03,0.224193
2026-05-31T14:00:00,2026-05-31T16:00:00,DK1,90.0,90.0,0.67,5.006977,20.0,20.0,0.03,0.224193
2026-05-31T13:00:00,2026-05-31T15:00:00,DK1,90.0,90.0,0.67,5.006977,20.0,20.0,0.03,0.224193
2026-05-31T12:00:00,2026-05-31T14:00:00,DK1,90.0,90.0,0.54,4.035474,20.0,20.0,0.03,0.224193
2026-05-31T11:00:00,2026-05-31T13:00:00,DK1,90.0,90.0,0.67,5.006977,20.0,20.0,0.03,0.224193
2026-05-31T10:00:00,2026-05-31T12:00:00,DK1,90.0,90.0,0.67,5.006977,20.0,20.0,0.03,0.224193
2026-05-31T09:00:00,2026-05-31T11:00:00,DK1,90.0,90.0,0.67,5.006977,20.0,20.0,0.03,0.224193
2026-05-31T08:00:00,2026-05-31T10:00:00,DK1,90.0,90.0,0.67,5.006977,20.0,20.0,0.03,0.224193
2026-05-31T07:00:00,2026-05-31T09:00:00,DK1,90.0,90.0,1.34,10.013954,20.0,20.0,0.03,0.224193
2026-05-31T06:00:00,2026-05-31T08:00:00,DK1,90.0,90.0,1.2,8.96772,20.0,20.0,0.03,0.224193
2026-05-31T05:00:00,2026-05-31T07:00:00,DK1,90.0,90.0,1.2,8.96772,20.0,20.0,0.03,0.224193
2026-05-31T04:00:00,2026-05-31T06:00:00,DK1,90.0,90.0,1.2,8.96772,20.0,20.0,0.03,0.224193
2026-05-31T03:00:00,2026-05-31T05:00:00,DK1,90.0,90.0,1.2,8.96772,20.0,20.0,0.03,0.224193
2026-05-31T02:00:00,2026-05-31T04:00:00,DK1,90.0,90.0,1.2,8.96772,20.0,20.0,0.03,0.224193
2026-05-31T01:00:00,2026-05-31T03:00:00,DK1,90.0,90.0,0.67,5.006977,20.0,20.0,0.03,0.224193
2026-05-31T00:00:00,2026-05-31T02:00:00,DK1,90.0,90.0,1.2,8.96772,20.0,20.0,0.03,0.224193
2026-05-30T23:00:00,2026-05-31T01:00:00,DK1,90.0,90.0,1.2,8.96772,20.0,20.0,0.03,0.224193
2026-05-30T22:00:00,2026-05-31T00:00:00,DK1,90.0,90.0,1.2,8.96772,20.0,20.0,0.03,0.224193
2026-05-30T21:00:00,2026-05-30T23:00:00,DK1,90.0,90.0,1.2,8.96772,20.0,20.0,0.03,0.224193
2026-05-30T20:00:00,2026-05-30T22:00:00,DK1,90.0,90.0,4.0,29.8924,20.0,20.0,0.03,0.224193
2026-05-30T19:00:00,2026-05-30T21:00:00,DK1,102.0,102.0,12.71,94.983101,20.0,20.0,0.03,0.224193
2026-05-30T18:00:00,2026-05-30T20:00:00,DK1,118.0,118.0,116.56,871.064536,20.0,20.0,0.03,0.224193
2026-05-30T17:00:00,2026-05-30T19:00:00,DK1,103.0,103.0,12.71,94.983101,20.0,20.0,0.03,0.224193
2026-05-30T16:00:00,2026-05-30T18:00:00,DK1,90.0,90.0,20.0,149.462,20.0,20.0,0.03,0.224193
2026-05-30T15:00:00,2026-05-30T17:00:00,DK1,90.0,90.0,5.35,39.981085,20.0,20.0,0.03,0.224193
2026-05-30T14:00:00,2026-05-30T16:00:00,DK1,90.0,90.0,0.67,5.006977,20.0,20.0,0.03,0.224193
2026-05-30T13:00:00,2026-05-30T15:00:00,DK1,90.0,90.0,0.67,5.006977,20.0,20.0,0.03,0.224193
2026-05-30T12:00:00,2026-05-30T14:00:00,DK1,90.0,90.0,0.67,5.006977,20.0,20.0,0.03,0.224193
2026-05-30T11:00:00,2026-05-30T13:00:00,DK1,90.0,90.0,0.67,5.006977,20.0,20.0,0.03,0.224193
2026-05-30T10:00:00,2026-05-30T12:00:00,DK1,90.0,90.0,0.67,5.006977,20.0,20.0,0.03,0.224193
2026-05-30T09:00:00,2026-05-30T11:00:00,DK1,90.0,90.0,0.67,5.006977,20.0,20.0,0.03,0.224193
2026-05-30T08:00:00,2026-05-30T10:00:00,DK1,90.0,90.0,0.67,5.006977,20.0,20.0,0.03,0.224193
2026-05-30T07:00:00,2026-05-30T09:00:00,DK1,90.0,90.0,6.69,49.995039,20.0,20.0,0.03,0.224193
2026-05-30T06:00:00,2026-05-30T08:00:00,DK1,90.0,90.0,12.58,94.011598,20.0,20.0,0.03,0.224193
2026-05-30T05:00:00,2026-05-30T07:00:00,DK1,90.0,90.0,6.0,44.8386,20.0,20.0,0.03,0.224193
2026-05-30T04:00:00,2026-05-30T06:00:00,DK1,90.0,90.0,20.0,149.462,20.0,20.0,0.03,0.224193
2026-05-30T03:00:00,2026-05-30T05:00:00,DK1,90.0,90.0,1.2,8.96772,20.0,20.0,0.03,0.224193
2026-05-30T02:00:00,2026-05-30T04:00:00,DK1,90.0,90.0,0.67,5.006977,20.0,20.0,0.03,0.224193
2026-05-30T01:00:00,2026-05-30T03:00:00,DK1,90.0,90.0,0.67,5.006977,20.0,20.0,0.03,0.224193
2026-05-30T00:00:00,2026-05-30T02:00:00,DK1,90.0,90.0,0.67,5.006977,20.0,20.0,0.03,0.224193
2026-05-29T23:00:00,2026-05-30T01:00:00,DK1,90.0,90.0,1.2,8.96772,20.0,20.0,0.03,0.224193
2026-05-29T22:00:00,2026-05-30T00:00:00,DK1,90.0,90.0,1.2,8.96772,20.0,20.0,0.03,0.224193
2026-05-29T21:00:00,2026-05-29T23:00:00,DK1,90.0,90.0,1.2,8.96772,20.0,20.0,0.03,0.224193
2026-05-29T20:00:00,2026-05-29T22:00:00,DK1,90.0,90.0,1.2,8.96772,20.0,20.0,0.03,0.224193
2026-05-29T19:00:00,2026-05-29T21:00:00,DK1,101.0,101.0,12.71,94.983101,20.0,20.0,0.03,0.224193
2026-05-29T18:00:00,2026-05-29T20:00:00,DK1,119.0,119.0,30.3,226.43493,20.0,20.0,0.03,0.224193
2026-05-29T17:00:00,2026-05-29T19:00:00,DK1,112.0,112.0,6.0,44.8386,20.0,20.0,0.03,0.224193
2026-05-29T16:00:00,2026-05-29T18:00:00,DK1,95.0,95.0,1.2,8.96772,20.0,20.0,0.03,0.224193
2026-05-29T15:00:00,2026-05-29T17:00:00,DK1,90.0,90.0,1.2,8.96772,20.0,20.0,0.03,0.224193
2026-05-29T14:00:00,2026-05-29T16:00:00,DK1,90.0,90.0,0.67,5.006977,20.0,20.0,0.03,0.224193
2026-05-29T13:00:00,2026-05-29T15:00:00,DK1,90.0,90.0,0.67,5.006977,20.0,20.0,0.03,0.224193
2026-05-29T12:00:00,2026-05-29T14:00:00,DK1,90.0,90.0,0.67,5.006977,20.0,20.0,0.03,0.224193
2026-05-29T11:00:00,2026-05-29T13:00:00,DK1,90.0,90.0,0.67,5.006977,20.0,20.0,0.03,0.224193
2026-05-29T10:00:00,2026-05-29T12:00:00,DK1,90.0,90.0,0.67,5.006977,20.0,20.0,0.03,0.224193
2026-05-29T09:00:00,2026-05-29T11:00:00,DK1,90.0,90.0,0.67,5.006977,20.0,20.0,0.03,0.224193
2026-05-29T08:00:00,2026-05-29T10:00:00,DK1,90.0,90.0,0.67,5.006977,20.0,20.0,0.03,0.224193
2026-05-29T07:00:00,2026-05-29T09:00:00,DK1,95.0,95.0,1.2,8.96772,20.0,20.0,0.03,0.224193
2026-05-29T06:00:00,2026-05-29T08:00:00,DK1,90.0,90.0,1.2,8.96772,20.0,20.0,0.03,0.224193
2026-05-29T05:00:00,2026-05-29T07:00:00,DK1,90.0,90.0,12.58,94.011598,20.0,20.0,0.03,0.224193
2026-05-29T04:00:00,2026-05-29T06:00:00,DK1,90.0,90.0,2.0,14.9462,20.0,20.0,0.03,0.224193
2026-05-29T03:00:00,2026-05-29T05:00:00,DK1,90.0,90.0,1.2,8.96772,20.0,20.0,0.03,0.224193
2026-05-29T02:00:00,2026-05-29T04:00:00,DK1,90.0,90.0,0.67,5.006977,20.0,20.0,0.03,0.224193
2026-05-29T01:00:00,2026-05-29T03:00:00,DK1,90.0,90.0,0.67,5.006977,20.0,20.0,0.03,0.224193
2026-05-29T00:00:00,2026-05-29T02:00:00,DK1,90.0,90.0,0.67,5.006977,20.0,20.0,0.03,0.224193
2026-05-28T23:00:00,2026-05-29T01:00:00,DK1,90.0,90.0,0.67,5.006977,20.0,20.0,0.03,0.224193
2026-05-28T22:00:00,2026-05-29T00:00:00,DK1,90.0,90.0,0.67,5.006977,20.0,20.0,0.03,0.224193
2026-05-28T21:00:00,2026-05-28T23:00:00,DK1,90.0,90.0,0.67,5.006843,20.0,22.0,0.03,0.224187
2026-05-28T20:00:00,2026-05-28T22:00:00,DK1,90.0,90.0,1.2,8.96748,20.0,22.0,0.03,0.224187
2026-05-28T19:00:00,2026-05-28T21:00:00,DK1,105.0,105.0,117.37,877.094273,20.0,22.0,0.03,0.224187
2026-05-28T18:00:00,2026-05-28T20:00:00,DK1,112.0,112.0,26.0,194.2954,20.0,22.0,0.03,0.224187
2026-05-28T17:00:00,2026-05-28T19:00:00,DK1,110.0,110.0,12.58,94.009082,20.0,20.0,0.03,0.224187
2026-05-28T16:00:00,2026-05-28T18:00:00,DK1,108.0,108.0,6.1,45.58469,20.0,22.0,0.03,0.224187
2026-05-28T15:00:00,2026-05-28T17:00:00,DK1,98.0,98.0,4.0,29.8916,20.0,22.0,0.03,0.224187
2026-05-28T14:00:00,2026-05-28T16:00:00,DK1,90.0,90.0,0.67,5.006843,20.0,21.0,0.03,0.224187
2026-05-28T13:00:00,2026-05-28T15:00:00,DK1,90.0,90.0,0.67,5.006843,20.0,22.0,0.03,0.224187
2026-05-28T12:00:00,2026-05-28T14:00:00,DK1,90.0,90.0,0.67,5.006843,20.0,22.0,0.03,0.224187
2026-05-28T11:00:00,2026-05-28T13:00:00,DK1,90.0,90.0,0.67,5.006843,20.0,22.0,0.03,0.224187
2026-05-28T10:00:00,2026-05-28T12:00:00,DK1,90.0,90.0,0.67,5.006843,20.0,22.0,0.03,0.224187
2026-05-28T09:00:00,2026-05-28T11:00:00,DK1,90.0,90.0,0.67,5.006843,20.0,20.0,0.03,0.224187
2026-05-28T08:00:00,2026-05-28T10:00:00,DK1,90.0,90.0,1.2,8.96748,20.0,20.0,0.03,0.224187
2026-05-28T07:00:00,2026-05-28T09:00:00,DK1,90.0,90.0,1.2,8.96748,20.0,20.0,0.03,0.224187
2026-05-28T06:00:00,2026-05-28T08:00:00,DK1,102.0,102.0,6.1,45.58469,20.0,20.0,0.03,0.224187
2026-05-28T05:00:00,2026-05-28T07:00:00,DK1,106.0,106.0,12.71,94.980559,20.0,20.0,0.03,0.224187
2026-05-28T04:00:00,2026-05-28T06:00:00,DK1,90.0,90.0,12.58,94.009082,20.0,20.0,0.03,0.224187
2026-05-28T03:00:00,2026-05-28T05:00:00,DK1,90.0,90.0,1.2,8.96748,20.0,20.0,0.03,0.224187
2026-05-28T02:00:00,2026-05-28T04:00:00,DK1,90.0,90.0,0.67,5.006843,20.0,20.0,0.03,0.224187
2026-05-28T01:00:00,2026-05-28T03:00:00,DK1,90.0,90.0,0.67,5.006843,20.0,20.0,0.03,0.224187
2026-05-28T00:00:00,2026-05-28T02:00:00,DK1,90.0,90.0,0.67,5.006843,20.0,20.0,0.03,0.224187
2026-05-27T23:00:00,2026-05-28T01:00:00,DK1,90.0,90.0,0.67,5.006843,20.0,20.0,0.03,0.224187
2026-05-27T22:00:00,2026-05-28T00:00:00,DK1,90.0,90.0,0.67,5.006843,20.0,20.0,0.03,0.224187
2026-05-27T21:00:00,2026-05-27T23:00:00,DK1,90.0,90.0,1.2,8.96712,20.0,20.0,0.03,0.224178
2026-05-27T20:00:00,2026-05-27T22:00:00,DK1,90.0,90.0,4.0,29.8904,20.0,20.0,0.03,0.224178
2026-05-27T19:00:00,2026-05-27T21:00:00,DK1,118.0,118.0,12.71,94.976746,20.0,20.0,0.03,0.224178
2026-05-27T18:00:00,2026-05-27T20:00:00,DK1,130.0,130.0,82.43,615.966418,20.0,20.0,0.03,0.224178
2026-05-27T17:00:00,2026-05-27T19:00:00,DK1,131.0,131.0,62.62,467.934212,20.0,20.0,0.03,0.224178
2026-05-27T16:00:00,2026-05-27T18:00:00,DK1,133.0,133.0,13.4,100.13284,20.0,20.0,0.03,0.224178
2026-05-27T15:00:00,2026-05-27T17:00:00,DK1,122.0,122.0,11.75,87.80305,20.0,20.0,0.03,0.224178
2026-05-27T14:00:00,2026-05-27T16:00:00,DK1,120.0,120.0,0.8,5.97808,20.0,20.0,0.03,0.224178
2026-05-27T13:00:00,2026-05-27T15:00:00,DK1,95.0,95.0,0.67,5.006642,20.0,20.0,0.03,0.224178
2026-05-27T12:00:00,2026-05-27T14:00:00,DK1,90.0,90.0,0.67,5.006642,20.0,20.0,0.03,0.224178
2026-05-27T11:00:00,2026-05-27T13:00:00,DK1,90.0,90.0,0.67,5.006642,20.0,20.0,0.03,0.224178
2026-05-27T10:00:00,2026-05-27T12:00:00,DK1,90.0,90.0,0.67,5.006642,20.0,20.0,0.03,0.224178
2026-05-27T09:00:00,2026-05-27T11:00:00,DK1,90.0,90.0,0.67,5.006642,20.0,20.0,0.03,0.224178
2026-05-27T08:00:00,2026-05-27T10:00:00,DK1,90.0,90.0,0.8,5.97808,20.0,20.0,0.03,0.224178
2026-05-27T07:00:00,2026-05-27T09:00:00,DK1,90.0,90.0,6.69,49.991694,20.0,20.0,0.03,0.224178
2026-05-27T06:00:00,2026-05-27T08:00:00,DK1,95.0,95.0,18.74,140.036524,20.0,20.0,0.03,0.224178
2026-05-27T05:00:00,2026-05-27T07:00:00,DK1,90.0,90.0,4.0,29.8904,20.0,20.0,0.03,0.224178
2026-05-27T04:00:00,2026-05-27T06:00:00,DK1,90.0,90.0,1.2,8.96712,20.0,20.0,0.03,0.224178
2026-05-27T03:00:00,2026-05-27T05:00:00,DK1,90.0,90.0,2.0,14.9452,20.0,20.0,0.03,0.224178
2026-05-27T02:00:00,2026-05-27T04:00:00,DK1,90.0,90.0,1.2,8.96712,20.0,20.0,0.03,0.224178
2026-05-27T01:00:00,2026-05-27T03:00:00,DK1,90.0,90.0,0.67,5.006642,20.0,20.0,0.03,0.224178
2026-05-27T00:00:00,2026-05-27T02:00:00,DK1,90.0,90.0,0.67,5.006642,20.0,20.0,0.03,0.224178
2026-05-26T23:00:00,2026-05-27T01:00:00,DK1,90.0,90.0,0.67,5.006642,20.0,20.0,0.03,0.224178
2026-05-26T22:00:00,2026-05-27T00:00:00,DK1,90.0,90.0,0.67,5.006642,20.0,20.0,0.03,0.224178
2026-05-26T21:00:00,2026-05-26T23:00:00,DK1,90.0,90.0,0.67,5.006307,20.0,20.0,0.03,0.224163
2026-05-26T20:00:00,2026-05-26T22:00:00,DK1,90.0,90.0,1.2,8.96652,20.0,20.0,0.03,0.224163
2026-05-26T19:00:00,2026-05-26T21:00:00,DK1,108.0,108.0,20.08,150.039768,20.0,20.0,0.03,0.224163
2026-05-26T18:00:00,2026-05-26T20:00:00,DK1,128.0,128.0,22.8,170.36388,20.0,20.0,0.03,0.224163
2026-05-26T17:00:00,2026-05-26T19:00:00,DK1,131.0,131.0,12.71,94.970391,20.0,20.0,0.03,0.224163
2026-05-26T16:00:00,2026-05-26T18:00:00,DK1,132.0,132.0,12.58,93.999018,20.0,20.0,0.03,0.224163
2026-05-26T15:00:00,2026-05-26T17:00:00,DK1,119.0,119.0,6.69,49.988349,20.0,20.0,0.03,0.224163
2026-05-26T14:00:00,2026-05-26T16:00:00,DK1,113.0,113.0,1.2,8.96652,20.0,22.0,0.0,0.0
2026-05-26T13:00:00,2026-05-26T15:00:00,DK1,98.0,98.0,0.67,5.006307,20.0,20.0,0.03,0.224163
2026-05-26T12:00:00,2026-05-26T14:00:00,DK1,90.0,90.0,0.67,5.006307,20.0,20.0,0.03,0.224163
2026-05-26T11:00:00,2026-05-26T13:00:00,DK1,90.0,90.0,0.67,5.006307,20.0,20.0,0.03,0.224163
2026-05-26T10:00:00,2026-05-26T12:00:00,DK1,90.0,90.0,0.67,5.006307,20.0,20.0,0.03,0.224163
2026-05-26T09:00:00,2026-05-26T11:00:00,DK1,90.0,90.0,0.67,5.006307,20.0,20.0,0.03,0.224163
2026-05-26T08:00:00,2026-05-26T10:00:00,DK1,90.0,90.0,0.67,5.006307,20.0,20.0,0.03,0.224163
2026-05-26T07:00:00,2026-05-26T09:00:00,DK1,90.0,90.0,1.2,8.96652,20.0,20.0,0.03,0.224163
2026-05-26T06:00:00,2026-05-26T08:00:00,DK1,102.0,102.0,21.58,161.247918,20.0,20.0,0.03,0.224163
2026-05-26T05:00:00,2026-05-26T07:00:00,DK1,98.0,98.0,4.0,29.8884,20.0,20.0,0.03,0.224163
2026-05-26T04:00:00,2026-05-26T06:00:00,DK1,90.0,90.0,1.2,8.96652,20.0,20.0,0.03,0.224163
2026-05-26T03:00:00,2026-05-26T05:00:00,DK1,90.0,90.0,6.69,49.988349,20.0,20.0,0.03,0.224163
2026-05-26T02:00:00,2026-05-26T04:00:00,DK1,90.0,90.0,1.2,8.96652,20.0,20.0,0.03,0.224163
2026-05-26T01:00:00,2026-05-26T03:00:00,DK1,90.0,90.0,1.2,8.96652,20.0,20.0,0.03,0.224163
2026-05-26T00:00:00,2026-05-26T02:00:00,DK1,90.0,90.0,1.2,8.96652,20.0,20.0,0.03,0.224163
2026-05-25T23:00:00,2026-05-26T01:00:00,DK1,90.0,90.0,0.67,5.006307,20.0,20.0,0.03,0.224163
2026-05-25T22:00:00,2026-05-26T00:00:00,DK1,90.0,90.0,2.0,14.9442,20.0,20.0,0.03,0.224163
2026-05-25T21:00:00,2026-05-25T23:00:00,DK1,90.0,90.0,0.67,5.006977,20.0,20.0,0.03,0.224193
2026-05-25T20:00:00,2026-05-25T22:00:00,DK1,90.0,90.0,1.2,8.96772,20.0,20.0,0.03,0.224193
2026-05-25T19:00:00,2026-05-25T21:00:00,DK1,108.0,108.0,13.0,97.1503,20.0,20.0,0.03,0.224193
2026-05-25T18:00:00,2026-05-25T20:00:00,DK1,123.0,123.0,52.0,388.6012,20.0,20.0,0.03,0.224193
2026-05-25T17:00:00,2026-05-25T19:00:00,DK1,121.0,121.0,6.9,51.56439,20.0,20.0,0.03,0.224193
2026-05-25T16:00:00,2026-05-25T18:00:00,DK1,118.0,118.0,6.9,51.56439,20.0,20.0,0.03,0.224193
2026-05-25T15:00:00,2026-05-25T17:00:00,DK1,109.0,109.0,1.2,8.96772,20.0,20.0,0.03,0.224193
2026-05-25T14:00:00,2026-05-25T16:00:00,DK1,98.0,98.0,0.67,5.006977,20.0,20.0,0.03,0.224193
2026-05-25T13:00:00,2026-05-25T15:00:00,DK1,90.0,90.0,0.67,5.006977,20.0,20.0,0.03,0.224193
2026-05-25T12:00:00,2026-05-25T14:00:00,DK1,90.0,90.0,0.67,5.006977,20.0,20.0,0.03,0.224193
2026-05-25T11:00:00,2026-05-25T13:00:00,DK1,90.0,90.0,0.27,2.017737,20.0,20.0,0.03,0.224193
2026-05-25T10:00:00,2026-05-25T12:00:00,DK1,90.0,90.0,0.67,5.006977,20.0,20.0,0.03,0.224193
2026-05-25T09:00:00,2026-05-25T11:00:00,DK1,90.0,90.0,0.67,5.006977,20.0,20.0,0.03,0.224193
2026-05-25T08:00:00,2026-05-25T10:00:00,DK1,90.0,90.0,0.67,5.006977,20.0,20.0,0.03,0.224193
2026-05-25T07:00:00,2026-05-25T09:00:00,DK1,90.0,90.0,0.67,5.006977,20.0,20.0,0.03,0.224193
2026-05-25T06:00:00,2026-05-25T08:00:00,DK1,90.0,90.0,2.41,18.010171,20.0,20.0,0.03,0.224193
2026-05-25T05:00:00,2026-05-25T07:00:00,DK1,90.0,90.0,1.2,8.96772,20.0,20.0,0.03,0.224193
2026-05-25T04:00:00,2026-05-25T06:00:00,DK1,90.0,90.0,1.2,8.96772,20.0,20.0,0.03,0.224193
2026-05-25T03:00:00,2026-05-25T05:00:00,DK1,90.0,90.0,1.2,8.96772,20.0,22.0,0.03,0.224193
2026-05-25T02:00:00,2026-05-25T04:00:00,DK1,90.0,90.0,2.0,14.9462,20.0,22.0,0.03,0.224193
2026-05-25T01:00:00,2026-05-25T03:00:00,DK1,90.0,90.0,1.2,8.96772,20.0,22.0,0.03,0.224193
2026-05-25T00:00:00,2026-05-25T02:00:00,DK1,90.0,90.0,1.2,8.96772,20.0,22.0,0.03,0.224193
2026-05-24T23:00:00,2026-05-25T01:00:00,DK1,90.0,90.0,1.2,8.96772,20.0,22.0,0.03,0.224193
2026-05-24T22:00:00,2026-05-25T00:00:00,DK1,90.0,90.0,1.2,8.96772,20.0,22.0,0.03,0.224193
2026-05-24T21:00:00,2026-05-24T23:00:00,DK1,90.0,90.0,1.2,8.96772,20.0,20.0,0.01,0.074731
2026-05-24T20:00:00,2026-05-24T22:00:00,DK1,90.0,90.0,4.0,29.8924,20.0,20.0,0.01,0.074731
2026-05-24T19:00:00,2026-05-24T21:00:00,DK1,103.0,103.0,11.4,85.19334,20.0,20.0,0.01,0.074731
2026-05-24T18:00:00,2026-05-24T20:00:00,DK1,103.0,103.0,11.4,85.19334,20.0,20.0,0.01,0.074731
2026-05-24T17:00:00,2026-05-24T19:00:00,DK1,110.0,110.0,20.0,149.462,20.0,20.0,0.01,0.074731
2026-05-24T16:00:00,2026-05-24T18:00:00,DK1,106.0,106.0,6.69,49.995039,20.0,20.0,0.01,0.074731
2026-05-24T15:00:00,2026-05-24T17:00:00,DK1,97.0,97.0,2.68,20.027908,20.0,20.0,0.04,0.298924
2026-05-24T14:00:00,2026-05-24T16:00:00,DK1,90.0,90.0,0.67,5.006977,20.0,20.0,0.13,0.971503
2026-05-24T13:00:00,2026-05-24T15:00:00,DK1,90.0,90.0,0.2,1.49462,20.0,20.0,0.13,0.971503
2026-05-24T12:00:00,2026-05-24T14:00:00,DK1,90.0,90.0,0.2,1.49462,20.0,20.0,0.13,0.971503
2026-05-24T11:00:00,2026-05-24T13:00:00,DK1,90.0,90.0,0.2,1.49462,20.0,20.0,0.13,0.971503
2026-05-24T10:00:00,2026-05-24T12:00:00,DK1,90.0,90.0,0.67,5.006977,20.0,20.0,0.13,0.971503
2026-05-24T09:00:00,2026-05-24T11:00:00,DK1,90.0,90.0,0.54,4.035474,20.0,20.0,0.03,0.224193
2026-05-24T08:00:00,2026-05-24T10:00:00,DK1,90.0,90.0,0.67,5.006977,20.0,20.0,0.03,0.224193
2026-05-24T07:00:00,2026-05-24T09:00:00,DK1,90.0,90.0,0.67,5.006977,20.0,20.0,0.03,0.224193
2026-05-24T06:00:00,2026-05-24T08:00:00,DK1,90.0,90.0,1.2,8.96772,20.0,20.0,0.01,0.074731
2026-05-24T05:00:00,2026-05-24T07:00:00,DK1,92.0,92.0,1.2,8.96772,20.0,20.0,0.01,0.074731
2026-05-24T04:00:00,2026-05-24T06:00:00,DK1,90.0,90.0,1.2,8.96772,20.0,20.0,0.01,0.074731
2026-05-24T03:00:00,2026-05-24T05:00:00,DK1,90.0,90.0,1.2,8.96772,20.0,20.0,0.01,0.074731
2026-05-24T02:00:00,2026-05-24T04:00:00,DK1,90.0,90.0,1.2,8.96772,20.0,20.0,0.01,0.074731
2026-05-24T01:00:00,2026-05-24T03:00:00,DK1,90.0,90.0,0.67,5.006977,20.0,20.0,0.01,0.074731
2026-05-24T00:00:00,2026-05-24T02:00:00,DK1,90.0,90.0,0.67,5.006977,20.0,20.0,0.01,0.074731
2026-05-23T23:00:00,2026-05-24T01:00:00,DK1,90.0,90.0,1.2,8.96772,20.0,20.0,0.01,0.074731
2026-05-23T22:00:00,2026-05-24T00:00:00,DK1,90.0,90.0,1.2,8.96772,20.0,20.0,0.01,0.074731
2026-05-23T21:00:00,2026-05-23T23:00:00,DK1,90.0,90.0,1.2,8.96772,20.0,20.0,0.03,0.224193
2026-05-23T20:00:00,2026-05-23T22:00:00,DK1,90.0,90.0,12.58,94.011598,20.0,20.0,0.03,0.224193
2026-05-23T19:00:00,2026-05-23T21:00:00,DK1,101.0,101.0,9.9,73.98369,20.0,20.0,0.03,0.224193
2026-05-23T18:00:00,2026-05-23T20:00:00,DK1,107.0,107.0,12.58,94.011598,20.0,20.0,0.03,0.224193
2026-05-23T17:00:00,2026-05-23T19:00:00,DK1,115.0,115.0,12.58,94.011598,20.0,20.0,0.03,0.224193
2026-05-23T16:00:00,2026-05-23T18:00:00,DK1,116.0,116.0,6.2,46.33322,20.0,20.0,0.03,0.224193
2026-05-23T15:00:00,2026-05-23T17:00:00,DK1,104.0,104.0,4.0,29.8924,20.0,20.0,0.03,0.224193
2026-05-23T14:00:00,2026-05-23T16:00:00,DK1,107.0,107.0,0.54,4.035474,20.0,20.0,0.03,0.224193
2026-05-23T13:00:00,2026-05-23T15:00:00,DK1,99.0,99.0,0.67,5.006977,20.0,20.0,0.03,0.224193
2026-05-23T12:00:00,2026-05-23T14:00:00,DK1,90.0,90.0,0.2,1.49462,20.0,20.0,0.03,0.224193
2026-05-23T11:00:00,2026-05-23T13:00:00,DK1,90.0,90.0,0.2,1.49462,20.0,20.0,0.03,0.224193
2026-05-23T10:00:00,2026-05-23T12:00:00,DK1,90.0,90.0,0.54,4.035474,20.0,20.0,0.03,0.224193
2026-05-23T09:00:00,2026-05-23T11:00:00,DK1,90.0,90.0,0.54,4.035474,20.0,20.0,0.03,0.224193
2026-05-23T08:00:00,2026-05-23T10:00:00,DK1,90.0,90.0,0.67,5.006977,20.0,20.0,0.03,0.224193
2026-05-23T07:00:00,2026-05-23T09:00:00,DK1,90.0,90.0,0.67,5.006977,20.0,20.0,0.03,0.224193
2026-05-23T06:00:00,2026-05-23T08:00:00,DK1,91.0,91.0,1.2,8.96772,20.0,20.0,0.03,0.224193
2026-05-23T05:00:00,2026-05-23T07:00:00,DK1,94.0,94.0,1.2,8.96772,20.0,20.0,0.03,0.224193
2026-05-23T04:00:00,2026-05-23T06:00:00,DK1,90.0,90.0,1.2,8.96772,20.0,20.0,0.03,0.224193
2026-05-23T03:00:00,2026-05-23T05:00:00,DK1,90.0,90.0,2.0,14.9462,20.0,20.0,0.03,0.224193
2026-05-23T02:00:00,2026-05-23T04:00:00,DK1,90.0,90.0,0.67,5.006977,20.0,20.0,0.03,0.224193
2026-05-23T01:00:00,2026-05-23T03:00:00,DK1,90.0,90.0,0.67,5.006977,20.0,20.0,0.03,0.224193
2026-05-23T00:00:00,2026-05-23T02:00:00,DK1,90.0,90.0,0.67,5.006977,20.0,20.0,0.03,0.224193
2026-05-22T23:00:00,2026-05-23T01:00:00,DK1,90.0,90.0,1.2,8.96772,20.0,20.0,0.03,0.224193
2026-05-22T22:00:00,2026-05-23T00:00:00,DK1,90.0,90.0,1.2,8.96772,20.0,20.0,0.03,0.224193
2026-05-22T21:00:00,2026-05-22T23:00:00,DK1,90.0,90.0,0.67,5.006977,20.0,20.0,0.04,0.298924
2026-05-22T20:00:00,2026-05-22T22:00:00,DK1,90.0,90.0,1.2,8.96772,20.0,20.0,0.04,0.298924
2026-05-22T19:00:00,2026-05-22T21:00:00,DK1,103.0,103.0,6.69,49.995039,20.0,20.0,0.04,0.298924
2026-05-22T18:00:00,2026-05-22T20:00:00,DK1,103.0,103.0,6.69,49.995039,20.0,20.0,0.04,0.298924
2026-05-22T17:00:00,2026-05-22T19:00:00,DK1,107.0,107.0,6.0,44.8386,20.0,20.0,0.04,0.298924
2026-05-22T16:00:00,2026-05-22T18:00:00,DK1,111.0,111.0,6.0,44.8386,20.0,20.0,0.04,0.298924
2026-05-22T15:00:00,2026-05-22T17:00:00,DK1,92.0,92.0,6.42,47.977302,20.0,20.0,0.04,0.298924
2026-05-22T14:00:00,2026-05-22T16:00:00,DK1,90.0,90.0,0.67,5.006977,20.0,20.0,0.04,0.298924
2026-05-22T13:00:00,2026-05-22T15:00:00,DK1,90.0,90.0,0.67,5.006977,20.0,20.0,0.04,0.298924
2026-05-22T12:00:00,2026-05-22T14:00:00,DK1,90.0,90.0,0.67,5.006977,20.0,20.0,0.04,0.298924
2026-05-22T11:00:00,2026-05-22T13:00:00,DK1,90.0,90.0,0.67,5.006977,20.0,20.0,0.04,0.298924
2026-05-22T10:00:00,2026-05-22T12:00:00,DK1,90.0,90.0,1.07,7.996217,20.0,20.0,0.04,0.298924
2026-05-22T09:00:00,2026-05-22T11:00:00,DK1,90.0,90.0,1.2,8.96772,20.0,20.0,0.04,0.298924
2026-05-22T08:00:00,2026-05-22T10:00:00,DK1,90.0,90.0,1.2,8.96772,20.0,20.0,0.04,0.298924
2026-05-22T07:00:00,2026-05-22T09:00:00,DK1,92.0,92.0,1.2,8.96772,20.0,20.0,0.04,0.298924
2026-05-22T06:00:00,2026-05-22T08:00:00,DK1,104.0,104.0,6.69,49.995039,20.0,20.0,0.04,0.298924
2026-05-22T05:00:00,2026-05-22T07:00:00,DK1,93.0,93.0,1.61,12.031691,20.0,20.0,0.04,0.298924
2026-05-22T04:00:00,2026-05-22T06:00:00,DK1,90.0,90.0,1.61,12.031691,20.0,20.0,0.04,0.298924
2026-05-22T03:00:00,2026-05-22T05:00:00,DK1,90.0,90.0,2.0,14.9462,20.0,20.0,0.04,0.298924
2026-05-22T02:00:00,2026-05-22T04:00:00,DK1,90.0,90.0,1.2,8.96772,20.0,20.0,0.04,0.298924
2026-05-22T01:00:00,2026-05-22T03:00:00,DK1,90.0,90.0,0.67,5.006977,20.0,20.0,0.04,0.298924
2026-05-22T00:00:00,2026-05-22T02:00:00,DK1,90.0,90.0,0.67,5.006977,20.0,20.0,0.04,0.298924
2026-05-21T23:00:00,2026-05-22T01:00:00,DK1,90.0,90.0,0.67,5.006977,20.0,20.0,0.04,0.298924
2026-05-21T22:00:00,2026-05-22T00:00:00,DK1,90.0,90.0,1.2,8.96772,20.0,20.0,0.04,0.298924
2026-05-21T21:00:00,2026-05-21T23:00:00,DK1,90.0,90.0,0.67,5.00691,20.0,20.0,0.03,0.22419
2026-05-21T20:00:00,2026-05-21T22:00:00,DK1,92.0,92.0,1.2,8.9676,20.0,20.0,0.03,0.22419
2026-05-21T19:00:00,2026-05-21T21:00:00,DK1,121.0,121.0,74.27,555.01971,20.0,20.0,0.03,0.22419
2026-05-21T18:00:00,2026-05-21T20:00:00,DK1,132.0,132.0,23.5,175.6155,20.0,20.0,0.03,0.22419
2026-05-21T17:00:00,2026-05-21T19:00:00,DK1,126.0,126.0,12.58,94.01034,20.0,20.0,0.03,0.22419
2026-05-21T16:00:00,2026-05-21T18:00:00,DK1,138.0,138.0,26.77,200.05221,20.0,20.0,0.03,0.22419
2026-05-21T15:00:00,2026-05-21T17:00:00,DK1,116.0,116.0,12.58,94.01034,20.0,20.0,0.03,0.22419
2026-05-21T14:00:00,2026-05-21T16:00:00,DK1,108.0,108.0,1.2,8.9676,20.0,20.0,0.03,0.22419
2026-05-21T13:00:00,2026-05-21T15:00:00,DK1,98.0,98.0,1.2,8.9676,20.0,20.0,0.03,0.22419
2026-05-21T12:00:00,2026-05-21T14:00:00,DK1,90.0,90.0,0.67,5.00691,20.0,20.0,0.03,0.22419
2026-05-21T11:00:00,2026-05-21T13:00:00,DK1,90.0,90.0,0.67,5.00691,20.0,20.0,0.03,0.22419
2026-05-21T10:00:00,2026-05-21T12:00:00,DK1,90.0,90.0,1.2,8.9676,20.0,20.0,0.03,0.22419
2026-05-21T09:00:00,2026-05-21T11:00:00,DK1,90.0,90.0,1.2,8.9676,20.0,20.0,0.03,0.22419
2026-05-21T08:00:00,2026-05-21T10:00:00,DK1,90.0,90.0,1.2,8.9676,20.0,20.0,0.03,0.22419
2026-05-21T07:00:00,2026-05-21T09:00:00,DK1,90.0,90.0,1.2,8.9676,20.0,20.0,0.03,0.22419
2026-05-21T06:00:00,2026-05-21T08:00:00,DK1,103.0,103.0,20.0,149.46,20.0,20.0,0.03,0.22419
2026-05-21T05:00:00,2026-05-21T07:00:00,DK1,95.0,95.0,4.0,29.892,20.0,20.0,0.03,0.22419
2026-05-21T04:00:00,2026-05-21T06:00:00,DK1,90.0,90.0,1.2,8.9676,20.0,20.0,0.03,0.22419
2026-05-21T03:00:00,2026-05-21T05:00:00,DK1,90.0,90.0,2.0,14.946,20.0,20.0,0.03,0.22419
2026-05-21T02:00:00,2026-05-21T04:00:00,DK1,90.0,90.0,8.7,65.0151,20.0,20.0,0.03,0.22419
2026-05-21T01:00:00,2026-05-21T03:00:00,DK1,90.0,90.0,0.67,5.00691,20.0,20.0,0.03,0.22419
2026-05-21T00:00:00,2026-05-21T02:00:00,DK1,90.0,90.0,0.67,5.00691,20.0,20.0,0.03,0.22419
2026-05-20T23:00:00,2026-05-21T01:00:00,DK1,90.0,90.0,0.67,5.00691,20.0,20.0,0.03,0.22419
2026-05-20T22:00:00,2026-05-21T00:00:00,DK1,90.0,90.0,1.2,8.9676,20.0,20.0,0.03,0.22419
2026-05-20T21:00:00,2026-05-20T23:00:00,DK1,90.0,90.0,0.67,5.007044,20.0,20.0,0.03,0.224196
2026-05-20T20:00:00,2026-05-20T22:00:00,DK1,93.0,93.0,1.2,8.96784,20.0,20.0,0.03,0.224196
2026-05-20T19:00:00,2026-05-20T21:00:00,DK1,115.0,115.0,30.0,224.196,20.0,20.0,0.03,0.224196
2026-05-20T18:00:00,2026-05-20T20:00:00,DK1,119.0,119.0,45.5,340.0306,20.0,20.0,0.03,0.224196
2026-05-20T17:00:00,2026-05-20T19:00:00,DK1,134.0,134.0,30.0,224.196,20.0,20.0,0.03,0.224196
2026-05-20T16:00:00,2026-05-20T18:00:00,DK1,137.0,137.0,12.84,95.955888,20.0,20.0,0.03,0.224196
2026-05-20T15:00:00,2026-05-20T17:00:00,DK1,136.0,136.0,12.58,94.012856,20.0,20.0,0.03,0.224196
2026-05-20T14:00:00,2026-05-20T16:00:00,DK1,124.0,124.0,4.0,29.8928,20.0,20.0,0.03,0.224196
2026-05-20T13:00:00,2026-05-20T15:00:00,DK1,111.0,111.0,1.2,8.96784,20.0,20.0,0.03,0.224196
2026-05-20T12:00:00,2026-05-20T14:00:00,DK1,90.0,90.0,0.67,5.007044,20.0,20.0,0.03,0.224196
2026-05-20T11:00:00,2026-05-20T13:00:00,DK1,90.0,90.0,0.67,5.007044,20.0,20.0,0.03,0.224196
2026-05-20T10:00:00,2026-05-20T12:00:00,DK1,90.0,90.0,0.67,5.007044,20.0,20.0,0.03,0.224196
2026-05-20T09:00:00,2026-05-20T11:00:00,DK1,90.0,90.0,1.2,8.96784,20.0,20.0,0.03,0.224196
2026-05-20T08:00:00,2026-05-20T10:00:00,DK1,90.0,90.0,1.2,8.96784,20.0,21.0,0.03,0.224196
2026-05-20T07:00:00,2026-05-20T09:00:00,DK1,90.0,90.0,1.2,8.96784,20.0,20.0,0.03,0.224196
2026-05-20T06:00:00,2026-05-20T08:00:00,DK1,95.0,95.0,6.69,49.995708,20.0,20.0,0.03,0.224196
2026-05-20T05:00:00,2026-05-20T07:00:00,DK1,102.0,102.0,6.69,49.995708,20.0,20.0,0.03,0.224196
2026-05-20T04:00:00,2026-05-20T06:00:00,DK1,96.0,96.0,1.2,8.96784,20.0,20.0,0.03,0.224196
2026-05-20T03:00:00,2026-05-20T05:00:00,DK1,90.0,90.0,0.67,5.007044,20.0,20.0,0.03,0.224196
2026-05-20T02:00:00,2026-05-20T04:00:00,DK1,90.0,90.0,0.67,5.007044,20.0,20.0,0.03,0.224196
2026-05-20T01:00:00,2026-05-20T03:00:00,DK1,90.0,90.0,0.67,5.007044,20.0,20.0,0.03,0.224196
2026-05-20T00:00:00,2026-05-20T02:00:00,DK1,90.0,90.0,0.67,5.007044,20.0,20.0,0.03,0.224196
2026-05-19T23:00:00,2026-05-20T01:00:00,DK1,90.0,90.0,0.67,5.007044,20.0,20.0,0.03,0.224196
2026-05-19T22:00:00,2026-05-20T00:00:00,DK1,90.0,90.0,0.67,5.007044,20.0,20.0,0.03,0.224196
2026-05-19T21:00:00,2026-05-19T23:00:00,DK1,90.0,90.0,2.0,14.9462,20.0,20.0,0.04,0.298924
2026-05-19T20:00:00,2026-05-19T22:00:00,DK1,90.0,90.0,12.71,94.983101,20.0,20.0,0.04,0.298924
2026-05-19T19:00:00,2026-05-19T21:00:00,DK1,100.0,100.0,34.3,256.32733,20.0,20.0,0.04,0.298924
2026-05-19T18:00:00,2026-05-19T20:00:00,DK1,114.0,114.0,98.61,736.922391,20.0,20.0,0.04,0.298924
2026-05-19T17:00:00,2026-05-19T19:00:00,DK1,105.0,105.0,45.5,340.02605,20.0,20.0,0.04,0.298924
2026-05-19T16:00:00,2026-05-19T18:00:00,DK1,119.0,119.0,54.46,406.985026,20.0,20.0,0.04,0.298924
2026-05-19T15:00:00,2026-05-19T17:00:00,DK1,99.0,99.0,17.8,133.02118,20.0,20.0,0.04,0.298924
2026-05-19T14:00:00,2026-05-19T16:00:00,DK1,90.0,90.0,5.35,39.981085,20.0,22.0,0.0,0.0
2026-05-19T13:00:00,2026-05-19T15:00:00,DK1,91.0,91.0,6.69,49.995039,20.0,20.0,0.04,0.298924
2026-05-19T12:00:00,2026-05-19T14:00:00,DK1,90.0,90.0,6.69,49.995039,20.0,20.0,0.04,0.298924
2026-05-19T11:00:00,2026-05-19T13:00:00,DK1,90.0,90.0,6.69,49.995039,20.0,20.0,0.04,0.298924
2026-05-19T10:00:00,2026-05-19T12:00:00,DK1,90.0,90.0,6.69,49.995039,20.0,20.0,0.04,0.298924
2026-05-19T09:00:00,2026-05-19T11:00:00,DK1,90.0,90.0,6.0,44.8386,20.0,20.0,0.03,0.224193
2026-05-19T08:00:00,2026-05-19T10:00:00,DK1,90.0,90.0,6.0,44.8386,20.0,20.0,0.03,0.224193
2026-05-19T07:00:00,2026-05-19T09:00:00,DK1,90.0,90.0,6.69,49.995039,20.0,20.0,0.03,0.224193
2026-05-19T06:00:00,2026-05-19T08:00:00,DK1,101.0,101.0,12.85,96.029335,20.0,20.0,0.03,0.224193
2026-05-19T05:00:00,2026-05-19T07:00:00,DK1,91.0,91.0,66.91,500.025121,20.0,20.0,0.03,0.224193
2026-05-19T04:00:00,2026-05-19T06:00:00,DK1,90.0,90.0,12.85,96.029335,20.0,20.0,0.03,0.224193
2026-05-19T03:00:00,2026-05-19T05:00:00,DK1,90.0,90.0,52.58,392.935598,20.0,20.0,0.03,0.224193
2026-05-19T02:00:00,2026-05-19T04:00:00,DK1,90.0,90.0,2.0,14.9462,20.0,20.0,0.03,0.224193
2026-05-19T01:00:00,2026-05-19T03:00:00,DK1,90.0,90.0,1.2,8.96772,20.0,20.0,0.03,0.224193
2026-05-19T00:00:00,2026-05-19T02:00:00,DK1,90.0,90.0,1.2,8.96772,20.0,20.0,0.03,0.224193
2026-05-18T23:00:00,2026-05-19T01:00:00,DK1,90.0,90.0,1.2,8.96772,20.0,20.0,0.03,0.224193
2026-05-18T22:00:00,2026-05-19T00:00:00,DK1,90.0,90.0,2.0,14.9462,20.0,20.0,0.03,0.224193
2026-05-18T21:00:00,2026-05-18T23:00:00,DK1,90.0,90.0,0.67,5.007111,20.0,20.0,0.04,0.298932
2026-05-18T20:00:00,2026-05-18T22:00:00,DK1,90.0,90.0,1.2,8.96796,20.0,20.0,0.04,0.298932
2026-05-18T19:00:00,2026-05-18T21:00:00,DK1,107.0,107.0,6.69,49.996377,20.0,20.0,0.04,0.298932
2026-05-18T18:00:00,2026-05-18T20:00:00,DK1,110.0,110.0,12.58,94.014114,20.0,20.0,0.04,0.298932
2026-05-18T17:00:00,2026-05-18T19:00:00,DK1,112.0,112.0,17.4,130.03542,20.0,20.0,0.04,0.298932
2026-05-18T16:00:00,2026-05-18T18:00:00,DK1,126.0,126.0,12.0,89.6796,20.0,20.0,0.04,0.298932
2026-05-18T15:00:00,2026-05-18T17:00:00,DK1,118.0,118.0,12.85,96.031905,20.0,20.0,0.04,0.298932
2026-05-18T14:00:00,2026-05-18T16:00:00,DK1,104.0,104.0,1.2,8.96796,20.0,20.0,0.04,0.298932
2026-05-18T13:00:00,2026-05-18T15:00:00,DK1,91.0,91.0,1.2,8.96796,20.0,20.0,0.04,0.298932
2026-05-18T12:00:00,2026-05-18T14:00:00,DK1,90.0,90.0,1.2,8.96796,20.0,20.0,0.04,0.298932
2026-05-18T11:00:00,2026-05-18T13:00:00,DK1,90.0,90.0,3.35,25.035555,20.0,20.0,0.04,0.298932
2026-05-18T10:00:00,2026-05-18T12:00:00,DK1,90.0,90.0,1.2,8.96796,20.0,20.0,0.04,0.298932
2026-05-18T09:00:00,2026-05-18T11:00:00,DK1,90.0,90.0,1.2,8.96796,20.0,20.0,0.04,0.298932
2026-05-18T08:00:00,2026-05-18T10:00:00,DK1,90.0,90.0,1.2,8.96796,20.0,20.0,0.04,0.298932
2026-05-18T07:00:00,2026-05-18T09:00:00,DK1,90.0,90.0,1.2,8.96796,20.0,20.0,0.04,0.298932
2026-05-18T06:00:00,2026-05-18T08:00:00,DK1,96.0,96.0,6.69,49.996377,20.0,20.0,0.04,0.298932
2026-05-18T05:00:00,2026-05-18T07:00:00,DK1,90.0,90.0,1.2,8.96796,20.0,20.0,0.04,0.298932
2026-05-18T04:00:00,2026-05-18T06:00:00,DK1,90.0,90.0,1.2,8.96796,20.0,20.0,0.04,0.298932
2026-05-18T03:00:00,2026-05-18T05:00:00,DK1,90.0,90.0,0.67,5.007111,20.0,20.0,0.04,0.298932
2026-05-18T02:00:00,2026-05-18T04:00:00,DK1,90.0,90.0,0.67,5.007111,20.0,20.0,0.04,0.298932
2026-05-18T01:00:00,2026-05-18T03:00:00,DK1,90.0,90.0,0.67,5.007111,20.0,20.0,0.04,0.298932
2026-05-18T00:00:00,2026-05-18T02:00:00,DK1,90.0,90.0,0.67,5.007111,20.0,20.0,0.04,0.298932
2026-05-17T23:00:00,2026-05-18T01:00:00,DK1,90.0,90.0,0.67,5.007111,20.0,20.0,0.04,0.298932
2026-05-17T22:00:00,2026-05-18T00:00:00,DK1,90.0,90.0,1.2,8.96796,20.0,20.0,0.04,0.298932
2026-05-17T21:00:00,2026-05-17T23:00:00,DK1,90.0,90.0,0.67,5.007446,20.0,20.0,0.03,0.224214
2026-05-17T20:00:00,2026-05-17T22:00:00,DK1,90.0,90.0,1.2,8.96856,20.0,20.0,0.03,0.224214
2026-05-17T19:00:00,2026-05-17T21:00:00,DK1,106.0,106.0,6.69,49.999722,20.0,20.0,0.03,0.224214
2026-05-17T18:00:00,2026-05-17T20:00:00,DK1,103.0,103.0,6.69,49.999722,20.0,20.0,0.03,0.224214
2026-05-17T17:00:00,2026-05-17T19:00:00,DK1,113.0,113.0,6.0,44.8428,20.0,20.0,0.03,0.224214
2026-05-17T16:00:00,2026-05-17T18:00:00,DK1,135.0,135.0,12.71,94.991998,20.0,20.0,0.03,0.224214
2026-05-17T15:00:00,2026-05-17T17:00:00,DK1,127.0,127.0,6.0,44.8428,20.0,20.0,0.03,0.224214
2026-05-17T14:00:00,2026-05-17T16:00:00,DK1,108.0,108.0,1.2,8.96856,20.0,20.0,0.04,0.298952
2026-05-17T13:00:00,2026-05-17T15:00:00,DK1,97.0,97.0,0.67,5.007446,20.0,20.0,0.04,0.298952
2026-05-17T12:00:00,2026-05-17T14:00:00,DK1,90.0,90.0,0.67,5.007446,20.0,20.0,0.04,0.298952
2026-05-17T11:00:00,2026-05-17T13:00:00,DK1,90.0,90.0,0.67,5.007446,20.0,20.0,0.04,0.298952
2026-05-17T10:00:00,2026-05-17T12:00:00,DK1,90.0,90.0,0.67,5.007446,20.0,20.0,0.04,0.298952
2026-05-17T09:00:00,2026-05-17T11:00:00,DK1,90.0,90.0,0.67,5.007446,20.0,20.0,0.04,0.298952
2026-05-17T08:00:00,2026-05-17T10:00:00,DK1,90.0,90.0,0.67,5.007446,20.0,20.0,0.04,0.298952
2026-05-17T07:00:00,2026-05-17T09:00:00,DK1,90.0,90.0,1.2,8.96856,20.0,20.0,0.04,0.298952
2026-05-17T06:00:00,2026-05-17T08:00:00,DK1,95.0,95.0,1.2,8.96856,20.0,20.0,0.03,0.224214
2026-05-17T05:00:00,2026-05-17T07:00:00,DK1,90.0,90.0,1.2,8.96856,20.0,20.0,0.03,0.224214
2026-05-17T04:00:00,2026-05-17T06:00:00,DK1,90.0,90.0,1.2,8.96856,20.0,20.0,0.03,0.224214
2026-05-17T03:00:00,2026-05-17T05:00:00,DK1,90.0,90.0,0.67,5.007446,20.0,20.0,0.03,0.224214
2026-05-17T02:00:00,2026-05-17T04:00:00,DK1,90.0,90.0,0.67,5.007446,20.0,20.0,0.03,0.224214
2026-05-17T01:00:00,2026-05-17T03:00:00,DK1,90.0,90.0,1.2,8.96856,20.0,20.0,0.03,0.224214
2026-05-17T00:00:00,2026-05-17T02:00:00,DK1,90.0,90.0,0.67,5.007446,20.0,20.0,0.03,0.224214
2026-05-16T23:00:00,2026-05-17T01:00:00,DK1,90.0,90.0,0.67,5.007446,20.0,20.0,0.03,0.224214
2026-05-16T22:00:00,2026-05-17T00:00:00,DK1,90.0,90.0,0.67,5.007446,20.0,20.0,0.03,0.224214
2026-05-16T21:00:00,2026-05-16T23:00:00,DK1,90.0,90.0,1.2,8.96856,20.0,20.0,0.03,0.224214
2026-05-16T20:00:00,2026-05-16T22:00:00,DK1,90.0,90.0,1.2,8.96856,20.0,20.0,0.03,0.224214
2026-05-16T19:00:00,2026-05-16T21:00:00,DK1,110.0,110.0,12.58,94.020404,20.0,20.0,0.03,0.224214
2026-05-16T18:00:00,2026-05-16T20:00:00,DK1,127.0,127.0,14.2,106.12796,20.0,20.0,0.03,0.224214
2026-05-16T17:00:00,2026-05-16T19:00:00,DK1,126.0,126.0,6.69,49.999722,20.0,20.0,0.03,0.224214
2026-05-16T16:00:00,2026-05-16T18:00:00,DK1,136.0,136.0,17.4,130.04412,20.0,20.0,0.03,0.224214
2026-05-16T15:00:00,2026-05-16T17:00:00,DK1,134.0,134.0,6.69,49.999722,20.0,20.0,0.03,0.224214
2026-05-16T14:00:00,2026-05-16T16:00:00,DK1,119.0,119.0,1.2,8.96856,20.0,20.0,0.03,0.224214
2026-05-16T13:00:00,2026-05-16T15:00:00,DK1,100.0,100.0,0.54,4.035852,20.0,20.0,0.03,0.224214
2026-05-16T12:00:00,2026-05-16T14:00:00,DK1,90.0,90.0,0.27,2.017926,20.0,20.0,0.03,0.224214
2026-05-16T11:00:00,2026-05-16T13:00:00,DK1,90.0,90.0,0.54,4.035852,20.0,20.0,0.03,0.224214
2026-05-16T10:00:00,2026-05-16T12:00:00,DK1,90.0,90.0,0.67,5.007446,20.0,20.0,0.03,0.224214
2026-05-16T09:00:00,2026-05-16T11:00:00,DK1,90.0,90.0,0.67,5.007446,20.0,20.0,0.03,0.224214
2026-05-16T08:00:00,2026-05-16T10:00:00,DK1,90.0,90.0,1.2,8.96856,20.0,20.0,0.03,0.224214
2026-05-16T07:00:00,2026-05-16T09:00:00,DK1,90.0,90.0,1.2,8.96856,20.0,20.0,0.03,0.224214
2026-05-16T06:00:00,2026-05-16T08:00:00,DK1,95.0,95.0,1.2,8.96856,20.0,20.0,0.03,0.224214
2026-05-16T05:00:00,2026-05-16T07:00:00,DK1,90.0,90.0,1.2,8.96856,20.0,20.0,0.03,0.224214
2026-05-16T04:00:00,2026-05-16T06:00:00,DK1,90.0,90.0,1.2,8.96856,20.0,20.0,0.03,0.224214
2026-05-16T03:00:00,2026-05-16T05:00:00,DK1,90.0,90.0,1.2,8.96856,20.0,20.0,0.03,0.224214
2026-05-16T02:00:00,2026-05-16T04:00:00,DK1,90.0,90.0,0.67,5.007446,20.0,20.0,0.03,0.224214
2026-05-16T01:00:00,2026-05-16T03:00:00,DK1,90.0,90.0,0.67,5.007446,20.0,20.0,0.03,0.224214
2026-05-16T00:00:00,2026-05-16T02:00:00,DK1,90.0,90.0,0.67,5.007446,20.0,20.0,0.03,0.224214
2026-05-15T23:00:00,2026-05-16T01:00:00,DK1,90.0,90.0,0.67,5.007446,20.0,20.0,0.03,0.224214
2026-05-15T22:00:00,2026-05-16T00:00:00,DK1,90.0,90.0,0.67,5.007446,20.0,20.0,0.03,0.224214
2026-05-15T21:00:00,2026-05-15T23:00:00,DK1,90.0,90.0,1.2,8.96856,20.0,20.0,0.03,0.224214
2026-05-15T20:00:00,2026-05-15T22:00:00,DK1,90.0,90.0,1.2,8.96856,20.0,20.0,0.03,0.224214
2026-05-15T19:00:00,2026-05-15T21:00:00,DK1,104.0,104.0,6.69,49.999722,20.0,20.0,0.03,0.224214
2026-05-15T18:00:00,2026-05-15T20:00:00,DK1,114.0,114.0,33.46,250.073348,20.0,20.0,0.03,0.224214
2026-05-15T17:00:00,2026-05-15T19:00:00,DK1,121.0,121.0,6.0,44.8428,20.0,20.0,0.03,0.224214
2026-05-15T16:00:00,2026-05-15T18:00:00,DK1,139.0,139.0,12.71,94.991998,20.0,20.0,0.04,0.298952
2026-05-15T15:00:00,2026-05-15T17:00:00,DK1,124.0,124.0,6.0,44.8428,20.0,20.0,0.04,0.298952
2026-05-15T14:00:00,2026-05-15T16:00:00,DK1,122.0,122.0,1.2,8.96856,20.0,20.0,0.04,0.298952
2026-05-15T13:00:00,2026-05-15T15:00:00,DK1,91.0,91.0,0.67,5.007446,20.0,20.0,0.04,0.298952
2026-05-15T12:00:00,2026-05-15T14:00:00,DK1,90.0,90.0,0.67,5.007446,20.0,20.0,0.04,0.298952
2026-05-15T11:00:00,2026-05-15T13:00:00,DK1,90.0,90.0,0.67,5.007446,20.0,20.0,0.04,0.298952
2026-05-15T10:00:00,2026-05-15T12:00:00,DK1,90.0,90.0,0.67,5.007446,20.0,20.0,0.04,0.298952
2026-05-15T09:00:00,2026-05-15T11:00:00,DK1,90.0,90.0,0.67,5.007446,20.0,20.0,0.04,0.298952
2026-05-15T08:00:00,2026-05-15T10:00:00,DK1,90.0,90.0,1.2,8.96856,20.0,20.0,0.04,0.298952
2026-05-15T07:00:00,2026-05-15T09:00:00,DK1,90.0,90.0,1.2,8.96856,20.0,20.0,0.04,0.298952
2026-05-15T06:00:00,2026-05-15T08:00:00,DK1,90.0,90.0,1.2,8.96856,20.0,20.0,0.04,0.298952
2026-05-15T05:00:00,2026-05-15T07:00:00,DK1,90.0,90.0,1.2,8.96856,20.0,20.0,0.04,0.298952
2026-05-15T04:00:00,2026-05-15T06:00:00,DK1,90.0,90.0,1.2,8.96856,20.0,20.0,0.04,0.298952
2026-05-15T03:00:00,2026-05-15T05:00:00,DK1,90.0,90.0,0.67,5.007446,20.0,20.0,0.04,0.298952
2026-05-15T02:00:00,2026-05-15T04:00:00,DK1,90.0,90.0,1.2,8.96856,20.0,20.0,0.03,0.224214
2026-05-15T01:00:00,2026-05-15T03:00:00,DK1,90.0,90.0,0.67,5.007446,20.0,20.0,0.03,0.224214
2026-05-15T00:00:00,2026-05-15T02:00:00,DK1,90.0,90.0,0.67,5.007446,20.0,20.0,0.03,0.224214
2026-05-14T23:00:00,2026-05-15T01:00:00,DK1,90.0,90.0,0.67,5.007446,20.0,20.0,0.03,0.224214
2026-05-14T22:00:00,2026-05-15T00:00:00,DK1,90.0,90.0,1.2,8.96856,20.0,20.0,0.03,0.224214
2026-05-14T21:00:00,2026-05-14T23:00:00,DK1,90.0,90.0,12.58,94.020404,20.0,20.0,0.05,0.37369
2026-05-14T20:00:00,2026-05-14T22:00:00,DK1,90.0,90.0,46.84,350.072792,20.0,20.0,0.05,0.37369
2026-05-14T19:00:00,2026-05-14T21:00:00,DK1,112.0,112.0,60.22,450.072236,20.0,20.0,0.05,0.37369
2026-05-14T18:00:00,2026-05-14T20:00:00,DK1,116.0,116.0,97.82,731.087116,20.0,20.0,0.05,0.37369
2026-05-14T17:00:00,2026-05-14T19:00:00,DK1,122.0,122.0,76.55,572.11939,20.0,20.0,0.05,0.37369
2026-05-14T16:00:00,2026-05-14T18:00:00,DK1,131.0,131.0,50.85,380.04273,20.0,20.0,0.05,0.37369
2026-05-14T15:00:00,2026-05-14T17:00:00,DK1,131.0,131.0,13.14,98.205732,20.0,20.0,0.05,0.37369
2026-05-14T14:00:00,2026-05-14T16:00:00,DK1,120.0,120.0,6.1,45.59018,20.0,20.0,0.05,0.37369
2026-05-14T13:00:00,2026-05-14T15:00:00,DK1,90.0,90.0,0.67,5.007446,20.0,20.0,0.05,0.37369
2026-05-14T12:00:00,2026-05-14T14:00:00,DK1,90.0,90.0,0.67,5.007446,20.0,20.0,0.05,0.37369
2026-05-14T11:00:00,2026-05-14T13:00:00,DK1,90.0,90.0,0.54,4.035852,20.0,20.0,0.05,0.37369
2026-05-14T10:00:00,2026-05-14T12:00:00,DK1,90.0,90.0,1.2,8.96856,20.0,20.0,0.05,0.37369
2026-05-14T09:00:00,2026-05-14T11:00:00,DK1,90.0,90.0,4.01,29.969938,20.0,20.0,0.05,0.37369
2026-05-14T08:00:00,2026-05-14T10:00:00,DK1,90.0,90.0,5.76,43.049088,20.0,20.0,0.05,0.37369
2026-05-14T07:00:00,2026-05-14T09:00:00,DK1,90.0,90.0,6.69,49.999722,20.0,20.0,0.05,0.37369
2026-05-14T06:00:00,2026-05-14T08:00:00,DK1,90.0,90.0,12.58,94.020404,20.0,20.0,0.05,0.37369
2026-05-14T05:00:00,2026-05-14T07:00:00,DK1,92.0,92.0,6.0,44.8428,20.0,21.0,0.05,0.37369
2026-05-14T04:00:00,2026-05-14T06:00:00,DK1,90.0,90.0,12.58,94.020404,20.0,20.0,0.05,0.37369
2026-05-14T03:00:00,2026-05-14T05:00:00,DK1,90.0,90.0,1.2,8.96856,20.0,20.0,0.05,0.37369
2026-05-14T02:00:00,2026-05-14T04:00:00,DK1,90.0,90.0,1.2,8.96856,20.0,20.0,0.05,0.37369
2026-05-14T01:00:00,2026-05-14T03:00:00,DK1,90.0,90.0,0.54,4.035852,20.0,20.0,0.05,0.37369
2026-05-14T00:00:00,2026-05-14T02:00:00,DK1,90.0,90.0,0.54,4.035852,20.0,20.0,0.05,0.37369
2026-05-13T23:00:00,2026-05-14T01:00:00,DK1,90.0,90.0,1.2,8.96856,20.0,20.0,0.05,0.37369
2026-05-13T22:00:00,2026-05-14T00:00:00,DK1,90.0,90.0,2.0,14.9476,20.0,20.0,0.05,0.37369
2026-05-13T21:00:00,2026-05-13T23:00:00,DK1,90.0,90.0,12.58,94.020404,20.0,20.0,0.07,0.523166
2026-05-13T20:00:00,2026-05-13T22:00:00,DK1,92.0,92.0,12.85,96.03833,20.0,20.0,0.07,0.523166
2026-05-13T19:00:00,2026-05-13T21:00:00,DK1,105.0,105.0,44.57,333.107266,20.0,20.0,0.07,0.523166
2026-05-13T18:00:00,2026-05-13T20:00:00,DK1,109.0,109.0,73.61,550.146418,20.0,20.0,0.07,0.523166
2026-05-13T17:00:00,2026-05-13T19:00:00,DK1,114.0,114.0,74.94,560.086572,20.0,20.0,0.07,0.523166
2026-05-13T16:00:00,2026-05-13T18:00:00,DK1,121.0,121.0,52.32,391.029216,20.0,20.0,0.07,0.523166
2026-05-13T15:00:00,2026-05-13T17:00:00,DK1,102.0,102.0,12.58,94.020404,20.0,20.0,0.07,0.523166
2026-05-13T14:00:00,2026-05-13T16:00:00,DK1,93.0,93.0,6.69,49.999722,20.0,20.0,0.07,0.523166
2026-05-13T13:00:00,2026-05-13T15:00:00,DK1,91.0,91.0,14.23,106.352174,20.0,20.0,0.07,0.523166
2026-05-13T12:00:00,2026-05-13T14:00:00,DK1,90.0,90.0,6.69,49.999722,20.0,20.0,0.07,0.523166
2026-05-13T11:00:00,2026-05-13T13:00:00,DK1,90.0,90.0,6.69,49.999722,20.0,20.0,0.07,0.523166
2026-05-13T10:00:00,2026-05-13T12:00:00,DK1,90.0,90.0,7.49,55.978762,20.0,20.0,0.07,0.523166
2026-05-13T09:00:00,2026-05-13T11:00:00,DK1,90.0,90.0,13.12,98.056256,20.0,20.0,0.07,0.523166
2026-05-13T08:00:00,2026-05-13T10:00:00,DK1,90.0,90.0,20.08,150.073904,20.0,20.0,0.07,0.523166
2026-05-13T07:00:00,2026-05-13T09:00:00,DK1,90.0,90.0,12.85,96.03833,20.0,20.0,0.07,0.523166
2026-05-13T06:00:00,2026-05-13T08:00:00,DK1,97.0,97.0,89.57,669.428266,20.0,20.0,0.07,0.523166
2026-05-13T05:00:00,2026-05-13T07:00:00,DK1,92.0,92.0,17.9,133.78102,20.0,20.0,0.07,0.523166
2026-05-13T04:00:00,2026-05-13T06:00:00,DK1,93.0,93.0,37.47,280.043286,20.0,20.0,0.07,0.523166
2026-05-13T03:00:00,2026-05-13T05:00:00,DK1,90.0,90.0,33.46,250.073348,20.0,20.0,0.07,0.523166
2026-05-13T02:00:00,2026-05-13T04:00:00,DK1,90.0,90.0,1.2,8.96856,20.0,20.0,0.07,0.523166
2026-05-13T01:00:00,2026-05-13T03:00:00,DK1,90.0,90.0,0.67,5.007446,20.0,20.0,0.07,0.523166
2026-05-13T00:00:00,2026-05-13T02:00:00,DK1,90.0,90.0,0.67,5.007446,20.0,20.0,0.07,0.523166
2026-05-12T23:00:00,2026-05-13T01:00:00,DK1,90.0,90.0,1.61,12.032818,20.0,20.0,0.07,0.523166
2026-05-12T22:00:00,2026-05-13T00:00:00,DK1,90.0,90.0,1.61,12.032818,20.0,20.0,0.07,0.523166
2026-05-12T21:00:00,2026-05-12T23:00:00,DK1,90.0,90.0,1.2,8.96748,20.0,20.0,0.07,0.523103
2026-05-12T20:00:00,2026-05-12T22:00:00,DK1,93.0,93.0,12.71,94.980559,20.0,20.0,0.07,0.523103
2026-05-12T19:00:00,2026-05-12T21:00:00,DK1,120.0,120.0,64.23,479.984367,20.0,20.0,0.07,0.523103
2026-05-12T18:00:00,2026-05-12T20:00:00,DK1,136.0,136.0,113.33,846.903757,20.0,20.0,0.07,0.523103
2026-05-12T17:00:00,2026-05-12T19:00:00,DK1,126.0,126.0,66.11,494.033419,20.0,20.0,0.07,0.523103
2026-05-12T16:00:00,2026-05-12T18:00:00,DK1,143.0,143.0,78.55,586.996295,20.0,20.0,0.07,0.523103
2026-05-12T15:00:00,2026-05-12T17:00:00,DK1,127.0,127.0,48.7,363.93023,20.0,20.0,0.07,0.523103
2026-05-12T14:00:00,2026-05-12T16:00:00,DK1,118.0,118.0,6.69,49.993701,20.0,20.0,0.0,0.0
2026-05-12T13:00:00,2026-05-12T15:00:00,DK1,103.0,103.0,4.29,32.058741,20.0,20.0,0.07,0.523103
2026-05-12T12:00:00,2026-05-12T14:00:00,DK1,90.0,90.0,5.35,39.980015,20.0,20.0,0.07,0.523103
2026-05-12T11:00:00,2026-05-12T13:00:00,DK1,90.0,90.0,1.2,8.96748,20.0,20.0,0.07,0.523103
2026-05-12T10:00:00,2026-05-12T12:00:00,DK1,90.0,90.0,5.0,37.3645,20.0,20.0,0.07,0.523103
2026-05-12T09:00:00,2026-05-12T11:00:00,DK1,90.0,90.0,6.0,44.8374,20.0,20.0,0.07,0.523103
2026-05-12T08:00:00,2026-05-12T10:00:00,DK1,90.0,90.0,6.69,49.993701,20.0,20.0,0.07,0.523103
2026-05-12T07:00:00,2026-05-12T09:00:00,DK1,90.0,90.0,25.16,188.018164,20.0,20.0,0.07,0.523103
2026-05-12T06:00:00,2026-05-12T08:00:00,DK1,96.0,96.0,26.77,200.049533,20.0,20.0,0.07,0.523103
2026-05-12T05:00:00,2026-05-12T07:00:00,DK1,101.0,101.0,12.85,96.026765,20.0,20.0,0.07,0.523103
2026-05-12T04:00:00,2026-05-12T06:00:00,DK1,95.0,95.0,7.6,56.79404,20.0,20.0,0.07,0.523103
2026-05-12T03:00:00,2026-05-12T05:00:00,DK1,90.0,90.0,0.67,5.006843,20.0,20.0,0.07,0.523103
2026-05-12T02:00:00,2026-05-12T04:00:00,DK1,90.0,90.0,0.67,5.006843,20.0,20.0,0.07,0.523103
2026-05-12T01:00:00,2026-05-12T03:00:00,DK1,90.0,90.0,0.67,5.006843,20.0,20.0,0.07,0.523103
2026-05-12T00:00:00,2026-05-12T02:00:00,DK1,90.0,90.0,0.67,5.006843,20.0,20.0,0.07,0.523103
2026-05-11T23:00:00,2026-05-12T01:00:00,DK1,90.0,90.0,0.67,5.006843,20.0,20.0,0.07,0.523103
2026-05-11T22:00:00,2026-05-12T00:00:00,DK1,90.0,90.0,1.2,8.96748,20.0,20.0,0.07,0.523103
2026-05-11T21:00:00,2026-05-11T23:00:00,DK1,90.0,90.0,0.67,5.006642,20.0,20.0,0.07,0.523082
2026-05-11T20:00:00,2026-05-11T22:00:00,DK1,90.0,90.0,1.2,8.96712,20.0,20.0,0.07,0.523082
2026-05-11T19:00:00,2026-05-11T21:00:00,DK1,117.0,117.0,12.71,94.976746,20.0,20.0,0.07,0.523082
2026-05-11T18:00:00,2026-05-11T20:00:00,DK1,110.0,110.0,56.74,423.995324,20.0,20.0,0.07,0.523082
2026-05-11T17:00:00,2026-05-11T19:00:00,DK1,103.0,103.0,28.24,211.026224,20.0,20.0,0.07,0.523082
2026-05-11T16:00:00,2026-05-11T18:00:00,DK1,118.0,118.0,45.37,339.031862,20.0,20.0,0.07,0.523082
2026-05-11T15:00:00,2026-05-11T17:00:00,DK1,117.0,117.0,29.58,221.039508,20.0,20.0,0.07,0.523082
2026-05-11T14:00:00,2026-05-11T16:00:00,DK1,105.0,105.0,9.6,71.73696,20.0,20.0,0.07,0.523082
2026-05-11T13:00:00,2026-05-11T15:00:00,DK1,90.0,90.0,12.71,94.976746,20.0,20.0,0.07,0.523082
2026-05-11T12:00:00,2026-05-11T14:00:00,DK1,90.0,90.0,12.85,96.02291,20.0,20.0,0.07,0.523082
2026-05-11T11:00:00,2026-05-11T13:00:00,DK1,90.0,90.0,12.71,94.976746,20.0,20.0,0.05,0.37363
2026-05-11T10:00:00,2026-05-11T12:00:00,DK1,90.0,90.0,12.71,94.976746,20.0,20.0,0.05,0.37363
2026-05-11T09:00:00,2026-05-11T11:00:00,DK1,90.0,90.0,12.85,96.02291,20.0,20.0,0.05,0.37363
2026-05-11T08:00:00,2026-05-11T10:00:00,DK1,90.0,90.0,31.18,232.995668,20.0,20.0,0.05,0.37363
2026-05-11T07:00:00,2026-05-11T09:00:00,DK1,90.0,90.0,46.84,350.016584,20.0,20.0,0.05,0.37363
2026-05-11T06:00:00,2026-05-11T08:00:00,DK1,92.0,92.0,65.31,488.035506,20.0,20.0,0.05,0.37363
2026-05-11T05:00:00,2026-05-11T07:00:00,DK1,90.0,90.0,12.58,94.005308,20.0,20.0,0.05,0.37363
2026-05-11T04:00:00,2026-05-11T06:00:00,DK1,90.0,90.0,11.4,85.18764,20.0,20.0,0.05,0.37363
2026-05-11T03:00:00,2026-05-11T05:00:00,DK1,90.0,90.0,0.67,5.006642,20.0,20.0,0.05,0.37363
2026-05-11T02:00:00,2026-05-11T04:00:00,DK1,90.0,90.0,0.67,5.006642,20.0,20.0,0.05,0.37363
2026-05-11T01:00:00,2026-05-11T03:00:00,DK1,90.0,90.0,0.67,5.006642,20.0,20.0,0.05,0.37363
2026-05-11T00:00:00,2026-05-11T02:00:00,DK1,90.0,90.0,1.2,8.96712,20.0,20.0,0.05,0.37363
2026-05-10T23:00:00,2026-05-11T01:00:00,DK1,90.0,90.0,0.67,5.006642,20.0,20.0,0.05,0.37363
2026-05-10T22:00:00,2026-05-11T00:00:00,DK1,90.0,90.0,1.2,8.96712,20.0,20.0,0.05,0.37363
2026-05-10T21:00:00,2026-05-10T23:00:00,DK1,90.0,90.0,0.67,5.006642,20.0,20.0,0.07,0.523082
2026-05-10T20:00:00,2026-05-10T22:00:00,DK1,90.0,90.0,1.2,8.96712,20.0,20.0,0.07,0.523082
2026-05-10T19:00:00,2026-05-10T21:00:00,DK1,111.0,111.0,19.27,143.997002,20.0,22.0,0.05,0.37363
2026-05-10T18:00:00,2026-05-10T20:00:00,DK1,120.0,120.0,98.73,737.769798,20.0,20.0,0.07,0.523082
2026-05-10T17:00:00,2026-05-10T19:00:00,DK1,131.0,131.0,94.42,705.562892,20.0,20.0,0.07,0.523082
2026-05-10T16:00:00,2026-05-10T18:00:00,DK1,138.0,138.0,86.99,650.041474,20.0,20.0,0.07,0.523082
2026-05-10T15:00:00,2026-05-10T17:00:00,DK1,129.0,129.0,12.85,96.02291,20.0,20.0,0.07,0.523082
2026-05-10T14:00:00,2026-05-10T16:00:00,DK1,112.0,112.0,1.29,9.639654,20.0,20.0,0.08,0.597808
2026-05-10T13:00:00,2026-05-10T15:00:00,DK1,95.0,95.0,0.2,1.49452,20.0,20.0,0.08,0.597808
2026-05-10T12:00:00,2026-05-10T14:00:00,DK1,90.0,90.0,0.2,1.49452,20.0,20.0,0.08,0.597808
2026-05-10T11:00:00,2026-05-10T13:00:00,DK1,90.0,90.0,0.2,1.49452,20.0,20.0,0.08,0.597808
2026-05-10T10:00:00,2026-05-10T12:00:00,DK1,90.0,90.0,0.27,2.017602,20.0,20.0,0.08,0.597808
2026-05-10T09:00:00,2026-05-10T11:00:00,DK1,90.0,90.0,0.54,4.035204,20.0,20.0,0.08,0.597808
2026-05-10T08:00:00,2026-05-10T10:00:00,DK1,90.0,90.0,0.67,5.006642,20.0,20.0,0.08,0.597808
2026-05-10T07:00:00,2026-05-10T09:00:00,DK1,90.0,90.0,1.2,8.96712,20.0,20.0,0.08,0.597808
2026-05-10T06:00:00,2026-05-10T08:00:00,DK1,90.0,90.0,33.09,247.268334,20.0,20.0,0.07,0.523082
2026-05-10T05:00:00,2026-05-10T07:00:00,DK1,90.0,90.0,6.69,49.991694,20.0,20.0,0.07,0.523082
2026-05-10T04:00:00,2026-05-10T06:00:00,DK1,90.0,90.0,6.0,44.8356,20.0,20.0,0.07,0.523082
2026-05-10T03:00:00,2026-05-10T05:00:00,DK1,90.0,90.0,0.67,5.006642,20.0,20.0,0.07,0.523082
2026-05-10T02:00:00,2026-05-10T04:00:00,DK1,90.0,90.0,0.67,5.006642,20.0,20.0,0.07,0.523082
2026-05-10T01:00:00,2026-05-10T03:00:00,DK1,90.0,90.0,0.67,5.006642,20.0,20.0,0.07,0.523082
2026-05-10T00:00:00,2026-05-10T02:00:00,DK1,90.0,90.0,0.67,5.006642,20.0,20.0,0.07,0.523082
2026-05-09T23:00:00,2026-05-10T01:00:00,DK1,90.0,90.0,0.67,5.006642,20.0,20.0,0.07,0.523082
2026-05-09T22:00:00,2026-05-10T00:00:00,DK1,90.0,90.0,1.2,8.96712,20.0,20.0,0.07,0.523082
2026-05-09T21:00:00,2026-05-09T23:00:00,DK1,90.0,90.0,9.0,67.2534,20.0,20.0,0.07,0.523082
2026-05-09T20:00:00,2026-05-09T22:00:00,DK1,90.0,90.0,9.0,67.2534,20.0,20.0,0.07,0.523082
2026-05-09T19:00:00,2026-05-09T21:00:00,DK1,95.0,95.0,33.46,250.033196,20.0,20.0,0.07,0.523082
2026-05-09T18:00:00,2026-05-09T20:00:00,DK1,99.0,99.0,12.85,96.02291,20.0,20.0,0.07,0.523082
2026-05-09T17:00:00,2026-05-09T19:00:00,DK1,100.0,100.0,12.85,96.02291,20.0,20.0,0.07,0.523082
2026-05-09T16:00:00,2026-05-09T18:00:00,DK1,98.0,98.0,12.71,94.976746,20.0,20.0,0.07,0.523082
2026-05-09T15:00:00,2026-05-09T17:00:00,DK1,92.0,92.0,6.0,44.8356,20.0,20.0,0.07,0.523082
2026-05-09T14:00:00,2026-05-09T16:00:00,DK1,90.0,90.0,6.99,52.233474,20.0,20.0,0.1,0.74726
2026-05-09T13:00:00,2026-05-09T15:00:00,DK1,90.0,90.0,0.67,5.006642,20.0,20.0,0.08,0.597808
2026-05-09T12:00:00,2026-05-09T14:00:00,DK1,90.0,90.0,0.54,4.035204,20.0,20.0,0.08,0.597808
2026-05-09T11:00:00,2026-05-09T13:00:00,DK1,90.0,90.0,0.54,4.035204,20.0,20.0,0.08,0.597808
2026-05-09T10:00:00,2026-05-09T12:00:00,DK1,90.0,90.0,0.67,5.006642,20.0,20.0,0.08,0.597808
2026-05-09T09:00:00,2026-05-09T11:00:00,DK1,90.0,90.0,0.67,5.006642,20.0,20.0,0.13,0.971438
2026-05-09T08:00:00,2026-05-09T10:00:00,DK1,90.0,90.0,0.54,4.035204,20.0,20.0,0.08,0.597808
2026-05-09T07:00:00,2026-05-09T09:00:00,DK1,90.0,90.0,6.69,49.991694,20.0,20.0,0.08,0.597808
2026-05-09T06:00:00,2026-05-09T08:00:00,DK1,90.0,90.0,12.85,96.02291,20.0,20.0,0.1,0.74726
2026-05-09T05:00:00,2026-05-09T07:00:00,DK1,90.0,90.0,6.69,49.991694,20.0,20.0,0.1,0.74726
2026-05-09T04:00:00,2026-05-09T06:00:00,DK1,90.0,90.0,6.5,48.5719,20.0,20.0,0.1,0.74726
2026-05-09T03:00:00,2026-05-09T05:00:00,DK1,90.0,90.0,12.58,94.005308,20.0,20.0,0.1,0.74726
2026-05-09T02:00:00,2026-05-09T04:00:00,DK1,90.0,90.0,1.2,8.96712,20.0,20.0,0.1,0.74726
2026-05-09T01:00:00,2026-05-09T03:00:00,DK1,90.0,90.0,1.2,8.96712,20.0,20.0,0.07,0.523082
2026-05-09T00:00:00,2026-05-09T02:00:00,DK1,90.0,90.0,1.2,8.96712,20.0,20.0,0.07,0.523082
2026-05-08T23:00:00,2026-05-09T01:00:00,DK1,90.0,90.0,3.21,23.987046,20.0,20.0,0.07,0.523082
2026-05-08T22:00:00,2026-05-09T00:00:00,DK1,90.0,90.0,6.0,44.8356,20.0,20.0,0.07,0.523082
2026-05-08T21:00:00,2026-05-08T23:00:00,DK1,90.0,90.0,6.69,49.991694,20.0,20.0,0.07,0.523082
2026-05-08T20:00:00,2026-05-08T22:00:00,DK1,90.0,90.0,12.71,94.976746,20.0,20.0,0.07,0.523082
2026-05-08T19:00:00,2026-05-08T21:00:00,DK1,106.0,106.0,53.53,400.008278,20.0,20.0,0.07,0.523082
2026-05-08T18:00:00,2026-05-08T20:00:00,DK1,104.0,104.0,67.59,505.073034,20.0,20.0,0.07,0.523082
2026-05-08T17:00:00,2026-05-08T19:00:00,DK1,108.0,108.0,67.89,507.314814,20.0,20.0,0.07,0.523082
2026-05-08T16:00:00,2026-05-08T18:00:00,DK1,116.0,116.0,63.16,471.969416,20.0,20.0,0.07,0.523082
2026-05-08T15:00:00,2026-05-08T17:00:00,DK1,95.0,95.0,12.71,94.976746,20.0,20.0,0.07,0.523082
2026-05-08T14:00:00,2026-05-08T16:00:00,DK1,90.0,90.0,6.69,49.991694,20.0,20.0,0.1,0.74726
2026-05-08T13:00:00,2026-05-08T15:00:00,DK1,90.0,90.0,6.69,49.991694,20.0,20.0,0.1,0.74726
2026-05-08T12:00:00,2026-05-08T14:00:00,DK1,90.0,90.0,6.69,49.991694,20.0,20.0,0.1,0.74726
2026-05-08T11:00:00,2026-05-08T13:00:00,DK1,90.0,90.0,6.69,49.991694,20.0,20.0,0.08,0.597808
2026-05-08T10:00:00,2026-05-08T12:00:00,DK1,90.0,90.0,6.69,49.991694,20.0,20.0,0.08,0.597808
2026-05-08T09:00:00,2026-05-08T11:00:00,DK1,90.0,90.0,12.58,94.005308,20.0,20.0,0.1,0.74726
2026-05-08T08:00:00,2026-05-08T10:00:00,DK1,90.0,90.0,11.8,88.17668,20.0,20.0,0.1,0.74726
2026-05-08T07:00:00,2026-05-08T09:00:00,DK1,90.0,90.0,11.8,88.17668,20.0,20.0,0.07,0.523082
2026-05-08T06:00:00,2026-05-08T08:00:00,DK1,90.0,90.0,12.71,94.976746,20.0,22.0,0.08,0.597808
2026-05-08T05:00:00,2026-05-08T07:00:00,DK1,91.0,91.0,26.9,201.01294,20.0,20.0,0.07,0.523082
2026-05-08T04:00:00,2026-05-08T06:00:00,DK1,90.0,90.0,44.57,333.053782,20.0,20.0,0.07,0.523082
2026-05-08T03:00:00,2026-05-08T05:00:00,DK1,90.0,90.0,12.71,94.976746,20.0,20.0,0.07,0.523082
2026-05-08T02:00:00,2026-05-08T04:00:00,DK1,90.0,90.0,12.71,94.976746,20.0,20.0,0.07,0.523082
2026-05-08T01:00:00,2026-05-08T03:00:00,DK1,90.0,90.0,12.71,94.976746,20.0,20.0,0.07,0.523082
2026-05-08T00:00:00,2026-05-08T02:00:00,DK1,90.0,90.0,2.0,14.9452,20.0,20.0,0.07,0.523082
2026-05-07T23:00:00,2026-05-08T01:00:00,DK1,90.0,90.0,1.2,8.96712,20.0,20.0,0.07,0.523082
2026-05-07T22:00:00,2026-05-08T00:00:00,DK1,90.0,90.0,6.69,49.991694,20.0,20.0,0.07,0.523082
2026-05-07T21:00:00,2026-05-07T23:00:00,DK1,90.0,90.0,13.38,99.983388,20.0,20.0,0.1,0.74726
2026-05-07T20:00:00,2026-05-07T22:00:00,DK1,90.0,90.0,13.38,99.983388,20.0,20.0,0.1,0.74726
2026-05-07T19:00:00,2026-05-07T21:00:00,DK1,101.0,101.0,26.4,197.27664,20.0,20.0,0.1,0.74726
2026-05-07T18:00:00,2026-05-07T20:00:00,DK1,106.0,106.0,122.05,912.03083,20.0,20.0,0.1,0.74726
2026-05-07T17:00:00,2026-05-07T19:00:00,DK1,114.0,114.0,133.56,998.040456,20.0,20.0,0.1,0.74726
2026-05-07T16:00:00,2026-05-07T18:00:00,DK1,118.0,118.0,74.81,559.025206,20.0,20.0,0.1,0.74726
2026-05-07T15:00:00,2026-05-07T17:00:00,DK1,102.0,102.0,28.24,211.026224,20.0,20.0,0.1,0.74726
2026-05-07T14:00:00,2026-05-07T16:00:00,DK1,90.0,90.0,12.58,94.005308,20.0,20.0,0.1,0.74726
2026-05-07T13:00:00,2026-05-07T15:00:00,DK1,90.0,90.0,14.79,110.519754,20.0,20.0,0.1,0.74726
2026-05-07T12:00:00,2026-05-07T14:00:00,DK1,90.0,90.0,12.58,94.005308,20.0,20.0,0.1,0.74726
2026-05-07T11:00:00,2026-05-07T13:00:00,DK1,90.0,90.0,12.58,94.005308,20.0,20.0,0.1,0.74726
2026-05-07T10:00:00,2026-05-07T12:00:00,DK1,90.0,90.0,12.71,94.976746,20.0,20.0,0.1,0.74726
2026-05-07T09:00:00,2026-05-07T11:00:00,DK1,90.0,90.0,12.9,96.39654,20.0,20.0,0.1,0.74726
2026-05-07T08:00:00,2026-05-07T10:00:00,DK1,90.0,90.0,12.9,96.39654,20.0,20.0,0.1,0.74726
2026-05-07T07:00:00,2026-05-07T09:00:00,DK1,90.0,90.0,12.9,96.39654,20.0,20.0,0.1,0.74726
2026-05-07T06:00:00,2026-05-07T08:00:00,DK1,96.0,96.0,24.3,181.58418,20.0,20.0,0.1,0.74726
2026-05-07T05:00:00,2026-05-07T07:00:00,DK1,92.0,92.0,22.3,166.63898,20.0,20.0,0.1,0.74726
2026-05-07T04:00:00,2026-05-07T06:00:00,DK1,90.0,90.0,53.53,400.008278,20.0,20.0,0.1,0.74726
2026-05-07T03:00:00,2026-05-07T05:00:00,DK1,90.0,90.0,12.85,96.02291,20.0,20.0,0.1,0.74726
2026-05-07T02:00:00,2026-05-07T04:00:00,DK1,90.0,90.0,19.27,143.997002,20.0,20.0,0.1,0.74726
2026-05-07T01:00:00,2026-05-07T03:00:00,DK1,90.0,90.0,1.2,8.96712,20.0,20.0,0.1,0.74726
2026-05-07T00:00:00,2026-05-07T02:00:00,DK1,90.0,90.0,1.2,8.96712,20.0,22.0,0.11,0.821986
2026-05-06T23:00:00,2026-05-07T01:00:00,DK1,90.0,90.0,1.2,8.96712,20.0,20.0,0.1,0.74726
2026-05-06T22:00:00,2026-05-07T00:00:00,DK1,90.0,90.0,1.2,8.96712,20.0,20.0,0.1,0.74726
2026-05-06T21:00:00,2026-05-06T23:00:00,DK1,90.0,90.0,6.69,49.991025,20.0,20.0,0.1,0.74725
2026-05-06T20:00:00,2026-05-06T22:00:00,DK1,94.0,94.0,12.71,94.975475,20.0,20.0,0.1,0.74725
2026-05-06T19:00:00,2026-05-06T21:00:00,DK1,109.0,109.0,80.3,600.04175,20.0,20.0,0.1,0.74725
2026-05-06T18:00:00,2026-05-06T20:00:00,DK1,123.0,123.0,104.52,781.0257,20.0,20.0,0.1,0.74725
2026-05-06T17:00:00,2026-05-06T19:00:00,DK1,125.0,125.0,93.94,701.96665,20.0,20.0,0.1,0.74725
2026-05-06T16:00:00,2026-05-06T18:00:00,DK1,136.0,136.0,71.33,533.013425,20.0,20.0,0.1,0.74725
2026-05-06T15:00:00,2026-05-06T17:00:00,DK1,107.0,107.0,53.53,400.002925,20.0,20.0,0.1,0.74725
2026-05-06T14:00:00,2026-05-06T16:00:00,DK1,101.0,101.0,12.85,96.021625,20.0,20.0,0.1,0.74725
2026-05-06T13:00:00,2026-05-06T15:00:00,DK1,90.0,90.0,24.89,185.990525,20.0,20.0,0.1,0.74725
2026-05-06T12:00:00,2026-05-06T14:00:00,DK1,90.0,90.0,12.58,94.00405,20.0,20.0,0.1,0.74725
2026-05-06T11:00:00,2026-05-06T13:00:00,DK1,90.0,90.0,12.71,94.975475,20.0,20.0,0.1,0.74725
2026-05-06T10:00:00,2026-05-06T12:00:00,DK1,90.0,90.0,12.71,94.975475,20.0,20.0,0.1,0.74725
2026-05-06T09:00:00,2026-05-06T11:00:00,DK1,90.0,90.0,12.98,96.99305,20.0,20.0,0.1,0.74725
2026-05-06T08:00:00,2026-05-06T10:00:00,DK1,90.0,90.0,36.53,272.970425,20.0,20.0,0.1,0.74725
2026-05-06T07:00:00,2026-05-06T09:00:00,DK1,90.0,90.0,44.96,335.9636,20.0,20.0,0.1,0.74725
2026-05-06T06:00:00,2026-05-06T08:00:00,DK1,99.0,99.0,61.43,459.035675,20.0,20.0,0.1,0.74725
2026-05-06T05:00:00,2026-05-06T07:00:00,DK1,91.0,91.0,57.95,433.031375,20.0,20.0,0.1,0.74725
2026-05-06T04:00:00,2026-05-06T06:00:00,DK1,90.0,90.0,6.69,49.991025,20.0,20.0,0.1,0.74725
2026-05-06T03:00:00,2026-05-06T05:00:00,DK1,90.0,90.0,6.6,49.3185,20.0,20.0,0.1,0.74725
2026-05-06T02:00:00,2026-05-06T04:00:00,DK1,90.0,90.0,6.69,49.991025,20.0,20.0,0.1,0.74725
2026-05-06T01:00:00,2026-05-06T03:00:00,DK1,90.0,90.0,2.0,14.945,20.0,20.0,0.1,0.74725
2026-05-06T00:00:00,2026-05-06T02:00:00,DK1,90.0,90.0,1.2,8.967,20.0,20.0,0.1,0.74725
2026-05-05T23:00:00,2026-05-06T01:00:00,DK1,90.0,90.0,1.2,8.967,20.0,20.0,0.1,0.74725
2026-05-05T22:00:00,2026-05-06T00:00:00,DK1,90.0,90.0,1.2,8.967,20.0,20.0,0.1,0.74725
2026-05-05T21:00:00,2026-05-05T23:00:00,DK1,90.0,90.0,2.0,14.9456,20.0,20.0,0.1,0.74728
2026-05-05T20:00:00,2026-05-05T22:00:00,DK1,93.0,93.0,12.71,94.979288,20.0,20.0,0.1,0.74728
2026-05-05T19:00:00,2026-05-05T21:00:00,DK1,115.0,115.0,55.81,417.056968,20.0,20.0,0.1,0.74728
2026-05-05T18:00:00,2026-05-05T20:00:00,DK1,120.0,120.0,62.1,464.06088,20.0,20.0,0.1,0.74728
2026-05-05T17:00:00,2026-05-05T19:00:00,DK1,125.0,125.0,59.83,447.097624,20.0,20.0,0.1,0.74728
2026-05-05T16:00:00,2026-05-05T18:00:00,DK1,137.0,137.0,50.46,377.077488,20.0,20.0,0.1,0.74728
2026-05-05T15:00:00,2026-05-05T17:00:00,DK1,115.0,115.0,30.78,230.012784,20.0,21.0,0.1,0.74728
2026-05-05T14:00:00,2026-05-05T16:00:00,DK1,102.0,102.0,16.33,122.030824,20.0,20.0,0.0,0.0
2026-05-05T13:00:00,2026-05-05T15:00:00,DK1,98.0,98.0,12.85,96.02548,20.0,20.0,0.1,0.74728
2026-05-05T12:00:00,2026-05-05T14:00:00,DK1,90.0,90.0,6.69,49.993032,20.0,20.0,0.1,0.74728
2026-05-05T11:00:00,2026-05-05T13:00:00,DK1,90.0,90.0,6.69,49.993032,20.0,20.0,0.1,0.74728
2026-05-05T10:00:00,2026-05-05T12:00:00,DK1,90.0,90.0,6.69,49.993032,20.0,20.0,0.1,0.74728
2026-05-05T09:00:00,2026-05-05T11:00:00,DK1,90.0,90.0,12.71,94.979288,20.0,20.0,0.1,0.74728
2026-05-05T08:00:00,2026-05-05T10:00:00,DK1,90.0,90.0,24.89,185.997992,20.0,20.0,0.1,0.74728
2026-05-05T07:00:00,2026-05-05T09:00:00,DK1,90.0,90.0,40.02,299.061456,20.0,20.0,0.1,0.74728
2026-05-05T06:00:00,2026-05-05T08:00:00,DK1,99.0,99.0,54.47,407.043416,20.0,20.0,0.1,0.74728
2026-05-05T05:00:00,2026-05-05T07:00:00,DK1,92.0,92.0,63.57,475.045896,20.0,20.0,0.1,0.74728
2026-05-05T04:00:00,2026-05-05T06:00:00,DK1,93.0,93.0,13.2,98.64096,20.0,20.0,0.1,0.74728
2026-05-05T03:00:00,2026-05-05T05:00:00,DK1,90.0,90.0,12.58,94.007824,20.0,20.0,0.1,0.74728
2026-05-05T02:00:00,2026-05-05T04:00:00,DK1,90.0,90.0,36.0,269.0208,20.0,20.0,0.1,0.74728
2026-05-05T01:00:00,2026-05-05T03:00:00,DK1,90.0,90.0,1.2,8.96736,20.0,20.0,0.1,0.74728
2026-05-05T00:00:00,2026-05-05T02:00:00,DK1,90.0,90.0,1.2,8.96736,20.0,20.0,0.1,0.74728
2026-05-04T23:00:00,2026-05-05T01:00:00,DK1,90.0,90.0,1.2,8.96736,20.0,20.0,0.1,0.74728
2026-05-04T22:00:00,2026-05-05T00:00:00,DK1,90.0,90.0,1.2,8.96736,20.0,20.0,0.1,0.74728
2026-05-04T21:00:00,2026-05-04T23:00:00,DK1,90.0,90.0,2.0,14.945,20.0,20.0,0.1,0.74725
2026-05-04T20:00:00,2026-05-04T22:00:00,DK1,90.0,90.0,12.58,94.00405,20.0,20.0,0.1,0.74725
2026-05-04T19:00:00,2026-05-04T21:00:00,DK1,111.0,111.0,84.99,635.087775,20.0,20.0,0.1,0.74725
2026-05-04T18:00:00,2026-05-04T20:00:00,DK1,124.0,124.0,89.67,670.059075,20.0,20.0,0.1,0.74725
2026-05-04T17:00:00,2026-05-04T19:00:00,DK1,123.0,123.0,87.13,651.078925,20.0,20.0,0.1,0.74725
2026-05-04T16:00:00,2026-05-04T18:00:00,DK1,133.0,133.0,55.28,413.0798,20.0,20.0,0.1,0.74725
2026-05-04T15:00:00,2026-05-04T17:00:00,DK1,122.0,122.0,24.89,185.990525,20.0,20.0,0.1,0.74725
2026-05-04T14:00:00,2026-05-04T16:00:00,DK1,112.0,112.0,6.69,49.991025,20.0,20.0,0.1,0.74725
2026-05-04T13:00:00,2026-05-04T15:00:00,DK1,92.0,92.0,24.89,185.990525,20.0,20.0,0.1,0.74725
2026-05-04T12:00:00,2026-05-04T14:00:00,DK1,90.0,90.0,2.68,20.0263,20.0,20.0,0.1,0.74725
2026-05-04T11:00:00,2026-05-04T13:00:00,DK1,90.0,90.0,2.68,20.0263,20.0,20.0,0.1,0.74725
2026-05-04T10:00:00,2026-05-04T12:00:00,DK1,90.0,90.0,1.2,8.967,20.0,20.0,0.1,0.74725
2026-05-04T09:00:00,2026-05-04T11:00:00,DK1,90.0,90.0,12.58,94.00405,20.0,20.0,0.1,0.74725
2026-05-04T08:00:00,2026-05-04T10:00:00,DK1,90.0,90.0,6.0,44.835,20.0,20.0,0.1,0.74725
2026-05-04T07:00:00,2026-05-04T09:00:00,DK1,90.0,90.0,24.89,185.990525,20.0,20.0,0.1,0.74725
2026-05-04T06:00:00,2026-05-04T08:00:00,DK1,100.0,100.0,20.07,149.973075,20.0,20.0,0.1,0.74725
2026-05-04T05:00:00,2026-05-04T07:00:00,DK1,102.0,102.0,55.01,411.062225,20.0,20.0,0.1,0.74725
2026-05-04T04:00:00,2026-05-04T06:00:00,DK1,97.0,97.0,12.58,94.00405,20.0,20.0,0.1,0.74725
2026-05-04T03:00:00,2026-05-04T05:00:00,DK1,90.0,90.0,12.85,96.021625,20.0,20.0,0.1,0.74725
2026-05-04T02:00:00,2026-05-04T04:00:00,DK1,90.0,90.0,12.58,94.00405,20.0,20.0,0.1,0.74725
2026-05-04T01:00:00,2026-05-04T03:00:00,DK1,90.0,90.0,6.69,49.991025,20.0,20.0,0.1,0.74725
2026-05-04T00:00:00,2026-05-04T02:00:00,DK1,90.0,90.0,1.2,8.967,20.0,20.0,0.1,0.74725
2026-05-03T23:00:00,2026-05-04T01:00:00,DK1,90.0,90.0,1.2,8.967,20.0,20.0,0.1,0.74725
2026-05-03T22:00:00,2026-05-04T00:00:00,DK1,90.0,90.0,6.69,49.991025,20.0,20.0,0.1,0.74725
2026-05-03T21:00:00,2026-05-03T23:00:00,DK1,90.0,90.0,2.0,14.9432,20.0,20.0,0.1,0.74716
2026-05-03T20:00:00,2026-05-03T22:00:00,DK1,90.0,90.0,33.46,249.999736,20.0,20.0,0.1,0.74716
2026-05-03T19:00:00,2026-05-03T21:00:00,DK1,93.0,93.0,12.1,90.40636,20.0,20.0,0.1,0.74716
2026-05-03T18:00:00,2026-05-03T20:00:00,DK1,97.0,97.0,12.71,94.964036,20.0,20.0,0.1,0.74716
2026-05-03T17:00:00,2026-05-03T19:00:00,DK1,101.0,101.0,12.85,96.01006,20.0,20.0,0.1,0.74716
2026-05-03T16:00:00,2026-05-03T18:00:00,DK1,115.0,115.0,46.84,349.969744,20.0,20.0,0.1,0.74716
2026-05-03T15:00:00,2026-05-03T17:00:00,DK1,105.0,105.0,6.69,49.985004,20.0,20.0,0.1,0.74716
2026-05-03T14:00:00,2026-05-03T16:00:00,DK1,92.0,92.0,1.2,8.96592,20.0,20.0,0.1,0.74716
2026-05-03T13:00:00,2026-05-03T15:00:00,DK1,94.0,94.0,0.54,4.034664,20.0,20.0,0.1,0.74716
2026-05-03T12:00:00,2026-05-03T14:00:00,DK1,90.0,90.0,0.43,3.212788,20.0,20.0,0.1,0.74716
2026-05-03T11:00:00,2026-05-03T13:00:00,DK1,90.0,90.0,0.2,1.49432,20.0,20.0,0.1,0.74716
2026-05-03T10:00:00,2026-05-03T12:00:00,DK1,90.0,90.0,0.67,5.005972,20.0,20.0,0.1,0.74716
2026-05-03T09:00:00,2026-05-03T11:00:00,DK1,90.0,90.0,0.54,4.034664,20.0,20.0,0.1,0.74716
2026-05-03T08:00:00,2026-05-03T10:00:00,DK1,90.0,90.0,0.54,4.034664,20.0,20.0,0.1,0.74716
2026-05-03T07:00:00,2026-05-03T09:00:00,DK1,90.0,90.0,6.69,49.985004,20.0,20.0,0.1,0.74716
2026-05-03T06:00:00,2026-05-03T08:00:00,DK1,90.0,90.0,6.0,44.8296,20.0,20.0,0.1,0.74716
2026-05-03T05:00:00,2026-05-03T07:00:00,DK1,90.0,90.0,6.69,49.985004,20.0,22.0,0.07,0.523012
2026-05-03T04:00:00,2026-05-03T06:00:00,DK1,90.0,90.0,6.0,44.8296,20.0,22.0,0.07,0.523012
2026-05-03T03:00:00,2026-05-03T05:00:00,DK1,90.0,90.0,6.0,44.8296,20.0,22.0,0.07,0.523012
2026-05-03T02:00:00,2026-05-03T04:00:00,DK1,90.0,90.0,6.0,44.8296,20.0,22.0,0.07,0.523012
2026-05-03T01:00:00,2026-05-03T03:00:00,DK1,90.0,90.0,6.69,49.985004,20.0,22.0,0.07,0.523012
2026-05-03T00:00:00,2026-05-03T02:00:00,DK1,90.0,90.0,6.69,49.985004,20.0,22.0,0.07,0.523012
2026-05-02T23:00:00,2026-05-03T01:00:00,DK1,90.0,90.0,12.58,93.992728,20.0,22.0,0.07,0.523012
2026-05-02T22:00:00,2026-05-03T00:00:00,DK1,90.0,90.0,12.58,93.992728,20.0,22.0,0.07,0.523012
2026-05-02T21:00:00,2026-05-02T23:00:00,DK1,90.0,90.0,8.7,65.00292,20.0,20.0,0.1,0.74716
2026-05-02T20:00:00,2026-05-02T22:00:00,DK1,90.0,90.0,12.58,93.992728,20.0,20.0,0.1,0.74716
2026-05-02T19:00:00,2026-05-02T21:00:00,DK1,96.0,96.0,12.85,96.01006,20.0,20.0,0.1,0.74716
2026-05-02T18:00:00,2026-05-02T20:00:00,DK1,102.0,102.0,65.31,487.970196,20.0,20.0,0.1,0.74716
2026-05-02T17:00:00,2026-05-02T19:00:00,DK1,114.0,114.0,70.27,525.029332,20.0,20.0,0.1,0.74716
2026-05-02T16:00:00,2026-05-02T18:00:00,DK1,128.0,128.0,88.49,661.161884,20.0,20.0,0.1,0.74716
2026-05-02T15:00:00,2026-05-02T17:00:00,DK1,110.0,110.0,12.58,93.992728,20.0,20.0,0.1,0.74716
2026-05-02T14:00:00,2026-05-02T16:00:00,DK1,102.0,102.0,1.2,8.96592,20.0,20.0,0.13,0.971308
2026-05-02T13:00:00,2026-05-02T15:00:00,DK1,90.0,90.0,0.2,1.49432,20.0,20.0,0.13,0.971308
2026-05-02T12:00:00,2026-05-02T14:00:00,DK1,90.0,90.0,0.13,0.971308,20.0,20.0,0.13,0.971308
2026-05-02T11:00:00,2026-05-02T13:00:00,DK1,90.0,90.0,0.13,0.971308,20.0,20.0,0.13,0.971308
2026-05-02T10:00:00,2026-05-02T12:00:00,DK1,90.0,90.0,0.13,0.971308,20.0,20.0,0.13,0.971308
2026-05-02T09:00:00,2026-05-02T11:00:00,DK1,90.0,90.0,0.13,0.971308,20.0,20.0,0.13,0.971308
2026-05-02T08:00:00,2026-05-02T10:00:00,DK1,90.0,90.0,0.27,2.017332,20.0,20.0,0.13,0.971308
2026-05-02T07:00:00,2026-05-02T09:00:00,DK1,90.0,90.0,1.2,8.96592,20.0,20.0,0.13,0.971308
2026-05-02T06:00:00,2026-05-02T08:00:00,DK1,90.0,90.0,3.35,25.02986,20.0,20.0,0.13,0.971308
2026-05-02T05:00:00,2026-05-02T07:00:00,DK1,95.0,95.0,6.0,44.8296,20.0,20.0,0.13,0.971308
2026-05-02T04:00:00,2026-05-02T06:00:00,DK1,95.0,95.0,6.0,44.8296,20.0,20.0,0.1,0.74716
2026-05-02T03:00:00,2026-05-02T05:00:00,DK1,90.0,90.0,6.0,44.8296,20.0,20.0,0.1,0.74716
2026-05-02T02:00:00,2026-05-02T04:00:00,DK1,90.0,90.0,6.0,44.8296,20.0,20.0,0.1,0.74716
2026-05-02T01:00:00,2026-05-02T03:00:00,DK1,90.0,90.0,1.2,8.96592,20.0,20.0,0.1,0.74716
2026-05-02T00:00:00,2026-05-02T02:00:00,DK1,90.0,90.0,1.2,8.96592,20.0,20.0,0.1,0.74716
2026-05-01T23:00:00,2026-05-02T01:00:00,DK1,90.0,90.0,1.2,8.96592,20.0,20.0,0.1,0.74716
2026-05-01T22:00:00,2026-05-02T00:00:00,DK1,90.0,90.0,1.2,8.96592,20.0,22.0,0.07,0.523012
2026-05-01T21:00:00,2026-05-01T23:00:00,DK1,90.0,90.0,5.89,44.007724,20.0,22.0,0.07,0.523012
2026-05-01T20:00:00,2026-05-01T22:00:00,DK1,90.0,90.0,12.71,94.964036,20.0,22.0,0.07,0.523012
2026-05-01T19:00:00,2026-05-01T21:00:00,DK1,97.0,97.0,12.8,95.63648,20.0,22.0,0.07,0.523012
2026-05-01T18:00:00,2026-05-01T20:00:00,DK1,103.0,103.0,12.85,96.01006,20.0,22.0,0.07,0.523012
2026-05-01T17:00:00,2026-05-01T19:00:00,DK1,115.0,115.0,89.6,669.45536,20.0,20.0,0.1,0.74716
2026-05-01T16:00:00,2026-05-01T18:00:00,DK1,118.0,118.0,47.9,357.88964,20.0,20.0,0.1,0.74716
2026-05-01T15:00:00,2026-05-01T17:00:00,DK1,112.0,112.0,4.84,36.162544,20.0,20.0,0.13,0.971308
2026-05-01T14:00:00,2026-05-01T16:00:00,DK1,90.0,90.0,0.67,5.005972,20.0,20.0,0.11,0.821876
2026-05-01T13:00:00,2026-05-01T15:00:00,DK1,90.0,90.0,0.54,4.034664,20.0,20.0,0.11,0.821876
2026-05-01T12:00:00,2026-05-01T14:00:00,DK1,90.0,90.0,0.54,4.034664,20.0,20.0,0.11,0.821876
2026-05-01T11:00:00,2026-05-01T13:00:00,DK1,90.0,90.0,0.54,4.034664,20.0,20.0,0.11,0.821876
2026-05-01T10:00:00,2026-05-01T12:00:00,DK1,90.0,90.0,0.67,5.005972,20.0,20.0,0.11,0.821876
2026-05-01T09:00:00,2026-05-01T11:00:00,DK1,90.0,90.0,0.67,5.005972,20.0,20.0,0.11,0.821876
2026-05-01T08:00:00,2026-05-01T10:00:00,DK1,90.0,90.0,0.67,5.005972,20.0,20.0,0.11,0.821876
2026-05-01T07:00:00,2026-05-01T09:00:00,DK1,90.0,90.0,1.34,10.011944,20.0,20.0,0.11,0.821876
2026-05-01T06:00:00,2026-05-01T08:00:00,DK1,92.0,92.0,32.21,240.660236,20.0,20.0,0.11,0.821876
2026-05-01T05:00:00,2026-05-01T07:00:00,DK1,90.0,90.0,7.1,53.04836,20.0,20.0,0.1,0.74716
2026-05-01T04:00:00,2026-05-01T06:00:00,DK1,90.0,90.0,7.1,53.04836,20.0,20.0,0.1,0.74716
2026-05-01T03:00:00,2026-05-01T05:00:00,DK1,90.0,90.0,7.1,53.04836,20.0,20.0,0.1,0.74716
2026-05-01T02:00:00,2026-05-01T04:00:00,DK1,90.0,90.0,7.1,53.04836,20.0,20.0,0.1,0.74716
2026-05-01T01:00:00,2026-05-01T03:00:00,DK1,90.0,90.0,2.0,14.9432,20.0,20.0,0.1,0.74716
2026-05-01T00:00:00,2026-05-01T02:00:00,DK1,90.0,90.0,1.2,8.96592,20.0,20.0,0.1,0.74716
2026-04-30T23:00:00,2026-05-01T01:00:00,DK1,90.0,90.0,1.2,8.96592,20.0,20.0,0.1,0.74716
2026-04-30T22:00:00,2026-05-01T00:00:00,DK1,90.0,90.0,2.0,14.9432,20.0,20.0,0.13,0.971308
2026-04-30T21:00:00,2026-04-30T23:00:00,DK1,90.0,90.0,12.58,93.992728,20.0,20.0,0.07,0.523012
2026-04-30T20:00:00,2026-04-30T22:00:00,DK1,90.0,90.0,12.85,96.01006,20.0,20.0,0.07,0.523012
2026-04-30T19:00:00,2026-04-30T21:00:00,DK1,96.0,96.0,14.4,107.59104,20.0,20.0,0.07,0.523012
2026-04-30T18:00:00,2026-04-30T20:00:00,DK1,111.0,111.0,64.1,478.92956,20.0,20.0,0.1,0.74716
2026-04-30T17:00:00,2026-04-30T19:00:00,DK1,110.0,110.0,53.4,398.98344,20.0,20.0,0.1,0.74716
2026-04-30T16:00:00,2026-04-30T18:00:00,DK1,116.0,116.0,45.0,336.222,20.0,20.0,0.1,0.74716
2026-04-30T15:00:00,2026-04-30T17:00:00,DK1,101.0,101.0,12.58,93.992728,20.0,20.0,0.11,0.821876
2026-04-30T14:00:00,2026-04-30T16:00:00,DK1,90.0,90.0,0.54,4.034664,20.0,20.0,0.11,0.821876
2026-04-30T13:00:00,2026-04-30T15:00:00,DK1,92.0,92.0,0.67,5.005972,20.0,20.0,0.11,0.821876
2026-04-30T12:00:00,2026-04-30T14:00:00,DK1,90.0,90.0,1.34,10.011944,20.0,20.0,0.11,0.821876
2026-04-30T11:00:00,2026-04-30T13:00:00,DK1,90.0,90.0,0.54,4.034664,20.0,20.0,0.11,0.821876
2026-04-30T10:00:00,2026-04-30T12:00:00,DK1,90.0,90.0,0.54,4.034664,20.0,20.0,0.11,0.821876
2026-04-30T09:00:00,2026-04-30T11:00:00,DK1,90.0,90.0,0.54,4.034664,20.0,20.0,0.11,0.821876
2026-04-30T08:00:00,2026-04-30T10:00:00,DK1,90.0,90.0,1.34,10.011944,20.0,20.0,0.11,0.821876
2026-04-30T07:00:00,2026-04-30T09:00:00,DK1,90.0,90.0,12.58,93.992728,20.0,20.0,0.11,0.821876
2026-04-30T06:00:00,2026-04-30T08:00:00,DK1,97.0,97.0,69.37,518.304892,20.0,20.0,0.1,0.74716
2026-04-30T05:00:00,2026-04-30T07:00:00,DK1,90.0,90.0,16.33,122.011228,20.0,20.0,0.1,0.74716
2026-04-30T04:00:00,2026-04-30T06:00:00,DK1,90.0,90.0,7.8,58.27848,20.0,20.0,0.1,0.74716
2026-04-30T03:00:00,2026-04-30T05:00:00,DK1,90.0,90.0,7.8,58.27848,20.0,20.0,0.1,0.74716
2026-04-30T02:00:00,2026-04-30T04:00:00,DK1,90.0,90.0,7.8,58.27848,20.0,20.0,0.1,0.74716
2026-04-30T01:00:00,2026-04-30T03:00:00,DK1,90.0,90.0,1.2,8.96592,20.0,20.0,0.1,0.74716
2026-04-30T00:00:00,2026-04-30T02:00:00,DK1,90.0,90.0,1.2,8.96592,20.0,20.0,0.1,0.74716
2026-04-29T23:00:00,2026-04-30T01:00:00,DK1,90.0,90.0,1.2,8.96592,20.0,20.0,0.1,0.74716
2026-04-29T22:00:00,2026-04-30T00:00:00,DK1,90.0,90.0,1.2,8.96592,20.0,20.0,0.13,0.971308
2026-04-29T21:00:00,2026-04-29T23:00:00,DK1,90.0,90.0,5.35,39.978945,20.0,20.0,0.1,0.74727
2026-04-29T20:00:00,2026-04-29T22:00:00,DK1,92.0,92.0,12.58,94.006566,20.0,20.0,0.1,0.74727
2026-04-29T19:00:00,2026-04-29T21:00:00,DK1,97.0,97.0,13.0,97.1451,20.0,20.0,0.1,0.74727
2026-04-29T18:00:00,2026-04-29T20:00:00,DK1,104.0,104.0,13.0,97.1451,20.0,20.0,0.1,0.74727
2026-04-29T17:00:00,2026-04-29T19:00:00,DK1,106.0,106.0,12.85,96.024195,20.0,20.0,0.1,0.74727
2026-04-29T16:00:00,2026-04-29T18:00:00,DK1,111.0,111.0,12.85,96.024195,20.0,20.0,0.1,0.74727
2026-04-29T15:00:00,2026-04-29T17:00:00,DK1,100.0,100.0,1.2,8.96724,20.0,20.0,0.13,0.971451
2026-04-29T14:00:00,2026-04-29T16:00:00,DK1,90.0,90.0,0.33,2.465991,20.0,20.0,0.11,0.821997
2026-04-29T13:00:00,2026-04-29T15:00:00,DK1,90.0,90.0,0.27,2.017629,20.0,20.0,0.11,0.821997
2026-04-29T12:00:00,2026-04-29T14:00:00,DK1,90.0,90.0,0.47,3.512169,20.0,20.0,0.11,0.821997
2026-04-29T11:00:00,2026-04-29T13:00:00,DK1,90.0,90.0,0.39,2.914353,20.0,20.0,0.11,0.821997
2026-04-29T10:00:00,2026-04-29T12:00:00,DK1,90.0,90.0,0.67,5.006709,20.0,20.0,0.11,0.821997
2026-04-29T09:00:00,2026-04-29T11:00:00,DK1,90.0,90.0,0.47,3.512169,20.0,20.0,0.11,0.821997
2026-04-29T08:00:00,2026-04-29T10:00:00,DK1,90.0,90.0,0.67,5.006709,20.0,20.0,0.11,0.821997
2026-04-29T07:00:00,2026-04-29T09:00:00,DK1,90.0,90.0,6.69,49.992363,20.0,20.0,0.11,0.821997
2026-04-29T06:00:00,2026-04-29T08:00:00,DK1,90.0,90.0,66.92,500.073084,20.0,20.0,0.1,0.74727
2026-04-29T05:00:00,2026-04-29T07:00:00,DK1,90.0,90.0,64.5,481.98915,20.0,20.0,0.1,0.74727
2026-04-29T04:00:00,2026-04-29T06:00:00,DK1,90.0,90.0,9.9,73.97973,20.0,20.0,0.1,0.74727
2026-04-29T03:00:00,2026-04-29T05:00:00,DK1,90.0,90.0,12.58,94.006566,20.0,20.0,0.1,0.74727
2026-04-29T02:00:00,2026-04-29T04:00:00,DK1,90.0,90.0,32.12,240.023124,20.0,20.0,0.1,0.74727
2026-04-29T01:00:00,2026-04-29T03:00:00,DK1,90.0,90.0,1.2,8.96724,20.0,20.0,0.1,0.74727
2026-04-29T00:00:00,2026-04-29T02:00:00,DK1,90.0,90.0,0.67,5.006709,20.0,20.0,0.1,0.74727
2026-04-28T23:00:00,2026-04-29T01:00:00,DK1,90.0,90.0,1.2,8.96724,20.0,20.0,0.1,0.74727
2026-04-28T22:00:00,2026-04-29T00:00:00,DK1,90.0,90.0,0.67,5.006709,20.0,20.0,0.13,0.971451
2026-04-28T21:00:00,2026-04-28T23:00:00,DK1,90.0,90.0,1.2,8.96676,20.0,20.0,0.4,2.98892
2026-04-28T20:00:00,2026-04-28T22:00:00,DK1,90.0,90.0,11.8,88.17314,20.0,20.0,0.1,0.74723
2026-04-28T19:00:00,2026-04-28T21:00:00,DK1,91.0,91.0,33.46,250.023158,20.0,20.0,0.1,0.74723
2026-04-28T18:00:00,2026-04-28T20:00:00,DK1,112.0,112.0,113.76,850.048848,20.0,20.0,0.13,0.971399
2026-04-28T17:00:00,2026-04-28T19:00:00,DK1,112.0,112.0,100.29,749.396967,20.0,20.0,0.13,0.971399
2026-04-28T16:00:00,2026-04-28T18:00:00,DK1,116.0,116.0,71.58,534.867234,20.0,20.0,0.13,0.971399
2026-04-28T15:00:00,2026-04-28T17:00:00,DK1,100.0,100.0,40.12,299.788676,20.0,20.0,0.13,0.971399
2026-04-28T14:00:00,2026-04-28T16:00:00,DK1,90.0,90.0,1.2,8.96676,20.0,20.0,0.0,0.0
2026-04-28T13:00:00,2026-04-28T15:00:00,DK1,90.0,90.0,3.35,25.032205,20.0,20.0,0.13,0.971399
2026-04-28T12:00:00,2026-04-28T14:00:00,DK1,90.0,90.0,1.2,8.96676,20.0,20.0,0.13,0.971399
2026-04-28T11:00:00,2026-04-28T13:00:00,DK1,90.0,90.0,1.2,8.96676,20.0,20.0,0.13,0.971399
2026-04-28T10:00:00,2026-04-28T12:00:00,DK1,90.0,90.0,1.2,8.96676,20.0,20.0,0.13,0.971399
2026-04-28T09:00:00,2026-04-28T11:00:00,DK1,90.0,90.0,1.2,8.96676,20.0,20.0,0.13,0.971399
2026-04-28T08:00:00,2026-04-28T10:00:00,DK1,90.0,90.0,12.58,94.001534,20.0,20.0,0.13,0.971399
2026-04-28T07:00:00,2026-04-28T09:00:00,DK1,90.0,90.0,61.33,458.276159,20.0,20.0,0.13,0.971399
2026-04-28T06:00:00,2026-04-28T08:00:00,DK1,96.0,96.0,79.3,592.55339,20.0,20.0,0.13,0.971399
2026-04-28T05:00:00,2026-04-28T07:00:00,DK1,90.0,90.0,66.24,494.965152,20.0,20.0,0.13,0.971399
2026-04-28T04:00:00,2026-04-28T06:00:00,DK1,90.0,90.0,13.8,103.11774,20.0,20.0,0.1,0.74723
2026-04-28T03:00:00,2026-04-28T05:00:00,DK1,90.0,90.0,12.85,96.019055,20.0,20.0,0.1,0.74723
2026-04-28T02:00:00,2026-04-28T04:00:00,DK1,90.0,90.0,12.58,94.001534,20.0,20.0,0.1,0.74723
2026-04-28T01:00:00,2026-04-28T03:00:00,DK1,90.0,90.0,1.2,8.96676,20.0,20.0,0.1,0.74723
2026-04-28T00:00:00,2026-04-28T02:00:00,DK1,90.0,90.0,1.2,8.96676,20.0,20.0,0.1,0.74723
2026-04-27T23:00:00,2026-04-28T01:00:00,DK1,90.0,90.0,1.2,8.96676,20.0,20.0,0.1,0.74723
2026-04-27T22:00:00,2026-04-28T00:00:00,DK1,90.0,90.0,1.2,8.96676,20.0,20.0,0.13,0.971399
2026-04-27T21:00:00,2026-04-27T23:00:00,DK1,90.0,90.0,1.2,8.96712,20.0,20.0,0.1,0.74726
2026-04-27T20:00:00,2026-04-27T22:00:00,DK1,93.0,93.0,12.58,94.005308,20.0,20.0,0.1,0.74726
2026-04-27T19:00:00,2026-04-27T21:00:00,DK1,93.0,93.0,33.46,250.033196,20.0,20.0,0.1,0.74726
2026-04-27T18:00:00,2026-04-27T20:00:00,DK1,108.0,108.0,127.41,952.083966,20.0,21.0,0.1,0.74726
2026-04-27T17:00:00,2026-04-27T19:00:00,DK1,111.0,111.0,139.86,1045.117836,20.0,20.0,0.1,0.74726
2026-04-27T16:00:00,2026-04-27T18:00:00,DK1,120.0,120.0,80.96,604.981696,20.0,20.0,0.1,0.74726
2026-04-27T15:00:00,2026-04-27T17:00:00,DK1,93.0,93.0,33.46,250.033196,20.0,20.0,0.1,0.74726
2026-04-27T14:00:00,2026-04-27T16:00:00,DK1,90.0,90.0,15.26,114.031876,20.0,20.0,0.1,0.74726
2026-04-27T13:00:00,2026-04-27T15:00:00,DK1,90.0,90.0,1.2,8.96712,20.0,20.0,0.13,0.971438
2026-04-27T12:00:00,2026-04-27T14:00:00,DK1,90.0,90.0,1.19,8.892394,20.0,20.0,0.13,0.971438
2026-04-27T11:00:00,2026-04-27T13:00:00,DK1,90.0,90.0,1.2,8.96712,20.0,20.0,0.13,0.971438
2026-04-27T10:00:00,2026-04-27T12:00:00,DK1,90.0,90.0,2.68,20.026568,20.0,20.0,0.13,0.971438
2026-04-27T09:00:00,2026-04-27T11:00:00,DK1,90.0,90.0,1.2,8.96712,20.0,20.0,0.13,0.971438
2026-04-27T08:00:00,2026-04-27T10:00:00,DK1,90.0,90.0,12.71,94.976746,20.0,20.0,0.1,0.74726
2026-04-27T07:00:00,2026-04-27T09:00:00,DK1,90.0,90.0,12.85,96.02291,20.0,20.0,0.1,0.74726
2026-04-27T06:00:00,2026-04-27T08:00:00,DK1,92.0,92.0,60.08,448.953808,20.0,20.0,0.1,0.74726
2026-04-27T05:00:00,2026-04-27T07:00:00,DK1,90.0,90.0,12.85,96.02291,20.0,20.0,0.1,0.74726
2026-04-27T04:00:00,2026-04-27T06:00:00,DK1,90.0,90.0,12.3,91.91298,20.0,20.0,0.1,0.74726
2026-04-27T03:00:00,2026-04-27T05:00:00,DK1,90.0,90.0,12.58,94.005308,20.0,20.0,0.1,0.74726
2026-04-27T02:00:00,2026-04-27T04:00:00,DK1,90.0,90.0,6.69,49.991694,20.0,20.0,0.1,0.74726
2026-04-27T01:00:00,2026-04-27T03:00:00,DK1,90.0,90.0,1.2,8.96712,20.0,20.0,0.1,0.74726
2026-04-27T00:00:00,2026-04-27T02:00:00,DK1,90.0,90.0,1.2,8.96712,20.0,20.0,0.1,0.74726
2026-04-26T23:00:00,2026-04-27T01:00:00,DK1,90.0,90.0,0.67,5.006642,20.0,20.0,0.1,0.74726
2026-04-26T22:00:00,2026-04-27T00:00:00,DK1,90.0,90.0,0.54,4.035204,20.0,20.0,0.13,0.971438
2026-04-26T21:00:00,2026-04-26T23:00:00,DK1,90.0,90.0,2.0,14.946,20.0,20.0,0.1,0.7473
2026-04-26T20:00:00,2026-04-26T22:00:00,DK1,90.0,90.0,8.9,66.5097,20.0,20.0,0.1,0.7473
2026-04-26T19:00:00,2026-04-26T21:00:00,DK1,94.0,94.0,33.46,250.04658,20.0,20.0,0.1,0.7473
2026-04-26T18:00:00,2026-04-26T20:00:00,DK1,97.0,97.0,66.91,500.01843,20.0,20.0,0.1,0.7473
2026-04-26T17:00:00,2026-04-26T19:00:00,DK1,111.0,111.0,75.34,563.01582,20.0,20.0,0.1,0.7473
2026-04-26T16:00:00,2026-04-26T18:00:00,DK1,117.0,117.0,75.6,564.9588,20.0,20.0,0.1,0.7473
2026-04-26T15:00:00,2026-04-26T17:00:00,DK1,98.0,98.0,6.14,45.88422,20.0,20.0,0.13,0.97149
2026-04-26T14:00:00,2026-04-26T16:00:00,DK1,96.0,96.0,1.34,10.01382,20.0,20.0,0.11,0.82203
2026-04-26T13:00:00,2026-04-26T15:00:00,DK1,91.0,91.0,0.67,5.00691,20.0,20.0,0.11,0.82203
2026-04-26T12:00:00,2026-04-26T14:00:00,DK1,90.0,90.0,0.67,5.00691,20.0,20.0,0.11,0.82203
2026-04-26T11:00:00,2026-04-26T13:00:00,DK1,90.0,90.0,0.54,4.03542,20.0,20.0,0.11,0.82203
2026-04-26T10:00:00,2026-04-26T12:00:00,DK1,90.0,90.0,0.67,5.00691,20.0,20.0,0.11,0.82203
2026-04-26T09:00:00,2026-04-26T11:00:00,DK1,90.0,90.0,1.2,8.9676,20.0,20.0,0.1,0.7473
2026-04-26T08:00:00,2026-04-26T10:00:00,DK1,90.0,90.0,1.34,10.01382,20.0,20.0,0.1,0.7473
2026-04-26T07:00:00,2026-04-26T09:00:00,DK1,90.0,90.0,1.2,8.9676,20.0,20.0,0.1,0.7473
2026-04-26T06:00:00,2026-04-26T08:00:00,DK1,90.0,90.0,12.58,94.01034,20.0,20.0,0.13,0.97149
2026-04-26T05:00:00,2026-04-26T07:00:00,DK1,90.0,90.0,12.85,96.02805,20.0,20.0,0.07,0.52311
2026-04-26T04:00:00,2026-04-26T06:00:00,DK1,90.0,90.0,18.74,140.04402,20.0,22.0,0.07,0.52311
2026-04-26T03:00:00,2026-04-26T05:00:00,DK1,90.0,90.0,12.58,94.01034,20.0,22.0,0.07,0.52311
2026-04-26T02:00:00,2026-04-26T04:00:00,DK1,90.0,90.0,12.58,94.01034,20.0,22.0,0.07,0.52311
2026-04-26T01:00:00,2026-04-26T03:00:00,DK1,90.0,90.0,6.3,47.0799,20.0,22.0,0.07,0.52311
2026-04-26T00:00:00,2026-04-26T02:00:00,DK1,90.0,90.0,3.35,25.03455,20.0,22.0,0.07,0.52311
2026-04-25T23:00:00,2026-04-26T01:00:00,DK1,90.0,90.0,1.2,8.9676,20.0,22.0,0.07,0.52311
2026-04-25T22:00:00,2026-04-26T00:00:00,DK1,90.0,90.0,1.2,8.9676,20.0,20.0,0.1,0.7473
2026-04-25T21:00:00,2026-04-25T23:00:00,DK1,90.0,90.0,12.71,94.98183,20.0,22.0,0.07,0.52311
2026-04-25T20:00:00,2026-04-25T22:00:00,DK1,90.0,90.0,25.16,188.02068,20.0,22.0,0.07,0.52311
2026-04-25T19:00:00,2026-04-25T21:00:00,DK1,90.0,90.0,33.46,250.04658,20.0,22.0,0.07,0.52311
2026-04-25T18:00:00,2026-04-25T20:00:00,DK1,115.0,115.0,56.65,423.34545,20.0,22.0,0.07,0.52311
2026-04-25T17:00:00,2026-04-25T19:00:00,DK1,91.0,91.0,12.58,94.01034,20.0,20.0,0.13,0.97149
2026-04-25T16:00:00,2026-04-25T18:00:00,DK1,94.0,94.0,4.01,29.96673,20.0,20.0,0.13,0.97149
2026-04-25T15:00:00,2026-04-25T17:00:00,DK1,90.0,90.0,1.2,8.9676,20.0,20.0,0.13,0.97149
2026-04-25T14:00:00,2026-04-25T16:00:00,DK1,90.0,90.0,0.67,5.00691,20.0,20.0,0.11,0.82203
2026-04-25T13:00:00,2026-04-25T15:00:00,DK1,90.0,90.0,0.67,5.00691,20.0,20.0,0.11,0.82203
2026-04-25T12:00:00,2026-04-25T14:00:00,DK1,90.0,90.0,0.67,5.00691,20.0,20.0,0.11,0.82203
2026-04-25T11:00:00,2026-04-25T13:00:00,DK1,90.0,90.0,0.54,4.03542,20.0,20.0,0.11,0.82203
2026-04-25T10:00:00,2026-04-25T12:00:00,DK1,90.0,90.0,0.54,4.03542,20.0,20.0,0.11,0.82203
2026-04-25T09:00:00,2026-04-25T11:00:00,DK1,90.0,90.0,0.54,4.03542,20.0,20.0,0.11,0.82203
2026-04-25T08:00:00,2026-04-25T10:00:00,DK1,90.0,90.0,0.54,4.03542,20.0,20.0,0.11,0.82203
2026-04-25T07:00:00,2026-04-25T09:00:00,DK1,90.0,90.0,1.34,10.01382,20.0,20.0,0.11,0.82203
2026-04-25T06:00:00,2026-04-25T08:00:00,DK1,90.0,90.0,8.45,63.14685,20.0,20.0,0.1,0.7473
2026-04-25T05:00:00,2026-04-25T07:00:00,DK1,90.0,90.0,33.67,251.61591,20.0,22.0,0.07,0.52311
2026-04-25T04:00:00,2026-04-25T06:00:00,DK1,90.0,90.0,12.71,94.98183,20.0,22.0,0.07,0.52311
2026-04-25T03:00:00,2026-04-25T05:00:00,DK1,90.0,90.0,12.58,94.01034,20.0,22.0,0.07,0.52311
2026-04-25T02:00:00,2026-04-25T04:00:00,DK1,90.0,90.0,1.2,8.9676,20.0,22.0,0.07,0.52311
2026-04-25T01:00:00,2026-04-25T03:00:00,DK1,90.0,90.0,3.35,25.03455,20.0,22.0,0.07,0.52311
2026-04-25T00:00:00,2026-04-25T02:00:00,DK1,90.0,90.0,1.2,8.9676,20.0,22.0,0.07,0.52311
2026-04-24T23:00:00,2026-04-25T01:00:00,DK1,90.0,90.0,1.2,8.9676,20.0,22.0,0.07,0.52311
2026-04-24T22:00:00,2026-04-25T00:00:00,DK1,90.0,90.0,2.0,14.946,20.0,20.0,0.1,0.7473
2026-04-24T21:00:00,2026-04-24T23:00:00,DK1,80.0,80.0,66.91,500.01843,20.0,22.0,0.07,0.52311
2026-04-24T20:00:00,2026-04-24T22:00:00,DK1,80.0,80.0,14.2,106.1166,20.0,22.0,0.07,0.52311
2026-04-24T19:00:00,2026-04-24T21:00:00,DK1,87.0,87.0,77.55,579.53115,20.0,20.0,0.1,0.7473
2026-04-24T18:00:00,2026-04-24T20:00:00,DK1,126.0,126.0,107.89,806.26197,20.0,20.0,0.1,0.7473
2026-04-24T17:00:00,2026-04-24T19:00:00,DK1,127.0,127.0,111.63,834.21099,20.0,20.0,0.1,0.7473
2026-04-24T16:00:00,2026-04-24T18:00:00,DK1,139.0,139.0,93.57,699.24861,20.0,20.0,0.1,0.7473
2026-04-24T15:00:00,2026-04-24T17:00:00,DK1,122.0,122.0,50.61,378.20853,20.0,20.0,0.13,0.97149
2026-04-24T14:00:00,2026-04-24T16:00:00,DK1,108.0,108.0,6.69,49.99437,20.0,20.0,0.11,0.82203
2026-04-24T13:00:00,2026-04-24T15:00:00,DK1,83.0,83.0,0.54,4.03542,20.0,20.0,0.11,0.82203
2026-04-24T12:00:00,2026-04-24T14:00:00,DK1,80.0,80.0,0.54,4.03542,20.0,20.0,0.11,0.82203
2026-04-24T11:00:00,2026-04-24T13:00:00,DK1,80.0,80.0,0.67,5.00691,20.0,20.0,0.11,0.82203
2026-04-24T10:00:00,2026-04-24T12:00:00,DK1,80.0,80.0,0.67,5.00691,20.0,20.0,0.11,0.82203
2026-04-24T09:00:00,2026-04-24T11:00:00,DK1,80.0,80.0,6.02,44.98746,20.0,20.0,0.11,0.82203
2026-04-24T08:00:00,2026-04-24T10:00:00,DK1,80.0,80.0,20.12,150.35676,20.0,20.0,0.11,0.82203
2026-04-24T07:00:00,2026-04-24T09:00:00,DK1,80.0,80.0,66.91,500.01843,20.0,20.0,0.1,0.7473
2026-04-24T06:00:00,2026-04-24T08:00:00,DK1,102.0,102.0,107.89,806.26197,20.0,20.0,0.1,0.7473
2026-04-24T05:00:00,2026-04-24T07:00:00,DK1,105.0,105.0,127.02,949.22046,20.0,20.0,0.1,0.7473
2026-04-24T04:00:00,2026-04-24T06:00:00,DK1,96.0,96.0,98.64,737.13672,20.0,20.0,0.1,0.7473
2026-04-24T03:00:00,2026-04-24T05:00:00,DK1,80.0,80.0,68.15,509.28495,20.0,21.0,0.1,0.7473
2026-04-24T02:00:00,2026-04-24T04:00:00,DK1,80.0,80.0,51.92,387.99816,20.0,21.0,0.1,0.7473
2026-04-24T01:00:00,2026-04-24T03:00:00,DK1,80.0,80.0,18.74,140.04402,20.0,20.0,0.1,0.7473
2026-04-24T00:00:00,2026-04-24T02:00:00,DK1,80.0,80.0,1.2,8.9676,20.0,20.0,0.1,0.7473
2026-04-23T23:00:00,2026-04-24T01:00:00,DK1,80.0,80.0,1.2,8.9676,20.0,20.0,0.1,0.7473
2026-04-23T22:00:00,2026-04-24T00:00:00,DK1,80.0,80.0,1.2,8.9676,20.0,20.0,0.11,0.82203
2026-04-23T21:00:00,2026-04-23T23:00:00,DK1,80.0,80.0,11.7,87.4341,20.0,20.0,0.1,0.7473
2026-04-23T20:00:00,2026-04-23T22:00:00,DK1,80.0,80.0,79.29,592.53417,20.0,20.0,0.1,0.7473
2026-04-23T19:00:00,2026-04-23T21:00:00,DK1,90.0,90.0,93.66,699.92118,20.0,20.0,0.1,0.7473
2026-04-23T18:00:00,2026-04-23T20:00:00,DK1,127.0,127.0,126.22,943.24206,20.0,20.0,0.1,0.7473
2026-04-23T17:00:00,2026-04-23T19:00:00,DK1,126.0,126.0,119.13,890.25849,20.0,20.0,0.1,0.7473
2026-04-23T16:00:00,2026-04-23T18:00:00,DK1,142.0,142.0,91.16,681.23868,20.0,20.0,0.1,0.7473
2026-04-23T15:00:00,2026-04-23T17:00:00,DK1,126.0,126.0,36.7,274.2591,20.0,20.0,0.13,0.97149
2026-04-23T14:00:00,2026-04-23T16:00:00,DK1,111.0,111.0,6.02,44.98746,20.0,20.0,0.11,0.82203
2026-04-23T13:00:00,2026-04-23T15:00:00,DK1,91.0,91.0,1.34,10.01382,20.0,20.0,0.11,0.82203
2026-04-23T12:00:00,2026-04-23T14:00:00,DK1,80.0,80.0,0.67,5.00691,20.0,20.0,0.11,0.82203
2026-04-23T11:00:00,2026-04-23T13:00:00,DK1,80.0,80.0,1.2,8.9676,20.0,20.0,0.11,0.82203
2026-04-23T10:00:00,2026-04-23T12:00:00,DK1,80.0,80.0,1.34,10.01382,20.0,20.0,0.11,0.82203
2026-04-23T09:00:00,2026-04-23T11:00:00,DK1,80.0,80.0,1.34,10.01382,20.0,20.0,0.11,0.82203
2026-04-23T08:00:00,2026-04-23T10:00:00,DK1,80.0,80.0,5.35,39.98055,20.0,20.0,0.11,0.82203
2026-04-23T07:00:00,2026-04-23T09:00:00,DK1,80.0,80.0,42.41,316.92993,20.0,20.0,0.11,0.82203
2026-04-23T06:00:00,2026-04-23T08:00:00,DK1,104.0,104.0,112.84,843.25332,20.0,20.0,0.1,0.7473
2026-04-23T05:00:00,2026-04-23T07:00:00,DK1,100.0,100.0,101.73,760.22829,20.0,20.0,0.1,0.7473
2026-04-23T04:00:00,2026-04-23T06:00:00,DK1,91.0,91.0,92.09,688.18857,20.0,20.0,0.1,0.7473
2026-04-23T03:00:00,2026-04-23T05:00:00,DK1,80.0,80.0,73.54,549.56442,20.0,20.0,0.13,0.97149
2026-04-23T02:00:00,2026-04-23T04:00:00,DK1,80.0,80.0,53.53,400.02969,20.0,20.0,0.13,0.97149
2026-04-23T01:00:00,2026-04-23T03:00:00,DK1,80.0,80.0,6.0,44.838,20.0,20.0,0.1,0.7473
2026-04-23T00:00:00,2026-04-23T02:00:00,DK1,80.0,80.0,1.2,8.9676,20.0,20.0,0.1,0.7473
2026-04-22T23:00:00,2026-04-23T01:00:00,DK1,80.0,80.0,1.2,8.9676,20.0,20.0,0.1,0.7473
2026-04-22T22:00:00,2026-04-23T00:00:00,DK1,80.0,80.0,1.2,8.9676,20.0,20.0,0.13,0.97149
2026-04-22T21:00:00,2026-04-22T23:00:00,DK1,80.0,80.0,2.0,14.947,20.0,20.0,0.1,0.74735
2026-04-22T20:00:00,2026-04-22T22:00:00,DK1,80.0,80.0,35.59,265.981865,20.0,20.0,0.1,0.74735
2026-04-22T19:00:00,2026-04-22T21:00:00,DK1,89.0,89.0,66.91,500.051885,20.0,20.0,0.1,0.74735
2026-04-22T18:00:00,2026-04-22T20:00:00,DK1,125.0,125.0,121.91,911.094385,20.0,20.0,0.1,0.74735
2026-04-22T17:00:00,2026-04-22T19:00:00,DK1,131.0,131.0,123.38,922.08043,20.0,20.0,0.1,0.74735
2026-04-22T16:00:00,2026-04-22T18:00:00,DK1,143.0,143.0,109.33,817.077755,20.0,20.0,0.1,0.74735
2026-04-22T15:00:00,2026-04-22T17:00:00,DK1,121.0,121.0,79.09,591.079115,20.0,20.0,0.11,0.822085
2026-04-22T14:00:00,2026-04-22T16:00:00,DK1,112.0,112.0,6.69,49.997715,20.0,20.0,0.13,0.971555
2026-04-22T13:00:00,2026-04-22T15:00:00,DK1,98.0,98.0,2.68,20.02898,20.0,20.0,0.13,0.971555
2026-04-22T12:00:00,2026-04-22T14:00:00,DK1,80.0,80.0,1.2,8.9682,20.0,20.0,0.13,0.971555
2026-04-22T11:00:00,2026-04-22T13:00:00,DK1,80.0,80.0,1.2,8.9682,20.0,20.0,0.13,0.971555
2026-04-22T10:00:00,2026-04-22T12:00:00,DK1,80.0,80.0,1.2,8.9682,20.0,20.0,0.13,0.971555
2026-04-22T09:00:00,2026-04-22T11:00:00,DK1,80.0,80.0,1.34,10.01449,20.0,20.0,0.13,0.971555
2026-04-22T08:00:00,2026-04-22T10:00:00,DK1,80.0,80.0,6.69,49.997715,20.0,20.0,0.13,0.971555
2026-04-22T07:00:00,2026-04-22T09:00:00,DK1,81.0,81.0,24.89,186.015415,20.0,20.0,0.1,0.74735
2026-04-22T06:00:00,2026-04-22T08:00:00,DK1,106.0,106.0,118.46,885.31081,20.0,20.0,0.1,0.74735
2026-04-22T05:00:00,2026-04-22T07:00:00,DK1,103.0,103.0,111.96,836.73306,20.0,20.0,0.1,0.74735
2026-04-22T04:00:00,2026-04-22T06:00:00,DK1,83.0,83.0,53.26,398.03861,20.0,20.0,0.1,0.74735
2026-04-22T03:00:00,2026-04-22T05:00:00,DK1,80.0,80.0,32.78,244.98133,20.0,20.0,0.1,0.74735
2026-04-22T02:00:00,2026-04-22T04:00:00,DK1,80.0,80.0,21.5,160.68025,20.0,20.0,0.1,0.74735
2026-04-22T01:00:00,2026-04-22T03:00:00,DK1,80.0,80.0,1.2,8.9682,20.0,20.0,0.1,0.74735
2026-04-22T00:00:00,2026-04-22T02:00:00,DK1,80.0,80.0,1.2,8.9682,20.0,20.0,0.1,0.74735
2026-04-21T23:00:00,2026-04-22T01:00:00,DK1,80.0,80.0,1.2,8.9682,20.0,20.0,0.1,0.74735
2026-04-21T22:00:00,2026-04-22T00:00:00,DK1,82.0,82.0,1.2,8.9682,20.0,20.0,0.11,0.822085
2026-04-21T21:00:00,2026-04-21T23:00:00,DK1,80.0,80.0,1.2,8.96808,20.0,20.0,0.1,0.74734
2026-04-21T20:00:00,2026-04-21T22:00:00,DK1,95.0,95.0,16.19,120.994346,20.0,20.0,0.1,0.74734
2026-04-21T19:00:00,2026-04-21T21:00:00,DK1,107.0,107.0,95.88,716.549592,20.0,20.0,0.1,0.74734
2026-04-21T18:00:00,2026-04-21T20:00:00,DK1,116.0,116.0,113.75,850.09925,20.0,20.0,0.1,0.74734
2026-04-21T17:00:00,2026-04-21T19:00:00,DK1,118.0,118.0,107.43,802.867362,20.0,20.0,0.1,0.74734
2026-04-21T16:00:00,2026-04-21T18:00:00,DK1,125.0,125.0,85.93,642.189262,20.0,20.0,0.1,0.74734
2026-04-21T15:00:00,2026-04-21T17:00:00,DK1,103.0,103.0,27.43,204.995362,20.0,20.0,0.1,0.74734
2026-04-21T14:00:00,2026-04-21T16:00:00,DK1,95.0,95.0,4.0,29.8936,20.0,20.0,0.11,0.822074
2026-04-21T13:00:00,2026-04-21T15:00:00,DK1,97.0,97.0,2.01,15.021534,20.0,20.0,0.11,0.822074
2026-04-21T12:00:00,2026-04-21T14:00:00,DK1,80.0,80.0,1.34,10.014356,20.0,20.0,0.11,0.822074
2026-04-21T11:00:00,2026-04-21T13:00:00,DK1,80.0,80.0,1.2,8.96808,20.0,20.0,0.11,0.822074
2026-04-21T10:00:00,2026-04-21T12:00:00,DK1,80.0,80.0,1.2,8.96808,20.0,20.0,0.11,0.822074
2026-04-21T09:00:00,2026-04-21T11:00:00,DK1,80.0,80.0,3.35,25.03589,20.0,20.0,0.11,0.822074
2026-04-21T08:00:00,2026-04-21T10:00:00,DK1,80.0,80.0,6.69,49.997046,20.0,20.0,0.11,0.822074
2026-04-21T07:00:00,2026-04-21T09:00:00,DK1,86.0,86.0,35.59,265.978306,20.0,20.0,0.1,0.74734
2026-04-21T06:00:00,2026-04-21T08:00:00,DK1,108.0,108.0,97.62,729.553308,20.0,20.0,0.1,0.74734
2026-04-21T05:00:00,2026-04-21T07:00:00,DK1,94.0,94.0,57.27,428.001618,20.0,20.0,0.1,0.74734
2026-04-21T04:00:00,2026-04-21T06:00:00,DK1,80.0,80.0,9.9,73.98666,20.0,20.0,0.1,0.74734
2026-04-21T03:00:00,2026-04-21T05:00:00,DK1,80.0,80.0,5.35,39.98269,20.0,20.0,0.1,0.74734
2026-04-21T02:00:00,2026-04-21T04:00:00,DK1,80.0,80.0,6.69,49.997046,20.0,20.0,0.1,0.74734
2026-04-21T01:00:00,2026-04-21T03:00:00,DK1,80.0,80.0,1.2,8.96808,20.0,20.0,0.1,0.74734
2026-04-21T00:00:00,2026-04-21T02:00:00,DK1,80.0,80.0,0.67,5.007178,20.0,20.0,0.1,0.74734
2026-04-20T23:00:00,2026-04-21T01:00:00,DK1,80.0,80.0,0.67,5.007178,20.0,20.0,0.1,0.74734
2026-04-20T22:00:00,2026-04-21T00:00:00,DK1,80.0,80.0,1.2,8.96808,20.0,20.0,0.13,0.971542
2026-04-20T21:00:00,2026-04-20T23:00:00,DK1,80.0,80.0,6.69,49.997046,20.0,20.0,0.1,0.74734
2026-04-20T20:00:00,2026-04-20T22:00:00,DK1,99.0,99.0,16.73,125.029982,20.0,20.0,0.1,0.74734
2026-04-20T19:00:00,2026-04-20T21:00:00,DK1,98.0,98.0,16.73,125.029982,20.0,20.0,0.1,0.74734
2026-04-20T18:00:00,2026-04-20T20:00:00,DK1,123.0,123.0,109.09,815.273206,20.0,20.0,0.1,0.74734
2026-04-20T17:00:00,2026-04-20T19:00:00,DK1,122.0,122.0,107.74,805.184116,20.0,20.0,0.1,0.74734
2026-04-20T16:00:00,2026-04-20T18:00:00,DK1,132.0,132.0,87.9,656.91186,20.0,20.0,0.1,0.74734
2026-04-20T15:00:00,2026-04-20T17:00:00,DK1,126.0,126.0,69.47,519.177098,20.0,20.0,0.1,0.74734
2026-04-20T14:00:00,2026-04-20T16:00:00,DK1,117.0,117.0,9.63,71.968842,20.0,20.0,0.1,0.74734
2026-04-20T13:00:00,2026-04-20T15:00:00,DK1,93.0,93.0,2.14,15.993076,20.0,20.0,0.11,0.822074
2026-04-20T12:00:00,2026-04-20T14:00:00,DK1,80.0,80.0,1.2,8.96808,20.0,20.0,0.1,0.74734
2026-04-20T11:00:00,2026-04-20T13:00:00,DK1,80.0,80.0,1.2,8.96808,20.0,20.0,0.1,0.74734
2026-04-20T10:00:00,2026-04-20T12:00:00,DK1,80.0,80.0,1.2,8.96808,20.0,20.0,0.1,0.74734
2026-04-20T09:00:00,2026-04-20T11:00:00,DK1,80.0,80.0,3.35,25.03589,20.0,21.0,0.07,0.523138
2026-04-20T08:00:00,2026-04-20T10:00:00,DK1,80.0,80.0,3.35,25.03589,20.0,21.0,0.07,0.523138
2026-04-20T07:00:00,2026-04-20T09:00:00,DK1,82.0,82.0,11.78,88.036652,20.0,21.0,0.07,0.523138
2026-04-20T06:00:00,2026-04-20T08:00:00,DK1,100.0,100.0,54.86,409.990724,20.0,21.0,0.07,0.523138
2026-04-20T05:00:00,2026-04-20T07:00:00,DK1,101.0,101.0,35.6,266.05304,20.0,22.0,0.07,0.523138
2026-04-20T04:00:00,2026-04-20T06:00:00,DK1,81.0,81.0,4.68,34.975512,20.0,22.0,0.07,0.523138
2026-04-20T03:00:00,2026-04-20T05:00:00,DK1,80.0,80.0,6.69,49.997046,20.0,21.0,0.07,0.523138
2026-04-20T02:00:00,2026-04-20T04:00:00,DK1,80.0,80.0,5.35,39.98269,20.0,21.0,0.07,0.523138
2026-04-20T01:00:00,2026-04-20T03:00:00,DK1,80.0,80.0,1.2,8.96808,20.0,21.0,0.07,0.523138
2026-04-20T00:00:00,2026-04-20T02:00:00,DK1,80.0,80.0,1.2,8.96808,20.0,21.0,0.07,0.523138
2026-04-19T23:00:00,2026-04-20T01:00:00,DK1,80.0,80.0,1.2,8.96808,20.0,21.0,0.07,0.523138
2026-04-19T22:00:00,2026-04-20T00:00:00,DK1,80.0,80.0,1.2,8.96808,20.0,22.0,0.07,0.523138
2026-04-19T21:00:00,2026-04-19T23:00:00,DK1,80.0,80.0,6.69,49.997046,20.0,20.0,0.07,0.523138
2026-04-19T20:00:00,2026-04-19T22:00:00,DK1,80.0,80.0,5.35,39.98269,20.0,20.0,0.07,0.523138
2026-04-19T19:00:00,2026-04-19T21:00:00,DK1,90.0,90.0,13.38,99.994092,20.0,20.0,0.07,0.523138
2026-04-19T18:00:00,2026-04-19T20:00:00,DK1,100.0,100.0,46.84,350.054056,20.0,20.0,0.07,0.523138
2026-04-19T17:00:00,2026-04-19T19:00:00,DK1,108.0,108.0,55.13,412.008542,20.0,20.0,0.07,0.523138
2026-04-19T16:00:00,2026-04-19T18:00:00,DK1,118.0,118.0,46.84,350.054056,20.0,20.0,0.07,0.523138
2026-04-19T15:00:00,2026-04-19T17:00:00,DK1,115.0,115.0,43.11,322.178274,20.0,20.0,0.07,0.523138
2026-04-19T14:00:00,2026-04-19T16:00:00,DK1,106.0,106.0,11.92,89.082928,20.0,20.0,0.1,0.74734
2026-04-19T13:00:00,2026-04-19T15:00:00,DK1,89.0,89.0,1.2,8.96808,20.0,20.0,0.1,0.74734
2026-04-19T12:00:00,2026-04-19T14:00:00,DK1,80.0,80.0,1.2,8.96808,20.0,20.0,0.1,0.74734
2026-04-19T11:00:00,2026-04-19T13:00:00,DK1,80.0,80.0,0.63,4.708242,20.0,20.0,0.1,0.74734
2026-04-19T10:00:00,2026-04-19T12:00:00,DK1,80.0,80.0,1.2,8.96808,20.0,20.0,0.1,0.74734
2026-04-19T09:00:00,2026-04-19T11:00:00,DK1,80.0,80.0,1.2,8.96808,20.0,20.0,0.1,0.74734
2026-04-19T08:00:00,2026-04-19T10:00:00,DK1,80.0,80.0,6.0,44.8404,20.0,20.0,0.07,0.523138
2026-04-19T07:00:00,2026-04-19T09:00:00,DK1,80.0,80.0,6.0,44.8404,20.0,20.0,0.07,0.523138
2026-04-19T06:00:00,2026-04-19T08:00:00,DK1,80.0,80.0,6.69,49.997046,20.0,20.0,0.07,0.523138
2026-04-19T05:00:00,2026-04-19T07:00:00,DK1,80.0,80.0,7.4,55.30316,20.0,20.0,0.07,0.523138
2026-04-19T04:00:00,2026-04-19T06:00:00,DK1,80.0,80.0,5.35,39.98269,20.0,20.0,0.07,0.523138
2026-04-19T03:00:00,2026-04-19T05:00:00,DK1,80.0,80.0,1.2,8.96808,20.0,20.0,0.07,0.523138
2026-04-19T02:00:00,2026-04-19T04:00:00,DK1,80.0,80.0,5.35,39.98269,20.0,20.0,0.07,0.523138
2026-04-19T01:00:00,2026-04-19T03:00:00,DK1,80.0,80.0,1.2,8.96808,20.0,20.0,0.07,0.523138
2026-04-19T00:00:00,2026-04-19T02:00:00,DK1,80.0,80.0,1.2,8.96808,20.0,20.0,0.07,0.523138
2026-04-18T23:00:00,2026-04-19T01:00:00,DK1,80.0,80.0,1.2,8.96808,20.0,20.0,0.07,0.523138
2026-04-18T22:00:00,2026-04-19T00:00:00,DK1,80.0,80.0,2.0,14.9468,20.0,21.0,0.07,0.523138
2026-04-18T21:00:00,2026-04-18T23:00:00,DK1,80.0,80.0,9.77,73.015118,20.0,20.0,0.07,0.523138
2026-04-18T20:00:00,2026-04-18T22:00:00,DK1,81.0,81.0,9.63,71.968842,20.0,20.0,0.07,0.523138
2026-04-18T19:00:00,2026-04-18T21:00:00,DK1,92.0,92.0,35.6,266.05304,20.0,20.0,0.07,0.523138
2026-04-18T18:00:00,2026-04-18T20:00:00,DK1,100.0,100.0,66.37,496.009558,20.0,20.0,0.07,0.523138
2026-04-18T17:00:00,2026-04-18T19:00:00,DK1,101.0,101.0,59.28,443.023152,20.0,20.0,0.07,0.523138
2026-04-18T16:00:00,2026-04-18T18:00:00,DK1,108.0,108.0,48.17,359.993678,20.0,20.0,0.07,0.523138
2026-04-18T15:00:00,2026-04-18T17:00:00,DK1,109.0,109.0,42.69,319.039446,20.0,20.0,0.07,0.523138
2026-04-18T14:00:00,2026-04-18T16:00:00,DK1,106.0,106.0,6.69,49.997046,20.0,20.0,0.07,0.523138
2026-04-18T13:00:00,2026-04-18T15:00:00,DK1,104.0,104.0,1.2,8.96808,20.0,21.0,0.07,0.523138
2026-04-18T12:00:00,2026-04-18T14:00:00,DK1,80.0,80.0,0.67,5.007178,20.0,21.0,0.07,0.523138
2026-04-18T11:00:00,2026-04-18T13:00:00,DK1,80.0,80.0,0.67,5.007178,20.0,21.0,0.07,0.523138
2026-04-18T10:00:00,2026-04-18T12:00:00,DK1,80.0,80.0,0.54,4.035636,20.0,21.0,0.07,0.523138
2026-04-18T09:00:00,2026-04-18T11:00:00,DK1,80.0,80.0,0.54,4.035636,20.0,21.0,0.07,0.523138
2026-04-18T08:00:00,2026-04-18T10:00:00,DK1,80.0,80.0,1.2,8.96808,20.0,20.0,0.07,0.523138
2026-04-18T07:00:00,2026-04-18T09:00:00,DK1,85.0,85.0,6.69,49.997046,20.0,20.0,0.1,0.74734
2026-04-18T06:00:00,2026-04-18T08:00:00,DK1,87.0,87.0,11.78,88.036652,20.0,20.0,0.1,0.74734
2026-04-18T05:00:00,2026-04-18T07:00:00,DK1,80.0,80.0,6.0,44.8404,20.0,20.0,0.1,0.74734
2026-04-18T04:00:00,2026-04-18T06:00:00,DK1,80.0,80.0,5.35,39.98269,20.0,20.0,0.1,0.74734
2026-04-18T03:00:00,2026-04-18T05:00:00,DK1,80.0,80.0,2.0,14.9468,20.0,20.0,0.1,0.74734
2026-04-18T02:00:00,2026-04-18T04:00:00,DK1,80.0,80.0,1.2,8.96808,20.0,20.0,0.1,0.74734
2026-04-18T01:00:00,2026-04-18T03:00:00,DK1,80.0,80.0,1.2,8.96808,20.0,20.0,0.1,0.74734
2026-04-18T00:00:00,2026-04-18T02:00:00,DK1,80.0,80.0,1.2,8.96808,20.0,20.0,0.1,0.74734
2026-04-17T23:00:00,2026-04-18T01:00:00,DK1,80.0,80.0,2.0,14.9468,20.0,20.0,0.1,0.74734
2026-04-17T22:00:00,2026-04-18T00:00:00,DK1,80.0,80.0,1.2,8.96808,20.0,24.0,0.11,0.822074
2026-04-17T21:00:00,2026-04-17T23:00:00,DK1,80.0,80.0,9.77,73.015118,20.0,20.0,0.1,0.74734
2026-04-17T20:00:00,2026-04-17T22:00:00,DK1,82.0,82.0,6.69,49.997046,20.0,20.0,0.1,0.74734
2026-04-17T19:00:00,2026-04-17T21:00:00,DK1,93.0,93.0,26.3,196.55042,20.0,20.0,0.1,0.74734
2026-04-17T18:00:00,2026-04-17T20:00:00,DK1,104.0,104.0,97.95,732.01953,20.0,20.0,0.1,0.74734
2026-04-17T17:00:00,2026-04-17T19:00:00,DK1,107.0,107.0,96.21,719.015814,20.0,20.0,0.1,0.74734
2026-04-17T16:00:00,2026-04-17T18:00:00,DK1,117.0,117.0,57.54,430.019436,20.0,20.0,0.1,0.74734
2026-04-17T15:00:00,2026-04-17T17:00:00,DK1,100.0,100.0,16.19,120.994346,20.0,20.0,0.1,0.74734
2026-04-17T14:00:00,2026-04-17T16:00:00,DK1,80.0,80.0,3.35,25.03589,20.0,20.0,0.1,0.74734
2026-04-17T13:00:00,2026-04-17T15:00:00,DK1,84.0,84.0,3.35,25.03589,20.0,20.0,0.1,0.74734
2026-04-17T12:00:00,2026-04-17T14:00:00,DK1,80.0,80.0,2.94,21.971796,20.0,20.0,0.11,0.822074
2026-04-17T11:00:00,2026-04-17T13:00:00,DK1,80.0,80.0,1.2,8.96808,20.0,20.0,0.11,0.822074
2026-04-17T10:00:00,2026-04-17T12:00:00,DK1,80.0,80.0,1.2,8.96808,20.0,20.0,0.11,0.822074
2026-04-17T09:00:00,2026-04-17T11:00:00,DK1,80.0,80.0,1.2,8.96808,20.0,20.0,0.1,0.74734
2026-04-17T08:00:00,2026-04-17T10:00:00,DK1,80.0,80.0,6.69,49.997046,20.0,20.0,0.1,0.74734
2026-04-17T07:00:00,2026-04-17T09:00:00,DK1,84.0,84.0,9.9,73.98666,20.0,20.0,0.1,0.74734
2026-04-17T06:00:00,2026-04-17T08:00:00,DK1,86.0,86.0,31.18,233.020612,20.0,20.0,0.1,0.74734
2026-04-17T05:00:00,2026-04-17T07:00:00,DK1,90.0,90.0,9.77,73.015118,20.0,20.0,0.1,0.74734
2026-04-17T04:00:00,2026-04-17T06:00:00,DK1,80.0,80.0,5.35,39.98269,20.0,20.0,0.1,0.74734
2026-04-17T03:00:00,2026-04-17T05:00:00,DK1,80.0,80.0,1.2,8.96808,20.0,20.0,0.1,0.74734
2026-04-17T02:00:00,2026-04-17T04:00:00,DK1,80.0,80.0,1.2,8.96808,20.0,20.0,0.1,0.74734
2026-04-17T01:00:00,2026-04-17T03:00:00,DK1,80.0,80.0,1.2,8.96808,20.0,20.0,0.1,0.74734
2026-04-17T00:00:00,2026-04-17T02:00:00,DK1,80.0,80.0,0.67,5.007178,20.0,20.0,0.1,0.74734
2026-04-16T23:00:00,2026-04-17T01:00:00,DK1,80.0,80.0,1.2,8.96808,20.0,20.0,0.1,0.74734
2026-04-16T22:00:00,2026-04-17T00:00:00,DK1,84.0,84.0,1.2,8.96808,20.0,20.0,0.1,0.74734
2026-04-16T21:00:00,2026-04-16T23:00:00,DK1,80.0,80.0,5.35,39.981085,20.0,20.0,0.1,0.74731
2026-04-16T20:00:00,2026-04-16T22:00:00,DK1,92.0,92.0,18.74,140.045894,20.0,20.0,0.1,0.74731
2026-04-16T19:00:00,2026-04-16T21:00:00,DK1,98.0,98.0,57.95,433.066145,20.0,20.0,0.1,0.74731
2026-04-16T18:00:00,2026-04-16T20:00:00,DK1,107.0,107.0,145.6,1088.08336,20.0,20.0,0.1,0.74731
2026-04-16T17:00:00,2026-04-16T19:00:00,DK1,111.0,111.0,158.21,1182.319151,20.0,20.0,0.1,0.74731
2026-04-16T16:00:00,2026-04-16T18:00:00,DK1,119.0,119.0,71.19,532.009989,20.0,20.0,0.1,0.74731
2026-04-16T15:00:00,2026-04-16T17:00:00,DK1,109.0,109.0,44.56,333.001336,20.0,20.0,0.1,0.74731
2026-04-16T14:00:00,2026-04-16T16:00:00,DK1,100.0,100.0,6.69,49.995039,20.0,20.0,0.1,0.74731
2026-04-16T13:00:00,2026-04-16T15:00:00,DK1,95.0,95.0,1.2,8.96772,20.0,20.0,0.1,0.74731
2026-04-16T12:00:00,2026-04-16T14:00:00,DK1,82.0,82.0,0.54,4.035474,20.0,20.0,0.11,0.822041
2026-04-16T11:00:00,2026-04-16T13:00:00,DK1,80.0,80.0,0.54,4.035474,20.0,20.0,0.11,0.822041
2026-04-16T10:00:00,2026-04-16T12:00:00,DK1,80.0,80.0,1.2,8.96772,20.0,20.0,0.11,0.822041
2026-04-16T09:00:00,2026-04-16T11:00:00,DK1,87.0,87.0,6.69,49.995039,20.0,20.0,0.1,0.74731
2026-04-16T08:00:00,2026-04-16T10:00:00,DK1,91.0,91.0,9.9,73.98369,20.0,20.0,0.1,0.74731
2026-04-16T07:00:00,2026-04-16T09:00:00,DK1,99.0,99.0,46.3,346.00453,20.0,20.0,0.1,0.74731
2026-04-16T06:00:00,2026-04-16T08:00:00,DK1,103.0,103.0,71.86,537.016966,20.0,20.0,0.1,0.74731
2026-04-16T05:00:00,2026-04-16T07:00:00,DK1,106.0,106.0,66.92,500.099852,20.0,20.0,0.1,0.74731
2026-04-16T04:00:00,2026-04-16T06:00:00,DK1,88.0,88.0,9.63,71.965953,20.0,20.0,0.1,0.74731
2026-04-16T03:00:00,2026-04-16T05:00:00,DK1,80.0,80.0,1.2,8.96772,20.0,20.0,0.1,0.74731
2026-04-16T02:00:00,2026-04-16T04:00:00,DK1,80.0,80.0,1.2,8.96772,20.0,20.0,0.1,0.74731
2026-04-16T01:00:00,2026-04-16T03:00:00,DK1,80.0,80.0,0.67,5.006977,20.0,20.0,0.1,0.74731
2026-04-16T00:00:00,2026-04-16T02:00:00,DK1,80.0,80.0,0.67,5.006977,20.0,20.0,0.1,0.74731
2026-04-15T23:00:00,2026-04-16T01:00:00,DK1,80.0,80.0,1.2,8.96772,20.0,20.0,0.1,0.74731
2026-04-15T22:00:00,2026-04-16T00:00:00,DK1,80.0,80.0,1.2,8.96772,20.0,20.0,0.13,0.971503
2026-04-15T21:00:00,2026-04-15T23:00:00,DK1,80.0,80.0,1.2,8.9676,20.0,20.0,0.1,0.7473
2026-04-15T20:00:00,2026-04-15T22:00:00,DK1,94.0,94.0,9.63,71.96499,20.0,20.0,0.1,0.7473
2026-04-15T19:00:00,2026-04-15T21:00:00,DK1,100.0,100.0,76.41,571.01193,20.0,20.0,0.1,0.7473
2026-04-15T18:00:00,2026-04-15T20:00:00,DK1,107.0,107.0,142.17,1062.43641,20.0,20.0,0.1,0.7473
2026-04-15T17:00:00,2026-04-15T19:00:00,DK1,118.0,118.0,146.27,1093.07571,20.0,20.0,0.1,0.7473
2026-04-15T16:00:00,2026-04-15T18:00:00,DK1,119.0,119.0,85.92,642.08016,20.0,20.0,0.1,0.7473
2026-04-15T15:00:00,2026-04-15T17:00:00,DK1,108.0,108.0,51.52,385.00896,20.0,20.0,0.1,0.7473
2026-04-15T14:00:00,2026-04-15T16:00:00,DK1,82.0,82.0,4.0,29.892,20.0,20.0,0.13,0.97149
2026-04-15T13:00:00,2026-04-15T15:00:00,DK1,87.0,87.0,6.69,49.99437,20.0,20.0,0.13,0.97149
2026-04-15T12:00:00,2026-04-15T14:00:00,DK1,80.0,80.0,1.2,8.9676,20.0,20.0,0.11,0.82203
2026-04-15T11:00:00,2026-04-15T13:00:00,DK1,80.0,80.0,1.2,8.9676,20.0,20.0,0.11,0.82203
2026-04-15T10:00:00,2026-04-15T12:00:00,DK1,80.0,80.0,1.2,8.9676,20.0,20.0,0.11,0.82203
2026-04-15T09:00:00,2026-04-15T11:00:00,DK1,80.0,80.0,6.69,49.99437,20.0,20.0,0.13,0.97149
2026-04-15T08:00:00,2026-04-15T10:00:00,DK1,80.0,80.0,9.63,71.96499,20.0,20.0,0.13,0.97149
2026-04-15T07:00:00,2026-04-15T09:00:00,DK1,80.0,80.0,9.9,73.9827,20.0,20.0,0.13,0.97149
2026-04-15T06:00:00,2026-04-15T08:00:00,DK1,83.0,83.0,9.9,73.9827,20.0,20.0,0.13,0.97149
2026-04-15T05:00:00,2026-04-15T07:00:00,DK1,83.0,83.0,9.63,71.96499,20.0,20.0,0.13,0.97149
2026-04-15T04:00:00,2026-04-15T06:00:00,DK1,80.0,80.0,6.69,49.99437,20.0,20.0,0.13,0.97149
2026-04-15T03:00:00,2026-04-15T05:00:00,DK1,80.0,80.0,2.0,14.946,20.0,20.0,0.13,0.97149
2026-04-15T02:00:00,2026-04-15T04:00:00,DK1,80.0,80.0,8.83,65.98659,20.0,20.0,0.13,0.97149
2026-04-15T01:00:00,2026-04-15T03:00:00,DK1,80.0,80.0,1.2,8.9676,20.0,20.0,0.1,0.7473
2026-04-15T00:00:00,2026-04-15T02:00:00,DK1,80.0,80.0,1.2,8.9676,20.0,20.0,0.1,0.7473
2026-04-14T23:00:00,2026-04-15T01:00:00,DK1,80.0,80.0,1.2,8.9676,20.0,20.0,0.1,0.7473
2026-04-14T22:00:00,2026-04-15T00:00:00,DK1,80.0,80.0,1.2,8.9676,20.0,20.0,0.1,0.7473
2026-04-14T21:00:00,2026-04-14T23:00:00,DK1,80.0,80.0,1.2,8.96712,20.0,20.0,0.1,0.74726
2026-04-14T20:00:00,2026-04-14T22:00:00,DK1,91.0,91.0,17.69,132.190294,20.0,20.0,0.1,0.74726
2026-04-14T19:00:00,2026-04-14T21:00:00,DK1,92.0,92.0,9.9,73.97874,20.0,20.0,0.1,0.74726
2026-04-14T18:00:00,2026-04-14T20:00:00,DK1,106.0,106.0,102.51,766.016226,20.0,20.0,0.1,0.74726
2026-04-14T17:00:00,2026-04-14T19:00:00,DK1,114.0,114.0,101.57,758.991982,20.0,20.0,0.1,0.74726
2026-04-14T16:00:00,2026-04-14T18:00:00,DK1,117.0,117.0,63.7,476.00462,20.0,20.0,0.1,0.74726
2026-04-14T15:00:00,2026-04-14T17:00:00,DK1,120.0,120.0,66.65,498.04879,20.0,20.0,0.1,0.74726
2026-04-14T14:00:00,2026-04-14T16:00:00,DK1,92.0,92.0,8.83,65.983058,20.0,20.0,0.0,0.0
2026-04-14T13:00:00,2026-04-14T15:00:00,DK1,88.0,88.0,9.63,71.961138,20.0,20.0,0.13,0.971438
2026-04-14T12:00:00,2026-04-14T14:00:00,DK1,80.0,80.0,1.2,8.96712,20.0,20.0,0.13,0.971438
2026-04-14T11:00:00,2026-04-14T13:00:00,DK1,80.0,80.0,3.35,25.03321,20.0,20.0,0.13,0.971438
2026-04-14T10:00:00,2026-04-14T12:00:00,DK1,80.0,80.0,1.2,8.96712,20.0,20.0,0.13,0.971438
2026-04-14T09:00:00,2026-04-14T11:00:00,DK1,80.0,80.0,6.69,49.991694,20.0,20.0,0.13,0.971438
2026-04-14T08:00:00,2026-04-14T10:00:00,DK1,81.0,81.0,9.77,73.007302,20.0,20.0,0.13,0.971438
2026-04-14T07:00:00,2026-04-14T09:00:00,DK1,82.0,82.0,9.9,73.97874,20.0,20.0,0.13,0.971438
2026-04-14T06:00:00,2026-04-14T08:00:00,DK1,86.0,86.0,25.16,188.010616,20.0,20.0,0.13,0.971438
2026-04-14T05:00:00,2026-04-14T07:00:00,DK1,93.0,93.0,25.16,188.010616,20.0,20.0,0.13,0.971438
2026-04-14T04:00:00,2026-04-14T06:00:00,DK1,80.0,80.0,16.19,120.981394,20.0,20.0,0.13,0.971438
2026-04-14T03:00:00,2026-04-14T05:00:00,DK1,80.0,80.0,2.0,14.9452,20.0,21.0,0.11,0.821986
2026-04-14T02:00:00,2026-04-14T04:00:00,DK1,80.0,80.0,4.42,33.028892,20.0,21.0,0.11,0.821986
2026-04-14T01:00:00,2026-04-14T03:00:00,DK1,80.0,80.0,1.47,10.984722,20.0,20.0,0.1,0.74726
2026-04-14T00:00:00,2026-04-14T02:00:00,DK1,80.0,80.0,1.47,10.984722,20.0,20.0,0.1,0.74726
2026-04-13T23:00:00,2026-04-14T01:00:00,DK1,80.0,80.0,1.2,8.96712,20.0,20.0,0.1,0.74726
2026-04-13T22:00:00,2026-04-14T00:00:00,DK1,80.0,80.0,2.0,14.9452,20.0,20.0,0.11,0.821986
2026-04-13T21:00:00,2026-04-13T23:00:00,DK1,80.0,80.0,0.67,5.006709,20.0,20.0,0.1,0.74727
2026-04-13T20:00:00,2026-04-13T22:00:00,DK1,80.0,80.0,1.2,8.96724,20.0,20.0,0.1,0.74727
2026-04-13T19:00:00,2026-04-13T21:00:00,DK1,80.0,80.0,6.69,49.992363,20.0,20.0,0.1,0.74727
2026-04-13T18:00:00,2026-04-13T20:00:00,DK1,120.0,120.0,104.92,784.035684,20.0,20.0,0.1,0.74727
2026-04-13T17:00:00,2026-04-13T19:00:00,DK1,119.0,119.0,46.84,350.021268,20.0,20.0,0.1,0.74727
2026-04-13T16:00:00,2026-04-13T18:00:00,DK1,121.0,121.0,44.03,329.022981,20.0,20.0,0.1,0.74727
2026-04-13T15:00:00,2026-04-13T17:00:00,DK1,130.0,130.0,73.61,550.065447,20.0,20.0,0.1,0.74727
2026-04-13T14:00:00,2026-04-13T16:00:00,DK1,120.0,120.0,24.89,185.995503,20.0,20.0,0.1,0.74727
2026-04-13T13:00:00,2026-04-13T15:00:00,DK1,106.0,106.0,9.63,71.962101,20.0,20.0,0.1,0.74727
2026-04-13T12:00:00,2026-04-13T14:00:00,DK1,88.0,88.0,1.2,8.96724,20.0,20.0,0.1,0.74727
2026-04-13T11:00:00,2026-04-13T13:00:00,DK1,80.0,80.0,1.2,8.96724,20.0,20.0,0.1,0.74727
2026-04-13T10:00:00,2026-04-13T12:00:00,DK1,80.0,80.0,1.2,8.96724,20.0,20.0,0.1,0.74727
2026-04-13T09:00:00,2026-04-13T11:00:00,DK1,80.0,80.0,6.69,49.992363,20.0,20.0,0.1,0.74727
2026-04-13T08:00:00,2026-04-13T10:00:00,DK1,80.0,80.0,9.77,73.008279,20.0,20.0,0.1,0.74727
2026-04-13T07:00:00,2026-04-13T09:00:00,DK1,80.0,80.0,9.9,73.97973,20.0,20.0,0.1,0.74727
2026-04-13T06:00:00,2026-04-13T08:00:00,DK1,92.0,92.0,51.93,388.057311,20.0,20.0,0.1,0.74727
2026-04-13T05:00:00,2026-04-13T07:00:00,DK1,89.0,89.0,9.77,73.008279,20.0,20.0,0.1,0.74727
2026-04-13T04:00:00,2026-04-13T06:00:00,DK1,81.0,81.0,5.35,39.978945,20.0,20.0,0.1,0.74727
2026-04-13T03:00:00,2026-04-13T05:00:00,DK1,83.0,83.0,2.0,14.9454,20.0,20.0,0.1,0.74727
2026-04-13T02:00:00,2026-04-13T04:00:00,DK1,80.0,80.0,2.0,14.9454,20.0,20.0,0.1,0.74727
2026-04-13T01:00:00,2026-04-13T03:00:00,DK1,80.0,80.0,1.2,8.96724,20.0,20.0,0.1,0.74727
2026-04-13T00:00:00,2026-04-13T02:00:00,DK1,80.0,80.0,1.2,8.96724,20.0,20.0,0.1,0.74727
2026-04-12T23:00:00,2026-04-13T01:00:00,DK1,80.0,80.0,1.2,8.96724,20.0,20.0,0.1,0.74727
2026-04-12T22:00:00,2026-04-13T00:00:00,DK1,80.0,80.0,1.2,8.96724,20.0,20.0,0.11,0.821997
2026-04-12T21:00:00,2026-04-12T23:00:00,DK1,80.0,80.0,0.54,4.035258,20.0,20.0,0.1,0.74727
2026-04-12T20:00:00,2026-04-12T22:00:00,DK1,82.0,82.0,1.2,8.96724,20.0,20.0,0.1,0.74727
2026-04-12T19:00:00,2026-04-12T21:00:00,DK1,88.0,88.0,5.35,39.978945,20.0,20.0,0.1,0.74727
2026-04-12T18:00:00,2026-04-12T20:00:00,DK1,103.0,103.0,7.6,56.79252,20.0,20.0,0.1,0.74727
2026-04-12T17:00:00,2026-04-12T19:00:00,DK1,118.0,118.0,33.46,250.036542,20.0,20.0,0.1,0.74727
2026-04-12T16:00:00,2026-04-12T18:00:00,DK1,129.0,129.0,42.55,317.963385,20.0,20.0,0.1,0.74727
2026-04-12T15:00:00,2026-04-12T17:00:00,DK1,108.0,108.0,66.08,493.796016,20.0,20.0,0.1,0.74727
2026-04-12T14:00:00,2026-04-12T16:00:00,DK1,96.0,96.0,6.1,45.58347,20.0,20.0,0.11,0.821997
2026-04-12T13:00:00,2026-04-12T15:00:00,DK1,89.0,89.0,0.67,5.006709,20.0,20.0,0.11,0.821997
2026-04-12T12:00:00,2026-04-12T14:00:00,DK1,80.0,80.0,0.13,0.971451,20.0,20.0,0.11,0.821997
2026-04-12T11:00:00,2026-04-12T13:00:00,DK1,80.0,80.0,0.13,0.971451,20.0,20.0,0.11,0.821997
2026-04-12T10:00:00,2026-04-12T12:00:00,DK1,80.0,80.0,0.28,2.092356,20.0,20.0,0.11,0.821997
2026-04-12T09:00:00,2026-04-12T11:00:00,DK1,80.0,80.0,0.67,5.006709,20.0,20.0,0.11,0.821997
2026-04-12T08:00:00,2026-04-12T10:00:00,DK1,80.0,80.0,1.2,8.96724,20.0,20.0,0.11,0.821997
2026-04-12T07:00:00,2026-04-12T09:00:00,DK1,80.0,80.0,20.08,150.051816,20.0,20.0,0.11,0.821997
2026-04-12T06:00:00,2026-04-12T08:00:00,DK1,94.0,94.0,20.07,149.977089,20.0,20.0,0.1,0.74727
2026-04-12T05:00:00,2026-04-12T07:00:00,DK1,86.0,86.0,1.2,8.96724,20.0,20.0,0.1,0.74727
2026-04-12T04:00:00,2026-04-12T06:00:00,DK1,80.0,80.0,1.2,8.96724,20.0,20.0,0.1,0.74727
2026-04-12T03:00:00,2026-04-12T05:00:00,DK1,80.0,80.0,0.67,5.006709,20.0,20.0,0.1,0.74727
2026-04-12T02:00:00,2026-04-12T04:00:00,DK1,80.0,80.0,0.67,5.006709,20.0,20.0,0.1,0.74727
2026-04-12T01:00:00,2026-04-12T03:00:00,DK1,80.0,80.0,0.32,2.391264,20.0,20.0,0.11,0.821997
2026-04-12T00:00:00,2026-04-12T02:00:00,DK1,80.0,80.0,0.32,2.391264,20.0,20.0,0.11,0.821997
2026-04-11T23:00:00,2026-04-12T01:00:00,DK1,80.0,80.0,0.32,2.391264,20.0,20.0,0.11,0.821997
2026-04-11T22:00:00,2026-04-12T00:00:00,DK1,80.0,80.0,0.32,2.391264,20.0,20.0,0.11,0.821997
2026-04-11T21:00:00,2026-04-11T23:00:00,DK1,80.0,80.0,0.39,2.914353,20.0,20.0,0.11,0.821997
2026-04-11T20:00:00,2026-04-11T22:00:00,DK1,80.0,80.0,0.54,4.035258,20.0,20.0,0.11,0.821997
2026-04-11T19:00:00,2026-04-11T21:00:00,DK1,80.0,80.0,0.54,4.035258,20.0,20.0,0.11,0.821997
2026-04-11T18:00:00,2026-04-11T20:00:00,DK1,91.0,91.0,1.2,8.96724,20.0,20.0,0.13,0.971451
2026-04-11T17:00:00,2026-04-11T19:00:00,DK1,95.0,95.0,1.2,8.96724,20.0,20.0,0.13,0.971451
2026-04-11T16:00:00,2026-04-11T18:00:00,DK1,114.0,114.0,1.2,8.96724,20.0,20.0,0.11,0.821997
2026-04-11T15:00:00,2026-04-11T17:00:00,DK1,104.0,104.0,1.2,8.96724,20.0,20.0,0.11,0.821997
2026-04-11T14:00:00,2026-04-11T16:00:00,DK1,100.0,100.0,0.54,4.035258,20.0,20.0,0.13,0.971451
2026-04-11T13:00:00,2026-04-11T15:00:00,DK1,83.0,83.0,0.13,0.971451,20.0,20.0,0.13,0.971451
2026-04-11T12:00:00,2026-04-11T14:00:00,DK1,80.0,80.0,0.13,0.971451,20.0,20.0,0.13,0.971451
2026-04-11T11:00:00,2026-04-11T13:00:00,DK1,80.0,80.0,0.13,0.971451,20.0,20.0,0.13,0.971451
2026-04-11T10:00:00,2026-04-11T12:00:00,DK1,80.0,80.0,0.13,0.971451,20.0,20.0,0.13,0.971451
2026-04-11T09:00:00,2026-04-11T11:00:00,DK1,80.0,80.0,0.13,0.971451,20.0,20.0,0.13,0.971451
2026-04-11T08:00:00,2026-04-11T10:00:00,DK1,80.0,80.0,0.54,4.035258,20.0,20.0,0.13,0.971451
2026-04-11T07:00:00,2026-04-11T09:00:00,DK1,80.0,80.0,1.2,8.96724,20.0,20.0,0.13,0.971451
2026-04-11T06:00:00,2026-04-11T08:00:00,DK1,86.0,86.0,10.0,74.727,20.0,20.0,0.11,0.821997
2026-04-11T05:00:00,2026-04-11T07:00:00,DK1,80.0,80.0,1.2,8.96724,20.0,20.0,0.11,0.821997
2026-04-11T04:00:00,2026-04-11T06:00:00,DK1,80.0,80.0,1.2,8.96724,20.0,20.0,0.11,0.821997
2026-04-11T03:00:00,2026-04-11T05:00:00,DK1,80.0,80.0,0.67,5.006709,20.0,20.0,0.11,0.821997
2026-04-11T02:00:00,2026-04-11T04:00:00,DK1,80.0,80.0,0.4,2.98908,20.0,20.0,0.11,0.821997
2026-04-11T01:00:00,2026-04-11T03:00:00,DK1,80.0,80.0,0.31,2.316537,20.0,20.0,0.13,0.971451
2026-04-11T00:00:00,2026-04-11T02:00:00,DK1,80.0,80.0,0.67,5.006709,20.0,20.0,0.13,0.971451
2026-04-10T23:00:00,2026-04-11T01:00:00,DK1,80.0,80.0,1.2,8.96724,20.0,20.0,0.13,0.971451
2026-04-10T22:00:00,2026-04-11T00:00:00,DK1,80.0,80.0,0.67,5.006709,20.0,20.0,0.13,0.971451
2026-04-10T21:00:00,2026-04-10T23:00:00,DK1,80.0,80.0,0.67,5.006709,20.0,20.0,0.1,0.74727
2026-04-10T20:00:00,2026-04-10T22:00:00,DK1,81.0,81.0,1.2,8.96724,20.0,20.0,0.1,0.74727
2026-04-10T19:00:00,2026-04-10T21:00:00,DK1,88.0,88.0,1.2,8.96724,20.0,20.0,0.1,0.74727
2026-04-10T18:00:00,2026-04-10T20:00:00,DK1,101.0,101.0,9.63,71.962101,20.0,20.0,0.1,0.74727
2026-04-10T17:00:00,2026-04-10T19:00:00,DK1,109.0,109.0,9.63,71.962101,20.0,20.0,0.1,0.74727
2026-04-10T16:00:00,2026-04-10T18:00:00,DK1,132.0,132.0,65.57,489.984939,20.0,20.0,0.1,0.74727
2026-04-10T15:00:00,2026-04-10T17:00:00,DK1,120.0,120.0,72.6,542.51802,20.0,20.0,0.1,0.74727
2026-04-10T14:00:00,2026-04-10T16:00:00,DK1,120.0,120.0,24.89,185.995503,20.0,20.0,0.1,0.74727
2026-04-10T13:00:00,2026-04-10T15:00:00,DK1,113.0,113.0,6.69,49.992363,20.0,20.0,0.11,0.821997
2026-04-10T12:00:00,2026-04-10T14:00:00,DK1,80.0,80.0,1.2,8.96724,20.0,20.0,0.11,0.821997
2026-04-10T11:00:00,2026-04-10T13:00:00,DK1,80.0,80.0,1.62,12.105774,20.0,20.0,0.11,0.821997
2026-04-10T10:00:00,2026-04-10T12:00:00,DK1,80.0,80.0,3.35,25.033545,20.0,20.0,0.1,0.74727
2026-04-10T09:00:00,2026-04-10T11:00:00,DK1,80.0,80.0,6.69,49.992363,20.0,20.0,0.1,0.74727
2026-04-10T08:00:00,2026-04-10T10:00:00,DK1,80.0,80.0,6.69,49.992363,20.0,20.0,0.1,0.74727
2026-04-10T07:00:00,2026-04-10T09:00:00,DK1,80.0,80.0,9.9,73.97973,20.0,20.0,0.1,0.74727
2026-04-10T06:00:00,2026-04-10T08:00:00,DK1,95.0,95.0,63.7,476.01099,20.0,20.0,0.1,0.74727
2026-04-10T05:00:00,2026-04-10T07:00:00,DK1,88.0,88.0,1.2,8.96724,20.0,20.0,0.1,0.74727
2026-04-10T04:00:00,2026-04-10T06:00:00,DK1,80.0,80.0,1.2,8.96724,20.0,20.0,0.1,0.74727
2026-04-10T03:00:00,2026-04-10T05:00:00,DK1,80.0,80.0,0.67,5.006709,20.0,20.0,0.1,0.74727
2026-04-10T02:00:00,2026-04-10T04:00:00,DK1,80.0,80.0,0.31,2.316537,20.0,20.0,0.11,0.821997
2026-04-10T01:00:00,2026-04-10T03:00:00,DK1,80.0,80.0,0.27,2.017629,20.0,20.0,0.13,0.971451
2026-04-10T00:00:00,2026-04-10T02:00:00,DK1,80.0,80.0,0.31,2.316537,20.0,20.0,0.13,0.971451
2026-04-09T23:00:00,2026-04-10T01:00:00,DK1,80.0,80.0,0.27,2.017629,20.0,20.0,0.13,0.971451
2026-04-09T22:00:00,2026-04-10T00:00:00,DK1,80.0,80.0,0.37,2.764899,20.0,20.0,0.13,0.971451
2026-04-09T21:00:00,2026-04-09T23:00:00,DK1,80.0,80.0,0.31,2.316568,20.0,20.0,0.1,0.74728
2026-04-09T20:00:00,2026-04-09T22:00:00,DK1,80.0,80.0,0.54,4.035312,20.0,20.0,0.1,0.74728
2026-04-09T19:00:00,2026-04-09T21:00:00,DK1,80.0,80.0,1.2,8.96736,20.0,20.0,0.1,0.74728
2026-04-09T18:00:00,2026-04-09T20:00:00,DK1,105.0,105.0,4.0,29.8912,20.0,20.0,0.1,0.74728
2026-04-09T17:00:00,2026-04-09T19:00:00,DK1,113.0,113.0,6.0,44.8368,20.0,20.0,0.1,0.74728
2026-04-09T16:00:00,2026-04-09T18:00:00,DK1,117.0,117.0,6.69,49.993032,20.0,20.0,0.1,0.74728
2026-04-09T15:00:00,2026-04-09T17:00:00,DK1,127.0,127.0,40.35,301.52748,20.0,20.0,0.13,0.971464
2026-04-09T14:00:00,2026-04-09T16:00:00,DK1,114.0,114.0,3.35,25.03388,20.0,20.0,0.11,0.822008
2026-04-09T13:00:00,2026-04-09T15:00:00,DK1,82.0,82.0,0.67,5.006776,20.0,20.0,0.11,0.822008
2026-04-09T12:00:00,2026-04-09T14:00:00,DK1,80.0,80.0,0.54,4.035312,20.0,20.0,0.11,0.822008
2026-04-09T11:00:00,2026-04-09T13:00:00,DK1,80.0,80.0,0.54,4.035312,20.0,20.0,0.11,0.822008
2026-04-09T10:00:00,2026-04-09T12:00:00,DK1,80.0,80.0,0.54,4.035312,20.0,20.0,0.11,0.822008
2026-04-09T09:00:00,2026-04-09T11:00:00,DK1,80.0,80.0,1.2,8.96736,20.0,20.0,0.11,0.822008
2026-04-09T08:00:00,2026-04-09T10:00:00,DK1,80.0,80.0,1.2,8.96736,20.0,20.0,0.11,0.822008
2026-04-09T07:00:00,2026-04-09T09:00:00,DK1,80.0,80.0,3.35,25.03388,20.0,20.0,0.1,0.74728
2026-04-09T06:00:00,2026-04-09T08:00:00,DK1,99.0,99.0,46.84,350.025952,20.0,20.0,0.1,0.74728
2026-04-09T05:00:00,2026-04-09T07:00:00,DK1,91.0,91.0,1.2,8.96736,20.0,20.0,0.1,0.74728
2026-04-09T04:00:00,2026-04-09T06:00:00,DK1,83.0,83.0,1.2,8.96736,20.0,20.0,0.1,0.74728
2026-04-09T03:00:00,2026-04-09T05:00:00,DK1,80.0,80.0,2.0,14.9456,20.0,20.0,0.1,0.74728
2026-04-09T02:00:00,2026-04-09T04:00:00,DK1,80.0,80.0,2.0,14.9456,20.0,20.0,0.1,0.74728
2026-04-09T01:00:00,2026-04-09T03:00:00,DK1,80.0,80.0,0.31,2.316568,20.0,20.0,0.1,0.74728
2026-04-09T00:00:00,2026-04-09T02:00:00,DK1,81.0,81.0,0.31,2.316568,20.0,20.0,0.1,0.74728
2026-04-08T23:00:00,2026-04-09T01:00:00,DK1,80.0,80.0,2.0,14.9456,20.0,20.0,0.1,0.74728
2026-04-08T22:00:00,2026-04-09T00:00:00,DK1,80.0,80.0,0.38,2.839664,20.0,20.0,0.13,0.971464
2026-04-08T21:00:00,2026-04-08T23:00:00,DK1,81.0,81.0,0.67,5.006776,20.0,20.0,0.1,0.74728
2026-04-08T20:00:00,2026-04-08T22:00:00,DK1,97.0,97.0,6.0,44.8368,20.0,20.0,0.1,0.74728
2026-04-08T19:00:00,2026-04-08T21:00:00,DK1,100.0,100.0,20.07,149.979096,20.0,20.0,0.1,0.74728
2026-04-08T18:00:00,2026-04-08T20:00:00,DK1,102.0,102.0,17.64,131.820192,20.0,20.0,0.1,0.74728
2026-04-08T17:00:00,2026-04-08T19:00:00,DK1,112.0,112.0,73.6,549.99808,20.0,20.0,0.1,0.74728
2026-04-08T16:00:00,2026-04-08T18:00:00,DK1,114.0,114.0,65.44,489.020032,20.0,20.0,0.1,0.74728
2026-04-08T15:00:00,2026-04-08T17:00:00,DK1,102.0,102.0,73.6,549.99808,20.0,20.0,0.1,0.74728
2026-04-08T14:00:00,2026-04-08T16:00:00,DK1,89.0,89.0,7.35,54.92508,20.0,20.0,0.11,0.822008
2026-04-08T13:00:00,2026-04-08T15:00:00,DK1,83.0,83.0,1.34,10.013552,20.0,20.0,0.11,0.822008
2026-04-08T12:00:00,2026-04-08T14:00:00,DK1,80.0,80.0,0.67,5.006776,20.0,20.0,0.11,0.822008
2026-04-08T11:00:00,2026-04-08T13:00:00,DK1,80.0,80.0,0.54,4.035312,20.0,20.0,0.11,0.822008
2026-04-08T10:00:00,2026-04-08T12:00:00,DK1,80.0,80.0,1.34,10.013552,20.0,20.0,0.11,0.822008
2026-04-08T09:00:00,2026-04-08T11:00:00,DK1,80.0,80.0,1.81,13.525768,20.0,20.0,0.11,0.822008
2026-04-08T08:00:00,2026-04-08T10:00:00,DK1,80.0,80.0,20.07,149.979096,20.0,20.0,0.1,0.74728
2026-04-08T07:00:00,2026-04-08T09:00:00,DK1,80.0,80.0,42.69,319.013832,20.0,20.0,0.1,0.74728
2026-04-08T06:00:00,2026-04-08T08:00:00,DK1,89.0,89.0,76.14,568.978992,20.0,20.0,0.1,0.74728
2026-04-08T05:00:00,2026-04-08T07:00:00,DK1,80.0,80.0,5.35,39.97948,20.0,20.0,0.1,0.74728
2026-04-08T04:00:00,2026-04-08T06:00:00,DK1,80.0,80.0,2.0,14.9456,20.0,20.0,0.1,0.74728
2026-04-08T03:00:00,2026-04-08T05:00:00,DK1,80.0,80.0,1.2,8.96736,20.0,20.0,0.1,0.74728
2026-04-08T02:00:00,2026-04-08T04:00:00,DK1,80.0,80.0,0.67,5.006776,20.0,20.0,0.1,0.74728
2026-04-08T01:00:00,2026-04-08T03:00:00,DK1,80.0,80.0,0.67,5.006776,20.0,20.0,0.1,0.74728
2026-04-08T00:00:00,2026-04-08T02:00:00,DK1,80.0,80.0,0.67,5.006776,20.0,20.0,0.1,0.74728
2026-04-07T23:00:00,2026-04-08T01:00:00,DK1,80.0,80.0,0.67,5.006776,20.0,20.0,0.1,0.74728
2026-04-07T22:00:00,2026-04-08T00:00:00,DK1,81.0,81.0,0.4,2.98912,20.0,20.0,0.13,0.971464
2026-04-07T21:00:00,2026-04-07T23:00:00,DK1,80.0,80.0,0.54,4.03515,20.0,20.0,0.1,0.74725
2026-04-07T20:00:00,2026-04-07T22:00:00,DK1,87.0,87.0,6.69,49.991025,20.0,20.0,0.1,0.74725
2026-04-07T19:00:00,2026-04-07T21:00:00,DK1,95.0,95.0,9.63,71.960175,20.0,20.0,0.1,0.74725
2026-04-07T18:00:00,2026-04-07T20:00:00,DK1,98.0,98.0,9.77,73.006325,20.0,20.0,0.1,0.74725
2026-04-07T17:00:00,2026-04-07T19:00:00,DK1,105.0,105.0,44.57,333.049325,20.0,20.0,0.1,0.74725
2026-04-07T16:00:00,2026-04-07T18:00:00,DK1,121.0,121.0,57.41,428.996225,20.0,20.0,0.1,0.74725
2026-04-07T15:00:00,2026-04-07T17:00:00,DK1,96.0,96.0,68.97,515.378325,20.0,20.0,0.1,0.74725
2026-04-07T14:00:00,2026-04-07T16:00:00,DK1,96.0,96.0,4.0,29.89,20.0,20.0,0.13,0.971425
2026-04-07T13:00:00,2026-04-07T15:00:00,DK1,90.0,90.0,0.54,4.03515,20.0,20.0,0.13,0.971425
2026-04-07T12:00:00,2026-04-07T14:00:00,DK1,80.0,80.0,0.13,0.971425,20.0,20.0,0.13,0.971425
2026-04-07T11:00:00,2026-04-07T13:00:00,DK1,80.0,80.0,0.4,2.989,20.0,20.0,0.13,0.971425
2026-04-07T10:00:00,2026-04-07T12:00:00,DK1,80.0,80.0,0.67,5.006575,20.0,20.0,0.13,0.971425
2026-04-07T09:00:00,2026-04-07T11:00:00,DK1,80.0,80.0,0.67,5.006575,20.0,20.0,0.13,0.971425
2026-04-07T08:00:00,2026-04-07T10:00:00,DK1,80.0,80.0,13.52,101.0282,20.0,20.0,0.13,0.971425
2026-04-07T07:00:00,2026-04-07T09:00:00,DK1,83.0,83.0,45.51,340.073475,20.0,20.0,0.1,0.74725
2026-04-07T06:00:00,2026-04-07T08:00:00,DK1,104.0,104.0,101.28,756.8148,20.0,20.0,0.1,0.74725
2026-04-07T05:00:00,2026-04-07T07:00:00,DK1,90.0,90.0,6.69,49.991025,20.0,20.0,0.1,0.74725
2026-04-07T04:00:00,2026-04-07T06:00:00,DK1,80.0,80.0,1.2,8.967,20.0,20.0,0.1,0.74725
2026-04-07T03:00:00,2026-04-07T05:00:00,DK1,80.0,80.0,1.2,8.967,20.0,20.0,0.1,0.74725
2026-04-07T02:00:00,2026-04-07T04:00:00,DK1,80.0,80.0,1.2,8.967,20.0,20.0,0.1,0.74725
2026-04-07T01:00:00,2026-04-07T03:00:00,DK1,80.0,80.0,0.67,5.006575,20.0,20.0,0.1,0.74725
2026-04-07T00:00:00,2026-04-07T02:00:00,DK1,80.0,80.0,0.67,5.006575,20.0,20.0,0.1,0.74725
2026-04-06T23:00:00,2026-04-07T01:00:00,DK1,80.0,80.0,0.67,5.006575,20.0,20.0,0.1,0.74725
2026-04-06T22:00:00,2026-04-07T00:00:00,DK1,80.0,80.0,0.31,2.316475,20.0,20.0,0.1,0.74725
2026-04-06T21:00:00,2026-04-06T23:00:00,DK1,80.0,80.0,0.38,2.839588,20.0,20.0,0.1,0.74726
2026-04-06T20:00:00,2026-04-06T22:00:00,DK1,80.0,80.0,0.54,4.035204,20.0,20.0,0.1,0.74726
2026-04-06T19:00:00,2026-04-06T21:00:00,DK1,80.0,80.0,1.2,8.96712,20.0,20.0,0.1,0.74726
2026-04-06T18:00:00,2026-04-06T20:00:00,DK1,82.0,82.0,5.35,39.97841,20.0,20.0,0.1,0.74726
2026-04-06T17:00:00,2026-04-06T19:00:00,DK1,80.0,80.0,1.2,8.96712,20.0,20.0,0.1,0.74726
2026-04-06T16:00:00,2026-04-06T18:00:00,DK1,94.0,94.0,6.69,49.991694,20.0,20.0,0.1,0.74726
2026-04-06T15:00:00,2026-04-06T17:00:00,DK1,84.0,84.0,1.2,8.96712,20.0,20.0,0.1,0.74726
2026-04-06T14:00:00,2026-04-06T16:00:00,DK1,80.0,80.0,0.54,4.035204,20.0,20.0,0.13,0.971438
2026-04-06T13:00:00,2026-04-06T15:00:00,DK1,80.0,80.0,0.13,0.971438,20.0,20.0,0.13,0.971438
2026-04-06T12:00:00,2026-04-06T14:00:00,DK1,80.0,80.0,0.13,0.971438,20.0,20.0,0.13,0.971438
2026-04-06T11:00:00,2026-04-06T13:00:00,DK1,80.0,80.0,0.13,0.971438,20.0,20.0,0.13,0.971438
2026-04-06T10:00:00,2026-04-06T12:00:00,DK1,80.0,80.0,0.13,0.971438,20.0,20.0,0.13,0.971438
2026-04-06T09:00:00,2026-04-06T11:00:00,DK1,80.0,80.0,0.27,2.017602,20.0,20.0,0.13,0.971438
2026-04-06T08:00:00,2026-04-06T10:00:00,DK1,80.0,80.0,0.54,4.035204,20.0,20.0,0.13,0.971438
2026-04-06T07:00:00,2026-04-06T09:00:00,DK1,80.0,80.0,0.54,4.035204,20.0,20.0,0.13,0.971438
2026-04-06T06:00:00,2026-04-06T08:00:00,DK1,80.0,80.0,6.69,49.991694,20.0,20.0,0.13,0.971438
2026-04-06T05:00:00,2026-04-06T07:00:00,DK1,80.0,80.0,0.54,4.035204,20.0,20.0,0.13,0.971438
2026-04-06T04:00:00,2026-04-06T06:00:00,DK1,80.0,80.0,0.54,4.035204,20.0,20.0,0.13,0.971438
2026-04-06T03:00:00,2026-04-06T05:00:00,DK1,80.0,80.0,0.67,5.006642,20.0,20.0,0.13,0.971438
2026-04-06T02:00:00,2026-04-06T04:00:00,DK1,80.0,80.0,0.67,5.006642,20.0,20.0,0.13,0.971438
2026-04-06T01:00:00,2026-04-06T03:00:00,DK1,80.0,80.0,0.31,2.316506,20.0,20.0,0.1,0.74726
2026-04-06T00:00:00,2026-04-06T02:00:00,DK1,80.0,80.0,0.38,2.839588,20.0,20.0,0.1,0.74726
2026-04-05T23:00:00,2026-04-06T01:00:00,DK1,80.0,80.0,0.31,2.316506,20.0,20.0,0.1,0.74726
2026-04-05T22:00:00,2026-04-06T00:00:00,DK1,80.0,80.0,0.31,2.316506,20.0,20.0,0.1,0.74726
2026-04-05T21:00:00,2026-04-05T23:00:00,DK1,80.0,80.0,0.31,2.316506,20.0,20.0,0.1,0.74726
2026-04-05T20:00:00,2026-04-05T22:00:00,DK1,80.0,80.0,0.67,5.006642,20.0,20.0,0.1,0.74726
2026-04-05T19:00:00,2026-04-05T21:00:00,DK1,80.0,80.0,1.2,8.96712,20.0,20.0,0.1,0.74726
2026-04-05T18:00:00,2026-04-05T20:00:00,DK1,80.0,80.0,1.2,8.96712,20.0,20.0,0.1,0.74726
2026-04-05T17:00:00,2026-04-05T19:00:00,DK1,80.0,80.0,1.2,8.96712,20.0,20.0,0.1,0.74726
2026-04-05T16:00:00,2026-04-05T18:00:00,DK1,96.0,96.0,0.31,2.316506,20.0,20.0,0.1,0.74726
2026-04-05T15:00:00,2026-04-05T17:00:00,DK1,80.0,80.0,0.26,1.942876,20.0,20.0,0.1,0.74726
2026-04-05T14:00:00,2026-04-05T16:00:00,DK1,80.0,80.0,0.13,0.971438,20.0,20.0,0.1,0.74726
2026-04-05T13:00:00,2026-04-05T15:00:00,DK1,80.0,80.0,0.13,0.971438,20.0,20.0,0.11,0.821986
2026-04-05T12:00:00,2026-04-05T14:00:00,DK1,80.0,80.0,0.13,0.971438,20.0,20.0,0.11,0.821986
2026-04-05T11:00:00,2026-04-05T13:00:00,DK1,80.0,80.0,0.13,0.971438,20.0,20.0,0.11,0.821986
2026-04-05T10:00:00,2026-04-05T12:00:00,DK1,80.0,80.0,0.13,0.971438,20.0,20.0,0.1,0.74726
2026-04-05T09:00:00,2026-04-05T11:00:00,DK1,80.0,80.0,0.13,0.971438,20.0,20.0,0.1,0.74726
2026-04-05T08:00:00,2026-04-05T10:00:00,DK1,80.0,80.0,0.13,0.971438,20.0,20.0,0.1,0.74726
2026-04-05T07:00:00,2026-04-05T09:00:00,DK1,80.0,80.0,0.13,0.971438,20.0,20.0,0.1,0.74726
2026-04-05T06:00:00,2026-04-05T08:00:00,DK1,80.0,80.0,0.13,0.971438,20.0,20.0,0.1,0.74726
2026-04-05T05:00:00,2026-04-05T07:00:00,DK1,80.0,80.0,0.31,2.316506,20.0,20.0,0.1,0.74726
2026-04-05T04:00:00,2026-04-05T06:00:00,DK1,80.0,80.0,0.2,1.49452,20.0,20.0,0.1,0.74726
2026-04-05T03:00:00,2026-04-05T05:00:00,DK1,80.0,80.0,0.13,0.971438,20.0,20.0,0.1,0.74726
2026-04-05T02:00:00,2026-04-05T04:00:00,DK1,80.0,80.0,0.13,0.971438,20.0,20.0,0.1,0.74726
2026-04-05T01:00:00,2026-04-05T03:00:00,DK1,80.0,80.0,0.13,0.971438,20.0,20.0,0.1,0.74726
2026-04-05T00:00:00,2026-04-05T02:00:00,DK1,80.0,80.0,0.13,0.971438,20.0,20.0,0.1,0.74726
2026-04-04T23:00:00,2026-04-05T01:00:00,DK1,80.0,80.0,0.31,2.316506,20.0,20.0,0.1,0.74726
2026-04-04T22:00:00,2026-04-05T00:00:00,DK1,80.0,80.0,0.31,2.316506,20.0,20.0,0.1,0.74726
2026-04-04T21:00:00,2026-04-04T23:00:00,DK1,80.0,80.0,0.67,5.006642,20.0,20.0,0.1,0.74726
2026-04-04T20:00:00,2026-04-04T22:00:00,DK1,80.0,80.0,1.2,8.96712,20.0,20.0,0.1,0.74726
2026-04-04T19:00:00,2026-04-04T21:00:00,DK1,98.0,98.0,7.7,57.53902,20.0,20.0,0.1,0.74726
2026-04-04T18:00:00,2026-04-04T20:00:00,DK1,99.0,99.0,9.77,73.007302,20.0,20.0,0.1,0.74726
2026-04-04T17:00:00,2026-04-04T19:00:00,DK1,113.0,113.0,33.46,250.033196,20.0,20.0,0.1,0.74726
2026-04-04T16:00:00,2026-04-04T18:00:00,DK1,134.0,134.0,72.26,539.970076,20.0,20.0,0.1,0.74726
2026-04-04T15:00:00,2026-04-04T17:00:00,DK1,116.0,116.0,22.76,170.076376,20.0,20.0,0.1,0.74726
2026-04-04T14:00:00,2026-04-04T16:00:00,DK1,103.0,103.0,0.32,2.391232,20.0,20.0,0.1,0.74726
2026-04-04T13:00:00,2026-04-04T15:00:00,DK1,80.0,80.0,0.13,0.971438,20.0,20.0,0.1,0.74726
2026-04-04T12:00:00,2026-04-04T14:00:00,DK1,80.0,80.0,0.13,0.971438,20.0,20.0,0.1,0.74726
2026-04-04T11:00:00,2026-04-04T13:00:00,DK1,80.0,80.0,0.13,0.971438,20.0,20.0,0.1,0.74726
2026-04-04T10:00:00,2026-04-04T12:00:00,DK1,80.0,80.0,0.13,0.971438,20.0,20.0,0.1,0.74726
2026-04-04T09:00:00,2026-04-04T11:00:00,DK1,80.0,80.0,0.21,1.569246,20.0,20.0,0.1,0.74726
2026-04-04T08:00:00,2026-04-04T10:00:00,DK1,80.0,80.0,0.67,5.006642,20.0,20.0,0.1,0.74726
2026-04-04T07:00:00,2026-04-04T09:00:00,DK1,80.0,80.0,1.2,8.96712,20.0,20.0,0.1,0.74726
2026-04-04T06:00:00,2026-04-04T08:00:00,DK1,80.0,80.0,6.69,49.991694,20.0,20.0,0.1,0.74726
2026-04-04T05:00:00,2026-04-04T07:00:00,DK1,80.0,80.0,0.67,5.006642,20.0,20.0,0.1,0.74726
2026-04-04T04:00:00,2026-04-04T06:00:00,DK1,80.0,80.0,0.32,2.391232,20.0,20.0,0.1,0.74726
2026-04-04T03:00:00,2026-04-04T05:00:00,DK1,80.0,80.0,0.32,2.391232,20.0,20.0,0.1,0.74726
2026-04-04T02:00:00,2026-04-04T04:00:00,DK1,80.0,80.0,0.31,2.316506,20.0,20.0,0.1,0.74726
2026-04-04T01:00:00,2026-04-04T03:00:00,DK1,80.0,80.0,0.31,2.316506,20.0,20.0,0.1,0.74726
2026-04-04T00:00:00,2026-04-04T02:00:00,DK1,80.0,80.0,0.31,2.316506,20.0,20.0,0.1,0.74726
2026-04-03T23:00:00,2026-04-04T01:00:00,DK1,80.0,80.0,0.32,2.391232,20.0,20.0,0.1,0.74726
2026-04-03T22:00:00,2026-04-04T00:00:00,DK1,80.0,80.0,0.31,2.316506,20.0,20.0,0.1,0.74726
2026-04-03T21:00:00,2026-04-03T23:00:00,DK1,80.0,80.0,0.47,3.512122,20.0,20.0,0.1,0.74726
2026-04-03T20:00:00,2026-04-03T22:00:00,DK1,80.0,80.0,0.67,5.006642,20.0,20.0,0.1,0.74726
2026-04-03T19:00:00,2026-04-03T21:00:00,DK1,80.0,80.0,0.54,4.035204,20.0,20.0,0.1,0.74726
2026-04-03T18:00:00,2026-04-03T20:00:00,DK1,80.0,80.0,0.54,4.035204,20.0,20.0,0.1,0.74726
2026-04-03T17:00:00,2026-04-03T19:00:00,DK1,84.0,84.0,1.2,8.96712,20.0,20.0,0.1,0.74726
2026-04-03T16:00:00,2026-04-03T18:00:00,DK1,123.0,123.0,9.77,73.007302,20.0,20.0,0.1,0.74726
2026-04-03T15:00:00,2026-04-03T17:00:00,DK1,117.0,117.0,33.99,253.993674,20.0,20.0,0.1,0.74726
2026-04-03T14:00:00,2026-04-03T16:00:00,DK1,111.0,111.0,14.4,107.60544,20.0,20.0,0.1,0.74726
2026-04-03T13:00:00,2026-04-03T15:00:00,DK1,99.0,99.0,1.2,8.96712,20.0,20.0,0.1,0.74726
2026-04-03T12:00:00,2026-04-03T14:00:00,DK1,80.0,80.0,0.54,4.035204,20.0,20.0,0.1,0.74726
2026-04-03T11:00:00,2026-04-03T13:00:00,DK1,80.0,80.0,0.67,5.006642,20.0,20.0,0.1,0.74726
2026-04-03T10:00:00,2026-04-03T12:00:00,DK1,80.0,80.0,1.2,8.96712,20.0,20.0,0.1,0.74726
2026-04-03T09:00:00,2026-04-03T11:00:00,DK1,80.0,80.0,4.0,29.8904,20.0,20.0,0.1,0.74726
2026-04-03T08:00:00,2026-04-03T10:00:00,DK1,80.0,80.0,9.63,71.961138,20.0,20.0,0.1,0.74726
2026-04-03T07:00:00,2026-04-03T09:00:00,DK1,80.0,80.0,20.07,149.975082,20.0,20.0,0.1,0.74726
2026-04-03T06:00:00,2026-04-03T08:00:00,DK1,80.0,80.0,20.07,149.975082,20.0,20.0,0.1,0.74726
2026-04-03T05:00:00,2026-04-03T07:00:00,DK1,83.0,83.0,1.2,8.96712,20.0,20.0,0.1,0.74726
2026-04-03T04:00:00,2026-04-03T06:00:00,DK1,80.0,80.0,0.67,5.006642,20.0,20.0,0.1,0.74726
2026-04-03T03:00:00,2026-04-03T05:00:00,DK1,80.0,80.0,0.67,5.006642,20.0,20.0,0.1,0.74726
2026-04-03T02:00:00,2026-04-03T04:00:00,DK1,80.0,80.0,0.67,5.006642,20.0,20.0,0.1,0.74726
2026-04-03T01:00:00,2026-04-03T03:00:00,DK1,80.0,80.0,0.67,5.006642,20.0,20.0,0.1,0.74726
2026-04-03T00:00:00,2026-04-03T02:00:00,DK1,80.0,80.0,0.67,5.006642,20.0,20.0,0.1,0.74726
2026-04-02T23:00:00,2026-04-03T01:00:00,DK1,80.0,80.0,1.2,8.96712,20.0,20.0,0.1,0.74726
2026-04-02T22:00:00,2026-04-03T00:00:00,DK1,80.0,80.0,0.54,4.035204,20.0,20.0,0.1,0.74726
2026-04-02T21:00:00,2026-04-02T23:00:00,DK1,80.0,80.0,2.0,14.9452,20.0,20.0,0.1,0.74726
2026-04-02T20:00:00,2026-04-02T22:00:00,DK1,80.0,80.0,4.0,29.8904,20.0,20.0,0.1,0.74726
2026-04-02T19:00:00,2026-04-02T21:00:00,DK1,80.0,80.0,4.0,29.8904,20.0,20.0,0.1,0.74726
2026-04-02T18:00:00,2026-04-02T20:00:00,DK1,101.0,101.0,9.77,73.007302,20.0,20.0,0.1,0.74726
2026-04-02T17:00:00,2026-04-02T19:00:00,DK1,114.0,114.0,40.14,299.950164,20.0,20.0,0.1,0.74726
2026-04-02T16:00:00,2026-04-02T18:00:00,DK1,128.0,128.0,51.93,388.052118,20.0,20.0,0.1,0.74726
2026-04-02T15:00:00,2026-04-02T17:00:00,DK1,125.0,125.0,86.48,646.230448,20.0,20.0,0.1,0.74726
2026-04-02T14:00:00,2026-04-02T16:00:00,DK1,120.0,120.0,60.22,449.999972,20.0,20.0,0.1,0.74726
2026-04-02T13:00:00,2026-04-02T15:00:00,DK1,93.0,93.0,9.63,71.961138,20.0,20.0,0.1,0.74726
2026-04-02T12:00:00,2026-04-02T14:00:00,DK1,80.0,80.0,4.0,29.8904,20.0,20.0,0.1,0.74726
2026-04-02T11:00:00,2026-04-02T13:00:00,DK1,80.0,80.0,4.0,29.8904,20.0,20.0,0.1,0.74726
2026-04-02T10:00:00,2026-04-02T12:00:00,DK1,80.0,80.0,4.0,29.8904,20.0,20.0,0.1,0.74726
2026-04-02T09:00:00,2026-04-02T11:00:00,DK1,80.0,80.0,9.9,73.97874,20.0,20.0,0.1,0.74726
2026-04-02T08:00:00,2026-04-02T10:00:00,DK1,80.0,80.0,30.78,230.006628,20.0,20.0,0.1,0.74726
2026-04-02T07:00:00,2026-04-02T09:00:00,DK1,80.0,80.0,35.33,264.006958,20.0,20.0,0.1,0.74726
2026-04-02T06:00:00,2026-04-02T08:00:00,DK1,80.0,80.0,63.96,477.947496,20.0,20.0,0.1,0.74726
2026-04-02T05:00:00,2026-04-02T07:00:00,DK1,80.0,80.0,1.2,8.96712,20.0,20.0,0.1,0.74726
2026-04-02T04:00:00,2026-04-02T06:00:00,DK1,80.0,80.0,1.2,8.96712,20.0,20.0,0.1,0.74726
2026-04-02T03:00:00,2026-04-02T05:00:00,DK1,80.0,80.0,1.2,8.96712,20.0,20.0,0.1,0.74726
2026-04-02T02:00:00,2026-04-02T04:00:00,DK1,80.0,80.0,1.2,8.96712,20.0,20.0,0.1,0.74726
2026-04-02T01:00:00,2026-04-02T03:00:00,DK1,80.0,80.0,1.2,8.96712,20.0,20.0,0.1,0.74726
2026-04-02T00:00:00,2026-04-02T02:00:00,DK1,80.0,80.0,1.2,8.96712,20.0,20.0,0.1,0.74726
2026-04-01T23:00:00,2026-04-02T01:00:00,DK1,80.0,80.0,1.2,8.96712,20.0,20.0,0.1,0.74726
2026-04-01T22:00:00,2026-04-02T00:00:00,DK1,80.0,80.0,1.2,8.96712,20.0,20.0,0.1,0.74726
2026-04-01T21:00:00,2026-04-01T23:00:00,DK1,80.0,80.0,2.0,14.9452,20.0,20.0,0.1,0.74726
2026-04-01T20:00:00,2026-04-01T22:00:00,DK1,85.0,85.0,8.17,61.051142,20.0,20.0,0.1,0.74726
2026-04-01T19:00:00,2026-04-01T21:00:00,DK1,95.0,95.0,8.1,60.52806,20.0,20.0,0.1,0.74726
2026-04-01T18:00:00,2026-04-01T20:00:00,DK1,95.0,95.0,8.1,60.52806,20.0,20.0,0.1,0.74726
2026-04-01T17:00:00,2026-04-01T19:00:00,DK1,107.0,107.0,12.5,93.4075,20.0,20.0,0.1,0.74726
2026-04-01T16:00:00,2026-04-01T18:00:00,DK1,127.0,127.0,76.95,575.01657,20.0,20.0,0.1,0.74726
2026-04-01T15:00:00,2026-04-01T17:00:00,DK1,118.0,118.0,91.83,686.208858,20.0,20.0,0.1,0.74726
2026-04-01T14:00:00,2026-04-01T16:00:00,DK1,111.0,111.0,37.2,277.98072,20.0,20.0,0.1,0.74726
2026-04-01T13:00:00,2026-04-01T15:00:00,DK1,89.0,89.0,9.63,71.961138,20.0,20.0,0.1,0.74726
2026-04-01T12:00:00,2026-04-01T14:00:00,DK1,80.0,80.0,9.34,69.794084,20.0,20.0,0.1,0.74726
2026-04-01T11:00:00,2026-04-01T13:00:00,DK1,80.0,80.0,7.63,57.015938,20.0,20.0,0.1,0.74726
2026-04-01T10:00:00,2026-04-01T12:00:00,DK1,80.0,80.0,10.04,75.024904,20.0,20.0,0.1,0.74726
2026-04-01T09:00:00,2026-04-01T11:00:00,DK1,80.0,80.0,20.08,150.049808,20.0,20.0,0.1,0.74726
2026-04-01T08:00:00,2026-04-01T10:00:00,DK1,80.0,80.0,36.4,272.00264,20.0,20.0,0.1,0.74726
2026-04-01T07:00:00,2026-04-01T09:00:00,DK1,80.0,80.0,66.92,500.066392,20.0,20.0,0.1,0.74726
2026-04-01T06:00:00,2026-04-01T08:00:00,DK1,83.0,83.0,86.99,650.041474,20.0,20.0,0.1,0.74726
2026-04-01T05:00:00,2026-04-01T07:00:00,DK1,80.0,80.0,1.2,8.96712,20.0,20.0,0.1,0.74726
2026-04-01T04:00:00,2026-04-01T06:00:00,DK1,80.0,80.0,1.2,8.96712,20.0,20.0,0.1,0.74726
2026-04-01T03:00:00,2026-04-01T05:00:00,DK1,80.0,80.0,1.2,8.96712,20.0,20.0,0.1,0.74726
2026-04-01T02:00:00,2026-04-01T04:00:00,DK1,80.0,80.0,1.2,8.96712,20.0,20.0,0.1,0.74726
2026-04-01T01:00:00,2026-04-01T03:00:00,DK1,80.0,80.0,1.2,8.96712,20.0,20.0,0.1,0.74726
2026-04-01T00:00:00,2026-04-01T02:00:00,DK1,80.0,80.0,1.2,8.96712,20.0,20.0,0.1,0.74726
2026-03-31T23:00:00,2026-04-01T01:00:00,DK1,80.0,80.0,1.2,8.96712,20.0,20.0,0.1,0.74726
2026-03-31T22:00:00,2026-04-01T00:00:00,DK1,80.0,80.0,1.2,8.96712,20.0,20.0,0.1,0.74726
2026-03-31T21:00:00,2026-03-31T23:00:00,DK1,80.0,80.0,0.67,5.00691,20.0,20.0,0.1,0.7473
2026-03-31T20:00:00,2026-03-31T22:00:00,DK1,82.0,82.0,5.35,39.98055,20.0,20.0,0.1,0.7473
2026-03-31T19:00:00,2026-03-31T21:00:00,DK1,94.0,94.0,15.87,118.59651,20.0,20.0,0.1,0.7473
2026-03-31T18:00:00,2026-03-31T20:00:00,DK1,97.0,97.0,9.77,73.01121,20.0,20.0,0.1,0.7473
2026-03-31T17:00:00,2026-03-31T19:00:00,DK1,120.0,120.0,91.67,685.04991,20.0,20.0,0.1,0.7473
2026-03-31T16:00:00,2026-03-31T18:00:00,DK1,133.0,133.0,73.61,550.08753,20.0,20.0,0.1,0.7473
2026-03-31T15:00:00,2026-03-31T17:00:00,DK1,126.0,126.0,88.28,659.71644,20.0,20.0,0.1,0.7473
2026-03-31T14:00:00,2026-03-31T16:00:00,DK1,118.0,118.0,40.15,300.04095,20.0,20.0,0.0,0.0
2026-03-31T13:00:00,2026-03-31T15:00:00,DK1,100.0,100.0,9.64,72.03972,20.0,20.0,0.1,0.7473
2026-03-31T12:00:00,2026-03-31T14:00:00,DK1,80.0,80.0,0.54,4.03542,20.0,20.0,0.1,0.7473
2026-03-31T11:00:00,2026-03-31T13:00:00,DK1,80.0,80.0,0.67,5.00691,20.0,20.0,0.1,0.7473
2026-03-31T10:00:00,2026-03-31T12:00:00,DK1,80.0,80.0,1.2,8.9676,20.0,20.0,0.1,0.7473
2026-03-31T09:00:00,2026-03-31T11:00:00,DK1,80.0,80.0,3.35,25.03455,20.0,20.0,0.1,0.7473
2026-03-31T08:00:00,2026-03-31T10:00:00,DK1,80.0,80.0,20.07,149.98311,20.0,20.0,0.1,0.7473
2026-03-31T07:00:00,2026-03-31T09:00:00,DK1,80.0,80.0,13.65,102.00645,20.0,20.0,0.1,0.7473
2026-03-31T06:00:00,2026-03-31T08:00:00,DK1,80.0,80.0,9.9,73.9827,20.0,20.0,0.1,0.7473
2026-03-31T05:00:00,2026-03-31T07:00:00,DK1,80.0,80.0,1.2,8.9676,20.0,20.0,0.1,0.7473
2026-03-31T04:00:00,2026-03-31T06:00:00,DK1,80.0,80.0,1.2,8.9676,20.0,20.0,0.1,0.7473
2026-03-31T03:00:00,2026-03-31T05:00:00,DK1,80.0,80.0,0.67,5.00691,20.0,20.0,0.1,0.7473
2026-03-31T02:00:00,2026-03-31T04:00:00,DK1,80.0,80.0,0.54,4.03542,20.0,20.0,0.1,0.7473
2026-03-31T01:00:00,2026-03-31T03:00:00,DK1,80.0,80.0,0.31,2.31663,20.0,20.0,0.1,0.7473
2026-03-31T00:00:00,2026-03-31T02:00:00,DK1,80.0,80.0,0.31,2.31663,20.0,20.0,0.1,0.7473
2026-03-30T23:00:00,2026-03-31T01:00:00,DK1,80.0,80.0,0.31,2.31663,20.0,20.0,0.1,0.7473
2026-03-30T22:00:00,2026-03-31T00:00:00,DK1,80.0,80.0,0.31,2.31663,20.0,20.0,0.1,0.7473
2026-03-30T21:00:00,2026-03-30T23:00:00,DK1,80.0,80.0,0.54,4.035258,20.0,20.0,0.1,0.74727
2026-03-30T20:00:00,2026-03-30T22:00:00,DK1,80.0,80.0,1.2,8.96724,20.0,20.0,0.1,0.74727
2026-03-30T19:00:00,2026-03-30T21:00:00,DK1,80.0,80.0,5.35,39.978945,20.0,20.0,0.1,0.74727
2026-03-30T18:00:00,2026-03-30T20:00:00,DK1,83.0,83.0,9.64,72.036828,20.0,20.0,0.1,0.74727
2026-03-30T17:00:00,2026-03-30T19:00:00,DK1,126.0,126.0,57.68,431.025336,20.0,20.0,0.1,0.74727
2026-03-30T16:00:00,2026-03-30T18:00:00,DK1,137.0,137.0,53.5,399.78945,20.0,20.0,0.1,0.74727
2026-03-30T15:00:00,2026-03-30T17:00:00,DK1,123.0,123.0,26.63,198.998001,20.0,20.0,0.1,0.74727
2026-03-30T14:00:00,2026-03-30T16:00:00,DK1,126.0,126.0,13.61,101.703447,20.0,20.0,0.1,0.74727
2026-03-30T13:00:00,2026-03-30T15:00:00,DK1,98.0,98.0,3.35,25.033545,20.0,20.0,0.1,0.74727
2026-03-30T12:00:00,2026-03-30T14:00:00,DK1,80.0,80.0,0.54,4.035258,20.0,20.0,0.1,0.74727
2026-03-30T11:00:00,2026-03-30T13:00:00,DK1,80.0,80.0,0.54,4.035258,20.0,20.0,0.1,0.74727
2026-03-30T10:00:00,2026-03-30T12:00:00,DK1,80.0,80.0,1.2,8.96724,20.0,20.0,0.1,0.74727
2026-03-30T09:00:00,2026-03-30T11:00:00,DK1,80.0,80.0,5.35,39.978945,20.0,20.0,0.1,0.74727
2026-03-30T08:00:00,2026-03-30T10:00:00,DK1,80.0,80.0,9.91,74.054457,20.0,20.0,0.1,0.74727
2026-03-30T07:00:00,2026-03-30T09:00:00,DK1,80.0,80.0,44.43,332.012061,20.0,20.0,0.1,0.74727
2026-03-30T06:00:00,2026-03-30T08:00:00,DK1,89.0,89.0,59.96,448.063092,20.0,20.0,0.1,0.74727
2026-03-30T05:00:00,2026-03-30T07:00:00,DK1,80.0,80.0,1.2,8.96724,20.0,20.0,0.1,0.74727
2026-03-30T04:00:00,2026-03-30T06:00:00,DK1,80.0,80.0,0.54,4.035258,20.0,20.0,0.1,0.74727
2026-03-30T03:00:00,2026-03-30T05:00:00,DK1,80.0,80.0,0.54,4.035258,20.0,20.0,0.1,0.74727
2026-03-30T02:00:00,2026-03-30T04:00:00,DK1,80.0,80.0,0.31,2.316537,20.0,20.0,0.1,0.74727
2026-03-30T01:00:00,2026-03-30T03:00:00,DK1,80.0,80.0,0.1,0.74727,20.0,20.0,0.1,0.74727
2026-03-30T00:00:00,2026-03-30T02:00:00,DK1,80.0,80.0,0.07,0.523089,20.0,20.0,0.1,0.74727
2026-03-29T23:00:00,2026-03-30T01:00:00,DK1,80.0,80.0,0.07,0.523089,20.0,20.0,0.1,0.74727
2026-03-29T22:00:00,2026-03-30T00:00:00,DK1,80.0,80.0,0.13,0.971451,20.0,20.0,0.1,0.74727
2026-03-29T21:00:00,2026-03-29T23:00:00,DK1,80.0,80.0,0.13,0.971373,20.0,20.0,0.1,0.74721
2026-03-29T20:00:00,2026-03-29T22:00:00,DK1,80.0,80.0,0.54,4.034934,20.0,20.0,0.1,0.74721
2026-03-29T19:00:00,2026-03-29T21:00:00,DK1,80.0,80.0,1.2,8.96652,20.0,21.0,0.07,0.523047
2026-03-29T18:00:00,2026-03-29T20:00:00,DK1,80.0,80.0,3.35,25.031535,20.0,21.0,0.07,0.523047
2026-03-29T17:00:00,2026-03-29T19:00:00,DK1,95.0,95.0,9.64,72.031044,20.0,21.0,0.07,0.523047
2026-03-29T16:00:00,2026-03-29T18:00:00,DK1,115.0,115.0,22.75,169.990275,20.0,21.0,0.07,0.523047
2026-03-29T15:00:00,2026-03-29T17:00:00,DK1,119.0,119.0,20.59,153.850539,20.0,20.0,0.1,0.74721
2026-03-29T14:00:00,2026-03-29T16:00:00,DK1,97.0,97.0,0.54,4.034934,20.0,20.0,0.1,0.74721
2026-03-29T13:00:00,2026-03-29T15:00:00,DK1,80.0,80.0,0.13,0.971373,20.0,20.0,0.1,0.74721
2026-03-29T12:00:00,2026-03-29T14:00:00,DK1,80.0,80.0,0.13,0.971373,20.0,20.0,0.1,0.74721
2026-03-29T11:00:00,2026-03-29T13:00:00,DK1,80.0,80.0,0.13,0.971373,20.0,20.0,0.1,0.74721
2026-03-29T10:00:00,2026-03-29T12:00:00,DK1,80.0,80.0,0.4,2.98884,20.0,20.0,0.1,0.74721
2026-03-29T09:00:00,2026-03-29T11:00:00,DK1,80.0,80.0,2.96,22.117416,20.0,20.0,0.1,0.74721
2026-03-29T08:00:00,2026-03-29T10:00:00,DK1,80.0,80.0,6.69,49.988349,20.0,20.0,0.1,0.74721
2026-03-29T07:00:00,2026-03-29T09:00:00,DK1,93.0,93.0,41.73,311.810733,20.0,21.0,0.07,0.523047
2026-03-29T06:00:00,2026-03-29T08:00:00,DK1,95.0,95.0,68.32,510.493872,20.0,21.0,0.07,0.523047
2026-03-29T05:00:00,2026-03-29T07:00:00,DK1,80.0,80.0,4.0,29.8884,20.0,21.0,0.07,0.523047
2026-03-29T04:00:00,2026-03-29T06:00:00,DK1,80.0,80.0,1.2,8.96652,20.0,21.0,0.07,0.523047
2026-03-29T03:00:00,2026-03-29T05:00:00,DK1,80.0,80.0,0.35,2.615235,20.0,21.0,0.07,0.523047
2026-03-29T02:00:00,2026-03-29T04:00:00,DK1,80.0,80.0,0.31,2.316351,20.0,21.0,0.07,0.523047
2026-03-29T01:00:00,2026-03-29T03:00:00,DK1,80.0,80.0,0.31,2.316351,20.0,21.0,0.07,0.523047
2026-03-29T00:00:00,2026-03-29T01:00:00,DK1,80.0,80.0,1.2,8.96652,20.0,21.0,0.07,0.523047
2026-03-28T23:00:00,2026-03-29T00:00:00,DK1,80.0,80.0,1.2,8.96652,20.0,20.0,0.1,0.74721
2026-03-28T22:00:00,2026-03-28T23:00:00,DK1,80.0,80.0,1.31,9.788451,20.0,20.0,0.1,0.74721
2026-03-28T21:00:00,2026-03-28T22:00:00,DK1,80.0,80.0,1.2,8.96652,20.0,20.0,0.1,0.74721
2026-03-28T20:00:00,2026-03-28T21:00:00,DK1,89.0,89.0,6.69,49.988349,20.0,20.0,0.1,0.74721
2026-03-28T19:00:00,2026-03-28T20:00:00,DK1,95.0,95.0,9.64,72.031044,20.0,20.0,0.1,0.74721
2026-03-28T18:00:00,2026-03-28T19:00:00,DK1,88.0,88.0,6.69,49.988349,20.0,20.0,0.1,0.74721
2026-03-28T17:00:00,2026-03-28T18:00:00,DK1,120.0,120.0,51.92,387.951432,20.0,20.0,0.1,0.74721
2026-03-28T16:00:00,2026-03-28T17:00:00,DK1,131.0,131.0,104.45,780.460845,20.0,20.0,0.1,0.74721
2026-03-28T15:00:00,2026-03-28T16:00:00,DK1,113.0,113.0,32.12,240.003852,20.0,20.0,0.1,0.74721
2026-03-28T14:00:00,2026-03-28T15:00:00,DK1,95.0,95.0,6.69,49.988349,20.0,20.0,0.1,0.74721
2026-03-28T13:00:00,2026-03-28T14:00:00,DK1,80.0,80.0,0.54,4.034934,20.0,20.0,0.1,0.74721
2026-03-28T12:00:00,2026-03-28T13:00:00,DK1,80.0,80.0,0.54,4.034934,20.0,20.0,0.1,0.74721
2026-03-28T11:00:00,2026-03-28T12:00:00,DK1,80.0,80.0,0.54,4.034934,20.0,20.0,0.1,0.74721
2026-03-28T10:00:00,2026-03-28T11:00:00,DK1,80.0,80.0,0.67,5.006307,20.0,20.0,0.1,0.74721
2026-03-28T09:00:00,2026-03-28T10:00:00,DK1,80.0,80.0,1.2,8.96652,20.0,20.0,0.1,0.74721
2026-03-28T08:00:00,2026-03-28T09:00:00,DK1,80.0,80.0,1.31,9.788451,20.0,20.0,0.1,0.74721
2026-03-28T07:00:00,2026-03-28T08:00:00,DK1,85.0,85.0,6.69,49.988349,20.0,20.0,0.1,0.74721
2026-03-28T06:00:00,2026-03-28T07:00:00,DK1,80.0,80.0,0.67,5.006307,20.0,20.0,0.1,0.74721
2026-03-28T05:00:00,2026-03-28T06:00:00,DK1,80.0,80.0,0.67,5.006307,20.0,20.0,0.1,0.74721
2026-03-28T04:00:00,2026-03-28T05:00:00,DK1,80.0,80.0,0.54,4.034934,20.0,20.0,0.1,0.74721
2026-03-28T03:00:00,2026-03-28T04:00:00,DK1,80.0,80.0,0.31,2.316351,20.0,20.0,0.1,0.74721
2026-03-28T02:00:00,2026-03-28T03:00:00,DK1,80.0,80.0,0.31,2.316351,20.0,20.0,0.1,0.74721
2026-03-28T01:00:00,2026-03-28T02:00:00,DK1,80.0,80.0,0.31,2.316351,20.0,20.0,0.1,0.74721
2026-03-28T00:00:00,2026-03-28T01:00:00,DK1,80.0,80.0,0.31,2.316351,20.0,20.0,0.1,0.74721
2026-03-27T23:00:00,2026-03-28T00:00:00,DK1,80.0,80.0,0.67,5.006307,20.0,20.0,0.1,0.74721
2026-03-27T22:00:00,2026-03-27T23:00:00,DK1,80.0,80.0,6.69,49.988349,20.0,20.0,0.1,0.74721
2026-03-27T21:00:00,2026-03-27T22:00:00,DK1,80.0,80.0,6.69,49.988349,20.0,20.0,0.1,0.74721
2026-03-27T20:00:00,2026-03-27T21:00:00,DK1,80.0,80.0,9.64,72.031044,20.0,20.0,0.1,0.74721
2026-03-27T19:00:00,2026-03-27T20:00:00,DK1,87.0,87.0,9.9,73.97379,20.0,20.0,0.1,0.74721
2026-03-27T18:00:00,2026-03-27T19:00:00,DK1,98.0,98.0,60.76,454.004796,20.0,20.0,0.1,0.74721
2026-03-27T17:00:00,2026-03-27T18:00:00,DK1,126.0,126.0,100.37,749.974677,20.0,20.0,0.1,0.74721
2026-03-27T16:00:00,2026-03-27T17:00:00,DK1,126.0,126.0,127.14,950.002794,20.0,20.0,0.1,0.74721
2026-03-27T15:00:00,2026-03-27T16:00:00,DK1,122.0,122.0,104.37,779.863077,20.0,20.0,0.11,0.821931
2026-03-27T14:00:00,2026-03-27T15:00:00,DK1,87.0,87.0,24.89,185.980569,20.0,20.0,0.11,0.821931
2026-03-27T13:00:00,2026-03-27T14:00:00,DK1,80.0,80.0,9.1,67.99611,20.0,20.0,0.13,0.971373
2026-03-27T12:00:00,2026-03-27T13:00:00,DK1,80.0,80.0,5.35,39.975735,20.0,20.0,0.13,0.971373
2026-03-27T11:00:00,2026-03-27T12:00:00,DK1,80.0,80.0,6.69,49.988349,20.0,20.0,0.13,0.971373
2026-03-27T10:00:00,2026-03-27T11:00:00,DK1,80.0,80.0,9.77,73.002417,20.0,20.0,0.11,0.821931
2026-03-27T09:00:00,2026-03-27T10:00:00,DK1,80.0,80.0,24.89,185.980569,20.0,20.0,0.11,0.821931
2026-03-27T08:00:00,2026-03-27T09:00:00,DK1,84.0,84.0,33.59,250.987839,20.0,20.0,0.11,0.821931
2026-03-27T07:00:00,2026-03-27T08:00:00,DK1,100.0,100.0,107.23,801.233283,20.0,20.0,0.11,0.821931
2026-03-27T06:00:00,2026-03-27T07:00:00,DK1,102.0,102.0,53.54,400.056234,20.0,20.0,0.11,0.821931
2026-03-27T05:00:00,2026-03-27T06:00:00,DK1,86.0,86.0,6.69,49.988349,20.0,20.0,0.11,0.821931
2026-03-27T04:00:00,2026-03-27T05:00:00,DK1,81.0,81.0,2.0,14.9442,20.0,20.0,0.11,0.821931
2026-03-27T03:00:00,2026-03-27T04:00:00,DK1,80.0,80.0,0.67,5.006307,20.0,20.0,0.11,0.821931
2026-03-27T02:00:00,2026-03-27T03:00:00,DK1,80.0,80.0,0.31,2.316351,20.0,20.0,0.1,0.74721
2026-03-27T01:00:00,2026-03-27T02:00:00,DK1,80.0,80.0,0.31,2.316351,20.0,20.0,0.1,0.74721
2026-03-27T00:00:00,2026-03-27T01:00:00,DK1,80.0,80.0,0.31,2.316351,20.0,20.0,0.1,0.74721
2026-03-26T23:00:00,2026-03-27T00:00:00,DK1,80.0,80.0,0.31,2.316351,20.0,20.0,0.1,0.74721
2026-03-26T22:00:00,2026-03-26T23:00:00,DK1,80.0,80.0,0.31,2.31632,20.0,20.0,0.13,0.97136
2026-03-26T21:00:00,2026-03-26T22:00:00,DK1,80.0,80.0,1.2,8.9664,20.0,20.0,0.13,0.97136
2026-03-26T20:00:00,2026-03-26T21:00:00,DK1,85.0,85.0,5.35,39.9752,20.0,20.0,0.13,0.97136
2026-03-26T19:00:00,2026-03-26T20:00:00,DK1,93.0,93.0,9.64,72.03008,20.0,20.0,0.13,0.97136
2026-03-26T18:00:00,2026-03-26T19:00:00,DK1,104.0,104.0,33.46,250.01312,20.0,20.0,0.13,0.97136
2026-03-26T17:00:00,2026-03-26T18:00:00,DK1,125.0,125.0,72.28,540.07616,20.0,20.0,0.13,0.97136
2026-03-26T16:00:00,2026-03-26T17:00:00,DK1,125.0,125.0,106.4,795.0208,20.0,20.0,0.13,0.97136
2026-03-26T15:00:00,2026-03-26T16:00:00,DK1,104.0,104.0,36.35,271.6072,20.0,20.0,0.13,0.97136
2026-03-26T14:00:00,2026-03-26T15:00:00,DK1,80.0,80.0,3.35,25.0312,20.0,20.0,0.13,0.97136
2026-03-26T13:00:00,2026-03-26T14:00:00,DK1,80.0,80.0,1.2,8.9664,20.0,20.0,0.13,0.97136
2026-03-26T12:00:00,2026-03-26T13:00:00,DK1,80.0,80.0,0.43,3.21296,20.0,20.0,0.13,0.97136
2026-03-26T11:00:00,2026-03-26T12:00:00,DK1,80.0,80.0,0.67,5.00624,20.0,20.0,0.13,0.97136
2026-03-26T10:00:00,2026-03-26T11:00:00,DK1,80.0,80.0,1.31,9.78832,20.0,20.0,0.13,0.97136
2026-03-26T09:00:00,2026-03-26T10:00:00,DK1,80.0,80.0,1.31,9.78832,20.0,20.0,0.13,0.97136
2026-03-26T08:00:00,2026-03-26T09:00:00,DK1,80.0,80.0,10.71,80.02512,20.0,20.0,0.13,0.97136
2026-03-26T07:00:00,2026-03-26T08:00:00,DK1,80.0,80.0,9.9,73.9728,20.0,20.0,0.11,0.82192
2026-03-26T06:00:00,2026-03-26T07:00:00,DK1,80.0,80.0,1.2,8.9664,20.0,20.0,0.11,0.82192
2026-03-26T05:00:00,2026-03-26T06:00:00,DK1,80.0,80.0,1.2,8.9664,20.0,20.0,0.11,0.82192
2026-03-26T04:00:00,2026-03-26T05:00:00,DK1,80.0,80.0,0.67,5.00624,20.0,20.0,0.13,0.97136
2026-03-26T03:00:00,2026-03-26T04:00:00,DK1,80.0,80.0,0.31,2.31632,20.0,20.0,0.13,0.97136
2026-03-26T02:00:00,2026-03-26T03:00:00,DK1,80.0,80.0,0.27,2.01744,20.0,20.0,0.11,0.82192
2026-03-26T01:00:00,2026-03-26T02:00:00,DK1,80.0,80.0,0.27,2.01744,20.0,20.0,0.11,0.82192
2026-03-26T00:00:00,2026-03-26T01:00:00,DK1,80.0,80.0,0.31,2.31632,20.0,20.0,0.11,0.82192
2026-03-25T23:00:00,2026-03-26T00:00:00,DK1,80.0,80.0,0.31,2.31632,20.0,20.0,0.11,0.82192
2026-03-25T22:00:00,2026-03-25T23:00:00,DK1,80.0,80.0,0.31,2.316227,20.0,20.0,0.11,0.821887
2026-03-25T21:00:00,2026-03-25T22:00:00,DK1,80.0,80.0,1.2,8.96604,20.0,20.0,0.11,0.821887
2026-03-25T20:00:00,2026-03-25T21:00:00,DK1,80.0,80.0,9.64,72.027188,20.0,20.0,0.13,0.971321
2026-03-25T19:00:00,2026-03-25T20:00:00,DK1,80.0,80.0,9.77,72.998509,20.0,20.0,0.13,0.971321
2026-03-25T18:00:00,2026-03-25T19:00:00,DK1,80.0,80.0,9.77,72.998509,20.0,20.0,0.13,0.971321
2026-03-25T17:00:00,2026-03-25T18:00:00,DK1,87.0,87.0,33.46,250.003082,20.0,20.0,0.11,0.821887
2026-03-25T16:00:00,2026-03-25T17:00:00,DK1,99.0,99.0,56.85,424.766145,20.0,20.0,0.11,0.821887
2026-03-25T15:00:00,2026-03-25T16:00:00,DK1,94.0,94.0,6.84,51.106428,20.0,20.0,0.13,0.971321
2026-03-25T14:00:00,2026-03-25T15:00:00,DK1,80.0,80.0,2.68,20.024156,20.0,20.0,0.13,0.971321
2026-03-25T13:00:00,2026-03-25T14:00:00,DK1,80.0,80.0,3.35,25.030195,20.0,20.0,0.13,0.971321
2026-03-25T12:00:00,2026-03-25T13:00:00,DK1,80.0,80.0,3.35,25.030195,20.0,20.0,0.13,0.971321
2026-03-25T11:00:00,2026-03-25T12:00:00,DK1,80.0,80.0,1.34,10.012078,20.0,20.0,0.13,0.971321
2026-03-25T10:00:00,2026-03-25T11:00:00,DK1,80.0,80.0,1.31,9.787927,20.0,20.0,0.13,0.971321
2026-03-25T09:00:00,2026-03-25T10:00:00,DK1,80.0,80.0,0.67,5.006039,20.0,20.0,0.13,0.971321
2026-03-25T08:00:00,2026-03-25T09:00:00,DK1,80.0,80.0,0.67,5.006039,20.0,20.0,0.13,0.971321
2026-03-25T07:00:00,2026-03-25T08:00:00,DK1,80.0,80.0,6.69,49.985673,20.0,20.0,0.13,0.971321
2026-03-25T06:00:00,2026-03-25T07:00:00,DK1,80.0,80.0,0.31,2.316227,20.0,20.0,0.13,0.971321
2026-03-25T05:00:00,2026-03-25T06:00:00,DK1,80.0,80.0,0.31,2.316227,20.0,20.0,0.13,0.971321
2026-03-25T04:00:00,2026-03-25T05:00:00,DK1,80.0,80.0,0.31,2.316227,20.0,20.0,0.13,0.971321
2026-03-25T03:00:00,2026-03-25T04:00:00,DK1,80.0,80.0,0.13,0.971321,20.0,20.0,0.13,0.971321
2026-03-25T02:00:00,2026-03-25T03:00:00,DK1,80.0,80.0,0.1,0.74717,20.0,20.0,0.11,0.821887
2026-03-25T01:00:00,2026-03-25T02:00:00,DK1,80.0,80.0,0.1,0.74717,20.0,20.0,0.11,0.821887
2026-03-25T00:00:00,2026-03-25T01:00:00,DK1,80.0,80.0,0.1,0.74717,20.0,20.0,0.11,0.821887
2026-03-24T23:00:00,2026-03-25T00:00:00,DK1,80.0,80.0,0.13,0.971321,20.0,20.0,0.11,0.821887
2026-03-24T22:00:00,2026-03-24T23:00:00,DK1,80.0,80.0,0.13,0.971243,20.0,20.0,0.11,0.821821
2026-03-24T21:00:00,2026-03-24T22:00:00,DK1,80.0,80.0,0.31,2.316041,20.0,20.0,0.11,0.821821
2026-03-24T20:00:00,2026-03-24T21:00:00,DK1,80.0,80.0,1.2,8.96532,20.0,20.0,0.11,0.821821
2026-03-24T19:00:00,2026-03-24T20:00:00,DK1,92.0,92.0,4.0,29.8844,20.0,20.0,0.11,0.821821
2026-03-24T18:00:00,2026-03-24T19:00:00,DK1,98.0,98.0,33.46,249.983006,20.0,20.0,0.13,0.971243
2026-03-24T17:00:00,2026-03-24T18:00:00,DK1,130.0,130.0,101.69,759.736159,20.0,20.0,0.13,0.971243
2026-03-24T16:00:00,2026-03-24T17:00:00,DK1,114.0,114.0,95.0,709.7545,20.0,20.0,0.11,0.821821
2026-03-24T15:00:00,2026-03-24T16:00:00,DK1,98.0,98.0,9.9,73.96389,20.0,20.0,0.13,0.971243
2026-03-24T14:00:00,2026-03-24T15:00:00,DK1,80.0,80.0,1.34,10.011274,20.0,20.0,0.13,0.971243
2026-03-24T13:00:00,2026-03-24T14:00:00,DK1,80.0,80.0,0.13,0.971243,20.0,20.0,0.13,0.971243
2026-03-24T12:00:00,2026-03-24T13:00:00,DK1,80.0,80.0,0.13,0.971243,20.0,20.0,0.13,0.971243
2026-03-24T11:00:00,2026-03-24T12:00:00,DK1,80.0,80.0,0.13,0.971243,20.0,20.0,0.13,0.971243
2026-03-24T10:00:00,2026-03-24T11:00:00,DK1,80.0,80.0,1.31,9.787141,20.0,20.0,0.13,0.971243
2026-03-24T09:00:00,2026-03-24T10:00:00,DK1,80.0,80.0,6.69,49.981659,20.0,20.0,0.13,0.971243
2026-03-24T08:00:00,2026-03-24T09:00:00,DK1,80.0,80.0,17.0,127.0087,20.0,20.0,0.13,0.971243
2026-03-24T07:00:00,2026-03-24T08:00:00,DK1,86.0,86.0,54.7,408.66917,20.0,20.0,0.13,0.971243
2026-03-24T06:00:00,2026-03-24T07:00:00,DK1,89.0,89.0,20.08,150.019688,20.0,20.0,0.11,0.821821
2026-03-24T05:00:00,2026-03-24T06:00:00,DK1,80.0,80.0,4.0,29.8844,20.0,20.0,0.11,0.821821
2026-03-24T04:00:00,2026-03-24T05:00:00,DK1,80.0,80.0,1.2,8.96532,20.0,20.0,0.11,0.821821
2026-03-24T03:00:00,2026-03-24T04:00:00,DK1,80.0,80.0,0.31,2.316041,20.0,20.0,0.11,0.821821
2026-03-24T02:00:00,2026-03-24T03:00:00,DK1,80.0,80.0,0.31,2.316041,20.0,20.0,0.13,0.971243
2026-03-24T01:00:00,2026-03-24T02:00:00,DK1,80.0,80.0,0.31,2.316041,20.0,20.0,0.13,0.971243
2026-03-24T00:00:00,2026-03-24T01:00:00,DK1,80.0,80.0,0.4,2.98844,20.0,20.0,0.13,0.971243
2026-03-23T23:00:00,2026-03-24T00:00:00,DK1,80.0,80.0,1.31,9.787141,20.0,20.0,0.13,0.971243
2026-03-23T22:00:00,2026-03-23T23:00:00,DK1,80.0,80.0,5.35,39.973595,20.0,20.0,0.07,0.523019
2026-03-23T21:00:00,2026-03-23T22:00:00,DK1,85.0,85.0,26.55,198.373635,20.0,20.0,0.07,0.523019
2026-03-23T20:00:00,2026-03-23T21:00:00,DK1,96.0,96.0,87.0,650.0379,20.0,20.0,0.07,0.523019
2026-03-23T19:00:00,2026-03-23T20:00:00,DK1,98.0,98.0,128.33,958.843261,20.0,20.0,0.07,0.523019
2026-03-23T18:00:00,2026-03-23T19:00:00,DK1,87.0,87.0,169.44,1266.004848,20.0,20.0,0.07,0.523019
2026-03-23T17:00:00,2026-03-23T18:00:00,DK1,107.0,107.0,180.03,1345.130151,20.0,20.0,0.07,0.523019
2026-03-23T16:00:00,2026-03-23T17:00:00,DK1,111.0,111.0,158.48,1184.115016,20.0,20.0,0.07,0.523019
2026-03-23T15:00:00,2026-03-23T16:00:00,DK1,105.0,105.0,108.24,808.736808,20.0,20.0,0.1,0.74717
2026-03-23T14:00:00,2026-03-23T15:00:00,DK1,98.0,98.0,72.75,543.566175,20.0,20.0,0.1,0.74717
2026-03-23T13:00:00,2026-03-23T14:00:00,DK1,80.0,80.0,31.73,237.077041,20.0,20.0,0.1,0.74717
2026-03-23T12:00:00,2026-03-23T13:00:00,DK1,80.0,80.0,9.77,72.998509,20.0,20.0,0.1,0.74717
2026-03-23T11:00:00,2026-03-23T12:00:00,DK1,80.0,80.0,9.9,73.96983,20.0,20.0,0.1,0.74717
2026-03-23T10:00:00,2026-03-23T11:00:00,DK1,80.0,80.0,9.9,73.96983,20.0,20.0,0.1,0.74717
2026-03-23T09:00:00,2026-03-23T10:00:00,DK1,80.0,80.0,10.0,74.717,20.0,20.0,0.1,0.74717
2026-03-23T08:00:00,2026-03-23T09:00:00,DK1,85.0,85.0,55.47,414.455199,20.0,20.0,0.1,0.74717
2026-03-23T07:00:00,2026-03-23T08:00:00,DK1,96.0,96.0,113.78,850.130026,20.0,20.0,0.1,0.74717
2026-03-23T06:00:00,2026-03-23T07:00:00,DK1,86.0,86.0,4.0,29.8868,20.0,20.0,0.1,0.74717
2026-03-23T05:00:00,2026-03-23T06:00:00,DK1,80.0,80.0,1.2,8.96604,20.0,20.0,0.1,0.74717
2026-03-23T04:00:00,2026-03-23T05:00:00,DK1,80.0,80.0,1.31,9.787927,20.0,20.0,0.1,0.74717
2026-03-23T03:00:00,2026-03-23T04:00:00,DK1,80.0,80.0,0.67,5.006039,20.0,20.0,0.1,0.74717
2026-03-23T02:00:00,2026-03-23T03:00:00,DK1,80.0,80.0,0.54,4.034718,20.0,20.0,0.1,0.74717
2026-03-23T01:00:00,2026-03-23T02:00:00,DK1,80.0,80.0,0.31,2.316227,20.0,20.0,0.1,0.74717
2026-03-23T00:00:00,2026-03-23T01:00:00,DK1,80.0,80.0,0.31,2.316227,20.0,20.0,0.1,0.74717
2026-03-22T23:00:00,2026-03-23T00:00:00,DK1,80.0,80.0,0.31,2.316227,20.0,20.0,0.1,0.74717
2026-03-22T22:00:00,2026-03-22T23:00:00,DK1,80.0,80.0,0.67,5.005704,20.0,20.0,0.13,0.971256
2026-03-22T21:00:00,2026-03-22T22:00:00,DK1,85.0,85.0,1.31,9.787272,20.0,20.0,0.13,0.971256
2026-03-22T20:00:00,2026-03-22T21:00:00,DK1,90.0,90.0,6.69,49.982328,20.0,20.0,0.13,0.971256
2026-03-22T19:00:00,2026-03-22T20:00:00,DK1,88.0,88.0,6.69,49.982328,20.0,20.0,0.13,0.971256
2026-03-22T18:00:00,2026-03-22T19:00:00,DK1,88.0,88.0,6.69,49.982328,20.0,20.0,0.13,0.971256
2026-03-22T17:00:00,2026-03-22T18:00:00,DK1,103.0,103.0,9.9,73.96488,20.0,20.0,0.13,0.971256
2026-03-22T16:00:00,2026-03-22T17:00:00,DK1,106.0,106.0,100.47,750.631464,20.0,20.0,0.13,0.971256
2026-03-22T15:00:00,2026-03-22T16:00:00,DK1,107.0,107.0,60.23,449.990376,20.0,20.0,0.11,0.821832
2026-03-22T14:00:00,2026-03-22T15:00:00,DK1,82.0,82.0,4.68,34.965216,20.0,20.0,0.13,0.971256
2026-03-22T13:00:00,2026-03-22T14:00:00,DK1,80.0,80.0,0.67,5.005704,20.0,20.0,0.13,0.971256
2026-03-22T12:00:00,2026-03-22T13:00:00,DK1,80.0,80.0,0.54,4.034448,20.0,20.0,0.13,0.971256
2026-03-22T11:00:00,2026-03-22T12:00:00,DK1,80.0,80.0,0.54,4.034448,20.0,20.0,0.13,0.971256
2026-03-22T10:00:00,2026-03-22T11:00:00,DK1,80.0,80.0,0.67,5.005704,20.0,20.0,0.13,0.971256
2026-03-22T09:00:00,2026-03-22T10:00:00,DK1,80.0,80.0,1.31,9.787272,20.0,20.0,0.13,0.971256
2026-03-22T08:00:00,2026-03-22T09:00:00,DK1,80.0,80.0,5.35,39.97092,20.0,20.0,0.13,0.971256
2026-03-22T07:00:00,2026-03-22T08:00:00,DK1,92.0,92.0,9.9,73.96488,20.0,20.0,0.13,0.971256
2026-03-22T06:00:00,2026-03-22T07:00:00,DK1,80.0,80.0,1.31,9.787272,20.0,20.0,0.11,0.821832
2026-03-22T05:00:00,2026-03-22T06:00:00,DK1,80.0,80.0,1.31,9.787272,20.0,20.0,0.11,0.821832
2026-03-22T04:00:00,2026-03-22T05:00:00,DK1,80.0,80.0,0.67,5.005704,20.0,20.0,0.11,0.821832
2026-03-22T03:00:00,2026-03-22T04:00:00,DK1,80.0,80.0,0.54,4.034448,20.0,20.0,0.11,0.821832
2026-03-22T02:00:00,2026-03-22T03:00:00,DK1,80.0,80.0,0.4,2.98848,20.0,20.0,0.13,0.971256
2026-03-22T01:00:00,2026-03-22T02:00:00,DK1,80.0,80.0,0.31,2.316072,20.0,20.0,0.13,0.971256
2026-03-22T00:00:00,2026-03-22T01:00:00,DK1,80.0,80.0,0.67,5.005704,20.0,20.0,0.13,0.971256
2026-03-21T23:00:00,2026-03-22T00:00:00,DK1,80.0,80.0,0.54,4.034448,20.0,20.0,0.13,0.971256
2026-03-21T22:00:00,2026-03-21T23:00:00,DK1,80.0,80.0,5.35,39.97092,20.0,20.0,0.13,0.971256
2026-03-21T21:00:00,2026-03-21T22:00:00,DK1,80.0,80.0,4.0,29.8848,20.0,20.0,0.13,0.971256
2026-03-21T20:00:00,2026-03-21T21:00:00,DK1,89.0,89.0,9.9,73.96488,20.0,20.0,0.13,0.971256
2026-03-21T19:00:00,2026-03-21T20:00:00,DK1,88.0,88.0,9.77,72.993624,20.0,20.0,0.13,0.971256
2026-03-21T18:00:00,2026-03-21T19:00:00,DK1,86.0,86.0,9.77,72.993624,20.0,20.0,0.11,0.821832
2026-03-21T17:00:00,2026-03-21T18:00:00,DK1,98.0,98.0,51.92,387.904704,20.0,20.0,0.13,0.971256
2026-03-21T16:00:00,2026-03-21T17:00:00,DK1,106.0,106.0,113.78,850.073136,20.0,20.0,0.13,0.971256
2026-03-21T15:00:00,2026-03-21T16:00:00,DK1,96.0,96.0,75.55,564.44916,20.0,20.0,0.11,0.821832
2026-03-21T14:00:00,2026-03-21T15:00:00,DK1,80.0,80.0,6.69,49.982328,20.0,20.0,0.13,0.971256
2026-03-21T13:00:00,2026-03-21T14:00:00,DK1,80.0,80.0,1.2,8.96544,20.0,20.0,0.13,0.971256
2026-03-21T12:00:00,2026-03-21T13:00:00,DK1,80.0,80.0,1.31,9.787272,20.0,20.0,0.13,0.971256
2026-03-21T11:00:00,2026-03-21T12:00:00,DK1,80.0,80.0,1.2,8.96544,20.0,20.0,0.13,0.971256
2026-03-21T10:00:00,2026-03-21T11:00:00,DK1,80.0,80.0,1.31,9.787272,20.0,20.0,0.13,0.971256
2026-03-21T09:00:00,2026-03-21T10:00:00,DK1,80.0,80.0,6.69,49.982328,20.0,20.0,0.13,0.971256
2026-03-21T08:00:00,2026-03-21T09:00:00,DK1,80.0,80.0,53.53,399.933336,20.0,20.0,0.11,0.821832
2026-03-21T07:00:00,2026-03-21T08:00:00,DK1,80.0,80.0,53.53,399.933336,20.0,20.0,0.11,0.821832
2026-03-21T06:00:00,2026-03-21T07:00:00,DK1,80.0,80.0,1.2,8.96544,20.0,20.0,0.11,0.821832
2026-03-21T05:00:00,2026-03-21T06:00:00,DK1,80.0,80.0,1.2,8.96544,20.0,20.0,0.11,0.821832
2026-03-21T04:00:00,2026-03-21T05:00:00,DK1,80.0,80.0,1.31,9.787272,20.0,20.0,0.11,0.821832
2026-03-21T03:00:00,2026-03-21T04:00:00,DK1,80.0,80.0,0.31,2.316072,20.0,20.0,0.11,0.821832
2026-03-21T02:00:00,2026-03-21T03:00:00,DK1,80.0,80.0,0.31,2.316072,20.0,20.0,0.13,0.971256
2026-03-21T01:00:00,2026-03-21T02:00:00,DK1,80.0,80.0,0.31,2.316072,20.0,20.0,0.13,0.971256
2026-03-21T00:00:00,2026-03-21T01:00:00,DK1,80.0,80.0,0.4,2.98848,20.0,20.0,0.13,0.971256
2026-03-20T23:00:00,2026-03-21T00:00:00,DK1,80.0,80.0,1.31,9.787272,20.0,20.0,0.13,0.971256
2026-03-20T22:00:00,2026-03-20T23:00:00,DK1,80.0,80.0,1.31,9.787272,20.0,20.0,0.13,0.971256
2026-03-20T21:00:00,2026-03-20T22:00:00,DK1,82.0,82.0,1.31,9.787272,20.0,20.0,0.13,0.971256
2026-03-20T20:00:00,2026-03-20T21:00:00,DK1,93.0,93.0,9.64,72.022368,20.0,20.0,0.13,0.971256
2026-03-20T19:00:00,2026-03-20T20:00:00,DK1,90.0,90.0,6.69,49.982328,20.0,20.0,0.13,0.971256
2026-03-20T18:00:00,2026-03-20T19:00:00,DK1,92.0,92.0,9.64,72.022368,20.0,20.0,0.13,0.971256
2026-03-20T17:00:00,2026-03-20T18:00:00,DK1,105.0,105.0,49.81,372.140472,20.0,20.0,0.13,0.971256
2026-03-20T16:00:00,2026-03-20T17:00:00,DK1,107.0,107.0,86.99,649.919688,20.0,20.0,0.13,0.971256
2026-03-20T15:00:00,2026-03-20T16:00:00,DK1,90.0,90.0,46.84,349.951008,20.0,20.0,0.11,0.821832
2026-03-20T14:00:00,2026-03-20T15:00:00,DK1,80.0,80.0,9.77,72.993624,20.0,20.0,0.11,0.821832
2026-03-20T13:00:00,2026-03-20T14:00:00,DK1,80.0,80.0,3.35,25.02852,20.0,20.0,0.13,0.971256
2026-03-20T12:00:00,2026-03-20T13:00:00,DK1,80.0,80.0,2.11,15.764232,20.0,20.0,0.13,0.971256
2026-03-20T11:00:00,2026-03-20T12:00:00,DK1,80.0,80.0,4.17,31.154904,20.0,20.0,0.13,0.971256
2026-03-20T10:00:00,2026-03-20T11:00:00,DK1,80.0,80.0,8.83,65.970696,20.0,20.0,0.11,0.821832
2026-03-20T09:00:00,2026-03-20T10:00:00,DK1,80.0,80.0,23.69,176.992728,20.0,20.0,0.11,0.821832
2026-03-20T08:00:00,2026-03-20T09:00:00,DK1,80.0,80.0,52.73,393.956376,20.0,20.0,0.11,0.821832
2026-03-20T07:00:00,2026-03-20T08:00:00,DK1,93.0,93.0,75.21,561.908952,20.0,20.0,0.11,0.821832
2026-03-20T06:00:00,2026-03-20T07:00:00,DK1,86.0,86.0,5.35,39.97092,20.0,20.0,0.11,0.821832
2026-03-20T05:00:00,2026-03-20T06:00:00,DK1,80.0,80.0,1.31,9.787272,20.0,20.0,0.11,0.821832
2026-03-20T04:00:00,2026-03-20T05:00:00,DK1,80.0,80.0,1.2,8.96544,20.0,20.0,0.11,0.821832
2026-03-20T03:00:00,2026-03-20T04:00:00,DK1,80.0,80.0,1.2,8.96544,20.0,20.0,0.11,0.821832
2026-03-20T02:00:00,2026-03-20T03:00:00,DK1,80.0,80.0,0.31,2.316072,20.0,20.0,0.13,0.971256
2026-03-20T01:00:00,2026-03-20T02:00:00,DK1,80.0,80.0,0.31,2.316072,20.0,20.0,0.13,0.971256
2026-03-20T00:00:00,2026-03-20T01:00:00,DK1,81.0,81.0,0.31,2.316072,20.0,20.0,0.13,0.971256
2026-03-19T23:00:00,2026-03-20T00:00:00,DK1,81.0,81.0,0.31,2.316072,20.0,20.0,0.13,0.971256
2026-03-19T22:00:00,2026-03-19T23:00:00,DK1,84.0,84.0,0.67,5.005972,20.0,20.0,0.13,0.971308
2026-03-19T21:00:00,2026-03-19T22:00:00,DK1,97.0,97.0,5.35,39.97306,20.0,20.0,0.13,0.971308
2026-03-19T20:00:00,2026-03-19T21:00:00,DK1,107.0,107.0,9.9,73.96884,20.0,20.0,0.13,0.971308
2026-03-19T19:00:00,2026-03-19T20:00:00,DK1,103.0,103.0,9.77,72.997532,20.0,20.0,0.13,0.971308
2026-03-19T18:00:00,2026-03-19T19:00:00,DK1,97.0,97.0,9.64,72.026224,20.0,20.0,0.13,0.971308
2026-03-19T17:00:00,2026-03-19T18:00:00,DK1,115.0,115.0,104.12,777.942992,20.0,20.0,0.13,0.971308
2026-03-19T16:00:00,2026-03-19T17:00:00,DK1,106.0,106.0,81.64,609.981424,20.0,20.0,0.13,0.971308
2026-03-19T15:00:00,2026-03-19T16:00:00,DK1,102.0,102.0,55.81,416.989996,20.0,20.0,0.11,0.821876
2026-03-19T14:00:00,2026-03-19T15:00:00,DK1,98.0,98.0,9.9,73.96884,20.0,20.0,0.11,0.821876
2026-03-19T13:00:00,2026-03-19T14:00:00,DK1,80.0,80.0,1.31,9.787796,20.0,20.0,0.13,0.971308
2026-03-19T12:00:00,2026-03-19T13:00:00,DK1,80.0,80.0,1.2,8.96592,20.0,20.0,0.13,0.971308
2026-03-19T11:00:00,2026-03-19T12:00:00,DK1,80.0,80.0,1.31,9.787796,20.0,20.0,0.13,0.971308
2026-03-19T10:00:00,2026-03-19T11:00:00,DK1,81.0,81.0,1.31,9.787796,20.0,20.0,0.13,0.971308
2026-03-19T09:00:00,2026-03-19T10:00:00,DK1,80.0,80.0,1.31,9.787796,20.0,20.0,0.11,0.821876
2026-03-19T08:00:00,2026-03-19T09:00:00,DK1,86.0,86.0,9.9,73.96884,20.0,20.0,0.11,0.821876
2026-03-19T07:00:00,2026-03-19T08:00:00,DK1,99.0,99.0,57.95,432.97922,20.0,20.0,0.11,0.821876
2026-03-19T06:00:00,2026-03-19T07:00:00,DK1,94.0,94.0,1.2,8.96592,20.0,20.0,0.11,0.821876
2026-03-19T05:00:00,2026-03-19T06:00:00,DK1,80.0,80.0,1.2,8.96592,20.0,20.0,0.11,0.821876
2026-03-19T04:00:00,2026-03-19T05:00:00,DK1,81.0,81.0,1.2,8.96592,20.0,20.0,0.11,0.821876
2026-03-19T03:00:00,2026-03-19T04:00:00,DK1,80.0,80.0,0.47,3.511652,20.0,20.0,0.11,0.821876
2026-03-19T02:00:00,2026-03-19T03:00:00,DK1,84.0,84.0,0.4,2.98864,20.0,20.0,0.13,0.971308
2026-03-19T01:00:00,2026-03-19T02:00:00,DK1,80.0,80.0,0.31,2.316196,20.0,20.0,0.13,0.971308
2026-03-19T00:00:00,2026-03-19T01:00:00,DK1,80.0,80.0,0.31,2.316196,20.0,20.0,0.13,0.971308
2026-03-18T23:00:00,2026-03-19T00:00:00,DK1,80.0,80.0,0.31,2.316196,20.0,20.0,0.13,0.971308
2026-03-18T22:00:00,2026-03-18T23:00:00,DK1,80.0,80.0,0.67,5.00624,20.0,20.0,0.13,0.97136
2026-03-18T21:00:00,2026-03-18T22:00:00,DK1,99.0,99.0,1.2,8.9664,20.0,20.0,0.13,0.97136
2026-03-18T20:00:00,2026-03-18T21:00:00,DK1,106.0,106.0,9.64,72.03008,20.0,20.0,0.13,0.97136
2026-03-18T19:00:00,2026-03-18T20:00:00,DK1,109.0,109.0,9.77,73.00144,20.0,20.0,0.13,0.97136
2026-03-18T18:00:00,2026-03-18T19:00:00,DK1,99.0,99.0,6.69,49.98768,20.0,20.0,0.13,0.97136
2026-03-18T17:00:00,2026-03-18T18:00:00,DK1,121.0,121.0,86.99,649.98928,20.0,20.0,0.13,0.97136
2026-03-18T16:00:00,2026-03-18T17:00:00,DK1,128.0,128.0,82.44,615.99168,20.0,20.0,0.13,0.97136
2026-03-18T15:00:00,2026-03-18T16:00:00,DK1,121.0,121.0,59.56,445.03232,20.0,20.0,0.11,0.82192
2026-03-18T14:00:00,2026-03-18T15:00:00,DK1,114.0,114.0,9.77,73.00144,20.0,20.0,0.13,0.97136
2026-03-18T13:00:00,2026-03-18T14:00:00,DK1,80.0,80.0,1.31,9.78832,20.0,20.0,0.13,0.97136
2026-03-18T12:00:00,2026-03-18T13:00:00,DK1,80.0,80.0,1.2,8.9664,20.0,20.0,0.13,0.97136
2026-03-18T11:00:00,2026-03-18T12:00:00,DK1,80.0,80.0,1.31,9.78832,20.0,20.0,0.13,0.97136
2026-03-18T10:00:00,2026-03-18T11:00:00,DK1,80.0,80.0,1.2,8.9664,20.0,20.0,0.13,0.97136
2026-03-18T09:00:00,2026-03-18T10:00:00,DK1,80.0,80.0,1.2,8.9664,20.0,20.0,0.13,0.97136
2026-03-18T08:00:00,2026-03-18T09:00:00,DK1,80.0,80.0,3.35,25.0312,20.0,20.0,0.13,0.97136
2026-03-18T07:00:00,2026-03-18T08:00:00,DK1,89.0,89.0,9.9,73.9728,20.0,20.0,0.11,0.82192
2026-03-18T06:00:00,2026-03-18T07:00:00,DK1,94.0,94.0,1.31,9.78832,20.0,20.0,0.11,0.82192
2026-03-18T05:00:00,2026-03-18T06:00:00,DK1,80.0,80.0,1.31,9.78832,20.0,20.0,0.11,0.82192
2026-03-18T04:00:00,2026-03-18T05:00:00,DK1,80.0,80.0,1.2,8.9664,20.0,20.0,0.11,0.82192
2026-03-18T03:00:00,2026-03-18T04:00:00,DK1,80.0,80.0,0.67,5.00624,20.0,20.0,0.11,0.82192
2026-03-18T02:00:00,2026-03-18T03:00:00,DK1,80.0,80.0,0.36,2.68992,20.0,20.0,0.13,0.97136
2026-03-18T01:00:00,2026-03-18T02:00:00,DK1,80.0,80.0,0.4,2.9888,20.0,20.0,0.13,0.97136
2026-03-18T00:00:00,2026-03-18T01:00:00,DK1,80.0,80.0,0.36,2.68992,20.0,20.0,0.13,0.97136
2026-03-17T23:00:00,2026-03-18T00:00:00,DK1,80.0,80.0,0.36,2.68992,20.0,20.0,0.13,0.97136
2026-03-17T22:00:00,2026-03-17T23:00:00,DK1,80.0,80.0,1.2,8.96616,20.0,20.0,0.13,0.971334
2026-03-17T21:00:00,2026-03-17T22:00:00,DK1,80.0,80.0,1.31,9.788058,20.0,20.0,0.13,0.971334
2026-03-17T20:00:00,2026-03-17T21:00:00,DK1,91.0,91.0,6.69,49.986342,20.0,20.0,0.13,0.971334
2026-03-17T19:00:00,2026-03-17T20:00:00,DK1,95.0,95.0,57.14,426.938652,20.0,20.0,0.13,0.971334
2026-03-17T18:00:00,2026-03-17T19:00:00,DK1,100.0,100.0,62.09,463.924062,20.0,20.0,0.13,0.971334
2026-03-17T17:00:00,2026-03-17T18:00:00,DK1,132.0,132.0,140.78,1051.880004,20.0,20.0,0.13,0.971334
2026-03-17T16:00:00,2026-03-17T17:00:00,DK1,133.0,133.0,132.09,986.950062,20.0,20.0,0.13,0.971334
2026-03-17T15:00:00,2026-03-17T16:00:00,DK1,129.0,129.0,75.0,560.385,20.0,20.0,0.0,0.0
2026-03-17T14:00:00,2026-03-17T15:00:00,DK1,101.0,101.0,13.38,99.972684,20.0,20.0,0.11,0.821898
2026-03-17T13:00:00,2026-03-17T14:00:00,DK1,80.0,80.0,3.35,25.03053,20.0,20.0,0.11,0.821898
2026-03-17T12:00:00,2026-03-17T13:00:00,DK1,80.0,80.0,1.31,9.788058,20.0,20.0,0.13,0.971334
2026-03-17T11:00:00,2026-03-17T12:00:00,DK1,80.0,80.0,1.31,9.788058,20.0,20.0,0.13,0.971334
2026-03-17T10:00:00,2026-03-17T11:00:00,DK1,80.0,80.0,3.35,25.03053,20.0,20.0,0.11,0.821898
2026-03-17T09:00:00,2026-03-17T10:00:00,DK1,80.0,80.0,4.0,29.8872,20.0,20.0,0.11,0.821898
2026-03-17T08:00:00,2026-03-17T09:00:00,DK1,80.0,80.0,5.89,44.008902,20.0,20.0,0.11,0.821898
2026-03-17T07:00:00,2026-03-17T08:00:00,DK1,86.0,86.0,6.69,49.986342,20.0,20.0,0.11,0.821898
2026-03-17T06:00:00,2026-03-17T07:00:00,DK1,93.0,93.0,6.69,49.986342,20.0,20.0,0.11,0.821898
2026-03-17T05:00:00,2026-03-17T06:00:00,DK1,80.0,80.0,5.35,39.97413,20.0,20.0,0.11,0.821898
2026-03-17T04:00:00,2026-03-17T05:00:00,DK1,80.0,80.0,4.0,29.8872,20.0,20.0,0.11,0.821898
2026-03-17T03:00:00,2026-03-17T04:00:00,DK1,80.0,80.0,1.2,8.96616,20.0,20.0,0.11,0.821898
2026-03-17T02:00:00,2026-03-17T03:00:00,DK1,80.0,80.0,0.67,5.006106,20.0,20.0,0.13,0.971334
2026-03-17T01:00:00,2026-03-17T02:00:00,DK1,80.0,80.0,0.27,2.017386,20.0,20.0,0.13,0.971334
2026-03-17T00:00:00,2026-03-17T01:00:00,DK1,80.0,80.0,0.49,3.661182,20.0,20.0,0.13,0.971334
2026-03-16T23:00:00,2026-03-17T00:00:00,DK1,80.0,80.0,0.67,5.006106,20.0,20.0,0.13,0.971334
2026-03-16T22:00:00,2026-03-16T23:00:00,DK1,80.0,80.0,1.2,8.9664,20.0,20.0,0.13,0.97136
2026-03-16T21:00:00,2026-03-16T22:00:00,DK1,86.0,86.0,5.75,42.964,20.0,20.0,0.13,0.97136
2026-03-16T20:00:00,2026-03-16T21:00:00,DK1,99.0,99.0,50.19,375.01968,20.0,20.0,0.13,0.97136
2026-03-16T19:00:00,2026-03-16T20:00:00,DK1,96.0,96.0,77.62,579.97664,20.0,20.0,0.13,0.97136
2026-03-16T18:00:00,2026-03-16T19:00:00,DK1,98.0,98.0,90.73,677.93456,20.0,20.0,0.13,0.97136
2026-03-16T17:00:00,2026-03-16T18:00:00,DK1,120.0,120.0,116.4,869.7408,20.0,20.0,0.13,0.97136
2026-03-16T16:00:00,2026-03-16T17:00:00,DK1,126.0,126.0,108.55,811.0856,20.0,20.0,0.13,0.97136
2026-03-16T15:00:00,2026-03-16T16:00:00,DK1,131.0,131.0,109.25,816.316,20.0,20.0,0.11,0.82192
2026-03-16T14:00:00,2026-03-16T15:00:00,DK1,102.0,102.0,13.38,99.97536,20.0,20.0,0.11,0.82192
2026-03-16T13:00:00,2026-03-16T14:00:00,DK1,80.0,80.0,1.31,9.78832,20.0,20.0,0.13,0.97136
2026-03-16T12:00:00,2026-03-16T13:00:00,DK1,80.0,80.0,1.2,8.9664,20.0,20.0,0.13,0.97136
2026-03-16T11:00:00,2026-03-16T12:00:00,DK1,80.0,80.0,1.2,8.9664,20.0,20.0,0.13,0.97136
2026-03-16T10:00:00,2026-03-16T11:00:00,DK1,80.0,80.0,1.31,9.78832,20.0,20.0,0.13,0.97136
2026-03-16T09:00:00,2026-03-16T10:00:00,DK1,80.0,80.0,5.35,39.9752,20.0,20.0,0.13,0.97136
2026-03-16T08:00:00,2026-03-16T09:00:00,DK1,80.0,80.0,5.75,42.964,20.0,20.0,0.11,0.82192
2026-03-16T07:00:00,2026-03-16T08:00:00,DK1,84.0,84.0,5.75,42.964,20.0,20.0,0.11,0.82192
2026-03-16T06:00:00,2026-03-16T07:00:00,DK1,102.0,102.0,6.69,49.98768,20.0,20.0,0.11,0.82192
2026-03-16T05:00:00,2026-03-16T06:00:00,DK1,80.0,80.0,3.88,28.99136,20.0,20.0,0.11,0.82192
2026-03-16T04:00:00,2026-03-16T05:00:00,DK1,80.0,80.0,1.31,9.78832,20.0,20.0,0.13,0.97136
2026-03-16T03:00:00,2026-03-16T04:00:00,DK1,80.0,80.0,0.54,4.03488,20.0,20.0,0.13,0.97136
2026-03-16T02:00:00,2026-03-16T03:00:00,DK1,80.0,80.0,0.4,2.9888,20.0,20.0,0.11,0.82192
2026-03-16T01:00:00,2026-03-16T02:00:00,DK1,80.0,80.0,0.13,0.97136,20.0,20.0,0.11,0.82192
2026-03-16T00:00:00,2026-03-16T01:00:00,DK1,80.0,80.0,0.13,0.97136,20.0,20.0,0.11,0.82192
2026-03-15T23:00:00,2026-03-16T00:00:00,DK1,80.0,80.0,0.13,0.97136,20.0,20.0,0.11,0.82192
2026-03-15T22:00:00,2026-03-15T23:00:00,DK1,80.0,80.0,0.67,5.006642,20.0,20.0,0.11,0.821986
2026-03-15T21:00:00,2026-03-15T22:00:00,DK1,80.0,80.0,1.31,9.789106,20.0,20.0,0.11,0.821986
2026-03-15T20:00:00,2026-03-15T21:00:00,DK1,80.0,80.0,4.0,29.8904,20.0,20.0,0.11,0.821986
2026-03-15T19:00:00,2026-03-15T20:00:00,DK1,81.0,81.0,6.69,49.991694,20.0,20.0,0.13,0.971438
2026-03-15T18:00:00,2026-03-15T19:00:00,DK1,89.0,89.0,30.11,224.999986,20.0,20.0,0.13,0.971438
2026-03-15T17:00:00,2026-03-15T18:00:00,DK1,124.0,124.0,106.75,797.70005,20.0,20.0,0.13,0.971438
2026-03-15T16:00:00,2026-03-15T17:00:00,DK1,116.0,116.0,92.77,693.233102,20.0,20.0,0.13,0.971438
2026-03-15T15:00:00,2026-03-15T16:00:00,DK1,118.0,118.0,24.89,185.993014,20.0,20.0,0.13,0.971438
2026-03-15T14:00:00,2026-03-15T15:00:00,DK1,92.0,92.0,1.2,8.96712,20.0,20.0,0.13,0.971438
2026-03-15T13:00:00,2026-03-15T14:00:00,DK1,80.0,80.0,1.2,8.96712,20.0,20.0,0.13,0.971438
2026-03-15T12:00:00,2026-03-15T13:00:00,DK1,80.0,80.0,0.54,4.035204,20.0,20.0,0.13,0.971438
2026-03-15T11:00:00,2026-03-15T12:00:00,DK1,80.0,80.0,1.2,8.96712,20.0,20.0,0.13,0.971438
2026-03-15T10:00:00,2026-03-15T11:00:00,DK1,80.0,80.0,1.31,9.789106,20.0,20.0,0.13,0.971438
2026-03-15T09:00:00,2026-03-15T10:00:00,DK1,80.0,80.0,1.31,9.789106,20.0,20.0,0.13,0.971438
2026-03-15T08:00:00,2026-03-15T09:00:00,DK1,82.0,82.0,6.69,49.991694,20.0,20.0,0.11,0.821986
2026-03-15T07:00:00,2026-03-15T08:00:00,DK1,80.0,80.0,6.69,49.991694,20.0,20.0,0.11,0.821986
2026-03-15T06:00:00,2026-03-15T07:00:00,DK1,80.0,80.0,5.89,44.013614,20.0,20.0,0.11,0.821986
2026-03-15T05:00:00,2026-03-15T06:00:00,DK1,80.0,80.0,5.89,44.013614,20.0,20.0,0.11,0.821986
2026-03-15T04:00:00,2026-03-15T05:00:00,DK1,80.0,80.0,5.35,39.97841,20.0,20.0,0.11,0.821986
2026-03-15T03:00:00,2026-03-15T04:00:00,DK1,80.0,80.0,1.2,8.96712,20.0,20.0,0.11,0.821986
2026-03-15T02:00:00,2026-03-15T03:00:00,DK1,80.0,80.0,0.67,5.006642,20.0,20.0,0.13,0.971438
2026-03-15T01:00:00,2026-03-15T02:00:00,DK1,80.0,80.0,0.67,5.006642,20.0,20.0,0.13,0.971438
2026-03-15T00:00:00,2026-03-15T01:00:00,DK1,80.0,80.0,1.2,8.96712,20.0,20.0,0.13,0.971438
2026-03-14T23:00:00,2026-03-15T00:00:00,DK1,80.0,80.0,1.2,8.96712,20.0,20.0,0.13,0.971438
2026-03-14T22:00:00,2026-03-14T23:00:00,DK1,80.0,80.0,1.2,8.96712,20.0,20.0,0.13,0.971438
2026-03-14T21:00:00,2026-03-14T22:00:00,DK1,80.0,80.0,4.0,29.8904,20.0,20.0,0.13,0.971438
2026-03-14T20:00:00,2026-03-14T21:00:00,DK1,86.0,86.0,6.69,49.991694,20.0,20.0,0.13,0.971438
2026-03-14T19:00:00,2026-03-14T20:00:00,DK1,91.0,91.0,75.88,567.020888,20.0,20.0,0.13,0.971438
2026-03-14T18:00:00,2026-03-14T19:00:00,DK1,91.0,91.0,90.33,674.999958,20.0,20.0,0.13,0.971438
2026-03-14T17:00:00,2026-03-14T18:00:00,DK1,102.0,102.0,99.84,746.064384,20.0,20.0,0.13,0.971438
2026-03-14T16:00:00,2026-03-14T17:00:00,DK1,100.0,100.0,76.28,570.009928,20.0,20.0,0.13,0.971438
2026-03-14T15:00:00,2026-03-14T16:00:00,DK1,92.0,92.0,6.69,49.991694,20.0,20.0,0.11,0.821986
2026-03-14T14:00:00,2026-03-14T15:00:00,DK1,92.0,92.0,5.89,44.013614,20.0,20.0,0.11,0.821986
2026-03-14T13:00:00,2026-03-14T14:00:00,DK1,80.0,80.0,4.0,29.8904,20.0,20.0,0.11,0.821986
2026-03-14T12:00:00,2026-03-14T13:00:00,DK1,80.0,80.0,5.89,44.013614,20.0,20.0,0.11,0.821986
2026-03-14T11:00:00,2026-03-14T12:00:00,DK1,80.0,80.0,5.35,39.97841,20.0,20.0,0.11,0.821986
2026-03-14T10:00:00,2026-03-14T11:00:00,DK1,80.0,80.0,5.62,41.996012,20.0,20.0,0.11,0.821986
2026-03-14T09:00:00,2026-03-14T10:00:00,DK1,80.0,80.0,5.89,44.013614,20.0,20.0,0.11,0.821986
2026-03-14T08:00:00,2026-03-14T09:00:00,DK1,80.0,80.0,6.69,49.991694,20.0,20.0,0.11,0.821986
2026-03-14T07:00:00,2026-03-14T08:00:00,DK1,80.0,80.0,6.69,49.991694,20.0,20.0,0.11,0.821986
2026-03-14T06:00:00,2026-03-14T07:00:00,DK1,80.0,80.0,5.62,41.996012,20.0,20.0,0.11,0.821986
2026-03-14T05:00:00,2026-03-14T06:00:00,DK1,80.0,80.0,5.75,42.96745,20.0,20.0,0.11,0.821986
2026-03-14T04:00:00,2026-03-14T05:00:00,DK1,80.0,80.0,1.31,9.789106,20.0,20.0,0.11,0.821986
2026-03-14T03:00:00,2026-03-14T04:00:00,DK1,80.0,80.0,1.31,9.789106,20.0,20.0,0.11,0.821986
2026-03-14T02:00:00,2026-03-14T03:00:00,DK1,80.0,80.0,0.67,5.006642,20.0,20.0,0.13,0.971438
2026-03-14T01:00:00,2026-03-14T02:00:00,DK1,80.0,80.0,0.4,2.98904,20.0,20.0,0.13,0.971438
2026-03-14T00:00:00,2026-03-14T01:00:00,DK1,80.0,80.0,0.54,4.035204,20.0,20.0,0.13,0.971438
2026-03-13T23:00:00,2026-03-14T00:00:00,DK1,80.0,80.0,0.67,5.006642,20.0,20.0,0.13,0.971438
2026-03-13T22:00:00,2026-03-13T23:00:00,DK1,80.0,80.0,5.89,44.013614,20.0,20.0,0.11,0.821986
2026-03-13T21:00:00,2026-03-13T22:00:00,DK1,80.0,80.0,6.69,49.991694,20.0,20.0,0.11,0.821986
2026-03-13T20:00:00,2026-03-13T21:00:00,DK1,81.0,81.0,6.69,49.991694,20.0,20.0,0.11,0.821986
2026-03-13T19:00:00,2026-03-13T20:00:00,DK1,94.0,94.0,52.2,390.06972,20.0,20.0,0.11,0.821986
2026-03-13T18:00:00,2026-03-13T19:00:00,DK1,102.0,102.0,101.55,758.84253,20.0,20.0,0.11,0.821986
2026-03-13T17:00:00,2026-03-13T18:00:00,DK1,127.0,127.0,128.19,957.912594,20.0,20.0,0.11,0.821986
2026-03-13T16:00:00,2026-03-13T17:00:00,DK1,125.0,125.0,126.05,941.92123,20.0,20.0,0.11,0.821986
2026-03-13T15:00:00,2026-03-13T16:00:00,DK1,118.0,118.0,72.58,542.361308,20.0,20.0,0.11,0.821986
2026-03-13T14:00:00,2026-03-13T15:00:00,DK1,94.0,94.0,4.0,29.8904,20.0,20.0,0.13,0.971438
2026-03-13T13:00:00,2026-03-13T14:00:00,DK1,80.0,80.0,0.67,5.006642,20.0,20.0,0.13,0.971438
2026-03-13T12:00:00,2026-03-13T13:00:00,DK1,80.0,80.0,0.67,5.006642,20.0,20.0,0.13,0.971438
2026-03-13T11:00:00,2026-03-13T12:00:00,DK1,80.0,80.0,0.54,4.035204,20.0,20.0,0.13,0.971438
2026-03-13T10:00:00,2026-03-13T11:00:00,DK1,80.0,80.0,0.67,5.006642,20.0,20.0,0.13,0.971438
2026-03-13T09:00:00,2026-03-13T10:00:00,DK1,80.0,80.0,0.67,5.006642,20.0,20.0,0.13,0.971438
2026-03-13T08:00:00,2026-03-13T09:00:00,DK1,80.0,80.0,1.2,8.96712,20.0,20.0,0.13,0.971438
2026-03-13T07:00:00,2026-03-13T08:00:00,DK1,80.0,80.0,1.2,8.96712,20.0,20.0,0.13,0.971438
2026-03-13T06:00:00,2026-03-13T07:00:00,DK1,80.0,80.0,1.2,8.96712,20.0,20.0,0.13,0.971438
2026-03-13T05:00:00,2026-03-13T06:00:00,DK1,80.0,80.0,1.2,8.96712,20.0,20.0,0.13,0.971438
2026-03-13T04:00:00,2026-03-13T05:00:00,DK1,80.0,80.0,0.67,5.006642,20.0,20.0,0.13,0.971438
2026-03-13T03:00:00,2026-03-13T04:00:00,DK1,80.0,80.0,0.4,2.98904,20.0,20.0,0.13,0.971438
2026-03-13T02:00:00,2026-03-13T03:00:00,DK1,80.0,80.0,0.13,0.971438,20.0,20.0,0.13,0.971438
2026-03-13T01:00:00,2026-03-13T02:00:00,DK1,80.0,80.0,0.07,0.523082,20.0,20.0,0.13,0.971438
2026-03-13T00:00:00,2026-03-13T01:00:00,DK1,80.0,80.0,0.1,0.74726,20.0,20.0,0.13,0.971438
2026-03-12T23:00:00,2026-03-13T00:00:00,DK1,80.0,80.0,0.1,0.74726,20.0,20.0,0.13,0.971438
2026-03-12T22:00:00,2026-03-12T23:00:00,DK1,80.0,80.0,0.67,5.006374,20.0,20.0,0.11,0.821942
2026-03-12T21:00:00,2026-03-12T22:00:00,DK1,80.0,80.0,1.31,9.788582,20.0,20.0,0.11,0.821942
2026-03-12T20:00:00,2026-03-12T21:00:00,DK1,80.0,80.0,12.31,91.982782,20.0,20.0,0.11,0.821942
2026-03-12T19:00:00,2026-03-12T20:00:00,DK1,80.0,80.0,5.89,44.011258,20.0,20.0,0.13,0.971386
2026-03-12T18:00:00,2026-03-12T19:00:00,DK1,80.0,80.0,5.89,44.011258,20.0,20.0,0.13,0.971386
2026-03-12T17:00:00,2026-03-12T18:00:00,DK1,89.0,89.0,53.54,400.061588,20.0,20.0,0.13,0.971386
2026-03-12T16:00:00,2026-03-12T17:00:00,DK1,88.0,88.0,6.69,49.989018,20.0,20.0,0.13,0.971386
2026-03-12T15:00:00,2026-03-12T16:00:00,DK1,95.0,95.0,5.89,44.011258,20.0,20.0,0.13,0.971386
2026-03-12T14:00:00,2026-03-12T15:00:00,DK1,80.0,80.0,1.31,9.788582,20.0,20.0,0.13,0.971386
2026-03-12T13:00:00,2026-03-12T14:00:00,DK1,80.0,80.0,0.73,5.454706,20.0,20.0,0.11,0.821942
2026-03-12T12:00:00,2026-03-12T13:00:00,DK1,80.0,80.0,0.67,5.006374,20.0,20.0,0.11,0.821942
2026-03-12T11:00:00,2026-03-12T12:00:00,DK1,80.0,80.0,0.54,4.034988,20.0,20.0,0.11,0.821942
2026-03-12T10:00:00,2026-03-12T11:00:00,DK1,80.0,80.0,1.2,8.96664,20.0,20.0,0.11,0.821942
2026-03-12T09:00:00,2026-03-12T10:00:00,DK1,80.0,80.0,1.31,9.788582,20.0,20.0,0.11,0.821942
2026-03-12T08:00:00,2026-03-12T09:00:00,DK1,80.0,80.0,1.31,9.788582,20.0,20.0,0.11,0.821942
2026-03-12T07:00:00,2026-03-12T08:00:00,DK1,83.0,83.0,6.69,49.989018,20.0,20.0,0.1,0.74722
2026-03-12T06:00:00,2026-03-12T07:00:00,DK1,87.0,87.0,5.76,43.039872,20.0,20.0,0.1,0.74722
2026-03-12T05:00:00,2026-03-12T06:00:00,DK1,80.0,80.0,1.2,8.96664,20.0,20.0,0.1,0.74722
2026-03-12T04:00:00,2026-03-12T05:00:00,DK1,80.0,80.0,1.2,8.96664,20.0,20.0,0.1,0.74722
2026-03-12T03:00:00,2026-03-12T04:00:00,DK1,80.0,80.0,1.2,8.96664,20.0,20.0,0.1,0.74722
2026-03-12T02:00:00,2026-03-12T03:00:00,DK1,80.0,80.0,0.27,2.017494,20.0,20.0,0.07,0.523054
2026-03-12T01:00:00,2026-03-12T02:00:00,DK1,80.0,80.0,0.27,2.017494,20.0,20.0,0.07,0.523054
2026-03-12T00:00:00,2026-03-12T01:00:00,DK1,80.0,80.0,0.27,2.017494,20.0,20.0,0.07,0.523054
2026-03-11T23:00:00,2026-03-12T00:00:00,DK1,80.0,80.0,0.3,2.24166,20.0,20.0,0.07,0.523054
2026-03-11T22:00:00,2026-03-11T23:00:00,DK1,80.0,80.0,1.2,8.96616,20.0,20.0,0.07,0.523026
2026-03-11T21:00:00,2026-03-11T22:00:00,DK1,90.0,90.0,20.75,155.03985,20.0,20.0,0.11,0.821898
2026-03-11T20:00:00,2026-03-11T21:00:00,DK1,101.0,101.0,53.81,402.057558,20.0,20.0,0.11,0.821898
2026-03-11T19:00:00,2026-03-11T20:00:00,DK1,99.0,99.0,65.59,490.075362,20.0,20.0,0.13,0.971334
2026-03-11T18:00:00,2026-03-11T19:00:00,DK1,108.0,108.0,92.23,689.124114,20.0,20.0,0.13,0.971334
2026-03-11T17:00:00,2026-03-11T18:00:00,DK1,131.0,131.0,135.43,1011.905874,20.0,20.0,0.11,0.821898
2026-03-11T16:00:00,2026-03-11T17:00:00,DK1,126.0,126.0,107.08,800.080344,20.0,20.0,0.11,0.821898
2026-03-11T15:00:00,2026-03-11T16:00:00,DK1,120.0,120.0,53.14,397.051452,20.0,20.0,0.11,0.821898
2026-03-11T14:00:00,2026-03-11T15:00:00,DK1,100.0,100.0,26.77,200.020086,20.0,20.0,0.13,0.971334
2026-03-11T13:00:00,2026-03-11T14:00:00,DK1,80.0,80.0,1.31,9.788058,20.0,20.0,0.1,0.74718
2026-03-11T12:00:00,2026-03-11T13:00:00,DK1,80.0,80.0,1.31,9.788058,20.0,20.0,0.1,0.74718
2026-03-11T11:00:00,2026-03-11T12:00:00,DK1,80.0,80.0,1.31,9.788058,20.0,20.0,0.1,0.74718
2026-03-11T10:00:00,2026-03-11T11:00:00,DK1,80.0,80.0,1.31,9.788058,20.0,20.0,0.1,0.74718
2026-03-11T09:00:00,2026-03-11T10:00:00,DK1,80.0,80.0,1.31,9.788058,20.0,20.0,0.1,0.74718
2026-03-11T08:00:00,2026-03-11T09:00:00,DK1,80.0,80.0,3.35,25.03053,20.0,20.0,0.1,0.74718
2026-03-11T07:00:00,2026-03-11T08:00:00,DK1,91.0,91.0,13.12,98.030016,20.0,20.0,0.1,0.74718
2026-03-11T06:00:00,2026-03-11T07:00:00,DK1,93.0,93.0,11.78,88.017804,20.0,20.0,0.1,0.74718
2026-03-11T05:00:00,2026-03-11T06:00:00,DK1,80.0,80.0,1.31,9.788058,20.0,20.0,0.1,0.74718
2026-03-11T04:00:00,2026-03-11T05:00:00,DK1,80.0,80.0,1.2,8.96616,20.0,20.0,0.1,0.74718
2026-03-11T03:00:00,2026-03-11T04:00:00,DK1,80.0,80.0,0.54,4.034772,20.0,20.0,0.1,0.74718
2026-03-11T02:00:00,2026-03-11T03:00:00,DK1,80.0,80.0,0.27,2.017386,20.0,20.0,0.07,0.523026
2026-03-11T01:00:00,2026-03-11T02:00:00,DK1,80.0,80.0,0.27,2.017386,20.0,20.0,0.07,0.523026
2026-03-11T00:00:00,2026-03-11T01:00:00,DK1,80.0,80.0,0.27,2.017386,20.0,20.0,0.1,0.74718
2026-03-10T23:00:00,2026-03-11T00:00:00,DK1,80.0,80.0,0.33,2.465694,20.0,20.0,0.1,0.74718
2026-03-10T22:00:00,2026-03-10T23:00:00,DK1,80.0,80.0,1.31,9.787403,20.0,20.0,0.1,0.74713
2026-03-10T21:00:00,2026-03-10T22:00:00,DK1,88.0,88.0,14.86,111.023518,20.0,20.0,0.11,0.821843
2026-03-10T20:00:00,2026-03-10T21:00:00,DK1,103.0,103.0,71.21,532.031273,20.0,20.0,0.11,0.821843
2026-03-10T19:00:00,2026-03-10T20:00:00,DK1,105.0,105.0,97.58,729.049454,20.0,20.0,0.11,0.821843
2026-03-10T18:00:00,2026-03-10T19:00:00,DK1,107.0,107.0,176.3,1317.19019,20.0,20.0,0.11,0.821843
2026-03-10T17:00:00,2026-03-10T18:00:00,DK1,120.0,120.0,201.79,1507.633627,20.0,20.0,0.11,0.821843
2026-03-10T16:00:00,2026-03-10T17:00:00,DK1,116.0,116.0,147.18,1099.625934,20.0,20.0,0.11,0.821843
2026-03-10T15:00:00,2026-03-10T16:00:00,DK1,116.0,116.0,119.34,891.624942,20.0,20.0,0.0,0.0
2026-03-10T14:00:00,2026-03-10T15:00:00,DK1,103.0,103.0,94.58,706.635554,20.0,21.0,0.07,0.522991
2026-03-10T13:00:00,2026-03-10T14:00:00,DK1,80.0,80.0,5.89,44.005957,20.0,21.0,0.07,0.522991
2026-03-10T12:00:00,2026-03-10T13:00:00,DK1,80.0,80.0,5.89,44.005957,20.0,21.0,0.07,0.522991
2026-03-10T11:00:00,2026-03-10T12:00:00,DK1,80.0,80.0,5.89,44.005957,20.0,21.0,0.07,0.522991
2026-03-10T10:00:00,2026-03-10T11:00:00,DK1,80.0,80.0,5.89,44.005957,20.0,21.0,0.07,0.522991
2026-03-10T09:00:00,2026-03-10T10:00:00,DK1,81.0,81.0,6.69,49.982997,20.0,21.0,0.07,0.522991
2026-03-10T08:00:00,2026-03-10T09:00:00,DK1,81.0,81.0,46.85,350.030405,20.0,21.0,0.07,0.522991
2026-03-10T07:00:00,2026-03-10T08:00:00,DK1,90.0,90.0,72.55,542.042815,20.0,21.0,0.07,0.522991
2026-03-10T06:00:00,2026-03-10T07:00:00,DK1,89.0,89.0,6.69,49.982997,20.0,21.0,0.07,0.522991
2026-03-10T05:00:00,2026-03-10T06:00:00,DK1,80.0,80.0,11.52,86.069376,20.0,21.0,0.07,0.522991
2026-03-10T04:00:00,2026-03-10T05:00:00,DK1,80.0,80.0,6.69,49.982997,20.0,21.0,0.07,0.522991
2026-03-10T03:00:00,2026-03-10T04:00:00,DK1,80.0,80.0,6.69,49.982997,20.0,21.0,0.07,0.522991
2026-03-10T02:00:00,2026-03-10T03:00:00,DK1,80.0,80.0,1.31,9.787403,20.0,20.0,0.1,0.74713
2026-03-10T01:00:00,2026-03-10T02:00:00,DK1,80.0,80.0,0.54,4.034502,20.0,20.0,0.1,0.74713
2026-03-10T00:00:00,2026-03-10T01:00:00,DK1,80.0,80.0,0.54,4.034502,20.0,20.0,0.1,0.74713
2026-03-09T23:00:00,2026-03-10T00:00:00,DK1,80.0,80.0,0.54,4.034502,20.0,20.0,0.1,0.74713
2026-03-09T22:00:00,2026-03-09T23:00:00,DK1,80.0,80.0,1.2,8.96496,20.0,20.0,0.1,0.74708
2026-03-09T21:00:00,2026-03-09T22:00:00,DK1,90.0,90.0,56.89,425.013812,20.0,20.0,0.1,0.74708
2026-03-09T20:00:00,2026-03-09T21:00:00,DK1,98.0,98.0,79.64,594.974512,20.0,20.0,0.1,0.74708
2026-03-09T19:00:00,2026-03-09T20:00:00,DK1,99.0,99.0,108.29,809.012932,20.0,20.0,0.1,0.74708
2026-03-09T18:00:00,2026-03-09T19:00:00,DK1,90.0,90.0,193.26,1443.806808,20.0,20.0,0.1,0.74708
2026-03-09T17:00:00,2026-03-09T18:00:00,DK1,105.0,105.0,239.97,1792.767876,20.0,20.0,0.1,0.74708
2026-03-09T16:00:00,2026-03-09T17:00:00,DK1,106.0,106.0,145.34,1085.806072,20.0,20.0,0.1,0.74708
2026-03-09T15:00:00,2026-03-09T16:00:00,DK1,87.0,87.0,56.89,425.013812,20.0,21.0,0.07,0.522956
2026-03-09T14:00:00,2026-03-09T15:00:00,DK1,80.0,80.0,14.86,111.016088,20.0,21.0,0.07,0.522956
2026-03-09T13:00:00,2026-03-09T14:00:00,DK1,80.0,80.0,6.69,49.979652,20.0,21.0,0.07,0.522956
2026-03-09T12:00:00,2026-03-09T13:00:00,DK1,80.0,80.0,4.0,29.8832,20.0,21.0,0.07,0.522956
2026-03-09T11:00:00,2026-03-09T12:00:00,DK1,80.0,80.0,4.0,29.8832,20.0,21.0,0.07,0.522956
2026-03-09T10:00:00,2026-03-09T11:00:00,DK1,80.0,80.0,5.89,44.003012,20.0,21.0,0.07,0.522956
2026-03-09T09:00:00,2026-03-09T10:00:00,DK1,80.0,80.0,6.69,49.979652,20.0,21.0,0.07,0.522956
2026-03-09T08:00:00,2026-03-09T09:00:00,DK1,81.0,81.0,6.69,49.979652,20.0,21.0,0.07,0.522956
2026-03-09T07:00:00,2026-03-09T08:00:00,DK1,84.0,84.0,85.27,637.035116,20.0,21.0,0.07,0.522956
2026-03-09T06:00:00,2026-03-09T07:00:00,DK1,80.0,80.0,6.69,49.979652,20.0,21.0,0.07,0.522956
2026-03-09T05:00:00,2026-03-09T06:00:00,DK1,80.0,80.0,6.69,49.979652,20.0,21.0,0.07,0.522956
2026-03-09T04:00:00,2026-03-09T05:00:00,DK1,80.0,80.0,11.78,88.006024,20.0,21.0,0.07,0.522956
2026-03-09T03:00:00,2026-03-09T04:00:00,DK1,80.0,80.0,6.69,49.979652,20.0,21.0,0.07,0.522956
2026-03-09T02:00:00,2026-03-09T03:00:00,DK1,80.0,80.0,1.31,9.786748,20.0,20.0,0.1,0.74708
2026-03-09T01:00:00,2026-03-09T02:00:00,DK1,80.0,80.0,0.54,4.034232,20.0,20.0,0.1,0.74708
2026-03-09T00:00:00,2026-03-09T01:00:00,DK1,80.0,80.0,0.54,4.034232,20.0,20.0,0.1,0.74708
2026-03-08T23:00:00,2026-03-09T00:00:00,DK1,80.0,80.0,0.54,4.034232,20.0,20.0,0.1,0.74708
2026-03-08T22:00:00,2026-03-08T23:00:00,DK1,80.0,80.0,1.2,8.96496,20.0,20.0,0.1,0.74708
2026-03-08T21:00:00,2026-03-08T22:00:00,DK1,80.0,80.0,5.89,44.003012,20.0,20.0,0.1,0.74708
2026-03-08T20:00:00,2026-03-08T21:00:00,DK1,84.0,84.0,26.77,199.993316,20.0,20.0,0.1,0.74708
2026-03-08T19:00:00,2026-03-08T20:00:00,DK1,88.0,88.0,68.0,508.0144,20.0,20.0,0.1,0.74708
2026-03-08T18:00:00,2026-03-08T19:00:00,DK1,84.0,84.0,56.89,425.013812,20.0,20.0,0.1,0.74708
2026-03-08T17:00:00,2026-03-08T18:00:00,DK1,98.0,98.0,100.39,749.993612,20.0,20.0,0.1,0.74708
2026-03-08T16:00:00,2026-03-08T17:00:00,DK1,93.0,93.0,69.87,521.984796,20.0,20.0,0.1,0.74708
2026-03-08T15:00:00,2026-03-08T16:00:00,DK1,90.0,90.0,23.42,174.966136,20.0,20.0,0.1,0.74708
2026-03-08T14:00:00,2026-03-08T15:00:00,DK1,87.0,87.0,1.2,8.96496,20.0,20.0,0.1,0.74708
2026-03-08T13:00:00,2026-03-08T14:00:00,DK1,80.0,80.0,1.31,9.786748,20.0,20.0,0.1,0.74708
2026-03-08T12:00:00,2026-03-08T13:00:00,DK1,80.0,80.0,1.2,8.96496,20.0,20.0,0.1,0.74708
2026-03-08T11:00:00,2026-03-08T12:00:00,DK1,80.0,80.0,1.31,9.786748,20.0,20.0,0.1,0.74708
2026-03-08T10:00:00,2026-03-08T11:00:00,DK1,80.0,80.0,1.2,8.96496,20.0,22.0,0.07,0.522956
2026-03-08T09:00:00,2026-03-08T10:00:00,DK1,80.0,80.0,1.31,9.786748,20.0,22.0,0.07,0.522956
2026-03-08T08:00:00,2026-03-08T09:00:00,DK1,80.0,80.0,5.62,41.985896,20.0,20.0,0.1,0.74708
2026-03-08T07:00:00,2026-03-08T08:00:00,DK1,80.0,80.0,4.0,29.8832,20.0,20.0,0.1,0.74708
2026-03-08T06:00:00,2026-03-08T07:00:00,DK1,80.0,80.0,5.62,41.985896,20.0,20.0,0.1,0.74708
2026-03-08T05:00:00,2026-03-08T06:00:00,DK1,80.0,80.0,5.89,44.003012,20.0,20.0,0.1,0.74708
2026-03-08T04:00:00,2026-03-08T05:00:00,DK1,80.0,80.0,5.89,44.003012,20.0,20.0,0.1,0.74708
2026-03-08T03:00:00,2026-03-08T04:00:00,DK1,80.0,80.0,3.75,28.0155,20.0,20.0,0.1,0.74708
2026-03-08T02:00:00,2026-03-08T03:00:00,DK1,80.0,80.0,1.31,9.786748,20.0,20.0,0.1,0.74708
2026-03-08T01:00:00,2026-03-08T02:00:00,DK1,80.0,80.0,0.67,5.005436,20.0,20.0,0.1,0.74708
2026-03-08T00:00:00,2026-03-08T01:00:00,DK1,80.0,80.0,5.76,43.031808,20.0,20.0,0.1,0.74708
2026-03-07T23:00:00,2026-03-08T00:00:00,DK1,80.0,80.0,1.31,9.786748,20.0,20.0,0.1,0.74708
2026-03-07T22:00:00,2026-03-07T23:00:00,DK1,80.0,80.0,5.89,44.003012,20.0,20.0,0.1,0.74708
2026-03-07T21:00:00,2026-03-07T22:00:00,DK1,80.0,80.0,5.89,44.003012,20.0,20.0,0.1,0.74708
2026-03-07T20:00:00,2026-03-07T21:00:00,DK1,81.0,81.0,56.35,420.97958,20.0,20.0,0.1,0.74708
2026-03-07T19:00:00,2026-03-07T20:00:00,DK1,86.0,86.0,60.9,454.97172,20.0,20.0,0.1,0.74708
2026-03-07T18:00:00,2026-03-07T19:00:00,DK1,92.0,92.0,83.65,624.93242,20.0,20.0,0.1,0.74708
2026-03-07T17:00:00,2026-03-07T18:00:00,DK1,89.0,89.0,80.31,599.979948,20.0,20.0,0.1,0.74708
2026-03-07T16:00:00,2026-03-07T17:00:00,DK1,91.0,91.0,53.53,399.911924,20.0,20.0,0.1,0.74708
2026-03-07T15:00:00,2026-03-07T16:00:00,DK1,92.0,92.0,48.72,363.977376,20.0,20.0,0.1,0.74708
2026-03-07T14:00:00,2026-03-07T15:00:00,DK1,83.0,83.0,5.89,44.003012,20.0,20.0,0.1,0.74708
2026-03-07T13:00:00,2026-03-07T14:00:00,DK1,80.0,80.0,5.62,41.985896,20.0,20.0,0.1,0.74708
2026-03-07T12:00:00,2026-03-07T13:00:00,DK1,80.0,80.0,1.2,8.96496,20.0,20.0,0.1,0.74708
2026-03-07T11:00:00,2026-03-07T12:00:00,DK1,80.0,80.0,1.31,9.786748,20.0,20.0,0.1,0.74708
2026-03-07T10:00:00,2026-03-07T11:00:00,DK1,80.0,80.0,4.0,29.8832,20.0,20.0,0.1,0.74708
2026-03-07T09:00:00,2026-03-07T10:00:00,DK1,80.0,80.0,5.89,44.003012,20.0,20.0,0.1,0.74708
2026-03-07T08:00:00,2026-03-07T09:00:00,DK1,80.0,80.0,5.89,44.003012,20.0,20.0,0.1,0.74708
2026-03-07T07:00:00,2026-03-07T08:00:00,DK1,80.0,80.0,5.89,44.003012,20.0,20.0,0.1,0.74708
2026-03-07T06:00:00,2026-03-07T07:00:00,DK1,80.0,80.0,4.0,29.8832,20.0,20.0,0.1,0.74708
2026-03-07T05:00:00,2026-03-07T06:00:00,DK1,80.0,80.0,5.89,44.003012,20.0,20.0,0.1,0.74708
2026-03-07T04:00:00,2026-03-07T05:00:00,DK1,80.0,80.0,5.75,42.9571,20.0,20.0,0.1,0.74708
2026-03-07T03:00:00,2026-03-07T04:00:00,DK1,80.0,80.0,1.2,8.96496,20.0,20.0,0.1,0.74708
2026-03-07T02:00:00,2026-03-07T03:00:00,DK1,80.0,80.0,0.67,5.005436,20.0,20.0,0.1,0.74708
2026-03-07T01:00:00,2026-03-07T02:00:00,DK1,80.0,80.0,0.67,5.005436,20.0,20.0,0.1,0.74708
2026-03-07T00:00:00,2026-03-07T01:00:00,DK1,80.0,80.0,0.67,5.005436,20.0,20.0,0.1,0.74708
2026-03-06T23:00:00,2026-03-07T00:00:00,DK1,80.0,80.0,0.67,5.005436,20.0,20.0,0.1,0.74708
2026-03-06T22:00:00,2026-03-06T23:00:00,DK1,85.0,85.0,6.69,49.979652,20.0,20.0,0.07,0.522956
2026-03-06T21:00:00,2026-03-06T22:00:00,DK1,94.0,94.0,50.19,374.959452,20.0,20.0,0.07,0.522956
2026-03-06T20:00:00,2026-03-06T21:00:00,DK1,105.0,105.0,67.19,501.963052,20.0,20.0,0.07,0.522956
2026-03-06T19:00:00,2026-03-06T20:00:00,DK1,101.0,101.0,81.64,609.916112,20.0,20.0,0.07,0.522956
2026-03-06T18:00:00,2026-03-06T19:00:00,DK1,101.0,101.0,125.14,934.895912,20.0,20.0,0.07,0.522956
2026-03-06T17:00:00,2026-03-06T18:00:00,DK1,105.0,105.0,187.41,1400.102628,20.0,20.0,0.07,0.522956
2026-03-06T16:00:00,2026-03-06T17:00:00,DK1,110.0,110.0,133.55,997.72534,20.0,20.0,0.07,0.522956
2026-03-06T15:00:00,2026-03-06T16:00:00,DK1,109.0,109.0,67.19,501.963052,20.0,20.0,0.1,0.74708
2026-03-06T14:00:00,2026-03-06T15:00:00,DK1,98.0,98.0,53.54,399.986632,20.0,20.0,0.1,0.74708
2026-03-06T13:00:00,2026-03-06T14:00:00,DK1,80.0,80.0,5.35,39.96878,20.0,20.0,0.1,0.74708
2026-03-06T12:00:00,2026-03-06T13:00:00,DK1,80.0,80.0,4.68,34.963344,20.0,20.0,0.1,0.74708
2026-03-06T11:00:00,2026-03-06T12:00:00,DK1,80.0,80.0,3.35,25.02718,20.0,20.0,0.1,0.74708
2026-03-06T10:00:00,2026-03-06T11:00:00,DK1,80.0,80.0,4.0,29.8832,20.0,20.0,0.1,0.74708
2026-03-06T09:00:00,2026-03-06T10:00:00,DK1,80.0,80.0,5.76,43.031808,20.0,20.0,0.1,0.74708
2026-03-06T08:00:00,2026-03-06T09:00:00,DK1,101.0,101.0,46.85,350.00698,20.0,20.0,0.1,0.74708
2026-03-06T07:00:00,2026-03-06T08:00:00,DK1,107.0,107.0,70.8,528.93264,20.0,20.0,0.1,0.74708
2026-03-06T06:00:00,2026-03-06T07:00:00,DK1,92.0,92.0,6.69,49.979652,20.0,20.0,0.1,0.74708
2026-03-06T05:00:00,2026-03-06T06:00:00,DK1,93.0,93.0,6.69,49.979652,20.0,20.0,0.1,0.74708
2026-03-06T04:00:00,2026-03-06T05:00:00,DK1,92.0,92.0,6.69,49.979652,20.0,20.0,0.1,0.74708
2026-03-06T03:00:00,2026-03-06T04:00:00,DK1,90.0,90.0,5.62,41.985896,20.0,20.0,0.1,0.74708
2026-03-06T02:00:00,2026-03-06T03:00:00,DK1,96.0,96.0,1.31,9.786748,20.0,20.0,0.07,0.522956
2026-03-06T01:00:00,2026-03-06T02:00:00,DK1,90.0,90.0,1.31,9.786748,20.0,20.0,0.07,0.522956
2026-03-06T00:00:00,2026-03-06T01:00:00,DK1,94.0,94.0,1.31,9.786748,20.0,20.0,0.07,0.522956
2026-03-05T23:00:00,2026-03-06T00:00:00,DK1,92.0,92.0,1.31,9.786748,20.0,20.0,0.07,0.522956
2026-03-05T22:00:00,2026-03-05T23:00:00,DK1,103.0,103.0,5.89,44.007724,20.0,20.0,0.07,0.523012
2026-03-05T21:00:00,2026-03-05T22:00:00,DK1,108.0,108.0,77.52,579.198432,20.0,20.0,0.07,0.523012
2026-03-05T20:00:00,2026-03-05T21:00:00,DK1,115.0,115.0,120.48,900.178368,20.0,20.0,0.07,0.523012
2026-03-05T19:00:00,2026-03-05T20:00:00,DK1,109.0,109.0,116.26,868.648216,20.0,20.0,0.07,0.523012
2026-03-05T18:00:00,2026-03-05T19:00:00,DK1,115.0,115.0,130.24,973.101184,20.0,20.0,0.07,0.523012
2026-03-05T17:00:00,2026-03-05T18:00:00,DK1,111.0,111.0,127.16,950.088656,20.0,20.0,0.07,0.523012
2026-03-05T16:00:00,2026-03-05T17:00:00,DK1,115.0,115.0,116.6,871.18856,20.0,20.0,0.07,0.523012
2026-03-05T15:00:00,2026-03-05T16:00:00,DK1,111.0,111.0,77.6,579.79616,20.0,20.0,0.1,0.74716
2026-03-05T14:00:00,2026-03-05T15:00:00,DK1,97.0,97.0,53.54,400.029464,20.0,20.0,0.1,0.74716
2026-03-05T13:00:00,2026-03-05T14:00:00,DK1,80.0,80.0,6.69,49.985004,20.0,20.0,0.1,0.74716
2026-03-05T12:00:00,2026-03-05T13:00:00,DK1,80.0,80.0,6.02,44.979032,20.0,20.0,0.1,0.74716
2026-03-05T11:00:00,2026-03-05T12:00:00,DK1,80.0,80.0,5.76,43.036416,20.0,20.0,0.1,0.74716
2026-03-05T10:00:00,2026-03-05T11:00:00,DK1,80.0,80.0,5.76,43.036416,20.0,20.0,0.1,0.74716
2026-03-05T09:00:00,2026-03-05T10:00:00,DK1,80.0,80.0,6.02,44.979032,20.0,20.0,0.1,0.74716
2026-03-05T08:00:00,2026-03-05T09:00:00,DK1,91.0,91.0,23.42,174.984872,20.0,20.0,0.1,0.74716
2026-03-05T07:00:00,2026-03-05T08:00:00,DK1,99.0,99.0,88.4,660.48944,20.0,20.0,0.1,0.74716
2026-03-05T06:00:00,2026-03-05T07:00:00,DK1,83.0,83.0,5.89,44.007724,20.0,20.0,0.1,0.74716
2026-03-05T05:00:00,2026-03-05T06:00:00,DK1,92.0,92.0,6.69,49.985004,20.0,20.0,0.1,0.74716
2026-03-05T04:00:00,2026-03-05T05:00:00,DK1,91.0,91.0,6.56,49.013696,20.0,20.0,0.1,0.74716
2026-03-05T03:00:00,2026-03-05T04:00:00,DK1,83.0,83.0,1.31,9.787796,20.0,20.0,0.1,0.74716
2026-03-05T02:00:00,2026-03-05T03:00:00,DK1,88.0,88.0,0.67,5.005972,20.0,20.0,0.07,0.523012
2026-03-05T01:00:00,2026-03-05T02:00:00,DK1,80.0,80.0,0.54,4.034664,20.0,20.0,0.07,0.523012
2026-03-05T00:00:00,2026-03-05T01:00:00,DK1,83.0,83.0,0.67,5.005972,20.0,20.0,0.07,0.523012
2026-03-04T23:00:00,2026-03-05T00:00:00,DK1,96.0,96.0,4.0,29.8864,20.0,20.0,0.07,0.523012
2026-03-04T22:00:00,2026-03-04T23:00:00,DK1,95.0,95.0,5.76,43.03584,20.0,20.0,0.07,0.523005
2026-03-04T21:00:00,2026-03-04T22:00:00,DK1,94.0,94.0,40.16,300.05544,20.0,20.0,0.07,0.523005
2026-03-04T20:00:00,2026-03-04T21:00:00,DK1,106.0,106.0,69.47,519.045105,20.0,20.0,0.07,0.523005
2026-03-04T19:00:00,2026-03-04T20:00:00,DK1,102.0,102.0,102.4,765.0816,20.0,20.0,0.07,0.523005
2026-03-04T18:00:00,2026-03-04T19:00:00,DK1,103.0,103.0,133.73,999.163695,20.0,20.0,0.07,0.523005
2026-03-04T17:00:00,2026-03-04T18:00:00,DK1,103.0,103.0,127.17,950.150655,20.0,20.0,0.07,0.523005
2026-03-04T16:00:00,2026-03-04T17:00:00,DK1,104.0,104.0,101.67,759.627405,20.0,20.0,0.07,0.523005
2026-03-04T15:00:00,2026-03-04T16:00:00,DK1,104.0,104.0,73.88,551.99442,20.0,20.0,0.1,0.74715
2026-03-04T14:00:00,2026-03-04T15:00:00,DK1,97.0,97.0,60.24,450.08316,20.0,20.0,0.1,0.74715
2026-03-04T13:00:00,2026-03-04T14:00:00,DK1,80.0,80.0,24.9,186.04035,20.0,20.0,0.1,0.74715
2026-03-04T12:00:00,2026-03-04T13:00:00,DK1,80.0,80.0,14.86,111.02649,20.0,20.0,0.1,0.74715
2026-03-04T11:00:00,2026-03-04T12:00:00,DK1,80.0,80.0,14.86,111.02649,20.0,20.0,0.1,0.74715
2026-03-04T10:00:00,2026-03-04T11:00:00,DK1,80.0,80.0,31.18,232.96137,20.0,20.0,0.1,0.74715
2026-03-04T09:00:00,2026-03-04T10:00:00,DK1,80.0,80.0,40.16,300.05544,20.0,20.0,0.1,0.74715
2026-03-04T08:00:00,2026-03-04T09:00:00,DK1,95.0,95.0,67.06,501.03879,20.0,20.0,0.1,0.74715
2026-03-04T07:00:00,2026-03-04T08:00:00,DK1,99.0,99.0,94.09,702.993435,20.0,20.0,0.1,0.74715
2026-03-04T06:00:00,2026-03-04T07:00:00,DK1,83.0,83.0,6.69,49.984335,20.0,20.0,0.1,0.74715
2026-03-04T05:00:00,2026-03-04T06:00:00,DK1,97.0,97.0,53.54,400.02411,20.0,20.0,0.1,0.74715
2026-03-04T04:00:00,2026-03-04T05:00:00,DK1,92.0,92.0,38.4,286.9056,20.0,20.0,0.1,0.74715
2026-03-04T03:00:00,2026-03-04T04:00:00,DK1,91.0,91.0,6.69,49.984335,20.0,20.0,0.1,0.74715
2026-03-04T02:00:00,2026-03-04T03:00:00,DK1,89.0,89.0,1.2,8.9658,20.0,20.0,0.07,0.523005
2026-03-04T01:00:00,2026-03-04T02:00:00,DK1,92.0,92.0,1.2,8.9658,20.0,20.0,0.07,0.523005
2026-03-04T00:00:00,2026-03-04T01:00:00,DK1,85.0,85.0,1.31,9.787665,20.0,20.0,0.07,0.523005
2026-03-03T23:00:00,2026-03-04T00:00:00,DK1,90.0,90.0,1.2,8.9658,20.0,20.0,0.07,0.523005
2026-03-03T22:00:00,2026-03-03T23:00:00,DK1,80.0,80.0,1.2,8.96448,20.0,20.0,0.07,0.522928
2026-03-03T21:00:00,2026-03-03T22:00:00,DK1,85.0,85.0,5.62,41.983648,20.0,20.0,0.07,0.522928
2026-03-03T20:00:00,2026-03-03T21:00:00,DK1,98.0,98.0,52.73,393.914192,20.0,20.0,0.07,0.522928
2026-03-03T19:00:00,2026-03-03T20:00:00,DK1,105.0,105.0,51.26,382.932704,20.0,20.0,0.07,0.522928
2026-03-03T18:00:00,2026-03-03T19:00:00,DK1,111.0,111.0,65.45,488.93768,20.0,20.0,0.07,0.522928
2026-03-03T17:00:00,2026-03-03T18:00:00,DK1,111.0,111.0,64.64,482.886656,20.0,20.0,0.07,0.522928
2026-03-03T16:00:00,2026-03-03T17:00:00,DK1,124.0,124.0,66.93,499.993872,20.0,20.0,0.07,0.522928
2026-03-03T15:00:00,2026-03-03T16:00:00,DK1,128.0,128.0,79.83,596.362032,20.0,20.0,0.0,0.0
2026-03-03T14:00:00,2026-03-03T15:00:00,DK1,99.0,99.0,24.89,185.938256,20.0,20.0,0.13,0.971152
2026-03-03T13:00:00,2026-03-03T14:00:00,DK1,80.0,80.0,5.89,44.000656,20.0,20.0,0.13,0.971152
2026-03-03T12:00:00,2026-03-03T13:00:00,DK1,80.0,80.0,5.89,44.000656,20.0,20.0,0.13,0.971152
2026-03-03T11:00:00,2026-03-03T12:00:00,DK1,80.0,80.0,6.02,44.971808,20.0,20.0,0.13,0.971152
2026-03-03T10:00:00,2026-03-03T11:00:00,DK1,80.0,80.0,5.89,44.000656,20.0,20.0,0.13,0.971152
2026-03-03T09:00:00,2026-03-03T10:00:00,DK1,80.0,80.0,5.89,44.000656,20.0,20.0,0.13,0.971152
2026-03-03T08:00:00,2026-03-03T09:00:00,DK1,89.0,89.0,6.69,49.976976,20.0,20.0,0.13,0.971152
2026-03-03T07:00:00,2026-03-03T08:00:00,DK1,104.0,104.0,45.65,341.02376,20.0,20.0,0.13,0.971152
2026-03-03T06:00:00,2026-03-03T07:00:00,DK1,80.0,80.0,1.31,9.786224,20.0,20.0,0.13,0.971152
2026-03-03T05:00:00,2026-03-03T06:00:00,DK1,80.0,80.0,5.22,38.995488,20.0,20.0,0.1,0.74704
2026-03-03T04:00:00,2026-03-03T05:00:00,DK1,80.0,80.0,4.0,29.8816,20.0,20.0,0.1,0.74704
2026-03-03T03:00:00,2026-03-03T04:00:00,DK1,80.0,80.0,1.31,9.786224,20.0,20.0,0.1,0.74704
2026-03-03T02:00:00,2026-03-03T03:00:00,DK1,80.0,80.0,0.67,5.005168,20.0,20.0,0.07,0.522928
2026-03-03T01:00:00,2026-03-03T02:00:00,DK1,80.0,80.0,0.67,5.005168,20.0,20.0,0.07,0.522928
2026-03-03T00:00:00,2026-03-03T01:00:00,DK1,80.0,80.0,0.67,5.005168,20.0,20.0,0.07,0.522928
2026-03-02T23:00:00,2026-03-03T00:00:00,DK1,80.0,80.0,0.54,4.034016,20.0,20.0,0.07,0.522928
2026-03-02T22:00:00,2026-03-02T23:00:00,DK1,80.0,80.0,0.67,5.005704,20.0,20.0,0.07,0.522984
2026-03-02T21:00:00,2026-03-02T22:00:00,DK1,89.0,89.0,5.75,42.9594,20.0,20.0,0.07,0.522984
2026-03-02T20:00:00,2026-03-02T21:00:00,DK1,99.0,99.0,38.86,290.330832,20.0,20.0,0.07,0.522984
2026-03-02T19:00:00,2026-03-02T20:00:00,DK1,107.0,107.0,59.98,448.122576,20.0,20.0,0.07,0.522984
2026-03-02T18:00:00,2026-03-02T19:00:00,DK1,101.0,101.0,57.82,431.984784,20.0,20.0,0.07,0.522984
2026-03-02T17:00:00,2026-03-02T18:00:00,DK1,103.0,103.0,75.08,560.937696,20.0,20.0,0.07,0.522984
2026-03-02T16:00:00,2026-03-02T17:00:00,DK1,117.0,117.0,64.11,478.978632,20.0,20.0,0.07,0.522984
2026-03-02T15:00:00,2026-03-02T16:00:00,DK1,115.0,115.0,60.24,450.065088,20.0,20.0,0.1,0.74712
2026-03-02T14:00:00,2026-03-02T15:00:00,DK1,96.0,96.0,6.69,49.982328,20.0,20.0,0.1,0.74712
2026-03-02T13:00:00,2026-03-02T14:00:00,DK1,80.0,80.0,6.02,44.976624,20.0,20.0,0.1,0.74712
2026-03-02T12:00:00,2026-03-02T13:00:00,DK1,80.0,80.0,6.02,44.976624,20.0,20.0,0.1,0.74712
2026-03-02T11:00:00,2026-03-02T12:00:00,DK1,80.0,80.0,5.75,42.9594,20.0,20.0,0.1,0.74712
2026-03-02T10:00:00,2026-03-02T11:00:00,DK1,81.0,81.0,6.02,44.976624,20.0,20.0,0.1,0.74712
2026-03-02T09:00:00,2026-03-02T10:00:00,DK1,87.0,87.0,6.69,49.982328,20.0,20.0,0.1,0.74712
2026-03-02T08:00:00,2026-03-02T09:00:00,DK1,94.0,94.0,6.69,49.982328,20.0,20.0,0.1,0.74712
2026-03-02T07:00:00,2026-03-02T08:00:00,DK1,88.0,88.0,5.75,42.9594,20.0,20.0,0.13,0.971256
2026-03-02T06:00:00,2026-03-02T07:00:00,DK1,80.0,80.0,3.35,25.02852,20.0,20.0,0.13,0.971256
2026-03-02T05:00:00,2026-03-02T06:00:00,DK1,94.0,94.0,5.89,44.005368,20.0,20.0,0.13,0.971256
2026-03-02T04:00:00,2026-03-02T05:00:00,DK1,97.0,97.0,6.69,49.982328,20.0,20.0,0.13,0.971256
2026-03-02T03:00:00,2026-03-02T04:00:00,DK1,86.0,86.0,3.35,25.02852,20.0,20.0,0.13,0.971256
2026-03-02T02:00:00,2026-03-02T03:00:00,DK1,80.0,80.0,1.31,9.787272,20.0,20.0,0.11,0.821832
2026-03-02T01:00:00,2026-03-02T02:00:00,DK1,80.0,80.0,0.27,2.017224,20.0,20.0,0.11,0.821832
2026-03-02T00:00:00,2026-03-02T01:00:00,DK1,80.0,80.0,0.67,5.005704,20.0,20.0,0.11,0.821832
2026-03-01T23:00:00,2026-03-02T00:00:00,DK1,80.0,80.0,0.46,3.436752,20.0,20.0,0.11,0.821832
2026-03-01T22:00:00,2026-03-01T23:00:00,DK1,80.0,80.0,0.54,4.034772,20.0,20.0,0.11,0.821898
2026-03-01T21:00:00,2026-03-01T22:00:00,DK1,80.0,80.0,1.2,8.96616,20.0,20.0,0.11,0.821898
2026-03-01T20:00:00,2026-03-01T21:00:00,DK1,90.0,90.0,5.75,42.96285,20.0,20.0,0.11,0.821898
2026-03-01T19:00:00,2026-03-01T20:00:00,DK1,91.0,91.0,5.75,42.96285,20.0,20.0,0.11,0.821898
2026-03-01T18:00:00,2026-03-01T19:00:00,DK1,96.0,96.0,5.89,44.008902,20.0,20.0,0.11,0.821898
2026-03-01T17:00:00,2026-03-01T18:00:00,DK1,105.0,105.0,43.72,326.667096,20.0,20.0,0.11,0.821898
2026-03-01T16:00:00,2026-03-01T17:00:00,DK1,119.0,119.0,83.65,625.01607,20.0,20.0,0.11,0.821898
2026-03-01T15:00:00,2026-03-01T16:00:00,DK1,119.0,119.0,24.89,185.973102,20.0,20.0,0.13,0.971334
2026-03-01T14:00:00,2026-03-01T15:00:00,DK1,98.0,98.0,4.0,29.8872,20.0,20.0,0.13,0.971334
2026-03-01T13:00:00,2026-03-01T14:00:00,DK1,80.0,80.0,1.31,9.788058,20.0,20.0,0.13,0.971334
2026-03-01T12:00:00,2026-03-01T13:00:00,DK1,80.0,80.0,1.2,8.96616,20.0,20.0,0.13,0.971334
2026-03-01T11:00:00,2026-03-01T12:00:00,DK1,80.0,80.0,1.2,8.96616,20.0,20.0,0.13,0.971334
2026-03-01T10:00:00,2026-03-01T11:00:00,DK1,80.0,80.0,1.31,9.788058,20.0,20.0,0.13,0.971334
2026-03-01T09:00:00,2026-03-01T10:00:00,DK1,80.0,80.0,1.2,8.96616,20.0,20.0,0.13,0.971334
2026-03-01T08:00:00,2026-03-01T09:00:00,DK1,80.0,80.0,1.31,9.788058,20.0,20.0,0.13,0.971334
2026-03-01T07:00:00,2026-03-01T08:00:00,DK1,80.0,80.0,1.31,9.788058,20.0,20.0,0.13,0.971334
2026-03-01T06:00:00,2026-03-01T07:00:00,DK1,80.0,80.0,1.2,8.96616,20.0,20.0,0.13,0.971334
2026-03-01T05:00:00,2026-03-01T06:00:00,DK1,80.0,80.0,1.31,9.788058,20.0,20.0,0.13,0.971334
2026-03-01T04:00:00,2026-03-01T05:00:00,DK1,80.0,80.0,0.67,5.006106,20.0,20.0,0.13,0.971334
2026-03-01T03:00:00,2026-03-01T04:00:00,DK1,80.0,80.0,0.67,5.006106,20.0,20.0,0.13,0.971334
2026-03-01T02:00:00,2026-03-01T03:00:00,DK1,80.0,80.0,0.13,0.971334,20.0,20.0,0.11,0.821898
2026-03-01T01:00:00,2026-03-01T02:00:00,DK1,80.0,80.0,0.13,0.971334,20.0,20.0,0.11,0.821898
2026-03-01T00:00:00,2026-03-01T01:00:00,DK1,80.0,80.0,0.67,5.006106,20.0,20.0,0.11,0.821898
2026-02-28T23:00:00,2026-03-01T00:00:00,DK1,80.0,80.0,0.54,4.034772,20.0,20.0,0.11,0.821898
2026-02-28T22:00:00,2026-02-28T23:00:00,DK1,80.0,80.0,6.69,49.986342,20.0,20.0,0.11,0.821898
2026-02-28T21:00:00,2026-02-28T22:00:00,DK1,80.0,80.0,24.89,185.973102,20.0,20.0,0.11,0.821898
2026-02-28T20:00:00,2026-02-28T21:00:00,DK1,94.0,94.0,26.5,198.0027,20.0,20.0,0.11,0.821898
2026-02-28T19:00:00,2026-02-28T20:00:00,DK1,106.0,106.0,88.19,658.938042,20.0,20.0,0.11,0.821898
2026-02-28T18:00:00,2026-02-28T19:00:00,DK1,102.0,102.0,101.29,756.818622,20.0,20.0,0.11,0.821898
2026-02-28T17:00:00,2026-02-28T18:00:00,DK1,115.0,115.0,108.52,810.839736,20.0,20.0,0.11,0.821898
2026-02-28T16:00:00,2026-02-28T17:00:00,DK1,114.0,114.0,102.49,765.784782,20.0,20.0,0.11,0.821898
2026-02-28T15:00:00,2026-02-28T16:00:00,DK1,104.0,104.0,24.89,185.973102,20.0,20.0,0.13,0.971334
2026-02-28T14:00:00,2026-02-28T15:00:00,DK1,89.0,89.0,12.85,96.01263,20.0,20.0,0.13,0.971334
2026-02-28T13:00:00,2026-02-28T14:00:00,DK1,80.0,80.0,6.69,49.986342,20.0,20.0,0.13,0.971334
2026-02-28T12:00:00,2026-02-28T13:00:00,DK1,80.0,80.0,6.69,49.986342,20.0,20.0,0.13,0.971334
2026-02-28T11:00:00,2026-02-28T12:00:00,DK1,80.0,80.0,6.69,49.986342,20.0,20.0,0.13,0.971334
2026-02-28T10:00:00,2026-02-28T11:00:00,DK1,82.0,82.0,8.16,60.969888,20.0,20.0,0.13,0.971334
2026-02-28T09:00:00,2026-02-28T10:00:00,DK1,82.0,82.0,10.0,74.718,20.0,20.0,0.13,0.971334
2026-02-28T08:00:00,2026-02-28T09:00:00,DK1,88.0,88.0,16.59,123.957162,20.0,20.0,0.13,0.971334
2026-02-28T07:00:00,2026-02-28T08:00:00,DK1,80.0,80.0,6.69,49.986342,20.0,20.0,0.13,0.971334
2026-02-28T06:00:00,2026-02-28T07:00:00,DK1,80.0,80.0,5.75,42.96285,20.0,20.0,0.13,0.971334
2026-02-28T05:00:00,2026-02-28T06:00:00,DK1,80.0,80.0,5.89,44.008902,20.0,20.0,0.13,0.971334
2026-02-28T04:00:00,2026-02-28T05:00:00,DK1,80.0,80.0,13.38,99.972684,20.0,20.0,0.13,0.971334
2026-02-28T03:00:00,2026-02-28T04:00:00,DK1,80.0,80.0,1.31,9.788058,20.0,20.0,0.13,0.971334
2026-02-28T02:00:00,2026-02-28T03:00:00,DK1,80.0,80.0,0.67,5.006106,20.0,20.0,0.11,0.821898
2026-02-28T01:00:00,2026-02-28T02:00:00,DK1,80.0,80.0,0.67,5.006106,20.0,20.0,0.11,0.821898
2026-02-28T00:00:00,2026-02-28T01:00:00,DK1,80.0,80.0,0.67,5.006106,20.0,20.0,0.11,0.821898
2026-02-27T23:00:00,2026-02-28T00:00:00,DK1,80.0,80.0,0.67,5.006106,20.0,20.0,0.11,0.821898
2026-02-27T22:00:00,2026-02-27T23:00:00,DK1,88.0,88.0,5.89,44.008902,20.0,20.0,0.07,0.523026
2026-02-27T21:00:00,2026-02-27T22:00:00,DK1,88.0,88.0,5.89,44.008902,20.0,20.0,0.07,0.523026
2026-02-27T20:00:00,2026-02-27T21:00:00,DK1,111.0,111.0,26.5,198.0027,20.0,20.0,0.07,0.523026
2026-02-27T19:00:00,2026-02-27T20:00:00,DK1,111.0,111.0,63.01,470.798118,20.0,20.0,0.07,0.523026
2026-02-27T18:00:00,2026-02-27T19:00:00,DK1,111.0,111.0,94.25,704.21715,20.0,20.0,0.07,0.523026
2026-02-27T17:00:00,2026-02-27T18:00:00,DK1,126.0,126.0,75.42,563.523156,20.0,20.0,0.07,0.523026
2026-02-27T16:00:00,2026-02-27T17:00:00,DK1,127.0,127.0,105.71,789.843978,20.0,20.0,0.07,0.523026
2026-02-27T15:00:00,2026-02-27T16:00:00,DK1,134.0,134.0,58.74,438.893532,20.0,20.0,0.1,0.74718
2026-02-27T14:00:00,2026-02-27T15:00:00,DK1,116.0,116.0,5.89,44.008902,20.0,20.0,0.1,0.74718
2026-02-27T13:00:00,2026-02-27T14:00:00,DK1,89.0,89.0,1.31,9.788058,20.0,20.0,0.1,0.74718
2026-02-27T12:00:00,2026-02-27T13:00:00,DK1,92.0,92.0,1.31,9.788058,20.0,20.0,0.1,0.74718
2026-02-27T11:00:00,2026-02-27T12:00:00,DK1,82.0,82.0,1.2,8.96616,20.0,20.0,0.1,0.74718
2026-02-27T10:00:00,2026-02-27T11:00:00,DK1,80.0,80.0,1.2,8.96616,20.0,20.0,0.1,0.74718
2026-02-27T09:00:00,2026-02-27T10:00:00,DK1,88.0,88.0,10.44,78.005592,20.0,20.0,0.1,0.74718
2026-02-27T08:00:00,2026-02-27T09:00:00,DK1,92.0,92.0,5.89,44.008902,20.0,20.0,0.1,0.74718
2026-02-27T07:00:00,2026-02-27T08:00:00,DK1,86.0,86.0,5.76,43.037568,20.0,20.0,0.1,0.74718
2026-02-27T06:00:00,2026-02-27T07:00:00,DK1,80.0,80.0,1.31,9.788058,20.0,20.0,0.1,0.74718
2026-02-27T05:00:00,2026-02-27T06:00:00,DK1,80.0,80.0,4.0,29.8872,20.0,20.0,0.1,0.74718
2026-02-27T04:00:00,2026-02-27T05:00:00,DK1,80.0,80.0,1.2,8.96616,20.0,20.0,0.1,0.74718
2026-02-27T03:00:00,2026-02-27T04:00:00,DK1,80.0,80.0,1.44,10.759392,20.0,20.0,0.1,0.74718
2026-02-27T02:00:00,2026-02-27T03:00:00,DK1,80.0,80.0,0.26,1.942668,20.0,20.0,0.07,0.523026
2026-02-27T01:00:00,2026-02-27T02:00:00,DK1,80.0,80.0,0.13,0.971334,20.0,20.0,0.07,0.523026
2026-02-27T00:00:00,2026-02-27T01:00:00,DK1,80.0,80.0,0.13,0.971334,20.0,20.0,0.07,0.523026
2026-02-26T23:00:00,2026-02-27T00:00:00,DK1,80.0,80.0,0.13,0.971334,20.0,20.0,0.07,0.523026
2026-02-26T22:00:00,2026-02-26T23:00:00,DK1,80.0,80.0,0.67,5.006173,20.0,20.0,0.11,0.821909
2026-02-26T21:00:00,2026-02-26T22:00:00,DK1,87.0,87.0,1.2,8.96628,20.0,20.0,0.11,0.821909
2026-02-26T20:00:00,2026-02-26T21:00:00,DK1,95.0,95.0,5.62,41.992078,20.0,20.0,0.11,0.821909
2026-02-26T19:00:00,2026-02-26T20:00:00,DK1,107.0,107.0,5.62,41.992078,20.0,20.0,0.11,0.821909
2026-02-26T18:00:00,2026-02-26T19:00:00,DK1,119.0,119.0,5.62,41.992078,20.0,20.0,0.11,0.821909
2026-02-26T17:00:00,2026-02-26T18:00:00,DK1,116.0,116.0,8.83,65.976877,20.0,20.0,0.11,0.821909
2026-02-26T16:00:00,2026-02-26T17:00:00,DK1,130.0,130.0,5.89,44.009491,20.0,20.0,0.11,0.821909
2026-02-26T15:00:00,2026-02-26T16:00:00,DK1,131.0,131.0,5.62,41.992078,20.0,20.0,0.13,0.971347
2026-02-26T14:00:00,2026-02-26T15:00:00,DK1,112.0,112.0,1.2,8.96628,20.0,20.0,0.13,0.971347
2026-02-26T13:00:00,2026-02-26T14:00:00,DK1,90.0,90.0,0.67,5.006173,20.0,20.0,0.13,0.971347
2026-02-26T12:00:00,2026-02-26T13:00:00,DK1,84.0,84.0,0.67,5.006173,20.0,20.0,0.13,0.971347
2026-02-26T11:00:00,2026-02-26T12:00:00,DK1,80.0,80.0,0.54,4.034826,20.0,20.0,0.13,0.971347
2026-02-26T10:00:00,2026-02-26T11:00:00,DK1,80.0,80.0,0.67,5.006173,20.0,20.0,0.13,0.971347
2026-02-26T09:00:00,2026-02-26T10:00:00,DK1,89.0,89.0,1.2,8.96628,20.0,20.0,0.13,0.971347
2026-02-26T08:00:00,2026-02-26T09:00:00,DK1,90.0,90.0,1.2,8.96628,20.0,20.0,0.13,0.971347
2026-02-26T07:00:00,2026-02-26T08:00:00,DK1,90.0,90.0,1.2,8.96628,20.0,20.0,0.13,0.971347
2026-02-26T06:00:00,2026-02-26T07:00:00,DK1,80.0,80.0,0.67,5.006173,20.0,20.0,0.13,0.971347
2026-02-26T05:00:00,2026-02-26T06:00:00,DK1,80.0,80.0,0.54,4.034826,20.0,20.0,0.13,0.971347
2026-02-26T04:00:00,2026-02-26T05:00:00,DK1,80.0,80.0,0.67,5.006173,20.0,20.0,0.13,0.971347
2026-02-26T03:00:00,2026-02-26T04:00:00,DK1,80.0,80.0,0.67,5.006173,20.0,20.0,0.13,0.971347
2026-02-26T02:00:00,2026-02-26T03:00:00,DK1,80.0,80.0,0.13,0.971347,20.0,20.0,0.11,0.821909
2026-02-26T01:00:00,2026-02-26T02:00:00,DK1,80.0,80.0,0.13,0.971347,20.0,20.0,0.11,0.821909
2026-02-26T00:00:00,2026-02-26T01:00:00,DK1,80.0,80.0,0.13,0.971347,20.0,20.0,0.11,0.821909
2026-02-25T23:00:00,2026-02-26T00:00:00,DK1,80.0,80.0,0.13,0.971347,20.0,20.0,0.11,0.821909
2026-02-25T22:00:00,2026-02-25T23:00:00,DK1,84.0,84.0,0.54,4.034502,20.0,20.0,0.11,0.821843
2026-02-25T21:00:00,2026-02-25T22:00:00,DK1,90.0,90.0,1.2,8.96556,20.0,20.0,0.11,0.821843
2026-02-25T20:00:00,2026-02-25T21:00:00,DK1,94.0,94.0,5.89,44.005957,20.0,20.0,0.11,0.821843
2026-02-25T19:00:00,2026-02-25T20:00:00,DK1,106.0,106.0,66.93,500.054109,20.0,20.0,0.11,0.821843
2026-02-25T18:00:00,2026-02-25T19:00:00,DK1,116.0,116.0,63.86,477.117218,20.0,20.0,0.11,0.821843
2026-02-25T17:00:00,2026-02-25T18:00:00,DK1,118.0,118.0,61.44,459.036672,20.0,20.0,0.11,0.821843
2026-02-25T16:00:00,2026-02-25T17:00:00,DK1,134.0,134.0,52.87,395.007631,20.0,20.0,0.11,0.821843
2026-02-25T15:00:00,2026-02-25T16:00:00,DK1,128.0,128.0,9.0,67.2417,20.0,20.0,0.13,0.971269
2026-02-25T14:00:00,2026-02-25T15:00:00,DK1,118.0,118.0,1.34,10.011542,20.0,20.0,0.13,0.971269
2026-02-25T13:00:00,2026-02-25T14:00:00,DK1,95.0,95.0,1.34,10.011542,20.0,20.0,0.13,0.971269
2026-02-25T12:00:00,2026-02-25T13:00:00,DK1,80.0,80.0,1.31,9.787403,20.0,20.0,0.13,0.971269
2026-02-25T11:00:00,2026-02-25T12:00:00,DK1,80.0,80.0,1.31,9.787403,20.0,20.0,0.13,0.971269
2026-02-25T10:00:00,2026-02-25T11:00:00,DK1,80.0,80.0,1.31,9.787403,20.0,20.0,0.13,0.971269
2026-02-25T09:00:00,2026-02-25T10:00:00,DK1,85.0,85.0,1.31,9.787403,20.0,20.0,0.13,0.971269
2026-02-25T08:00:00,2026-02-25T09:00:00,DK1,97.0,97.0,5.89,44.005957,20.0,20.0,0.13,0.971269
2026-02-25T07:00:00,2026-02-25T08:00:00,DK1,91.0,91.0,5.62,41.988706,20.0,20.0,0.13,0.971269
2026-02-25T06:00:00,2026-02-25T07:00:00,DK1,86.0,86.0,1.31,9.787403,20.0,20.0,0.13,0.971269
2026-02-25T05:00:00,2026-02-25T06:00:00,DK1,88.0,88.0,1.31,9.787403,20.0,20.0,0.13,0.971269
2026-02-25T04:00:00,2026-02-25T05:00:00,DK1,88.0,88.0,1.2,8.96556,20.0,20.0,0.13,0.971269
2026-02-25T03:00:00,2026-02-25T04:00:00,DK1,98.0,98.0,0.67,5.005771,20.0,20.0,0.13,0.971269
2026-02-25T02:00:00,2026-02-25T03:00:00,DK1,86.0,86.0,0.29,2.166677,20.0,20.0,0.11,0.821843
2026-02-25T01:00:00,2026-02-25T02:00:00,DK1,81.0,81.0,0.27,2.017251,20.0,20.0,0.11,0.821843
2026-02-25T00:00:00,2026-02-25T01:00:00,DK1,90.0,90.0,0.54,4.034502,20.0,20.0,0.11,0.821843
2026-02-24T23:00:00,2026-02-25T00:00:00,DK1,93.0,93.0,0.54,4.034502,20.0,20.0,0.11,0.821843
2026-02-24T22:00:00,2026-02-24T23:00:00,DK1,100.0,100.0,1.31,9.787272,100.0,100.0,0.54,4.034448
2026-02-24T21:00:00,2026-02-24T22:00:00,DK1,100.0,100.0,5.62,41.988144,100.0,100.0,0.54,4.034448
2026-02-24T20:00:00,2026-02-24T21:00:00,DK1,100.0,100.0,9.0,67.2408,100.0,100.0,0.4,2.98848
2026-02-24T19:00:00,2026-02-24T20:00:00,DK1,100.0,100.0,22.22,166.010064,100.0,100.0,0.4,2.98848
2026-02-24T18:00:00,2026-02-24T19:00:00,DK1,100.0,100.0,46.85,350.02572,100.0,100.0,0.4,2.98848
2026-02-24T17:00:00,2026-02-24T18:00:00,DK1,100.0,100.0,66.93,500.047416,100.0,100.0,0.4,2.98848
2026-02-24T16:00:00,2026-02-24T17:00:00,DK1,100.0,100.0,103.74,775.062288,100.0,100.0,0.42,3.137904
2026-02-24T15:00:00,2026-02-24T16:00:00,DK1,100.0,100.0,5.89,44.005368,100.0,100.0,1.07,7.994184
2026-02-24T14:00:00,2026-02-24T15:00:00,DK1,100.0,100.0,5.75,42.9594,100.0,100.0,1.26,9.413712
2026-02-24T13:00:00,2026-02-24T14:00:00,DK1,100.0,100.0,10.31,77.028072,100.0,100.0,1.26,9.413712
2026-02-24T12:00:00,2026-02-24T13:00:00,DK1,100.0,100.0,5.75,42.9594,100.0,100.0,1.26,9.413712
2026-02-24T11:00:00,2026-02-24T12:00:00,DK1,100.0,100.0,5.75,42.9594,100.0,100.0,1.26,9.413712
2026-02-24T10:00:00,2026-02-24T11:00:00,DK1,100.0,100.0,10.31,77.028072,100.0,100.0,1.07,7.994184
2026-02-24T09:00:00,2026-02-24T10:00:00,DK1,100.0,100.0,9.0,67.2408,100.0,100.0,1.07,7.994184
2026-02-24T08:00:00,2026-02-24T09:00:00,DK1,100.0,100.0,5.89,44.005368,100.0,100.0,0.8,5.97696
2026-02-24T07:00:00,2026-02-24T08:00:00,DK1,100.0,100.0,5.75,42.9594,100.0,100.0,0.8,5.97696
2026-02-24T06:00:00,2026-02-24T07:00:00,DK1,100.0,100.0,5.62,41.988144,100.0,100.0,1.07,7.994184
2026-02-24T05:00:00,2026-02-24T06:00:00,DK1,100.0,100.0,1.34,10.011408,100.0,100.0,1.26,9.413712
2026-02-24T04:00:00,2026-02-24T05:00:00,DK1,100.0,100.0,1.2,8.96544,100.0,100.0,0.8,5.97696
2026-02-24T03:00:00,2026-02-24T04:00:00,DK1,100.0,100.0,1.2,8.96544,100.0,100.0,3.35,25.02852
2026-02-24T02:00:00,2026-02-24T03:00:00,DK1,100.0,100.0,0.67,5.005704,100.0,100.0,2.54,18.976848
2026-02-24T01:00:00,2026-02-24T02:00:00,DK1,100.0,100.0,0.4,2.98848,100.0,100.0,2.54,18.976848
2026-02-24T00:00:00,2026-02-24T01:00:00,DK1,100.0,100.0,0.4,2.98848,100.0,100.0,2.54,18.976848
2026-02-23T23:00:00,2026-02-24T00:00:00,DK1,100.0,100.0,0.4,2.98848,100.0,100.0,2.54,18.976848
2026-02-23T22:00:00,2026-02-23T23:00:00,DK1,100.0,100.0,0.67,5.005369,100.0,100.0,10.71,80.011197
2026-02-23T21:00:00,2026-02-23T22:00:00,DK1,100.0,100.0,1.31,9.786617,100.0,100.0,9.9,73.95993
2026-02-23T20:00:00,2026-02-23T21:00:00,DK1,100.0,100.0,5.89,44.002423,100.0,100.0,10.17,75.977019
2026-02-23T19:00:00,2026-02-23T20:00:00,DK1,100.0,100.0,9.37,70.000459,100.0,100.0,0.46,3.436522
2026-02-23T18:00:00,2026-02-23T19:00:00,DK1,100.0,100.0,9.0,67.2363,100.0,100.0,0.46,3.436522
2026-02-23T17:00:00,2026-02-23T18:00:00,DK1,100.0,100.0,9.0,67.2363,100.0,100.0,0.46,3.436522
2026-02-23T16:00:00,2026-02-23T17:00:00,DK1,100.0,100.0,9.37,70.000459,100.0,100.0,0.46,3.436522
2026-02-23T15:00:00,2026-02-23T16:00:00,DK1,100.0,100.0,1.31,9.786617,100.0,100.0,1.07,7.993649
2026-02-23T14:00:00,2026-02-23T15:00:00,DK1,100.0,100.0,1.31,9.786617,100.0,100.0,3.0,22.4121
2026-02-23T13:00:00,2026-02-23T14:00:00,DK1,100.0,100.0,1.31,9.786617,100.0,100.0,3.0,22.4121
2026-02-23T12:00:00,2026-02-23T13:00:00,DK1,100.0,100.0,1.2,8.96484,100.0,100.0,3.0,22.4121
2026-02-23T11:00:00,2026-02-23T12:00:00,DK1,100.0,100.0,1.2,8.96484,100.0,100.0,3.0,22.4121
2026-02-23T10:00:00,2026-02-23T11:00:00,DK1,100.0,100.0,1.31,9.786617,100.0,100.0,3.0,22.4121
2026-02-23T09:00:00,2026-02-23T10:00:00,DK1,100.0,100.0,1.31,9.786617,100.0,100.0,3.0,22.4121
2026-02-23T08:00:00,2026-02-23T09:00:00,DK1,100.0,100.0,1.2,8.96484,100.0,100.0,3.0,22.4121
2026-02-23T07:00:00,2026-02-23T08:00:00,DK1,100.0,100.0,1.31,9.786617,100.0,100.0,0.8,5.97656
2026-02-23T06:00:00,2026-02-23T07:00:00,DK1,100.0,100.0,1.2,8.96484,100.0,100.0,3.0,22.4121
2026-02-23T05:00:00,2026-02-23T06:00:00,DK1,100.0,100.0,1.31,9.786617,100.0,100.0,3.0,22.4121
2026-02-23T04:00:00,2026-02-23T05:00:00,DK1,100.0,100.0,0.67,5.005369,100.0,100.0,3.0,22.4121
2026-02-23T03:00:00,2026-02-23T04:00:00,DK1,100.0,100.0,0.67,5.005369,100.0,100.0,3.0,22.4121
2026-02-23T02:00:00,2026-02-23T03:00:00,DK1,100.0,100.0,0.67,5.005369,100.0,100.0,3.0,22.4121
2026-02-23T01:00:00,2026-02-23T02:00:00,DK1,100.0,100.0,0.27,2.017089,100.0,100.0,3.0,22.4121
2026-02-23T00:00:00,2026-02-23T01:00:00,DK1,100.0,100.0,0.27,2.017089,100.0,100.0,3.0,22.4121
2026-02-22T23:00:00,2026-02-23T00:00:00,DK1,100.0,100.0,0.67,5.005369,100.0,100.0,3.0,22.4121
2026-02-22T22:00:00,2026-02-22T23:00:00,DK1,100.0,100.0,0.54,4.034664,100.0,100.0,2.0,14.9432
2026-02-22T21:00:00,2026-02-22T22:00:00,DK1,100.0,100.0,5.03,37.582148,100.0,100.0,2.0,14.9432
2026-02-22T20:00:00,2026-02-22T21:00:00,DK1,100.0,100.0,6.61,49.387276,100.0,100.0,2.0,14.9432
2026-02-22T19:00:00,2026-02-22T20:00:00,DK1,100.0,100.0,10.46,78.152936,100.0,100.0,2.0,14.9432
2026-02-22T18:00:00,2026-02-22T19:00:00,DK1,100.0,100.0,24.89,185.968124,100.0,100.0,2.0,14.9432
2026-02-22T17:00:00,2026-02-22T18:00:00,DK1,100.0,100.0,24.89,185.968124,100.0,100.0,2.0,14.9432
2026-02-22T16:00:00,2026-02-22T17:00:00,DK1,100.0,100.0,6.69,49.985004,100.0,100.0,2.0,14.9432
2026-02-22T15:00:00,2026-02-22T16:00:00,DK1,100.0,100.0,1.2,8.96592,100.0,100.0,2.0,14.9432
2026-02-22T14:00:00,2026-02-22T15:00:00,DK1,100.0,100.0,1.31,9.787796,100.0,100.0,3.0,22.4148
2026-02-22T13:00:00,2026-02-22T14:00:00,DK1,100.0,100.0,1.31,9.787796,100.0,100.0,3.0,22.4148
2026-02-22T12:00:00,2026-02-22T13:00:00,DK1,100.0,100.0,1.31,9.787796,100.0,100.0,3.0,22.4148
2026-02-22T11:00:00,2026-02-22T12:00:00,DK1,100.0,100.0,1.2,8.96592,100.0,100.0,3.0,22.4148
2026-02-22T10:00:00,2026-02-22T11:00:00,DK1,100.0,100.0,1.2,8.96592,100.0,100.0,3.0,22.4148
2026-02-22T09:00:00,2026-02-22T10:00:00,DK1,100.0,100.0,1.2,8.96592,100.0,100.0,3.0,22.4148
2026-02-22T08:00:00,2026-02-22T09:00:00,DK1,100.0,100.0,1.2,8.96592,100.0,100.0,12.58,93.992728
2026-02-22T07:00:00,2026-02-22T08:00:00,DK1,100.0,100.0,1.2,8.96592,100.0,100.0,3.0,22.4148
2026-02-22T06:00:00,2026-02-22T07:00:00,DK1,100.0,100.0,1.31,9.787796,100.0,100.0,6.69,49.985004
2026-02-22T05:00:00,2026-02-22T06:00:00,DK1,100.0,100.0,1.31,9.787796,100.0,100.0,11.24,83.980784
2026-02-22T04:00:00,2026-02-22T05:00:00,DK1,100.0,100.0,0.67,5.005972,100.0,100.0,13.52,101.016032
2026-02-22T03:00:00,2026-02-22T04:00:00,DK1,100.0,100.0,0.43,3.212788,100.0,100.0,14.05,104.97598
2026-02-22T02:00:00,2026-02-22T03:00:00,DK1,100.0,100.0,0.67,5.005972,100.0,100.0,11.64,86.969424
2026-02-22T01:00:00,2026-02-22T02:00:00,DK1,100.0,100.0,0.43,3.212788,100.0,100.0,13.12,98.027392
2026-02-22T00:00:00,2026-02-22T01:00:00,DK1,100.0,100.0,1.31,9.787796,100.0,100.0,12.45,93.02142
2026-02-21T23:00:00,2026-02-22T00:00:00,DK1,100.0,100.0,1.31,9.787796,100.0,100.0,12.98,96.981368
2026-02-21T22:00:00,2026-02-21T23:00:00,DK1,100.0,100.0,1.2,8.96592,100.0,100.0,3.93,29.363388
2026-02-21T21:00:00,2026-02-21T22:00:00,DK1,100.0,100.0,3.35,25.02986,100.0,100.0,2.54,18.977864
2026-02-21T20:00:00,2026-02-21T21:00:00,DK1,100.0,100.0,5.75,42.9617,100.0,100.0,1.2,8.96592
2026-02-21T19:00:00,2026-02-21T20:00:00,DK1,100.0,100.0,5.75,42.9617,100.0,100.0,1.2,8.96592
2026-02-21T18:00:00,2026-02-21T19:00:00,DK1,100.0,100.0,1.34,10.011944,100.0,100.0,1.2,8.96592
2026-02-21T17:00:00,2026-02-21T18:00:00,DK1,100.0,100.0,1.34,10.011944,100.0,100.0,1.2,8.96592
2026-02-21T16:00:00,2026-02-21T17:00:00,DK1,100.0,100.0,1.34,10.011944,100.0,100.0,1.2,8.96592
2026-02-21T15:00:00,2026-02-21T16:00:00,DK1,100.0,100.0,1.2,8.96592,100.0,100.0,3.0,22.4148
2026-02-21T14:00:00,2026-02-21T15:00:00,DK1,100.0,100.0,1.2,8.96592,100.0,100.0,3.0,22.4148
2026-02-21T13:00:00,2026-02-21T14:00:00,DK1,100.0,100.0,1.31,9.787796,100.0,100.0,3.0,22.4148
2026-02-21T12:00:00,2026-02-21T13:00:00,DK1,100.0,100.0,1.31,9.787796,100.0,100.0,3.0,22.4148
2026-02-21T11:00:00,2026-02-21T12:00:00,DK1,100.0,100.0,1.2,8.96592,100.0,100.0,3.0,22.4148
2026-02-21T10:00:00,2026-02-21T11:00:00,DK1,100.0,100.0,1.2,8.96592,100.0,100.0,3.0,22.4148
2026-02-21T09:00:00,2026-02-21T10:00:00,DK1,100.0,100.0,1.31,9.787796,100.0,100.0,3.0,22.4148
2026-02-21T08:00:00,2026-02-21T09:00:00,DK1,100.0,100.0,1.2,8.96592,100.0,100.0,3.0,22.4148
2026-02-21T07:00:00,2026-02-21T08:00:00,DK1,100.0,100.0,1.31,9.787796,100.0,100.0,2.54,18.977864
2026-02-21T06:00:00,2026-02-21T07:00:00,DK1,100.0,100.0,0.67,5.005972,100.0,100.0,2.54,18.977864
2026-02-21T05:00:00,2026-02-21T06:00:00,DK1,100.0,100.0,0.54,4.034664,100.0,100.0,3.0,22.4148
2026-02-21T04:00:00,2026-02-21T05:00:00,DK1,100.0,100.0,0.67,5.005972,100.0,100.0,3.0,22.4148
2026-02-21T03:00:00,2026-02-21T04:00:00,DK1,100.0,100.0,0.67,5.005972,100.0,100.0,3.0,22.4148
2026-02-21T02:00:00,2026-02-21T03:00:00,DK1,100.0,100.0,0.67,5.005972,100.0,100.0,3.0,22.4148
2026-02-21T01:00:00,2026-02-21T02:00:00,DK1,100.0,100.0,0.67,5.005972,100.0,100.0,3.0,22.4148
2026-02-21T00:00:00,2026-02-21T01:00:00,DK1,100.0,100.0,0.67,5.005972,100.0,100.0,1.34,10.011944
2026-02-20T23:00:00,2026-02-21T00:00:00,DK1,100.0,100.0,0.67,5.005972,100.0,100.0,1.34,10.011944
2026-02-20T22:00:00,2026-02-20T23:00:00,DK1,100.0,100.0,0.67,5.005972,100.0,100.0,1.34,10.011944
2026-02-20T21:00:00,2026-02-20T22:00:00,DK1,100.0,100.0,1.31,9.787796,100.0,100.0,1.34,10.011944
2026-02-20T20:00:00,2026-02-20T21:00:00,DK1,100.0,100.0,1.2,8.96592,100.0,100.0,1.2,8.96592
2026-02-20T19:00:00,2026-02-20T20:00:00,DK1,100.0,100.0,5.76,43.036416,100.0,100.0,1.2,8.96592
2026-02-20T18:00:00,2026-02-20T19:00:00,DK1,100.0,100.0,5.76,43.036416,100.0,100.0,1.2,8.96592
2026-02-20T17:00:00,2026-02-20T18:00:00,DK1,100.0,100.0,5.76,43.036416,100.0,100.0,1.2,8.96592
2026-02-20T16:00:00,2026-02-20T17:00:00,DK1,100.0,100.0,5.76,43.036416,100.0,100.0,0.45,3.36222
2026-02-20T15:00:00,2026-02-20T16:00:00,DK1,100.0,100.0,1.2,8.96592,100.0,100.0,1.34,10.011944
2026-02-20T14:00:00,2026-02-20T15:00:00,DK1,100.0,100.0,1.2,8.96592,100.0,100.0,2.01,15.017916
2026-02-20T13:00:00,2026-02-20T14:00:00,DK1,100.0,100.0,1.31,9.787796,100.0,100.0,2.01,15.017916
2026-02-20T12:00:00,2026-02-20T13:00:00,DK1,100.0,100.0,1.31,9.787796,100.0,100.0,2.01,15.017916
2026-02-20T11:00:00,2026-02-20T12:00:00,DK1,100.0,100.0,1.31,9.787796,100.0,100.0,2.01,15.017916
2026-02-20T10:00:00,2026-02-20T11:00:00,DK1,100.0,100.0,1.31,9.787796,100.0,100.0,2.01,15.017916
2026-02-20T09:00:00,2026-02-20T10:00:00,DK1,100.0,100.0,5.62,41.990392,100.0,100.0,1.34,10.011944
2026-02-20T08:00:00,2026-02-20T09:00:00,DK1,100.0,100.0,7.36,54.990976,100.0,100.0,0.67,5.005972
2026-02-20T07:00:00,2026-02-20T08:00:00,DK1,100.0,100.0,3.35,25.02986,100.0,100.0,1.07,7.994612
2026-02-20T06:00:00,2026-02-20T07:00:00,DK1,100.0,100.0,1.2,8.96592,100.0,100.0,1.07,7.994612
2026-02-20T05:00:00,2026-02-20T06:00:00,DK1,100.0,100.0,1.31,9.787796,100.0,100.0,1.07,7.994612
2026-02-20T04:00:00,2026-02-20T05:00:00,DK1,100.0,100.0,1.2,8.96592,100.0,100.0,3.0,22.4148
2026-02-20T03:00:00,2026-02-20T04:00:00,DK1,100.0,100.0,0.67,5.005972,100.0,100.0,3.0,22.4148
2026-02-20T02:00:00,2026-02-20T03:00:00,DK1,100.0,100.0,0.67,5.005972,100.0,100.0,2.01,15.017916
2026-02-20T01:00:00,2026-02-20T02:00:00,DK1,100.0,100.0,0.67,5.005972,100.0,100.0,2.01,15.017916
2026-02-20T00:00:00,2026-02-20T01:00:00,DK1,100.0,100.0,0.54,4.034664,100.0,100.0,2.01,15.017916
2026-02-19T23:00:00,2026-02-20T00:00:00,DK1,100.0,100.0,0.67,5.005972,100.0,100.0,2.01,15.017916
2026-02-19T22:00:00,2026-02-19T23:00:00,DK1,100.0,100.0,0.67,5.006039,100.0,100.0,1.2,8.96604
2026-02-19T21:00:00,2026-02-19T22:00:00,DK1,100.0,100.0,1.2,8.96604,100.0,100.0,1.2,8.96604
2026-02-19T20:00:00,2026-02-19T21:00:00,DK1,100.0,100.0,5.76,43.036992,100.0,100.0,1.34,10.012078
2026-02-19T19:00:00,2026-02-19T20:00:00,DK1,100.0,100.0,5.76,43.036992,100.0,100.0,0.4,2.98868
2026-02-19T18:00:00,2026-02-19T19:00:00,DK1,100.0,100.0,5.89,44.008313,100.0,100.0,0.4,2.98868
2026-02-19T17:00:00,2026-02-19T18:00:00,DK1,100.0,100.0,5.89,44.008313,100.0,100.0,0.4,2.98868
2026-02-19T16:00:00,2026-02-19T17:00:00,DK1,100.0,100.0,5.89,44.008313,100.0,100.0,0.4,2.98868
2026-02-19T15:00:00,2026-02-19T16:00:00,DK1,100.0,100.0,8.83,65.975111,100.0,100.0,0.54,4.034718
2026-02-19T14:00:00,2026-02-19T15:00:00,DK1,100.0,100.0,1.47,10.983399,100.0,100.0,0.67,5.006039
2026-02-19T13:00:00,2026-02-19T14:00:00,DK1,100.0,100.0,1.2,8.96604,100.0,100.0,1.2,8.96604
2026-02-19T12:00:00,2026-02-19T13:00:00,DK1,100.0,100.0,1.2,8.96604,100.0,100.0,1.2,8.96604
2026-02-19T11:00:00,2026-02-19T12:00:00,DK1,100.0,100.0,1.2,8.96604,100.0,100.0,1.2,8.96604
2026-02-19T10:00:00,2026-02-19T11:00:00,DK1,100.0,100.0,1.47,10.983399,100.0,100.0,0.67,5.006039
2026-02-19T09:00:00,2026-02-19T10:00:00,DK1,100.0,100.0,5.76,43.036992,100.0,100.0,0.5,3.73585
2026-02-19T08:00:00,2026-02-19T09:00:00,DK1,100.0,100.0,3.35,25.030195,100.0,100.0,0.5,3.73585
2026-02-19T07:00:00,2026-02-19T08:00:00,DK1,100.0,100.0,1.2,8.96604,100.0,100.0,0.5,3.73585
2026-02-19T06:00:00,2026-02-19T07:00:00,DK1,100.0,100.0,1.2,8.96604,100.0,100.0,0.5,3.73585
2026-02-19T05:00:00,2026-02-19T06:00:00,DK1,100.0,100.0,1.2,8.96604,100.0,100.0,1.34,10.012078
2026-02-19T04:00:00,2026-02-19T05:00:00,DK1,100.0,100.0,1.2,8.96604,100.0,100.0,1.2,8.96604
2026-02-19T03:00:00,2026-02-19T04:00:00,DK1,100.0,100.0,0.67,5.006039,100.0,100.0,1.2,8.96604
2026-02-19T02:00:00,2026-02-19T03:00:00,DK1,100.0,100.0,0.32,2.390944,100.0,100.0,1.34,10.012078
2026-02-19T01:00:00,2026-02-19T02:00:00,DK1,100.0,100.0,0.32,2.390944,100.0,100.0,1.34,10.012078
2026-02-19T00:00:00,2026-02-19T01:00:00,DK1,100.0,100.0,0.32,2.390944,100.0,100.0,1.34,10.012078
2026-02-18T23:00:00,2026-02-19T00:00:00,DK1,100.0,100.0,0.67,5.006039,100.0,100.0,1.34,10.012078
2026-02-18T22:00:00,2026-02-18T23:00:00,DK1,100.0,100.0,0.67,5.005838,100.0,100.0,1.34,10.011676
2026-02-18T21:00:00,2026-02-18T22:00:00,DK1,100.0,100.0,0.67,5.005838,100.0,100.0,1.2,8.96568
2026-02-18T20:00:00,2026-02-18T21:00:00,DK1,100.0,100.0,3.35,25.02919,100.0,100.0,0.4,2.98856
2026-02-18T19:00:00,2026-02-18T20:00:00,DK1,100.0,100.0,3.35,25.02919,100.0,100.0,0.4,2.98856
2026-02-18T18:00:00,2026-02-18T19:00:00,DK1,100.0,100.0,57.2,427.36408,100.0,100.0,0.4,2.98856
2026-02-18T17:00:00,2026-02-18T18:00:00,DK1,100.0,100.0,69.25,517.39445,100.0,100.0,0.4,2.98856
2026-02-18T16:00:00,2026-02-18T17:00:00,DK1,100.0,100.0,68.18,509.400052,100.0,100.0,0.4,2.98856
2026-02-18T15:00:00,2026-02-18T16:00:00,DK1,100.0,100.0,5.62,41.989268,100.0,100.0,0.4,2.98856
2026-02-18T14:00:00,2026-02-18T15:00:00,DK1,100.0,100.0,1.2,8.96568,100.0,100.0,0.4,2.98856
2026-02-18T13:00:00,2026-02-18T14:00:00,DK1,100.0,100.0,1.2,8.96568,100.0,100.0,0.4,2.98856
2026-02-18T12:00:00,2026-02-18T13:00:00,DK1,100.0,100.0,3.35,25.02919,100.0,100.0,0.45,3.36213
2026-02-18T11:00:00,2026-02-18T12:00:00,DK1,100.0,100.0,3.35,25.02919,100.0,100.0,0.45,3.36213
2026-02-18T10:00:00,2026-02-18T11:00:00,DK1,100.0,100.0,3.35,25.02919,100.0,100.0,0.45,3.36213
2026-02-18T09:00:00,2026-02-18T10:00:00,DK1,100.0,100.0,88.79,663.385606,100.0,100.0,0.4,2.98856
2026-02-18T08:00:00,2026-02-18T09:00:00,DK1,100.0,100.0,120.45,899.93013,100.0,100.0,0.4,2.98856
2026-02-18T07:00:00,2026-02-18T08:00:00,DK1,100.0,100.0,100.39,750.053846,100.0,100.0,0.4,2.98856
2026-02-18T06:00:00,2026-02-18T07:00:00,DK1,100.0,100.0,69.87,522.026718,100.0,100.0,0.4,2.98856
2026-02-18T05:00:00,2026-02-18T06:00:00,DK1,100.0,100.0,1.2,8.96568,100.0,100.0,0.4,2.98856
2026-02-18T04:00:00,2026-02-18T05:00:00,DK1,100.0,100.0,1.2,8.96568,100.0,100.0,1.26,9.413964
2026-02-18T03:00:00,2026-02-18T04:00:00,DK1,100.0,100.0,0.67,5.005838,100.0,100.0,1.26,9.413964
2026-02-18T02:00:00,2026-02-18T03:00:00,DK1,100.0,100.0,0.32,2.390848,100.0,100.0,1.07,7.994398
2026-02-18T01:00:00,2026-02-18T02:00:00,DK1,100.0,100.0,0.38,2.839132,100.0,100.0,1.07,7.994398
2026-02-18T00:00:00,2026-02-18T01:00:00,DK1,100.0,100.0,0.38,2.839132,100.0,100.0,1.07,7.994398
2026-02-17T23:00:00,2026-02-18T00:00:00,DK1,100.0,100.0,0.32,2.390848,100.0,100.0,0.4,2.98856
2026-02-17T22:00:00,2026-02-17T23:00:00,DK1,100.0,100.0,1.2,8.96472,100.0,100.0,1.34,10.010604
2026-02-17T21:00:00,2026-02-17T22:00:00,DK1,100.0,100.0,1.2,8.96472,100.0,100.0,1.34,10.010604
2026-02-17T20:00:00,2026-02-17T21:00:00,DK1,100.0,100.0,4.02,30.031812,100.0,100.0,0.4,2.98824
2026-02-17T19:00:00,2026-02-17T20:00:00,DK1,100.0,100.0,9.0,67.2354,100.0,100.0,0.4,2.98824
2026-02-17T18:00:00,2026-02-17T19:00:00,DK1,100.0,100.0,87.69,655.096914,100.0,100.0,0.4,2.98824
2026-02-17T17:00:00,2026-02-17T18:00:00,DK1,100.0,100.0,63.67,475.653102,100.0,100.0,0.4,2.98824
2026-02-17T16:00:00,2026-02-17T17:00:00,DK1,100.0,100.0,53.77,401.694162,100.0,100.0,0.4,2.98824
2026-02-17T15:00:00,2026-02-17T16:00:00,DK1,100.0,100.0,5.76,43.030656,100.0,100.0,0.4,2.98824
2026-02-17T14:00:00,2026-02-17T15:00:00,DK1,100.0,100.0,1.2,8.96472,100.0,100.0,0.43,3.212358
2026-02-17T13:00:00,2026-02-17T14:00:00,DK1,100.0,100.0,1.2,8.96472,100.0,100.0,0.8,5.97648
2026-02-17T12:00:00,2026-02-17T13:00:00,DK1,100.0,100.0,1.2,8.96472,100.0,100.0,0.8,5.97648
2026-02-17T11:00:00,2026-02-17T12:00:00,DK1,100.0,100.0,1.2,8.96472,100.0,100.0,0.8,5.97648
2026-02-17T10:00:00,2026-02-17T11:00:00,DK1,100.0,100.0,1.2,8.96472,100.0,100.0,0.8,5.97648
2026-02-17T09:00:00,2026-02-17T10:00:00,DK1,100.0,100.0,1.2,8.96472,100.0,100.0,0.43,3.212358
2026-02-17T08:00:00,2026-02-17T09:00:00,DK1,100.0,100.0,1.2,8.96472,100.0,100.0,0.43,3.212358
2026-02-17T07:00:00,2026-02-17T08:00:00,DK1,100.0,100.0,1.2,8.96472,100.0,100.0,0.4,2.98824
2026-02-17T06:00:00,2026-02-17T07:00:00,DK1,100.0,100.0,1.2,8.96472,100.0,100.0,0.4,2.98824
2026-02-17T05:00:00,2026-02-17T06:00:00,DK1,100.0,100.0,1.2,8.96472,100.0,100.0,0.8,5.97648
2026-02-17T04:00:00,2026-02-17T05:00:00,DK1,100.0,100.0,1.2,8.96472,100.0,100.0,1.34,10.010604
2026-02-17T03:00:00,2026-02-17T04:00:00,DK1,100.0,100.0,1.2,8.96472,100.0,100.0,1.26,9.412956
2026-02-17T02:00:00,2026-02-17T03:00:00,DK1,100.0,100.0,1.2,8.96472,100.0,100.0,0.8,5.97648
2026-02-17T01:00:00,2026-02-17T02:00:00,DK1,100.0,100.0,1.2,8.96472,100.0,100.0,0.8,5.97648
2026-02-17T00:00:00,2026-02-17T01:00:00,DK1,100.0,100.0,1.2,8.96472,100.0,100.0,0.8,5.97648
2026-02-16T23:00:00,2026-02-17T00:00:00,DK1,100.0,100.0,1.2,8.96472,100.0,100.0,0.8,5.97648
2026-02-16T22:00:00,2026-02-16T23:00:00,DK1,100.0,100.0,0.31,2.315917,100.0,100.0,1.2,8.96484
2026-02-16T21:00:00,2026-02-16T22:00:00,DK1,100.0,100.0,1.2,8.96484,100.0,100.0,1.2,8.96484
2026-02-16T20:00:00,2026-02-16T21:00:00,DK1,100.0,100.0,1.2,8.96484,100.0,100.0,1.34,10.010738
2026-02-16T19:00:00,2026-02-16T20:00:00,DK1,100.0,100.0,3.35,25.026845,100.0,100.0,1.34,10.010738
2026-02-16T18:00:00,2026-02-16T19:00:00,DK1,100.0,100.0,5.62,41.985334,100.0,100.0,0.4,2.98828
2026-02-16T17:00:00,2026-02-16T18:00:00,DK1,100.0,100.0,5.62,41.985334,100.0,100.0,0.4,2.98828
2026-02-16T16:00:00,2026-02-16T17:00:00,DK1,100.0,100.0,5.62,41.985334,100.0,100.0,0.4,2.98828
2026-02-16T15:00:00,2026-02-16T16:00:00,DK1,100.0,100.0,1.2,8.96484,100.0,100.0,1.34,10.010738
2026-02-16T14:00:00,2026-02-16T15:00:00,DK1,100.0,100.0,1.2,8.96484,100.0,100.0,1.2,8.96484
2026-02-16T13:00:00,2026-02-16T14:00:00,DK1,100.0,100.0,1.2,8.96484,100.0,100.0,1.34,10.010738
2026-02-16T12:00:00,2026-02-16T13:00:00,DK1,100.0,100.0,1.2,8.96484,100.0,100.0,1.34,10.010738
2026-02-16T11:00:00,2026-02-16T12:00:00,DK1,100.0,100.0,1.2,8.96484,100.0,100.0,1.34,10.010738
2026-02-16T10:00:00,2026-02-16T11:00:00,DK1,100.0,100.0,1.2,8.96484,100.0,100.0,1.34,10.010738
2026-02-16T09:00:00,2026-02-16T10:00:00,DK1,100.0,100.0,1.2,8.96484,100.0,100.0,1.34,10.010738
2026-02-16T08:00:00,2026-02-16T09:00:00,DK1,100.0,100.0,1.2,8.96484,100.0,100.0,1.34,10.010738
2026-02-16T07:00:00,2026-02-16T08:00:00,DK1,100.0,100.0,1.2,8.96484,100.0,100.0,1.34,10.010738
2026-02-16T06:00:00,2026-02-16T07:00:00,DK1,100.0,100.0,1.2,8.96484,100.0,100.0,1.34,10.010738
2026-02-16T05:00:00,2026-02-16T06:00:00,DK1,100.0,100.0,1.2,8.96484,100.0,100.0,1.34,10.010738
2026-02-16T04:00:00,2026-02-16T05:00:00,DK1,100.0,100.0,0.67,5.005369,100.0,100.0,1.34,10.010738
2026-02-16T03:00:00,2026-02-16T04:00:00,DK1,100.0,100.0,0.31,2.315917,100.0,100.0,1.34,10.010738
2026-02-16T02:00:00,2026-02-16T03:00:00,DK1,100.0,100.0,0.31,2.315917,100.0,100.0,1.34,10.010738
2026-02-16T01:00:00,2026-02-16T02:00:00,DK1,100.0,100.0,0.31,2.315917,100.0,100.0,1.26,9.413082
2026-02-16T00:00:00,2026-02-16T01:00:00,DK1,100.0,100.0,0.31,2.315917,100.0,100.0,1.26,9.413082
2026-02-15T23:00:00,2026-02-16T00:00:00,DK1,100.0,100.0,0.31,2.315917,100.0,100.0,1.26,9.413082
2026-02-15T22:00:00,2026-02-15T23:00:00,DK1,100.0,100.0,0.31,2.315979,100.0,100.0,1.34,10.011006
2026-02-15T21:00:00,2026-02-15T22:00:00,DK1,100.0,100.0,0.54,4.034286,100.0,100.0,1.34,10.011006
2026-02-15T20:00:00,2026-02-15T21:00:00,DK1,100.0,100.0,1.2,8.96508,100.0,100.0,1.07,7.993863
2026-02-15T19:00:00,2026-02-15T20:00:00,DK1,100.0,100.0,3.35,25.027515,100.0,100.0,1.07,7.993863
2026-02-15T18:00:00,2026-02-15T19:00:00,DK1,100.0,100.0,3.35,25.027515,100.0,100.0,1.07,7.993863
2026-02-15T17:00:00,2026-02-15T18:00:00,DK1,100.0,100.0,3.35,25.027515,100.0,100.0,1.07,7.993863
2026-02-15T16:00:00,2026-02-15T17:00:00,DK1,100.0,100.0,1.2,8.96508,100.0,100.0,1.07,7.993863
2026-02-15T15:00:00,2026-02-15T16:00:00,DK1,100.0,100.0,1.2,8.96508,100.0,100.0,1.34,10.011006
2026-02-15T14:00:00,2026-02-15T15:00:00,DK1,100.0,100.0,1.2,8.96508,100.0,100.0,1.34,10.011006
2026-02-15T13:00:00,2026-02-15T14:00:00,DK1,100.0,100.0,0.67,5.005503,100.0,100.0,1.34,10.011006
2026-02-15T12:00:00,2026-02-15T13:00:00,DK1,100.0,100.0,1.2,8.96508,100.0,100.0,1.34,10.011006
2026-02-15T11:00:00,2026-02-15T12:00:00,DK1,100.0,100.0,1.2,8.96508,100.0,100.0,1.34,10.011006
2026-02-15T10:00:00,2026-02-15T11:00:00,DK1,100.0,100.0,1.2,8.96508,100.0,100.0,1.34,10.011006
2026-02-15T09:00:00,2026-02-15T10:00:00,DK1,100.0,100.0,1.2,8.96508,100.0,100.0,1.34,10.011006
2026-02-15T08:00:00,2026-02-15T09:00:00,DK1,100.0,100.0,1.2,8.96508,100.0,100.0,1.34,10.011006
2026-02-15T07:00:00,2026-02-15T08:00:00,DK1,100.0,100.0,1.2,8.96508,100.0,100.0,1.34,10.011006
2026-02-15T06:00:00,2026-02-15T07:00:00,DK1,100.0,100.0,1.2,8.96508,100.0,100.0,1.34,10.011006
2026-02-15T05:00:00,2026-02-15T06:00:00,DK1,100.0,100.0,1.2,8.96508,100.0,100.0,1.34,10.011006
2026-02-15T04:00:00,2026-02-15T05:00:00,DK1,100.0,100.0,0.54,4.034286,100.0,100.0,1.34,10.011006
2026-02-15T03:00:00,2026-02-15T04:00:00,DK1,100.0,100.0,0.31,2.315979,100.0,100.0,1.34,10.011006
2026-02-15T02:00:00,2026-02-15T03:00:00,DK1,100.0,100.0,0.33,2.465397,100.0,100.0,1.26,9.413334
2026-02-15T01:00:00,2026-02-15T02:00:00,DK1,100.0,100.0,0.31,2.315979,100.0,100.0,1.26,9.413334
2026-02-15T00:00:00,2026-02-15T01:00:00,DK1,100.0,100.0,0.67,5.005503,100.0,100.0,1.26,9.413334
2026-02-14T23:00:00,2026-02-15T00:00:00,DK1,100.0,100.0,0.67,5.005503,100.0,100.0,0.42,3.137778
2026-02-14T22:00:00,2026-02-14T23:00:00,DK1,100.0,100.0,1.2,8.96508,100.0,100.0,0.49,3.660741
2026-02-14T21:00:00,2026-02-14T22:00:00,DK1,100.0,100.0,3.35,25.027515,100.0,100.0,0.36,2.689524
2026-02-14T20:00:00,2026-02-14T21:00:00,DK1,100.0,100.0,5.89,44.003601,100.0,100.0,0.27,2.017143
2026-02-14T19:00:00,2026-02-14T20:00:00,DK1,100.0,100.0,20.08,150.015672,100.0,100.0,0.27,2.017143
2026-02-14T18:00:00,2026-02-14T19:00:00,DK1,100.0,100.0,38.56,288.077904,100.0,100.0,0.27,2.017143
2026-02-14T17:00:00,2026-02-14T18:00:00,DK1,100.0,100.0,51.94,388.038546,100.0,100.0,0.27,2.017143
2026-02-14T16:00:00,2026-02-14T17:00:00,DK1,100.0,100.0,46.06,344.109654,100.0,100.0,0.27,2.017143
2026-02-14T15:00:00,2026-02-14T16:00:00,DK1,100.0,100.0,5.89,44.003601,100.0,100.0,0.31,2.315979
2026-02-14T14:00:00,2026-02-14T15:00:00,DK1,100.0,100.0,1.2,8.96508,100.0,100.0,0.54,4.034286
2026-02-14T13:00:00,2026-02-14T14:00:00,DK1,100.0,100.0,1.2,8.96508,100.0,100.0,0.54,4.034286
2026-02-14T12:00:00,2026-02-14T13:00:00,DK1,100.0,100.0,1.2,8.96508,100.0,100.0,0.54,4.034286
2026-02-14T11:00:00,2026-02-14T12:00:00,DK1,100.0,100.0,1.2,8.96508,100.0,100.0,0.54,4.034286
2026-02-14T10:00:00,2026-02-14T11:00:00,DK1,100.0,100.0,1.2,8.96508,100.0,100.0,0.54,4.034286
2026-02-14T09:00:00,2026-02-14T10:00:00,DK1,100.0,100.0,1.2,8.96508,100.0,100.0,0.31,2.315979
2026-02-14T08:00:00,2026-02-14T09:00:00,DK1,100.0,100.0,1.2,8.96508,100.0,100.0,0.31,2.315979
2026-02-14T07:00:00,2026-02-14T08:00:00,DK1,100.0,100.0,1.2,8.96508,100.0,100.0,0.3,2.24127
2026-02-14T06:00:00,2026-02-14T07:00:00,DK1,100.0,100.0,1.2,8.96508,100.0,100.0,0.3,2.24127
2026-02-14T05:00:00,2026-02-14T06:00:00,DK1,100.0,100.0,1.47,10.982223,100.0,100.0,0.45,3.361905
2026-02-14T04:00:00,2026-02-14T05:00:00,DK1,100.0,100.0,1.2,8.96508,100.0,100.0,0.49,3.660741
2026-02-14T03:00:00,2026-02-14T04:00:00,DK1,100.0,100.0,0.67,5.005503,100.0,100.0,0.4,2.98836
2026-02-14T02:00:00,2026-02-14T03:00:00,DK1,100.0,100.0,0.33,2.465397,100.0,100.0,0.4,2.98836
2026-02-14T01:00:00,2026-02-14T02:00:00,DK1,100.0,100.0,0.33,2.465397,100.0,100.0,0.4,2.98836
2026-02-14T00:00:00,2026-02-14T01:00:00,DK1,100.0,100.0,0.33,2.465397,100.0,100.0,0.4,2.98836
2026-02-13T23:00:00,2026-02-14T00:00:00,DK1,100.0,100.0,0.67,5.005503,100.0,100.0,0.27,2.017143
2026-02-13T22:00:00,2026-02-13T23:00:00,DK1,100.0,100.0,1.21,9.039789,100.0,100.0,0.27,2.017143
2026-02-13T21:00:00,2026-02-13T22:00:00,DK1,100.0,100.0,3.35,25.027515,100.0,100.0,0.27,2.017143
2026-02-13T20:00:00,2026-02-13T21:00:00,DK1,100.0,100.0,4.02,30.033018,100.0,100.0,0.27,2.017143
2026-02-13T19:00:00,2026-02-13T20:00:00,DK1,100.0,100.0,5.89,44.003601,100.0,100.0,0.27,2.017143
2026-02-13T18:00:00,2026-02-13T19:00:00,DK1,100.0,100.0,5.89,44.003601,100.0,100.0,0.27,2.017143
2026-02-13T17:00:00,2026-02-13T18:00:00,DK1,100.0,100.0,5.89,44.003601,100.0,100.0,0.27,2.017143
2026-02-13T16:00:00,2026-02-13T17:00:00,DK1,100.0,100.0,5.89,44.003601,100.0,100.0,0.27,2.017143
2026-02-13T15:00:00,2026-02-13T16:00:00,DK1,100.0,100.0,6.8,50.80212,100.0,100.0,0.27,2.017143
2026-02-13T14:00:00,2026-02-13T15:00:00,DK1,100.0,100.0,1.21,9.039789,100.0,100.0,0.31,2.315979
2026-02-13T13:00:00,2026-02-13T14:00:00,DK1,100.0,100.0,1.21,9.039789,100.0,100.0,0.31,2.315979
2026-02-13T12:00:00,2026-02-13T13:00:00,DK1,100.0,100.0,4.02,30.033018,100.0,100.0,0.31,2.315979
2026-02-13T11:00:00,2026-02-13T12:00:00,DK1,100.0,100.0,4.02,30.033018,100.0,100.0,0.31,2.315979
2026-02-13T10:00:00,2026-02-13T11:00:00,DK1,100.0,100.0,5.62,41.986458,100.0,100.0,0.31,2.315979
2026-02-13T09:00:00,2026-02-13T10:00:00,DK1,100.0,100.0,5.62,41.986458,100.0,100.0,0.31,2.315979
2026-02-13T08:00:00,2026-02-13T09:00:00,DK1,100.0,100.0,1.21,9.039789,100.0,100.0,0.31,2.315979
2026-02-13T07:00:00,2026-02-13T08:00:00,DK1,100.0,100.0,1.21,9.039789,100.0,100.0,0.4,2.98836
2026-02-13T06:00:00,2026-02-13T07:00:00,DK1,100.0,100.0,1.21,9.039789,100.0,100.0,0.4,2.98836
2026-02-13T05:00:00,2026-02-13T06:00:00,DK1,100.0,100.0,1.21,9.039789,100.0,100.0,0.4,2.98836
2026-02-13T04:00:00,2026-02-13T05:00:00,DK1,100.0,100.0,1.21,9.039789,100.0,100.0,1.21,9.039789
2026-02-13T03:00:00,2026-02-13T04:00:00,DK1,100.0,100.0,0.54,4.034286,100.0,100.0,1.34,10.011006
2026-02-13T02:00:00,2026-02-13T03:00:00,DK1,100.0,100.0,0.35,2.614815,100.0,100.0,1.34,10.011006
2026-02-13T01:00:00,2026-02-13T02:00:00,DK1,100.0,100.0,0.35,2.614815,100.0,100.0,1.34,10.011006
2026-02-13T00:00:00,2026-02-13T01:00:00,DK1,100.0,100.0,0.35,2.614815,100.0,100.0,1.34,10.011006
2026-02-12T23:00:00,2026-02-13T00:00:00,DK1,100.0,100.0,0.35,2.614815,100.0,100.0,0.4,2.98836
2026-02-12T22:00:00,2026-02-12T23:00:00,DK1,100.0,100.0,0.67,5.005704,100.0,100.0,0.4,2.98848
2026-02-12T21:00:00,2026-02-12T22:00:00,DK1,100.0,100.0,1.21,9.040152,100.0,100.0,0.4,2.98848
2026-02-12T20:00:00,2026-02-12T21:00:00,DK1,100.0,100.0,1.21,9.040152,100.0,100.0,0.4,2.98848
2026-02-12T19:00:00,2026-02-12T20:00:00,DK1,100.0,100.0,3.35,25.02852,100.0,100.0,0.4,2.98848
2026-02-12T18:00:00,2026-02-12T19:00:00,DK1,100.0,100.0,15.4,115.05648,100.0,100.0,0.4,2.98848
2026-02-12T17:00:00,2026-02-12T18:00:00,DK1,100.0,100.0,28.24,210.986688,100.0,100.0,0.4,2.98848
2026-02-12T16:00:00,2026-02-12T17:00:00,DK1,100.0,100.0,25.16,187.975392,100.0,100.0,0.4,2.98848
2026-02-12T15:00:00,2026-02-12T16:00:00,DK1,100.0,100.0,10.0,74.712,100.0,100.0,0.4,2.98848
2026-02-12T14:00:00,2026-02-12T15:00:00,DK1,100.0,100.0,1.21,9.040152,100.0,100.0,0.4,2.98848
2026-02-12T13:00:00,2026-02-12T14:00:00,DK1,100.0,100.0,3.35,25.02852,100.0,100.0,0.4,2.98848
2026-02-12T12:00:00,2026-02-12T13:00:00,DK1,100.0,100.0,4.02,30.034224,100.0,100.0,0.27,2.017224
2026-02-12T11:00:00,2026-02-12T12:00:00,DK1,100.0,100.0,4.02,30.034224,100.0,100.0,0.27,2.017224
2026-02-12T10:00:00,2026-02-12T11:00:00,DK1,100.0,100.0,7.36,54.988032,100.0,100.0,0.27,2.017224
2026-02-12T09:00:00,2026-02-12T10:00:00,DK1,100.0,100.0,7.36,54.988032,100.0,100.0,0.27,2.017224
2026-02-12T08:00:00,2026-02-12T09:00:00,DK1,100.0,100.0,1.21,9.040152,100.0,100.0,0.27,2.017224
2026-02-12T07:00:00,2026-02-12T08:00:00,DK1,100.0,100.0,1.21,9.040152,100.0,100.0,0.27,2.017224
2026-02-12T06:00:00,2026-02-12T07:00:00,DK1,100.0,100.0,1.21,9.040152,100.0,100.0,0.27,2.017224
2026-02-12T05:00:00,2026-02-12T06:00:00,DK1,100.0,100.0,0.67,5.005704,100.0,100.0,0.4,2.98848
2026-02-12T04:00:00,2026-02-12T05:00:00,DK1,100.0,100.0,0.67,5.005704,100.0,100.0,0.41,3.063192
2026-02-12T03:00:00,2026-02-12T04:00:00,DK1,100.0,100.0,0.67,5.005704,100.0,100.0,0.4,2.98848
2026-02-12T02:00:00,2026-02-12T03:00:00,DK1,100.0,100.0,0.44,3.287328,100.0,100.0,0.4,2.98848
2026-02-12T01:00:00,2026-02-12T02:00:00,DK1,100.0,100.0,0.44,3.287328,100.0,100.0,0.4,2.98848
2026-02-12T00:00:00,2026-02-12T01:00:00,DK1,100.0,100.0,0.44,3.287328,100.0,100.0,0.27,2.017224
2026-02-11T23:00:00,2026-02-12T00:00:00,DK1,100.0,100.0,0.44,3.287328,100.0,100.0,0.27,2.017224
2026-02-11T22:00:00,2026-02-11T23:00:00,DK1,100.0,100.0,1.21,9.038458,100.0,100.0,0.4,2.98792
2026-02-11T21:00:00,2026-02-11T22:00:00,DK1,100.0,100.0,6.69,49.972962,100.0,100.0,0.4,2.98792
2026-02-11T20:00:00,2026-02-11T21:00:00,DK1,100.0,100.0,6.69,49.972962,100.0,100.0,0.34,2.539732
2026-02-11T19:00:00,2026-02-11T20:00:00,DK1,100.0,100.0,51.0,380.9598,100.0,100.0,0.34,2.539732
2026-02-11T18:00:00,2026-02-11T19:00:00,DK1,100.0,100.0,60.91,454.985518,100.0,100.0,0.34,2.539732
2026-02-11T17:00:00,2026-02-11T18:00:00,DK1,100.0,100.0,33.74,252.031052,100.0,100.0,0.34,2.539732
2026-02-11T16:00:00,2026-02-11T17:00:00,DK1,100.0,100.0,33.74,252.031052,100.0,100.0,0.34,2.539732
2026-02-11T15:00:00,2026-02-11T16:00:00,DK1,100.0,100.0,33.6,250.98528,100.0,100.0,0.27,2.016846
2026-02-11T14:00:00,2026-02-11T15:00:00,DK1,100.0,100.0,16.2,121.01076,100.0,100.0,0.27,2.016846
2026-02-11T13:00:00,2026-02-11T14:00:00,DK1,100.0,100.0,12.98,96.958004,100.0,100.0,0.27,2.016846
2026-02-11T12:00:00,2026-02-11T13:00:00,DK1,100.0,100.0,12.98,96.958004,100.0,100.0,0.27,2.016846
2026-02-11T11:00:00,2026-02-11T12:00:00,DK1,100.0,100.0,12.98,96.958004,100.0,100.0,0.27,2.016846
2026-02-11T10:00:00,2026-02-11T11:00:00,DK1,100.0,100.0,28.24,210.947152,100.0,100.0,0.27,2.016846
2026-02-11T09:00:00,2026-02-11T10:00:00,DK1,100.0,100.0,10.0,74.698,100.0,100.0,0.27,2.016846
2026-02-11T08:00:00,2026-02-11T09:00:00,DK1,100.0,100.0,6.69,49.972962,100.0,100.0,0.27,2.016846
2026-02-11T07:00:00,2026-02-11T08:00:00,DK1,100.0,100.0,20.08,149.993584,100.0,100.0,0.27,2.016846
2026-02-11T06:00:00,2026-02-11T07:00:00,DK1,100.0,100.0,19.81,147.976738,100.0,100.0,0.27,2.016846
2026-02-11T05:00:00,2026-02-11T06:00:00,DK1,100.0,100.0,1.21,9.038458,100.0,100.0,0.27,2.016846
2026-02-11T04:00:00,2026-02-11T05:00:00,DK1,100.0,100.0,1.21,9.038458,100.0,100.0,0.27,2.016846
2026-02-11T03:00:00,2026-02-11T04:00:00,DK1,100.0,100.0,1.21,9.038458,100.0,100.0,0.4,2.98792
2026-02-11T02:00:00,2026-02-11T03:00:00,DK1,100.0,100.0,0.67,5.004766,100.0,100.0,0.4,2.98792
2026-02-11T01:00:00,2026-02-11T02:00:00,DK1,100.0,100.0,0.67,5.004766,100.0,100.0,0.4,2.98792
2026-02-11T00:00:00,2026-02-11T01:00:00,DK1,100.0,100.0,0.67,5.004766,100.0,100.0,0.34,2.539732
2026-02-10T23:00:00,2026-02-11T00:00:00,DK1,100.0,100.0,0.67,5.004766,100.0,100.0,0.34,2.539732
2026-02-10T22:00:00,2026-02-10T23:00:00,DK1,100.0,100.0,1.21,9.040515,100.0,100.0,0.4,2.9886
2026-02-10T21:00:00,2026-02-10T22:00:00,DK1,100.0,100.0,1.21,9.040515,100.0,100.0,0.4,2.9886
2026-02-10T20:00:00,2026-02-10T21:00:00,DK1,100.0,100.0,46.6,348.1719,100.0,100.0,0.4,2.9886
2026-02-10T19:00:00,2026-02-10T20:00:00,DK1,100.0,100.0,46.87,350.189205,100.0,100.0,0.5,3.73575
2026-02-10T18:00:00,2026-02-10T19:00:00,DK1,100.0,100.0,63.07,471.227505,100.0,100.0,0.5,3.73575
2026-02-10T17:00:00,2026-02-10T18:00:00,DK1,100.0,100.0,40.17,300.130155,100.0,100.0,0.5,3.73575
2026-02-10T16:00:00,2026-02-10T17:00:00,DK1,100.0,100.0,35.62,266.13483,100.0,100.0,0.5,3.73575
2026-02-10T15:00:00,2026-02-10T16:00:00,DK1,100.0,100.0,33.75,252.163125,100.0,100.0,0.4,2.9886
2026-02-10T14:00:00,2026-02-10T15:00:00,DK1,100.0,100.0,11.78,88.01427,100.0,100.0,0.8,5.9772
2026-02-10T13:00:00,2026-02-10T14:00:00,DK1,100.0,100.0,13.39,100.043385,100.0,100.0,0.8,5.9772
2026-02-10T12:00:00,2026-02-10T13:00:00,DK1,100.0,100.0,33.48,250.14582,100.0,100.0,0.31,2.316165
2026-02-10T11:00:00,2026-02-10T12:00:00,DK1,100.0,100.0,33.61,251.117115,100.0,100.0,0.31,2.316165
2026-02-10T10:00:00,2026-02-10T11:00:00,DK1,100.0,100.0,33.88,253.13442,100.0,100.0,0.31,2.316165
2026-02-10T09:00:00,2026-02-10T10:00:00,DK1,100.0,100.0,33.75,252.163125,100.0,100.0,0.27,2.017305
2026-02-10T08:00:00,2026-02-10T09:00:00,DK1,100.0,100.0,33.61,251.117115,100.0,100.0,0.27,2.017305
2026-02-10T07:00:00,2026-02-10T08:00:00,DK1,100.0,100.0,40.17,300.130155,100.0,100.0,0.31,2.316165
2026-02-10T06:00:00,2026-02-10T07:00:00,DK1,100.0,100.0,37.09,277.117935,100.0,100.0,0.31,2.316165
2026-02-10T05:00:00,2026-02-10T06:00:00,DK1,100.0,100.0,13.39,100.043385,100.0,100.0,0.27,2.017305
2026-02-10T04:00:00,2026-02-10T05:00:00,DK1,100.0,100.0,10.0,74.715,100.0,100.0,0.5,3.73575
2026-02-10T03:00:00,2026-02-10T04:00:00,DK1,100.0,100.0,4.02,30.03543,100.0,100.0,0.4,2.9886
2026-02-10T02:00:00,2026-02-10T03:00:00,DK1,100.0,100.0,0.54,4.03461,100.0,100.0,0.4,2.9886
2026-02-10T01:00:00,2026-02-10T02:00:00,DK1,100.0,100.0,0.67,5.005905,100.0,100.0,0.4,2.9886
2026-02-10T00:00:00,2026-02-10T01:00:00,DK1,100.0,100.0,0.54,4.03461,100.0,100.0,0.4,2.9886
2026-02-09T23:00:00,2026-02-10T00:00:00,DK1,100.0,100.0,0.54,4.03461,100.0,100.0,0.4,2.9886
2026-02-09T22:00:00,2026-02-09T23:00:00,DK1,100.0,100.0,1.21,9.037732,100.0,100.0,0.38,2.838296
2026-02-09T21:00:00,2026-02-09T22:00:00,DK1,100.0,100.0,5.62,41.976904,100.0,100.0,0.38,2.838296
2026-02-09T20:00:00,2026-02-09T21:00:00,DK1,100.0,100.0,20.09,150.056228,100.0,100.0,0.27,2.016684
2026-02-09T19:00:00,2026-02-09T20:00:00,DK1,100.0,100.0,38.84,290.103728,100.0,100.0,0.27,2.016684
2026-02-09T18:00:00,2026-02-09T19:00:00,DK1,100.0,100.0,53.57,400.125044,100.0,100.0,0.27,2.016684
2026-02-09T17:00:00,2026-02-09T18:00:00,DK1,100.0,100.0,61.6,460.10272,100.0,100.0,0.27,2.016684
2026-02-09T16:00:00,2026-02-09T17:00:00,DK1,100.0,100.0,87.05,650.19386,100.0,100.0,0.27,2.016684
2026-02-09T15:00:00,2026-02-09T16:00:00,DK1,100.0,100.0,23.7,177.02004,100.0,100.0,0.4,2.98768
2026-02-09T14:00:00,2026-02-09T15:00:00,DK1,100.0,100.0,6.4,47.80288,100.0,100.0,0.4,2.98768
2026-02-09T13:00:00,2026-02-09T14:00:00,DK1,100.0,100.0,15.4,115.02568,100.0,100.0,0.4,2.98768
2026-02-09T12:00:00,2026-02-09T13:00:00,DK1,100.0,100.0,26.78,200.025176,100.0,100.0,0.4,2.98768
2026-02-09T11:00:00,2026-02-09T12:00:00,DK1,100.0,100.0,13.39,100.012588,100.0,100.0,0.4,2.98768
2026-02-09T10:00:00,2026-02-09T11:00:00,DK1,100.0,100.0,10.0,74.692,100.0,100.0,0.4,2.98768
2026-02-09T09:00:00,2026-02-09T10:00:00,DK1,100.0,100.0,10.0,74.692,100.0,100.0,0.4,2.98768
2026-02-09T08:00:00,2026-02-09T09:00:00,DK1,100.0,100.0,20.08,149.981536,100.0,100.0,0.34,2.539528
2026-02-09T07:00:00,2026-02-09T08:00:00,DK1,100.0,100.0,10.0,74.692,100.0,100.0,0.34,2.539528
2026-02-09T06:00:00,2026-02-09T07:00:00,DK1,100.0,100.0,20.08,149.981536,100.0,100.0,0.4,2.98768
2026-02-09T05:00:00,2026-02-09T06:00:00,DK1,100.0,100.0,5.62,41.976904,100.0,100.0,0.4,2.98768
2026-02-09T04:00:00,2026-02-09T05:00:00,DK1,100.0,100.0,1.21,9.037732,100.0,100.0,0.8,5.97536
2026-02-09T03:00:00,2026-02-09T04:00:00,DK1,100.0,100.0,1.21,9.037732,100.0,100.0,0.8,5.97536
2026-02-09T02:00:00,2026-02-09T03:00:00,DK1,100.0,100.0,0.67,5.004364,100.0,100.0,0.67,5.004364
2026-02-09T01:00:00,2026-02-09T02:00:00,DK1,100.0,100.0,0.67,5.004364,100.0,100.0,0.67,5.004364
2026-02-09T00:00:00,2026-02-09T01:00:00,DK1,100.0,100.0,0.67,5.004364,100.0,100.0,0.67,5.004364
2026-02-08T23:00:00,2026-02-09T00:00:00,DK1,100.0,100.0,0.67,5.004364,100.0,100.0,0.67,5.004364
2026-02-08T22:00:00,2026-02-08T23:00:00,DK1,100.0,100.0,1.21,9.035312,100.0,100.0,0.67,5.003024
2026-02-08T21:00:00,2026-02-08T22:00:00,DK1,100.0,100.0,8.03,59.961616,100.0,100.0,0.67,5.003024
2026-02-08T20:00:00,2026-02-08T21:00:00,DK1,100.0,100.0,10.0,74.672,100.0,100.0,0.27,2.016144
2026-02-08T19:00:00,2026-02-08T20:00:00,DK1,100.0,100.0,10.0,74.672,100.0,100.0,0.54,4.032288
2026-02-08T18:00:00,2026-02-08T19:00:00,DK1,100.0,100.0,10.0,74.672,100.0,100.0,0.39,2.912208
2026-02-08T17:00:00,2026-02-08T18:00:00,DK1,100.0,100.0,10.0,74.672,100.0,100.0,0.39,2.912208
2026-02-08T16:00:00,2026-02-08T17:00:00,DK1,100.0,100.0,10.0,74.672,100.0,100.0,0.39,2.912208
2026-02-08T15:00:00,2026-02-08T16:00:00,DK1,100.0,100.0,8.03,59.961616,100.0,100.0,0.4,2.98688
2026-02-08T14:00:00,2026-02-08T15:00:00,DK1,100.0,100.0,8.03,59.961616,100.0,100.0,0.67,5.003024
2026-02-08T13:00:00,2026-02-08T14:00:00,DK1,100.0,100.0,5.62,41.965664,100.0,100.0,0.67,5.003024
2026-02-08T12:00:00,2026-02-08T13:00:00,DK1,100.0,100.0,5.62,41.965664,100.0,100.0,0.67,5.003024
2026-02-08T11:00:00,2026-02-08T12:00:00,DK1,100.0,100.0,5.89,43.981808,100.0,100.0,0.67,5.003024
2026-02-08T10:00:00,2026-02-08T11:00:00,DK1,100.0,100.0,5.76,43.011072,100.0,100.0,0.67,5.003024
2026-02-08T09:00:00,2026-02-08T10:00:00,DK1,100.0,100.0,5.76,43.011072,100.0,100.0,0.4,2.98688
2026-02-08T08:00:00,2026-02-08T09:00:00,DK1,100.0,100.0,8.03,59.961616,100.0,100.0,0.4,2.98688
2026-02-08T07:00:00,2026-02-08T08:00:00,DK1,100.0,100.0,3.35,25.01512,100.0,100.0,0.67,5.003024
2026-02-08T06:00:00,2026-02-08T07:00:00,DK1,100.0,100.0,3.35,25.01512,100.0,100.0,0.67,5.003024
2026-02-08T05:00:00,2026-02-08T06:00:00,DK1,100.0,100.0,1.21,9.035312,100.0,100.0,0.67,5.003024
2026-02-08T04:00:00,2026-02-08T05:00:00,DK1,100.0,100.0,1.21,9.035312,100.0,100.0,0.8,5.97376
2026-02-08T03:00:00,2026-02-08T04:00:00,DK1,100.0,100.0,0.54,4.032288,100.0,100.0,0.8,5.97376
2026-02-08T02:00:00,2026-02-08T03:00:00,DK1,100.0,100.0,0.67,5.003024,100.0,100.0,0.8,5.97376
2026-02-08T01:00:00,2026-02-08T02:00:00,DK1,100.0,100.0,0.67,5.003024,100.0,100.0,0.8,5.97376
2026-02-08T00:00:00,2026-02-08T01:00:00,DK1,100.0,100.0,0.54,4.032288,100.0,100.0,0.8,5.97376
2026-02-07T23:00:00,2026-02-08T00:00:00,DK1,100.0,100.0,1.21,9.035312,100.0,100.0,0.8,5.97376
2026-02-07T22:00:00,2026-02-07T23:00:00,DK1,100.0,100.0,1.21,9.035312,100.0,100.0,0.8,5.97376
2026-02-07T21:00:00,2026-02-07T22:00:00,DK1,100.0,100.0,6.7,50.03024,100.0,100.0,0.4,2.98688
2026-02-07T20:00:00,2026-02-07T21:00:00,DK1,100.0,100.0,34.82,260.007904,100.0,100.0,0.28,2.090816
2026-02-07T19:00:00,2026-02-07T20:00:00,DK1,100.0,100.0,38.84,290.026048,100.0,100.0,0.27,2.016144
2026-02-07T18:00:00,2026-02-07T19:00:00,DK1,100.0,100.0,62.62,467.596064,100.0,100.0,0.27,2.016144
2026-02-07T17:00:00,2026-02-07T18:00:00,DK1,100.0,100.0,63.37,473.196464,100.0,100.0,0.54,4.032288
2026-02-07T16:00:00,2026-02-07T17:00:00,DK1,100.0,100.0,57.28,427.721216,100.0,100.0,0.28,2.090816
2026-02-07T15:00:00,2026-02-07T16:00:00,DK1,100.0,100.0,5.63,42.040336,100.0,100.0,0.4,2.98688
2026-02-07T14:00:00,2026-02-07T15:00:00,DK1,100.0,100.0,1.21,9.035312,100.0,100.0,0.67,5.003024
2026-02-07T13:00:00,2026-02-07T14:00:00,DK1,100.0,100.0,1.21,9.035312,100.0,100.0,0.67,5.003024
2026-02-07T12:00:00,2026-02-07T13:00:00,DK1,100.0,100.0,3.35,25.01512,100.0,100.0,0.67,5.003024
2026-02-07T11:00:00,2026-02-07T12:00:00,DK1,100.0,100.0,1.21,9.035312,100.0,100.0,0.67,5.003024
2026-02-07T10:00:00,2026-02-07T11:00:00,DK1,100.0,100.0,1.21,9.035312,100.0,100.0,0.4,2.98688
2026-02-07T09:00:00,2026-02-07T10:00:00,DK1,100.0,100.0,1.21,9.035312,100.0,100.0,0.4,2.98688
2026-02-07T08:00:00,2026-02-07T09:00:00,DK1,100.0,100.0,1.21,9.035312,100.0,100.0,0.4,2.98688
2026-02-07T07:00:00,2026-02-07T08:00:00,DK1,100.0,100.0,1.21,9.035312,100.0,100.0,0.4,2.98688
2026-02-07T06:00:00,2026-02-07T07:00:00,DK1,100.0,100.0,1.21,9.035312,100.0,100.0,0.43,3.210896
2026-02-07T05:00:00,2026-02-07T06:00:00,DK1,100.0,100.0,1.21,9.035312,100.0,100.0,0.8,5.97376
2026-02-07T04:00:00,2026-02-07T05:00:00,DK1,100.0,100.0,1.21,9.035312,100.0,100.0,1.07,7.989904
2026-02-07T03:00:00,2026-02-07T04:00:00,DK1,100.0,100.0,0.54,4.032288,100.0,100.0,0.8,5.97376
2026-02-07T02:00:00,2026-02-07T03:00:00,DK1,100.0,100.0,0.31,2.314832,100.0,100.0,0.8,5.97376
2026-02-07T01:00:00,2026-02-07T02:00:00,DK1,100.0,100.0,0.67,5.003024,100.0,100.0,0.8,5.97376
2026-02-07T00:00:00,2026-02-07T01:00:00,DK1,100.0,100.0,0.67,5.003024,100.0,100.0,0.8,5.97376
2026-02-06T23:00:00,2026-02-07T00:00:00,DK1,100.0,100.0,0.54,4.032288,100.0,100.0,0.4,2.98688
2026-02-06T22:00:00,2026-02-06T23:00:00,DK1,100.0,100.0,0.67,5.003024,100.0,100.0,0.54,4.032288
2026-02-06T21:00:00,2026-02-06T22:00:00,DK1,100.0,100.0,1.21,9.035312,100.0,100.0,0.54,4.032288
2026-02-06T20:00:00,2026-02-06T21:00:00,DK1,100.0,100.0,3.35,25.01512,100.0,100.0,0.4,2.98688
2026-02-06T19:00:00,2026-02-06T20:00:00,DK1,100.0,100.0,10.04,74.970688,100.0,100.0,0.4,2.98688
2026-02-06T18:00:00,2026-02-06T19:00:00,DK1,100.0,100.0,10.04,74.970688,100.0,100.0,0.27,2.016144
2026-02-06T17:00:00,2026-02-06T18:00:00,DK1,100.0,100.0,15.4,114.99488,100.0,100.0,0.27,2.016144
2026-02-06T16:00:00,2026-02-06T17:00:00,DK1,100.0,100.0,15.4,114.99488,100.0,100.0,0.27,2.016144
2026-02-06T15:00:00,2026-02-06T16:00:00,DK1,100.0,100.0,10.31,76.986832,100.0,100.0,0.4,2.98688
2026-02-06T14:00:00,2026-02-06T15:00:00,DK1,100.0,100.0,5.76,43.011072,100.0,100.0,0.4,2.98688
2026-02-06T13:00:00,2026-02-06T14:00:00,DK1,100.0,100.0,5.76,43.011072,100.0,100.0,0.4,2.98688
2026-02-06T12:00:00,2026-02-06T13:00:00,DK1,100.0,100.0,10.04,74.970688,100.0,100.0,0.4,2.98688
2026-02-06T11:00:00,2026-02-06T12:00:00,DK1,100.0,100.0,9.38,70.042336,100.0,100.0,0.4,2.98688
2026-02-06T10:00:00,2026-02-06T11:00:00,DK1,100.0,100.0,10.0,74.672,100.0,100.0,0.4,2.98688
2026-02-06T09:00:00,2026-02-06T10:00:00,DK1,100.0,100.0,15.4,114.99488,100.0,100.0,0.4,2.98688
2026-02-06T08:00:00,2026-02-06T09:00:00,DK1,100.0,100.0,6.7,50.03024,100.0,100.0,0.4,2.98688
2026-02-06T07:00:00,2026-02-06T08:00:00,DK1,100.0,100.0,5.76,43.011072,100.0,100.0,0.4,2.98688
2026-02-06T06:00:00,2026-02-06T07:00:00,DK1,100.0,100.0,5.76,43.011072,100.0,100.0,0.4,2.98688
2026-02-06T05:00:00,2026-02-06T06:00:00,DK1,100.0,100.0,1.21,9.035312,100.0,100.0,0.67,5.003024
2026-02-06T04:00:00,2026-02-06T05:00:00,DK1,100.0,100.0,1.21,9.035312,100.0,100.0,0.67,5.003024
2026-02-06T03:00:00,2026-02-06T04:00:00,DK1,100.0,100.0,0.67,5.003024,100.0,100.0,0.67,5.003024
2026-02-06T02:00:00,2026-02-06T03:00:00,DK1,100.0,100.0,0.31,2.314832,100.0,100.0,0.67,5.003024
2026-02-06T01:00:00,2026-02-06T02:00:00,DK1,100.0,100.0,0.31,2.314832,100.0,100.0,0.67,5.003024
2026-02-06T00:00:00,2026-02-06T01:00:00,DK1,100.0,100.0,0.31,2.314832,100.0,100.0,0.67,5.003024
2026-02-05T23:00:00,2026-02-06T00:00:00,DK1,100.0,100.0,0.31,2.314832,100.0,100.0,0.67,5.003024
2026-02-05T22:00:00,2026-02-05T23:00:00,DK1,100.0,100.0,0.67,5.002354,100.0,100.0,1.21,9.034102
2026-02-05T21:00:00,2026-02-05T22:00:00,DK1,100.0,100.0,1.21,9.034102,100.0,100.0,1.21,9.034102
2026-02-05T20:00:00,2026-02-05T21:00:00,DK1,100.0,100.0,9.13,68.166406,100.0,100.0,0.8,5.97296
2026-02-05T19:00:00,2026-02-05T20:00:00,DK1,100.0,100.0,14.05,104.90011,100.0,100.0,0.4,2.98648
2026-02-05T18:00:00,2026-02-05T19:00:00,DK1,100.0,100.0,20.08,149.921296,100.0,100.0,0.4,2.98648
2026-02-05T17:00:00,2026-02-05T18:00:00,DK1,100.0,100.0,20.08,149.921296,100.0,100.0,0.4,2.98648
2026-02-05T16:00:00,2026-02-05T17:00:00,DK1,100.0,100.0,20.08,149.921296,100.0,100.0,0.4,2.98648
2026-02-05T15:00:00,2026-02-05T16:00:00,DK1,100.0,100.0,10.0,74.662,100.0,100.0,0.42,3.135804
2026-02-05T14:00:00,2026-02-05T15:00:00,DK1,100.0,100.0,9.24,68.987688,100.0,100.0,0.54,4.031748
2026-02-05T13:00:00,2026-02-05T14:00:00,DK1,100.0,100.0,3.35,25.01177,100.0,100.0,0.67,5.002354
2026-02-05T12:00:00,2026-02-05T13:00:00,DK1,100.0,100.0,1.34,10.004708,100.0,100.0,0.67,5.002354
2026-02-05T11:00:00,2026-02-05T12:00:00,DK1,100.0,100.0,1.21,9.034102,100.0,100.0,0.67,5.002354
2026-02-05T10:00:00,2026-02-05T11:00:00,DK1,100.0,100.0,10.0,74.662,100.0,100.0,0.67,5.002354
2026-02-05T09:00:00,2026-02-05T10:00:00,DK1,100.0,100.0,10.0,74.662,100.0,100.0,0.67,5.002354
2026-02-05T08:00:00,2026-02-05T09:00:00,DK1,100.0,100.0,8.03,59.953586,100.0,100.0,0.42,3.135804
2026-02-05T07:00:00,2026-02-05T08:00:00,DK1,100.0,100.0,6.69,49.948878,100.0,100.0,0.42,3.135804
2026-02-05T06:00:00,2026-02-05T07:00:00,DK1,100.0,100.0,1.21,9.034102,100.0,100.0,0.67,5.002354
2026-02-05T05:00:00,2026-02-05T06:00:00,DK1,100.0,100.0,0.67,5.002354,100.0,100.0,1.21,9.034102
2026-02-05T04:00:00,2026-02-05T05:00:00,DK1,100.0,100.0,0.67,5.002354,100.0,100.0,1.21,9.034102
2026-02-05T03:00:00,2026-02-05T04:00:00,DK1,100.0,100.0,0.67,5.002354,100.0,100.0,1.21,9.034102
2026-02-05T02:00:00,2026-02-05T03:00:00,DK1,100.0,100.0,0.31,2.314522,100.0,100.0,1.21,9.034102
2026-02-05T01:00:00,2026-02-05T02:00:00,DK1,100.0,100.0,0.31,2.314522,100.0,100.0,1.21,9.034102
2026-02-05T00:00:00,2026-02-05T01:00:00,DK1,100.0,100.0,0.31,2.314522,100.0,100.0,1.21,9.034102
2026-02-04T23:00:00,2026-02-05T00:00:00,DK1,100.0,100.0,0.27,2.015874,100.0,100.0,1.21,9.034102
2026-02-04T22:00:00,2026-02-04T23:00:00,DK1,100.0,100.0,0.67,5.003091,100.0,100.0,0.54,4.032342
2026-02-04T21:00:00,2026-02-04T22:00:00,DK1,100.0,100.0,1.21,9.035433,100.0,100.0,0.54,4.032342
2026-02-04T20:00:00,2026-02-04T21:00:00,DK1,100.0,100.0,16.3,121.71699,100.0,100.0,0.5,3.73365
2026-02-04T19:00:00,2026-02-04T20:00:00,DK1,100.0,100.0,20.76,155.021148,100.0,100.0,0.27,2.016171
2026-02-04T18:00:00,2026-02-04T19:00:00,DK1,100.0,100.0,13.39,99.987147,100.0,100.0,0.27,2.016171
2026-02-04T17:00:00,2026-02-04T18:00:00,DK1,100.0,100.0,13.39,99.987147,100.0,100.0,0.27,2.016171
2026-02-04T16:00:00,2026-02-04T17:00:00,DK1,100.0,100.0,13.39,99.987147,100.0,100.0,0.27,2.016171
2026-02-04T15:00:00,2026-02-04T16:00:00,DK1,100.0,100.0,20.76,155.021148,100.0,100.0,0.27,2.016171
2026-02-04T14:00:00,2026-02-04T15:00:00,DK1,100.0,100.0,19.28,143.969544,100.0,100.0,0.27,2.016171
2026-02-04T13:00:00,2026-02-04T14:00:00,DK1,100.0,100.0,10.0,74.673,100.0,100.0,0.27,2.016171
2026-02-04T12:00:00,2026-02-04T13:00:00,DK1,100.0,100.0,9.37,69.968601,100.0,100.0,0.41,3.061593
2026-02-04T11:00:00,2026-02-04T12:00:00,DK1,100.0,100.0,9.37,69.968601,100.0,101.0,0.27,2.016171
2026-02-04T10:00:00,2026-02-04T11:00:00,DK1,100.0,100.0,13.25,98.941725,100.0,100.0,0.41,3.061593
2026-02-04T09:00:00,2026-02-04T10:00:00,DK1,100.0,100.0,24.34,181.754082,100.0,100.0,0.41,3.061593
2026-02-04T08:00:00,2026-02-04T09:00:00,DK1,100.0,100.0,29.87,223.048251,100.0,100.0,0.4,2.98692
2026-02-04T07:00:00,2026-02-04T08:00:00,DK1,100.0,100.0,6.69,49.956237,100.0,100.0,0.27,2.016171
2026-02-04T06:00:00,2026-02-04T07:00:00,DK1,100.0,100.0,3.35,25.015455,100.0,100.0,0.27,2.016171
2026-02-04T05:00:00,2026-02-04T06:00:00,DK1,100.0,100.0,1.21,9.035433,100.0,100.0,0.41,3.061593
2026-02-04T04:00:00,2026-02-04T05:00:00,DK1,100.0,100.0,1.21,9.035433,100.0,100.0,0.67,5.003091
2026-02-04T03:00:00,2026-02-04T04:00:00,DK1,100.0,100.0,0.54,4.032342,100.0,100.0,0.67,5.003091
2026-02-04T02:00:00,2026-02-04T03:00:00,DK1,100.0,100.0,0.31,2.314863,100.0,100.0,0.67,5.003091
2026-02-04T01:00:00,2026-02-04T02:00:00,DK1,100.0,100.0,0.31,2.314863,100.0,100.0,0.67,5.003091
2026-02-04T00:00:00,2026-02-04T01:00:00,DK1,100.0,100.0,0.67,5.003091,100.0,100.0,0.67,5.003091
2026-02-03T23:00:00,2026-02-04T00:00:00,DK1,100.0,100.0,0.31,2.314863,100.0,100.0,0.54,4.032342
2026-02-03T22:00:00,2026-02-03T23:00:00,DK1,100.0,100.0,0.67,5.004029,100.0,100.0,0.4,2.98748
2026-02-03T21:00:00,2026-02-03T22:00:00,DK1,100.0,100.0,1.21,9.037127,100.0,100.0,0.4,2.98748
2026-02-03T20:00:00,2026-02-03T21:00:00,DK1,100.0,100.0,6.7,50.04029,100.0,100.0,0.44,3.286228
2026-02-03T19:00:00,2026-02-03T20:00:00,DK1,100.0,100.0,24.94,186.269378,100.0,100.0,0.27,2.016549
2026-02-03T18:00:00,2026-02-03T19:00:00,DK1,100.0,100.0,17.46,130.403502,100.0,100.0,0.44,3.286228
2026-02-03T17:00:00,2026-02-03T18:00:00,DK1,100.0,100.0,13.39,100.005893,100.0,100.0,0.27,2.016549
2026-02-03T16:00:00,2026-02-03T17:00:00,DK1,100.0,100.0,22.52,168.195124,100.0,100.0,0.27,2.016549
2026-02-03T15:00:00,2026-02-03T16:00:00,DK1,100.0,100.0,14.38,107.399906,100.0,100.0,0.4,2.98748
2026-02-03T14:00:00,2026-02-03T15:00:00,DK1,100.0,100.0,9.33,69.682971,100.0,100.0,0.4,2.98748
2026-02-03T13:00:00,2026-02-03T14:00:00,DK1,100.0,100.0,6.62,49.442794,100.0,100.0,0.4,2.98748
2026-02-03T12:00:00,2026-02-03T13:00:00,DK1,100.0,100.0,4.12,30.771044,100.0,100.0,0.4,2.98748
2026-02-03T11:00:00,2026-02-03T12:00:00,DK1,100.0,100.0,3.73,27.858251,100.0,100.0,0.4,2.98748
2026-02-03T10:00:00,2026-02-03T11:00:00,DK1,100.0,100.0,6.27,46.828749,100.0,100.0,0.4,2.98748
2026-02-03T09:00:00,2026-02-03T10:00:00,DK1,100.0,100.0,20.77,155.124899,100.0,100.0,0.4,2.98748
2026-02-03T08:00:00,2026-02-03T09:00:00,DK1,100.0,100.0,10.0,74.687,100.0,100.0,0.4,2.98748
2026-02-03T07:00:00,2026-02-03T08:00:00,DK1,100.0,100.0,6.7,50.04029,100.0,100.0,0.4,2.98748
2026-02-03T06:00:00,2026-02-03T07:00:00,DK1,100.0,100.0,3.35,25.020145,100.0,100.0,0.4,2.98748
2026-02-03T05:00:00,2026-02-03T06:00:00,DK1,100.0,100.0,0.67,5.004029,100.0,100.0,0.4,2.98748
2026-02-03T04:00:00,2026-02-03T05:00:00,DK1,100.0,100.0,0.67,5.004029,100.0,100.0,0.67,5.004029
2026-02-03T03:00:00,2026-02-03T04:00:00,DK1,100.0,100.0,0.31,2.315297,100.0,100.0,0.67,5.004029
2026-02-03T02:00:00,2026-02-03T03:00:00,DK1,100.0,100.0,0.54,4.033098,100.0,100.0,0.67,5.004029
2026-02-03T01:00:00,2026-02-03T02:00:00,DK1,100.0,100.0,0.31,2.315297,100.0,100.0,0.67,5.004029
2026-02-03T00:00:00,2026-02-03T01:00:00,DK1,100.0,100.0,0.31,2.315297,100.0,100.0,0.67,5.004029
2026-02-02T23:00:00,2026-02-03T00:00:00,DK1,100.0,100.0,0.67,5.004029,100.0,100.0,0.67,5.004029
2026-02-02T22:00:00,2026-02-02T23:00:00,DK1,100.0,100.0,0.67,5.004297,100.0,100.0,0.67,5.004297
2026-02-02T21:00:00,2026-02-02T22:00:00,DK1,100.0,100.0,1.21,9.037611,100.0,100.0,0.67,5.004297
2026-02-02T20:00:00,2026-02-02T21:00:00,DK1,100.0,100.0,8.11,60.574401,100.0,100.0,0.4,2.98764
2026-02-02T19:00:00,2026-02-02T20:00:00,DK1,100.0,100.0,6.7,50.04297,100.0,100.0,0.4,2.98764
2026-02-02T18:00:00,2026-02-02T19:00:00,DK1,100.0,100.0,17.62,131.605542,100.0,100.0,0.4,2.98764
2026-02-02T17:00:00,2026-02-02T18:00:00,DK1,100.0,100.0,13.32,99.488412,100.0,100.0,0.4,2.98764
2026-02-02T16:00:00,2026-02-02T17:00:00,DK1,100.0,100.0,13.32,99.488412,100.0,100.0,0.4,2.98764
2026-02-02T15:00:00,2026-02-02T16:00:00,DK1,100.0,100.0,10.0,74.691,100.0,100.0,0.54,4.033314
2026-02-02T14:00:00,2026-02-02T15:00:00,DK1,100.0,100.0,10.0,74.691,100.0,100.0,0.67,5.004297
2026-02-02T13:00:00,2026-02-02T14:00:00,DK1,100.0,100.0,1.21,9.037611,100.0,100.0,0.67,5.004297
2026-02-02T12:00:00,2026-02-02T13:00:00,DK1,100.0,100.0,3.35,25.021485,100.0,100.0,0.67,5.004297
2026-02-02T11:00:00,2026-02-02T12:00:00,DK1,100.0,100.0,1.21,9.037611,100.0,100.0,0.67,5.004297
2026-02-02T10:00:00,2026-02-02T11:00:00,DK1,100.0,100.0,10.0,74.691,100.0,100.0,0.34,2.539494
2026-02-02T09:00:00,2026-02-02T10:00:00,DK1,100.0,100.0,13.26,99.040266,100.0,100.0,0.34,2.539494
2026-02-02T08:00:00,2026-02-02T09:00:00,DK1,100.0,100.0,13.26,99.040266,100.0,100.0,0.27,2.016657
2026-02-02T07:00:00,2026-02-02T08:00:00,DK1,100.0,100.0,6.7,50.04297,100.0,100.0,0.4,2.98764
2026-02-02T06:00:00,2026-02-02T07:00:00,DK1,100.0,100.0,3.35,25.021485,100.0,100.0,0.54,4.033314
2026-02-02T05:00:00,2026-02-02T06:00:00,DK1,100.0,100.0,1.21,9.037611,100.0,100.0,3.0,22.4073
2026-02-02T04:00:00,2026-02-02T05:00:00,DK1,100.0,100.0,1.21,9.037611,100.0,100.0,1.21,9.037611
2026-02-02T03:00:00,2026-02-02T04:00:00,DK1,100.0,100.0,0.67,5.004297,100.0,100.0,1.21,9.037611
2026-02-02T02:00:00,2026-02-02T03:00:00,DK1,100.0,100.0,0.31,2.315421,100.0,100.0,1.21,9.037611
2026-02-02T01:00:00,2026-02-02T02:00:00,DK1,100.0,100.0,0.31,2.315421,100.0,100.0,1.21,9.037611
2026-02-02T00:00:00,2026-02-02T01:00:00,DK1,100.0,100.0,0.31,2.315421,100.0,100.0,1.21,9.037611
2026-02-01T23:00:00,2026-02-02T00:00:00,DK1,100.0,100.0,0.31,2.315421,100.0,100.0,1.21,9.037611
2026-02-01T22:00:00,2026-02-01T23:00:00,DK1,100.0,100.0,0.67,5.003158,100.0,100.0,0.8,5.97392
2026-02-01T21:00:00,2026-02-01T22:00:00,DK1,100.0,100.0,1.21,9.035554,100.0,100.0,0.8,5.97392
2026-02-01T20:00:00,2026-02-01T21:00:00,DK1,100.0,100.0,13.26,99.017724,100.0,100.0,0.67,5.003158
2026-02-01T19:00:00,2026-02-01T20:00:00,DK1,100.0,100.0,13.26,99.017724,100.0,100.0,0.67,5.003158
2026-02-01T18:00:00,2026-02-01T19:00:00,DK1,100.0,100.0,13.66,102.004684,100.0,100.0,0.67,5.003158
2026-02-01T17:00:00,2026-02-01T18:00:00,DK1,100.0,100.0,13.26,99.017724,100.0,100.0,0.67,5.003158
2026-02-01T16:00:00,2026-02-01T17:00:00,DK1,100.0,100.0,13.26,99.017724,100.0,100.0,0.67,5.003158
2026-02-01T15:00:00,2026-02-01T16:00:00,DK1,100.0,100.0,9.89,73.852586,100.0,100.0,0.8,5.97392
2026-02-01T14:00:00,2026-02-01T15:00:00,DK1,100.0,100.0,1.21,9.035554,100.0,100.0,0.8,5.97392
2026-02-01T13:00:00,2026-02-01T14:00:00,DK1,100.0,100.0,1.21,9.035554,100.0,100.0,0.67,5.003158
2026-02-01T12:00:00,2026-02-01T13:00:00,DK1,100.0,100.0,1.21,9.035554,100.0,100.0,0.67,5.003158
2026-02-01T11:00:00,2026-02-01T12:00:00,DK1,100.0,100.0,1.21,9.035554,100.0,100.0,0.67,5.003158
2026-02-01T10:00:00,2026-02-01T11:00:00,DK1,100.0,100.0,1.21,9.035554,100.0,100.0,0.67,5.003158
2026-02-01T09:00:00,2026-02-01T10:00:00,DK1,100.0,100.0,1.21,9.035554,100.0,100.0,0.67,5.003158
2026-02-01T08:00:00,2026-02-01T09:00:00,DK1,100.0,100.0,1.21,9.035554,100.0,100.0,0.67,5.003158
2026-02-01T07:00:00,2026-02-01T08:00:00,DK1,100.0,100.0,0.67,5.003158,100.0,100.0,0.67,5.003158
2026-02-01T06:00:00,2026-02-01T07:00:00,DK1,100.0,100.0,1.21,9.035554,100.0,100.0,0.67,5.003158
2026-02-01T05:00:00,2026-02-01T06:00:00,DK1,100.0,100.0,1.21,9.035554,100.0,100.0,0.67,5.003158
2026-02-01T04:00:00,2026-02-01T05:00:00,DK1,100.0,100.0,0.54,4.032396,100.0,100.0,0.67,5.003158
2026-02-01T03:00:00,2026-02-01T04:00:00,DK1,100.0,100.0,0.31,2.314894,100.0,100.0,0.67,5.003158
2026-02-01T02:00:00,2026-02-01T03:00:00,DK1,100.0,100.0,0.54,4.032396,100.0,100.0,0.67,5.003158
2026-02-01T01:00:00,2026-02-01T02:00:00,DK1,100.0,100.0,0.54,4.032396,100.0,100.0,0.67,5.003158
2026-02-01T00:00:00,2026-02-01T01:00:00,DK1,100.0,100.0,0.31,2.314894,100.0,100.0,0.67,5.003158
2026-01-31T23:00:00,2026-02-01T00:00:00,DK1,100.0,100.0,0.67,5.003158,100.0,100.0,0.67,5.003158
2026-01-31T22:00:00,2026-01-31T23:00:00,DK1,100.0,100.0,0.67,5.003158,100.0,100.0,0.8,5.97392
2026-01-31T21:00:00,2026-01-31T22:00:00,DK1,100.0,100.0,1.21,9.035554,100.0,100.0,0.8,5.97392
2026-01-31T20:00:00,2026-01-31T21:00:00,DK1,100.0,100.0,13.26,99.017724,100.0,100.0,0.67,5.003158
2026-01-31T19:00:00,2026-01-31T20:00:00,DK1,100.0,100.0,13.39,99.988486,100.0,100.0,0.67,5.003158
2026-01-31T18:00:00,2026-01-31T19:00:00,DK1,100.0,100.0,13.39,99.988486,100.0,100.0,0.54,4.032396
2026-01-31T17:00:00,2026-01-31T18:00:00,DK1,100.0,100.0,13.39,99.988486,100.0,100.0,0.27,2.016198
2026-01-31T16:00:00,2026-01-31T17:00:00,DK1,100.0,100.0,13.39,99.988486,100.0,100.0,0.54,4.032396
2026-01-31T15:00:00,2026-01-31T16:00:00,DK1,100.0,100.0,10.18,76.018132,100.0,100.0,1.07,7.990118
2026-01-31T14:00:00,2026-01-31T15:00:00,DK1,100.0,100.0,1.21,9.035554,100.0,100.0,0.8,5.97392
2026-01-31T13:00:00,2026-01-31T14:00:00,DK1,100.0,100.0,1.21,9.035554,100.0,100.0,0.8,5.97392
2026-01-31T12:00:00,2026-01-31T13:00:00,DK1,100.0,100.0,1.21,9.035554,100.0,100.0,0.8,5.97392
2026-01-31T11:00:00,2026-01-31T12:00:00,DK1,100.0,100.0,1.21,9.035554,100.0,100.0,0.8,5.97392
2026-01-31T10:00:00,2026-01-31T11:00:00,DK1,100.0,100.0,1.21,9.035554,100.0,100.0,0.8,5.97392
2026-01-31T09:00:00,2026-01-31T10:00:00,DK1,100.0,100.0,1.21,9.035554,100.0,100.0,0.8,5.97392
2026-01-31T08:00:00,2026-01-31T09:00:00,DK1,100.0,100.0,1.21,9.035554,100.0,100.0,0.8,5.97392
2026-01-31T07:00:00,2026-01-31T08:00:00,DK1,100.0,100.0,0.67,5.003158,100.0,100.0,0.8,5.97392
2026-01-31T06:00:00,2026-01-31T07:00:00,DK1,100.0,100.0,0.67,5.003158,100.0,100.0,0.8,5.97392
2026-01-31T05:00:00,2026-01-31T06:00:00,DK1,100.0,100.0,0.67,5.003158,100.0,100.0,0.8,5.97392
2026-01-31T04:00:00,2026-01-31T05:00:00,DK1,100.0,100.0,0.67,5.003158,100.0,100.0,0.67,5.003158
2026-01-31T03:00:00,2026-01-31T04:00:00,DK1,100.0,100.0,0.31,2.314894,100.0,100.0,0.67,5.003158
2026-01-31T02:00:00,2026-01-31T03:00:00,DK1,100.0,100.0,0.35,2.61359,100.0,100.0,0.67,5.003158
2026-01-31T01:00:00,2026-01-31T02:00:00,DK1,100.0,100.0,0.35,2.61359,100.0,100.0,0.67,5.003158
2026-01-31T00:00:00,2026-01-31T01:00:00,DK1,100.0,100.0,0.67,5.003158,100.0,100.0,0.67,5.003158
2026-01-30T23:00:00,2026-01-31T00:00:00,DK1,100.0,100.0,0.67,5.003158,100.0,100.0,0.67,5.003158
2026-01-30T22:00:00,2026-01-30T23:00:00,DK1,100.0,100.0,1.21,9.035554,100.0,100.0,0.8,5.97392
2026-01-30T21:00:00,2026-01-30T22:00:00,DK1,100.0,100.0,15.15,113.13111,100.0,100.0,0.8,5.97392
2026-01-30T20:00:00,2026-01-30T21:00:00,DK1,100.0,100.0,13.26,99.017724,100.0,100.0,0.54,4.032396
2026-01-30T19:00:00,2026-01-30T20:00:00,DK1,100.0,100.0,24.18,180.561732,100.0,100.0,0.4,2.98696
2026-01-30T18:00:00,2026-01-30T19:00:00,DK1,100.0,100.0,32.68,244.034632,100.0,100.0,0.4,2.98696
2026-01-30T17:00:00,2026-01-30T18:00:00,DK1,100.0,100.0,48.05,358.80857,100.0,100.0,0.27,2.016198
2026-01-30T16:00:00,2026-01-30T17:00:00,DK1,100.0,100.0,51.97,388.080778,100.0,100.0,0.27,2.016198
2026-01-30T15:00:00,2026-01-30T16:00:00,DK1,100.0,100.0,13.33,99.540442,100.0,100.0,0.27,2.016198
2026-01-30T14:00:00,2026-01-30T15:00:00,DK1,100.0,100.0,13.33,99.540442,100.0,100.0,0.54,4.032396
2026-01-30T13:00:00,2026-01-30T14:00:00,DK1,100.0,100.0,20.88,155.919312,100.0,100.0,0.54,4.032396
2026-01-30T12:00:00,2026-01-30T13:00:00,DK1,100.0,100.0,22.49,167.941826,100.0,100.0,0.54,4.032396
2026-01-30T11:00:00,2026-01-30T12:00:00,DK1,100.0,100.0,13.39,99.988486,100.0,100.0,0.27,2.016198
2026-01-30T10:00:00,2026-01-30T11:00:00,DK1,100.0,100.0,13.26,99.017724,100.0,100.0,0.27,2.016198
2026-01-30T09:00:00,2026-01-30T10:00:00,DK1,100.0,100.0,13.26,99.017724,100.0,100.0,0.27,2.016198
2026-01-30T08:00:00,2026-01-30T09:00:00,DK1,100.0,100.0,13.26,99.017724,100.0,100.0,0.27,2.016198
2026-01-30T07:00:00,2026-01-30T08:00:00,DK1,100.0,100.0,10.0,74.674,100.0,100.0,0.27,2.016198
2026-01-30T06:00:00,2026-01-30T07:00:00,DK1,100.0,100.0,1.21,9.035554,100.0,100.0,0.27,2.016198
2026-01-30T05:00:00,2026-01-30T06:00:00,DK1,100.0,100.0,1.21,9.035554,100.0,100.0,0.4,2.98696
2026-01-30T04:00:00,2026-01-30T05:00:00,DK1,100.0,100.0,1.21,9.035554,100.0,100.0,0.67,5.003158
2026-01-30T03:00:00,2026-01-30T04:00:00,DK1,100.0,100.0,0.67,5.003158,100.0,100.0,0.67,5.003158
2026-01-30T02:00:00,2026-01-30T03:00:00,DK1,100.0,100.0,0.67,5.003158,100.0,100.0,0.67,5.003158
2026-01-30T01:00:00,2026-01-30T02:00:00,DK1,100.0,100.0,0.67,5.003158,100.0,100.0,0.8,5.97392
2026-01-30T00:00:00,2026-01-30T01:00:00,DK1,100.0,100.0,0.67,5.003158,100.0,100.0,0.8,5.97392
2026-01-29T23:00:00,2026-01-30T00:00:00,DK1,100.0,100.0,0.67,5.003158,100.0,100.0,0.8,5.97392
2026-01-29T22:00:00,2026-01-29T23:00:00,DK1,100.0,100.0,1.21,9.034828,100.0,100.0,0.67,5.002756
2026-01-29T21:00:00,2026-01-29T22:00:00,DK1,100.0,100.0,6.7,50.02756,100.0,100.0,0.27,2.016036
2026-01-29T20:00:00,2026-01-29T21:00:00,DK1,100.0,100.0,13.39,99.980452,100.0,100.0,0.27,2.016036
2026-01-29T19:00:00,2026-01-29T20:00:00,DK1,100.0,100.0,62.12,463.837616,100.0,100.0,0.4,2.98672
2026-01-29T18:00:00,2026-01-29T19:00:00,DK1,100.0,100.0,80.36,600.032048,100.0,100.0,0.27,2.016036
2026-01-29T17:00:00,2026-01-29T18:00:00,DK1,100.0,100.0,80.36,600.032048,100.0,100.0,0.27,2.016036
2026-01-29T16:00:00,2026-01-29T17:00:00,DK1,100.0,100.0,74.33,555.007244,100.0,100.0,0.27,2.016036
2026-01-29T15:00:00,2026-01-29T16:00:00,DK1,100.0,100.0,13.39,99.980452,100.0,100.0,0.27,2.016036
2026-01-29T14:00:00,2026-01-29T15:00:00,DK1,100.0,100.0,13.32,99.457776,100.0,100.0,0.27,2.016036
2026-01-29T13:00:00,2026-01-29T14:00:00,DK1,100.0,100.0,13.32,99.457776,100.0,100.0,0.4,2.98672
2026-01-29T12:00:00,2026-01-29T13:00:00,DK1,100.0,100.0,13.39,99.980452,100.0,100.0,0.4,2.98672
2026-01-29T11:00:00,2026-01-29T12:00:00,DK1,100.0,100.0,13.32,99.457776,100.0,100.0,0.4,2.98672
2026-01-29T10:00:00,2026-01-29T11:00:00,DK1,100.0,100.0,13.39,99.980452,100.0,100.0,0.4,2.98672
2026-01-29T09:00:00,2026-01-29T10:00:00,DK1,100.0,100.0,16.25,121.3355,100.0,100.0,0.27,2.016036
2026-01-29T08:00:00,2026-01-29T09:00:00,DK1,100.0,100.0,13.39,99.980452,100.0,100.0,0.27,2.016036
2026-01-29T07:00:00,2026-01-29T08:00:00,DK1,100.0,100.0,13.32,99.457776,100.0,100.0,0.27,2.016036
2026-01-29T06:00:00,2026-01-29T07:00:00,DK1,100.0,100.0,10.0,74.668,100.0,100.0,0.4,2.98672
2026-01-29T05:00:00,2026-01-29T06:00:00,DK1,100.0,100.0,10.0,74.668,100.0,100.0,0.4,2.98672
2026-01-29T04:00:00,2026-01-29T05:00:00,DK1,100.0,100.0,1.21,9.034828,100.0,100.0,0.67,5.002756
2026-01-29T03:00:00,2026-01-29T04:00:00,DK1,100.0,100.0,0.67,5.002756,100.0,100.0,0.67,5.002756
2026-01-29T02:00:00,2026-01-29T03:00:00,DK1,100.0,100.0,0.67,5.002756,100.0,100.0,0.67,5.002756
2026-01-29T01:00:00,2026-01-29T02:00:00,DK1,100.0,100.0,0.54,4.032072,100.0,100.0,0.4,2.98672
2026-01-29T00:00:00,2026-01-29T01:00:00,DK1,100.0,100.0,0.54,4.032072,100.0,100.0,0.67,5.002756
2026-01-28T23:00:00,2026-01-29T00:00:00,DK1,100.0,100.0,0.67,5.002756,100.0,100.0,0.67,5.002756
2026-01-28T22:00:00,2026-01-28T23:00:00,DK1,100.0,100.0,1.21,9.034586,100.0,100.0,0.8,5.97328
2026-01-28T21:00:00,2026-01-28T22:00:00,DK1,100.0,100.0,13.39,99.977774,100.0,100.0,0.8,5.97328
2026-01-28T20:00:00,2026-01-28T21:00:00,DK1,100.0,100.0,62.77,468.678482,100.0,100.0,0.27,2.015982
2026-01-28T19:00:00,2026-01-28T20:00:00,DK1,100.0,100.0,74.58,556.859028,100.0,100.0,0.27,2.015982
2026-01-28T18:00:00,2026-01-28T19:00:00,DK1,100.0,100.0,80.35,599.94131,100.0,100.0,0.27,2.015982
2026-01-28T17:00:00,2026-01-28T18:00:00,DK1,100.0,100.0,80.35,599.94131,100.0,100.0,0.27,2.015982
2026-01-28T16:00:00,2026-01-28T17:00:00,DK1,100.0,100.0,80.35,599.94131,100.0,100.0,0.27,2.015982
2026-01-28T15:00:00,2026-01-28T16:00:00,DK1,100.0,100.0,80.35,599.94131,100.0,100.0,0.27,2.015982
2026-01-28T14:00:00,2026-01-28T15:00:00,DK1,100.0,100.0,46.59,347.868894,100.0,100.0,0.4,2.98664
2026-01-28T13:00:00,2026-01-28T14:00:00,DK1,100.0,100.0,46.59,347.868894,100.0,100.0,0.4,2.98664
2026-01-28T12:00:00,2026-01-28T13:00:00,DK1,100.0,100.0,60.92,454.865272,100.0,100.0,0.4,2.98664
2026-01-28T11:00:00,2026-01-28T12:00:00,DK1,100.0,100.0,46.59,347.868894,100.0,100.0,0.4,2.98664
2026-01-28T10:00:00,2026-01-28T11:00:00,DK1,100.0,100.0,71.36,532.816576,100.0,100.0,0.4,2.98664
2026-01-28T09:00:00,2026-01-28T10:00:00,DK1,100.0,100.0,80.35,599.94131,100.0,100.0,0.4,2.98664
2026-01-28T08:00:00,2026-01-28T09:00:00,DK1,100.0,100.0,39.23,292.914718,100.0,100.0,0.4,2.98664
2026-01-28T07:00:00,2026-01-28T08:00:00,DK1,100.0,100.0,46.59,347.868894,100.0,100.0,0.4,2.98664
2026-01-28T06:00:00,2026-01-28T07:00:00,DK1,100.0,100.0,13.32,99.455112,100.0,100.0,0.4,2.98664
2026-01-28T05:00:00,2026-01-28T06:00:00,DK1,100.0,100.0,13.26,99.007116,100.0,100.0,0.4,2.98664
2026-01-28T04:00:00,2026-01-28T05:00:00,DK1,100.0,100.0,3.35,25.01311,100.0,100.0,0.67,5.002622
2026-01-28T03:00:00,2026-01-28T04:00:00,DK1,100.0,100.0,0.67,5.002622,100.0,100.0,0.67,5.002622
2026-01-28T02:00:00,2026-01-28T03:00:00,DK1,100.0,100.0,0.67,5.002622,100.0,100.0,0.67,5.002622
2026-01-28T01:00:00,2026-01-28T02:00:00,DK1,100.0,100.0,0.67,5.002622,100.0,100.0,0.67,5.002622
2026-01-28T00:00:00,2026-01-28T01:00:00,DK1,100.0,100.0,0.67,5.002622,100.0,100.0,0.67,5.002622
2026-01-27T23:00:00,2026-01-28T00:00:00,DK1,100.0,100.0,0.54,4.031964,100.0,100.0,0.4,2.98664
2026-01-27T22:00:00,2026-01-27T23:00:00,DK1,100.0,100.0,1.21,9.035917,100.0,100.0,0.67,5.003359
2026-01-27T21:00:00,2026-01-27T22:00:00,DK1,100.0,100.0,26.79,200.059683,100.0,100.0,0.4,2.98708
2026-01-27T20:00:00,2026-01-27T21:00:00,DK1,100.0,100.0,63.75,476.065875,100.0,100.0,0.67,5.003359
2026-01-27T19:00:00,2026-01-27T20:00:00,DK1,100.0,100.0,73.86,551.564322,100.0,100.0,0.27,2.016279
2026-01-27T18:00:00,2026-01-27T19:00:00,DK1,100.0,100.0,82.77,618.101529,100.0,100.0,0.27,2.016279
2026-01-27T17:00:00,2026-01-27T18:00:00,DK1,100.0,100.0,80.34,599.955018,100.0,100.0,0.27,2.016279
2026-01-27T16:00:00,2026-01-27T17:00:00,DK1,100.0,100.0,80.34,599.955018,100.0,100.0,0.27,2.016279
2026-01-27T15:00:00,2026-01-27T16:00:00,DK1,100.0,100.0,66.96,500.037192,100.0,100.0,0.4,2.98708
2026-01-27T14:00:00,2026-01-27T15:00:00,DK1,100.0,100.0,75.0,560.0775,100.0,100.0,0.4,2.98708
2026-01-27T13:00:00,2026-01-27T14:00:00,DK1,100.0,100.0,66.96,500.037192,100.0,100.0,0.4,2.98708
2026-01-27T12:00:00,2026-01-27T13:00:00,DK1,100.0,100.0,70.35,525.352695,100.0,100.0,0.4,2.98708
2026-01-27T11:00:00,2026-01-27T12:00:00,DK1,100.0,100.0,72.32,540.064064,100.0,100.0,0.4,2.98708
2026-01-27T10:00:00,2026-01-27T11:00:00,DK1,100.0,100.0,73.5,548.87595,100.0,100.0,0.4,2.98708
2026-01-27T09:00:00,2026-01-27T10:00:00,DK1,100.0,100.0,82.88,618.922976,100.0,100.0,0.4,2.98708
2026-01-27T08:00:00,2026-01-27T09:00:00,DK1,100.0,100.0,87.68,654.767936,100.0,100.0,0.4,2.98708
2026-01-27T07:00:00,2026-01-27T08:00:00,DK1,100.0,100.0,80.34,599.955018,100.0,100.0,0.4,2.98708
2026-01-27T06:00:00,2026-01-27T07:00:00,DK1,100.0,100.0,26.79,200.059683,100.0,100.0,0.4,2.98708
2026-01-27T05:00:00,2026-01-27T06:00:00,DK1,100.0,100.0,26.79,200.059683,100.0,100.0,0.4,2.98708
2026-01-27T04:00:00,2026-01-27T05:00:00,DK1,100.0,100.0,13.39,99.992503,100.0,100.0,0.8,5.97416
2026-01-27T03:00:00,2026-01-27T04:00:00,DK1,100.0,100.0,1.21,9.035917,100.0,100.0,0.8,5.97416
2026-01-27T02:00:00,2026-01-27T03:00:00,DK1,100.0,100.0,0.67,5.003359,100.0,100.0,0.8,5.97416
2026-01-27T01:00:00,2026-01-27T02:00:00,DK1,100.0,100.0,0.67,5.003359,100.0,100.0,0.8,5.97416
2026-01-27T00:00:00,2026-01-27T01:00:00,DK1,100.0,100.0,0.67,5.003359,100.0,100.0,0.4,2.98708
2026-01-26T23:00:00,2026-01-27T00:00:00,DK1,100.0,100.0,0.27,2.016279,100.0,100.0,0.4,2.98708
2026-01-26T22:00:00,2026-01-26T23:00:00,DK1,100.0,100.0,1.2,8.96136,100.0,100.0,0.67,5.003426
2026-01-26T21:00:00,2026-01-26T22:00:00,DK1,100.0,100.0,13.26,99.023028,100.0,100.0,0.67,5.003426
2026-01-26T20:00:00,2026-01-26T21:00:00,DK1,100.0,100.0,66.96,500.043888,100.0,100.0,0.27,2.016306
2026-01-26T19:00:00,2026-01-26T20:00:00,DK1,100.0,100.0,46.61,348.074158,100.0,100.0,0.27,2.016306
2026-01-26T18:00:00,2026-01-26T19:00:00,DK1,100.0,100.0,80.33,599.888374,100.0,100.0,0.27,2.016306
2026-01-26T17:00:00,2026-01-26T18:00:00,DK1,100.0,100.0,80.33,599.888374,100.0,100.0,0.27,2.016306
2026-01-26T16:00:00,2026-01-26T17:00:00,DK1,100.0,100.0,80.33,599.888374,100.0,100.0,0.27,2.016306
2026-01-26T15:00:00,2026-01-26T16:00:00,DK1,100.0,100.0,34.77,259.655406,100.0,100.0,0.4,2.98712
2026-01-26T14:00:00,2026-01-26T15:00:00,DK1,100.0,100.0,23.2,173.25296,100.0,100.0,0.4,2.98712
2026-01-26T13:00:00,2026-01-26T14:00:00,DK1,100.0,100.0,21.34,159.362852,100.0,100.0,0.4,2.98712
2026-01-26T12:00:00,2026-01-26T13:00:00,DK1,100.0,100.0,19.82,148.011796,100.0,100.0,0.4,2.98712
2026-01-26T11:00:00,2026-01-26T12:00:00,DK1,100.0,100.0,19.82,148.011796,100.0,100.0,0.4,2.98712
2026-01-26T10:00:00,2026-01-26T11:00:00,DK1,100.0,100.0,18.73,139.871894,100.0,100.0,0.27,2.016306
2026-01-26T09:00:00,2026-01-26T10:00:00,DK1,100.0,100.0,44.6,333.06388,100.0,100.0,0.27,2.016306
2026-01-26T08:00:00,2026-01-26T09:00:00,DK1,100.0,100.0,19.82,148.011796,100.0,100.0,0.27,2.016306
2026-01-26T07:00:00,2026-01-26T08:00:00,DK1,100.0,100.0,13.39,99.993842,100.0,100.0,0.27,2.016306
2026-01-26T06:00:00,2026-01-26T07:00:00,DK1,100.0,100.0,12.93,96.558654,100.0,100.0,0.27,2.016306
2026-01-26T05:00:00,2026-01-26T06:00:00,DK1,100.0,100.0,3.35,25.01713,100.0,100.0,0.8,5.97424
2026-01-26T04:00:00,2026-01-26T05:00:00,DK1,100.0,100.0,3.35,25.01713,100.0,100.0,0.67,5.003426
2026-01-26T03:00:00,2026-01-26T04:00:00,DK1,100.0,100.0,1.2,8.96136,100.0,100.0,0.67,5.003426
2026-01-26T02:00:00,2026-01-26T03:00:00,DK1,100.0,100.0,0.67,5.003426,100.0,100.0,0.67,5.003426
2026-01-26T01:00:00,2026-01-26T02:00:00,DK1,100.0,100.0,0.54,4.032612,100.0,100.0,0.67,5.003426
2026-01-26T00:00:00,2026-01-26T01:00:00,DK1,100.0,100.0,0.54,4.032612,100.0,100.0,0.4,2.98712
2026-01-25T23:00:00,2026-01-26T00:00:00,DK1,100.0,100.0,0.67,5.003426,100.0,100.0,0.4,2.98712
2026-01-25T22:00:00,2026-01-25T23:00:00,DK1,100.0,100.0,1.2,8.96232,100.0,100.0,0.67,5.003962
2026-01-25T21:00:00,2026-01-25T22:00:00,DK1,100.0,100.0,3.35,25.01981,100.0,100.0,0.4,2.98744
2026-01-25T20:00:00,2026-01-25T21:00:00,DK1,100.0,100.0,13.39,100.004554,100.0,100.0,0.29,2.165894
2026-01-25T19:00:00,2026-01-25T20:00:00,DK1,100.0,100.0,13.39,100.004554,100.0,100.0,0.29,2.165894
2026-01-25T18:00:00,2026-01-25T19:00:00,DK1,100.0,100.0,13.39,100.004554,100.0,100.0,0.29,2.165894
2026-01-25T17:00:00,2026-01-25T18:00:00,DK1,100.0,100.0,13.39,100.004554,100.0,100.0,0.29,2.165894
2026-01-25T16:00:00,2026-01-25T17:00:00,DK1,100.0,100.0,13.39,100.004554,100.0,100.0,0.29,2.165894
2026-01-25T15:00:00,2026-01-25T16:00:00,DK1,100.0,100.0,20.08,149.969488,100.0,100.0,0.4,2.98744
2026-01-25T14:00:00,2026-01-25T15:00:00,DK1,100.0,100.0,20.08,149.969488,100.0,100.0,0.4,2.98744
2026-01-25T13:00:00,2026-01-25T14:00:00,DK1,100.0,100.0,10.0,74.686,100.0,100.0,0.67,5.003962
2026-01-25T12:00:00,2026-01-25T13:00:00,DK1,100.0,100.0,13.26,99.033636,100.0,100.0,0.67,5.003962
2026-01-25T11:00:00,2026-01-25T12:00:00,DK1,100.0,100.0,20.08,149.969488,100.0,100.0,0.67,5.003962
2026-01-25T10:00:00,2026-01-25T11:00:00,DK1,100.0,100.0,20.08,149.969488,100.0,100.0,0.67,5.003962
2026-01-25T09:00:00,2026-01-25T10:00:00,DK1,100.0,100.0,13.26,99.033636,100.0,100.0,0.67,5.003962
2026-01-25T08:00:00,2026-01-25T09:00:00,DK1,100.0,100.0,20.08,149.969488,100.0,100.0,0.67,5.003962
2026-01-25T07:00:00,2026-01-25T08:00:00,DK1,100.0,100.0,10.0,74.686,100.0,100.0,0.67,5.003962
2026-01-25T06:00:00,2026-01-25T07:00:00,DK1,100.0,100.0,1.2,8.96232,100.0,100.0,0.67,5.003962
2026-01-25T05:00:00,2026-01-25T06:00:00,DK1,100.0,100.0,1.2,8.96232,100.0,100.0,0.8,5.97488
2026-01-25T04:00:00,2026-01-25T05:00:00,DK1,100.0,100.0,1.2,8.96232,100.0,100.0,0.67,5.003962
2026-01-25T03:00:00,2026-01-25T04:00:00,DK1,100.0,100.0,0.67,5.003962,100.0,100.0,0.8,5.97488
2026-01-25T02:00:00,2026-01-25T03:00:00,DK1,100.0,100.0,0.67,5.003962,100.0,100.0,0.67,5.003962
2026-01-25T01:00:00,2026-01-25T02:00:00,DK1,100.0,100.0,0.67,5.003962,100.0,100.0,0.67,5.003962
2026-01-25T00:00:00,2026-01-25T01:00:00,DK1,100.0,100.0,0.67,5.003962,100.0,100.0,0.67,5.003962
2026-01-24T23:00:00,2026-01-25T00:00:00,DK1,100.0,100.0,0.67,5.003962,100.0,100.0,0.67,5.003962
2026-01-24T22:00:00,2026-01-24T23:00:00,DK1,100.0,100.0,1.2,8.96232,100.0,100.0,3.0,22.4058
2026-01-24T21:00:00,2026-01-24T22:00:00,DK1,100.0,100.0,20.08,149.969488,100.0,100.0,2.54,18.970244
2026-01-24T20:00:00,2026-01-24T21:00:00,DK1,100.0,100.0,13.39,100.004554,100.0,100.0,0.4,2.98744
2026-01-24T19:00:00,2026-01-24T20:00:00,DK1,100.0,100.0,13.39,100.004554,100.0,100.0,0.4,2.98744
2026-01-24T18:00:00,2026-01-24T19:00:00,DK1,100.0,100.0,13.39,100.004554,100.0,100.0,0.4,2.98744
2026-01-24T17:00:00,2026-01-24T18:00:00,DK1,100.0,100.0,13.39,100.004554,100.0,100.0,0.4,2.98744
2026-01-24T16:00:00,2026-01-24T17:00:00,DK1,100.0,100.0,13.39,100.004554,100.0,100.0,0.4,2.98744
2026-01-24T15:00:00,2026-01-24T16:00:00,DK1,100.0,100.0,13.32,99.481752,100.0,100.0,0.54,4.033044
2026-01-24T14:00:00,2026-01-24T15:00:00,DK1,100.0,100.0,13.32,99.481752,100.0,100.0,0.67,5.003962
2026-01-24T13:00:00,2026-01-24T14:00:00,DK1,100.0,100.0,13.25,98.95895,100.0,100.0,3.0,22.4058
2026-01-24T12:00:00,2026-01-24T13:00:00,DK1,100.0,100.0,13.25,98.95895,100.0,100.0,3.0,22.4058
2026-01-24T11:00:00,2026-01-24T12:00:00,DK1,100.0,100.0,10.0,74.686,100.0,100.0,3.0,22.4058
2026-01-24T10:00:00,2026-01-24T11:00:00,DK1,100.0,100.0,10.0,74.686,100.0,100.0,3.0,22.4058
2026-01-24T09:00:00,2026-01-24T10:00:00,DK1,100.0,100.0,10.0,74.686,100.0,100.0,3.0,22.4058
2026-01-24T08:00:00,2026-01-24T09:00:00,DK1,100.0,100.0,20.08,149.969488,100.0,100.0,2.68,20.015848
2026-01-24T07:00:00,2026-01-24T08:00:00,DK1,100.0,100.0,1.2,8.96232,100.0,100.0,2.68,20.015848
2026-01-24T06:00:00,2026-01-24T07:00:00,DK1,100.0,100.0,1.2,8.96232,100.0,100.0,3.0,22.4058
2026-01-24T05:00:00,2026-01-24T06:00:00,DK1,100.0,100.0,1.2,8.96232,100.0,100.0,3.0,22.4058
2026-01-24T04:00:00,2026-01-24T05:00:00,DK1,100.0,100.0,1.2,8.96232,100.0,100.0,2.68,20.015848
2026-01-24T03:00:00,2026-01-24T04:00:00,DK1,100.0,100.0,1.2,8.96232,100.0,100.0,2.68,20.015848
2026-01-24T02:00:00,2026-01-24T03:00:00,DK1,100.0,100.0,0.67,5.003962,100.0,100.0,2.68,20.015848
2026-01-24T01:00:00,2026-01-24T02:00:00,DK1,100.0,100.0,0.67,5.003962,100.0,100.0,2.68,20.015848
2026-01-24T00:00:00,2026-01-24T01:00:00,DK1,100.0,100.0,0.54,4.033044,100.0,100.0,3.0,22.4058
2026-01-23T23:00:00,2026-01-24T00:00:00,DK1,100.0,100.0,0.67,5.003962,100.0,100.0,2.68,20.015848
2026-01-23T22:00:00,2026-01-23T23:00:00,DK1,100.0,100.0,1.34,10.007924,100.0,100.0,1.0,7.4686
2026-01-23T21:00:00,2026-01-23T22:00:00,DK1,100.0,100.0,1.34,10.007924,100.0,100.0,1.0,7.4686
2026-01-23T20:00:00,2026-01-23T21:00:00,DK1,100.0,100.0,13.25,98.95895,100.0,100.0,0.8,5.97488
2026-01-23T19:00:00,2026-01-23T20:00:00,DK1,100.0,100.0,13.25,98.95895,100.0,100.0,0.8,5.97488
2026-01-23T18:00:00,2026-01-23T19:00:00,DK1,100.0,100.0,13.25,98.95895,100.0,100.0,0.4,2.98744
2026-01-23T17:00:00,2026-01-23T18:00:00,DK1,100.0,100.0,13.25,98.95895,100.0,100.0,0.4,2.98744
2026-01-23T16:00:00,2026-01-23T17:00:00,DK1,100.0,100.0,13.25,98.95895,100.0,100.0,0.4,2.98744
2026-01-23T15:00:00,2026-01-23T16:00:00,DK1,100.0,100.0,10.0,74.686,100.0,100.0,0.42,3.136812
2026-01-23T14:00:00,2026-01-23T15:00:00,DK1,100.0,100.0,10.0,74.686,100.0,100.0,1.0,7.4686
2026-01-23T13:00:00,2026-01-23T14:00:00,DK1,100.0,100.0,3.35,25.01981,100.0,100.0,1.0,7.4686
2026-01-23T12:00:00,2026-01-23T13:00:00,DK1,100.0,100.0,10.0,74.686,100.0,100.0,1.0,7.4686
2026-01-23T11:00:00,2026-01-23T12:00:00,DK1,100.0,100.0,10.0,74.686,100.0,100.0,1.0,7.4686
2026-01-23T10:00:00,2026-01-23T11:00:00,DK1,100.0,100.0,10.0,74.686,100.0,100.0,1.0,7.4686
2026-01-23T09:00:00,2026-01-23T10:00:00,DK1,100.0,100.0,26.77,199.934422,100.0,100.0,0.67,5.003962
2026-01-23T08:00:00,2026-01-23T09:00:00,DK1,100.0,100.0,1.34,10.007924,100.0,100.0,0.42,3.136812
2026-01-23T07:00:00,2026-01-23T08:00:00,DK1,100.0,100.0,1.2,8.96232,100.0,100.0,0.42,3.136812
2026-01-23T06:00:00,2026-01-23T07:00:00,DK1,100.0,100.0,1.34,10.007924,100.0,100.0,0.67,5.003962
2026-01-23T05:00:00,2026-01-23T06:00:00,DK1,100.0,100.0,1.34,10.007924,100.0,100.0,1.0,7.4686
2026-01-23T04:00:00,2026-01-23T05:00:00,DK1,100.0,100.0,1.2,8.96232,100.0,100.0,1.07,7.991402
2026-01-23T03:00:00,2026-01-23T04:00:00,DK1,100.0,100.0,1.34,10.007924,100.0,100.0,1.0,7.4686
2026-01-23T02:00:00,2026-01-23T03:00:00,DK1,100.0,100.0,0.67,5.003962,100.0,100.0,1.0,7.4686
2026-01-23T01:00:00,2026-01-23T02:00:00,DK1,100.0,100.0,0.13,0.970918,100.0,100.0,1.0,7.4686
2026-01-23T00:00:00,2026-01-23T01:00:00,DK1,100.0,100.0,0.16,1.194976,100.0,100.0,1.0,7.4686
2026-01-22T23:00:00,2026-01-23T00:00:00,DK1,100.0,100.0,0.13,0.970918,100.0,100.0,1.0,7.4686
2026-01-22T22:00:00,2026-01-22T23:00:00,DK1,100.0,100.0,1.34,10.008192,100.0,100.0,3.0,22.4064
2026-01-22T21:00:00,2026-01-22T22:00:00,DK1,100.0,100.0,1.34,10.008192,100.0,100.0,3.0,22.4064
2026-01-22T20:00:00,2026-01-22T21:00:00,DK1,100.0,100.0,6.69,49.966272,100.0,100.0,0.67,5.004096
2026-01-22T19:00:00,2026-01-22T20:00:00,DK1,100.0,100.0,6.69,49.966272,100.0,100.0,0.67,5.004096
2026-01-22T18:00:00,2026-01-22T19:00:00,DK1,100.0,100.0,6.69,49.966272,100.0,100.0,0.4,2.98752
2026-01-22T17:00:00,2026-01-22T18:00:00,DK1,100.0,100.0,6.69,49.966272,100.0,100.0,0.4,2.98752
2026-01-22T16:00:00,2026-01-22T17:00:00,DK1,100.0,100.0,6.69,49.966272,100.0,100.0,0.4,2.98752
2026-01-22T15:00:00,2026-01-22T16:00:00,DK1,100.0,100.0,3.35,25.02048,100.0,100.0,0.4,2.98752
2026-01-22T14:00:00,2026-01-22T15:00:00,DK1,100.0,100.0,24.9,185.97312,100.0,100.0,0.4,2.98752
2026-01-22T13:00:00,2026-01-22T14:00:00,DK1,100.0,100.0,6.69,49.966272,100.0,100.0,2.54,18.970752
2026-01-22T12:00:00,2026-01-22T13:00:00,DK1,100.0,100.0,6.69,49.966272,100.0,100.0,2.54,18.970752
2026-01-22T11:00:00,2026-01-22T12:00:00,DK1,100.0,100.0,6.69,49.966272,100.0,100.0,2.54,18.970752
2026-01-22T10:00:00,2026-01-22T11:00:00,DK1,100.0,100.0,6.69,49.966272,100.0,100.0,2.54,18.970752
2026-01-22T09:00:00,2026-01-22T10:00:00,DK1,100.0,100.0,6.69,49.966272,100.0,100.0,0.54,4.033152
2026-01-22T08:00:00,2026-01-22T09:00:00,DK1,100.0,100.0,10.0,74.688,100.0,100.0,0.4,2.98752
2026-01-22T07:00:00,2026-01-22T08:00:00,DK1,100.0,100.0,1.2,8.96256,100.0,100.0,0.4,2.98752
2026-01-22T06:00:00,2026-01-22T07:00:00,DK1,100.0,100.0,1.34,10.008192,100.0,100.0,0.54,4.033152
2026-01-22T05:00:00,2026-01-22T06:00:00,DK1,100.0,100.0,1.34,10.008192,100.0,100.0,3.0,22.4064
2026-01-22T04:00:00,2026-01-22T05:00:00,DK1,100.0,100.0,1.2,8.96256,100.0,100.0,3.0,22.4064
2026-01-22T03:00:00,2026-01-22T04:00:00,DK1,100.0,100.0,1.2,8.96256,100.0,100.0,3.0,22.4064
2026-01-22T02:00:00,2026-01-22T03:00:00,DK1,100.0,100.0,0.67,5.004096,100.0,100.0,3.0,22.4064
2026-01-22T01:00:00,2026-01-22T02:00:00,DK1,100.0,100.0,0.67,5.004096,100.0,100.0,3.0,22.4064
2026-01-22T00:00:00,2026-01-22T01:00:00,DK1,100.0,100.0,0.67,5.004096,100.0,100.0,3.0,22.4064
2026-01-21T23:00:00,2026-01-22T00:00:00,DK1,100.0,100.0,0.67,5.004096,100.0,100.0,3.0,22.4064
2026-01-21T22:00:00,2026-01-21T23:00:00,DK1,100.0,100.0,1.34,10.01047,100.0,100.0,3.0,22.4115
2026-01-21T21:00:00,2026-01-21T22:00:00,DK1,100.0,100.0,13.32,99.50706,100.0,100.0,2.0,14.941
2026-01-21T20:00:00,2026-01-21T21:00:00,DK1,100.0,100.0,53.54,399.97057,100.0,100.0,2.0,14.941
2026-01-21T19:00:00,2026-01-21T20:00:00,DK1,100.0,100.0,53.54,399.97057,100.0,100.0,0.67,5.005235
2026-01-21T18:00:00,2026-01-21T19:00:00,DK1,100.0,100.0,59.97,448.005885,100.0,100.0,0.67,5.005235
2026-01-21T17:00:00,2026-01-21T18:00:00,DK1,100.0,100.0,63.85,476.991425,100.0,100.0,0.67,5.005235
2026-01-21T16:00:00,2026-01-21T17:00:00,DK1,100.0,100.0,67.35,503.138175,100.0,100.0,0.67,5.005235
2026-01-21T15:00:00,2026-01-21T16:00:00,DK1,100.0,100.0,53.54,399.97057,100.0,100.0,0.67,5.005235
2026-01-21T14:00:00,2026-01-21T15:00:00,DK1,100.0,100.0,53.54,399.97057,100.0,100.0,0.67,5.005235
2026-01-21T13:00:00,2026-01-21T14:00:00,DK1,100.0,100.0,24.89,185.940745,100.0,100.0,0.67,5.005235
2026-01-21T12:00:00,2026-01-21T13:00:00,DK1,100.0,100.0,24.89,185.940745,100.0,100.0,2.54,18.97507
2026-01-21T11:00:00,2026-01-21T12:00:00,DK1,100.0,100.0,24.89,185.940745,100.0,100.0,2.54,18.97507
2026-01-21T10:00:00,2026-01-21T11:00:00,DK1,100.0,100.0,38.84,290.15422,100.0,100.0,3.0,22.4115
2026-01-21T09:00:00,2026-01-21T10:00:00,DK1,100.0,100.0,48.45,361.945725,100.0,100.0,0.67,5.005235
2026-01-21T08:00:00,2026-01-21T09:00:00,DK1,100.0,100.0,53.54,399.97057,100.0,100.0,0.67,5.005235
2026-01-21T07:00:00,2026-01-21T08:00:00,DK1,100.0,100.0,13.38,99.95529,100.0,100.0,0.67,5.005235
2026-01-21T06:00:00,2026-01-21T07:00:00,DK1,100.0,100.0,13.25,98.984125,100.0,100.0,0.67,5.005235
2026-01-21T05:00:00,2026-01-21T06:00:00,DK1,100.0,100.0,13.25,98.984125,100.0,100.0,0.67,5.005235
2026-01-21T04:00:00,2026-01-21T05:00:00,DK1,100.0,100.0,24.89,185.940745,100.0,100.0,2.68,20.02094
2026-01-21T03:00:00,2026-01-21T04:00:00,DK1,100.0,100.0,1.34,10.01047,100.0,100.0,2.68,20.02094
2026-01-21T02:00:00,2026-01-21T03:00:00,DK1,100.0,100.0,0.67,5.005235,100.0,100.0,2.68,20.02094
2026-01-21T01:00:00,2026-01-21T02:00:00,DK1,100.0,100.0,0.67,5.005235,100.0,100.0,2.68,20.02094
2026-01-21T00:00:00,2026-01-21T01:00:00,DK1,100.0,100.0,0.67,5.005235,100.0,100.0,0.67,5.005235
2026-01-20T23:00:00,2026-01-21T00:00:00,DK1,100.0,100.0,0.54,4.03407,100.0,100.0,0.67,5.005235
2026-01-20T22:00:00,2026-01-20T23:00:00,DK1,100.0,100.0,1.34,10.010872,100.0,100.0,0.4,2.98832
2026-01-20T21:00:00,2026-01-20T22:00:00,DK1,100.0,100.0,1.2,8.96496,100.0,100.0,0.4,2.98832
2026-01-20T20:00:00,2026-01-20T21:00:00,DK1,100.0,100.0,13.32,99.511056,100.0,100.0,0.4,2.98832
2026-01-20T19:00:00,2026-01-20T20:00:00,DK1,100.0,100.0,26.77,199.993316,100.0,100.0,0.4,2.98832
2026-01-20T18:00:00,2026-01-20T19:00:00,DK1,100.0,100.0,53.54,399.986632,100.0,100.0,0.4,2.98832
2026-01-20T17:00:00,2026-01-20T18:00:00,DK1,100.0,100.0,53.54,399.986632,100.0,100.0,0.4,2.98832
2026-01-20T16:00:00,2026-01-20T17:00:00,DK1,100.0,100.0,53.54,399.986632,100.0,100.0,0.4,2.98832
2026-01-20T15:00:00,2026-01-20T16:00:00,DK1,100.0,100.0,13.32,99.511056,100.0,100.0,0.4,2.98832
2026-01-20T14:00:00,2026-01-20T15:00:00,DK1,100.0,100.0,13.38,99.959304,100.0,100.0,0.4,2.98832
2026-01-20T13:00:00,2026-01-20T14:00:00,DK1,100.0,100.0,13.25,98.9881,100.0,100.0,0.54,4.034232
2026-01-20T12:00:00,2026-01-20T13:00:00,DK1,100.0,100.0,13.25,98.9881,100.0,100.0,0.54,4.034232
2026-01-20T11:00:00,2026-01-20T12:00:00,DK1,100.0,100.0,13.25,98.9881,100.0,100.0,0.54,4.034232
2026-01-20T10:00:00,2026-01-20T11:00:00,DK1,100.0,100.0,13.25,98.9881,100.0,100.0,0.54,4.034232
2026-01-20T09:00:00,2026-01-20T10:00:00,DK1,100.0,100.0,13.38,99.959304,100.0,100.0,0.4,2.98832
2026-01-20T08:00:00,2026-01-20T09:00:00,DK1,100.0,100.0,13.38,99.959304,100.0,100.0,0.4,2.98832
2026-01-20T07:00:00,2026-01-20T08:00:00,DK1,100.0,100.0,13.25,98.9881,100.0,100.0,0.4,2.98832
2026-01-20T06:00:00,2026-01-20T07:00:00,DK1,100.0,100.0,1.2,8.96496,100.0,100.0,0.54,4.034232
2026-01-20T05:00:00,2026-01-20T06:00:00,DK1,100.0,100.0,1.2,8.96496,100.0,100.0,0.54,4.034232
2026-01-20T04:00:00,2026-01-20T05:00:00,DK1,100.0,100.0,24.9,186.02292,100.0,100.0,0.67,5.005436
2026-01-20T03:00:00,2026-01-20T04:00:00,DK1,100.0,100.0,1.34,10.010872,100.0,100.0,0.8,5.97664
2026-01-20T02:00:00,2026-01-20T03:00:00,DK1,100.0,100.0,0.67,5.005436,100.0,100.0,0.8,5.97664
2026-01-20T01:00:00,2026-01-20T02:00:00,DK1,100.0,100.0,0.54,4.034232,100.0,100.0,0.67,5.005436
2026-01-20T00:00:00,2026-01-20T01:00:00,DK1,100.0,100.0,0.67,5.005436,100.0,100.0,0.67,5.005436
2026-01-19T23:00:00,2026-01-20T00:00:00,DK1,100.0,100.0,0.27,2.017116,100.0,100.0,0.67,5.005436
2026-01-19T22:00:00,2026-01-19T23:00:00,DK1,100.0,100.0,1.2,8.96604,100.0,100.0,0.54,4.034718
2026-01-19T21:00:00,2026-01-19T22:00:00,DK1,100.0,100.0,1.34,10.012078,100.0,100.0,0.45,3.362265
2026-01-19T20:00:00,2026-01-19T21:00:00,DK1,100.0,100.0,13.25,99.000025,100.0,100.0,0.4,2.98868
2026-01-19T19:00:00,2026-01-19T20:00:00,DK1,100.0,100.0,13.38,99.971346,100.0,100.0,0.45,3.362265
2026-01-19T18:00:00,2026-01-19T19:00:00,DK1,100.0,100.0,13.38,99.971346,100.0,100.0,0.45,3.362265
2026-01-19T17:00:00,2026-01-19T18:00:00,DK1,100.0,100.0,13.38,99.971346,100.0,100.0,0.45,3.362265
2026-01-19T16:00:00,2026-01-19T17:00:00,DK1,100.0,100.0,13.32,99.523044,100.0,100.0,0.45,3.362265
2026-01-19T15:00:00,2026-01-19T16:00:00,DK1,100.0,100.0,13.25,99.000025,100.0,100.0,0.67,5.006039
2026-01-19T14:00:00,2026-01-19T15:00:00,DK1,100.0,100.0,13.25,99.000025,100.0,100.0,0.67,5.006039
2026-01-19T13:00:00,2026-01-19T14:00:00,DK1,100.0,100.0,10.0,74.717,100.0,100.0,0.45,3.362265
2026-01-19T12:00:00,2026-01-19T13:00:00,DK1,100.0,100.0,6.69,49.985673,100.0,100.0,0.45,3.362265
2026-01-19T11:00:00,2026-01-19T12:00:00,DK1,100.0,100.0,10.0,74.717,100.0,100.0,0.45,3.362265
2026-01-19T10:00:00,2026-01-19T11:00:00,DK1,100.0,100.0,13.25,99.000025,100.0,100.0,0.45,3.362265
2026-01-19T09:00:00,2026-01-19T10:00:00,DK1,100.0,100.0,13.25,99.000025,100.0,100.0,0.45,3.362265
2026-01-19T08:00:00,2026-01-19T09:00:00,DK1,100.0,100.0,13.32,99.523044,100.0,100.0,0.4,2.98868
2026-01-19T07:00:00,2026-01-19T08:00:00,DK1,100.0,100.0,13.32,99.523044,100.0,100.0,0.4,2.98868
2026-01-19T06:00:00,2026-01-19T07:00:00,DK1,100.0,100.0,1.34,10.012078,100.0,100.0,0.4,2.98868
2026-01-19T05:00:00,2026-01-19T06:00:00,DK1,100.0,100.0,1.2,8.96604,100.0,100.0,0.45,3.362265
2026-01-19T04:00:00,2026-01-19T05:00:00,DK1,100.0,100.0,1.2,8.96604,100.0,100.0,0.67,5.006039
2026-01-19T03:00:00,2026-01-19T04:00:00,DK1,100.0,100.0,1.2,8.96604,100.0,100.0,0.67,5.006039
2026-01-19T02:00:00,2026-01-19T03:00:00,DK1,100.0,100.0,0.67,5.006039,100.0,100.0,0.67,5.006039
2026-01-19T01:00:00,2026-01-19T02:00:00,DK1,100.0,100.0,0.27,2.017359,100.0,100.0,0.67,5.006039
2026-01-19T00:00:00,2026-01-19T01:00:00,DK1,100.0,100.0,0.27,2.017359,100.0,100.0,0.67,5.006039
2026-01-18T23:00:00,2026-01-19T00:00:00,DK1,100.0,100.0,0.13,0.971321,100.0,100.0,0.67,5.006039
2026-01-18T22:00:00,2026-01-18T23:00:00,DK1,100.0,100.0,0.54,4.034448,100.0,100.0,0.4,2.98848
2026-01-18T21:00:00,2026-01-18T22:00:00,DK1,100.0,100.0,1.34,10.011408,100.0,100.0,0.27,2.017224
2026-01-18T20:00:00,2026-01-18T21:00:00,DK1,100.0,100.0,1.2,8.96544,100.0,100.0,0.27,2.017224
2026-01-18T19:00:00,2026-01-18T20:00:00,DK1,100.0,100.0,1.34,10.011408,100.0,100.0,0.27,2.017224
2026-01-18T18:00:00,2026-01-18T19:00:00,DK1,100.0,100.0,1.34,10.011408,100.0,100.0,0.27,2.017224
2026-01-18T17:00:00,2026-01-18T18:00:00,DK1,100.0,100.0,1.34,10.011408,100.0,100.0,0.27,2.017224
2026-01-18T16:00:00,2026-01-18T17:00:00,DK1,100.0,100.0,1.34,10.011408,100.0,100.0,0.27,2.017224
2026-01-18T15:00:00,2026-01-18T16:00:00,DK1,100.0,100.0,1.2,8.96544,100.0,100.0,0.27,2.017224
2026-01-18T14:00:00,2026-01-18T15:00:00,DK1,100.0,100.0,1.34,10.011408,100.0,100.0,0.27,2.017224
2026-01-18T13:00:00,2026-01-18T14:00:00,DK1,100.0,100.0,1.2,8.96544,100.0,100.0,0.4,2.98848
2026-01-18T12:00:00,2026-01-18T13:00:00,DK1,100.0,100.0,1.34,10.011408,100.0,100.0,0.4,2.98848
2026-01-18T11:00:00,2026-01-18T12:00:00,DK1,100.0,100.0,1.34,10.011408,100.0,100.0,0.27,2.017224
2026-01-18T10:00:00,2026-01-18T11:00:00,DK1,100.0,100.0,1.34,10.011408,100.0,100.0,0.27,2.017224
2026-01-18T09:00:00,2026-01-18T10:00:00,DK1,100.0,100.0,1.2,8.96544,100.0,100.0,0.27,2.017224
2026-01-18T08:00:00,2026-01-18T09:00:00,DK1,100.0,100.0,1.34,10.011408,100.0,100.0,0.27,2.017224
2026-01-18T07:00:00,2026-01-18T08:00:00,DK1,100.0,100.0,1.34,10.011408,100.0,100.0,0.4,2.98848
2026-01-18T06:00:00,2026-01-18T07:00:00,DK1,100.0,100.0,1.2,8.96544,100.0,100.0,0.4,2.98848
2026-01-18T05:00:00,2026-01-18T06:00:00,DK1,100.0,100.0,1.2,8.96544,100.0,100.0,0.4,2.98848
2026-01-18T04:00:00,2026-01-18T05:00:00,DK1,100.0,100.0,0.67,5.005704,100.0,100.0,0.4,2.98848
2026-01-18T03:00:00,2026-01-18T04:00:00,DK1,100.0,100.0,0.24,1.793088,100.0,100.0,0.4,2.98848
2026-01-18T02:00:00,2026-01-18T03:00:00,DK1,100.0,100.0,0.13,0.971256,100.0,100.0,0.4,2.98848
2026-01-18T01:00:00,2026-01-18T02:00:00,DK1,100.0,100.0,0.24,1.793088,100.0,100.0,0.4,2.98848
2026-01-18T00:00:00,2026-01-18T01:00:00,DK1,100.0,100.0,0.67,5.005704,100.0,100.0,0.4,2.98848
2026-01-17T23:00:00,2026-01-18T00:00:00,DK1,100.0,100.0,0.67,5.005704,100.0,100.0,0.27,2.017224
2026-01-17T22:00:00,2026-01-17T23:00:00,DK1,100.0,100.0,13.32,99.516384,100.0,100.0,0.4,2.98848
2026-01-17T21:00:00,2026-01-17T22:00:00,DK1,100.0,100.0,50.23,375.278376,100.0,100.0,0.4,2.98848
2026-01-17T20:00:00,2026-01-17T21:00:00,DK1,100.0,100.0,53.54,400.008048,100.0,100.0,0.4,2.98848
2026-01-17T19:00:00,2026-01-17T20:00:00,DK1,100.0,100.0,53.54,400.008048,100.0,100.0,0.4,2.98848
2026-01-17T18:00:00,2026-01-17T19:00:00,DK1,100.0,100.0,62.47,466.725864,100.0,100.0,0.4,2.98848
2026-01-17T17:00:00,2026-01-17T18:00:00,DK1,100.0,100.0,76.18,569.156016,100.0,100.0,0.4,2.98848
2026-01-17T16:00:00,2026-01-17T17:00:00,DK1,100.0,100.0,59.97,448.047864,100.0,100.0,0.4,2.98848
2026-01-17T15:00:00,2026-01-17T16:00:00,DK1,100.0,100.0,57.33,428.323896,100.0,100.0,0.49,3.660888
2026-01-17T14:00:00,2026-01-17T15:00:00,DK1,100.0,100.0,51.08,381.628896,100.0,100.0,0.49,3.660888
2026-01-17T13:00:00,2026-01-17T14:00:00,DK1,100.0,100.0,33.46,249.986352,100.0,100.0,0.4,2.98848
2026-01-17T12:00:00,2026-01-17T13:00:00,DK1,100.0,100.0,33.46,249.986352,100.0,100.0,0.4,2.98848
2026-01-17T11:00:00,2026-01-17T12:00:00,DK1,100.0,100.0,13.38,99.964656,100.0,100.0,0.4,2.98848
2026-01-17T10:00:00,2026-01-17T11:00:00,DK1,100.0,100.0,33.46,249.986352,100.0,100.0,0.4,2.98848
2026-01-17T09:00:00,2026-01-17T10:00:00,DK1,100.0,100.0,33.46,249.986352,100.0,100.0,0.4,2.98848
2026-01-17T08:00:00,2026-01-17T09:00:00,DK1,100.0,100.0,13.38,99.964656,100.0,100.0,0.4,2.98848
2026-01-17T07:00:00,2026-01-17T08:00:00,DK1,100.0,100.0,13.25,98.9934,100.0,100.0,0.4,2.98848
2026-01-17T06:00:00,2026-01-17T07:00:00,DK1,100.0,100.0,13.25,98.9934,100.0,100.0,0.4,2.98848
2026-01-17T05:00:00,2026-01-17T06:00:00,DK1,100.0,100.0,13.32,99.516384,100.0,100.0,0.4,2.98848
2026-01-17T04:00:00,2026-01-17T05:00:00,DK1,100.0,100.0,13.32,99.516384,100.0,100.0,0.4,2.98848
2026-01-17T03:00:00,2026-01-17T04:00:00,DK1,100.0,100.0,6.69,49.982328,100.0,100.0,0.4,2.98848
2026-01-17T02:00:00,2026-01-17T03:00:00,DK1,100.0,100.0,1.2,8.96544,100.0,100.0,0.4,2.98848
2026-01-17T01:00:00,2026-01-17T02:00:00,DK1,100.0,100.0,1.34,10.011408,100.0,100.0,0.4,2.98848
2026-01-17T00:00:00,2026-01-17T01:00:00,DK1,100.0,100.0,1.34,10.011408,100.0,100.0,0.4,2.98848
2026-01-16T23:00:00,2026-01-17T00:00:00,DK1,100.0,100.0,1.2,8.96544,100.0,100.0,0.49,3.660888
2026-01-16T22:00:00,2026-01-16T23:00:00,DK1,100.0,100.0,1.2,8.96544,100.0,100.0,0.4,2.98848
2026-01-16T21:00:00,2026-01-16T22:00:00,DK1,100.0,100.0,6.69,49.982328,100.0,100.0,0.4,2.98848
2026-01-16T20:00:00,2026-01-16T21:00:00,DK1,100.0,100.0,6.69,49.982328,100.0,100.0,0.4,2.98848
2026-01-16T19:00:00,2026-01-16T20:00:00,DK1,100.0,100.0,6.69,49.982328,100.0,100.0,0.4,2.98848
2026-01-16T18:00:00,2026-01-16T19:00:00,DK1,100.0,100.0,6.69,49.982328,100.0,100.0,0.4,2.98848
2026-01-16T17:00:00,2026-01-16T18:00:00,DK1,100.0,100.0,7.01,52.373112,100.0,100.0,0.4,2.98848
2026-01-16T16:00:00,2026-01-16T17:00:00,DK1,100.0,100.0,6.69,49.982328,100.0,100.0,0.4,2.98848
2026-01-16T15:00:00,2026-01-16T16:00:00,DK1,100.0,100.0,6.69,49.982328,100.0,100.0,0.4,2.98848
2026-01-16T14:00:00,2026-01-16T15:00:00,DK1,100.0,100.0,3.35,25.02852,100.0,100.0,0.4,2.98848
2026-01-16T13:00:00,2026-01-16T14:00:00,DK1,100.0,100.0,1.2,8.96544,100.0,100.0,0.4,2.98848
2026-01-16T12:00:00,2026-01-16T13:00:00,DK1,100.0,100.0,1.2,8.96544,100.0,100.0,0.4,2.98848
2026-01-16T11:00:00,2026-01-16T12:00:00,DK1,100.0,100.0,1.34,10.011408,100.0,100.0,0.4,2.98848
2026-01-16T10:00:00,2026-01-16T11:00:00,DK1,100.0,100.0,1.2,8.96544,100.0,100.0,0.4,2.98848
2026-01-16T09:00:00,2026-01-16T10:00:00,DK1,100.0,100.0,1.2,8.96544,100.0,100.0,0.4,2.98848
2026-01-16T08:00:00,2026-01-16T09:00:00,DK1,100.0,100.0,1.2,8.96544,100.0,100.0,0.4,2.98848
2026-01-16T07:00:00,2026-01-16T08:00:00,DK1,100.0,100.0,1.2,8.96544,100.0,100.0,0.4,2.98848
2026-01-16T06:00:00,2026-01-16T07:00:00,DK1,100.0,100.0,3.35,25.02852,100.0,100.0,0.4,2.98848
2026-01-16T05:00:00,2026-01-16T06:00:00,DK1,100.0,100.0,1.2,8.96544,100.0,100.0,0.67,5.005704
2026-01-16T04:00:00,2026-01-16T05:00:00,DK1,100.0,100.0,1.2,8.96544,100.0,100.0,0.67,5.005704
2026-01-16T03:00:00,2026-01-16T04:00:00,DK1,100.0,100.0,0.67,5.005704,100.0,100.0,0.67,5.005704
2026-01-16T02:00:00,2026-01-16T03:00:00,DK1,100.0,100.0,0.4,2.98848,100.0,100.0,0.67,5.005704
2026-01-16T01:00:00,2026-01-16T02:00:00,DK1,100.0,100.0,0.38,2.839056,100.0,100.0,0.67,5.005704
2026-01-16T00:00:00,2026-01-16T01:00:00,DK1,100.0,100.0,0.38,2.839056,100.0,100.0,0.67,5.005704
2026-01-15T23:00:00,2026-01-16T00:00:00,DK1,100.0,100.0,0.38,2.839056,100.0,100.0,0.67,5.005704
2026-01-15T22:00:00,2026-01-15T23:00:00,DK1,100.0,100.0,4.02,30.037842,100.0,100.0,0.67,5.006307
2026-01-15T21:00:00,2026-01-15T22:00:00,DK1,100.0,100.0,4.02,30.037842,100.0,100.0,0.67,5.006307
2026-01-15T20:00:00,2026-01-15T21:00:00,DK1,100.0,100.0,4.02,30.037842,100.0,100.0,0.8,5.97768
2026-01-15T19:00:00,2026-01-15T20:00:00,DK1,100.0,100.0,13.38,99.976698,100.0,100.0,0.36,2.689956
2026-01-15T18:00:00,2026-01-15T19:00:00,DK1,100.0,100.0,26.77,200.028117,100.0,100.0,0.36,2.689956
2026-01-15T17:00:00,2026-01-15T18:00:00,DK1,100.0,100.0,82.04,613.011084,100.0,100.0,0.36,2.689956
2026-01-15T16:00:00,2026-01-15T17:00:00,DK1,100.0,100.0,86.73,648.055233,100.0,100.0,0.4,2.98884
2026-01-15T15:00:00,2026-01-15T16:00:00,DK1,100.0,100.0,26.77,200.028117,100.0,100.0,0.4,2.98884
2026-01-15T14:00:00,2026-01-15T15:00:00,DK1,100.0,100.0,26.77,200.028117,100.0,100.0,0.4,2.98884
2026-01-15T13:00:00,2026-01-15T14:00:00,DK1,100.0,100.0,6.69,49.988349,100.0,100.0,0.4,2.98884
2026-01-15T12:00:00,2026-01-15T13:00:00,DK1,100.0,100.0,6.69,49.988349,100.0,100.0,0.4,2.98884
2026-01-15T11:00:00,2026-01-15T12:00:00,DK1,100.0,100.0,6.69,49.988349,100.0,100.0,0.4,2.98884
2026-01-15T10:00:00,2026-01-15T11:00:00,DK1,100.0,100.0,6.69,49.988349,100.0,100.0,0.4,2.98884
2026-01-15T09:00:00,2026-01-15T10:00:00,DK1,100.0,100.0,13.38,99.976698,100.0,100.0,0.4,2.98884
2026-01-15T08:00:00,2026-01-15T09:00:00,DK1,100.0,100.0,13.38,99.976698,100.0,100.0,0.4,2.98884
2026-01-15T07:00:00,2026-01-15T08:00:00,DK1,100.0,100.0,13.32,99.528372,100.0,100.0,0.4,2.98884
2026-01-15T06:00:00,2026-01-15T07:00:00,DK1,100.0,100.0,13.32,99.528372,100.0,100.0,0.4,2.98884
2026-01-15T05:00:00,2026-01-15T06:00:00,DK1,100.0,100.0,6.69,49.988349,100.0,100.0,0.4,2.98884
2026-01-15T04:00:00,2026-01-15T05:00:00,DK1,100.0,100.0,6.69,49.988349,100.0,100.0,0.67,5.006307
2026-01-15T03:00:00,2026-01-15T04:00:00,DK1,100.0,100.0,3.35,25.031535,100.0,100.0,0.67,5.006307
2026-01-15T02:00:00,2026-01-15T03:00:00,DK1,100.0,100.0,1.34,10.012614,100.0,100.0,0.67,5.006307
2026-01-15T01:00:00,2026-01-15T02:00:00,DK1,100.0,100.0,0.67,5.006307,100.0,100.0,0.67,5.006307
2026-01-15T00:00:00,2026-01-15T01:00:00,DK1,100.0,100.0,0.67,5.006307,100.0,100.0,0.67,5.006307
2026-01-14T23:00:00,2026-01-15T00:00:00,DK1,100.0,100.0,1.2,8.96652,100.0,100.0,0.4,2.98884
2026-01-14T22:00:00,2026-01-14T23:00:00,DK1,100.0,100.0,0.67,5.006441,100.0,100.0,0.4,2.98892
2026-01-14T21:00:00,2026-01-14T22:00:00,DK1,100.0,100.0,1.2,8.96676,100.0,100.0,0.4,2.98892
2026-01-14T20:00:00,2026-01-14T21:00:00,DK1,100.0,100.0,3.35,25.032205,100.0,100.0,0.27,2.017521
2026-01-14T19:00:00,2026-01-14T20:00:00,DK1,100.0,100.0,6.69,49.989687,100.0,100.0,0.27,2.017521
2026-01-14T18:00:00,2026-01-14T19:00:00,DK1,100.0,100.0,3.35,25.032205,100.0,100.0,0.27,2.017521
2026-01-14T17:00:00,2026-01-14T18:00:00,DK1,100.0,100.0,10.0,74.723,100.0,100.0,0.27,2.017521
2026-01-14T16:00:00,2026-01-14T17:00:00,DK1,100.0,100.0,10.0,74.723,100.0,100.0,0.27,2.017521
2026-01-14T15:00:00,2026-01-14T16:00:00,DK1,100.0,100.0,1.2,8.96676,100.0,100.0,0.4,2.98892
2026-01-14T14:00:00,2026-01-14T15:00:00,DK1,100.0,100.0,1.2,8.96676,100.0,100.0,0.4,2.98892
2026-01-14T13:00:00,2026-01-14T14:00:00,DK1,100.0,100.0,1.2,8.96676,100.0,100.0,0.4,2.98892
2026-01-14T12:00:00,2026-01-14T13:00:00,DK1,100.0,100.0,1.34,10.012882,100.0,100.0,0.42,3.138366
2026-01-14T11:00:00,2026-01-14T12:00:00,DK1,100.0,100.0,1.34,10.012882,100.0,100.0,0.42,3.138366
2026-01-14T10:00:00,2026-01-14T11:00:00,DK1,100.0,100.0,1.34,10.012882,100.0,100.0,0.42,3.138366
2026-01-14T09:00:00,2026-01-14T10:00:00,DK1,100.0,100.0,1.2,8.96676,100.0,100.0,0.42,3.138366
2026-01-14T08:00:00,2026-01-14T09:00:00,DK1,100.0,100.0,1.34,10.012882,100.0,100.0,0.42,3.138366
2026-01-14T07:00:00,2026-01-14T08:00:00,DK1,100.0,100.0,1.2,8.96676,100.0,100.0,0.4,2.98892
2026-01-14T06:00:00,2026-01-14T07:00:00,DK1,100.0,100.0,1.2,8.96676,100.0,100.0,0.4,2.98892
2026-01-14T05:00:00,2026-01-14T06:00:00,DK1,100.0,100.0,1.2,8.96676,100.0,100.0,0.67,5.006441
2026-01-14T04:00:00,2026-01-14T05:00:00,DK1,100.0,100.0,1.2,8.96676,100.0,100.0,1.0,7.4723
2026-01-14T03:00:00,2026-01-14T04:00:00,DK1,100.0,100.0,0.67,5.006441,100.0,100.0,1.0,7.4723
2026-01-14T02:00:00,2026-01-14T03:00:00,DK1,100.0,100.0,0.67,5.006441,100.0,100.0,1.0,7.4723
2026-01-14T01:00:00,2026-01-14T02:00:00,DK1,100.0,100.0,0.31,2.316413,100.0,100.0,1.0,7.4723
2026-01-14T00:00:00,2026-01-14T01:00:00,DK1,100.0,100.0,0.31,2.316413,100.0,100.0,0.8,5.97784
2026-01-13T23:00:00,2026-01-14T00:00:00,DK1,100.0,100.0,0.31,2.316413,100.0,100.0,0.8,5.97784
2026-01-13T22:00:00,2026-01-13T23:00:00,DK1,100.0,100.0,1.2,8.96712,100.0,100.0,0.54,4.035204
2026-01-13T21:00:00,2026-01-13T22:00:00,DK1,100.0,100.0,3.35,25.03321,100.0,100.0,0.54,4.035204
2026-01-13T20:00:00,2026-01-13T21:00:00,DK1,100.0,100.0,1.31,9.789106,100.0,100.0,0.27,2.017602
2026-01-13T19:00:00,2026-01-13T20:00:00,DK1,100.0,100.0,3.35,25.03321,100.0,100.0,0.27,2.017602
2026-01-13T18:00:00,2026-01-13T19:00:00,DK1,100.0,100.0,3.35,25.03321,100.0,100.0,0.27,2.017602
2026-01-13T17:00:00,2026-01-13T18:00:00,DK1,100.0,100.0,10.0,74.726,100.0,100.0,0.27,2.017602
2026-01-13T16:00:00,2026-01-13T17:00:00,DK1,100.0,100.0,10.0,74.726,100.0,100.0,0.27,2.017602
2026-01-13T15:00:00,2026-01-13T16:00:00,DK1,100.0,100.0,1.2,8.96712,100.0,100.0,0.4,2.98904
2026-01-13T14:00:00,2026-01-13T15:00:00,DK1,100.0,100.0,1.2,8.96712,100.0,100.0,0.4,2.98904
2026-01-13T13:00:00,2026-01-13T14:00:00,DK1,100.0,100.0,1.2,8.96712,100.0,100.0,0.4,2.98904
2026-01-13T12:00:00,2026-01-13T13:00:00,DK1,100.0,100.0,1.2,8.96712,100.0,100.0,0.4,2.98904
2026-01-13T11:00:00,2026-01-13T12:00:00,DK1,100.0,100.0,1.2,8.96712,100.0,100.0,0.4,2.98904
2026-01-13T10:00:00,2026-01-13T11:00:00,DK1,100.0,100.0,1.2,8.96712,100.0,100.0,0.4,2.98904
2026-01-13T09:00:00,2026-01-13T10:00:00,DK1,100.0,100.0,1.2,8.96712,100.0,100.0,0.4,2.98904
2026-01-13T08:00:00,2026-01-13T09:00:00,DK1,100.0,100.0,1.2,8.96712,100.0,100.0,0.4,2.98904
2026-01-13T07:00:00,2026-01-13T08:00:00,DK1,100.0,100.0,1.2,8.96712,100.0,100.0,0.4,2.98904
2026-01-13T06:00:00,2026-01-13T07:00:00,DK1,100.0,100.0,1.34,10.013284,100.0,100.0,0.4,2.98904
2026-01-13T05:00:00,2026-01-13T06:00:00,DK1,100.0,100.0,1.2,8.96712,100.0,100.0,0.4,2.98904
2026-01-13T04:00:00,2026-01-13T05:00:00,DK1,100.0,100.0,1.2,8.96712,100.0,100.0,0.67,5.006642
2026-01-13T03:00:00,2026-01-13T04:00:00,DK1,100.0,100.0,1.2,8.96712,100.0,100.0,0.67,5.006642
2026-01-13T02:00:00,2026-01-13T03:00:00,DK1,100.0,100.0,0.67,5.006642,100.0,100.0,0.67,5.006642
2026-01-13T01:00:00,2026-01-13T02:00:00,DK1,100.0,100.0,0.31,2.316506,100.0,100.0,0.67,5.006642
2026-01-13T00:00:00,2026-01-13T01:00:00,DK1,100.0,100.0,0.31,2.316506,100.0,100.0,0.67,5.006642
2026-01-12T23:00:00,2026-01-13T00:00:00,DK1,100.0,100.0,0.31,2.316506,100.0,100.0,0.67,5.006642
2026-01-12T22:00:00,2026-01-12T23:00:00,DK1,100.0,100.0,2.6,19.42772,100.0,100.0,1.0,7.4722
2026-01-12T21:00:00,2026-01-12T22:00:00,DK1,100.0,100.0,1.2,8.96664,100.0,100.0,1.0,7.4722
2026-01-12T20:00:00,2026-01-12T21:00:00,DK1,100.0,100.0,1.2,8.96664,100.0,100.0,0.67,5.006374
2026-01-12T19:00:00,2026-01-12T20:00:00,DK1,100.0,100.0,1.2,8.96664,100.0,100.0,0.4,2.98888
2026-01-12T18:00:00,2026-01-12T19:00:00,DK1,100.0,100.0,1.2,8.96664,100.0,100.0,0.4,2.98888
2026-01-12T17:00:00,2026-01-12T18:00:00,DK1,100.0,100.0,1.2,8.96664,100.0,100.0,0.4,2.98888
2026-01-12T16:00:00,2026-01-12T17:00:00,DK1,100.0,100.0,1.2,8.96664,100.0,100.0,0.4,2.98888
2026-01-12T15:00:00,2026-01-12T16:00:00,DK1,100.0,100.0,1.2,8.96664,100.0,100.0,0.4,2.98888
2026-01-12T14:00:00,2026-01-12T15:00:00,DK1,100.0,100.0,1.2,8.96664,100.0,100.0,0.4,2.98888
2026-01-12T13:00:00,2026-01-12T14:00:00,DK1,100.0,100.0,1.34,10.012748,100.0,100.0,0.4,2.98888
2026-01-12T12:00:00,2026-01-12T13:00:00,DK1,100.0,100.0,1.2,8.96664,100.0,100.0,0.4,2.98888
2026-01-12T11:00:00,2026-01-12T12:00:00,DK1,100.0,100.0,1.2,8.96664,100.0,100.0,0.4,2.98888
2026-01-12T10:00:00,2026-01-12T11:00:00,DK1,100.0,100.0,1.2,8.96664,100.0,100.0,0.4,2.98888
2026-01-12T09:00:00,2026-01-12T10:00:00,DK1,100.0,100.0,1.34,10.012748,100.0,100.0,0.4,2.98888
2026-01-12T08:00:00,2026-01-12T09:00:00,DK1,100.0,100.0,1.34,10.012748,100.0,100.0,0.4,2.98888
2026-01-12T07:00:00,2026-01-12T08:00:00,DK1,100.0,100.0,1.2,8.96664,100.0,100.0,0.4,2.98888
2026-01-12T06:00:00,2026-01-12T07:00:00,DK1,100.0,100.0,1.2,8.96664,100.0,100.0,0.4,2.98888
2026-01-12T05:00:00,2026-01-12T06:00:00,DK1,100.0,100.0,1.2,8.96664,100.0,100.0,0.8,5.97776
2026-01-12T04:00:00,2026-01-12T05:00:00,DK1,100.0,100.0,1.2,8.96664,100.0,100.0,0.8,5.97776
2026-01-12T03:00:00,2026-01-12T04:00:00,DK1,100.0,100.0,0.67,5.006374,100.0,100.0,0.8,5.97776
2026-01-12T02:00:00,2026-01-12T03:00:00,DK1,100.0,100.0,0.67,5.006374,100.0,100.0,0.8,5.97776
2026-01-12T01:00:00,2026-01-12T02:00:00,DK1,100.0,100.0,0.31,2.316382,100.0,100.0,0.8,5.97776
2026-01-12T00:00:00,2026-01-12T01:00:00,DK1,100.0,100.0,0.31,2.316382,100.0,100.0,0.67,5.006374
2026-01-11T23:00:00,2026-01-12T00:00:00,DK1,100.0,100.0,0.31,2.316382,100.0,100.0,0.67,5.006374
2026-01-11T22:00:00,2026-01-11T23:00:00,DK1,100.0,100.0,1.2,8.96688,100.0,100.0,0.67,5.006508
2026-01-11T21:00:00,2026-01-11T22:00:00,DK1,100.0,100.0,1.2,8.96688,100.0,100.0,0.67,5.006508
2026-01-11T20:00:00,2026-01-11T21:00:00,DK1,100.0,100.0,1.2,8.96688,100.0,100.0,0.67,5.006508
2026-01-11T19:00:00,2026-01-11T20:00:00,DK1,100.0,100.0,10.49,78.385476,100.0,100.0,0.4,2.98896
2026-01-11T18:00:00,2026-01-11T19:00:00,DK1,100.0,100.0,14.99,112.011276,100.0,100.0,0.4,2.98896
2026-01-11T17:00:00,2026-01-11T18:00:00,DK1,100.0,100.0,18.39,137.417436,100.0,100.0,0.4,2.98896
2026-01-11T16:00:00,2026-01-11T17:00:00,DK1,100.0,100.0,22.47,167.904828,100.0,100.0,0.4,2.98896
2026-01-11T15:00:00,2026-01-11T16:00:00,DK1,100.0,100.0,1.2,8.96688,100.0,100.0,0.4,2.98896
2026-01-11T14:00:00,2026-01-11T15:00:00,DK1,100.0,100.0,1.2,8.96688,100.0,100.0,0.4,2.98896
2026-01-11T13:00:00,2026-01-11T14:00:00,DK1,100.0,100.0,1.2,8.96688,100.0,100.0,0.67,5.006508
2026-01-11T12:00:00,2026-01-11T13:00:00,DK1,100.0,100.0,3.35,25.03254,100.0,100.0,0.67,5.006508
2026-01-11T11:00:00,2026-01-11T12:00:00,DK1,100.0,100.0,1.2,8.96688,100.0,100.0,0.67,5.006508
2026-01-11T10:00:00,2026-01-11T11:00:00,DK1,100.0,100.0,1.2,8.96688,100.0,100.0,0.67,5.006508
2026-01-11T09:00:00,2026-01-11T10:00:00,DK1,100.0,100.0,1.2,8.96688,100.0,100.0,0.67,5.006508
2026-01-11T08:00:00,2026-01-11T09:00:00,DK1,100.0,100.0,1.2,8.96688,100.0,100.0,1.07,7.995468
2026-01-11T07:00:00,2026-01-11T08:00:00,DK1,100.0,100.0,1.2,8.96688,100.0,100.0,1.07,7.995468
2026-01-11T06:00:00,2026-01-11T07:00:00,DK1,100.0,100.0,1.2,8.96688,100.0,100.0,0.67,5.006508
2026-01-11T05:00:00,2026-01-11T06:00:00,DK1,100.0,100.0,3.35,25.03254,100.0,100.0,0.67,5.006508
2026-01-11T04:00:00,2026-01-11T05:00:00,DK1,100.0,100.0,1.2,8.96688,100.0,100.0,0.67,5.006508
2026-01-11T03:00:00,2026-01-11T04:00:00,DK1,100.0,100.0,0.67,5.006508,100.0,100.0,0.67,5.006508
2026-01-11T02:00:00,2026-01-11T03:00:00,DK1,100.0,100.0,0.31,2.316444,100.0,100.0,0.67,5.006508
2026-01-11T01:00:00,2026-01-11T02:00:00,DK1,100.0,100.0,0.31,2.316444,100.0,100.0,0.67,5.006508
2026-01-11T00:00:00,2026-01-11T01:00:00,DK1,100.0,100.0,0.67,5.006508,100.0,100.0,0.67,5.006508
2026-01-10T23:00:00,2026-01-11T00:00:00,DK1,100.0,100.0,0.54,4.035096,100.0,100.0,0.4,2.98896
2026-01-10T22:00:00,2026-01-10T23:00:00,DK1,100.0,100.0,1.2,8.96688,100.0,100.0,0.8,5.97792
2026-01-10T21:00:00,2026-01-10T22:00:00,DK1,100.0,100.0,1.2,8.96688,100.0,100.0,0.8,5.97792
2026-01-10T20:00:00,2026-01-10T21:00:00,DK1,100.0,100.0,1.2,8.96688,100.0,100.0,0.54,4.035096
2026-01-10T19:00:00,2026-01-10T20:00:00,DK1,100.0,100.0,1.2,8.96688,100.0,100.0,0.27,2.017548
2026-01-10T18:00:00,2026-01-10T19:00:00,DK1,100.0,100.0,3.35,25.03254,100.0,100.0,0.27,2.017548
2026-01-10T17:00:00,2026-01-10T18:00:00,DK1,100.0,100.0,1.2,8.96688,100.0,100.0,0.27,2.017548
2026-01-10T16:00:00,2026-01-10T17:00:00,DK1,100.0,100.0,3.35,25.03254,100.0,100.0,0.27,2.017548
2026-01-10T15:00:00,2026-01-10T16:00:00,DK1,100.0,100.0,1.2,8.96688,100.0,100.0,0.8,5.97792
2026-01-10T14:00:00,2026-01-10T15:00:00,DK1,100.0,100.0,1.3,9.71412,100.0,100.0,0.8,5.97792
2026-01-10T13:00:00,2026-01-10T14:00:00,DK1,100.0,100.0,1.2,8.96688,100.0,100.0,1.07,7.995468
2026-01-10T12:00:00,2026-01-10T13:00:00,DK1,100.0,100.0,3.35,25.03254,100.0,100.0,1.07,7.995468
2026-01-10T11:00:00,2026-01-10T12:00:00,DK1,100.0,100.0,1.2,8.96688,100.0,100.0,1.07,7.995468
2026-01-10T10:00:00,2026-01-10T11:00:00,DK1,100.0,100.0,1.2,8.96688,100.0,100.0,1.07,7.995468
2026-01-10T09:00:00,2026-01-10T10:00:00,DK1,100.0,100.0,3.35,25.03254,100.0,100.0,1.07,7.995468
2026-01-10T08:00:00,2026-01-10T09:00:00,DK1,100.0,100.0,3.35,25.03254,100.0,100.0,1.07,7.995468
2026-01-10T07:00:00,2026-01-10T08:00:00,DK1,100.0,100.0,1.2,8.96688,100.0,100.0,0.67,5.006508
2026-01-10T06:00:00,2026-01-10T07:00:00,DK1,100.0,100.0,1.2,8.96688,100.0,100.0,1.07,7.995468
2026-01-10T05:00:00,2026-01-10T06:00:00,DK1,100.0,100.0,0.67,5.006508,100.0,100.0,3.0,22.4172
2026-01-10T04:00:00,2026-01-10T05:00:00,DK1,100.0,100.0,0.67,5.006508,100.0,100.0,3.0,22.4172
2026-01-10T03:00:00,2026-01-10T04:00:00,DK1,100.0,100.0,0.67,5.006508,100.0,100.0,3.0,22.4172
2026-01-10T02:00:00,2026-01-10T03:00:00,DK1,100.0,100.0,0.31,2.316444,100.0,100.0,3.0,22.4172
2026-01-10T01:00:00,2026-01-10T02:00:00,DK1,100.0,100.0,0.31,2.316444,100.0,100.0,3.0,22.4172
2026-01-10T00:00:00,2026-01-10T01:00:00,DK1,100.0,100.0,0.31,2.316444,100.0,100.0,3.0,22.4172
2026-01-09T23:00:00,2026-01-10T00:00:00,DK1,100.0,100.0,0.31,2.316444,100.0,100.0,0.8,5.97792
2026-01-09T22:00:00,2026-01-09T23:00:00,DK1,100.0,100.0,1.2,8.96688,100.0,100.0,0.67,5.006508
2026-01-09T21:00:00,2026-01-09T22:00:00,DK1,100.0,100.0,1.34,10.013016,100.0,100.0,0.67,5.006508
2026-01-09T20:00:00,2026-01-09T21:00:00,DK1,100.0,100.0,1.63,12.180012,100.0,100.0,1.07,7.995468
2026-01-09T19:00:00,2026-01-09T20:00:00,DK1,100.0,100.0,6.69,49.990356,100.0,100.0,0.8,5.97792
2026-01-09T18:00:00,2026-01-09T19:00:00,DK1,100.0,100.0,6.69,49.990356,100.0,100.0,0.8,5.97792
2026-01-09T17:00:00,2026-01-09T18:00:00,DK1,100.0,100.0,14.43,107.826732,100.0,100.0,0.8,5.97792
2026-01-09T16:00:00,2026-01-09T17:00:00,DK1,100.0,100.0,25.16,188.005584,100.0,100.0,0.8,5.97792
2026-01-09T15:00:00,2026-01-09T16:00:00,DK1,100.0,100.0,15.44,115.373856,100.0,100.0,0.67,5.006508
2026-01-09T14:00:00,2026-01-09T15:00:00,DK1,100.0,100.0,1.2,8.96688,100.0,100.0,0.67,5.006508
2026-01-09T13:00:00,2026-01-09T14:00:00,DK1,100.0,100.0,1.2,8.96688,100.0,100.0,0.67,5.006508
2026-01-09T12:00:00,2026-01-09T13:00:00,DK1,100.0,100.0,14.45,107.97618,100.0,100.0,0.67,5.006508
2026-01-09T11:00:00,2026-01-09T12:00:00,DK1,100.0,100.0,13.43,100.354332,100.0,100.0,0.67,5.006508
2026-01-09T10:00:00,2026-01-09T11:00:00,DK1,100.0,100.0,6.69,49.990356,100.0,100.0,0.67,5.006508
2026-01-09T09:00:00,2026-01-09T10:00:00,DK1,100.0,100.0,17.53,130.991172,100.0,100.0,0.67,5.006508
2026-01-09T08:00:00,2026-01-09T09:00:00,DK1,100.0,100.0,22.78,170.221272,100.0,100.0,0.67,5.006508
2026-01-09T07:00:00,2026-01-09T08:00:00,DK1,100.0,100.0,1.2,8.96688,100.0,100.0,0.67,5.006508
2026-01-09T06:00:00,2026-01-09T07:00:00,DK1,100.0,100.0,1.2,8.96688,100.0,100.0,0.67,5.006508
2026-01-09T05:00:00,2026-01-09T06:00:00,DK1,100.0,100.0,1.2,8.96688,100.0,100.0,0.8,5.97792
2026-01-09T04:00:00,2026-01-09T05:00:00,DK1,100.0,100.0,0.67,5.006508,100.0,100.0,1.7,12.70308
2026-01-09T03:00:00,2026-01-09T04:00:00,DK1,100.0,100.0,0.67,5.006508,100.0,100.0,3.0,22.4172
2026-01-09T02:00:00,2026-01-09T03:00:00,DK1,100.0,100.0,0.67,5.006508,100.0,100.0,3.0,22.4172
2026-01-09T01:00:00,2026-01-09T02:00:00,DK1,100.0,100.0,0.67,5.006508,100.0,100.0,0.8,5.97792
2026-01-09T00:00:00,2026-01-09T01:00:00,DK1,100.0,100.0,0.54,4.035096,100.0,100.0,0.8,5.97792
2026-01-08T23:00:00,2026-01-09T00:00:00,DK1,100.0,100.0,0.67,5.006508,100.0,100.0,0.8,5.97792
2026-01-08T22:00:00,2026-01-08T23:00:00,DK1,100.0,100.0,3.35,25.0312,100.0,100.0,0.67,5.00624
2026-01-08T21:00:00,2026-01-08T22:00:00,DK1,100.0,100.0,22.53,168.34416,100.0,100.0,0.67,5.00624
2026-01-08T20:00:00,2026-01-08T21:00:00,DK1,100.0,100.0,13.38,99.97536,100.0,100.0,0.27,2.01744
2026-01-08T19:00:00,2026-01-08T20:00:00,DK1,100.0,100.0,26.78,200.10016,100.0,100.0,0.27,2.01744
2026-01-08T18:00:00,2026-01-08T19:00:00,DK1,100.0,100.0,59.96,448.02112,100.0,100.0,0.27,2.01744
2026-01-08T17:00:00,2026-01-08T18:00:00,DK1,100.0,100.0,79.4,593.2768,100.0,100.0,0.27,2.01744
2026-01-08T16:00:00,2026-01-08T17:00:00,DK1,100.0,100.0,95.44,713.12768,100.0,100.0,0.27,2.01744
2026-01-08T15:00:00,2026-01-08T16:00:00,DK1,100.0,100.0,59.96,448.02112,100.0,100.0,0.41,3.06352
2026-01-08T14:00:00,2026-01-08T15:00:00,DK1,100.0,100.0,26.78,200.10016,100.0,100.0,0.41,3.06352
2026-01-08T13:00:00,2026-01-08T14:00:00,DK1,100.0,100.0,26.78,200.10016,100.0,100.0,0.41,3.06352
2026-01-08T12:00:00,2026-01-08T13:00:00,DK1,100.0,100.0,26.78,200.10016,100.0,100.0,0.4,2.9888
2026-01-08T11:00:00,2026-01-08T12:00:00,DK1,100.0,100.0,26.78,200.10016,100.0,100.0,0.4,2.9888
2026-01-08T10:00:00,2026-01-08T11:00:00,DK1,100.0,100.0,26.78,200.10016,100.0,100.0,0.4,2.9888
2026-01-08T09:00:00,2026-01-08T10:00:00,DK1,100.0,100.0,19.81,148.02032,100.0,100.0,0.41,3.06352
2026-01-08T08:00:00,2026-01-08T09:00:00,DK1,100.0,100.0,26.78,200.10016,100.0,100.0,0.41,3.06352
2026-01-08T07:00:00,2026-01-08T08:00:00,DK1,100.0,100.0,13.38,99.97536,100.0,100.0,0.41,3.06352
2026-01-08T06:00:00,2026-01-08T07:00:00,DK1,100.0,100.0,1.2,8.9664,100.0,100.0,0.41,3.06352
2026-01-08T05:00:00,2026-01-08T06:00:00,DK1,100.0,100.0,26.78,200.10016,100.0,100.0,0.67,5.00624
2026-01-08T04:00:00,2026-01-08T05:00:00,DK1,100.0,100.0,1.2,8.9664,100.0,100.0,0.8,5.9776
2026-01-08T03:00:00,2026-01-08T04:00:00,DK1,100.0,100.0,1.2,8.9664,100.0,100.0,0.67,5.00624
2026-01-08T02:00:00,2026-01-08T03:00:00,DK1,100.0,100.0,1.2,8.9664,100.0,100.0,0.67,5.00624
2026-01-08T01:00:00,2026-01-08T02:00:00,DK1,100.0,100.0,0.67,5.00624,100.0,100.0,0.67,5.00624
2026-01-08T00:00:00,2026-01-08T01:00:00,DK1,100.0,100.0,0.67,5.00624,100.0,100.0,0.67,5.00624
2026-01-07T23:00:00,2026-01-08T00:00:00,DK1,100.0,100.0,0.67,5.00624,100.0,100.0,0.67,5.00624
2026-01-07T22:00:00,2026-01-07T23:00:00,DK1,100.0,100.0,13.39,100.056775,100.0,100.0,0.8,5.978
2026-01-07T21:00:00,2026-01-07T22:00:00,DK1,100.0,100.0,13.39,100.056775,100.0,100.0,0.8,5.978
2026-01-07T20:00:00,2026-01-07T21:00:00,DK1,100.0,100.0,30.87,230.676075,100.0,100.0,0.27,2.017575
2026-01-07T19:00:00,2026-01-07T20:00:00,DK1,100.0,100.0,45.62,340.89545,100.0,100.0,0.27,2.017575
2026-01-07T18:00:00,2026-01-07T19:00:00,DK1,100.0,100.0,59.98,448.20055,100.0,100.0,0.27,2.017575
2026-01-07T17:00:00,2026-01-07T18:00:00,DK1,100.0,100.0,60.64,453.1324,100.0,100.0,0.27,2.017575
2026-01-07T16:00:00,2026-01-07T17:00:00,DK1,100.0,100.0,62.38,466.13455,100.0,100.0,0.27,2.017575
2026-01-07T15:00:00,2026-01-07T16:00:00,DK1,100.0,100.0,26.78,200.11355,100.0,100.0,0.27,2.017575
2026-01-07T14:00:00,2026-01-07T15:00:00,DK1,100.0,100.0,26.78,200.11355,100.0,100.0,0.4,2.989
2026-01-07T13:00:00,2026-01-07T14:00:00,DK1,100.0,100.0,19.81,148.030225,100.0,100.0,0.4,2.989
2026-01-07T12:00:00,2026-01-07T13:00:00,DK1,100.0,100.0,26.78,200.11355,100.0,100.0,0.27,2.017575
2026-01-07T11:00:00,2026-01-07T12:00:00,DK1,100.0,100.0,26.78,200.11355,100.0,100.0,0.27,2.017575
2026-01-07T10:00:00,2026-01-07T11:00:00,DK1,100.0,100.0,26.78,200.11355,100.0,100.0,0.27,2.017575
2026-01-07T09:00:00,2026-01-07T10:00:00,DK1,100.0,100.0,26.78,200.11355,100.0,100.0,0.4,2.989
2026-01-07T08:00:00,2026-01-07T09:00:00,DK1,100.0,100.0,26.78,200.11355,100.0,100.0,0.4,2.989
2026-01-07T07:00:00,2026-01-07T08:00:00,DK1,100.0,100.0,26.78,200.11355,100.0,100.0,0.4,2.989
2026-01-07T06:00:00,2026-01-07T07:00:00,DK1,100.0,100.0,26.78,200.11355,100.0,100.0,0.4,2.989
2026-01-07T05:00:00,2026-01-07T06:00:00,DK1,100.0,100.0,26.78,200.11355,100.0,100.0,0.4,2.989
2026-01-07T04:00:00,2026-01-07T05:00:00,DK1,100.0,100.0,13.39,100.056775,100.0,100.0,0.67,5.006575
2026-01-07T03:00:00,2026-01-07T04:00:00,DK1,100.0,100.0,21.11,157.744475,100.0,100.0,0.67,5.006575
2026-01-07T02:00:00,2026-01-07T03:00:00,DK1,100.0,100.0,1.2,8.967,100.0,100.0,0.67,5.006575
2026-01-07T01:00:00,2026-01-07T02:00:00,DK1,100.0,100.0,3.35,25.032875,100.0,100.0,0.67,5.006575
2026-01-07T00:00:00,2026-01-07T01:00:00,DK1,100.0,100.0,0.67,5.006575,100.0,100.0,0.67,5.006575
2026-01-06T23:00:00,2026-01-07T00:00:00,DK1,100.0,100.0,0.67,5.006575,100.0,100.0,0.67,5.006575
2026-01-06T22:00:00,2026-01-06T23:00:00,DK1,100.0,100.0,6.69,49.992363,100.0,100.0,0.27,2.017629
2026-01-06T21:00:00,2026-01-06T22:00:00,DK1,100.0,100.0,6.02,44.985654,100.0,100.0,0.27,2.017629
2026-01-06T20:00:00,2026-01-06T21:00:00,DK1,100.0,100.0,19.81,148.034187,100.0,100.0,0.27,2.017629
2026-01-06T19:00:00,2026-01-06T20:00:00,DK1,100.0,100.0,19.81,148.034187,100.0,100.0,0.27,2.017629
2026-01-06T18:00:00,2026-01-06T19:00:00,DK1,100.0,100.0,59.98,448.212546,100.0,100.0,0.27,2.017629
2026-01-06T17:00:00,2026-01-06T18:00:00,DK1,100.0,100.0,118.89,888.429303,100.0,100.0,0.27,2.017629
2026-01-06T16:00:00,2026-01-06T17:00:00,DK1,100.0,100.0,122.93,918.619011,100.0,100.0,0.27,2.017629
2026-01-06T15:00:00,2026-01-06T16:00:00,DK1,100.0,100.0,59.98,448.212546,100.0,100.0,0.4,2.98908
2026-01-06T14:00:00,2026-01-06T15:00:00,DK1,100.0,100.0,13.39,100.059453,100.0,100.0,1.07,7.995789
2026-01-06T13:00:00,2026-01-06T14:00:00,DK1,100.0,100.0,6.69,49.992363,100.0,100.0,1.07,7.995789
2026-01-06T12:00:00,2026-01-06T13:00:00,DK1,100.0,100.0,6.69,49.992363,100.0,100.0,0.4,2.98908
2026-01-06T11:00:00,2026-01-06T12:00:00,DK1,100.0,100.0,6.69,49.992363,100.0,100.0,0.4,2.98908
2026-01-06T10:00:00,2026-01-06T11:00:00,DK1,100.0,100.0,6.69,49.992363,100.0,100.0,0.4,2.98908
2026-01-06T09:00:00,2026-01-06T10:00:00,DK1,100.0,100.0,6.69,49.992363,100.0,100.0,1.07,7.995789
2026-01-06T08:00:00,2026-01-06T09:00:00,DK1,100.0,100.0,6.69,49.992363,100.0,100.0,1.07,7.995789
2026-01-06T07:00:00,2026-01-06T08:00:00,DK1,100.0,100.0,6.02,44.985654,100.0,100.0,1.07,7.995789
2026-01-06T06:00:00,2026-01-06T07:00:00,DK1,100.0,100.0,13.39,100.059453,100.0,100.0,1.07,7.995789
2026-01-06T05:00:00,2026-01-06T06:00:00,DK1,100.0,100.0,6.02,44.985654,100.0,100.0,0.27,2.017629
2026-01-06T04:00:00,2026-01-06T05:00:00,DK1,100.0,100.0,6.02,44.985654,100.0,100.0,0.4,2.98908
2026-01-06T03:00:00,2026-01-06T04:00:00,DK1,100.0,100.0,6.69,49.992363,100.0,100.0,0.34,2.540718
2026-01-06T02:00:00,2026-01-06T03:00:00,DK1,100.0,100.0,1.21,9.041967,100.0,100.0,0.34,2.540718
2026-01-06T01:00:00,2026-01-06T02:00:00,DK1,100.0,100.0,0.67,5.006709,100.0,100.0,0.34,2.540718
2026-01-06T00:00:00,2026-01-06T01:00:00,DK1,100.0,100.0,0.54,4.035258,100.0,100.0,0.4,2.98908
2026-01-05T23:00:00,2026-01-06T00:00:00,DK1,100.0,100.0,3.35,25.033545,100.0,100.0,0.4,2.98908
2026-01-05T22:00:00,2026-01-05T23:00:00,DK1,100.0,100.0,50.58,377.80731,100.0,100.0,0.4,2.9878
2026-01-05T21:00:00,2026-01-05T22:00:00,DK1,100.0,100.0,53.93,402.830135,100.0,100.0,0.27,2.016765
2026-01-05T20:00:00,2026-01-05T21:00:00,DK1,100.0,100.0,70.67,527.869565,100.0,100.0,0.27,2.016765
2026-01-05T19:00:00,2026-01-05T20:00:00,DK1,100.0,100.0,82.98,619.81911,100.0,100.0,0.27,2.016765
2026-01-05T18:00:00,2026-01-05T19:00:00,DK1,100.0,100.0,103.76,775.03532,100.0,100.0,0.27,2.016765
2026-01-05T17:00:00,2026-01-05T18:00:00,DK1,100.0,100.0,127.2,950.1204,100.0,100.0,0.27,2.016765
2026-01-05T16:00:00,2026-01-05T17:00:00,DK1,100.0,100.0,144.68,1080.68726,100.0,100.0,0.27,2.016765
2026-01-05T15:00:00,2026-01-05T16:00:00,DK1,100.0,100.0,111.52,832.99864,100.0,100.0,0.27,2.016765
2026-01-05T14:00:00,2026-01-05T15:00:00,DK1,100.0,100.0,80.6,602.0417,100.0,100.0,0.27,2.016765
2026-01-05T13:00:00,2026-01-05T14:00:00,DK1,100.0,100.0,65.2,487.0114,100.0,100.0,0.27,2.016765
2026-01-05T12:00:00,2026-01-05T13:00:00,DK1,100.0,100.0,46.59,348.004005,100.0,100.0,0.27,2.016765
2026-01-05T11:00:00,2026-01-05T12:00:00,DK1,100.0,100.0,46.59,348.004005,100.0,100.0,0.27,2.016765
2026-01-05T10:00:00,2026-01-05T11:00:00,DK1,100.0,100.0,46.59,348.004005,100.0,100.0,0.27,2.016765
2026-01-05T09:00:00,2026-01-05T10:00:00,DK1,100.0,100.0,64.17,479.317815,100.0,100.0,0.27,2.016765
2026-01-05T08:00:00,2026-01-05T09:00:00,DK1,100.0,100.0,44.58,332.99031,100.0,100.0,0.27,2.016765
2026-01-05T07:00:00,2026-01-05T08:00:00,DK1,100.0,100.0,19.82,148.04549,100.0,100.0,0.27,2.016765
2026-01-05T06:00:00,2026-01-05T07:00:00,DK1,100.0,100.0,6.02,44.96639,100.0,100.0,0.27,2.016765
2026-01-05T05:00:00,2026-01-05T06:00:00,DK1,100.0,100.0,49.72,371.38354,100.0,100.0,0.27,2.016765
2026-01-05T04:00:00,2026-01-05T05:00:00,DK1,100.0,100.0,6.02,44.96639,100.0,100.0,0.8,5.9756
2026-01-05T03:00:00,2026-01-05T04:00:00,DK1,100.0,100.0,24.49,182.928055,100.0,100.0,0.8,5.9756
2026-01-05T02:00:00,2026-01-05T03:00:00,DK1,100.0,100.0,19.82,148.04549,100.0,100.0,0.8,5.9756
2026-01-05T01:00:00,2026-01-05T02:00:00,DK1,100.0,100.0,25.78,192.56371,100.0,100.0,0.4,2.9878
2026-01-05T00:00:00,2026-01-05T01:00:00,DK1,100.0,100.0,19.82,148.04549,100.0,100.0,0.27,2.016765
2026-01-04T23:00:00,2026-01-05T00:00:00,DK1,100.0,100.0,19.82,148.04549,100.0,100.0,0.4,2.9878
2026-01-04T22:00:00,2026-01-04T23:00:00,DK1,100.0,100.0,6.69,49.970286,100.0,100.0,0.27,2.016738
2026-01-04T21:00:00,2026-01-04T22:00:00,DK1,100.0,100.0,6.02,44.965788,100.0,100.0,0.27,2.016738
2026-01-04T20:00:00,2026-01-04T21:00:00,DK1,100.0,100.0,6.69,49.970286,100.0,100.0,0.26,1.942044
2026-01-04T19:00:00,2026-01-04T20:00:00,DK1,100.0,100.0,39.05,291.68007,100.0,100.0,0.26,1.942044
2026-01-04T18:00:00,2026-01-04T19:00:00,DK1,100.0,100.0,49.88,372.573672,100.0,100.0,0.26,1.942044
2026-01-04T17:00:00,2026-01-04T18:00:00,DK1,100.0,100.0,19.81,147.968814,100.0,100.0,0.26,1.942044
2026-01-04T16:00:00,2026-01-04T17:00:00,DK1,100.0,100.0,19.81,147.968814,100.0,100.0,0.26,1.942044
2026-01-04T15:00:00,2026-01-04T16:00:00,DK1,100.0,100.0,50.85,379.81899,100.0,100.0,0.26,1.942044
2026-01-04T14:00:00,2026-01-04T15:00:00,DK1,100.0,100.0,6.69,49.970286,100.0,100.0,0.27,2.016738
2026-01-04T13:00:00,2026-01-04T14:00:00,DK1,100.0,100.0,6.69,49.970286,100.0,100.0,0.27,2.016738
2026-01-04T12:00:00,2026-01-04T13:00:00,DK1,100.0,100.0,6.69,49.970286,100.0,100.0,0.27,2.016738
2026-01-04T11:00:00,2026-01-04T12:00:00,DK1,100.0,100.0,6.69,49.970286,100.0,100.0,0.27,2.016738
2026-01-04T10:00:00,2026-01-04T11:00:00,DK1,100.0,100.0,6.69,49.970286,100.0,100.0,0.27,2.016738
2026-01-04T09:00:00,2026-01-04T10:00:00,DK1,100.0,100.0,6.69,49.970286,100.0,100.0,0.27,2.016738
2026-01-04T08:00:00,2026-01-04T09:00:00,DK1,100.0,100.0,6.69,49.970286,100.0,100.0,0.27,2.016738
2026-01-04T07:00:00,2026-01-04T08:00:00,DK1,100.0,100.0,6.02,44.965788,100.0,100.0,0.27,2.016738
2026-01-04T06:00:00,2026-01-04T07:00:00,DK1,100.0,100.0,6.02,44.965788,100.0,100.0,0.4,2.98776
2026-01-04T05:00:00,2026-01-04T06:00:00,DK1,100.0,100.0,6.02,44.965788,100.0,100.0,0.4,2.98776
2026-01-04T04:00:00,2026-01-04T05:00:00,DK1,100.0,100.0,6.02,44.965788,100.0,100.0,0.27,2.016738
2026-01-04T03:00:00,2026-01-04T04:00:00,DK1,100.0,100.0,19.17,143.188398,100.0,100.0,0.27,2.016738
2026-01-04T02:00:00,2026-01-04T03:00:00,DK1,100.0,100.0,1.2,8.96328,100.0,100.0,0.27,2.016738
2026-01-04T01:00:00,2026-01-04T02:00:00,DK1,100.0,100.0,1.2,8.96328,100.0,100.0,0.27,2.016738
2026-01-04T00:00:00,2026-01-04T01:00:00,DK1,100.0,100.0,1.2,8.96328,100.0,100.0,0.27,2.016738
2026-01-03T23:00:00,2026-01-04T00:00:00,DK1,100.0,100.0,3.35,25.02249,100.0,100.0,0.27,2.016738
2026-01-03T22:00:00,2026-01-03T23:00:00,DK1,100.0,100.0,6.69,49.970286,100.0,100.0,0.27,2.016738
2026-01-03T21:00:00,2026-01-03T22:00:00,DK1,100.0,100.0,22.0,164.3268,100.0,100.0,0.27,2.016738
2026-01-03T20:00:00,2026-01-03T21:00:00,DK1,100.0,100.0,42.35,316.32909,100.0,100.0,0.27,2.016738
2026-01-03T19:00:00,2026-01-03T20:00:00,DK1,100.0,100.0,44.77,334.405038,100.0,100.0,0.27,2.016738
2026-01-03T18:00:00,2026-01-03T19:00:00,DK1,100.0,100.0,49.47,369.511218,100.0,100.0,0.27,2.016738
2026-01-03T17:00:00,2026-01-03T18:00:00,DK1,100.0,100.0,46.59,347.999346,100.0,100.0,0.27,2.016738
2026-01-03T16:00:00,2026-01-03T17:00:00,DK1,100.0,100.0,46.59,347.999346,100.0,100.0,0.27,2.016738
2026-01-03T15:00:00,2026-01-03T16:00:00,DK1,100.0,100.0,40.17,300.045798,100.0,100.0,0.27,2.016738
2026-01-03T14:00:00,2026-01-03T15:00:00,DK1,100.0,100.0,32.17,240.290598,100.0,100.0,0.27,2.016738
2026-01-03T13:00:00,2026-01-03T14:00:00,DK1,100.0,100.0,27.43,204.885642,100.0,100.0,0.4,2.98776
2026-01-03T12:00:00,2026-01-03T13:00:00,DK1,100.0,100.0,6.69,49.970286,100.0,100.0,0.27,2.016738
2026-01-03T11:00:00,2026-01-03T12:00:00,DK1,100.0,100.0,18.81,140.499414,100.0,100.0,0.27,2.016738
2026-01-03T10:00:00,2026-01-03T11:00:00,DK1,100.0,100.0,20.08,149.985552,100.0,100.0,0.27,2.016738
2026-01-03T09:00:00,2026-01-03T10:00:00,DK1,100.0,100.0,30.02,224.231388,100.0,100.0,0.27,2.016738
2026-01-03T08:00:00,2026-01-03T09:00:00,DK1,100.0,100.0,6.69,49.970286,100.0,100.0,0.27,2.016738
2026-01-03T07:00:00,2026-01-03T08:00:00,DK1,100.0,100.0,6.69,49.970286,100.0,100.0,0.27,2.016738
2026-01-03T06:00:00,2026-01-03T07:00:00,DK1,100.0,100.0,6.69,49.970286,100.0,100.0,0.27,2.016738
2026-01-03T05:00:00,2026-01-03T06:00:00,DK1,100.0,100.0,11.81,88.213614,100.0,100.0,0.29,2.166126
2026-01-03T04:00:00,2026-01-03T05:00:00,DK1,100.0,100.0,8.86,66.178884,100.0,100.0,0.29,2.166126
2026-01-03T03:00:00,2026-01-03T04:00:00,DK1,100.0,100.0,6.69,49.970286,100.0,100.0,0.29,2.166126
2026-01-03T02:00:00,2026-01-03T03:00:00,DK1,100.0,100.0,6.59,49.223346,100.0,100.0,0.29,2.166126
2026-01-03T01:00:00,2026-01-03T02:00:00,DK1,100.0,100.0,1.21,9.037974,100.0,100.0,0.29,2.166126
2026-01-03T00:00:00,2026-01-03T01:00:00,DK1,100.0,100.0,1.21,9.037974,100.0,100.0,0.29,2.166126
2026-01-02T23:00:00,2026-01-03T00:00:00,DK1,100.0,100.0,1.21,9.037974,100.0,100.0,0.29,2.166126
2026-01-02T22:00:00,2026-01-02T23:00:00,DK1,100.0,100.0,6.02,44.965788,100.0,100.0,0.27,2.016738
2026-01-02T21:00:00,2026-01-02T22:00:00,DK1,100.0,100.0,20.32,151.778208,100.0,100.0,0.27,2.016738
2026-01-02T20:00:00,2026-01-02T21:00:00,DK1,100.0,100.0,18.34,136.988796,100.0,100.0,0.27,2.016738
2026-01-02T19:00:00,2026-01-02T20:00:00,DK1,100.0,100.0,19.68,146.997792,100.0,100.0,0.27,2.016738
2026-01-02T18:00:00,2026-01-02T19:00:00,DK1,100.0,100.0,19.23,143.636562,100.0,100.0,0.27,2.016738
2026-01-02T17:00:00,2026-01-02T18:00:00,DK1,100.0,100.0,6.69,49.970286,100.0,100.0,0.27,2.016738
2026-01-02T16:00:00,2026-01-02T17:00:00,DK1,100.0,100.0,6.69,49.970286,100.0,100.0,0.27,2.016738
2026-01-02T15:00:00,2026-01-02T16:00:00,DK1,100.0,100.0,6.02,44.965788,100.0,100.0,0.27,2.016738
2026-01-02T14:00:00,2026-01-02T15:00:00,DK1,100.0,100.0,6.69,49.970286,100.0,100.0,0.27,2.016738
2026-01-02T13:00:00,2026-01-02T14:00:00,DK1,100.0,100.0,6.69,49.970286,100.0,100.0,0.27,2.016738
2026-01-02T12:00:00,2026-01-02T13:00:00,DK1,100.0,100.0,5.75,42.94905,100.0,100.0,0.27,2.016738
2026-01-02T11:00:00,2026-01-02T12:00:00,DK1,100.0,100.0,6.69,49.970286,100.0,100.0,0.27,2.016738
2026-01-02T10:00:00,2026-01-02T11:00:00,DK1,100.0,100.0,6.02,44.965788,100.0,100.0,0.27,2.016738
2026-01-02T09:00:00,2026-01-02T10:00:00,DK1,100.0,100.0,6.02,44.965788,100.0,100.0,0.27,2.016738
2026-01-02T08:00:00,2026-01-02T09:00:00,DK1,100.0,100.0,6.02,44.965788,100.0,100.0,0.27,2.016738
2026-01-02T07:00:00,2026-01-02T08:00:00,DK1,100.0,100.0,6.69,49.970286,100.0,100.0,0.27,2.016738
2026-01-02T06:00:00,2026-01-02T07:00:00,DK1,100.0,100.0,1.34,10.008996,100.0,100.0,0.27,2.016738
2026-01-02T05:00:00,2026-01-02T06:00:00,DK1,100.0,100.0,2.01,15.013494,100.0,100.0,0.29,2.166126
2026-01-02T04:00:00,2026-01-02T05:00:00,DK1,100.0,100.0,1.21,9.037974,100.0,100.0,0.29,2.166126
2026-01-02T03:00:00,2026-01-02T04:00:00,DK1,100.0,100.0,1.34,10.008996,100.0,100.0,0.29,2.166126
2026-01-02T02:00:00,2026-01-02T03:00:00,DK1,100.0,100.0,2.01,15.013494,100.0,100.0,0.29,2.166126
2026-01-02T01:00:00,2026-01-02T02:00:00,DK1,100.0,100.0,1.21,9.037974,100.0,100.0,0.29,2.166126
2026-01-02T00:00:00,2026-01-02T01:00:00,DK1,100.0,100.0,1.2,8.96328,100.0,100.0,0.29,2.166126
2026-01-01T23:00:00,2026-01-02T00:00:00,DK1,100.0,100.0,1.2,8.96328,100.0,100.0,0.29,2.166126
2026-01-01T22:00:00,2026-01-01T23:00:00,DK1,100.0,100.0,1.21,9.037369,100.0,100.0,0.4,2.98756
2026-01-01T21:00:00,2026-01-01T22:00:00,DK1,100.0,100.0,1.21,9.037369,100.0,100.0,0.47,3.510383
2026-01-01T20:00:00,2026-01-01T21:00:00,DK1,100.0,100.0,2.68,20.016652,100.0,100.0,0.27,2.016603
2026-01-01T19:00:00,2026-01-01T20:00:00,DK1,100.0,100.0,3.0,22.4067,100.0,100.0,0.27,2.016603
2026-01-01T18:00:00,2026-01-01T19:00:00,DK1,100.0,100.0,3.35,25.020815,100.0,100.0,0.4,2.98756
2026-01-01T17:00:00,2026-01-01T18:00:00,DK1,100.0,100.0,3.35,25.020815,100.0,100.0,0.27,2.016603
2026-01-01T16:00:00,2026-01-01T17:00:00,DK1,100.0,100.0,3.35,25.020815,100.0,100.0,0.27,2.016603
2026-01-01T15:00:00,2026-01-01T16:00:00,DK1,100.0,100.0,2.64,19.717896,100.0,100.0,0.27,2.016603
2026-01-01T14:00:00,2026-01-01T15:00:00,DK1,100.0,100.0,1.21,9.037369,100.0,100.0,0.4,2.98756
2026-01-01T13:00:00,2026-01-01T14:00:00,DK1,100.0,100.0,1.21,9.037369,100.0,100.0,0.4,2.98756
2026-01-01T12:00:00,2026-01-01T13:00:00,DK1,100.0,100.0,1.63,12.174307,100.0,100.0,0.47,3.510383
2026-01-01T11:00:00,2026-01-01T12:00:00,DK1,100.0,100.0,1.21,9.037369,100.0,100.0,0.47,3.510383
2026-01-01T10:00:00,2026-01-01T11:00:00,DK1,100.0,100.0,1.21,9.037369,100.0,100.0,0.47,3.510383
2026-01-01T09:00:00,2026-01-01T10:00:00,DK1,100.0,100.0,2.68,20.016652,100.0,100.0,0.4,2.98756
2026-01-01T08:00:00,2026-01-01T09:00:00,DK1,100.0,100.0,1.34,10.008326,100.0,100.0,0.4,2.98756
2026-01-01T07:00:00,2026-01-01T08:00:00,DK1,100.0,100.0,1.21,9.037369,100.0,100.0,0.4,2.98756
2026-01-01T06:00:00,2026-01-01T07:00:00,DK1,100.0,100.0,1.21,9.037369,100.0,100.0,0.4,2.98756
2026-01-01T05:00:00,2026-01-01T06:00:00,DK1,100.0,100.0,1.34,10.008326,100.0,100.0,0.4,2.98756
2026-01-01T04:00:00,2026-01-01T05:00:00,DK1,100.0,100.0,1.21,9.037369,100.0,100.0,0.27,2.016603
2026-01-01T03:00:00,2026-01-01T04:00:00,DK1,100.0,100.0,2.68,20.016652,100.0,100.0,0.27,2.016603
2026-01-01T02:00:00,2026-01-01T03:00:00,DK1,100.0,100.0,1.21,9.037369,100.0,100.0,0.27,2.016603
2026-01-01T01:00:00,2026-01-01T02:00:00,DK1,100.0,100.0,2.68,20.016652,100.0,100.0,0.27,2.016603
2026-01-01T00:00:00,2026-01-01T01:00:00,DK1,100.0,100.0,1.77,13.219953,100.0,100.0,0.27,2.016603
2025-12-31T23:00:00,2026-01-01T00:00:00,DK1,100.0,100.0,1.34,10.008326,100.0,100.0,0.27,2.016603
2025-12-31T22:00:00,2025-12-31T23:00:00,DK1,100.0,100.0,6.69,49.966941,100.0,100.0,0.4,2.98756
2025-12-31T21:00:00,2025-12-31T22:00:00,DK1,100.0,100.0,19.82,148.033598,100.0,100.0,0.27,2.016603
2025-12-31T20:00:00,2025-12-31T21:00:00,DK1,100.0,100.0,49.68,371.054952,100.0,100.0,0.27,2.016603
2025-12-31T19:00:00,2025-12-31T20:00:00,DK1,100.0,100.0,41.1,306.97179,100.0,100.0,0.27,2.016603
2025-12-31T18:00:00,2025-12-31T19:00:00,DK1,100.0,100.0,42.77,319.444853,100.0,100.0,0.27,2.016603
2025-12-31T17:00:00,2025-12-31T18:00:00,DK1,100.0,100.0,40.18,300.100402,100.0,100.0,0.27,2.016603
2025-12-31T16:00:00,2025-12-31T17:00:00,DK1,100.0,100.0,42.39,316.606671,100.0,100.0,0.27,2.016603
2025-12-31T15:00:00,2025-12-31T16:00:00,DK1,100.0,100.0,36.02,269.029778,100.0,100.0,0.27,2.016603
2025-12-31T14:00:00,2025-12-31T15:00:00,DK1,100.0,100.0,23.65,176.639485,100.0,100.0,0.27,2.016603
2025-12-31T13:00:00,2025-12-31T14:00:00,DK1,100.0,100.0,11.95,89.253355,100.0,100.0,0.27,2.016603
2025-12-31T12:00:00,2025-12-31T13:00:00,DK1,100.0,100.0,7.98,59.601822,100.0,100.0,0.27,2.016603
2025-12-31T11:00:00,2025-12-31T12:00:00,DK1,100.0,100.0,6.69,49.966941,100.0,100.0,0.27,2.016603
2025-12-31T10:00:00,2025-12-31T11:00:00,DK1,100.0,100.0,6.69,49.966941,100.0,100.0,0.27,2.016603
2025-12-31T09:00:00,2025-12-31T10:00:00,DK1,100.0,100.0,6.69,49.966941,100.0,100.0,0.27,2.016603
2025-12-31T08:00:00,2025-12-31T09:00:00,DK1,100.0,100.0,6.69,49.966941,100.0,100.0,0.27,2.016603
2025-12-31T07:00:00,2025-12-31T08:00:00,DK1,100.0,100.0,6.69,49.966941,100.0,100.0,0.27,2.016603
2025-12-31T06:00:00,2025-12-31T07:00:00,DK1,100.0,100.0,6.69,49.966941,100.0,100.0,0.4,2.98756
2025-12-31T05:00:00,2025-12-31T06:00:00,DK1,100.0,100.0,6.69,49.966941,100.0,100.0,0.4,2.98756
2025-12-31T04:00:00,2025-12-31T05:00:00,DK1,100.0,100.0,6.02,44.962778,100.0,100.0,0.4,2.98756
2025-12-31T03:00:00,2025-12-31T04:00:00,DK1,100.0,100.0,6.69,49.966941,100.0,100.0,0.4,2.98756
2025-12-31T02:00:00,2025-12-31T03:00:00,DK1,100.0,100.0,11.14,83.203546,100.0,100.0,0.4,2.98756
2025-12-31T01:00:00,2025-12-31T02:00:00,DK1,100.0,100.0,1.21,9.037369,100.0,100.0,0.27,2.016603
2025-12-31T00:00:00,2025-12-31T01:00:00,DK1,100.0,100.0,1.21,9.037369,100.0,100.0,0.27,2.016603
2025-12-30T23:00:00,2025-12-31T00:00:00,DK1,100.0,100.0,1.21,9.037369,100.0,100.0,0.27,2.016603
2025-12-30T22:00:00,2025-12-30T23:00:00,DK1,100.0,100.0,6.69,49.966941,100.0,100.0,0.27,2.016603
2025-12-30T21:00:00,2025-12-30T22:00:00,DK1,100.0,100.0,7.97,59.527133,100.0,100.0,0.27,2.016603
2025-12-30T20:00:00,2025-12-30T21:00:00,DK1,100.0,100.0,7.97,59.527133,100.0,100.0,0.27,2.016603
2025-12-30T19:00:00,2025-12-30T20:00:00,DK1,100.0,100.0,32.79,244.905231,100.0,100.0,0.27,2.016603
2025-12-30T18:00:00,2025-12-30T19:00:00,DK1,100.0,100.0,19.82,148.033598,100.0,100.0,0.4,2.98756
2025-12-30T17:00:00,2025-12-30T18:00:00,DK1,100.0,100.0,7.97,59.527133,100.0,100.0,0.27,2.016603
2025-12-30T16:00:00,2025-12-30T17:00:00,DK1,100.0,100.0,7.97,59.527133,100.0,100.0,0.27,2.016603
2025-12-30T15:00:00,2025-12-30T16:00:00,DK1,100.0,100.0,7.97,59.527133,100.0,100.0,0.27,2.016603
2025-12-30T14:00:00,2025-12-30T15:00:00,DK1,100.0,100.0,7.97,59.527133,100.0,100.0,0.4,2.98756
2025-12-30T13:00:00,2025-12-30T14:00:00,DK1,100.0,100.0,7.97,59.527133,100.0,100.0,0.4,2.98756
2025-12-30T12:00:00,2025-12-30T13:00:00,DK1,100.0,100.0,9.24,69.012636,100.0,100.0,0.27,2.016603
2025-12-30T11:00:00,2025-12-30T12:00:00,DK1,100.0,100.0,14.33,107.029337,100.0,100.0,0.27,2.016603
2025-12-30T10:00:00,2025-12-30T11:00:00,DK1,100.0,100.0,10.02,74.838378,100.0,100.0,0.27,2.016603
2025-12-30T09:00:00,2025-12-30T10:00:00,DK1,100.0,100.0,7.97,59.527133,100.0,100.0,0.27,2.016603
2025-12-30T08:00:00,2025-12-30T09:00:00,DK1,100.0,100.0,7.97,59.527133,100.0,100.0,0.27,2.016603
2025-12-30T07:00:00,2025-12-30T08:00:00,DK1,100.0,100.0,6.69,49.966941,100.0,100.0,0.27,2.016603
2025-12-30T06:00:00,2025-12-30T07:00:00,DK1,100.0,100.0,6.69,49.966941,100.0,100.0,0.27,2.016603
2025-12-30T05:00:00,2025-12-30T06:00:00,DK1,100.0,100.0,6.69,49.966941,100.0,100.0,0.27,2.016603
2025-12-30T04:00:00,2025-12-30T05:00:00,DK1,100.0,100.0,15.84,118.307376,100.0,100.0,0.27,2.016603
2025-12-30T03:00:00,2025-12-30T04:00:00,DK1,100.0,100.0,7.97,59.527133,100.0,100.0,0.27,2.016603
2025-12-30T02:00:00,2025-12-30T03:00:00,DK1,100.0,100.0,6.69,49.966941,100.0,100.0,0.27,2.016603
2025-12-30T01:00:00,2025-12-30T02:00:00,DK1,100.0,100.0,1.2,8.96268,100.0,100.0,0.27,2.016603
2025-12-30T00:00:00,2025-12-30T01:00:00,DK1,100.0,100.0,1.2,8.96268,100.0,100.0,0.27,2.016603
2025-12-29T23:00:00,2025-12-30T00:00:00,DK1,100.0,100.0,1.2,8.96268,100.0,100.0,0.27,2.016603
2025-12-29T22:00:00,2025-12-29T23:00:00,DK1,100.0,100.0,10.71,79.995132,100.0,100.0,0.27,2.016684
2025-12-29T21:00:00,2025-12-29T22:00:00,DK1,100.0,100.0,19.82,148.039544,100.0,100.0,0.27,2.016684
2025-12-29T20:00:00,2025-12-29T21:00:00,DK1,100.0,100.0,30.13,225.046996,100.0,100.0,0.4,2.98768
2025-12-29T19:00:00,2025-12-29T20:00:00,DK1,100.0,100.0,37.5,280.095,100.0,100.0,0.27,2.016684
2025-12-29T18:00:00,2025-12-29T19:00:00,DK1,100.0,100.0,45.52,339.997984,100.0,100.0,0.27,2.016684
2025-12-29T17:00:00,2025-12-29T18:00:00,DK1,100.0,100.0,50.21,375.028532,100.0,100.0,0.27,2.016684
2025-12-29T16:00:00,2025-12-29T17:00:00,DK1,100.0,100.0,52.08,388.995936,100.0,100.0,0.27,2.016684
2025-12-29T15:00:00,2025-12-29T16:00:00,DK1,100.0,100.0,40.17,300.037764,100.0,100.0,0.27,2.016684
2025-12-29T14:00:00,2025-12-29T15:00:00,DK1,100.0,100.0,33.47,249.994124,100.0,100.0,0.27,2.016684
2025-12-29T13:00:00,2025-12-29T14:00:00,DK1,100.0,100.0,18.1,135.19252,100.0,100.0,0.27,2.016684
2025-12-29T12:00:00,2025-12-29T13:00:00,DK1,100.0,100.0,14.06,105.016952,100.0,100.0,0.27,2.016684
2025-12-29T11:00:00,2025-12-29T12:00:00,DK1,100.0,100.0,15.84,118.312128,100.0,100.0,0.4,2.98768
2025-12-29T10:00:00,2025-12-29T11:00:00,DK1,100.0,100.0,14.48,108.154016,100.0,100.0,0.27,2.016684
2025-12-29T09:00:00,2025-12-29T10:00:00,DK1,100.0,100.0,22.3,166.56316,100.0,100.0,0.27,2.016684
2025-12-29T08:00:00,2025-12-29T09:00:00,DK1,100.0,100.0,19.82,148.039544,100.0,100.0,0.27,2.016684
2025-12-29T07:00:00,2025-12-29T08:00:00,DK1,100.0,100.0,6.69,49.968948,100.0,100.0,0.27,2.016684
2025-12-29T06:00:00,2025-12-29T07:00:00,DK1,100.0,100.0,6.69,49.968948,100.0,100.0,0.27,2.016684
2025-12-29T05:00:00,2025-12-29T06:00:00,DK1,100.0,100.0,6.69,49.968948,100.0,100.0,0.4,2.98768
2025-12-29T04:00:00,2025-12-29T05:00:00,DK1,100.0,100.0,6.69,49.968948,100.0,100.0,0.27,2.016684
2025-12-29T03:00:00,2025-12-29T04:00:00,DK1,100.0,100.0,6.69,49.968948,100.0,100.0,0.27,2.016684
2025-12-29T02:00:00,2025-12-29T03:00:00,DK1,100.0,100.0,10.3,76.93276,100.0,100.0,0.27,2.016684
2025-12-29T01:00:00,2025-12-29T02:00:00,DK1,100.0,100.0,1.2,8.96304,100.0,100.0,0.27,2.016684
2025-12-29T00:00:00,2025-12-29T01:00:00,DK1,100.0,100.0,1.2,8.96304,100.0,100.0,0.27,2.016684
2025-12-28T23:00:00,2025-12-29T00:00:00,DK1,100.0,100.0,1.21,9.037732,100.0,100.0,0.27,2.016684
2025-12-28T22:00:00,2025-12-28T23:00:00,DK1,100.0,100.0,6.69,49.975638,100.0,100.0,0.4,2.98808
2025-12-28T21:00:00,2025-12-28T22:00:00,DK1,100.0,100.0,6.69,49.975638,100.0,100.0,0.4,2.98808
2025-12-28T20:00:00,2025-12-28T21:00:00,DK1,100.0,100.0,12.8,95.61856,100.0,100.0,0.4,2.98808
2025-12-28T19:00:00,2025-12-28T20:00:00,DK1,100.0,100.0,13.39,100.025978,100.0,100.0,0.27,2.016954
2025-12-28T18:00:00,2025-12-28T19:00:00,DK1,100.0,100.0,16.07,120.046114,100.0,100.0,0.27,2.016954
2025-12-28T17:00:00,2025-12-28T18:00:00,DK1,100.0,100.0,19.81,147.984662,100.0,100.0,0.27,2.016954
2025-12-28T16:00:00,2025-12-28T17:00:00,DK1,100.0,100.0,18.74,139.991548,100.0,100.0,0.27,2.016954
2025-12-28T15:00:00,2025-12-28T16:00:00,DK1,100.0,100.0,19.41,144.996582,100.0,100.0,0.27,2.016954
2025-12-28T14:00:00,2025-12-28T15:00:00,DK1,100.0,100.0,17.27,129.010354,100.0,100.0,0.27,2.016954
2025-12-28T13:00:00,2025-12-28T14:00:00,DK1,100.0,100.0,6.69,49.975638,100.0,100.0,0.4,2.98808
2025-12-28T12:00:00,2025-12-28T13:00:00,DK1,100.0,100.0,6.69,49.975638,100.0,100.0,0.4,2.98808
2025-12-28T11:00:00,2025-12-28T12:00:00,DK1,100.0,100.0,6.69,49.975638,100.0,100.0,0.4,2.98808
2025-12-28T10:00:00,2025-12-28T11:00:00,DK1,100.0,100.0,11.54,86.206108,100.0,100.0,0.27,2.016954
2025-12-28T09:00:00,2025-12-28T10:00:00,DK1,100.0,100.0,23.97,179.060694,100.0,100.0,0.27,2.016954
2025-12-28T08:00:00,2025-12-28T09:00:00,DK1,100.0,100.0,24.9,186.00798,100.0,100.0,0.27,2.016954
2025-12-28T07:00:00,2025-12-28T08:00:00,DK1,100.0,100.0,6.69,49.975638,100.0,100.0,0.27,2.016954
2025-12-28T06:00:00,2025-12-28T07:00:00,DK1,100.0,100.0,6.69,49.975638,100.0,100.0,0.27,2.016954
2025-12-28T05:00:00,2025-12-28T06:00:00,DK1,100.0,100.0,6.69,49.975638,100.0,100.0,0.27,2.016954
2025-12-28T04:00:00,2025-12-28T05:00:00,DK1,100.0,100.0,8.7,64.99074,100.0,100.0,0.27,2.016954
2025-12-28T03:00:00,2025-12-28T04:00:00,DK1,100.0,100.0,6.02,44.970604,100.0,100.0,0.27,2.016954
2025-12-28T02:00:00,2025-12-28T03:00:00,DK1,100.0,100.0,1.2,8.96424,100.0,100.0,0.27,2.016954
2025-12-28T01:00:00,2025-12-28T02:00:00,DK1,100.0,100.0,1.2,8.96424,100.0,100.0,0.27,2.016954
2025-12-28T00:00:00,2025-12-28T01:00:00,DK1,100.0,100.0,3.35,25.02517,100.0,100.0,0.27,2.016954
2025-12-27T23:00:00,2025-12-28T00:00:00,DK1,100.0,100.0,23.01,171.889302,100.0,100.0,0.27,2.016954
2025-12-27T22:00:00,2025-12-27T23:00:00,DK1,100.0,100.0,19.81,147.984662,100.0,100.0,0.4,2.98808
2025-12-27T21:00:00,2025-12-27T22:00:00,DK1,100.0,100.0,36.15,270.04773,100.0,100.0,0.27,2.016954
2025-12-27T20:00:00,2025-12-27T21:00:00,DK1,100.0,100.0,40.82,304.933564,100.0,100.0,0.27,2.016954
2025-12-27T19:00:00,2025-12-27T20:00:00,DK1,100.0,100.0,40.94,305.829988,100.0,100.0,0.27,2.016954
2025-12-27T18:00:00,2025-12-27T19:00:00,DK1,100.0,100.0,43.4,324.20668,100.0,100.0,0.27,2.016954
2025-12-27T17:00:00,2025-12-27T18:00:00,DK1,100.0,100.0,43.07,321.741514,100.0,100.0,0.27,2.016954
2025-12-27T16:00:00,2025-12-27T17:00:00,DK1,100.0,100.0,43.51,325.028402,100.0,100.0,0.27,2.016954
2025-12-27T15:00:00,2025-12-27T16:00:00,DK1,100.0,100.0,34.77,259.738854,100.0,100.0,0.27,2.016954
2025-12-27T14:00:00,2025-12-27T15:00:00,DK1,100.0,100.0,22.09,165.016718,100.0,100.0,0.27,2.016954
2025-12-27T13:00:00,2025-12-27T14:00:00,DK1,100.0,100.0,12.05,90.01591,100.0,100.0,0.27,2.016954
2025-12-27T12:00:00,2025-12-27T13:00:00,DK1,100.0,100.0,6.69,49.975638,100.0,100.0,0.27,2.016954
2025-12-27T11:00:00,2025-12-27T12:00:00,DK1,100.0,100.0,6.69,49.975638,100.0,100.0,0.27,2.016954
2025-12-27T10:00:00,2025-12-27T11:00:00,DK1,100.0,100.0,6.69,49.975638,100.0,100.0,0.4,2.98808
2025-12-27T09:00:00,2025-12-27T10:00:00,DK1,100.0,100.0,6.69,49.975638,100.0,100.0,0.4,2.98808
2025-12-27T08:00:00,2025-12-27T09:00:00,DK1,100.0,100.0,6.69,49.975638,100.0,100.0,0.4,2.98808
2025-12-27T07:00:00,2025-12-27T08:00:00,DK1,100.0,100.0,6.69,49.975638,100.0,100.0,0.4,2.98808
2025-12-27T06:00:00,2025-12-27T07:00:00,DK1,100.0,100.0,6.69,49.975638,100.0,100.0,0.4,2.98808
2025-12-27T05:00:00,2025-12-27T06:00:00,DK1,100.0,100.0,6.69,49.975638,100.0,100.0,0.4,2.98808
2025-12-27T04:00:00,2025-12-27T05:00:00,DK1,100.0,100.0,10.47,78.212994,100.0,100.0,0.67,5.005034
2025-12-27T03:00:00,2025-12-27T04:00:00,DK1,100.0,100.0,7.36,54.980672,100.0,100.0,0.27,2.016954
2025-12-27T02:00:00,2025-12-27T03:00:00,DK1,100.0,100.0,7.5,56.0265,100.0,100.0,0.27,2.016954
2025-12-27T01:00:00,2025-12-27T02:00:00,DK1,100.0,100.0,1.2,8.96424,100.0,100.0,0.27,2.016954
2025-12-27T00:00:00,2025-12-27T01:00:00,DK1,100.0,100.0,1.2,8.96424,100.0,100.0,0.27,2.016954
2025-12-26T23:00:00,2025-12-27T00:00:00,DK1,100.0,100.0,6.69,49.975638,100.0,100.0,0.27,2.016954
2025-12-26T22:00:00,2025-12-26T23:00:00,DK1,100.0,100.0,6.69,49.975638,100.0,100.0,0.27,2.016954
2025-12-26T21:00:00,2025-12-26T22:00:00,DK1,100.0,100.0,37.49,280.057798,100.0,100.0,0.27,2.016954
2025-12-26T20:00:00,2025-12-26T21:00:00,DK1,100.0,100.0,39.37,294.101774,100.0,100.0,0.27,2.016954
2025-12-26T19:00:00,2025-12-26T20:00:00,DK1,100.0,100.0,48.86,364.993972,100.0,100.0,0.27,2.016954
2025-12-26T18:00:00,2025-12-26T19:00:00,DK1,100.0,100.0,50.33,375.975166,100.0,100.0,0.27,2.016954
2025-12-26T17:00:00,2025-12-26T18:00:00,DK1,100.0,100.0,51.27,382.997154,100.0,100.0,0.27,2.016954
2025-12-26T16:00:00,2025-12-26T17:00:00,DK1,100.0,100.0,53.56,400.103912,100.0,100.0,0.27,2.016954
2025-12-26T15:00:00,2025-12-26T16:00:00,DK1,100.0,100.0,46.19,345.048538,100.0,100.0,0.27,2.016954
2025-12-26T14:00:00,2025-12-26T15:00:00,DK1,100.0,100.0,25.94,193.776988,100.0,100.0,0.27,2.016954
2025-12-26T13:00:00,2025-12-26T14:00:00,DK1,100.0,100.0,20.27,151.420954,100.0,100.0,0.27,2.016954
2025-12-26T12:00:00,2025-12-26T13:00:00,DK1,100.0,100.0,15.64,116.833928,100.0,100.0,0.27,2.016954
2025-12-26T11:00:00,2025-12-26T12:00:00,DK1,100.0,100.0,19.18,143.278436,100.0,100.0,0.27,2.016954
2025-12-26T10:00:00,2025-12-26T11:00:00,DK1,100.0,100.0,18.08,135.061216,100.0,100.0,0.27,2.016954
2025-12-26T09:00:00,2025-12-26T10:00:00,DK1,100.0,100.0,20.08,150.001616,100.0,100.0,0.27,2.016954
2025-12-26T08:00:00,2025-12-26T09:00:00,DK1,100.0,100.0,33.21,248.085342,100.0,100.0,0.27,2.016954
2025-12-26T07:00:00,2025-12-26T08:00:00,DK1,100.0,100.0,19.9,148.65698,100.0,100.0,0.27,2.016954
2025-12-26T06:00:00,2025-12-26T07:00:00,DK1,100.0,100.0,12.59,94.049818,100.0,100.0,0.27,2.016954
2025-12-26T05:00:00,2025-12-26T06:00:00,DK1,100.0,100.0,6.69,49.975638,100.0,100.0,0.27,2.016954
2025-12-26T04:00:00,2025-12-26T05:00:00,DK1,100.0,100.0,6.69,49.975638,100.0,100.0,0.4,2.98808
2025-12-26T03:00:00,2025-12-26T04:00:00,DK1,100.0,100.0,6.69,49.975638,100.0,100.0,0.4,2.98808
2025-12-26T02:00:00,2025-12-26T03:00:00,DK1,100.0,100.0,19.81,147.984662,100.0,100.0,0.4,2.98808
2025-12-26T01:00:00,2025-12-26T02:00:00,DK1,100.0,100.0,6.02,44.970604,100.0,100.0,0.4,2.98808
2025-12-26T00:00:00,2025-12-26T01:00:00,DK1,100.0,100.0,21.72,162.252744,100.0,100.0,0.4,2.98808
2025-12-25T23:00:00,2025-12-26T00:00:00,DK1,100.0,100.0,24.9,186.00798,100.0,100.0,0.4,2.98808
2025-12-25T22:00:00,2025-12-25T23:00:00,DK1,100.0,100.0,19.73,147.387046,100.0,100.0,0.38,2.838676
2025-12-25T21:00:00,2025-12-25T22:00:00,DK1,100.0,100.0,30.4,227.09408,100.0,100.0,0.38,2.838676
2025-12-25T20:00:00,2025-12-25T21:00:00,DK1,100.0,100.0,38.68,288.947336,100.0,100.0,0.27,2.016954
2025-12-25T19:00:00,2025-12-25T20:00:00,DK1,100.0,100.0,35.34,263.996868,100.0,100.0,0.27,2.016954
2025-12-25T18:00:00,2025-12-25T19:00:00,DK1,100.0,100.0,33.73,251.969846,100.0,100.0,0.27,2.016954
2025-12-25T17:00:00,2025-12-25T18:00:00,DK1,100.0,100.0,38.42,287.005084,100.0,100.0,0.27,2.016954
2025-12-25T16:00:00,2025-12-25T17:00:00,DK1,100.0,100.0,36.68,274.006936,100.0,100.0,0.27,2.016954
2025-12-25T15:00:00,2025-12-25T16:00:00,DK1,100.0,100.0,40.16,300.003232,100.0,100.0,0.27,2.016954
2025-12-25T14:00:00,2025-12-25T15:00:00,DK1,100.0,100.0,24.9,186.00798,100.0,100.0,0.27,2.016954
2025-12-25T13:00:00,2025-12-25T14:00:00,DK1,100.0,100.0,19.41,144.996582,100.0,100.0,0.27,2.016954
2025-12-25T12:00:00,2025-12-25T13:00:00,DK1,100.0,100.0,10.29,76.868358,100.0,100.0,0.27,2.016954
2025-12-25T11:00:00,2025-12-25T12:00:00,DK1,100.0,100.0,6.69,49.975638,100.0,100.0,0.27,2.016954
2025-12-25T10:00:00,2025-12-25T11:00:00,DK1,100.0,100.0,8.2,61.25564,100.0,100.0,0.27,2.016954
2025-12-25T09:00:00,2025-12-25T10:00:00,DK1,100.0,100.0,15.39,114.966378,100.0,100.0,0.27,2.016954
2025-12-25T08:00:00,2025-12-25T09:00:00,DK1,100.0,100.0,19.81,147.984662,100.0,100.0,0.27,2.016954
2025-12-25T07:00:00,2025-12-25T08:00:00,DK1,100.0,100.0,14.31,106.898562,100.0,100.0,0.27,2.016954
2025-12-25T06:00:00,2025-12-25T07:00:00,DK1,100.0,100.0,6.69,49.975638,100.0,100.0,0.27,2.016954
2025-12-25T05:00:00,2025-12-25T06:00:00,DK1,100.0,100.0,6.69,49.975638,100.0,100.0,0.27,2.016954
2025-12-25T04:00:00,2025-12-25T05:00:00,DK1,100.0,100.0,6.69,49.975638,100.0,100.0,0.67,5.005034
2025-12-25T03:00:00,2025-12-25T04:00:00,DK1,100.0,100.0,6.02,44.970604,100.0,100.0,0.67,5.005034
2025-12-25T02:00:00,2025-12-25T03:00:00,DK1,100.0,100.0,6.69,49.975638,100.0,100.0,0.67,5.005034
2025-12-25T01:00:00,2025-12-25T02:00:00,DK1,100.0,100.0,1.2,8.96424,100.0,100.0,0.67,5.005034
2025-12-25T00:00:00,2025-12-25T01:00:00,DK1,100.0,100.0,2.01,15.015102,100.0,100.0,0.54,4.033908
2025-12-24T23:00:00,2025-12-25T00:00:00,DK1,100.0,100.0,6.02,44.970604,100.0,100.0,0.54,4.033908
2025-12-24T22:00:00,2025-12-24T23:00:00,DK1,100.0,100.0,5.25,39.21855,100.0,100.0,0.67,5.005034
2025-12-24T21:00:00,2025-12-24T22:00:00,DK1,100.0,100.0,8.57,64.019614,100.0,100.0,0.54,4.033908
2025-12-24T20:00:00,2025-12-24T21:00:00,DK1,100.0,100.0,6.02,44.970604,100.0,100.0,0.27,2.016954
2025-12-24T19:00:00,2025-12-24T20:00:00,DK1,100.0,100.0,6.69,49.975638,100.0,100.0,0.27,2.016954
2025-12-24T18:00:00,2025-12-24T19:00:00,DK1,100.0,100.0,11.8,88.14836,100.0,100.0,0.27,2.016954
2025-12-24T17:00:00,2025-12-24T18:00:00,DK1,100.0,100.0,18.4,137.45168,100.0,100.0,0.27,2.016954
2025-12-24T16:00:00,2025-12-24T17:00:00,DK1,100.0,100.0,23.7,177.04374,100.0,100.0,0.27,2.016954
2025-12-24T15:00:00,2025-12-24T16:00:00,DK1,100.0,100.0,19.14,142.979628,100.0,100.0,0.27,2.016954
2025-12-24T14:00:00,2025-12-24T15:00:00,DK1,100.0,100.0,6.69,49.975638,100.0,100.0,0.27,2.016954
2025-12-24T13:00:00,2025-12-24T14:00:00,DK1,100.0,100.0,6.02,44.970604,100.0,100.0,0.27,2.016954
2025-12-24T12:00:00,2025-12-24T13:00:00,DK1,100.0,100.0,6.02,44.970604,100.0,100.0,0.27,2.016954
2025-12-24T11:00:00,2025-12-24T12:00:00,DK1,100.0,100.0,6.9,51.54438,100.0,100.0,0.27,2.016954
2025-12-24T10:00:00,2025-12-24T11:00:00,DK1,100.0,100.0,6.02,44.970604,100.0,100.0,0.27,2.016954
2025-12-24T09:00:00,2025-12-24T10:00:00,DK1,100.0,100.0,6.02,44.970604,100.0,100.0,0.27,2.016954
2025-12-24T08:00:00,2025-12-24T09:00:00,DK1,100.0,100.0,6.69,49.975638,100.0,100.0,0.27,2.016954
2025-12-24T07:00:00,2025-12-24T08:00:00,DK1,100.0,100.0,6.69,49.975638,100.0,100.0,0.27,2.016954
2025-12-24T06:00:00,2025-12-24T07:00:00,DK1,100.0,100.0,8.16,60.956832,100.0,100.0,0.27,2.016954
2025-12-24T05:00:00,2025-12-24T06:00:00,DK1,100.0,100.0,1.2,8.96424,100.0,100.0,0.27,2.016954
2025-12-24T04:00:00,2025-12-24T05:00:00,DK1,100.0,100.0,1.34,10.010068,100.0,100.0,0.27,2.016954
2025-12-24T03:00:00,2025-12-24T04:00:00,DK1,100.0,100.0,1.2,8.96424,100.0,100.0,0.4,2.98808
2025-12-24T02:00:00,2025-12-24T03:00:00,DK1,100.0,100.0,1.34,10.010068,100.0,100.0,0.67,5.005034
2025-12-24T01:00:00,2025-12-24T02:00:00,DK1,100.0,100.0,0.67,5.005034,100.0,100.0,0.4,2.98808
2025-12-24T00:00:00,2025-12-24T01:00:00,DK1,100.0,100.0,0.67,5.005034,100.0,100.0,0.4,2.98808
2025-12-23T23:00:00,2025-12-24T00:00:00,DK1,100.0,100.0,0.67,5.005034,100.0,100.0,0.4,2.98808
2025-12-23T22:00:00,2025-12-23T23:00:00,DK1,100.0,100.0,6.69,49.975638,100.0,100.0,0.27,2.016954
2025-12-23T21:00:00,2025-12-23T22:00:00,DK1,100.0,100.0,6.69,49.975638,100.0,100.0,0.27,2.016954
2025-12-23T20:00:00,2025-12-23T21:00:00,DK1,100.0,100.0,7.38,55.130076,100.0,100.0,0.23,1.718146
2025-12-23T19:00:00,2025-12-23T20:00:00,DK1,100.0,100.0,29.17,217.905734,100.0,100.0,0.23,1.718146
2025-12-23T18:00:00,2025-12-23T19:00:00,DK1,100.0,100.0,50.2,375.00404,100.0,100.0,0.23,1.718146
2025-12-23T17:00:00,2025-12-23T18:00:00,DK1,100.0,100.0,38.28,285.959256,100.0,100.0,0.23,1.718146
2025-12-23T16:00:00,2025-12-23T17:00:00,DK1,100.0,100.0,48.32,360.960064,100.0,100.0,0.23,1.718146
2025-12-23T15:00:00,2025-12-23T16:00:00,DK1,100.0,100.0,39.35,293.95237,100.0,100.0,0.23,1.718146
2025-12-23T14:00:00,2025-12-23T15:00:00,DK1,100.0,100.0,25.17,188.024934,100.0,100.0,0.27,2.016954
2025-12-23T13:00:00,2025-12-23T14:00:00,DK1,100.0,100.0,6.69,49.975638,100.0,100.0,0.27,2.016954
2025-12-23T12:00:00,2025-12-23T13:00:00,DK1,100.0,100.0,6.69,49.975638,100.0,100.0,0.27,2.016954
2025-12-23T11:00:00,2025-12-23T12:00:00,DK1,100.0,100.0,6.69,49.975638,100.0,100.0,0.27,2.016954
2025-12-23T10:00:00,2025-12-23T11:00:00,DK1,100.0,100.0,6.69,49.975638,100.0,100.0,0.27,2.016954
2025-12-23T09:00:00,2025-12-23T10:00:00,DK1,100.0,100.0,6.69,49.975638,100.0,100.0,0.27,2.016954
2025-12-23T08:00:00,2025-12-23T09:00:00,DK1,100.0,100.0,6.69,49.975638,100.0,100.0,0.27,2.016954
2025-12-23T07:00:00,2025-12-23T08:00:00,DK1,100.0,100.0,6.69,49.975638,100.0,100.0,0.27,2.016954
2025-12-23T06:00:00,2025-12-23T07:00:00,DK1,100.0,100.0,6.02,44.970604,100.0,100.0,0.27,2.016954
2025-12-23T05:00:00,2025-12-23T06:00:00,DK1,100.0,100.0,1.65,12.32583,100.0,100.0,0.27,2.016954
2025-12-23T04:00:00,2025-12-23T05:00:00,DK1,100.0,100.0,3.0,22.4106,100.0,100.0,0.27,2.016954
2025-12-23T03:00:00,2025-12-23T04:00:00,DK1,100.0,100.0,1.65,12.32583,100.0,100.0,0.27,2.016954
2025-12-23T02:00:00,2025-12-23T03:00:00,DK1,100.0,100.0,1.2,8.96424,100.0,100.0,0.27,2.016954
2025-12-23T01:00:00,2025-12-23T02:00:00,DK1,100.0,100.0,3.0,22.4106,100.0,100.0,0.27,2.016954
2025-12-23T00:00:00,2025-12-23T01:00:00,DK1,100.0,100.0,0.67,5.005034,100.0,100.0,0.27,2.016954
2025-12-22T23:00:00,2025-12-23T00:00:00,DK1,100.0,100.0,1.2,8.96424,100.0,100.0,0.25,1.86755
2025-12-22T22:00:00,2025-12-22T23:00:00,DK1,100.0,100.0,48.29,360.755274,100.0,100.0,0.27,2.017062
2025-12-22T21:00:00,2025-12-22T22:00:00,DK1,100.0,100.0,42.7,318.99462,100.0,100.0,0.23,1.718238
2025-12-22T20:00:00,2025-12-22T21:00:00,DK1,100.0,100.0,39.89,298.002234,100.0,100.0,0.27,2.017062
2025-12-22T19:00:00,2025-12-22T20:00:00,DK1,100.0,100.0,52.33,390.936498,100.0,100.0,0.27,2.017062
2025-12-22T18:00:00,2025-12-22T19:00:00,DK1,100.0,100.0,57.02,425.973612,100.0,100.0,0.27,2.017062
2025-12-22T17:00:00,2025-12-22T18:00:00,DK1,100.0,100.0,61.57,459.964842,100.0,100.0,0.27,2.017062
2025-12-22T16:00:00,2025-12-22T17:00:00,DK1,100.0,100.0,62.11,463.998966,100.0,100.0,0.27,2.017062
2025-12-22T15:00:00,2025-12-22T16:00:00,DK1,100.0,100.0,57.96,432.995976,100.0,100.0,0.27,2.017062
2025-12-22T14:00:00,2025-12-22T15:00:00,DK1,100.0,100.0,51.93,387.948258,100.0,100.0,0.23,1.718238
2025-12-22T13:00:00,2025-12-22T14:00:00,DK1,100.0,100.0,47.38,353.957028,100.0,100.0,0.23,1.718238
2025-12-22T12:00:00,2025-12-22T13:00:00,DK1,100.0,100.0,43.37,323.999922,100.0,100.0,0.23,1.718238
2025-12-22T11:00:00,2025-12-22T12:00:00,DK1,100.0,100.0,39.48,294.939288,100.0,100.0,0.23,1.718238
2025-12-22T10:00:00,2025-12-22T11:00:00,DK1,100.0,100.0,42.3,316.00638,100.0,100.0,0.23,1.718238
2025-12-22T09:00:00,2025-12-22T10:00:00,DK1,100.0,100.0,45.91,342.975246,100.0,100.0,0.23,1.718238
2025-12-22T08:00:00,2025-12-22T09:00:00,DK1,100.0,100.0,50.06,373.978236,100.0,100.0,0.23,1.718238
2025-12-22T07:00:00,2025-12-22T08:00:00,DK1,100.0,100.0,44.71,334.010526,100.0,100.0,0.23,1.718238
2025-12-22T06:00:00,2025-12-22T07:00:00,DK1,100.0,100.0,36.94,275.963964,100.0,100.0,0.23,1.718238
2025-12-22T05:00:00,2025-12-22T06:00:00,DK1,100.0,100.0,24.9,186.01794,100.0,100.0,0.23,1.718238
2025-12-22T04:00:00,2025-12-22T05:00:00,DK1,100.0,100.0,24.9,186.01794,100.0,100.0,0.27,2.017062
2025-12-22T03:00:00,2025-12-22T04:00:00,DK1,100.0,100.0,6.02,44.973012,100.0,100.0,0.27,2.017062
2025-12-22T02:00:00,2025-12-22T03:00:00,DK1,100.0,100.0,1.2,8.96472,100.0,100.0,0.27,2.017062
2025-12-22T01:00:00,2025-12-22T02:00:00,DK1,100.0,100.0,3.35,25.02651,100.0,100.0,0.27,2.017062
2025-12-22T00:00:00,2025-12-22T01:00:00,DK1,100.0,100.0,1.2,8.96472,100.0,100.0,0.27,2.017062
2025-12-21T23:00:00,2025-12-22T00:00:00,DK1,100.0,100.0,1.2,8.96472,100.0,100.0,0.27,2.017062
2025-12-21T22:00:00,2025-12-21T23:00:00,DK1,100.0,100.0,24.9,186.03288,100.0,100.0,0.27,2.017224
2025-12-21T21:00:00,2025-12-21T22:00:00,DK1,100.0,100.0,24.9,186.03288,100.0,100.0,0.27,2.017224
2025-12-21T20:00:00,2025-12-21T21:00:00,DK1,100.0,100.0,26.77,200.004024,100.0,100.0,0.27,2.017224
2025-12-21T19:00:00,2025-12-21T20:00:00,DK1,100.0,100.0,28.75,214.797,100.0,100.0,0.27,2.017224
2025-12-21T18:00:00,2025-12-21T19:00:00,DK1,100.0,100.0,51.31,383.347272,100.0,100.0,0.27,2.017224
2025-12-21T17:00:00,2025-12-21T18:00:00,DK1,100.0,100.0,38.95,291.00324,100.0,100.0,0.23,1.718376
2025-12-21T16:00:00,2025-12-21T17:00:00,DK1,100.0,100.0,45.51,340.014312,100.0,100.0,0.23,1.718376
2025-12-21T15:00:00,2025-12-21T16:00:00,DK1,100.0,100.0,38.28,285.997536,100.0,100.0,0.23,1.718376
2025-12-21T14:00:00,2025-12-21T15:00:00,DK1,100.0,100.0,29.16,217.860192,100.0,100.0,0.23,1.718376
2025-12-21T13:00:00,2025-12-21T14:00:00,DK1,100.0,100.0,26.77,200.004024,100.0,100.0,0.25,1.8678
2025-12-21T12:00:00,2025-12-21T13:00:00,DK1,100.0,100.0,28.65,214.04988,100.0,100.0,0.23,1.718376
2025-12-21T11:00:00,2025-12-21T12:00:00,DK1,100.0,100.0,33.46,249.986352,100.0,100.0,0.23,1.718376
2025-12-21T10:00:00,2025-12-21T11:00:00,DK1,100.0,100.0,31.65,236.46348,100.0,100.0,0.23,1.718376
2025-12-21T09:00:00,2025-12-21T10:00:00,DK1,100.0,100.0,26.77,200.004024,100.0,100.0,0.27,2.017224
2025-12-21T08:00:00,2025-12-21T09:00:00,DK1,100.0,100.0,26.77,200.004024,100.0,100.0,0.27,2.017224
2025-12-21T07:00:00,2025-12-21T08:00:00,DK1,100.0,100.0,26.77,200.004024,100.0,100.0,0.27,2.017224
2025-12-21T06:00:00,2025-12-21T07:00:00,DK1,100.0,100.0,24.9,186.03288,100.0,100.0,0.27,2.017224
2025-12-21T05:00:00,2025-12-21T06:00:00,DK1,100.0,100.0,24.9,186.03288,100.0,100.0,0.27,2.017224
2025-12-21T04:00:00,2025-12-21T05:00:00,DK1,100.0,100.0,6.02,44.976624,100.0,100.0,0.27,2.017224
2025-12-21T03:00:00,2025-12-21T04:00:00,DK1,100.0,100.0,3.35,25.02852,100.0,100.0,0.27,2.017224
2025-12-21T02:00:00,2025-12-21T03:00:00,DK1,100.0,100.0,1.2,8.96544,100.0,100.0,0.27,2.017224
2025-12-21T01:00:00,2025-12-21T02:00:00,DK1,100.0,100.0,1.2,8.96544,100.0,100.0,0.27,2.017224
2025-12-21T00:00:00,2025-12-21T01:00:00,DK1,100.0,100.0,1.2,8.96544,100.0,100.0,0.27,2.017224
2025-12-20T23:00:00,2025-12-21T00:00:00,DK1,100.0,100.0,6.02,44.976624,100.0,100.0,0.23,1.718376
2025-12-20T22:00:00,2025-12-20T23:00:00,DK1,100.0,100.0,34.4,257.00928,100.0,100.0,0.25,1.8678
2025-12-20T21:00:00,2025-12-20T22:00:00,DK1,100.0,100.0,38.01,283.980312,100.0,100.0,0.25,1.8678
2025-12-20T20:00:00,2025-12-20T21:00:00,DK1,100.0,100.0,43.9,327.98568,100.0,100.0,0.27,2.017224
2025-12-20T19:00:00,2025-12-20T20:00:00,DK1,100.0,100.0,52.47,392.013864,100.0,100.0,0.27,2.017224
2025-12-20T18:00:00,2025-12-20T19:00:00,DK1,100.0,100.0,62.37,465.978744,100.0,100.0,0.27,2.017224
2025-12-20T17:00:00,2025-12-20T18:00:00,DK1,100.0,100.0,76.83,574.012296,100.0,100.0,0.27,2.017224
2025-12-20T16:00:00,2025-12-20T17:00:00,DK1,100.0,100.0,71.61,535.012632,100.0,100.0,0.23,1.718376
2025-12-20T15:00:00,2025-12-20T16:00:00,DK1,100.0,100.0,68.53,512.001336,100.0,100.0,0.23,1.718376
2025-12-20T14:00:00,2025-12-20T15:00:00,DK1,100.0,100.0,58.49,436.990488,100.0,100.0,0.23,1.718376
2025-12-20T13:00:00,2025-12-20T14:00:00,DK1,100.0,100.0,48.18,359.962416,100.0,100.0,0.23,1.718376
2025-12-20T12:00:00,2025-12-20T13:00:00,DK1,100.0,100.0,40.42,301.985904,100.0,100.0,0.23,1.718376
2025-12-20T11:00:00,2025-12-20T12:00:00,DK1,100.0,100.0,42.96,320.962752,100.0,100.0,0.23,1.718376
2025-12-20T10:00:00,2025-12-20T11:00:00,DK1,100.0,100.0,43.23,322.979976,100.0,100.0,0.27,2.017224
2025-12-20T09:00:00,2025-12-20T10:00:00,DK1,100.0,100.0,37.08,277.032096,100.0,100.0,0.25,1.8678
2025-12-20T08:00:00,2025-12-20T09:00:00,DK1,100.0,100.0,26.77,200.004024,100.0,100.0,0.23,1.718376
2025-12-20T07:00:00,2025-12-20T08:00:00,DK1,100.0,100.0,29.51,220.475112,100.0,100.0,0.23,1.718376
2025-12-20T06:00:00,2025-12-20T07:00:00,DK1,100.0,100.0,12.88,96.229056,100.0,100.0,0.23,1.718376
2025-12-20T05:00:00,2025-12-20T06:00:00,DK1,100.0,100.0,6.02,44.976624,100.0,100.0,0.27,2.017224
2025-12-20T04:00:00,2025-12-20T05:00:00,DK1,100.0,100.0,6.02,44.976624,100.0,100.0,0.27,2.017224
2025-12-20T03:00:00,2025-12-20T04:00:00,DK1,100.0,100.0,3.85,28.76412,100.0,100.0,0.27,2.017224
2025-12-20T02:00:00,2025-12-20T03:00:00,DK1,100.0,100.0,3.6,26.89632,100.0,100.0,0.27,2.017224
2025-12-20T01:00:00,2025-12-20T02:00:00,DK1,100.0,100.0,1.2,8.96544,100.0,100.0,0.27,2.017224
2025-12-20T00:00:00,2025-12-20T01:00:00,DK1,100.0,100.0,1.47,10.982664,100.0,100.0,0.27,2.017224
2025-12-19T23:00:00,2025-12-20T00:00:00,DK1,100.0,100.0,1.2,8.96544,100.0,100.0,0.27,2.017224
2025-12-19T22:00:00,2025-12-19T23:00:00,DK1,100.0,100.0,7.0,52.2984,100.0,100.0,0.27,2.017224
2025-12-19T21:00:00,2025-12-19T22:00:00,DK1,100.0,100.0,10.0,74.712,100.0,100.0,0.27,2.017224
2025-12-19T20:00:00,2025-12-19T21:00:00,DK1,100.0,100.0,6.02,44.976624,100.0,100.0,0.27,2.017224
2025-12-19T19:00:00,2025-12-19T20:00:00,DK1,100.0,100.0,6.35,47.44212,100.0,100.0,0.27,2.017224
2025-12-19T18:00:00,2025-12-19T19:00:00,DK1,100.0,100.0,6.69,49.982328,100.0,100.0,0.27,2.017224
2025-12-19T17:00:00,2025-12-19T18:00:00,DK1,100.0,100.0,6.69,49.982328,100.0,100.0,0.27,2.017224
2025-12-19T16:00:00,2025-12-19T17:00:00,DK1,100.0,100.0,6.69,49.982328,100.0,100.0,0.27,2.017224
2025-12-19T15:00:00,2025-12-19T16:00:00,DK1,100.0,100.0,6.69,49.982328,100.0,100.0,0.27,2.017224
2025-12-19T14:00:00,2025-12-19T15:00:00,DK1,100.0,100.0,6.69,49.982328,100.0,100.0,0.27,2.017224
2025-12-19T13:00:00,2025-12-19T14:00:00,DK1,100.0,100.0,8.57,64.028184,100.0,100.0,0.27,2.017224
2025-12-19T12:00:00,2025-12-19T13:00:00,DK1,100.0,100.0,6.69,49.982328,100.0,100.0,0.27,2.017224
2025-12-19T11:00:00,2025-12-19T12:00:00,DK1,100.0,100.0,6.69,49.982328,100.0,100.0,0.27,2.017224
2025-12-19T10:00:00,2025-12-19T11:00:00,DK1,100.0,100.0,6.69,49.982328,100.0,100.0,0.27,2.017224
2025-12-19T09:00:00,2025-12-19T10:00:00,DK1,100.0,100.0,6.69,49.982328,100.0,100.0,0.27,2.017224
2025-12-19T08:00:00,2025-12-19T09:00:00,DK1,100.0,100.0,8.7,64.99944,100.0,100.0,0.27,2.017224
2025-12-19T07:00:00,2025-12-19T08:00:00,DK1,100.0,100.0,8.7,64.99944,100.0,100.0,0.27,2.017224
2025-12-19T06:00:00,2025-12-19T07:00:00,DK1,100.0,100.0,3.35,25.02852,100.0,100.0,0.27,2.017224
2025-12-19T05:00:00,2025-12-19T06:00:00,DK1,100.0,100.0,1.34,10.011408,100.0,100.0,0.27,2.017224
2025-12-19T04:00:00,2025-12-19T05:00:00,DK1,100.0,100.0,1.21,9.040152,100.0,100.0,0.27,2.017224
2025-12-19T03:00:00,2025-12-19T04:00:00,DK1,100.0,100.0,1.2,8.96544,100.0,100.0,0.27,2.017224
2025-12-19T02:00:00,2025-12-19T03:00:00,DK1,100.0,100.0,1.2,8.96544,100.0,100.0,0.27,2.017224
2025-12-19T01:00:00,2025-12-19T02:00:00,DK1,100.0,100.0,0.54,4.034448,100.0,100.0,0.27,2.017224
2025-12-19T00:00:00,2025-12-19T01:00:00,DK1,100.0,100.0,0.67,5.005704,100.0,100.0,0.27,2.017224
2025-12-18T23:00:00,2025-12-19T00:00:00,DK1,100.0,100.0,0.54,4.034448,100.0,100.0,0.27,2.017224
2025-12-18T22:00:00,2025-12-18T23:00:00,DK1,100.0,100.0,3.74,27.942662,100.0,100.0,0.27,2.017251
2025-12-18T21:00:00,2025-12-18T22:00:00,DK1,100.0,100.0,3.93,29.362209,100.0,100.0,0.27,2.017251
2025-12-18T20:00:00,2025-12-18T21:00:00,DK1,100.0,100.0,10.0,74.713,100.0,100.0,0.27,2.017251
2025-12-18T19:00:00,2025-12-18T20:00:00,DK1,100.0,100.0,6.02,44.977226,100.0,100.0,0.27,2.017251
2025-12-18T18:00:00,2025-12-18T19:00:00,DK1,100.0,100.0,15.18,113.414334,100.0,100.0,0.25,1.867825
2025-12-18T17:00:00,2025-12-18T18:00:00,DK1,100.0,100.0,26.25,196.121625,100.0,100.0,0.25,1.867825
2025-12-18T16:00:00,2025-12-18T17:00:00,DK1,100.0,100.0,32.77,244.834501,100.0,100.0,0.25,1.867825
2025-12-18T15:00:00,2025-12-18T16:00:00,DK1,100.0,100.0,21.5,160.63295,100.0,100.0,0.25,1.867825
2025-12-18T14:00:00,2025-12-18T15:00:00,DK1,100.0,100.0,6.69,49.982997,100.0,100.0,0.27,2.017251
2025-12-18T13:00:00,2025-12-18T14:00:00,DK1,100.0,100.0,6.69,49.982997,100.0,100.0,0.27,2.017251
2025-12-18T12:00:00,2025-12-18T13:00:00,DK1,100.0,100.0,6.69,49.982997,100.0,100.0,0.27,2.017251
2025-12-18T11:00:00,2025-12-18T12:00:00,DK1,100.0,100.0,14.19,106.017747,100.0,100.0,0.27,2.017251
2025-12-18T10:00:00,2025-12-18T11:00:00,DK1,100.0,100.0,9.5,70.97735,100.0,100.0,0.27,2.017251
2025-12-18T09:00:00,2025-12-18T10:00:00,DK1,100.0,100.0,14.19,106.017747,100.0,100.0,0.27,2.017251
2025-12-18T08:00:00,2025-12-18T09:00:00,DK1,100.0,100.0,6.02,44.977226,100.0,100.0,0.27,2.017251
2025-12-18T07:00:00,2025-12-18T08:00:00,DK1,100.0,100.0,6.02,44.977226,100.0,100.0,0.27,2.017251
2025-12-18T06:00:00,2025-12-18T07:00:00,DK1,100.0,100.0,7.89,58.948557,100.0,100.0,0.27,2.017251
2025-12-18T05:00:00,2025-12-18T06:00:00,DK1,100.0,100.0,11.13,83.155569,100.0,100.0,0.4,2.98852
2025-12-18T04:00:00,2025-12-18T05:00:00,DK1,100.0,100.0,1.21,9.040273,100.0,100.0,0.4,2.98852
2025-12-18T03:00:00,2025-12-18T04:00:00,DK1,100.0,100.0,2.01,15.017313,100.0,100.0,0.4,2.98852
2025-12-18T02:00:00,2025-12-18T03:00:00,DK1,100.0,100.0,1.07,7.994291,100.0,100.0,0.4,2.98852
2025-12-18T01:00:00,2025-12-18T02:00:00,DK1,100.0,100.0,0.67,5.005771,100.0,100.0,0.27,2.017251
2025-12-18T00:00:00,2025-12-18T01:00:00,DK1,100.0,100.0,0.67,5.005771,100.0,100.0,0.27,2.017251
2025-12-17T23:00:00,2025-12-18T00:00:00,DK1,100.0,100.0,0.67,5.005771,100.0,100.0,0.27,2.017251
2025-12-17T22:00:00,2025-12-17T23:00:00,DK1,100.0,100.0,6.69,49.986342,100.0,100.0,0.27,2.017386
2025-12-17T21:00:00,2025-12-17T22:00:00,DK1,100.0,100.0,15.09,112.749462,100.0,100.0,0.23,1.718514
2025-12-17T20:00:00,2025-12-17T21:00:00,DK1,100.0,100.0,54.61,408.034998,100.0,100.0,0.23,1.718514
2025-12-17T19:00:00,2025-12-17T20:00:00,DK1,100.0,100.0,59.4,443.82492,100.0,100.0,0.23,1.718514
2025-12-17T18:00:00,2025-12-17T19:00:00,DK1,100.0,100.0,46.72,349.082496,100.0,100.0,0.23,1.718514
2025-12-17T17:00:00,2025-12-17T18:00:00,DK1,100.0,100.0,65.73,491.121414,100.0,100.0,0.23,1.718514
2025-12-17T16:00:00,2025-12-17T17:00:00,DK1,100.0,100.0,80.05,598.11759,100.0,100.0,0.27,2.017386
2025-12-17T15:00:00,2025-12-17T16:00:00,DK1,100.0,100.0,90.36,675.151848,100.0,100.0,0.27,2.017386
2025-12-17T14:00:00,2025-12-17T15:00:00,DK1,100.0,100.0,80.92,604.618056,100.0,100.0,0.27,2.017386
2025-12-17T13:00:00,2025-12-17T14:00:00,DK1,100.0,100.0,67.06,501.058908,100.0,100.0,0.27,2.017386
2025-12-17T12:00:00,2025-12-17T13:00:00,DK1,100.0,100.0,58.23,435.082914,100.0,100.0,0.27,2.017386
2025-12-17T11:00:00,2025-12-17T12:00:00,DK1,100.0,100.0,56.3,420.66234,100.0,100.0,0.27,2.017386
2025-12-17T10:00:00,2025-12-17T11:00:00,DK1,100.0,100.0,59.41,443.899638,100.0,100.0,0.27,2.017386
2025-12-17T09:00:00,2025-12-17T10:00:00,DK1,100.0,100.0,56.81,424.472958,100.0,100.0,0.27,2.017386
2025-12-17T08:00:00,2025-12-17T09:00:00,DK1,100.0,100.0,63.86,477.149148,100.0,100.0,0.27,2.017386
2025-12-17T07:00:00,2025-12-17T08:00:00,DK1,100.0,100.0,74.46,556.350228,100.0,100.0,0.27,2.017386
2025-12-17T06:00:00,2025-12-17T07:00:00,DK1,100.0,100.0,63.86,477.149148,100.0,100.0,0.27,2.017386
2025-12-17T05:00:00,2025-12-17T06:00:00,DK1,100.0,100.0,6.02,44.980236,100.0,100.0,0.23,1.718514
2025-12-17T04:00:00,2025-12-17T05:00:00,DK1,100.0,100.0,36.71,274.289778,100.0,100.0,0.27,2.017386
2025-12-17T03:00:00,2025-12-17T04:00:00,DK1,100.0,100.0,6.02,44.980236,100.0,100.0,0.27,2.017386
2025-12-17T02:00:00,2025-12-17T03:00:00,DK1,100.0,100.0,1.21,9.040878,100.0,100.0,0.27,2.017386
2025-12-17T01:00:00,2025-12-17T02:00:00,DK1,100.0,100.0,0.67,5.006106,100.0,100.0,0.27,2.017386
2025-12-17T00:00:00,2025-12-17T01:00:00,DK1,100.0,100.0,0.67,5.006106,100.0,100.0,0.27,2.017386
2025-12-16T23:00:00,2025-12-17T00:00:00,DK1,100.0,100.0,0.67,5.006106,100.0,100.0,0.27,2.017386
2025-12-16T22:00:00,2025-12-16T23:00:00,DK1,100.0,100.0,29.59,221.06689,100.0,100.0,0.27,2.01717
2025-12-16T21:00:00,2025-12-16T22:00:00,DK1,100.0,100.0,34.49,257.67479,100.0,100.0,0.27,2.01717
2025-12-16T20:00:00,2025-12-16T21:00:00,DK1,100.0,100.0,61.58,460.06418,100.0,100.0,0.25,1.86775
2025-12-16T19:00:00,2025-12-16T20:00:00,DK1,100.0,100.0,80.78,603.50738,100.0,100.0,0.23,1.71833
2025-12-16T18:00:00,2025-12-16T19:00:00,DK1,100.0,100.0,112.72,842.13112,100.0,100.0,0.25,1.86775
2025-12-16T17:00:00,2025-12-16T18:00:00,DK1,100.0,100.0,154.04,1150.83284,100.0,100.0,0.25,1.86775
2025-12-16T16:00:00,2025-12-16T17:00:00,DK1,100.0,100.0,100.15,748.22065,100.0,100.0,0.23,1.71833
2025-12-16T15:00:00,2025-12-16T16:00:00,DK1,100.0,100.0,100.15,748.22065,100.0,100.0,0.27,2.01717
2025-12-16T14:00:00,2025-12-16T15:00:00,DK1,100.0,100.0,69.35,518.11385,100.0,100.0,0.27,2.01717
2025-12-16T13:00:00,2025-12-16T14:00:00,DK1,100.0,100.0,54.71,408.73841,100.0,100.0,0.27,2.01717
2025-12-16T12:00:00,2025-12-16T13:00:00,DK1,100.0,100.0,46.08,344.26368,100.0,100.0,0.27,2.01717
2025-12-16T11:00:00,2025-12-16T12:00:00,DK1,100.0,100.0,34.21,255.58291,100.0,100.0,0.27,2.01717
2025-12-16T10:00:00,2025-12-16T11:00:00,DK1,100.0,100.0,46.59,348.07389,100.0,100.0,0.27,2.01717
2025-12-16T09:00:00,2025-12-16T10:00:00,DK1,100.0,100.0,44.59,333.13189,100.0,100.0,0.27,2.01717
2025-12-16T08:00:00,2025-12-16T09:00:00,DK1,100.0,100.0,48.8,364.5848,100.0,100.0,0.27,2.01717
2025-12-16T07:00:00,2025-12-16T08:00:00,DK1,100.0,100.0,44.59,333.13189,100.0,100.0,0.27,2.01717
2025-12-16T06:00:00,2025-12-16T07:00:00,DK1,100.0,100.0,34.01,254.08871,100.0,100.0,0.27,2.01717
2025-12-16T05:00:00,2025-12-16T06:00:00,DK1,100.0,100.0,6.02,44.97542,100.0,100.0,0.27,2.01717
2025-12-16T04:00:00,2025-12-16T05:00:00,DK1,100.0,100.0,16.2,121.0302,100.0,100.0,0.27,2.01717
2025-12-16T03:00:00,2025-12-16T04:00:00,DK1,100.0,100.0,16.2,121.0302,100.0,100.0,0.27,2.01717
2025-12-16T02:00:00,2025-12-16T03:00:00,DK1,100.0,100.0,1.2,8.9652,100.0,100.0,0.27,2.01717
2025-12-16T01:00:00,2025-12-16T02:00:00,DK1,100.0,100.0,0.67,5.00557,100.0,100.0,0.27,2.01717
2025-12-16T00:00:00,2025-12-16T01:00:00,DK1,100.0,100.0,0.67,5.00557,100.0,100.0,0.27,2.01717
2025-12-15T23:00:00,2025-12-16T00:00:00,DK1,100.0,100.0,0.67,5.00557,100.0,100.0,0.27,2.01717
2025-12-15T22:00:00,2025-12-15T23:00:00,DK1,100.0,100.0,8.7,64.99248,100.0,100.0,0.27,2.017008
2025-12-15T21:00:00,2025-12-15T22:00:00,DK1,100.0,100.0,10.0,74.704,100.0,100.0,0.27,2.017008
2025-12-15T20:00:00,2025-12-15T21:00:00,DK1,100.0,100.0,27.31,204.016624,100.0,100.0,0.23,1.718192
2025-12-15T19:00:00,2025-12-15T20:00:00,DK1,100.0,100.0,36.95,276.03128,100.0,100.0,0.23,1.718192
2025-12-15T18:00:00,2025-12-15T19:00:00,DK1,100.0,100.0,46.19,345.057776,100.0,100.0,0.23,1.718192
2025-12-15T17:00:00,2025-12-15T18:00:00,DK1,100.0,100.0,47.66,356.039264,100.0,100.0,0.23,1.718192
2025-12-15T16:00:00,2025-12-15T17:00:00,DK1,100.0,100.0,51.67,385.995568,100.0,100.0,0.27,2.017008
2025-12-15T15:00:00,2025-12-15T16:00:00,DK1,100.0,100.0,35.07,261.986928,100.0,100.0,0.27,2.017008
2025-12-15T14:00:00,2025-12-15T15:00:00,DK1,100.0,100.0,6.69,49.976976,100.0,100.0,0.27,2.017008
2025-12-15T13:00:00,2025-12-15T14:00:00,DK1,100.0,100.0,6.69,49.976976,100.0,100.0,0.27,2.017008
2025-12-15T12:00:00,2025-12-15T13:00:00,DK1,100.0,100.0,8.7,64.99248,100.0,100.0,0.27,2.017008
2025-12-15T11:00:00,2025-12-15T12:00:00,DK1,100.0,100.0,6.69,49.976976,100.0,100.0,0.27,2.017008
2025-12-15T10:00:00,2025-12-15T11:00:00,DK1,100.0,100.0,6.69,49.976976,100.0,100.0,0.27,2.017008
2025-12-15T09:00:00,2025-12-15T10:00:00,DK1,100.0,100.0,8.7,64.99248,100.0,100.0,0.27,2.017008
2025-12-15T08:00:00,2025-12-15T09:00:00,DK1,100.0,100.0,6.34,47.362336,100.0,100.0,0.27,2.017008
2025-12-15T07:00:00,2025-12-15T08:00:00,DK1,100.0,100.0,6.34,47.362336,100.0,100.0,0.27,2.017008
2025-12-15T06:00:00,2025-12-15T07:00:00,DK1,100.0,100.0,6.34,47.362336,100.0,100.0,0.46,3.436384
2025-12-15T05:00:00,2025-12-15T06:00:00,DK1,100.0,100.0,4.32,32.272128,100.0,100.0,0.46,3.436384
2025-12-15T04:00:00,2025-12-15T05:00:00,DK1,100.0,100.0,3.93,29.358672,100.0,100.0,0.27,2.017008
2025-12-15T03:00:00,2025-12-15T04:00:00,DK1,100.0,100.0,8.7,64.99248,100.0,100.0,0.27,2.017008
2025-12-15T02:00:00,2025-12-15T03:00:00,DK1,100.0,100.0,3.35,25.02584,100.0,100.0,0.27,2.017008
2025-12-15T01:00:00,2025-12-15T02:00:00,DK1,100.0,100.0,1.92,14.343168,100.0,100.0,0.27,2.017008
2025-12-15T00:00:00,2025-12-15T01:00:00,DK1,100.0,100.0,1.21,9.039184,100.0,100.0,0.27,2.017008
2025-12-14T23:00:00,2025-12-15T00:00:00,DK1,100.0,100.0,1.34,10.010336,100.0,100.0,0.27,2.017008
2025-12-14T22:00:00,2025-12-14T23:00:00,DK1,100.0,100.0,6.69,49.972962,100.0,100.0,0.27,2.016846
2025-12-14T21:00:00,2025-12-14T22:00:00,DK1,100.0,100.0,6.69,49.972962,100.0,100.0,0.27,2.016846
2025-12-14T20:00:00,2025-12-14T21:00:00,DK1,100.0,100.0,6.69,49.972962,100.0,100.0,0.27,2.016846
2025-12-14T19:00:00,2025-12-14T20:00:00,DK1,100.0,100.0,6.69,49.972962,100.0,100.0,0.27,2.016846
2025-12-14T18:00:00,2025-12-14T19:00:00,DK1,100.0,100.0,7.36,54.977728,100.0,100.0,0.27,2.016846
2025-12-14T17:00:00,2025-12-14T18:00:00,DK1,100.0,100.0,14.86,111.001228,100.0,100.0,0.27,2.016846
2025-12-14T16:00:00,2025-12-14T17:00:00,DK1,100.0,100.0,12.99,97.032702,100.0,100.0,0.27,2.016846
2025-12-14T15:00:00,2025-12-14T16:00:00,DK1,100.0,100.0,6.69,49.972962,100.0,100.0,0.27,2.016846
2025-12-14T14:00:00,2025-12-14T15:00:00,DK1,100.0,100.0,6.69,49.972962,100.0,100.0,0.27,2.016846
2025-12-14T13:00:00,2025-12-14T14:00:00,DK1,100.0,100.0,10.77,80.449746,100.0,100.0,0.27,2.016846
2025-12-14T12:00:00,2025-12-14T13:00:00,DK1,100.0,100.0,9.53,71.187194,100.0,100.0,0.27,2.016846
2025-12-14T11:00:00,2025-12-14T12:00:00,DK1,100.0,100.0,8.9,66.48122,100.0,100.0,0.27,2.016846
2025-12-14T10:00:00,2025-12-14T11:00:00,DK1,100.0,100.0,8.05,60.13189,100.0,100.0,0.27,2.016846
2025-12-14T09:00:00,2025-12-14T10:00:00,DK1,100.0,100.0,7.73,57.741554,100.0,100.0,0.27,2.016846
2025-12-14T08:00:00,2025-12-14T09:00:00,DK1,100.0,100.0,8.06,60.206588,100.0,100.0,0.27,2.016846
2025-12-14T07:00:00,2025-12-14T08:00:00,DK1,100.0,100.0,7.46,55.724708,100.0,100.0,0.27,2.016846
2025-12-14T06:00:00,2025-12-14T07:00:00,DK1,100.0,100.0,5.46,40.785108,100.0,100.0,0.27,2.016846
2025-12-14T05:00:00,2025-12-14T06:00:00,DK1,100.0,100.0,2.05,15.31309,100.0,100.0,0.54,4.033692
2025-12-14T04:00:00,2025-12-14T05:00:00,DK1,100.0,100.0,2.05,15.31309,100.0,100.0,0.67,5.004766
2025-12-14T03:00:00,2025-12-14T04:00:00,DK1,100.0,100.0,1.21,9.038458,100.0,100.0,0.67,5.004766
2025-12-14T02:00:00,2025-12-14T03:00:00,DK1,100.0,100.0,1.21,9.038458,100.0,100.0,0.54,4.033692
2025-12-14T01:00:00,2025-12-14T02:00:00,DK1,100.0,100.0,1.21,9.038458,100.0,100.0,0.27,2.016846
2025-12-14T00:00:00,2025-12-14T01:00:00,DK1,100.0,100.0,1.21,9.038458,100.0,100.0,0.27,2.016846
2025-12-13T23:00:00,2025-12-14T00:00:00,DK1,100.0,100.0,1.21,9.038458,100.0,100.0,0.27,2.016846
2025-12-13T22:00:00,2025-12-13T23:00:00,DK1,100.0,100.0,24.9,185.99802,100.0,100.0,0.27,2.016846
2025-12-13T21:00:00,2025-12-13T22:00:00,DK1,100.0,100.0,24.9,185.99802,100.0,100.0,0.27,2.016846
2025-12-13T20:00:00,2025-12-13T21:00:00,DK1,100.0,100.0,24.9,185.99802,100.0,100.0,0.27,2.016846
2025-12-13T19:00:00,2025-12-13T20:00:00,DK1,100.0,100.0,24.9,185.99802,100.0,100.0,0.27,2.016846
2025-12-13T18:00:00,2025-12-13T19:00:00,DK1,100.0,100.0,24.9,185.99802,100.0,100.0,0.27,2.016846
2025-12-13T17:00:00,2025-12-13T18:00:00,DK1,100.0,100.0,37.76,282.059648,100.0,100.0,0.27,2.016846
2025-12-13T16:00:00,2025-12-13T17:00:00,DK1,100.0,100.0,31.6,236.04568,100.0,100.0,0.27,2.016846
2025-12-13T15:00:00,2025-12-13T16:00:00,DK1,100.0,100.0,24.9,185.99802,100.0,100.0,0.27,2.016846
2025-12-13T14:00:00,2025-12-13T15:00:00,DK1,100.0,100.0,24.9,185.99802,100.0,100.0,0.27,2.016846
2025-12-13T13:00:00,2025-12-13T14:00:00,DK1,100.0,100.0,20.75,154.99835,100.0,100.0,0.23,1.718054
2025-12-13T12:00:00,2025-12-13T13:00:00,DK1,100.0,100.0,19.01,142.000898,100.0,100.0,0.27,2.016846
2025-12-13T11:00:00,2025-12-13T12:00:00,DK1,100.0,100.0,21.34,159.405532,100.0,100.0,0.23,1.718054
2025-12-13T10:00:00,2025-12-13T11:00:00,DK1,100.0,100.0,24.9,185.99802,100.0,100.0,0.23,1.718054
2025-12-13T09:00:00,2025-12-13T10:00:00,DK1,100.0,100.0,26.78,200.041244,100.0,100.0,0.23,1.718054
2025-12-13T08:00:00,2025-12-13T09:00:00,DK1,100.0,100.0,26.78,200.041244,100.0,100.0,0.23,1.718054
2025-12-13T07:00:00,2025-12-13T08:00:00,DK1,100.0,100.0,24.9,185.99802,100.0,100.0,0.23,1.718054
2025-12-13T06:00:00,2025-12-13T07:00:00,DK1,100.0,100.0,24.9,185.99802,100.0,100.0,0.23,1.718054
2025-12-13T05:00:00,2025-12-13T06:00:00,DK1,100.0,100.0,21.82,162.991036,100.0,100.0,0.23,1.718054
2025-12-13T04:00:00,2025-12-13T05:00:00,DK1,100.0,100.0,24.9,185.99802,100.0,100.0,0.27,2.016846
2025-12-13T03:00:00,2025-12-13T04:00:00,DK1,100.0,100.0,6.02,44.968196,100.0,100.0,0.27,2.016846
2025-12-13T02:00:00,2025-12-13T03:00:00,DK1,100.0,100.0,1.21,9.038458,100.0,100.0,0.27,2.016846
2025-12-13T01:00:00,2025-12-13T02:00:00,DK1,100.0,100.0,3.35,25.02383,100.0,100.0,0.27,2.016846
2025-12-13T00:00:00,2025-12-13T01:00:00,DK1,100.0,100.0,1.21,9.038458,100.0,100.0,0.27,2.016846
2025-12-12T23:00:00,2025-12-13T00:00:00,DK1,100.0,100.0,7.0,52.2886,100.0,100.0,0.27,2.016846
2025-12-12T22:00:00,2025-12-12T23:00:00,DK1,100.0,100.0,36.68,273.992264,100.0,104.0,0.23,1.718054
2025-12-12T21:00:00,2025-12-12T22:00:00,DK1,100.0,100.0,41.37,309.025626,100.0,100.0,0.23,1.718054
2025-12-12T20:00:00,2025-12-12T21:00:00,DK1,100.0,100.0,43.91,327.998918,100.0,100.0,0.4,2.98792
2025-12-12T19:00:00,2025-12-12T20:00:00,DK1,100.0,100.0,58.37,436.012226,100.0,100.0,0.23,1.718054
2025-12-12T18:00:00,2025-12-12T19:00:00,DK1,100.0,100.0,69.08,516.013784,100.0,102.0,0.23,1.718054
2025-12-12T17:00:00,2025-12-12T18:00:00,DK1,100.0,100.0,82.07,613.046486,100.0,100.0,0.23,1.718054
2025-12-12T16:00:00,2025-12-12T17:00:00,DK1,100.0,100.0,83.81,626.043938,100.0,100.0,0.27,2.016846
2025-12-12T15:00:00,2025-12-12T16:00:00,DK1,100.0,100.0,90.24,674.074752,100.0,100.0,0.27,2.016846
2025-12-12T14:00:00,2025-12-12T15:00:00,DK1,100.0,100.0,82.07,613.046486,100.0,100.0,0.23,1.718054
2025-12-12T13:00:00,2025-12-12T14:00:00,DK1,100.0,100.0,77.39,578.087822,100.0,100.0,0.23,1.718054
2025-12-12T12:00:00,2025-12-12T13:00:00,DK1,100.0,100.0,60.38,451.026524,100.0,100.0,0.23,1.718054
2025-12-12T11:00:00,2025-12-12T12:00:00,DK1,100.0,100.0,60.25,450.05545,100.0,100.0,0.23,1.718054
2025-12-12T10:00:00,2025-12-12T11:00:00,DK1,100.0,100.0,64.4,481.05512,100.0,100.0,0.23,1.718054
2025-12-12T09:00:00,2025-12-12T10:00:00,DK1,100.0,100.0,65.34,488.076732,100.0,100.0,0.23,1.718054
2025-12-12T08:00:00,2025-12-12T09:00:00,DK1,100.0,100.0,77.39,578.087822,100.0,100.0,0.27,2.016846
2025-12-12T07:00:00,2025-12-12T08:00:00,DK1,100.0,100.0,80.34,600.123732,100.0,100.0,0.27,2.016846
2025-12-12T06:00:00,2025-12-12T07:00:00,DK1,100.0,100.0,73.77,551.047146,100.0,100.0,0.27,2.016846
2025-12-12T05:00:00,2025-12-12T06:00:00,DK1,100.0,100.0,51.68,386.039264,100.0,100.0,0.27,2.016846
2025-12-12T04:00:00,2025-12-12T05:00:00,DK1,100.0,100.0,29.32,219.014536,100.0,100.0,0.27,2.016846
2025-12-12T03:00:00,2025-12-12T04:00:00,DK1,100.0,100.0,6.02,44.968196,100.0,100.0,0.27,2.016846
2025-12-12T02:00:00,2025-12-12T03:00:00,DK1,100.0,100.0,1.21,9.038458,100.0,100.0,0.27,2.016846
2025-12-12T01:00:00,2025-12-12T02:00:00,DK1,100.0,100.0,16.87,126.015526,100.0,100.0,0.27,2.016846
2025-12-12T00:00:00,2025-12-12T01:00:00,DK1,100.0,100.0,1.21,9.038458,100.0,100.0,0.27,2.016846
2025-12-11T23:00:00,2025-12-12T00:00:00,DK1,100.0,100.0,1.21,9.038458,100.0,100.0,0.27,2.016846
2025-12-11T22:00:00,2025-12-11T23:00:00,DK1,100.0,100.0,23.03,172.013373,100.0,100.0,0.27,2.016657
2025-12-11T21:00:00,2025-12-11T22:00:00,DK1,100.0,100.0,23.7,177.01767,100.0,100.0,0.27,2.016657
2025-12-11T20:00:00,2025-12-11T21:00:00,DK1,100.0,100.0,30.66,229.002606,100.0,100.0,0.27,2.016657
2025-12-11T19:00:00,2025-12-11T20:00:00,DK1,100.0,100.0,36.95,275.983245,100.0,100.0,0.27,2.016657
2025-12-11T18:00:00,2025-12-11T19:00:00,DK1,100.0,100.0,39.23,293.012793,100.0,100.0,0.27,2.016657
2025-12-11T17:00:00,2025-12-11T18:00:00,DK1,100.0,100.0,41.77,311.984307,100.0,100.0,0.27,2.016657
2025-12-11T16:00:00,2025-12-11T17:00:00,DK1,100.0,100.0,39.5,295.02945,100.0,100.0,0.27,2.016657
2025-12-11T15:00:00,2025-12-11T16:00:00,DK1,100.0,100.0,30.26,226.014966,100.0,100.0,0.27,2.016657
2025-12-11T14:00:00,2025-12-11T15:00:00,DK1,100.0,100.0,17.81,133.024671,100.0,100.0,0.27,2.016657
2025-12-11T13:00:00,2025-12-11T14:00:00,DK1,100.0,100.0,17.94,133.995654,100.0,100.0,0.27,2.016657
2025-12-11T12:00:00,2025-12-11T13:00:00,DK1,100.0,100.0,19.03,142.136973,100.0,100.0,0.27,2.016657
2025-12-11T11:00:00,2025-12-11T12:00:00,DK1,100.0,100.0,11.78,87.985998,100.0,100.0,0.27,2.016657
2025-12-11T10:00:00,2025-12-11T11:00:00,DK1,100.0,100.0,16.87,126.003717,100.0,100.0,0.27,2.016657
2025-12-11T09:00:00,2025-12-11T10:00:00,DK1,100.0,100.0,13.52,100.982232,100.0,100.0,0.27,2.016657
2025-12-11T08:00:00,2025-12-11T09:00:00,DK1,100.0,100.0,14.86,110.990826,100.0,100.0,0.27,2.016657
2025-12-11T07:00:00,2025-12-11T08:00:00,DK1,100.0,100.0,16.62,124.136442,100.0,100.0,0.27,2.016657
2025-12-11T06:00:00,2025-12-11T07:00:00,DK1,100.0,100.0,15.66,116.966106,100.0,100.0,0.27,2.016657
2025-12-11T05:00:00,2025-12-11T06:00:00,DK1,100.0,100.0,9.24,69.014484,100.0,100.0,0.27,2.016657
2025-12-11T04:00:00,2025-12-11T05:00:00,DK1,100.0,100.0,6.02,44.963982,100.0,100.0,0.27,2.016657
2025-12-11T03:00:00,2025-12-11T04:00:00,DK1,100.0,100.0,4.02,30.025782,100.0,100.0,0.27,2.016657
2025-12-11T02:00:00,2025-12-11T03:00:00,DK1,100.0,100.0,1.47,10.979577,100.0,100.0,0.27,2.016657
2025-12-11T01:00:00,2025-12-11T02:00:00,DK1,100.0,100.0,1.21,9.037611,100.0,100.0,0.27,2.016657
2025-12-11T00:00:00,2025-12-11T01:00:00,DK1,100.0,100.0,1.21,9.037611,100.0,100.0,0.27,2.016657
2025-12-10T23:00:00,2025-12-11T00:00:00,DK1,100.0,100.0,1.21,9.037611,100.0,100.0,0.27,2.016657
2025-12-10T22:00:00,2025-12-10T23:00:00,DK1,100.0,100.0,6.02,44.963982,100.0,100.0,0.54,4.033314
2025-12-10T21:00:00,2025-12-10T22:00:00,DK1,100.0,100.0,7.77,58.034907,100.0,100.0,0.54,4.033314
2025-12-10T20:00:00,2025-12-10T21:00:00,DK1,100.0,100.0,10.18,76.035438,100.0,100.0,0.4,2.98764
2025-12-10T19:00:00,2025-12-10T20:00:00,DK1,100.0,100.0,10.0,74.691,100.0,100.0,0.4,2.98764
2025-12-10T18:00:00,2025-12-10T19:00:00,DK1,100.0,100.0,11.78,87.985998,100.0,100.0,0.4,2.98764
2025-12-10T17:00:00,2025-12-10T18:00:00,DK1,100.0,100.0,17.81,133.024671,100.0,100.0,0.4,2.98764
2025-12-10T16:00:00,2025-12-10T17:00:00,DK1,100.0,100.0,19.28,144.004248,100.0,100.0,0.27,2.016657
2025-12-10T15:00:00,2025-12-10T16:00:00,DK1,100.0,100.0,14.86,110.990826,100.0,100.0,0.27,2.016657
2025-12-10T14:00:00,2025-12-10T15:00:00,DK1,100.0,100.0,6.69,49.968279,100.0,100.0,0.4,2.98764
2025-12-10T13:00:00,2025-12-10T14:00:00,DK1,100.0,100.0,10.0,74.691,100.0,100.0,0.4,2.98764
2025-12-10T12:00:00,2025-12-10T13:00:00,DK1,100.0,100.0,10.0,74.691,100.0,100.0,0.4,2.98764
2025-12-10T11:00:00,2025-12-10T12:00:00,DK1,100.0,100.0,10.0,74.691,100.0,100.0,0.4,2.98764
2025-12-10T10:00:00,2025-12-10T11:00:00,DK1,100.0,100.0,6.69,49.968279,100.0,100.0,0.4,2.98764
2025-12-10T09:00:00,2025-12-10T10:00:00,DK1,100.0,100.0,10.0,74.691,100.0,100.0,0.4,2.98764
2025-12-10T08:00:00,2025-12-10T09:00:00,DK1,100.0,100.0,6.69,49.968279,100.0,100.0,0.4,2.98764
2025-12-10T07:00:00,2025-12-10T08:00:00,DK1,100.0,100.0,6.69,49.968279,100.0,100.0,0.4,2.98764
2025-12-10T06:00:00,2025-12-10T07:00:00,DK1,100.0,100.0,7.36,54.972576,100.0,100.0,0.4,2.98764
2025-12-10T05:00:00,2025-12-10T06:00:00,DK1,100.0,100.0,6.69,49.968279,100.0,100.0,0.54,4.033314
2025-12-10T04:00:00,2025-12-10T05:00:00,DK1,100.0,100.0,3.35,25.021485,100.0,100.0,0.4,2.98764
2025-12-10T03:00:00,2025-12-10T04:00:00,DK1,100.0,100.0,1.34,10.008594,100.0,100.0,0.8,5.97528
2025-12-10T02:00:00,2025-12-10T03:00:00,DK1,100.0,100.0,1.21,9.037611,100.0,100.0,0.8,5.97528
2025-12-10T01:00:00,2025-12-10T02:00:00,DK1,100.0,100.0,0.79,5.900589,100.0,100.0,0.8,5.97528
2025-12-10T00:00:00,2025-12-10T01:00:00,DK1,100.0,100.0,0.72,5.377752,100.0,100.0,0.54,4.033314
2025-12-09T23:00:00,2025-12-10T00:00:00,DK1,100.0,100.0,1.34,10.008594,100.0,100.0,0.4,2.98764
2025-12-09T22:00:00,2025-12-09T23:00:00,DK1,100.0,100.0,3.93,29.352777,100.0,100.0,0.47,3.510383
2025-12-09T21:00:00,2025-12-09T22:00:00,DK1,100.0,100.0,3.98,29.726222,100.0,100.0,0.4,2.98756
2025-12-09T20:00:00,2025-12-09T21:00:00,DK1,100.0,100.0,10.0,74.689,100.0,100.0,0.4,2.98756
2025-12-09T19:00:00,2025-12-09T20:00:00,DK1,100.0,100.0,6.69,49.966941,100.0,100.0,0.27,2.016603
2025-12-09T18:00:00,2025-12-09T19:00:00,DK1,100.0,100.0,28.65,213.983985,100.0,100.0,0.27,2.016603
2025-12-09T17:00:00,2025-12-09T18:00:00,DK1,100.0,100.0,35.88,267.984132,100.0,100.0,0.27,2.016603
2025-12-09T16:00:00,2025-12-09T17:00:00,DK1,100.0,100.0,45.39,339.013371,100.0,100.0,0.27,2.016603
2025-12-09T15:00:00,2025-12-09T16:00:00,DK1,100.0,100.0,24.9,185.97561,100.0,100.0,0.27,2.016603
2025-12-09T14:00:00,2025-12-09T15:00:00,DK1,100.0,100.0,23.47,175.295083,100.0,100.0,0.4,2.98756
2025-12-09T13:00:00,2025-12-09T14:00:00,DK1,100.0,100.0,23.5,175.51915,100.0,100.0,0.4,2.98756
2025-12-09T12:00:00,2025-12-09T13:00:00,DK1,100.0,100.0,10.0,74.689,100.0,100.0,0.27,2.016603
2025-12-09T11:00:00,2025-12-09T12:00:00,DK1,100.0,100.0,23.03,172.008767,100.0,100.0,0.27,2.016603
2025-12-09T10:00:00,2025-12-09T11:00:00,DK1,100.0,100.0,24.9,185.97561,100.0,100.0,0.27,2.016603
2025-12-09T09:00:00,2025-12-09T10:00:00,DK1,100.0,100.0,10.0,74.689,100.0,100.0,0.4,2.98756
2025-12-09T08:00:00,2025-12-09T09:00:00,DK1,100.0,100.0,6.69,49.966941,100.0,100.0,0.27,2.016603
2025-12-09T07:00:00,2025-12-09T08:00:00,DK1,100.0,100.0,6.69,49.966941,100.0,100.0,0.27,2.016603
2025-12-09T06:00:00,2025-12-09T07:00:00,DK1,100.0,100.0,10.0,74.689,100.0,100.0,0.27,2.016603
2025-12-09T05:00:00,2025-12-09T06:00:00,DK1,100.0,100.0,6.69,49.966941,100.0,100.0,0.4,2.98756
2025-12-09T04:00:00,2025-12-09T05:00:00,DK1,100.0,100.0,6.02,44.962778,100.0,100.0,1.07,7.991723
2025-12-09T03:00:00,2025-12-09T04:00:00,DK1,100.0,100.0,6.64,49.593496,100.0,100.0,1.07,7.991723
2025-12-09T02:00:00,2025-12-09T03:00:00,DK1,100.0,100.0,1.34,10.008326,100.0,100.0,1.07,7.991723
2025-12-09T01:00:00,2025-12-09T02:00:00,DK1,100.0,100.0,1.34,10.008326,100.0,100.0,1.07,7.991723
2025-12-09T00:00:00,2025-12-09T01:00:00,DK1,100.0,100.0,1.21,9.037369,100.0,100.0,0.47,3.510383
2025-12-08T23:00:00,2025-12-09T00:00:00,DK1,100.0,100.0,1.21,9.037369,100.0,100.0,0.47,3.510383
2025-12-08T22:00:00,2025-12-08T23:00:00,DK1,100.0,100.0,6.02,44.962176,100.0,100.0,1.07,7.991616
2025-12-08T21:00:00,2025-12-08T22:00:00,DK1,100.0,100.0,10.0,74.688,100.0,100.0,1.07,7.991616
2025-12-08T20:00:00,2025-12-08T21:00:00,DK1,100.0,100.0,20.08,149.973504,100.0,100.0,0.27,2.016576
2025-12-08T19:00:00,2025-12-08T20:00:00,DK1,100.0,100.0,20.09,150.048192,100.0,100.0,0.27,2.016576
2025-12-08T18:00:00,2025-12-08T19:00:00,DK1,100.0,100.0,24.59,183.657792,100.0,100.0,0.27,2.016576
2025-12-08T17:00:00,2025-12-08T18:00:00,DK1,100.0,100.0,24.9,185.97312,100.0,100.0,0.27,2.016576
2025-12-08T16:00:00,2025-12-08T17:00:00,DK1,100.0,100.0,29.46,220.030848,100.0,100.0,0.27,2.016576
2025-12-08T15:00:00,2025-12-08T16:00:00,DK1,100.0,100.0,20.08,149.973504,100.0,100.0,0.27,2.016576
2025-12-08T14:00:00,2025-12-08T15:00:00,DK1,100.0,100.0,10.0,74.688,100.0,100.0,0.27,2.016576
2025-12-08T13:00:00,2025-12-08T14:00:00,DK1,100.0,100.0,10.0,74.688,100.0,100.0,0.3,2.24064
2025-12-08T12:00:00,2025-12-08T13:00:00,DK1,100.0,100.0,6.02,44.962176,100.0,100.0,0.4,2.98752
2025-12-08T11:00:00,2025-12-08T12:00:00,DK1,100.0,100.0,6.02,44.962176,100.0,100.0,0.4,2.98752
2025-12-08T10:00:00,2025-12-08T11:00:00,DK1,100.0,100.0,6.02,44.962176,100.0,100.0,0.4,2.98752
2025-12-08T09:00:00,2025-12-08T10:00:00,DK1,100.0,100.0,6.02,44.962176,100.0,100.0,0.3,2.24064
2025-12-08T08:00:00,2025-12-08T09:00:00,DK1,100.0,100.0,6.02,44.962176,100.0,100.0,0.3,2.24064
2025-12-08T07:00:00,2025-12-08T08:00:00,DK1,100.0,100.0,2.84,21.211392,100.0,100.0,0.3,2.24064
2025-12-08T06:00:00,2025-12-08T07:00:00,DK1,100.0,100.0,2.84,21.211392,100.0,100.0,0.4,2.98752
2025-12-08T05:00:00,2025-12-08T06:00:00,DK1,100.0,100.0,3.98,29.725824,100.0,100.0,0.4,2.98752
2025-12-08T04:00:00,2025-12-08T05:00:00,DK1,100.0,100.0,2.2,16.43136,100.0,100.0,0.67,5.004096
2025-12-08T03:00:00,2025-12-08T04:00:00,DK1,100.0,100.0,1.21,9.037248,100.0,100.0,0.67,5.004096
2025-12-08T02:00:00,2025-12-08T03:00:00,DK1,100.0,100.0,0.7,5.22816,100.0,100.0,0.67,5.004096
2025-12-08T01:00:00,2025-12-08T02:00:00,DK1,100.0,100.0,0.67,5.004096,100.0,100.0,0.67,5.004096
2025-12-08T00:00:00,2025-12-08T01:00:00,DK1,100.0,100.0,1.34,10.008192,100.0,100.0,0.54,4.033152
2025-12-07T23:00:00,2025-12-08T00:00:00,DK1,100.0,100.0,1.21,9.037248,100.0,100.0,0.54,4.033152
2025-12-07T22:00:00,2025-12-07T23:00:00,DK1,100.0,100.0,6.86,51.236654,100.0,100.0,0.54,4.033206
2025-12-07T21:00:00,2025-12-07T22:00:00,DK1,100.0,100.0,6.86,51.236654,100.0,100.0,0.67,5.004163
2025-12-07T20:00:00,2025-12-07T21:00:00,DK1,100.0,100.0,24.9,185.97561,100.0,100.0,0.27,2.016603
2025-12-07T19:00:00,2025-12-07T20:00:00,DK1,100.0,100.0,26.78,200.017142,100.0,100.0,0.27,2.016603
2025-12-07T18:00:00,2025-12-07T19:00:00,DK1,100.0,100.0,37.69,281.502841,100.0,100.0,0.27,2.016603
2025-12-07T17:00:00,2025-12-07T18:00:00,DK1,100.0,100.0,43.95,328.258155,100.0,100.0,0.27,2.016603
2025-12-07T16:00:00,2025-12-07T17:00:00,DK1,100.0,100.0,45.26,338.042414,100.0,100.0,0.27,2.016603
2025-12-07T15:00:00,2025-12-07T16:00:00,DK1,100.0,100.0,32.14,240.050446,100.0,100.0,0.27,2.016603
2025-12-07T14:00:00,2025-12-07T15:00:00,DK1,100.0,100.0,6.86,51.236654,100.0,100.0,0.27,2.016603
2025-12-07T13:00:00,2025-12-07T14:00:00,DK1,100.0,100.0,13.39,100.008571,100.0,100.0,0.27,2.016603
2025-12-07T12:00:00,2025-12-07T13:00:00,DK1,100.0,100.0,6.86,51.236654,100.0,100.0,0.27,2.016603
2025-12-07T11:00:00,2025-12-07T12:00:00,DK1,100.0,100.0,6.69,49.966941,100.0,100.0,0.27,2.016603
2025-12-07T10:00:00,2025-12-07T11:00:00,DK1,100.0,100.0,6.69,49.966941,100.0,100.0,0.27,2.016603
2025-12-07T09:00:00,2025-12-07T10:00:00,DK1,100.0,100.0,6.69,49.966941,100.0,100.0,0.27,2.016603
2025-12-07T08:00:00,2025-12-07T09:00:00,DK1,100.0,100.0,10.08,75.286512,100.0,100.0,0.27,2.016603
2025-12-07T07:00:00,2025-12-07T08:00:00,DK1,100.0,100.0,6.69,49.966941,100.0,100.0,0.4,2.98756
2025-12-07T06:00:00,2025-12-07T07:00:00,DK1,100.0,100.0,11.18,83.502302,100.0,100.0,0.4,2.98756
2025-12-07T05:00:00,2025-12-07T06:00:00,DK1,100.0,100.0,6.69,49.966941,100.0,100.0,0.67,5.004163
2025-12-07T04:00:00,2025-12-07T05:00:00,DK1,100.0,100.0,2.09,15.610001,100.0,100.0,0.67,5.004163
2025-12-07T03:00:00,2025-12-07T04:00:00,DK1,100.0,100.0,1.21,9.037369,100.0,100.0,0.67,5.004163
2025-12-07T02:00:00,2025-12-07T03:00:00,DK1,100.0,100.0,0.67,5.004163,100.0,100.0,0.67,5.004163
2025-12-07T01:00:00,2025-12-07T02:00:00,DK1,100.0,100.0,0.67,5.004163,100.0,100.0,0.67,5.004163
2025-12-07T00:00:00,2025-12-07T01:00:00,DK1,100.0,100.0,1.21,9.037369,100.0,100.0,0.67,5.004163
2025-12-06T23:00:00,2025-12-07T00:00:00,DK1,100.0,100.0,1.21,9.037369,100.0,100.0,0.67,5.004163
2025-12-06T22:00:00,2025-12-06T23:00:00,DK1,100.0,100.0,24.9,185.97561,100.0,100.0,0.67,5.004163
2025-12-06T21:00:00,2025-12-06T22:00:00,DK1,100.0,100.0,13.39,100.008571,100.0,100.0,0.4,2.98756
2025-12-06T20:00:00,2025-12-06T21:00:00,DK1,100.0,100.0,24.9,185.97561,100.0,100.0,0.27,2.016603
2025-12-06T19:00:00,2025-12-06T20:00:00,DK1,100.0,100.0,24.9,185.97561,100.0,100.0,0.27,2.016603
2025-12-06T18:00:00,2025-12-06T19:00:00,DK1,100.0,100.0,37.09,277.021501,100.0,100.0,0.27,2.016603
2025-12-06T17:00:00,2025-12-06T18:00:00,DK1,100.0,100.0,44.05,329.005045,100.0,100.0,0.27,2.016603
2025-12-06T16:00:00,2025-12-06T17:00:00,DK1,100.0,100.0,47.67,356.042463,100.0,100.0,0.27,2.016603
2025-12-06T15:00:00,2025-12-06T16:00:00,DK1,100.0,100.0,43.52,325.046528,100.0,100.0,0.27,2.016603
2025-12-06T14:00:00,2025-12-06T15:00:00,DK1,100.0,100.0,22.09,164.988001,100.0,100.0,0.27,2.016603
2025-12-06T13:00:00,2025-12-06T14:00:00,DK1,100.0,100.0,19.68,146.987952,100.0,100.0,0.4,2.98756
2025-12-06T12:00:00,2025-12-06T13:00:00,DK1,100.0,100.0,16.34,122.041826,100.0,100.0,0.27,2.016603
2025-12-06T11:00:00,2025-12-06T12:00:00,DK1,100.0,100.0,16.34,122.041826,100.0,100.0,0.27,2.016603
2025-12-06T10:00:00,2025-12-06T11:00:00,DK1,100.0,100.0,15.59,116.440151,100.0,100.0,0.27,2.016603
2025-12-06T09:00:00,2025-12-06T10:00:00,DK1,100.0,100.0,13.39,100.008571,100.0,100.0,0.4,2.98756
2025-12-06T08:00:00,2025-12-06T09:00:00,DK1,100.0,100.0,13.39,100.008571,100.0,100.0,0.4,2.98756
2025-12-06T07:00:00,2025-12-06T08:00:00,DK1,100.0,100.0,24.9,185.97561,100.0,100.0,0.4,2.98756
2025-12-06T06:00:00,2025-12-06T07:00:00,DK1,100.0,100.0,9.74,72.747086,100.0,100.0,0.4,2.98756
2025-12-06T05:00:00,2025-12-06T06:00:00,DK1,100.0,100.0,6.02,44.962778,100.0,100.0,0.54,4.033206
2025-12-06T04:00:00,2025-12-06T05:00:00,DK1,100.0,100.0,6.02,44.962778,100.0,100.0,0.67,5.004163
2025-12-06T03:00:00,2025-12-06T04:00:00,DK1,100.0,100.0,1.21,9.037369,100.0,100.0,0.67,5.004163
2025-12-06T02:00:00,2025-12-06T03:00:00,DK1,100.0,100.0,1.21,9.037369,100.0,100.0,0.67,5.004163
2025-12-06T01:00:00,2025-12-06T02:00:00,DK1,100.0,100.0,1.21,9.037369,100.0,100.0,0.67,5.004163
2025-12-06T00:00:00,2025-12-06T01:00:00,DK1,100.0,100.0,1.21,9.037369,100.0,100.0,0.54,4.033206
2025-12-05T23:00:00,2025-12-06T00:00:00,DK1,100.0,100.0,2.41,18.000049,100.0,100.0,0.4,2.98756
2025-12-05T22:00:00,2025-12-05T23:00:00,DK1,100.0,100.0,28.12,210.025468,100.0,100.0,0.27,2.016603
2025-12-05T21:00:00,2025-12-05T22:00:00,DK1,100.0,100.0,38.83,290.017387,100.0,100.0,0.27,2.016603
2025-12-05T20:00:00,2025-12-05T21:00:00,DK1,100.0,100.0,49.67,370.980263,100.0,100.0,0.54,4.033206
2025-12-05T19:00:00,2025-12-05T20:00:00,DK1,100.0,100.0,62.26,465.013714,100.0,100.0,0.27,2.016603
2025-12-05T18:00:00,2025-12-05T19:00:00,DK1,100.0,100.0,79.4,593.03066,100.0,100.0,0.27,2.016603
2025-12-05T17:00:00,2025-12-05T18:00:00,DK1,100.0,100.0,92.78,692.964542,100.0,100.0,0.27,2.016603
2025-12-05T16:00:00,2025-12-05T17:00:00,DK1,100.0,100.0,150.79,1126.235431,100.0,100.0,0.27,2.016603
2025-12-05T15:00:00,2025-12-05T16:00:00,DK1,100.0,100.0,164.65,1229.754385,100.0,100.0,0.27,2.016603
2025-12-05T14:00:00,2025-12-05T15:00:00,DK1,100.0,100.0,80.34,600.051426,100.0,100.0,0.27,2.016603
2025-12-05T13:00:00,2025-12-05T14:00:00,DK1,100.0,100.0,71.37,533.055393,100.0,100.0,0.32,2.390048
2025-12-05T12:00:00,2025-12-05T13:00:00,DK1,100.0,100.0,83.64,624.698796,100.0,100.0,0.27,2.016603
2025-12-05T11:00:00,2025-12-05T12:00:00,DK1,100.0,100.0,83.64,624.698796,100.0,100.0,0.27,2.016603
2025-12-05T10:00:00,2025-12-05T11:00:00,DK1,100.0,100.0,98.07,732.475023,100.0,100.0,0.27,2.016603
2025-12-05T09:00:00,2025-12-05T10:00:00,DK1,100.0,100.0,121.11,904.558479,100.0,100.0,0.27,2.016603
2025-12-05T08:00:00,2025-12-05T09:00:00,DK1,100.0,100.0,136.68,1020.849252,100.0,100.0,0.27,2.016603
2025-12-05T07:00:00,2025-12-05T08:00:00,DK1,100.0,100.0,190.87,1425.588943,100.0,100.0,0.27,2.016603
2025-12-05T06:00:00,2025-12-05T07:00:00,DK1,100.0,100.0,120.51,900.077139,100.0,100.0,0.27,2.016603
2025-12-05T05:00:00,2025-12-05T06:00:00,DK1,100.0,100.0,19.28,144.000392,100.0,100.0,0.32,2.390048
2025-12-05T04:00:00,2025-12-05T05:00:00,DK1,100.0,100.0,5.89,43.991821,100.0,100.0,0.32,2.390048
2025-12-05T03:00:00,2025-12-05T04:00:00,DK1,100.0,100.0,1.21,9.037369,100.0,100.0,0.32,2.390048
2025-12-05T02:00:00,2025-12-05T03:00:00,DK1,100.0,100.0,1.21,9.037369,100.0,100.0,0.32,2.390048
2025-12-05T01:00:00,2025-12-05T02:00:00,DK1,100.0,100.0,1.21,9.037369,100.0,100.0,0.32,2.390048
2025-12-05T00:00:00,2025-12-05T01:00:00,DK1,100.0,100.0,1.21,9.037369,100.0,100.0,0.32,2.390048
2025-12-04T23:00:00,2025-12-05T00:00:00,DK1,100.0,100.0,0.67,5.004163,100.0,100.0,0.32,2.390048
2025-12-04T22:00:00,2025-12-04T23:00:00,DK1,100.0,100.0,41.9,312.93434,100.0,100.0,0.27,2.016522
2025-12-04T21:00:00,2025-12-04T22:00:00,DK1,100.0,100.0,48.07,359.015602,100.0,100.0,0.27,2.016522
2025-12-04T20:00:00,2025-12-04T21:00:00,DK1,100.0,100.0,57.04,426.008944,100.0,100.0,0.27,2.016522
2025-12-04T19:00:00,2025-12-04T20:00:00,DK1,100.0,100.0,68.96,515.034656,100.0,100.0,0.27,2.016522
2025-12-04T18:00:00,2025-12-04T19:00:00,DK1,100.0,100.0,80.34,600.027324,100.0,100.0,0.27,2.016522
2025-12-04T17:00:00,2025-12-04T18:00:00,DK1,100.0,100.0,101.36,757.017296,100.0,100.0,0.27,2.016522
2025-12-04T16:00:00,2025-12-04T17:00:00,DK1,100.0,100.0,104.03,776.958458,100.0,100.0,0.27,2.016522
2025-12-04T15:00:00,2025-12-04T16:00:00,DK1,100.0,100.0,92.12,688.007432,100.0,100.0,0.27,2.016522
2025-12-04T14:00:00,2025-12-04T15:00:00,DK1,100.0,100.0,74.31,554.991666,100.0,100.0,0.27,2.016522
2025-12-04T13:00:00,2025-12-04T14:00:00,DK1,100.0,100.0,65.34,487.998324,100.0,100.0,0.27,2.016522
2025-12-04T12:00:00,2025-12-04T13:00:00,DK1,100.0,100.0,53.42,398.972612,100.0,100.0,0.27,2.016522
2025-12-04T11:00:00,2025-12-04T12:00:00,DK1,100.0,100.0,44.59,333.024874,100.0,100.0,0.27,2.016522
2025-12-04T10:00:00,2025-12-04T11:00:00,DK1,100.0,100.0,51.95,387.99377,100.0,100.0,0.27,2.016522
2025-12-04T09:00:00,2025-12-04T10:00:00,DK1,100.0,100.0,65.34,487.998324,100.0,100.0,0.27,2.016522
2025-12-04T08:00:00,2025-12-04T09:00:00,DK1,100.0,100.0,6.03,45.035658,100.0,100.0,0.27,2.016522
2025-12-04T07:00:00,2025-12-04T08:00:00,DK1,100.0,100.0,83.71,625.196506,100.0,100.0,0.27,2.016522
2025-12-04T06:00:00,2025-12-04T07:00:00,DK1,100.0,100.0,6.03,45.035658,100.0,100.0,0.27,2.016522
2025-12-04T05:00:00,2025-12-04T06:00:00,DK1,100.0,100.0,6.03,45.035658,100.0,100.0,0.27,2.016522
2025-12-04T04:00:00,2025-12-04T05:00:00,DK1,100.0,100.0,1.21,9.037006,100.0,100.0,0.4,2.98744
2025-12-04T03:00:00,2025-12-04T04:00:00,DK1,100.0,100.0,1.21,9.037006,100.0,100.0,0.4,2.98744
2025-12-04T02:00:00,2025-12-04T03:00:00,DK1,100.0,100.0,1.21,9.037006,100.0,100.0,0.4,2.98744
2025-12-04T01:00:00,2025-12-04T02:00:00,DK1,100.0,100.0,1.21,9.037006,100.0,100.0,0.4,2.98744
2025-12-04T00:00:00,2025-12-04T01:00:00,DK1,100.0,100.0,1.21,9.037006,100.0,100.0,0.4,2.98744
2025-12-03T23:00:00,2025-12-04T00:00:00,DK1,100.0,100.0,1.21,9.037006,100.0,100.0,0.4,2.98744
2025-12-03T22:00:00,2025-12-03T23:00:00,DK1,100.0,100.0,44.59,333.038251,100.0,100.0,0.27,2.016603
2025-12-03T21:00:00,2025-12-03T22:00:00,DK1,100.0,100.0,49.95,373.071555,100.0,100.0,0.27,2.016603
2025-12-03T20:00:00,2025-12-03T21:00:00,DK1,100.0,100.0,51.15,382.034235,100.0,100.0,0.27,2.016603
2025-12-03T19:00:00,2025-12-03T20:00:00,DK1,100.0,100.0,67.88,506.988932,100.0,100.0,0.27,2.016603
2025-12-03T18:00:00,2025-12-03T19:00:00,DK1,100.0,100.0,72.17,539.030513,100.0,100.0,0.27,2.016603
2025-12-03T17:00:00,2025-12-03T18:00:00,DK1,100.0,100.0,110.42,824.715938,100.0,100.0,0.27,2.016603
2025-12-03T16:00:00,2025-12-03T17:00:00,DK1,100.0,100.0,136.83,1021.969587,100.0,100.0,0.27,2.016603
2025-12-03T15:00:00,2025-12-03T16:00:00,DK1,100.0,100.0,130.82,977.081498,100.0,100.0,0.27,2.016603
2025-12-03T14:00:00,2025-12-03T15:00:00,DK1,100.0,100.0,109.17,815.379813,100.0,100.0,0.27,2.016603
2025-12-03T13:00:00,2025-12-03T14:00:00,DK1,100.0,100.0,75.38,563.005682,100.0,100.0,0.41,3.062249
2025-12-03T12:00:00,2025-12-03T13:00:00,DK1,100.0,100.0,66.54,496.980606,100.0,100.0,0.4,2.98756
2025-12-03T11:00:00,2025-12-03T12:00:00,DK1,100.0,100.0,69.54,519.387306,100.0,100.0,0.27,2.016603
2025-12-03T10:00:00,2025-12-03T11:00:00,DK1,100.0,100.0,70.65,527.677785,100.0,100.0,0.27,2.016603
2025-12-03T09:00:00,2025-12-03T10:00:00,DK1,100.0,100.0,75.38,563.005682,100.0,100.0,0.27,2.016603
2025-12-03T08:00:00,2025-12-03T09:00:00,DK1,100.0,100.0,80.34,600.051426,100.0,100.0,0.27,2.016603
2025-12-03T07:00:00,2025-12-03T08:00:00,DK1,100.0,100.0,80.98,604.831522,100.0,100.0,0.27,2.016603
2025-12-03T06:00:00,2025-12-03T07:00:00,DK1,100.0,100.0,83.34,622.458126,100.0,100.0,0.27,2.016603
2025-12-03T05:00:00,2025-12-03T06:00:00,DK1,100.0,100.0,54.94,410.341366,100.0,100.0,0.27,2.016603
2025-12-03T04:00:00,2025-12-03T05:00:00,DK1,100.0,100.0,29.26,218.540014,100.0,100.0,0.27,2.016603
2025-12-03T03:00:00,2025-12-03T04:00:00,DK1,100.0,100.0,28.73,214.581497,100.0,100.0,0.27,2.016603
2025-12-03T02:00:00,2025-12-03T03:00:00,DK1,100.0,100.0,2.0,14.9378,100.0,100.0,0.27,2.016603
2025-12-03T01:00:00,2025-12-03T02:00:00,DK1,100.0,100.0,0.67,5.004163,100.0,100.0,0.27,2.016603
2025-12-03T00:00:00,2025-12-03T01:00:00,DK1,100.0,100.0,0.67,5.004163,100.0,100.0,0.27,2.016603
2025-12-02T23:00:00,2025-12-03T00:00:00,DK1,100.0,100.0,0.67,5.004163,100.0,100.0,0.27,2.016603
2025-12-02T22:00:00,2025-12-02T23:00:00,DK1,100.0,100.0,42.17,314.950862,100.0,100.0,0.27,2.016522
2025-12-02T21:00:00,2025-12-02T22:00:00,DK1,100.0,100.0,46.12,344.451832,100.0,100.0,0.27,2.016522
2025-12-02T20:00:00,2025-12-02T21:00:00,DK1,100.0,100.0,33.07,246.986602,100.0,100.0,0.27,2.016522
2025-12-02T19:00:00,2025-12-02T20:00:00,DK1,100.0,100.0,37.62,280.968732,100.0,100.0,0.27,2.016522
2025-12-02T18:00:00,2025-12-02T19:00:00,DK1,100.0,100.0,43.38,323.987868,100.0,100.0,0.27,2.016522
2025-12-02T17:00:00,2025-12-02T18:00:00,DK1,100.0,100.0,47.0,351.0242,100.0,100.0,0.27,2.016522
2025-12-02T16:00:00,2025-12-02T17:00:00,DK1,100.0,100.0,43.25,323.01695,100.0,100.0,0.27,2.016522
2025-12-02T15:00:00,2025-12-02T16:00:00,DK1,100.0,100.0,34.68,259.011048,100.0,100.0,0.27,2.016522
2025-12-02T14:00:00,2025-12-02T15:00:00,DK1,100.0,100.0,29.59,220.995874,100.0,100.0,0.27,2.016522
2025-12-02T13:00:00,2025-12-02T14:00:00,DK1,100.0,100.0,24.9,185.96814,100.0,100.0,0.27,2.016522
2025-12-02T12:00:00,2025-12-02T13:00:00,DK1,100.0,100.0,24.9,185.96814,100.0,100.0,0.27,2.016522
2025-12-02T11:00:00,2025-12-02T12:00:00,DK1,100.0,100.0,24.9,185.96814,100.0,100.0,0.27,2.016522
2025-12-02T10:00:00,2025-12-02T11:00:00,DK1,100.0,100.0,24.9,185.96814,100.0,100.0,0.27,2.016522
2025-12-02T09:00:00,2025-12-02T10:00:00,DK1,100.0,100.0,24.9,185.96814,100.0,100.0,0.27,2.016522
2025-12-02T08:00:00,2025-12-02T09:00:00,DK1,100.0,100.0,24.9,185.96814,100.0,100.0,0.27,2.016522
2025-12-02T07:00:00,2025-12-02T08:00:00,DK1,100.0,100.0,24.9,185.96814,100.0,100.0,0.27,2.016522
2025-12-02T06:00:00,2025-12-02T07:00:00,DK1,100.0,100.0,11.35,84.76861,100.0,100.0,0.27,2.016522
2025-12-02T05:00:00,2025-12-02T06:00:00,DK1,100.0,100.0,6.02,44.960972,100.0,100.0,0.4,2.98744
2025-12-02T04:00:00,2025-12-02T05:00:00,DK1,100.0,100.0,3.53,26.364158,100.0,100.0,0.4,2.98744
2025-12-02T03:00:00,2025-12-02T04:00:00,DK1,100.0,100.0,2.63,19.642418,100.0,100.0,0.4,2.98744
2025-12-02T02:00:00,2025-12-02T03:00:00,DK1,100.0,100.0,1.34,10.007924,100.0,100.0,0.4,2.98744
2025-12-02T01:00:00,2025-12-02T02:00:00,DK1,100.0,100.0,0.67,5.003962,100.0,100.0,0.4,2.98744
2025-12-02T00:00:00,2025-12-02T01:00:00,DK1,100.0,100.0,0.67,5.003962,100.0,100.0,0.4,2.98744
2025-12-01T23:00:00,2025-12-02T00:00:00,DK1,100.0,100.0,0.67,5.003962,100.0,100.0,0.4,2.98744
2025-12-01T22:00:00,2025-12-01T23:00:00,DK1,100.0,100.0,11.5,85.89005,100.0,100.0,0.4,2.98748
2025-12-01T21:00:00,2025-12-01T22:00:00,DK1,100.0,100.0,20.34,151.913358,100.0,100.0,0.4,2.98748
2025-12-01T20:00:00,2025-12-01T21:00:00,DK1,100.0,100.0,24.9,185.97063,100.0,100.0,0.4,2.98748
2025-12-01T19:00:00,2025-12-01T20:00:00,DK1,100.0,100.0,24.9,185.97063,100.0,100.0,0.27,2.016549
2025-12-01T18:00:00,2025-12-01T19:00:00,DK1,100.0,100.0,28.14,210.169218,100.0,100.0,0.27,2.016549
2025-12-01T17:00:00,2025-12-01T18:00:00,DK1,100.0,100.0,44.59,333.029333,100.0,100.0,0.27,2.016549
2025-12-01T16:00:00,2025-12-01T17:00:00,DK1,100.0,100.0,67.53,504.361311,100.0,100.0,0.27,2.016549
2025-12-01T15:00:00,2025-12-01T16:00:00,DK1,100.0,100.0,59.14,441.698918,100.0,100.0,0.27,2.016549
2025-12-01T14:00:00,2025-12-01T15:00:00,DK1,100.0,100.0,50.0,373.435,100.0,100.0,0.27,2.016549
2025-12-01T13:00:00,2025-12-01T14:00:00,DK1,100.0,100.0,24.9,185.97063,100.0,100.0,0.27,2.016549
2025-12-01T12:00:00,2025-12-01T13:00:00,DK1,100.0,100.0,24.9,185.97063,100.0,100.0,0.27,2.016549
2025-12-01T11:00:00,2025-12-01T12:00:00,DK1,100.0,100.0,24.9,185.97063,100.0,100.0,0.27,2.016549
2025-12-01T10:00:00,2025-12-01T11:00:00,DK1,100.0,100.0,24.9,185.97063,100.0,100.0,0.27,2.016549
2025-12-01T09:00:00,2025-12-01T10:00:00,DK1,100.0,100.0,24.9,185.97063,100.0,100.0,0.27,2.016549
2025-12-01T08:00:00,2025-12-01T09:00:00,DK1,100.0,100.0,48.96,365.667552,100.0,100.0,0.27,2.016549
2025-12-01T07:00:00,2025-12-01T08:00:00,DK1,100.0,100.0,56.93,425.193091,100.0,100.0,0.27,2.016549
2025-12-01T06:00:00,2025-12-01T07:00:00,DK1,100.0,100.0,44.4,331.61028,100.0,100.0,0.27,2.016549
2025-12-01T05:00:00,2025-12-01T06:00:00,DK1,100.0,100.0,24.9,185.97063,100.0,100.0,0.27,2.016549
2025-12-01T04:00:00,2025-12-01T05:00:00,DK1,100.0,100.0,6.02,44.961574,100.0,100.0,0.4,2.98748
2025-12-01T03:00:00,2025-12-01T04:00:00,DK1,100.0,100.0,1.21,9.037127,100.0,100.0,0.4,2.98748
2025-12-01T02:00:00,2025-12-01T03:00:00,DK1,100.0,100.0,1.21,9.037127,100.0,100.0,0.4,2.98748
2025-12-01T01:00:00,2025-12-01T02:00:00,DK1,100.0,100.0,1.21,9.037127,100.0,100.0,0.4,2.98748
2025-12-01T00:00:00,2025-12-01T01:00:00,DK1,100.0,100.0,1.21,9.037127,100.0,100.0,0.4,2.98748
2025-11-30T23:00:00,2025-12-01T00:00:00,DK1,100.0,100.0,0.67,5.004029,100.0,100.0,0.4,2.98748
2025-11-30T22:00:00,2025-11-30T23:00:00,DK1,100.0,100.0,24.9,185.97312,100.0,100.0,0.67,5.004096
2025-11-30T21:00:00,2025-11-30T22:00:00,DK1,100.0,100.0,24.9,185.97312,100.0,100.0,0.67,5.004096
2025-11-30T20:00:00,2025-11-30T21:00:00,DK1,100.0,100.0,25.1,187.46688,100.0,100.0,0.4,2.98752
2025-11-30T19:00:00,2025-11-30T20:00:00,DK1,100.0,100.0,46.66,348.494208,100.0,100.0,0.27,2.016576
2025-11-30T18:00:00,2025-11-30T19:00:00,DK1,100.0,100.0,50.44,376.726272,100.0,100.0,0.27,2.016576
2025-11-30T17:00:00,2025-11-30T18:00:00,DK1,100.0,100.0,55.89,417.431232,100.0,100.0,0.27,2.016576
2025-11-30T16:00:00,2025-11-30T17:00:00,DK1,100.0,100.0,60.47,451.638336,100.0,100.0,0.27,2.016576
2025-11-30T15:00:00,2025-11-30T16:00:00,DK1,100.0,100.0,34.72,259.316736,100.0,100.0,0.27,2.016576
2025-11-30T14:00:00,2025-11-30T15:00:00,DK1,100.0,100.0,24.9,185.97312,100.0,100.0,0.28,2.091264
2025-11-30T13:00:00,2025-11-30T14:00:00,DK1,100.0,100.0,24.9,185.97312,100.0,100.0,0.28,2.091264
2025-11-30T12:00:00,2025-11-30T13:00:00,DK1,100.0,100.0,24.9,185.97312,100.0,100.0,0.54,4.033152
2025-11-30T11:00:00,2025-11-30T12:00:00,DK1,100.0,100.0,24.9,185.97312,100.0,100.0,0.54,4.033152
2025-11-30T10:00:00,2025-11-30T11:00:00,DK1,100.0,100.0,24.9,185.97312,100.0,100.0,0.54,4.033152
2025-11-30T09:00:00,2025-11-30T10:00:00,DK1,100.0,100.0,24.9,185.97312,100.0,100.0,0.67,5.004096
2025-11-30T08:00:00,2025-11-30T09:00:00,DK1,100.0,100.0,24.9,185.97312,100.0,100.0,0.28,2.091264
2025-11-30T07:00:00,2025-11-30T08:00:00,DK1,100.0,100.0,24.9,185.97312,100.0,100.0,0.28,2.091264
2025-11-30T06:00:00,2025-11-30T07:00:00,DK1,100.0,100.0,24.9,185.97312,100.0,100.0,0.67,5.004096
2025-11-30T05:00:00,2025-11-30T06:00:00,DK1,100.0,100.0,24.9,185.97312,100.0,100.0,0.67,5.004096
2025-11-30T04:00:00,2025-11-30T05:00:00,DK1,100.0,100.0,4.71,35.178048,100.0,100.0,0.54,4.033152
2025-11-30T03:00:00,2025-11-30T04:00:00,DK1,100.0,100.0,1.21,9.037248,100.0,100.0,0.54,4.033152
2025-11-30T02:00:00,2025-11-30T03:00:00,DK1,100.0,100.0,1.21,9.037248,100.0,100.0,0.54,4.033152
2025-11-30T01:00:00,2025-11-30T02:00:00,DK1,100.0,100.0,1.21,9.037248,100.0,100.0,0.27,2.016576
2025-11-30T00:00:00,2025-11-30T01:00:00,DK1,100.0,100.0,1.47,10.979136,100.0,100.0,0.54,4.033152
2025-11-29T23:00:00,2025-11-30T00:00:00,DK1,100.0,100.0,1.21,9.037248,100.0,100.0,0.54,4.033152
2025-11-29T22:00:00,2025-11-29T23:00:00,DK1,100.0,100.0,24.9,185.97312,100.0,100.0,0.4,2.98752
2025-11-29T21:00:00,2025-11-29T22:00:00,DK1,100.0,100.0,27.98,208.977024,100.0,100.0,0.4,2.98752
2025-11-29T20:00:00,2025-11-29T21:00:00,DK1,100.0,100.0,27.45,205.01856,100.0,100.0,0.4,2.98752
2025-11-29T19:00:00,2025-11-29T20:00:00,DK1,100.0,100.0,30.13,225.034944,100.0,100.0,0.4,2.98752
2025-11-29T18:00:00,2025-11-29T19:00:00,DK1,100.0,100.0,37.49,280.005312,100.0,100.0,0.4,2.98752
2025-11-29T17:00:00,2025-11-29T18:00:00,DK1,100.0,100.0,41.91,313.017408,100.0,100.0,0.4,2.98752
2025-11-29T16:00:00,2025-11-29T17:00:00,DK1,100.0,100.0,41.77,311.971776,100.0,100.0,0.4,2.98752
2025-11-29T15:00:00,2025-11-29T16:00:00,DK1,100.0,100.0,36.15,269.99712,100.0,100.0,0.4,2.98752
2025-11-29T14:00:00,2025-11-29T15:00:00,DK1,100.0,100.0,29.99,223.989312,100.0,100.0,0.4,2.98752
2025-11-29T13:00:00,2025-11-29T14:00:00,DK1,100.0,100.0,15.49,115.691712,100.0,100.0,0.4,2.98752
2025-11-29T12:00:00,2025-11-29T13:00:00,DK1,100.0,100.0,23.7,177.01056,100.0,100.0,0.4,2.98752
2025-11-29T11:00:00,2025-11-29T12:00:00,DK1,100.0,100.0,16.02,119.650176,100.0,100.0,0.54,4.033152
2025-11-29T10:00:00,2025-11-29T11:00:00,DK1,100.0,100.0,13.26,99.036288,100.0,100.0,0.54,4.033152
2025-11-29T09:00:00,2025-11-29T10:00:00,DK1,100.0,100.0,15.12,112.928256,100.0,100.0,0.8,5.97504
2025-11-29T08:00:00,2025-11-29T09:00:00,DK1,100.0,100.0,12.01,89.700288,100.0,100.0,0.8,5.97504
2025-11-29T07:00:00,2025-11-29T08:00:00,DK1,100.0,100.0,6.02,44.962176,100.0,100.0,0.54,4.033152
2025-11-29T06:00:00,2025-11-29T07:00:00,DK1,100.0,100.0,6.02,44.962176,100.0,100.0,0.8,5.97504
2025-11-29T05:00:00,2025-11-29T06:00:00,DK1,100.0,100.0,2.63,19.642944,100.0,100.0,0.54,4.033152
2025-11-29T04:00:00,2025-11-29T05:00:00,DK1,100.0,100.0,1.21,9.037248,100.0,100.0,0.54,4.033152
2025-11-29T03:00:00,2025-11-29T04:00:00,DK1,100.0,100.0,1.34,10.008192,100.0,100.0,0.54,4.033152
2025-11-29T02:00:00,2025-11-29T03:00:00,DK1,100.0,100.0,0.67,5.004096,100.0,100.0,0.54,4.033152
2025-11-29T01:00:00,2025-11-29T02:00:00,DK1,100.0,100.0,0.67,5.004096,100.0,100.0,0.54,4.033152
2025-11-29T00:00:00,2025-11-29T01:00:00,DK1,100.0,100.0,0.67,5.004096,100.0,100.0,0.54,4.033152
2025-11-28T23:00:00,2025-11-29T00:00:00,DK1,100.0,100.0,0.67,5.004096,100.0,100.0,0.54,4.033152
2025-11-28T22:00:00,2025-11-28T23:00:00,DK1,100.0,100.0,6.03,45.036864,100.0,100.0,0.28,2.091264
2025-11-28T21:00:00,2025-11-28T22:00:00,DK1,100.0,100.0,6.03,45.036864,100.0,100.0,0.27,2.016576
2025-11-28T20:00:00,2025-11-28T21:00:00,DK1,100.0,100.0,16.34,122.040192,100.0,100.0,0.27,2.016576
2025-11-28T19:00:00,2025-11-28T20:00:00,DK1,100.0,100.0,21.88,163.417344,100.0,100.0,0.23,1.717824
2025-11-28T18:00:00,2025-11-28T19:00:00,DK1,100.0,100.0,24.9,185.97312,100.0,100.0,0.23,1.717824
2025-11-28T17:00:00,2025-11-28T18:00:00,DK1,100.0,100.0,30.53,228.022464,100.0,100.0,0.23,1.717824
2025-11-28T16:00:00,2025-11-28T17:00:00,DK1,100.0,100.0,33.31,248.785728,100.0,100.0,0.23,1.717824
2025-11-28T15:00:00,2025-11-28T16:00:00,DK1,100.0,100.0,6.03,45.036864,100.0,100.0,0.23,1.717824
2025-11-28T14:00:00,2025-11-28T15:00:00,DK1,100.0,100.0,6.03,45.036864,100.0,100.0,0.28,2.091264
2025-11-28T13:00:00,2025-11-28T14:00:00,DK1,100.0,100.0,6.03,45.036864,100.0,100.0,0.27,2.016576
2025-11-28T12:00:00,2025-11-28T13:00:00,DK1,100.0,100.0,6.03,45.036864,100.0,100.0,0.23,1.717824
2025-11-28T11:00:00,2025-11-28T12:00:00,DK1,100.0,100.0,6.03,45.036864,100.0,100.0,0.23,1.717824
2025-11-28T10:00:00,2025-11-28T11:00:00,DK1,100.0,100.0,18.13,135.409344,100.0,100.0,0.23,1.717824
2025-11-28T09:00:00,2025-11-28T10:00:00,DK1,100.0,100.0,6.03,45.036864,100.0,100.0,0.27,2.016576
2025-11-28T08:00:00,2025-11-28T09:00:00,DK1,100.0,100.0,21.17,158.114496,100.0,100.0,0.27,2.016576
2025-11-28T07:00:00,2025-11-28T08:00:00,DK1,100.0,100.0,25.84,192.993792,100.0,100.0,0.27,2.016576
2025-11-28T06:00:00,2025-11-28T07:00:00,DK1,100.0,100.0,27.22,203.300736,100.0,100.0,0.27,2.016576
2025-11-28T05:00:00,2025-11-28T06:00:00,DK1,100.0,100.0,14.86,110.986368,100.0,100.0,0.27,2.016576
2025-11-28T04:00:00,2025-11-28T05:00:00,DK1,100.0,100.0,1.34,10.008192,100.0,100.0,0.67,5.004096
2025-11-28T03:00:00,2025-11-28T04:00:00,DK1,100.0,100.0,1.07,7.991616,100.0,100.0,0.67,5.004096
2025-11-28T02:00:00,2025-11-28T03:00:00,DK1,100.0,100.0,0.67,5.004096,100.0,100.0,0.67,5.004096
2025-11-28T01:00:00,2025-11-28T02:00:00,DK1,100.0,100.0,0.67,5.004096,100.0,100.0,0.67,5.004096
2025-11-28T00:00:00,2025-11-28T01:00:00,DK1,100.0,100.0,0.67,5.004096,100.0,100.0,0.28,2.091264
2025-11-27T23:00:00,2025-11-28T00:00:00,DK1,100.0,100.0,0.67,5.004096,100.0,100.0,0.28,2.091264
2025-11-27T22:00:00,2025-11-27T23:00:00,DK1,100.0,100.0,10.31,77.003328,100.0,100.0,0.67,5.004096
2025-11-27T21:00:00,2025-11-27T22:00:00,DK1,100.0,100.0,6.02,44.962176,100.0,100.0,0.54,4.033152
2025-11-27T20:00:00,2025-11-27T21:00:00,DK1,100.0,100.0,16.55,123.60864,100.0,100.0,0.27,2.016576
2025-11-27T19:00:00,2025-11-27T20:00:00,DK1,100.0,100.0,24.9,185.97312,100.0,100.0,0.23,1.717824
2025-11-27T18:00:00,2025-11-27T19:00:00,DK1,100.0,100.0,63.68,475.613184,100.0,100.0,0.23,1.717824
2025-11-27T17:00:00,2025-11-27T18:00:00,DK1,100.0,100.0,57.2,427.21536,100.0,100.0,0.23,1.717824
2025-11-27T16:00:00,2025-11-27T17:00:00,DK1,100.0,100.0,41.91,313.017408,100.0,100.0,0.23,1.717824
2025-11-27T15:00:00,2025-11-27T16:00:00,DK1,100.0,100.0,34.28,256.030464,100.0,100.0,0.23,1.717824
2025-11-27T14:00:00,2025-11-27T15:00:00,DK1,100.0,100.0,36.23,270.594624,100.0,100.0,0.23,1.717824
2025-11-27T13:00:00,2025-11-27T14:00:00,DK1,100.0,100.0,33.21,248.038848,100.0,100.0,0.23,1.717824
2025-11-27T12:00:00,2025-11-27T13:00:00,DK1,100.0,100.0,33.32,248.860416,100.0,100.0,0.23,1.717824
2025-11-27T11:00:00,2025-11-27T12:00:00,DK1,100.0,100.0,33.21,248.038848,100.0,100.0,0.23,1.717824
2025-11-27T10:00:00,2025-11-27T11:00:00,DK1,100.0,100.0,69.31,517.662528,100.0,100.0,0.23,1.717824
2025-11-27T09:00:00,2025-11-27T10:00:00,DK1,100.0,100.0,45.79,341.996352,100.0,100.0,0.23,1.717824
2025-11-27T08:00:00,2025-11-27T09:00:00,DK1,100.0,100.0,51.16,382.103808,100.0,100.0,0.27,2.016576
2025-11-27T07:00:00,2025-11-27T08:00:00,DK1,100.0,100.0,62.49,466.725312,100.0,100.0,0.27,2.016576
2025-11-27T06:00:00,2025-11-27T07:00:00,DK1,100.0,100.0,44.59,333.033792,100.0,100.0,0.23,1.717824
2025-11-27T05:00:00,2025-11-27T06:00:00,DK1,100.0,100.0,26.51,197.997888,100.0,100.0,0.23,1.717824
2025-11-27T04:00:00,2025-11-27T05:00:00,DK1,100.0,100.0,1.47,10.979136,100.0,100.0,0.54,4.033152
2025-11-27T03:00:00,2025-11-27T04:00:00,DK1,100.0,100.0,0.67,5.004096,100.0,100.0,0.54,4.033152
2025-11-27T02:00:00,2025-11-27T03:00:00,DK1,100.0,100.0,0.67,5.004096,100.0,100.0,0.4,2.98752
2025-11-27T01:00:00,2025-11-27T02:00:00,DK1,100.0,100.0,0.67,5.004096,100.0,100.0,0.27,2.016576
2025-11-27T00:00:00,2025-11-27T01:00:00,DK1,100.0,100.0,0.67,5.004096,100.0,100.0,0.27,2.016576
2025-11-26T23:00:00,2025-11-27T00:00:00,DK1,100.0,100.0,1.21,9.037248,100.0,100.0,0.27,2.016576
2025-11-26T22:00:00,2025-11-26T23:00:00,DK1,100.0,100.0,71.62,534.908294,100.0,100.0,0.54,4.033098
2025-11-26T21:00:00,2025-11-26T22:00:00,DK1,100.0,100.0,58.51,436.993637,100.0,100.0,0.27,2.016549
2025-11-26T20:00:00,2025-11-26T21:00:00,DK1,100.0,100.0,86.9,649.03003,100.0,100.0,0.27,2.016549
2025-11-26T19:00:00,2025-11-26T20:00:00,DK1,100.0,100.0,129.63,968.167581,100.0,100.0,0.27,2.016549
2025-11-26T18:00:00,2025-11-26T19:00:00,DK1,100.0,100.0,150.62,1124.935594,100.0,100.0,0.27,2.016549
2025-11-26T17:00:00,2025-11-26T18:00:00,DK1,100.0,100.0,150.62,1124.935594,100.0,100.0,0.27,2.016549
2025-11-26T16:00:00,2025-11-26T17:00:00,DK1,100.0,100.0,150.62,1124.935594,100.0,100.0,0.27,2.016549
2025-11-26T15:00:00,2025-11-26T16:00:00,DK1,100.0,100.0,150.62,1124.935594,100.0,100.0,0.27,2.016549
2025-11-26T14:00:00,2025-11-26T15:00:00,DK1,100.0,100.0,150.62,1124.935594,100.0,100.0,0.27,2.016549
2025-11-26T13:00:00,2025-11-26T14:00:00,DK1,100.0,100.0,140.6,1050.09922,100.0,100.0,0.27,2.016549
2025-11-26T12:00:00,2025-11-26T13:00:00,DK1,100.0,100.0,133.9,1000.05893,100.0,100.0,0.27,2.016549
2025-11-26T11:00:00,2025-11-26T12:00:00,DK1,100.0,100.0,126.94,948.076778,100.0,100.0,0.27,2.016549
2025-11-26T10:00:00,2025-11-26T11:00:00,DK1,100.0,100.0,133.9,1000.05893,100.0,100.0,0.27,2.016549
2025-11-26T09:00:00,2025-11-26T10:00:00,DK1,100.0,100.0,150.62,1124.935594,100.0,100.0,0.27,2.016549
2025-11-26T08:00:00,2025-11-26T09:00:00,DK1,100.0,100.0,150.62,1124.935594,100.0,100.0,0.27,2.016549
2025-11-26T07:00:00,2025-11-26T08:00:00,DK1,100.0,100.0,150.62,1124.935594,100.0,100.0,0.27,2.016549
2025-11-26T06:00:00,2025-11-26T07:00:00,DK1,100.0,100.0,133.9,1000.05893,100.0,100.0,0.27,2.016549
2025-11-26T05:00:00,2025-11-26T06:00:00,DK1,100.0,100.0,107.12,800.047144,100.0,100.0,0.27,2.016549
2025-11-26T04:00:00,2025-11-26T05:00:00,DK1,100.0,100.0,1.21,9.037127,100.0,100.0,0.67,5.004029
2025-11-26T03:00:00,2025-11-26T04:00:00,DK1,100.0,100.0,1.21,9.037127,100.0,100.0,0.4,2.98748
2025-11-26T02:00:00,2025-11-26T03:00:00,DK1,100.0,100.0,1.21,9.037127,100.0,100.0,0.4,2.98748
2025-11-26T01:00:00,2025-11-26T02:00:00,DK1,100.0,100.0,1.21,9.037127,100.0,100.0,0.67,5.004029
2025-11-26T00:00:00,2025-11-26T01:00:00,DK1,100.0,100.0,1.21,9.037127,100.0,100.0,0.67,5.004029
2025-11-25T23:00:00,2025-11-26T00:00:00,DK1,100.0,100.0,1.21,9.037127,100.0,100.0,0.4,2.98748
2025-11-25T22:00:00,2025-11-25T23:00:00,DK1,100.0,100.0,6.69,49.968279,100.0,100.0,0.4,2.98764
2025-11-25T21:00:00,2025-11-25T22:00:00,DK1,100.0,100.0,6.69,49.968279,100.0,100.0,0.27,2.016657
2025-11-25T20:00:00,2025-11-25T21:00:00,DK1,100.0,100.0,6.69,49.968279,100.0,100.0,0.27,2.016657
2025-11-25T19:00:00,2025-11-25T20:00:00,DK1,100.0,100.0,6.69,49.968279,100.0,100.0,0.27,2.016657
2025-11-25T18:00:00,2025-11-25T19:00:00,DK1,100.0,100.0,6.69,49.968279,100.0,100.0,0.27,2.016657
2025-11-25T17:00:00,2025-11-25T18:00:00,DK1,100.0,100.0,6.69,49.968279,100.0,100.0,0.27,2.016657
2025-11-25T16:00:00,2025-11-25T17:00:00,DK1,100.0,100.0,6.69,49.968279,100.0,100.0,0.27,2.016657
2025-11-25T15:00:00,2025-11-25T16:00:00,DK1,100.0,100.0,6.43,48.026313,100.0,100.0,0.27,2.016657
2025-11-25T14:00:00,2025-11-25T15:00:00,DK1,100.0,100.0,6.69,49.968279,100.0,100.0,0.27,2.016657
2025-11-25T13:00:00,2025-11-25T14:00:00,DK1,100.0,100.0,6.69,49.968279,100.0,100.0,0.27,2.016657
2025-11-25T12:00:00,2025-11-25T13:00:00,DK1,100.0,100.0,6.69,49.968279,100.0,100.0,0.27,2.016657
2025-11-25T11:00:00,2025-11-25T12:00:00,DK1,100.0,100.0,6.69,49.968279,100.0,100.0,0.27,2.016657
2025-11-25T10:00:00,2025-11-25T11:00:00,DK1,100.0,100.0,6.43,48.026313,100.0,100.0,0.27,2.016657
2025-11-25T09:00:00,2025-11-25T10:00:00,DK1,100.0,100.0,6.43,48.026313,100.0,100.0,0.27,2.016657
2025-11-25T08:00:00,2025-11-25T09:00:00,DK1,100.0,100.0,6.69,49.968279,100.0,100.0,0.27,2.016657
2025-11-25T07:00:00,2025-11-25T08:00:00,DK1,100.0,100.0,6.43,48.026313,100.0,100.0,0.27,2.016657
2025-11-25T06:00:00,2025-11-25T07:00:00,DK1,100.0,100.0,6.03,45.038673,100.0,100.0,0.27,2.016657
2025-11-25T05:00:00,2025-11-25T06:00:00,DK1,100.0,100.0,6.69,49.968279,100.0,100.0,0.27,2.016657
2025-11-25T04:00:00,2025-11-25T05:00:00,DK1,100.0,100.0,2.0,14.9382,100.0,100.0,0.23,1.717893
2025-11-25T03:00:00,2025-11-25T04:00:00,DK1,100.0,100.0,0.67,5.004297,100.0,100.0,0.4,2.98764
2025-11-25T02:00:00,2025-11-25T03:00:00,DK1,100.0,100.0,0.67,5.004297,100.0,100.0,0.4,2.98764
2025-11-25T01:00:00,2025-11-25T02:00:00,DK1,100.0,100.0,0.67,5.004297,100.0,100.0,0.4,2.98764
2025-11-25T00:00:00,2025-11-25T01:00:00,DK1,100.0,100.0,0.67,5.004297,100.0,100.0,0.27,2.016657
2025-11-24T23:00:00,2025-11-25T00:00:00,DK1,100.0,100.0,0.67,5.004297,100.0,100.0,0.27,2.016657
2025-11-24T22:00:00,2025-11-24T23:00:00,DK1,100.0,100.0,6.43,48.026313,100.0,100.0,0.27,2.016657
2025-11-24T21:00:00,2025-11-24T22:00:00,DK1,100.0,100.0,34.61,258.505551,100.0,100.0,0.27,2.016657
2025-11-24T20:00:00,2025-11-24T21:00:00,DK1,100.0,100.0,45.0,336.1095,100.0,100.0,0.23,1.717893
2025-11-24T19:00:00,2025-11-24T20:00:00,DK1,100.0,100.0,74.01,552.788091,100.0,100.0,0.23,1.717893
2025-11-24T18:00:00,2025-11-24T19:00:00,DK1,100.0,100.0,85.86,641.296926,100.0,100.0,0.23,1.717893
2025-11-24T17:00:00,2025-11-24T18:00:00,DK1,100.0,100.0,102.68,766.927188,100.0,100.0,0.23,1.717893
2025-11-24T16:00:00,2025-11-24T17:00:00,DK1,100.0,100.0,110.78,827.426898,100.0,100.0,0.23,1.717893
2025-11-24T15:00:00,2025-11-24T16:00:00,DK1,100.0,100.0,104.7,782.01477,100.0,100.0,0.23,1.717893
2025-11-24T14:00:00,2025-11-24T15:00:00,DK1,100.0,100.0,84.71,632.707461,100.0,100.0,0.23,1.717893
2025-11-24T13:00:00,2025-11-24T14:00:00,DK1,100.0,100.0,59.45,444.037995,100.0,100.0,0.23,1.717893
2025-11-24T12:00:00,2025-11-24T13:00:00,DK1,100.0,100.0,58.89,439.855299,100.0,100.0,0.23,1.717893
2025-11-24T11:00:00,2025-11-24T12:00:00,DK1,100.0,100.0,43.69,326.324979,100.0,100.0,0.23,1.717893
2025-11-24T10:00:00,2025-11-24T11:00:00,DK1,100.0,100.0,44.78,334.466298,100.0,100.0,0.23,1.717893
2025-11-24T09:00:00,2025-11-24T10:00:00,DK1,100.0,100.0,50.52,377.338932,100.0,100.0,0.23,1.717893
2025-11-24T08:00:00,2025-11-24T09:00:00,DK1,100.0,100.0,57.06,426.186846,100.0,100.0,0.23,1.717893
2025-11-24T07:00:00,2025-11-24T08:00:00,DK1,100.0,100.0,45.61,340.665651,100.0,100.0,0.23,1.717893
2025-11-24T06:00:00,2025-11-24T07:00:00,DK1,100.0,100.0,38.43,287.037513,100.0,100.0,0.23,1.717893
2025-11-24T05:00:00,2025-11-24T06:00:00,DK1,100.0,100.0,13.9,103.82049,100.0,100.0,0.23,1.717893
2025-11-24T04:00:00,2025-11-24T05:00:00,DK1,100.0,100.0,1.21,9.037611,100.0,100.0,0.67,5.004297
2025-11-24T03:00:00,2025-11-24T04:00:00,DK1,100.0,100.0,0.67,5.004297,100.0,100.0,0.67,5.004297
2025-11-24T02:00:00,2025-11-24T03:00:00,DK1,100.0,100.0,0.67,5.004297,100.0,100.0,0.67,5.004297
2025-11-24T01:00:00,2025-11-24T02:00:00,DK1,100.0,100.0,0.54,4.033314,100.0,100.0,0.67,5.004297
2025-11-24T00:00:00,2025-11-24T01:00:00,DK1,100.0,100.0,0.67,5.004297,100.0,100.0,0.67,5.004297
2025-11-23T23:00:00,2025-11-24T00:00:00,DK1,100.0,100.0,0.67,5.004297,100.0,100.0,0.54,4.033314
2025-11-23T22:00:00,2025-11-23T23:00:00,DK1,100.0,100.0,1.21,9.037127,100.0,100.0,0.27,2.016549
2025-11-23T21:00:00,2025-11-23T22:00:00,DK1,100.0,100.0,1.21,9.037127,100.0,100.0,0.27,2.016549
2025-11-23T20:00:00,2025-11-23T21:00:00,DK1,100.0,100.0,9.75,72.819825,100.0,100.0,0.27,2.016549
2025-11-23T19:00:00,2025-11-23T20:00:00,DK1,100.0,100.0,7.34,54.820258,100.0,100.0,0.27,2.016549
2025-11-23T18:00:00,2025-11-23T19:00:00,DK1,100.0,100.0,6.03,45.036261,100.0,100.0,0.27,2.016549
2025-11-23T17:00:00,2025-11-23T18:00:00,DK1,100.0,100.0,6.03,45.036261,100.0,100.0,0.27,2.016549
2025-11-23T16:00:00,2025-11-23T17:00:00,DK1,100.0,100.0,10.71,79.989777,100.0,100.0,0.27,2.016549
2025-11-23T15:00:00,2025-11-23T16:00:00,DK1,100.0,100.0,6.43,48.023741,100.0,100.0,0.27,2.016549
2025-11-23T14:00:00,2025-11-23T15:00:00,DK1,100.0,100.0,1.21,9.037127,100.0,100.0,0.27,2.016549
2025-11-23T13:00:00,2025-11-23T14:00:00,DK1,100.0,100.0,1.21,9.037127,100.0,100.0,0.27,2.016549
2025-11-23T12:00:00,2025-11-23T13:00:00,DK1,100.0,100.0,1.21,9.037127,100.0,100.0,0.27,2.016549
2025-11-23T11:00:00,2025-11-23T12:00:00,DK1,100.0,100.0,1.34,10.008058,100.0,100.0,0.4,2.98748
2025-11-23T10:00:00,2025-11-23T11:00:00,DK1,100.0,100.0,1.34,10.008058,100.0,100.0,0.27,2.016549
2025-11-23T09:00:00,2025-11-23T10:00:00,DK1,100.0,100.0,1.21,9.037127,100.0,100.0,0.27,2.016549
2025-11-23T08:00:00,2025-11-23T09:00:00,DK1,100.0,100.0,1.37,10.232119,100.0,100.0,0.27,2.016549
2025-11-23T07:00:00,2025-11-23T08:00:00,DK1,100.0,100.0,1.49,11.128363,100.0,100.0,0.27,2.016549
2025-11-23T06:00:00,2025-11-23T07:00:00,DK1,100.0,100.0,1.34,10.008058,100.0,100.0,0.27,2.016549
2025-11-23T05:00:00,2025-11-23T06:00:00,DK1,100.0,100.0,1.21,9.037127,100.0,100.0,0.54,4.033098
2025-11-23T04:00:00,2025-11-23T05:00:00,DK1,100.0,100.0,1.21,9.037127,100.0,100.0,0.54,4.033098
2025-11-23T03:00:00,2025-11-23T04:00:00,DK1,100.0,100.0,0.67,5.004029,100.0,100.0,0.27,2.016549
2025-11-23T02:00:00,2025-11-23T03:00:00,DK1,100.0,100.0,0.54,4.033098,100.0,100.0,0.27,2.016549
2025-11-23T01:00:00,2025-11-23T02:00:00,DK1,100.0,100.0,0.54,4.033098,100.0,100.0,0.27,2.016549
2025-11-23T00:00:00,2025-11-23T01:00:00,DK1,100.0,100.0,0.67,5.004029,100.0,100.0,0.27,2.016549
2025-11-22T23:00:00,2025-11-23T00:00:00,DK1,100.0,100.0,2.94,21.957978,100.0,100.0,0.27,2.016549
2025-11-22T22:00:00,2025-11-22T23:00:00,DK1,100.0,100.0,6.43,48.023741,100.0,100.0,0.67,5.004029
2025-11-22T21:00:00,2025-11-22T22:00:00,DK1,100.0,100.0,12.61,94.180307,100.0,100.0,0.67,5.004029
2025-11-22T20:00:00,2025-11-22T21:00:00,DK1,100.0,100.0,6.02,44.961574,100.0,100.0,0.3,2.24061
2025-11-22T19:00:00,2025-11-22T20:00:00,DK1,100.0,100.0,6.43,48.023741,100.0,100.0,0.54,4.033098
2025-11-22T18:00:00,2025-11-22T19:00:00,DK1,100.0,100.0,6.69,49.965603,100.0,100.0,0.4,2.98748
2025-11-22T17:00:00,2025-11-22T18:00:00,DK1,100.0,100.0,6.69,49.965603,100.0,100.0,0.4,2.98748
2025-11-22T16:00:00,2025-11-22T17:00:00,DK1,100.0,100.0,6.43,48.023741,100.0,100.0,0.4,2.98748
2025-11-22T15:00:00,2025-11-22T16:00:00,DK1,100.0,100.0,6.02,44.961574,100.0,100.0,0.4,2.98748
2025-11-22T14:00:00,2025-11-22T15:00:00,DK1,100.0,100.0,2.54,18.970498,100.0,100.0,0.3,2.24061
2025-11-22T13:00:00,2025-11-22T14:00:00,DK1,100.0,100.0,2.54,18.970498,100.0,100.0,0.4,2.98748
2025-11-22T12:00:00,2025-11-22T13:00:00,DK1,100.0,100.0,2.54,18.970498,100.0,100.0,0.3,2.24061
2025-11-22T11:00:00,2025-11-22T12:00:00,DK1,100.0,100.0,2.63,19.642681,100.0,100.0,0.3,2.24061
2025-11-22T10:00:00,2025-11-22T11:00:00,DK1,100.0,100.0,2.54,18.970498,100.0,100.0,0.3,2.24061
2025-11-22T09:00:00,2025-11-22T10:00:00,DK1,100.0,100.0,2.54,18.970498,100.0,100.0,0.4,2.98748
2025-11-22T08:00:00,2025-11-22T09:00:00,DK1,100.0,100.0,2.63,19.642681,100.0,100.0,0.4,2.98748
2025-11-22T07:00:00,2025-11-22T08:00:00,DK1,100.0,100.0,2.54,18.970498,100.0,100.0,0.3,2.24061
2025-11-22T06:00:00,2025-11-22T07:00:00,DK1,100.0,100.0,2.54,18.970498,100.0,100.0,0.4,2.98748
2025-11-22T05:00:00,2025-11-22T06:00:00,DK1,100.0,100.0,2.54,18.970498,100.0,100.0,0.4,2.98748
2025-11-22T04:00:00,2025-11-22T05:00:00,DK1,100.0,100.0,2.63,19.642681,100.0,100.0,0.54,4.033098
2025-11-22T03:00:00,2025-11-22T04:00:00,DK1,100.0,100.0,1.21,9.037127,100.0,100.0,0.54,4.033098
2025-11-22T02:00:00,2025-11-22T03:00:00,DK1,100.0,100.0,1.21,9.037127,100.0,100.0,0.27,2.016549
2025-11-22T01:00:00,2025-11-22T02:00:00,DK1,100.0,100.0,1.21,9.037127,100.0,100.0,0.27,2.016549
2025-11-22T00:00:00,2025-11-22T01:00:00,DK1,100.0,100.0,1.21,9.037127,100.0,100.0,0.27,2.016549
2025-11-21T23:00:00,2025-11-22T00:00:00,DK1,100.0,100.0,1.21,9.037127,100.0,100.0,0.27,2.016549
2025-11-21T22:00:00,2025-11-21T23:00:00,DK1,100.0,100.0,6.69,49.965603,100.0,100.0,0.27,2.016549
2025-11-21T21:00:00,2025-11-21T22:00:00,DK1,100.0,100.0,6.69,49.965603,100.0,100.0,0.27,2.016549
2025-11-21T20:00:00,2025-11-21T21:00:00,DK1,100.0,100.0,6.69,49.965603,100.0,100.0,0.4,2.98748
2025-11-21T19:00:00,2025-11-21T20:00:00,DK1,100.0,100.0,6.69,49.965603,100.0,100.0,0.23,1.717801
2025-11-21T18:00:00,2025-11-21T19:00:00,DK1,100.0,100.0,6.69,49.965603,100.0,100.0,0.23,1.717801
2025-11-21T17:00:00,2025-11-21T18:00:00,DK1,100.0,100.0,6.69,49.965603,100.0,100.0,0.23,1.717801
2025-11-21T16:00:00,2025-11-21T17:00:00,DK1,100.0,100.0,6.02,44.961574,100.0,100.0,0.23,1.717801
2025-11-21T15:00:00,2025-11-21T16:00:00,DK1,100.0,100.0,6.69,49.965603,100.0,100.0,0.23,1.717801
2025-11-21T14:00:00,2025-11-21T15:00:00,DK1,100.0,100.0,6.02,44.961574,100.0,100.0,0.23,1.717801
2025-11-21T13:00:00,2025-11-21T14:00:00,DK1,100.0,100.0,6.69,49.965603,100.0,100.0,0.23,1.717801
2025-11-21T12:00:00,2025-11-21T13:00:00,DK1,100.0,100.0,6.69,49.965603,100.0,100.0,0.23,1.717801
2025-11-21T11:00:00,2025-11-21T12:00:00,DK1,100.0,100.0,38.43,287.022141,100.0,100.0,0.23,1.717801
2025-11-21T10:00:00,2025-11-21T11:00:00,DK1,100.0,100.0,6.69,49.965603,100.0,100.0,0.23,1.717801
2025-11-21T09:00:00,2025-11-21T10:00:00,DK1,100.0,100.0,6.69,49.965603,100.0,100.0,0.23,1.717801
2025-11-21T08:00:00,2025-11-21T09:00:00,DK1,100.0,100.0,6.69,49.965603,100.0,100.0,0.23,1.717801
2025-11-21T07:00:00,2025-11-21T08:00:00,DK1,100.0,100.0,6.02,44.961574,100.0,100.0,0.23,1.717801
2025-11-21T06:00:00,2025-11-21T07:00:00,DK1,100.0,100.0,6.69,49.965603,100.0,100.0,0.4,2.98748
2025-11-21T05:00:00,2025-11-21T06:00:00,DK1,100.0,100.0,6.69,49.965603,100.0,100.0,0.27,2.016549
2025-11-21T04:00:00,2025-11-21T05:00:00,DK1,100.0,100.0,0.67,5.004029,100.0,100.0,0.27,2.016549
2025-11-21T03:00:00,2025-11-21T04:00:00,DK1,100.0,100.0,0.54,4.033098,100.0,100.0,0.54,4.033098
2025-11-21T02:00:00,2025-11-21T03:00:00,DK1,100.0,100.0,0.67,5.004029,100.0,100.0,0.54,4.033098
2025-11-21T01:00:00,2025-11-21T02:00:00,DK1,100.0,100.0,0.67,5.004029,100.0,100.0,0.54,4.033098
2025-11-21T00:00:00,2025-11-21T01:00:00,DK1,100.0,100.0,0.67,5.004029,100.0,100.0,0.4,2.98748
2025-11-20T23:00:00,2025-11-21T00:00:00,DK1,100.0,100.0,0.67,5.004029,100.0,100.0,0.27,2.016549
2025-11-20T22:00:00,2025-11-20T23:00:00,DK1,100.0,100.0,6.03,45.038673,100.0,100.0,0.4,2.98764
2025-11-20T21:00:00,2025-11-20T22:00:00,DK1,100.0,100.0,6.03,45.038673,100.0,100.0,0.27,2.016657
2025-11-20T20:00:00,2025-11-20T21:00:00,DK1,100.0,100.0,53.56,400.044996,100.0,100.0,0.27,2.016657
2025-11-20T19:00:00,2025-11-20T20:00:00,DK1,100.0,100.0,66.69,498.114279,100.0,100.0,0.27,2.016657
2025-11-20T18:00:00,2025-11-20T19:00:00,DK1,100.0,100.0,78.87,589.087917,100.0,100.0,0.27,2.016657
2025-11-20T17:00:00,2025-11-20T18:00:00,DK1,100.0,100.0,89.58,669.081978,100.0,100.0,0.27,2.016657
2025-11-20T16:00:00,2025-11-20T17:00:00,DK1,100.0,100.0,98.15,733.092165,100.0,100.0,0.27,2.016657
2025-11-20T15:00:00,2025-11-20T16:00:00,DK1,100.0,100.0,38.57,288.083187,100.0,100.0,0.27,2.016657
2025-11-20T14:00:00,2025-11-20T15:00:00,DK1,100.0,100.0,6.43,48.026313,100.0,100.0,0.27,2.016657
2025-11-20T13:00:00,2025-11-20T14:00:00,DK1,100.0,100.0,6.43,48.026313,100.0,100.0,0.4,2.98764
2025-11-20T12:00:00,2025-11-20T13:00:00,DK1,100.0,100.0,6.03,45.038673,100.0,100.0,0.27,2.016657
2025-11-20T11:00:00,2025-11-20T12:00:00,DK1,100.0,100.0,6.03,45.038673,100.0,100.0,0.27,2.016657
2025-11-20T10:00:00,2025-11-20T11:00:00,DK1,100.0,100.0,6.03,45.038673,100.0,100.0,0.27,2.016657
2025-11-20T09:00:00,2025-11-20T10:00:00,DK1,100.0,100.0,6.03,45.038673,100.0,100.0,0.27,2.016657
2025-11-20T08:00:00,2025-11-20T09:00:00,DK1,100.0,100.0,6.03,45.038673,100.0,100.0,0.27,2.016657
2025-11-20T07:00:00,2025-11-20T08:00:00,DK1,100.0,100.0,6.03,45.038673,100.0,100.0,0.27,2.016657
2025-11-20T06:00:00,2025-11-20T07:00:00,DK1,100.0,100.0,6.43,48.026313,100.0,100.0,0.27,2.016657
2025-11-20T05:00:00,2025-11-20T06:00:00,DK1,100.0,100.0,44.84,334.914444,100.0,100.0,0.27,2.016657
2025-11-20T04:00:00,2025-11-20T05:00:00,DK1,100.0,100.0,1.21,9.037611,100.0,100.0,0.4,2.98764
2025-11-20T03:00:00,2025-11-20T04:00:00,DK1,100.0,100.0,0.67,5.004297,100.0,100.0,0.54,4.033314
2025-11-20T02:00:00,2025-11-20T03:00:00,DK1,100.0,100.0,0.67,5.004297,100.0,100.0,0.54,4.033314
2025-11-20T01:00:00,2025-11-20T02:00:00,DK1,100.0,100.0,0.54,4.033314,100.0,100.0,0.54,4.033314
2025-11-20T00:00:00,2025-11-20T01:00:00,DK1,100.0,100.0,0.67,5.004297,100.0,100.0,0.4,2.98764
2025-11-19T23:00:00,2025-11-20T00:00:00,DK1,100.0,100.0,1.21,9.037611,100.0,100.0,0.27,2.016657
2025-11-19T22:00:00,2025-11-19T23:00:00,DK1,100.0,100.0,1.21,9.037611,100.0,100.0,0.27,2.016657
2025-11-19T21:00:00,2025-11-19T22:00:00,DK1,100.0,100.0,1.21,9.037611,100.0,100.0,0.27,2.016657
2025-11-19T20:00:00,2025-11-19T21:00:00,DK1,100.0,100.0,1.21,9.037611,100.0,100.0,0.23,1.717893
2025-11-19T19:00:00,2025-11-19T20:00:00,DK1,100.0,100.0,56.37,421.033167,100.0,100.0,0.23,1.717893
2025-11-19T18:00:00,2025-11-19T19:00:00,DK1,100.0,100.0,68.29,510.064839,100.0,100.0,0.23,1.717893
2025-11-19T17:00:00,2025-11-19T18:00:00,DK1,100.0,100.0,71.37,533.069667,100.0,100.0,0.23,1.717893
2025-11-19T16:00:00,2025-11-19T17:00:00,DK1,100.0,100.0,53.57,400.119687,100.0,100.0,0.23,1.717893
2025-11-19T15:00:00,2025-11-19T16:00:00,DK1,100.0,100.0,6.03,45.038673,100.0,100.0,0.23,1.717893
2025-11-19T14:00:00,2025-11-19T15:00:00,DK1,100.0,100.0,6.03,45.038673,100.0,100.0,0.27,2.016657
2025-11-19T13:00:00,2025-11-19T14:00:00,DK1,100.0,100.0,6.03,45.038673,100.0,100.0,0.27,2.016657
2025-11-19T12:00:00,2025-11-19T13:00:00,DK1,100.0,100.0,1.21,9.037611,100.0,100.0,0.27,2.016657
2025-11-19T11:00:00,2025-11-19T12:00:00,DK1,100.0,100.0,1.21,9.037611,100.0,100.0,0.27,2.016657
2025-11-19T10:00:00,2025-11-19T11:00:00,DK1,100.0,100.0,1.21,9.037611,100.0,100.0,0.27,2.016657
2025-11-19T09:00:00,2025-11-19T10:00:00,DK1,100.0,100.0,6.03,45.038673,100.0,100.0,0.27,2.016657
2025-11-19T08:00:00,2025-11-19T09:00:00,DK1,100.0,100.0,6.03,45.038673,100.0,100.0,0.27,2.016657
2025-11-19T07:00:00,2025-11-19T08:00:00,DK1,100.0,100.0,6.03,45.038673,100.0,100.0,0.27,2.016657
2025-11-19T06:00:00,2025-11-19T07:00:00,DK1,100.0,100.0,6.03,45.038673,100.0,100.0,0.27,2.016657
2025-11-19T05:00:00,2025-11-19T06:00:00,DK1,100.0,100.0,1.21,9.037611,100.0,100.0,0.27,2.016657
2025-11-19T04:00:00,2025-11-19T05:00:00,DK1,100.0,100.0,1.21,9.037611,100.0,100.0,0.4,2.98764
2025-11-19T03:00:00,2025-11-19T04:00:00,DK1,100.0,100.0,1.21,9.037611,100.0,100.0,0.4,2.98764
2025-11-19T02:00:00,2025-11-19T03:00:00,DK1,100.0,100.0,0.67,5.004297,100.0,100.0,0.8,5.97528
2025-11-19T01:00:00,2025-11-19T02:00:00,DK1,100.0,100.0,0.32,2.390112,100.0,100.0,0.8,5.97528
2025-11-19T00:00:00,2025-11-19T01:00:00,DK1,100.0,100.0,0.32,2.390112,100.0,100.0,0.8,5.97528
2025-11-18T23:00:00,2025-11-19T00:00:00,DK1,100.0,100.0,0.67,5.004297,100.0,100.0,0.28,2.091348
2025-11-18T22:00:00,2025-11-18T23:00:00,DK1,100.0,100.0,1.21,9.036764,100.0,100.0,0.31,2.315204
2025-11-18T21:00:00,2025-11-18T22:00:00,DK1,100.0,100.0,1.21,9.036764,100.0,100.0,0.31,2.315204
2025-11-18T20:00:00,2025-11-18T21:00:00,DK1,100.0,100.0,6.43,48.021812,100.0,100.0,0.31,2.315204
2025-11-18T19:00:00,2025-11-18T20:00:00,DK1,100.0,100.0,6.03,45.034452,100.0,100.0,0.31,2.315204
2025-11-18T18:00:00,2025-11-18T19:00:00,DK1,100.0,100.0,6.03,45.034452,100.0,100.0,0.31,2.315204
2025-11-18T17:00:00,2025-11-18T18:00:00,DK1,100.0,100.0,6.03,45.034452,100.0,100.0,0.31,2.315204
2025-11-18T16:00:00,2025-11-18T17:00:00,DK1,100.0,100.0,6.03,45.034452,100.0,100.0,0.31,2.315204
2025-11-18T15:00:00,2025-11-18T16:00:00,DK1,100.0,100.0,2.0,14.9368,100.0,100.0,0.31,2.315204
2025-11-18T14:00:00,2025-11-18T15:00:00,DK1,100.0,100.0,1.21,9.036764,100.0,100.0,0.31,2.315204
2025-11-18T13:00:00,2025-11-18T14:00:00,DK1,100.0,100.0,2.0,14.9368,100.0,100.0,0.27,2.016468
2025-11-18T12:00:00,2025-11-18T13:00:00,DK1,100.0,100.0,1.21,9.036764,100.0,100.0,0.27,2.016468
2025-11-18T11:00:00,2025-11-18T12:00:00,DK1,100.0,100.0,2.0,14.9368,100.0,100.0,0.27,2.016468
2025-11-18T10:00:00,2025-11-18T11:00:00,DK1,100.0,100.0,1.21,9.036764,100.0,100.0,0.27,2.016468
2025-11-18T09:00:00,2025-11-18T10:00:00,DK1,100.0,100.0,1.21,9.036764,100.0,100.0,0.27,2.016468
2025-11-18T08:00:00,2025-11-18T09:00:00,DK1,100.0,100.0,1.21,9.036764,100.0,100.0,0.27,2.016468
2025-11-18T07:00:00,2025-11-18T08:00:00,DK1,100.0,100.0,1.21,9.036764,100.0,100.0,0.27,2.016468
2025-11-18T06:00:00,2025-11-18T07:00:00,DK1,100.0,100.0,1.21,9.036764,100.0,100.0,0.27,2.016468
2025-11-18T05:00:00,2025-11-18T06:00:00,DK1,100.0,100.0,1.21,9.036764,100.0,100.0,0.31,2.315204
2025-11-18T04:00:00,2025-11-18T05:00:00,DK1,100.0,100.0,1.21,9.036764,100.0,100.0,0.49,3.659516
2025-11-18T03:00:00,2025-11-18T04:00:00,DK1,100.0,100.0,2.0,14.9368,100.0,100.0,0.67,5.003828
2025-11-18T02:00:00,2025-11-18T03:00:00,DK1,100.0,100.0,0.54,4.032936,100.0,100.0,0.67,5.003828
2025-11-18T01:00:00,2025-11-18T02:00:00,DK1,100.0,100.0,0.54,4.032936,100.0,100.0,0.4,2.98736
2025-11-18T00:00:00,2025-11-18T01:00:00,DK1,100.0,100.0,0.54,4.032936,100.0,100.0,0.4,2.98736
2025-11-17T23:00:00,2025-11-18T00:00:00,DK1,100.0,100.0,0.67,5.003828,100.0,100.0,0.49,3.659516
2025-11-17T22:00:00,2025-11-17T23:00:00,DK1,100.0,100.0,30.36,226.737588,100.0,100.0,0.27,2.016441
2025-11-17T21:00:00,2025-11-17T22:00:00,DK1,100.0,100.0,26.54,198.208682,100.0,100.0,0.27,2.016441
2025-11-17T20:00:00,2025-11-17T21:00:00,DK1,100.0,100.0,41.65,311.054695,100.0,100.0,0.23,1.717709
2025-11-17T19:00:00,2025-11-17T20:00:00,DK1,100.0,100.0,49.68,371.025144,100.0,100.0,0.23,1.717709
2025-11-17T18:00:00,2025-11-17T19:00:00,DK1,100.0,100.0,58.78,438.986674,100.0,100.0,0.23,1.717709
2025-11-17T17:00:00,2025-11-17T18:00:00,DK1,100.0,100.0,67.76,506.052008,100.0,100.0,0.23,1.717709
2025-11-17T16:00:00,2025-11-17T17:00:00,DK1,100.0,100.0,69.29,517.478507,100.0,100.0,0.23,1.717709
2025-11-17T15:00:00,2025-11-17T16:00:00,DK1,100.0,100.0,42.97,320.912851,100.0,100.0,0.23,1.717709
2025-11-17T14:00:00,2025-11-17T15:00:00,DK1,100.0,100.0,34.15,255.042445,100.0,100.0,0.23,1.717709
2025-11-17T13:00:00,2025-11-17T14:00:00,DK1,100.0,100.0,6.7,50.03761,100.0,100.0,0.27,2.016441
2025-11-17T12:00:00,2025-11-17T13:00:00,DK1,100.0,100.0,6.7,50.03761,100.0,100.0,0.27,2.016441
2025-11-17T11:00:00,2025-11-17T12:00:00,DK1,100.0,100.0,6.03,45.033849,100.0,100.0,0.27,2.016441
2025-11-17T10:00:00,2025-11-17T11:00:00,DK1,100.0,100.0,6.7,50.03761,100.0,100.0,0.27,2.016441
2025-11-17T09:00:00,2025-11-17T10:00:00,DK1,100.0,100.0,6.7,50.03761,100.0,100.0,0.27,2.016441
2025-11-17T08:00:00,2025-11-17T09:00:00,DK1,100.0,100.0,6.7,50.03761,100.0,100.0,0.27,2.016441
2025-11-17T07:00:00,2025-11-17T08:00:00,DK1,100.0,100.0,46.73,348.993659,100.0,100.0,0.27,2.016441
2025-11-17T06:00:00,2025-11-17T07:00:00,DK1,100.0,100.0,38.16,284.990328,100.0,100.0,0.27,2.016441
2025-11-17T05:00:00,2025-11-17T06:00:00,DK1,100.0,100.0,24.91,186.035353,100.0,100.0,0.27,2.016441
2025-11-17T04:00:00,2025-11-17T05:00:00,DK1,100.0,100.0,6.43,48.021169,100.0,100.0,0.4,2.98732
2025-11-17T03:00:00,2025-11-17T04:00:00,DK1,100.0,100.0,5.99,44.735117,100.0,100.0,0.54,4.032882
2025-11-17T02:00:00,2025-11-17T03:00:00,DK1,100.0,100.0,6.06,45.257898,100.0,100.0,0.54,4.032882
2025-11-17T01:00:00,2025-11-17T02:00:00,DK1,100.0,100.0,1.21,9.036643,100.0,100.0,0.54,4.032882
2025-11-17T00:00:00,2025-11-17T01:00:00,DK1,100.0,100.0,1.21,9.036643,100.0,100.0,0.4,2.98732
2025-11-16T23:00:00,2025-11-17T00:00:00,DK1,100.0,100.0,1.21,9.036643,100.0,100.0,0.4,2.98732
2025-11-16T22:00:00,2025-11-16T23:00:00,DK1,100.0,100.0,23.54,175.794366,100.0,100.0,0.27,2.016333
2025-11-16T21:00:00,2025-11-16T22:00:00,DK1,100.0,100.0,24.91,186.025389,100.0,100.0,0.27,2.016333
2025-11-16T20:00:00,2025-11-16T21:00:00,DK1,100.0,100.0,37.78,282.137262,100.0,100.0,0.27,2.016333
2025-11-16T19:00:00,2025-11-16T20:00:00,DK1,100.0,100.0,39.37,294.011223,100.0,100.0,0.23,1.717617
2025-11-16T18:00:00,2025-11-16T19:00:00,DK1,100.0,100.0,52.09,389.002911,100.0,100.0,0.23,1.717617
2025-11-16T17:00:00,2025-11-16T18:00:00,DK1,100.0,100.0,55.84,417.007536,100.0,100.0,0.23,1.717617
2025-11-16T16:00:00,2025-11-16T17:00:00,DK1,100.0,100.0,45.13,337.026327,100.0,100.0,0.23,1.717617
2025-11-16T15:00:00,2025-11-16T16:00:00,DK1,100.0,100.0,36.15,269.964585,100.0,100.0,0.23,1.717617
2025-11-16T14:00:00,2025-11-16T15:00:00,DK1,100.0,100.0,34.41,256.970439,100.0,100.0,0.23,1.717617
2025-11-16T13:00:00,2025-11-16T14:00:00,DK1,100.0,100.0,39.17,292.517643,100.0,100.0,0.23,1.717617
2025-11-16T12:00:00,2025-11-16T13:00:00,DK1,100.0,100.0,35.88,267.948252,100.0,100.0,0.27,2.016333
2025-11-16T11:00:00,2025-11-16T12:00:00,DK1,100.0,100.0,26.65,199.019535,100.0,100.0,0.27,2.016333
2025-11-16T10:00:00,2025-11-16T11:00:00,DK1,100.0,100.0,30.71,229.339209,100.0,100.0,0.27,2.016333
2025-11-16T09:00:00,2025-11-16T10:00:00,DK1,100.0,100.0,40.06,299.164074,100.0,100.0,0.23,1.717617
2025-11-16T08:00:00,2025-11-16T09:00:00,DK1,100.0,100.0,37.92,283.182768,100.0,100.0,0.23,1.717617
2025-11-16T07:00:00,2025-11-16T08:00:00,DK1,100.0,100.0,43.32,323.509428,100.0,100.0,0.23,1.717617
2025-11-16T06:00:00,2025-11-16T07:00:00,DK1,100.0,100.0,39.79,297.147741,100.0,100.0,0.23,1.717617
2025-11-16T05:00:00,2025-11-16T06:00:00,DK1,100.0,100.0,36.83,275.042757,100.0,100.0,0.27,2.016333
2025-11-16T04:00:00,2025-11-16T05:00:00,DK1,100.0,100.0,6.7,50.03493,100.0,100.0,0.54,4.032666
2025-11-16T03:00:00,2025-11-16T04:00:00,DK1,100.0,100.0,6.43,48.018597,100.0,100.0,0.54,4.032666
2025-11-16T02:00:00,2025-11-16T03:00:00,DK1,100.0,100.0,2.63,19.640577,100.0,100.0,0.47,3.509913
2025-11-16T01:00:00,2025-11-16T02:00:00,DK1,100.0,100.0,1.21,9.036159,100.0,100.0,0.27,2.016333
2025-11-16T00:00:00,2025-11-16T01:00:00,DK1,100.0,100.0,6.7,50.03493,100.0,100.0,0.27,2.016333
2025-11-15T23:00:00,2025-11-16T00:00:00,DK1,100.0,100.0,19.42,145.026618,100.0,100.0,0.27,2.016333
2025-11-15T22:00:00,2025-11-15T23:00:00,DK1,100.0,100.0,29.46,220.004334,100.0,100.0,0.27,2.016333
2025-11-15T21:00:00,2025-11-15T22:00:00,DK1,100.0,100.0,33.75,252.041625,100.0,100.0,0.27,2.016333
2025-11-15T20:00:00,2025-11-15T21:00:00,DK1,100.0,100.0,36.29,271.010091,100.0,100.0,0.23,1.717617
2025-11-15T19:00:00,2025-11-15T20:00:00,DK1,100.0,100.0,42.05,314.025195,100.0,100.0,0.23,1.717617
2025-11-15T18:00:00,2025-11-15T19:00:00,DK1,100.0,100.0,50.89,380.041431,100.0,100.0,0.23,1.717617
2025-11-15T17:00:00,2025-11-15T18:00:00,DK1,100.0,100.0,57.05,426.043695,100.0,100.0,0.23,1.717617
2025-11-15T16:00:00,2025-11-15T17:00:00,DK1,100.0,100.0,59.05,440.979495,100.0,100.0,0.23,1.717617
2025-11-15T15:00:00,2025-11-15T16:00:00,DK1,100.0,100.0,44.36,331.276044,100.0,100.0,0.23,1.717617
2025-11-15T14:00:00,2025-11-15T15:00:00,DK1,100.0,100.0,6.7,50.03493,100.0,100.0,0.23,1.717617
2025-11-15T13:00:00,2025-11-15T14:00:00,DK1,100.0,100.0,6.7,50.03493,100.0,100.0,0.23,1.717617
2025-11-15T12:00:00,2025-11-15T13:00:00,DK1,100.0,100.0,12.13,90.585627,100.0,100.0,0.27,2.016333
2025-11-15T11:00:00,2025-11-15T12:00:00,DK1,100.0,100.0,7.69,57.428151,100.0,100.0,0.27,2.016333
2025-11-15T10:00:00,2025-11-15T11:00:00,DK1,100.0,100.0,16.81,125.535399,100.0,100.0,0.27,2.016333
2025-11-15T09:00:00,2025-11-15T10:00:00,DK1,100.0,100.0,12.56,93.796824,100.0,100.0,0.27,2.016333
2025-11-15T08:00:00,2025-11-15T09:00:00,DK1,100.0,100.0,13.05,97.456095,100.0,100.0,0.23,1.717617
2025-11-15T07:00:00,2025-11-15T08:00:00,DK1,100.0,100.0,6.7,50.03493,100.0,100.0,0.27,2.016333
2025-11-15T06:00:00,2025-11-15T07:00:00,DK1,100.0,100.0,6.7,50.03493,100.0,100.0,0.27,2.016333
2025-11-15T05:00:00,2025-11-15T06:00:00,DK1,100.0,100.0,3.0,22.4037,100.0,100.0,0.32,2.389728
2025-11-15T04:00:00,2025-11-15T05:00:00,DK1,100.0,100.0,1.47,10.977813,100.0,100.0,0.27,2.016333
2025-11-15T03:00:00,2025-11-15T04:00:00,DK1,100.0,100.0,2.01,15.010479,100.0,100.0,0.4,2.98716
2025-11-15T02:00:00,2025-11-15T03:00:00,DK1,100.0,100.0,1.47,10.977813,100.0,100.0,0.4,2.98716
2025-11-15T01:00:00,2025-11-15T02:00:00,DK1,100.0,100.0,1.47,10.977813,100.0,100.0,0.27,2.016333
2025-11-15T00:00:00,2025-11-15T01:00:00,DK1,100.0,100.0,1.47,10.977813,100.0,100.0,0.27,2.016333
2025-11-14T23:00:00,2025-11-15T00:00:00,DK1,100.0,100.0,1.21,9.036159,100.0,100.0,0.27,2.016333
2025-11-14T22:00:00,2025-11-14T23:00:00,DK1,100.0,100.0,10.0,74.679,100.0,100.0,0.27,2.016333
2025-11-14T21:00:00,2025-11-14T22:00:00,DK1,100.0,100.0,10.0,74.679,100.0,100.0,0.27,2.016333
2025-11-14T20:00:00,2025-11-14T21:00:00,DK1,100.0,100.0,22.63,168.998577,100.0,100.0,0.23,1.717617
2025-11-14T19:00:00,2025-11-14T20:00:00,DK1,100.0,100.0,24.91,186.025389,100.0,100.0,0.23,1.717617
2025-11-14T18:00:00,2025-11-14T19:00:00,DK1,100.0,100.0,37.1,277.05909,100.0,100.0,0.23,1.717617
2025-11-14T17:00:00,2025-11-14T18:00:00,DK1,100.0,100.0,63.61,475.033119,100.0,100.0,0.23,1.717617
2025-11-14T16:00:00,2025-11-14T17:00:00,DK1,100.0,100.0,71.92,537.091368,100.0,100.0,0.23,1.717617
2025-11-14T15:00:00,2025-11-14T16:00:00,DK1,100.0,100.0,45.67,341.058993,100.0,100.0,0.23,1.717617
2025-11-14T14:00:00,2025-11-14T15:00:00,DK1,100.0,100.0,6.7,50.03493,100.0,100.0,0.23,1.717617
2025-11-14T13:00:00,2025-11-14T14:00:00,DK1,100.0,100.0,6.7,50.03493,100.0,100.0,0.23,1.717617
2025-11-14T12:00:00,2025-11-14T13:00:00,DK1,100.0,100.0,13.39,99.995181,100.0,100.0,0.23,1.717617
2025-11-14T11:00:00,2025-11-14T12:00:00,DK1,100.0,100.0,13.39,99.995181,100.0,100.0,0.23,1.717617
2025-11-14T10:00:00,2025-11-14T11:00:00,DK1,100.0,100.0,24.91,186.025389,100.0,100.0,0.23,1.717617
2025-11-14T09:00:00,2025-11-14T10:00:00,DK1,100.0,100.0,32.94,245.992626,100.0,100.0,0.23,1.717617
2025-11-14T08:00:00,2025-11-14T09:00:00,DK1,100.0,100.0,40.85,305.063715,100.0,100.0,0.23,1.717617
2025-11-14T07:00:00,2025-11-14T08:00:00,DK1,100.0,100.0,50.22,375.037938,100.0,100.0,0.23,1.717617
2025-11-14T06:00:00,2025-11-14T07:00:00,DK1,100.0,100.0,42.59,318.057861,100.0,100.0,0.23,1.717617
2025-11-14T05:00:00,2025-11-14T06:00:00,DK1,100.0,100.0,30.88,230.608752,100.0,100.0,0.27,2.016333
2025-11-14T04:00:00,2025-11-14T05:00:00,DK1,100.0,100.0,3.35,25.017465,100.0,100.0,0.27,2.016333
2025-11-14T03:00:00,2025-11-14T04:00:00,DK1,100.0,100.0,13.39,99.995181,100.0,100.0,0.27,2.016333
2025-11-14T02:00:00,2025-11-14T03:00:00,DK1,100.0,100.0,1.21,9.036159,100.0,100.0,0.27,2.016333
2025-11-14T01:00:00,2025-11-14T02:00:00,DK1,100.0,100.0,1.21,9.036159,100.0,100.0,0.27,2.016333
2025-11-14T00:00:00,2025-11-14T01:00:00,DK1,100.0,100.0,1.21,9.036159,100.0,100.0,0.27,2.016333
2025-11-13T23:00:00,2025-11-14T00:00:00,DK1,100.0,100.0,1.21,9.036159,100.0,100.0,0.27,2.016333
2025-11-13T22:00:00,2025-11-13T23:00:00,DK1,100.0,100.0,6.7,50.03359,100.0,100.0,0.29,2.165633
2025-11-13T21:00:00,2025-11-13T22:00:00,DK1,100.0,100.0,6.7,50.03359,100.0,100.0,0.29,2.165633
2025-11-13T20:00:00,2025-11-13T21:00:00,DK1,100.0,100.0,30.66,228.959682,100.0,100.0,0.2,1.49354
2025-11-13T19:00:00,2025-11-13T20:00:00,DK1,100.0,100.0,30.26,225.972602,100.0,100.0,0.2,1.49354
2025-11-13T18:00:00,2025-11-13T19:00:00,DK1,100.0,100.0,31.07,232.021439,100.0,100.0,0.2,1.49354
2025-11-13T17:00:00,2025-11-13T18:00:00,DK1,100.0,100.0,35.75,266.970275,100.0,100.0,0.2,1.49354
2025-11-13T16:00:00,2025-11-13T17:00:00,DK1,100.0,100.0,34.95,260.996115,100.0,100.0,0.2,1.49354
2025-11-13T15:00:00,2025-11-13T16:00:00,DK1,100.0,100.0,7.02,52.423254,100.0,100.0,0.2,1.49354
2025-11-13T14:00:00,2025-11-13T15:00:00,DK1,100.0,100.0,8.32,62.131264,100.0,100.0,0.27,2.016279
2025-11-13T13:00:00,2025-11-13T14:00:00,DK1,100.0,100.0,10.55,78.784235,100.0,100.0,0.27,2.016279
2025-11-13T12:00:00,2025-11-13T13:00:00,DK1,100.0,100.0,6.7,50.03359,100.0,100.0,0.27,2.016279
2025-11-13T11:00:00,2025-11-13T12:00:00,DK1,100.0,100.0,3.0,22.4031,100.0,100.0,0.27,2.016279
2025-11-13T10:00:00,2025-11-13T11:00:00,DK1,100.0,100.0,2.68,20.013436,100.0,100.0,0.27,2.016279
2025-11-13T09:00:00,2025-11-13T10:00:00,DK1,100.0,100.0,6.7,50.03359,100.0,100.0,0.27,2.016279
2025-11-13T08:00:00,2025-11-13T09:00:00,DK1,100.0,100.0,6.7,50.03359,100.0,100.0,0.27,2.016279
2025-11-13T07:00:00,2025-11-13T08:00:00,DK1,100.0,100.0,9.53,71.167181,100.0,100.0,0.27,2.016279
2025-11-13T06:00:00,2025-11-13T07:00:00,DK1,100.0,100.0,9.32,69.598964,100.0,100.0,0.2,1.49354
2025-11-13T05:00:00,2025-11-13T06:00:00,DK1,100.0,100.0,6.03,45.030231,100.0,100.0,0.27,2.016279
2025-11-13T04:00:00,2025-11-13T05:00:00,DK1,100.0,100.0,1.21,9.035917,100.0,100.0,0.23,1.717571
2025-11-13T03:00:00,2025-11-13T04:00:00,DK1,100.0,100.0,2.01,15.010077,100.0,100.0,0.23,1.717571
2025-11-13T02:00:00,2025-11-13T03:00:00,DK1,100.0,100.0,0.67,5.003359,100.0,100.0,0.23,1.717571
2025-11-13T01:00:00,2025-11-13T02:00:00,DK1,100.0,100.0,0.67,5.003359,100.0,100.0,0.23,1.717571
2025-11-13T00:00:00,2025-11-13T01:00:00,DK1,100.0,100.0,1.07,7.990439,100.0,100.0,0.23,1.717571
2025-11-12T23:00:00,2025-11-13T00:00:00,DK1,100.0,100.0,1.21,9.035917,100.0,100.0,0.23,1.717571
2025-11-12T22:00:00,2025-11-12T23:00:00,DK1,100.0,100.0,3.0,22.4013,100.0,100.0,0.54,4.032234
2025-11-12T21:00:00,2025-11-12T22:00:00,DK1,100.0,100.0,7.37,55.032527,100.0,100.0,0.4,2.98684
2025-11-12T20:00:00,2025-11-12T21:00:00,DK1,100.0,100.0,7.38,55.107198,100.0,100.0,0.27,2.016117
2025-11-12T19:00:00,2025-11-12T20:00:00,DK1,100.0,100.0,6.03,45.026613,100.0,100.0,0.27,2.016117
2025-11-12T18:00:00,2025-11-12T19:00:00,DK1,100.0,100.0,8.38,62.574298,100.0,100.0,0.23,1.717433
2025-11-12T17:00:00,2025-11-12T18:00:00,DK1,100.0,100.0,32.11,239.768581,100.0,100.0,0.23,1.717433
2025-11-12T16:00:00,2025-11-12T17:00:00,DK1,100.0,100.0,34.9,260.60179,100.0,100.0,0.23,1.717433
2025-11-12T15:00:00,2025-11-12T16:00:00,DK1,100.0,100.0,6.7,50.02957,100.0,100.0,0.23,1.717433
2025-11-12T14:00:00,2025-11-12T15:00:00,DK1,100.0,100.0,13.39,99.984469,100.0,100.0,0.23,1.717433
2025-11-12T13:00:00,2025-11-12T14:00:00,DK1,100.0,100.0,6.03,45.026613,100.0,100.0,0.23,1.717433
2025-11-12T12:00:00,2025-11-12T13:00:00,DK1,100.0,100.0,4.69,35.020699,100.0,100.0,0.23,1.717433
2025-11-12T11:00:00,2025-11-12T12:00:00,DK1,100.0,100.0,3.0,22.4013,100.0,100.0,0.23,1.717433
2025-11-12T10:00:00,2025-11-12T11:00:00,DK1,100.0,100.0,3.0,22.4013,100.0,100.0,0.23,1.717433
2025-11-12T09:00:00,2025-11-12T10:00:00,DK1,100.0,100.0,6.7,50.02957,100.0,100.0,0.27,2.016117
2025-11-12T08:00:00,2025-11-12T09:00:00,DK1,100.0,100.0,11.28,84.228888,100.0,100.0,0.23,1.717433
2025-11-12T07:00:00,2025-11-12T08:00:00,DK1,100.0,100.0,6.7,50.02957,100.0,100.0,0.23,1.717433
2025-11-12T06:00:00,2025-11-12T07:00:00,DK1,100.0,100.0,11.5,85.87165,100.0,100.0,0.23,1.717433
2025-11-12T05:00:00,2025-11-12T06:00:00,DK1,100.0,100.0,11.79,88.037109,100.0,100.0,0.27,2.016117
2025-11-12T04:00:00,2025-11-12T05:00:00,DK1,100.0,100.0,1.21,9.035191,100.0,100.0,0.54,4.032234
2025-11-12T03:00:00,2025-11-12T04:00:00,DK1,100.0,100.0,1.21,9.035191,100.0,100.0,0.54,4.032234
2025-11-12T02:00:00,2025-11-12T03:00:00,DK1,100.0,100.0,1.21,9.035191,100.0,100.0,0.54,4.032234
2025-11-12T01:00:00,2025-11-12T02:00:00,DK1,100.0,100.0,1.21,9.035191,100.0,100.0,0.54,4.032234
2025-11-12T00:00:00,2025-11-12T01:00:00,DK1,100.0,100.0,1.21,9.035191,100.0,100.0,0.54,4.032234
2025-11-11T23:00:00,2025-11-12T00:00:00,DK1,100.0,100.0,2.01,15.008871,100.0,100.0,0.54,4.032234
2025-11-11T22:00:00,2025-11-11T23:00:00,DK1,100.0,100.0,6.03,45.031437,100.0,100.0,0.27,2.016333
2025-11-11T21:00:00,2025-11-11T22:00:00,DK1,100.0,100.0,6.43,48.018597,100.0,100.0,0.27,2.016333
2025-11-11T20:00:00,2025-11-11T21:00:00,DK1,100.0,100.0,13.39,99.995181,100.0,100.0,0.27,2.016333
2025-11-11T19:00:00,2025-11-11T20:00:00,DK1,100.0,100.0,29.0,216.5691,100.0,100.0,0.27,2.016333
2025-11-11T18:00:00,2025-11-11T19:00:00,DK1,100.0,100.0,38.57,288.036903,100.0,100.0,0.27,2.016333
2025-11-11T17:00:00,2025-11-11T18:00:00,DK1,100.0,100.0,51.53,384.820887,100.0,100.0,0.27,2.016333
2025-11-11T16:00:00,2025-11-11T17:00:00,DK1,100.0,100.0,64.25,479.812575,100.0,100.0,0.27,2.016333
2025-11-11T15:00:00,2025-11-11T16:00:00,DK1,100.0,100.0,51.32,383.252628,100.0,100.0,0.27,2.016333
2025-11-11T14:00:00,2025-11-11T15:00:00,DK1,100.0,100.0,26.79,200.065041,100.0,100.0,0.23,1.717617
2025-11-11T13:00:00,2025-11-11T14:00:00,DK1,100.0,100.0,27.56,205.815324,100.0,100.0,0.23,1.717617
2025-11-11T12:00:00,2025-11-11T13:00:00,DK1,100.0,100.0,13.39,99.995181,100.0,100.0,0.23,1.717617
2025-11-11T11:00:00,2025-11-11T12:00:00,DK1,100.0,100.0,13.39,99.995181,100.0,100.0,0.23,1.717617
2025-11-11T10:00:00,2025-11-11T11:00:00,DK1,100.0,100.0,13.39,99.995181,100.0,100.0,0.23,1.717617
2025-11-11T09:00:00,2025-11-11T10:00:00,DK1,100.0,100.0,13.39,99.995181,100.0,100.0,0.27,2.016333
2025-11-11T08:00:00,2025-11-11T09:00:00,DK1,100.0,100.0,13.39,99.995181,100.0,100.0,0.27,2.016333
2025-11-11T07:00:00,2025-11-11T08:00:00,DK1,100.0,100.0,39.05,291.621495,100.0,100.0,0.27,2.016333
2025-11-11T06:00:00,2025-11-11T07:00:00,DK1,100.0,100.0,6.7,50.03493,100.0,100.0,0.23,1.717617
2025-11-11T05:00:00,2025-11-11T06:00:00,DK1,100.0,100.0,13.39,99.995181,100.0,100.0,0.27,2.016333
2025-11-11T04:00:00,2025-11-11T05:00:00,DK1,100.0,100.0,6.7,50.03493,100.0,100.0,0.27,2.016333
2025-11-11T03:00:00,2025-11-11T04:00:00,DK1,100.0,100.0,6.43,48.018597,100.0,100.0,0.27,2.016333
2025-11-11T02:00:00,2025-11-11T03:00:00,DK1,100.0,100.0,1.21,9.036159,100.0,100.0,0.27,2.016333
2025-11-11T01:00:00,2025-11-11T02:00:00,DK1,100.0,100.0,1.21,9.036159,100.0,100.0,0.27,2.016333
2025-11-11T00:00:00,2025-11-11T01:00:00,DK1,100.0,100.0,1.21,9.036159,100.0,100.0,0.27,2.016333
2025-11-10T23:00:00,2025-11-11T00:00:00,DK1,100.0,100.0,1.21,9.036159,100.0,100.0,0.27,2.016333
2025-11-10T22:00:00,2025-11-10T23:00:00,DK1,100.0,100.0,14.3,106.78096,100.0,100.0,0.27,2.016144
2025-11-10T21:00:00,2025-11-10T22:00:00,DK1,100.0,100.0,20.88,155.915136,100.0,100.0,0.27,2.016144
2025-11-10T20:00:00,2025-11-10T21:00:00,DK1,100.0,100.0,29.94,223.567968,100.0,100.0,0.23,1.717456
2025-11-10T19:00:00,2025-11-10T20:00:00,DK1,100.0,100.0,66.16,494.029952,100.0,100.0,0.23,1.717456
2025-11-10T18:00:00,2025-11-10T19:00:00,DK1,100.0,100.0,73.56,549.287232,100.0,100.0,0.23,1.717456
2025-11-10T17:00:00,2025-11-10T18:00:00,DK1,100.0,100.0,99.12,740.148864,100.0,100.0,0.23,1.717456
2025-11-10T16:00:00,2025-11-10T17:00:00,DK1,100.0,100.0,100.84,752.992448,100.0,100.0,0.23,1.717456
2025-11-10T15:00:00,2025-11-10T16:00:00,DK1,100.0,100.0,77.27,576.990544,100.0,100.0,0.23,1.717456
2025-11-10T14:00:00,2025-11-10T15:00:00,DK1,100.0,100.0,66.96,500.003712,100.0,100.0,0.23,1.717456
2025-11-10T13:00:00,2025-11-10T14:00:00,DK1,100.0,100.0,47.54,354.990688,100.0,100.0,0.23,1.717456
2025-11-10T12:00:00,2025-11-10T13:00:00,DK1,100.0,100.0,24.91,186.007952,100.0,100.0,0.23,1.717456
2025-11-10T11:00:00,2025-11-10T12:00:00,DK1,100.0,100.0,24.91,186.007952,100.0,100.0,0.23,1.717456
2025-11-10T10:00:00,2025-11-10T11:00:00,DK1,100.0,100.0,24.91,186.007952,100.0,100.0,0.23,1.717456
2025-11-10T09:00:00,2025-11-10T10:00:00,DK1,100.0,100.0,24.91,186.007952,100.0,100.0,0.23,1.717456
2025-11-10T08:00:00,2025-11-10T09:00:00,DK1,100.0,100.0,66.96,500.003712,100.0,100.0,0.23,1.717456
2025-11-10T07:00:00,2025-11-10T08:00:00,DK1,100.0,100.0,66.96,500.003712,100.0,100.0,0.23,1.717456
2025-11-10T06:00:00,2025-11-10T07:00:00,DK1,100.0,100.0,66.96,500.003712,100.0,100.0,0.23,1.717456
2025-11-10T05:00:00,2025-11-10T06:00:00,DK1,100.0,100.0,49.26,367.834272,100.0,100.0,0.23,1.717456
2025-11-10T04:00:00,2025-11-10T05:00:00,DK1,100.0,100.0,6.43,48.014096,100.0,100.0,0.27,2.016144
2025-11-10T03:00:00,2025-11-10T04:00:00,DK1,100.0,100.0,6.43,48.014096,100.0,100.0,0.27,2.016144
2025-11-10T02:00:00,2025-11-10T03:00:00,DK1,100.0,100.0,6.43,48.014096,100.0,100.0,0.27,2.016144
2025-11-10T01:00:00,2025-11-10T02:00:00,DK1,100.0,100.0,1.21,9.035312,100.0,100.0,0.27,2.016144
2025-11-10T00:00:00,2025-11-10T01:00:00,DK1,100.0,100.0,1.21,9.035312,100.0,100.0,0.27,2.016144
2025-11-09T23:00:00,2025-11-10T00:00:00,DK1,100.0,100.0,6.43,48.014096,100.0,100.0,0.27,2.016144
2025-11-09T22:00:00,2025-11-09T23:00:00,DK1,100.0,100.0,23.19,173.152773,100.0,100.0,0.27,2.016009
2025-11-09T21:00:00,2025-11-09T22:00:00,DK1,100.0,100.0,31.22,233.110374,100.0,100.0,0.27,2.016009
2025-11-09T20:00:00,2025-11-09T21:00:00,DK1,100.0,100.0,48.35,361.014945,100.0,100.0,0.23,1.717341
2025-11-09T19:00:00,2025-11-09T20:00:00,DK1,100.0,100.0,60.4,450.98868,100.0,100.0,0.23,1.717341
2025-11-09T18:00:00,2025-11-09T19:00:00,DK1,100.0,100.0,78.62,587.031954,100.0,100.0,0.23,1.717341
2025-11-09T17:00:00,2025-11-09T18:00:00,DK1,100.0,100.0,85.58,639.000186,100.0,100.0,0.23,1.717341
2025-11-09T16:00:00,2025-11-09T17:00:00,DK1,100.0,100.0,83.64,624.514788,100.0,100.0,0.23,1.717341
2025-11-09T15:00:00,2025-11-09T16:00:00,DK1,100.0,100.0,53.93,402.679131,100.0,100.0,0.23,1.717341
2025-11-09T14:00:00,2025-11-09T15:00:00,DK1,100.0,100.0,35.98,268.651866,100.0,100.0,0.23,1.717341
2025-11-09T13:00:00,2025-11-09T14:00:00,DK1,100.0,100.0,6.7,50.02689,100.0,100.0,0.23,1.717341
2025-11-09T12:00:00,2025-11-09T13:00:00,DK1,100.0,100.0,6.7,50.02689,100.0,100.0,0.23,1.717341
2025-11-09T11:00:00,2025-11-09T12:00:00,DK1,100.0,100.0,13.1,97.81377,100.0,100.0,0.23,1.717341
2025-11-09T10:00:00,2025-11-09T11:00:00,DK1,100.0,100.0,6.7,50.02689,100.0,100.0,0.23,1.717341
2025-11-09T09:00:00,2025-11-09T10:00:00,DK1,100.0,100.0,13.4,100.05378,100.0,100.0,0.23,1.717341
2025-11-09T08:00:00,2025-11-09T09:00:00,DK1,100.0,100.0,23.88,178.304796,100.0,100.0,0.23,1.717341
2025-11-09T07:00:00,2025-11-09T08:00:00,DK1,100.0,100.0,29.58,220.864986,100.0,100.0,0.23,1.717341
2025-11-09T06:00:00,2025-11-09T07:00:00,DK1,100.0,100.0,28.15,210.187605,100.0,100.0,0.27,2.016009
2025-11-09T05:00:00,2025-11-09T06:00:00,DK1,100.0,100.0,21.57,161.056719,100.0,100.0,0.27,2.016009
2025-11-09T04:00:00,2025-11-09T05:00:00,DK1,100.0,100.0,6.7,50.02689,100.0,100.0,0.27,2.016009
2025-11-09T03:00:00,2025-11-09T04:00:00,DK1,100.0,100.0,1.21,9.034707,100.0,100.0,0.27,2.016009
2025-11-09T02:00:00,2025-11-09T03:00:00,DK1,100.0,100.0,1.21,9.034707,100.0,100.0,0.27,2.016009
2025-11-09T01:00:00,2025-11-09T02:00:00,DK1,100.0,100.0,1.21,9.034707,100.0,100.0,0.27,2.016009
2025-11-09T00:00:00,2025-11-09T01:00:00,DK1,100.0,100.0,1.21,9.034707,100.0,100.0,0.27,2.016009
2025-11-08T23:00:00,2025-11-09T00:00:00,DK1,100.0,100.0,6.7,50.02689,100.0,100.0,0.27,2.016009
2025-11-08T22:00:00,2025-11-08T23:00:00,DK1,100.0,100.0,40.17,299.937339,100.0,100.0,0.27,2.016009
2025-11-08T21:00:00,2025-11-08T22:00:00,DK1,100.0,100.0,39.42,294.337314,100.0,100.0,0.27,2.016009
2025-11-08T20:00:00,2025-11-08T21:00:00,DK1,100.0,100.0,50.91,380.129697,100.0,100.0,0.27,2.016009
2025-11-08T19:00:00,2025-11-08T20:00:00,DK1,100.0,100.0,78.74,587.927958,100.0,100.0,0.23,1.717341
2025-11-08T18:00:00,2025-11-08T19:00:00,DK1,100.0,100.0,99.63,743.907321,100.0,100.0,0.23,1.717341
2025-11-08T17:00:00,2025-11-08T18:00:00,DK1,100.0,100.0,107.07,799.459569,100.0,100.0,0.23,1.717341
2025-11-08T16:00:00,2025-11-08T17:00:00,DK1,100.0,100.0,104.62,781.166154,100.0,100.0,0.23,1.717341
2025-11-08T15:00:00,2025-11-08T16:00:00,DK1,100.0,100.0,78.17,583.671939,100.0,100.0,0.23,1.717341
2025-11-08T14:00:00,2025-11-08T15:00:00,DK1,100.0,100.0,48.48,361.985616,100.0,100.0,0.23,1.717341
2025-11-08T13:00:00,2025-11-08T14:00:00,DK1,100.0,100.0,19.82,147.989994,100.0,100.0,0.23,1.717341
2025-11-08T12:00:00,2025-11-08T13:00:00,DK1,100.0,100.0,6.7,50.02689,100.0,100.0,0.23,1.717341
2025-11-08T11:00:00,2025-11-08T12:00:00,DK1,100.0,100.0,6.7,50.02689,100.0,100.0,0.23,1.717341
2025-11-08T10:00:00,2025-11-08T11:00:00,DK1,100.0,100.0,6.7,50.02689,100.0,100.0,0.23,1.717341
2025-11-08T09:00:00,2025-11-08T10:00:00,DK1,100.0,100.0,6.7,50.02689,100.0,100.0,0.23,1.717341
2025-11-08T08:00:00,2025-11-08T09:00:00,DK1,100.0,100.0,25.18,188.011506,100.0,100.0,0.23,1.717341
2025-11-08T07:00:00,2025-11-08T08:00:00,DK1,100.0,100.0,38.57,287.990619,100.0,100.0,0.23,1.717341
2025-11-08T06:00:00,2025-11-08T07:00:00,DK1,100.0,100.0,38.57,287.990619,100.0,100.0,0.23,1.717341
2025-11-08T05:00:00,2025-11-08T06:00:00,DK1,100.0,100.0,30.81,230.049027,100.0,100.0,0.27,2.016009
2025-11-08T04:00:00,2025-11-08T05:00:00,DK1,100.0,100.0,11.78,87.957726,100.0,100.0,0.27,2.016009
2025-11-08T03:00:00,2025-11-08T04:00:00,DK1,100.0,100.0,1.21,9.034707,100.0,100.0,0.27,2.016009
2025-11-08T02:00:00,2025-11-08T03:00:00,DK1,100.0,100.0,1.21,9.034707,100.0,100.0,0.27,2.016009
2025-11-08T01:00:00,2025-11-08T02:00:00,DK1,100.0,100.0,1.21,9.034707,100.0,100.0,0.27,2.016009
2025-11-08T00:00:00,2025-11-08T01:00:00,DK1,100.0,100.0,1.21,9.034707,100.0,101.0,0.27,2.016009
2025-11-07T23:00:00,2025-11-08T00:00:00,DK1,100.0,100.0,6.7,50.02689,100.0,100.0,0.27,2.016009
2025-11-07T22:00:00,2025-11-07T23:00:00,DK1,100.0,100.0,50.05,373.708335,100.0,100.0,0.27,2.016009
2025-11-07T21:00:00,2025-11-07T22:00:00,DK1,100.0,100.0,34.44,257.153148,100.0,100.0,0.27,2.016009
2025-11-07T20:00:00,2025-11-07T21:00:00,DK1,100.0,100.0,62.69,468.087423,100.0,100.0,0.27,2.016009
2025-11-07T19:00:00,2025-11-07T20:00:00,DK1,100.0,100.0,79.58,594.199986,100.0,100.0,0.27,2.016009
2025-11-07T18:00:00,2025-11-07T19:00:00,DK1,100.0,100.0,111.65,833.657055,100.0,100.0,0.27,2.016009
2025-11-07T17:00:00,2025-11-07T18:00:00,DK1,100.0,100.0,127.13,949.241571,100.0,100.0,0.27,2.016009
2025-11-07T16:00:00,2025-11-07T17:00:00,DK1,100.0,100.0,113.49,847.395783,100.0,100.0,0.27,2.016009
2025-11-07T15:00:00,2025-11-07T16:00:00,DK1,100.0,100.0,73.41,548.130447,100.0,100.0,0.27,2.016009
2025-11-07T14:00:00,2025-11-07T15:00:00,DK1,100.0,100.0,58.0,433.0686,100.0,100.0,0.27,2.016009
2025-11-07T13:00:00,2025-11-07T14:00:00,DK1,100.0,100.0,34.83,260.065161,100.0,100.0,0.27,2.016009
2025-11-07T12:00:00,2025-11-07T13:00:00,DK1,100.0,100.0,27.8,207.57426,100.0,100.0,0.27,2.016009
2025-11-07T11:00:00,2025-11-07T12:00:00,DK1,100.0,100.0,25.93,193.611531,100.0,100.0,0.27,2.016009
2025-11-07T10:00:00,2025-11-07T11:00:00,DK1,100.0,100.0,27.76,207.275592,100.0,100.0,0.27,2.016009
2025-11-07T09:00:00,2025-11-07T10:00:00,DK1,100.0,100.0,31.03,231.691701,100.0,100.0,0.27,2.016009
2025-11-07T08:00:00,2025-11-07T09:00:00,DK1,100.0,100.0,42.06,314.049402,100.0,100.0,0.27,2.016009
2025-11-07T07:00:00,2025-11-07T08:00:00,DK1,100.0,100.0,66.97,500.044899,100.0,100.0,0.27,2.016009
2025-11-07T06:00:00,2025-11-07T07:00:00,DK1,100.0,100.0,66.97,500.044899,100.0,100.0,0.27,2.016009
2025-11-07T05:00:00,2025-11-07T06:00:00,DK1,100.0,100.0,48.35,361.014945,100.0,100.0,0.27,2.016009
2025-11-07T04:00:00,2025-11-07T05:00:00,DK1,100.0,100.0,6.03,45.024201,100.0,100.0,0.27,2.016009
2025-11-07T03:00:00,2025-11-07T04:00:00,DK1,100.0,100.0,1.21,9.034707,100.0,100.0,0.27,2.016009
2025-11-07T02:00:00,2025-11-07T03:00:00,DK1,100.0,100.0,1.21,9.034707,100.0,100.0,0.27,2.016009
2025-11-07T01:00:00,2025-11-07T02:00:00,DK1,100.0,100.0,1.21,9.034707,100.0,100.0,0.27,2.016009
2025-11-07T00:00:00,2025-11-07T01:00:00,DK1,100.0,100.0,1.21,9.034707,100.0,100.0,0.27,2.016009
2025-11-06T23:00:00,2025-11-07T00:00:00,DK1,100.0,100.0,1.34,10.005378,100.0,100.0,0.27,2.016009
2025-11-06T22:00:00,2025-11-06T23:00:00,DK1,100.0,100.0,41.53,310.116969,100.0,100.0,0.27,2.016171
2025-11-06T21:00:00,2025-11-06T22:00:00,DK1,100.0,100.0,51.3,383.07249,100.0,100.0,0.27,2.016171
2025-11-06T20:00:00,2025-11-06T21:00:00,DK1,100.0,100.0,59.07,441.093411,100.0,100.0,0.23,1.717479
2025-11-06T19:00:00,2025-11-06T20:00:00,DK1,100.0,100.0,72.33,540.109809,100.0,100.0,0.23,1.717479
2025-11-06T18:00:00,2025-11-06T19:00:00,DK1,100.0,100.0,107.17,800.270541,100.0,100.0,0.23,1.717479
2025-11-06T17:00:00,2025-11-06T18:00:00,DK1,100.0,100.0,116.62,870.836526,100.0,100.0,0.23,1.717479
2025-11-06T16:00:00,2025-11-06T17:00:00,DK1,100.0,100.0,115.96,865.908108,100.0,100.0,0.23,1.717479
2025-11-06T15:00:00,2025-11-06T16:00:00,DK1,100.0,100.0,98.05,732.168765,100.0,100.0,0.23,1.717479
2025-11-06T14:00:00,2025-11-06T15:00:00,DK1,100.0,100.0,66.17,494.111241,100.0,100.0,0.27,2.016171
2025-11-06T13:00:00,2025-11-06T14:00:00,DK1,100.0,100.0,51.84,387.104832,100.0,100.0,0.4,2.98692
2025-11-06T12:00:00,2025-11-06T13:00:00,DK1,100.0,100.0,43.2,322.58736,100.0,100.0,0.4,2.98692
2025-11-06T11:00:00,2025-11-06T12:00:00,DK1,100.0,100.0,37.38,279.127674,100.0,100.0,0.4,2.98692
2025-11-06T10:00:00,2025-11-06T11:00:00,DK1,100.0,100.0,38.49,287.416377,100.0,100.0,0.4,2.98692
2025-11-06T09:00:00,2025-11-06T10:00:00,DK1,100.0,100.0,44.88,335.132424,100.0,100.0,0.4,2.98692
2025-11-06T08:00:00,2025-11-06T09:00:00,DK1,100.0,100.0,52.24,390.091752,100.0,100.0,0.27,2.016171
2025-11-06T07:00:00,2025-11-06T08:00:00,DK1,100.0,100.0,55.18,412.045614,100.0,100.0,0.4,2.98692
2025-11-06T06:00:00,2025-11-06T07:00:00,DK1,100.0,100.0,45.81,342.077013,100.0,100.0,0.27,2.016171
2025-11-06T05:00:00,2025-11-06T06:00:00,DK1,100.0,100.0,36.03,269.046819,100.0,100.0,0.27,2.016171
2025-11-06T04:00:00,2025-11-06T05:00:00,DK1,100.0,100.0,6.7,50.03091,100.0,100.0,0.27,2.016171
2025-11-06T03:00:00,2025-11-06T04:00:00,DK1,100.0,100.0,11.79,88.039467,100.0,100.0,0.27,2.016171
2025-11-06T02:00:00,2025-11-06T03:00:00,DK1,100.0,100.0,1.21,9.035433,100.0,100.0,0.27,2.016171
2025-11-06T01:00:00,2025-11-06T02:00:00,DK1,100.0,100.0,1.21,9.035433,100.0,100.0,0.27,2.016171
2025-11-06T00:00:00,2025-11-06T01:00:00,DK1,100.0,100.0,1.21,9.035433,100.0,100.0,0.27,2.016171
2025-11-05T23:00:00,2025-11-06T00:00:00,DK1,100.0,100.0,1.21,9.035433,100.0,100.0,0.27,2.016171
2025-11-05T22:00:00,2025-11-05T23:00:00,DK1,100.0,100.0,35.63,265.999328,100.0,100.0,0.27,2.015712
2025-11-05T21:00:00,2025-11-05T22:00:00,DK1,100.0,100.0,42.18,314.899008,100.0,100.0,0.27,2.015712
2025-11-05T20:00:00,2025-11-05T21:00:00,DK1,100.0,100.0,44.82,334.608192,100.0,100.0,0.27,2.015712
2025-11-05T19:00:00,2025-11-05T20:00:00,DK1,100.0,100.0,59.07,440.992992,100.0,100.0,0.27,2.015712
2025-11-05T18:00:00,2025-11-05T19:00:00,DK1,100.0,100.0,66.97,499.971232,100.0,100.0,0.27,2.015712
2025-11-05T17:00:00,2025-11-05T18:00:00,DK1,100.0,100.0,66.97,499.971232,100.0,100.0,0.27,2.015712
2025-11-05T16:00:00,2025-11-05T17:00:00,DK1,100.0,100.0,64.3,480.03808,100.0,100.0,0.23,1.717088
2025-11-05T15:00:00,2025-11-05T16:00:00,DK1,100.0,100.0,37.74,281.751744,100.0,100.0,0.23,1.717088
2025-11-05T14:00:00,2025-11-05T15:00:00,DK1,100.0,100.0,46.75,349.0168,100.0,100.0,0.23,1.717088
2025-11-05T13:00:00,2025-11-05T14:00:00,DK1,100.0,100.0,29.93,223.445408,100.0,100.0,0.23,1.717088
2025-11-05T12:00:00,2025-11-05T13:00:00,DK1,100.0,100.0,24.91,185.968096,100.0,100.0,0.23,1.717088
2025-11-05T11:00:00,2025-11-05T12:00:00,DK1,100.0,100.0,22.77,169.991712,100.0,100.0,0.23,1.717088
2025-11-05T10:00:00,2025-11-05T11:00:00,DK1,100.0,100.0,24.91,185.968096,100.0,100.0,0.23,1.717088
2025-11-05T09:00:00,2025-11-05T10:00:00,DK1,100.0,100.0,24.91,185.968096,100.0,100.0,0.23,1.717088
2025-11-05T08:00:00,2025-11-05T09:00:00,DK1,100.0,100.0,28.26,210.977856,100.0,100.0,0.23,1.717088
2025-11-05T07:00:00,2025-11-05T08:00:00,DK1,100.0,100.0,31.2,232.92672,100.0,100.0,0.27,2.015712
2025-11-05T06:00:00,2025-11-05T07:00:00,DK1,100.0,100.0,29.46,219.936576,100.0,100.0,0.27,2.015712
2025-11-05T05:00:00,2025-11-05T06:00:00,DK1,100.0,100.0,18.62,139.009472,100.0,100.0,0.27,2.015712
2025-11-05T04:00:00,2025-11-05T05:00:00,DK1,100.0,100.0,7.29,54.424224,100.0,100.0,0.27,2.015712
2025-11-05T03:00:00,2025-11-05T04:00:00,DK1,100.0,100.0,1.34,10.003904,100.0,100.0,0.27,2.015712
2025-11-05T02:00:00,2025-11-05T03:00:00,DK1,100.0,100.0,1.21,9.033376,100.0,100.0,0.27,2.015712
2025-11-05T01:00:00,2025-11-05T02:00:00,DK1,100.0,100.0,1.21,9.033376,100.0,100.0,0.27,2.015712
2025-11-05T00:00:00,2025-11-05T01:00:00,DK1,100.0,100.0,1.42,10.601152,100.0,100.0,0.27,2.015712
2025-11-04T23:00:00,2025-11-05T00:00:00,DK1,100.0,100.0,1.6,11.94496,100.0,100.0,0.27,2.015712
2025-11-04T22:00:00,2025-11-04T23:00:00,DK1,100.0,100.0,24.91,185.973078,100.0,100.0,0.27,2.015766
2025-11-04T21:00:00,2025-11-04T22:00:00,DK1,100.0,100.0,17.89,133.563162,100.0,100.0,0.27,2.015766
2025-11-04T20:00:00,2025-11-04T21:00:00,DK1,100.0,100.0,26.65,198.96357,100.0,100.0,0.27,2.015766
2025-11-04T19:00:00,2025-11-04T20:00:00,DK1,100.0,100.0,31.21,233.007618,100.0,100.0,0.27,2.015766
2025-11-04T18:00:00,2025-11-04T19:00:00,DK1,100.0,100.0,33.48,249.954984,100.0,100.0,0.27,2.015766
2025-11-04T17:00:00,2025-11-04T18:00:00,DK1,100.0,100.0,40.18,299.975844,100.0,100.0,0.27,2.015766
2025-11-04T16:00:00,2025-11-04T17:00:00,DK1,100.0,100.0,32.41,241.966578,100.0,100.0,0.4,2.98632
2025-11-04T15:00:00,2025-11-04T16:00:00,DK1,100.0,100.0,16.38,122.289804,100.0,100.0,0.27,2.015766
2025-11-04T14:00:00,2025-11-04T15:00:00,DK1,100.0,100.0,15.67,116.989086,100.0,100.0,0.27,2.015766
2025-11-04T13:00:00,2025-11-04T14:00:00,DK1,100.0,100.0,16.02,119.602116,100.0,100.0,0.27,2.015766
2025-11-04T12:00:00,2025-11-04T13:00:00,DK1,100.0,100.0,6.7,50.02086,100.0,100.0,0.27,2.015766
2025-11-04T11:00:00,2025-11-04T12:00:00,DK1,100.0,100.0,6.7,50.02086,100.0,100.0,0.27,2.015766
2025-11-04T10:00:00,2025-11-04T11:00:00,DK1,100.0,100.0,6.7,50.02086,100.0,100.0,0.27,2.015766
2025-11-04T09:00:00,2025-11-04T10:00:00,DK1,100.0,100.0,13.39,99.967062,100.0,100.0,0.27,2.015766
2025-11-04T08:00:00,2025-11-04T09:00:00,DK1,100.0,100.0,24.91,185.973078,100.0,100.0,0.27,2.015766
2025-11-04T07:00:00,2025-11-04T08:00:00,DK1,100.0,100.0,24.91,185.973078,100.0,100.0,0.27,2.015766
2025-11-04T06:00:00,2025-11-04T07:00:00,DK1,100.0,100.0,24.91,185.973078,100.0,100.0,0.27,2.015766
2025-11-04T05:00:00,2025-11-04T06:00:00,DK1,100.0,100.0,6.7,50.02086,100.0,100.0,0.27,2.015766
2025-11-04T04:00:00,2025-11-04T05:00:00,DK1,100.0,100.0,1.21,9.033618,100.0,100.0,0.27,2.015766
2025-11-04T03:00:00,2025-11-04T04:00:00,DK1,100.0,100.0,1.21,9.033618,100.0,100.0,0.54,4.031532
2025-11-04T02:00:00,2025-11-04T03:00:00,DK1,100.0,100.0,0.67,5.002086,100.0,100.0,0.54,4.031532
2025-11-04T01:00:00,2025-11-04T02:00:00,DK1,100.0,100.0,0.67,5.002086,100.0,100.0,0.54,4.031532
2025-11-04T00:00:00,2025-11-04T01:00:00,DK1,100.0,100.0,0.67,5.002086,100.0,100.0,0.54,4.031532
2025-11-03T23:00:00,2025-11-04T00:00:00,DK1,100.0,100.0,0.67,5.002086,100.0,100.0,0.54,4.031532
2025-11-03T22:00:00,2025-11-03T23:00:00,DK1,100.0,100.0,6.7,50.03292,100.0,100.0,0.27,2.016252
2025-11-03T21:00:00,2025-11-03T22:00:00,DK1,100.0,100.0,6.03,45.029628,100.0,100.0,0.27,2.016252
2025-11-03T20:00:00,2025-11-03T21:00:00,DK1,100.0,100.0,6.78,50.630328,100.0,100.0,0.27,2.016252
2025-11-03T19:00:00,2025-11-03T20:00:00,DK1,100.0,100.0,13.26,99.020376,100.0,100.0,0.27,2.016252
2025-11-03T18:00:00,2025-11-03T19:00:00,DK1,100.0,100.0,16.36,122.169936,100.0,100.0,0.27,2.016252
2025-11-03T17:00:00,2025-11-03T18:00:00,DK1,100.0,100.0,22.06,164.735256,100.0,100.0,0.27,2.016252
2025-11-03T16:00:00,2025-11-03T17:00:00,DK1,100.0,100.0,24.79,185.121804,100.0,100.0,0.27,2.016252
2025-11-03T15:00:00,2025-11-03T16:00:00,DK1,100.0,100.0,9.58,71.539608,100.0,100.0,0.27,2.016252
2025-11-03T14:00:00,2025-11-03T15:00:00,DK1,100.0,100.0,9.59,71.614284,100.0,100.0,0.27,2.016252
2025-11-03T13:00:00,2025-11-03T14:00:00,DK1,100.0,100.0,6.43,48.016668,100.0,100.0,0.27,2.016252
2025-11-03T12:00:00,2025-11-03T13:00:00,DK1,100.0,100.0,6.43,48.016668,100.0,100.0,0.27,2.016252
2025-11-03T11:00:00,2025-11-03T12:00:00,DK1,100.0,100.0,6.03,45.029628,100.0,100.0,0.27,2.016252
2025-11-03T10:00:00,2025-11-03T11:00:00,DK1,100.0,100.0,6.7,50.03292,100.0,100.0,0.27,2.016252
2025-11-03T09:00:00,2025-11-03T10:00:00,DK1,100.0,100.0,6.7,50.03292,100.0,100.0,0.27,2.016252
2025-11-03T08:00:00,2025-11-03T09:00:00,DK1,100.0,100.0,6.7,50.03292,100.0,100.0,0.27,2.016252
2025-11-03T07:00:00,2025-11-03T08:00:00,DK1,100.0,100.0,6.7,50.03292,100.0,100.0,0.27,2.016252
2025-11-03T06:00:00,2025-11-03T07:00:00,DK1,100.0,100.0,20.43,152.563068,100.0,100.0,0.27,2.016252
2025-11-03T05:00:00,2025-11-03T06:00:00,DK1,100.0,100.0,13.26,99.020376,100.0,100.0,0.27,2.016252
2025-11-03T04:00:00,2025-11-03T05:00:00,DK1,100.0,100.0,3.93,29.347668,100.0,100.0,0.27,2.016252
2025-11-03T03:00:00,2025-11-03T04:00:00,DK1,100.0,100.0,1.21,9.035796,100.0,100.0,0.27,2.016252
2025-11-03T02:00:00,2025-11-03T03:00:00,DK1,100.0,100.0,1.21,9.035796,100.0,100.0,0.27,2.016252
2025-11-03T01:00:00,2025-11-03T02:00:00,DK1,100.0,100.0,1.21,9.035796,100.0,100.0,0.27,2.016252
2025-11-03T00:00:00,2025-11-03T01:00:00,DK1,100.0,100.0,1.21,9.035796,100.0,100.0,0.27,2.016252
2025-11-02T23:00:00,2025-11-03T00:00:00,DK1,100.0,100.0,1.21,9.035796,100.0,100.0,0.27,2.016252
2025-11-02T22:00:00,2025-11-02T23:00:00,DK1,100.0,100.0,50.16,374.579832,100.0,100.0,0.27,2.016279
2025-11-02T21:00:00,2025-11-02T22:00:00,DK1,100.0,100.0,6.7,50.03359,100.0,100.0,0.27,2.016279
2025-11-02T20:00:00,2025-11-02T21:00:00,DK1,100.0,100.0,19.44,145.172088,100.0,100.0,0.23,1.717571
2025-11-02T19:00:00,2025-11-02T20:00:00,DK1,100.0,100.0,33.62,251.064074,100.0,100.0,0.23,1.717571
2025-11-02T18:00:00,2025-11-02T19:00:00,DK1,100.0,100.0,60.27,450.078279,100.0,100.0,0.23,1.717571
2025-11-02T17:00:00,2025-11-02T18:00:00,DK1,100.0,100.0,60.27,450.078279,100.0,100.0,0.23,1.717571
2025-11-02T16:00:00,2025-11-02T17:00:00,DK1,100.0,100.0,56.92,425.061484,100.0,100.0,0.23,1.717571
2025-11-02T15:00:00,2025-11-02T16:00:00,DK1,100.0,100.0,25.09,187.364593,100.0,100.0,0.23,1.717571
2025-11-02T14:00:00,2025-11-02T15:00:00,DK1,100.0,100.0,17.26,128.892502,100.0,100.0,0.23,1.717571
2025-11-02T13:00:00,2025-11-02T14:00:00,DK1,100.0,100.0,13.26,99.021702,100.0,100.0,0.23,1.717571
2025-11-02T12:00:00,2025-11-02T13:00:00,DK1,100.0,100.0,11.38,84.982426,100.0,100.0,0.23,1.717571
2025-11-02T11:00:00,2025-11-02T12:00:00,DK1,100.0,100.0,6.43,48.017311,100.0,100.0,0.23,1.717571
2025-11-02T10:00:00,2025-11-02T11:00:00,DK1,100.0,100.0,6.03,45.030231,100.0,100.0,0.23,1.717571
2025-11-02T09:00:00,2025-11-02T10:00:00,DK1,100.0,100.0,6.7,50.03359,100.0,100.0,0.23,1.717571
2025-11-02T08:00:00,2025-11-02T09:00:00,DK1,100.0,100.0,6.7,50.03359,100.0,100.0,0.23,1.717571
2025-11-02T07:00:00,2025-11-02T08:00:00,DK1,100.0,100.0,6.7,50.03359,100.0,100.0,0.25,1.866925
2025-11-02T06:00:00,2025-11-02T07:00:00,DK1,100.0,100.0,6.43,48.017311,100.0,100.0,0.25,1.866925
2025-11-02T05:00:00,2025-11-02T06:00:00,DK1,100.0,100.0,6.43,48.017311,100.0,100.0,0.27,2.016279
2025-11-02T04:00:00,2025-11-02T05:00:00,DK1,100.0,100.0,6.7,50.03359,100.0,100.0,0.4,2.98708
2025-11-02T03:00:00,2025-11-02T04:00:00,DK1,100.0,100.0,1.21,9.035917,100.0,100.0,0.4,2.98708
2025-11-02T02:00:00,2025-11-02T03:00:00,DK1,100.0,100.0,1.21,9.035917,100.0,100.0,0.4,2.98708
2025-11-02T01:00:00,2025-11-02T02:00:00,DK1,100.0,100.0,1.21,9.035917,100.0,100.0,0.4,2.98708
2025-11-02T00:00:00,2025-11-02T01:00:00,DK1,100.0,100.0,1.21,9.035917,100.0,100.0,0.27,2.016279
2025-11-01T23:00:00,2025-11-02T00:00:00,DK1,100.0,100.0,6.03,45.030231,100.0,100.0,0.27,2.016279
2025-11-01T22:00:00,2025-11-01T23:00:00,DK1,100.0,100.0,6.7,50.03359,100.0,100.0,0.4,2.98708
2025-11-01T21:00:00,2025-11-01T22:00:00,DK1,100.0,100.0,6.7,50.03359,100.0,100.0,0.27,2.016279
2025-11-01T20:00:00,2025-11-01T21:00:00,DK1,100.0,100.0,6.03,45.030231,100.0,100.0,0.27,2.016279
2025-11-01T19:00:00,2025-11-01T20:00:00,DK1,100.0,100.0,6.7,50.03359,100.0,100.0,0.27,2.016279
2025-11-01T18:00:00,2025-11-01T19:00:00,DK1,100.0,100.0,6.43,48.017311,100.0,100.0,0.27,2.016279
2025-11-01T17:00:00,2025-11-01T18:00:00,DK1,100.0,100.0,6.43,48.017311,100.0,100.0,0.27,2.016279
2025-11-01T16:00:00,2025-11-01T17:00:00,DK1,100.0,100.0,9.06,67.657362,100.0,100.0,0.27,2.016279
2025-11-01T15:00:00,2025-11-01T16:00:00,DK1,100.0,100.0,7.27,54.290179,100.0,100.0,0.27,2.016279
2025-11-01T14:00:00,2025-11-01T15:00:00,DK1,100.0,100.0,6.7,50.03359,100.0,100.0,0.27,2.016279
2025-11-01T13:00:00,2025-11-01T14:00:00,DK1,100.0,100.0,1.21,9.035917,100.0,100.0,0.4,2.98708
2025-11-01T12:00:00,2025-11-01T13:00:00,DK1,100.0,100.0,1.21,9.035917,100.0,100.0,0.4,2.98708
2025-11-01T11:00:00,2025-11-01T12:00:00,DK1,100.0,100.0,1.21,9.035917,100.0,100.0,0.4,2.98708
2025-11-01T10:00:00,2025-11-01T11:00:00,DK1,100.0,100.0,1.21,9.035917,100.0,100.0,0.54,4.032558
2025-11-01T09:00:00,2025-11-01T10:00:00,DK1,100.0,100.0,2.01,15.010077,100.0,100.0,0.54,4.032558
2025-11-01T08:00:00,2025-11-01T09:00:00,DK1,100.0,100.0,5.36,40.026872,100.0,100.0,0.4,2.98708
2025-11-01T07:00:00,2025-11-01T08:00:00,DK1,100.0,100.0,6.43,48.017311,100.0,100.0,0.27,2.016279
2025-11-01T06:00:00,2025-11-01T07:00:00,DK1,100.0,100.0,6.43,48.017311,100.0,100.0,0.27,2.016279
2025-11-01T05:00:00,2025-11-01T06:00:00,DK1,100.0,100.0,6.43,48.017311,100.0,100.0,0.8,5.97416
2025-11-01T04:00:00,2025-11-01T05:00:00,DK1,100.0,100.0,1.21,9.035917,100.0,100.0,0.67,5.003359
2025-11-01T03:00:00,2025-11-01T04:00:00,DK1,100.0,100.0,1.34,10.006718,100.0,100.0,0.67,5.003359
2025-11-01T02:00:00,2025-11-01T03:00:00,DK1,100.0,100.0,2.01,15.010077,100.0,100.0,0.67,5.003359
2025-11-01T01:00:00,2025-11-01T02:00:00,DK1,100.0,100.0,2.01,15.010077,100.0,100.0,0.67,5.003359
2025-11-01T00:00:00,2025-11-01T01:00:00,DK1,100.0,100.0,1.21,9.035917,100.0,100.0,0.67,5.003359
2025-10-31T23:00:00,2025-11-01T00:00:00,DK1,100.0,100.0,2.68,20.013436,100.0,100.0,0.27,2.016279
2025-10-31T22:00:00,2025-10-31T23:00:00,DK1,100.0,100.0,7.94,59.293538,100.0,100.0,0.54,4.032558
2025-10-31T21:00:00,2025-10-31T22:00:00,DK1,100.0,100.0,6.43,48.017311,100.0,100.0,0.54,4.032558
2025-10-31T20:00:00,2025-10-31T21:00:00,DK1,100.0,100.0,12.05,89.985785,100.0,100.0,0.27,2.016279
2025-10-31T19:00:00,2025-10-31T20:00:00,DK1,100.0,100.0,15.8,117.98966,100.0,100.0,0.27,2.016279
2025-10-31T18:00:00,2025-10-31T19:00:00,DK1,100.0,100.0,22.68,169.367436,100.0,100.0,0.27,2.016279
2025-10-31T17:00:00,2025-10-31T18:00:00,DK1,100.0,100.0,27.91,208.423507,100.0,100.0,0.27,2.016279
2025-10-31T16:00:00,2025-10-31T17:00:00,DK1,100.0,100.0,24.9,185.94573,100.0,100.0,0.27,2.016279
2025-10-31T15:00:00,2025-10-31T16:00:00,DK1,100.0,100.0,6.69,49.958913,100.0,100.0,0.27,2.016279
2025-10-31T14:00:00,2025-10-31T15:00:00,DK1,100.0,100.0,24.9,185.94573,100.0,100.0,0.27,2.016279
2025-10-31T13:00:00,2025-10-31T14:00:00,DK1,100.0,100.0,6.69,49.958913,100.0,100.0,0.27,2.016279
2025-10-31T12:00:00,2025-10-31T13:00:00,DK1,100.0,100.0,6.69,49.958913,100.0,100.0,0.27,2.016279
2025-10-31T11:00:00,2025-10-31T12:00:00,DK1,100.0,100.0,6.69,49.958913,100.0,100.0,0.27,2.016279
2025-10-31T10:00:00,2025-10-31T11:00:00,DK1,100.0,100.0,6.03,45.030231,100.0,100.0,0.27,2.016279
2025-10-31T09:00:00,2025-10-31T10:00:00,DK1,100.0,100.0,6.43,48.017311,100.0,100.0,0.27,2.016279
2025-10-31T08:00:00,2025-10-31T09:00:00,DK1,100.0,100.0,10.52,78.560204,100.0,100.0,0.27,2.016279
2025-10-31T07:00:00,2025-10-31T08:00:00,DK1,100.0,100.0,19.65,146.740305,100.0,100.0,0.27,2.016279
2025-10-31T06:00:00,2025-10-31T07:00:00,DK1,100.0,100.0,13.26,99.021702,100.0,100.0,0.27,2.016279
2025-10-31T05:00:00,2025-10-31T06:00:00,DK1,100.0,100.0,13.74,102.606198,100.0,100.0,0.27,2.016279
2025-10-31T04:00:00,2025-10-31T05:00:00,DK1,100.0,100.0,6.57,49.062789,100.0,100.0,0.27,2.016279
2025-10-31T03:00:00,2025-10-31T04:00:00,DK1,100.0,100.0,1.21,9.035917,100.0,100.0,0.54,4.032558
2025-10-31T02:00:00,2025-10-31T03:00:00,DK1,100.0,100.0,1.79,13.367183,100.0,100.0,0.54,4.032558
2025-10-31T01:00:00,2025-10-31T02:00:00,DK1,100.0,100.0,1.21,9.035917,100.0,100.0,0.54,4.032558
2025-10-31T00:00:00,2025-10-31T01:00:00,DK1,100.0,100.0,1.21,9.035917,100.0,100.0,0.27,2.016279
2025-10-30T23:00:00,2025-10-31T00:00:00,DK1,100.0,100.0,1.21,9.035917,100.0,100.0,0.27,2.016279
2025-10-30T22:00:00,2025-10-30T23:00:00,DK1,100.0,100.0,13.26,99.024354,100.0,100.0,0.4,2.98716
2025-10-30T21:00:00,2025-10-30T22:00:00,DK1,100.0,100.0,14.77,110.300883,100.0,100.0,0.4,2.98716
2025-10-30T20:00:00,2025-10-30T21:00:00,DK1,100.0,100.0,20.99,156.751221,100.0,100.0,0.27,2.016333
2025-10-30T19:00:00,2025-10-30T20:00:00,DK1,100.0,100.0,45.52,339.938808,100.0,100.0,0.27,2.016333
2025-10-30T18:00:00,2025-10-30T19:00:00,DK1,100.0,100.0,58.03,433.362237,100.0,100.0,0.27,2.016333
2025-10-30T17:00:00,2025-10-30T18:00:00,DK1,100.0,100.0,65.63,490.118277,100.0,100.0,0.27,2.016333
2025-10-30T16:00:00,2025-10-30T17:00:00,DK1,100.0,100.0,47.3,353.23167,100.0,100.0,0.27,2.016333
2025-10-30T15:00:00,2025-10-30T16:00:00,DK1,100.0,100.0,29.26,218.510754,100.0,100.0,0.27,2.016333
2025-10-30T14:00:00,2025-10-30T15:00:00,DK1,100.0,100.0,19.7,147.11763,100.0,100.0,0.27,2.016333
2025-10-30T13:00:00,2025-10-30T14:00:00,DK1,100.0,100.0,14.06,104.998674,100.0,100.0,0.27,2.016333
2025-10-30T12:00:00,2025-10-30T13:00:00,DK1,100.0,100.0,6.02,44.956758,100.0,100.0,0.67,5.003493
2025-10-30T11:00:00,2025-10-30T12:00:00,DK1,100.0,100.0,9.61,71.766519,100.0,100.0,2.63,19.640577
2025-10-30T10:00:00,2025-10-30T11:00:00,DK1,100.0,100.0,6.02,44.956758,100.0,100.0,2.54,18.968466
2025-10-30T09:00:00,2025-10-30T10:00:00,DK1,100.0,100.0,15.13,112.989327,100.0,100.0,0.54,4.032666
2025-10-30T08:00:00,2025-10-30T09:00:00,DK1,100.0,100.0,19.21,143.458359,100.0,100.0,0.54,4.032666
2025-10-30T07:00:00,2025-10-30T08:00:00,DK1,100.0,100.0,34.64,258.688056,100.0,100.0,0.8,5.97432
2025-10-30T06:00:00,2025-10-30T07:00:00,DK1,100.0,100.0,33.33,248.905107,100.0,100.0,0.27,2.016333
2025-10-30T05:00:00,2025-10-30T06:00:00,DK1,100.0,100.0,16.78,125.311362,100.0,100.0,0.27,2.016333
2025-10-30T04:00:00,2025-10-30T05:00:00,DK1,100.0,100.0,3.71,27.705909,100.0,100.0,0.67,5.003493
2025-10-30T03:00:00,2025-10-30T04:00:00,DK1,100.0,100.0,1.21,9.036159,100.0,100.0,0.67,5.003493
2025-10-30T02:00:00,2025-10-30T03:00:00,DK1,100.0,100.0,1.21,9.036159,100.0,100.0,0.67,5.003493
2025-10-30T01:00:00,2025-10-30T02:00:00,DK1,100.0,100.0,1.21,9.036159,100.0,100.0,0.67,5.003493
2025-10-30T00:00:00,2025-10-30T01:00:00,DK1,100.0,100.0,1.21,9.036159,100.0,100.0,0.67,5.003493
2025-10-29T23:00:00,2025-10-30T00:00:00,DK1,100.0,100.0,1.21,9.036159,100.0,100.0,0.46,3.435234
2025-10-29T22:00:00,2025-10-29T23:00:00,DK1,100.0,100.0,8.26,61.688984,100.0,100.0,0.67,5.003828
2025-10-29T21:00:00,2025-10-29T22:00:00,DK1,100.0,100.0,6.69,49.963596,100.0,100.0,0.67,5.003828
2025-10-29T20:00:00,2025-10-29T21:00:00,DK1,100.0,100.0,25.98,194.029032,100.0,100.0,0.27,2.016468
2025-10-29T19:00:00,2025-10-29T20:00:00,DK1,100.0,100.0,35.09,262.066156,100.0,100.0,0.27,2.016468
2025-10-29T18:00:00,2025-10-29T19:00:00,DK1,100.0,100.0,49.53,369.909852,100.0,100.0,0.27,2.016468
2025-10-29T17:00:00,2025-10-29T18:00:00,DK1,100.0,100.0,52.61,392.912524,100.0,100.0,0.27,2.016468
2025-10-29T16:00:00,2025-10-29T17:00:00,DK1,100.0,100.0,13.26,99.030984,100.0,100.0,0.27,2.016468
2025-10-29T15:00:00,2025-10-29T16:00:00,DK1,100.0,100.0,6.69,49.963596,100.0,100.0,0.27,2.016468
2025-10-29T14:00:00,2025-10-29T15:00:00,DK1,100.0,100.0,29.62,221.214008,100.0,100.0,0.28,2.091152
2025-10-29T13:00:00,2025-10-29T14:00:00,DK1,100.0,100.0,6.69,49.963596,100.0,100.0,0.28,2.091152
2025-10-29T12:00:00,2025-10-29T13:00:00,DK1,100.0,100.0,6.69,49.963596,100.0,100.0,0.28,2.091152
2025-10-29T11:00:00,2025-10-29T12:00:00,DK1,100.0,100.0,8.43,62.958612,100.0,100.0,0.28,2.091152
2025-10-29T10:00:00,2025-10-29T11:00:00,DK1,100.0,100.0,15.55,116.13362,100.0,100.0,0.27,2.016468
2025-10-29T09:00:00,2025-10-29T10:00:00,DK1,100.0,100.0,13.26,99.030984,100.0,100.0,0.27,2.016468
2025-10-29T08:00:00,2025-10-29T09:00:00,DK1,100.0,100.0,13.26,99.030984,100.0,100.0,0.27,2.016468
2025-10-29T07:00:00,2025-10-29T08:00:00,DK1,100.0,100.0,13.26,99.030984,100.0,100.0,0.27,2.016468
2025-10-29T06:00:00,2025-10-29T07:00:00,DK1,100.0,100.0,26.79,200.078436,100.0,100.0,0.27,2.016468
2025-10-29T05:00:00,2025-10-29T06:00:00,DK1,100.0,100.0,13.16,98.284144,100.0,100.0,0.4,2.98736
2025-10-29T04:00:00,2025-10-29T05:00:00,DK1,100.0,100.0,3.22,24.048248,100.0,100.0,10.04,74.982736
2025-10-29T03:00:00,2025-10-29T04:00:00,DK1,100.0,100.0,1.21,9.036764,100.0,100.0,2.68,20.015312
2025-10-29T02:00:00,2025-10-29T03:00:00,DK1,100.0,100.0,1.34,10.007656,100.0,100.0,6.56,48.992704
2025-10-29T01:00:00,2025-10-29T02:00:00,DK1,100.0,100.0,0.67,5.003828,100.0,100.0,6.56,48.992704
2025-10-29T00:00:00,2025-10-29T01:00:00,DK1,100.0,100.0,0.67,5.003828,100.0,100.0,2.68,20.015312
2025-10-28T23:00:00,2025-10-29T00:00:00,DK1,100.0,100.0,1.34,10.007656,100.0,100.0,2.68,20.015312
2025-10-28T22:00:00,2025-10-28T23:00:00,DK1,100.0,100.0,11.78,87.988354,100.0,100.0,0.27,2.016711
2025-10-28T21:00:00,2025-10-28T22:00:00,DK1,100.0,100.0,9.71,72.526903,100.0,100.0,0.27,2.016711
2025-10-28T20:00:00,2025-10-28T21:00:00,DK1,100.0,100.0,13.26,99.042918,100.0,100.0,0.23,1.717939
2025-10-28T19:00:00,2025-10-28T20:00:00,DK1,100.0,100.0,32.77,244.768961,100.0,100.0,0.23,1.717939
2025-10-28T18:00:00,2025-10-28T19:00:00,DK1,100.0,100.0,34.59,258.363087,100.0,100.0,0.23,1.717939
2025-10-28T17:00:00,2025-10-28T18:00:00,DK1,100.0,100.0,37.44,279.650592,100.0,100.0,0.23,1.717939
2025-10-28T16:00:00,2025-10-28T17:00:00,DK1,100.0,100.0,28.2,210.63426,100.0,100.0,0.23,1.717939
2025-10-28T15:00:00,2025-10-28T16:00:00,DK1,100.0,100.0,13.26,99.042918,100.0,100.0,0.23,1.717939
2025-10-28T14:00:00,2025-10-28T15:00:00,DK1,100.0,100.0,15.0,112.0395,100.0,100.0,0.23,1.717939
2025-10-28T13:00:00,2025-10-28T14:00:00,DK1,100.0,100.0,6.69,49.969617,100.0,100.0,0.23,1.717939
2025-10-28T12:00:00,2025-10-28T13:00:00,DK1,100.0,100.0,6.69,49.969617,100.0,100.0,0.23,1.717939
2025-10-28T11:00:00,2025-10-28T12:00:00,DK1,100.0,100.0,13.12,97.997216,100.0,100.0,0.23,1.717939
2025-10-28T10:00:00,2025-10-28T11:00:00,DK1,100.0,100.0,8.03,59.978479,100.0,100.0,0.23,1.717939
2025-10-28T09:00:00,2025-10-28T10:00:00,DK1,100.0,100.0,14.06,105.018358,100.0,100.0,0.23,1.717939
2025-10-28T08:00:00,2025-10-28T09:00:00,DK1,100.0,100.0,6.69,49.969617,100.0,100.0,0.27,2.016711
2025-10-28T07:00:00,2025-10-28T08:00:00,DK1,100.0,100.0,6.69,49.969617,100.0,100.0,0.23,1.717939
2025-10-28T06:00:00,2025-10-28T07:00:00,DK1,100.0,100.0,10.3,76.93379,100.0,100.0,0.23,1.717939
2025-10-28T05:00:00,2025-10-28T06:00:00,DK1,100.0,100.0,2.01,15.013293,100.0,100.0,0.67,5.004431
2025-10-28T04:00:00,2025-10-28T05:00:00,DK1,100.0,100.0,2.63,19.644259,100.0,100.0,2.01,15.013293
2025-10-28T03:00:00,2025-10-28T04:00:00,DK1,100.0,100.0,0.67,5.004431,100.0,100.0,2.01,15.013293
2025-10-28T02:00:00,2025-10-28T03:00:00,DK1,100.0,100.0,0.67,5.004431,100.0,100.0,2.01,15.013293
2025-10-28T01:00:00,2025-10-28T02:00:00,DK1,100.0,100.0,0.54,4.033422,100.0,100.0,2.01,15.013293
2025-10-28T00:00:00,2025-10-28T01:00:00,DK1,100.0,100.0,0.54,4.033422,100.0,100.0,2.01,15.013293
2025-10-27T23:00:00,2025-10-28T00:00:00,DK1,100.0,100.0,0.67,5.004431,100.0,100.0,2.01,15.013293
2025-10-27T22:00:00,2025-10-27T23:00:00,DK1,100.0,100.0,6.69,49.970286,100.0,100.0,0.27,2.016738
2025-10-27T21:00:00,2025-10-27T22:00:00,DK1,100.0,100.0,6.02,44.965788,100.0,100.0,0.27,2.016738
2025-10-27T20:00:00,2025-10-27T21:00:00,DK1,100.0,100.0,6.69,49.970286,100.0,100.0,0.27,2.016738
2025-10-27T19:00:00,2025-10-27T20:00:00,DK1,100.0,100.0,28.74,214.670556,100.0,100.0,0.23,1.717962
2025-10-27T18:00:00,2025-10-27T19:00:00,DK1,100.0,100.0,31.93,238.497942,100.0,100.0,0.23,1.717962
2025-10-27T17:00:00,2025-10-27T18:00:00,DK1,100.0,100.0,21.99,164.252106,100.0,100.0,0.23,1.717962
2025-10-27T16:00:00,2025-10-27T17:00:00,DK1,100.0,100.0,6.69,49.970286,100.0,100.0,0.27,2.016738
2025-10-27T15:00:00,2025-10-27T16:00:00,DK1,100.0,100.0,6.02,44.965788,100.0,100.0,0.27,2.016738
2025-10-27T14:00:00,2025-10-27T15:00:00,DK1,100.0,100.0,13.26,99.044244,100.0,100.0,0.27,2.016738
2025-10-27T13:00:00,2025-10-27T14:00:00,DK1,100.0,100.0,13.26,99.044244,100.0,100.0,0.27,2.016738
2025-10-27T12:00:00,2025-10-27T13:00:00,DK1,100.0,100.0,13.26,99.044244,100.0,100.0,0.27,2.016738
2025-10-27T11:00:00,2025-10-27T12:00:00,DK1,100.0,100.0,14.99,111.966306,100.0,100.0,0.27,2.016738
2025-10-27T10:00:00,2025-10-27T11:00:00,DK1,100.0,100.0,14.73,110.024262,100.0,100.0,0.27,2.016738
2025-10-27T09:00:00,2025-10-27T10:00:00,DK1,100.0,100.0,36.55,273.00657,100.0,100.0,0.27,2.016738
2025-10-27T08:00:00,2025-10-27T09:00:00,DK1,100.0,100.0,46.86,350.016084,100.0,100.0,0.27,2.016738
2025-10-27T07:00:00,2025-10-27T08:00:00,DK1,100.0,100.0,20.47,152.898618,100.0,100.0,0.27,2.016738
2025-10-27T06:00:00,2025-10-27T07:00:00,DK1,100.0,100.0,6.69,49.970286,100.0,100.0,0.27,2.016738
2025-10-27T05:00:00,2025-10-27T06:00:00,DK1,100.0,100.0,3.21,23.976774,100.0,100.0,0.27,2.016738
2025-10-27T04:00:00,2025-10-27T05:00:00,DK1,100.0,100.0,1.21,9.037974,100.0,100.0,0.67,5.004498
2025-10-27T03:00:00,2025-10-27T04:00:00,DK1,100.0,100.0,1.34,10.008996,100.0,100.0,0.67,5.004498
2025-10-27T02:00:00,2025-10-27T03:00:00,DK1,100.0,100.0,1.21,9.037974,100.0,100.0,0.67,5.004498
2025-10-27T01:00:00,2025-10-27T02:00:00,DK1,100.0,100.0,0.54,4.033476,100.0,100.0,0.54,4.033476
2025-10-27T00:00:00,2025-10-27T01:00:00,DK1,100.0,100.0,0.54,4.033476,100.0,100.0,0.67,5.004498
2025-10-26T23:00:00,2025-10-27T00:00:00,DK1,100.0,100.0,0.67,5.004498,100.0,100.0,0.67,5.004498
2025-10-26T22:00:00,2025-10-26T23:00:00,DK1,100.0,100.0,4.02,30.028596,100.0,100.0,0.54,4.033692
2025-10-26T21:00:00,2025-10-26T22:00:00,DK1,100.0,100.0,6.29,46.985042,100.0,100.0,0.54,4.033692
2025-10-26T20:00:00,2025-10-26T21:00:00,DK1,100.0,100.0,6.29,46.985042,100.0,100.0,0.46,3.436108
2025-10-26T19:00:00,2025-10-26T20:00:00,DK1,100.0,100.0,6.29,46.985042,100.0,100.0,0.4,2.98792
2025-10-26T18:00:00,2025-10-26T19:00:00,DK1,100.0,100.0,6.93,51.765714,100.0,100.0,0.4,2.98792
2025-10-26T17:00:00,2025-10-26T18:00:00,DK1,100.0,100.0,6.86,51.242828,100.0,100.0,0.4,2.98792
2025-10-26T16:00:00,2025-10-26T17:00:00,DK1,100.0,100.0,6.02,44.968196,100.0,100.0,0.4,2.98792
2025-10-26T15:00:00,2025-10-26T16:00:00,DK1,100.0,100.0,6.56,49.001888,100.0,100.0,0.27,2.016846
2025-10-26T14:00:00,2025-10-26T15:00:00,DK1,100.0,100.0,2.68,20.019064,100.0,100.0,0.54,4.033692
2025-10-26T13:00:00,2025-10-26T14:00:00,DK1,100.0,100.0,1.21,9.038458,100.0,100.0,0.54,4.033692
2025-10-26T12:00:00,2025-10-26T13:00:00,DK1,100.0,100.0,1.21,9.038458,100.0,100.0,0.27,2.016846
2025-10-26T11:00:00,2025-10-26T12:00:00,DK1,100.0,100.0,1.21,9.038458,100.0,100.0,0.27,2.016846
2025-10-26T10:00:00,2025-10-26T11:00:00,DK1,100.0,100.0,1.21,9.038458,100.0,100.0,0.54,4.033692
2025-10-26T09:00:00,2025-10-26T10:00:00,DK1,100.0,100.0,1.21,9.038458,100.0,100.0,0.27,2.016846
2025-10-26T08:00:00,2025-10-26T09:00:00,DK1,100.0,100.0,2.01,15.014298,100.0,100.0,0.27,2.016846
2025-10-26T07:00:00,2025-10-26T08:00:00,DK1,100.0,100.0,2.01,15.014298,100.0,100.0,0.27,2.016846
2025-10-26T06:00:00,2025-10-26T07:00:00,DK1,100.0,100.0,2.68,20.019064,100.0,100.0,0.27,2.016846
2025-10-26T05:00:00,2025-10-26T06:00:00,DK1,100.0,100.0,2.68,20.019064,100.0,100.0,0.46,3.436108
2025-10-26T04:00:00,2025-10-26T05:00:00,DK1,100.0,100.0,1.34,10.009532,100.0,100.0,0.54,4.033692
2025-10-26T03:00:00,2025-10-26T04:00:00,DK1,100.0,100.0,1.21,9.038458,100.0,100.0,0.67,5.004766
2025-10-26T02:00:00,2025-10-26T03:00:00,DK1,100.0,100.0,1.21,9.038458,100.0,100.0,1.07,7.992686
2025-10-26T01:00:00,2025-10-26T02:00:00,DK1,100.0,100.0,0.54,4.033692,100.0,100.0,0.54,4.033692
2025-10-26T00:00:00,2025-10-26T02:00:00,DK1,100.0,100.0,0.67,5.004766,100.0,100.0,0.54,4.033692
2025-10-25T23:00:00,2025-10-26T01:00:00,DK1,100.0,100.0,1.21,9.038458,100.0,100.0,0.54,4.033692
2025-10-25T22:00:00,2025-10-26T00:00:00,DK1,100.0,100.0,1.21,9.038458,100.0,100.0,0.54,4.033692
2025-10-25T21:00:00,2025-10-25T23:00:00,DK1,100.0,100.0,6.02,44.968196,100.0,100.0,0.4,2.98792
2025-10-25T20:00:00,2025-10-25T22:00:00,DK1,100.0,100.0,6.02,44.968196,100.0,100.0,0.4,2.98792
2025-10-25T19:00:00,2025-10-25T21:00:00,DK1,100.0,100.0,6.56,49.001888,100.0,100.0,0.27,2.016846
2025-10-25T18:00:00,2025-10-25T20:00:00,DK1,100.0,100.0,6.43,48.030814,100.0,100.0,0.27,2.016846
2025-10-25T17:00:00,2025-10-25T19:00:00,DK1,100.0,100.0,6.69,49.972962,100.0,100.0,0.27,2.016846
2025-10-25T16:00:00,2025-10-25T18:00:00,DK1,100.0,100.0,6.56,49.001888,100.0,100.0,0.27,2.016846
2025-10-25T15:00:00,2025-10-25T17:00:00,DK1,100.0,100.0,6.56,49.001888,100.0,100.0,0.27,2.016846
2025-10-25T14:00:00,2025-10-25T16:00:00,DK1,100.0,100.0,5.84,43.623632,100.0,100.0,0.27,2.016846
2025-10-25T13:00:00,2025-10-25T15:00:00,DK1,100.0,100.0,1.21,9.038458,100.0,100.0,0.27,2.016846
2025-10-25T12:00:00,2025-10-25T14:00:00,DK1,100.0,100.0,2.41,18.002218,100.0,100.0,0.27,2.016846
2025-10-25T11:00:00,2025-10-25T13:00:00,DK1,100.0,100.0,1.34,10.009532,100.0,100.0,0.4,2.98792
2025-10-25T10:00:00,2025-10-25T12:00:00,DK1,100.0,100.0,1.21,9.038458,100.0,100.0,0.27,2.016846
2025-10-25T09:00:00,2025-10-25T11:00:00,DK1,100.0,100.0,2.68,20.019064,100.0,100.0,0.27,2.016846
2025-10-25T08:00:00,2025-10-25T10:00:00,DK1,100.0,100.0,4.02,30.028596,100.0,100.0,0.27,2.016846
2025-10-25T07:00:00,2025-10-25T09:00:00,DK1,100.0,100.0,3.35,25.02383,100.0,100.0,0.27,2.016846
2025-10-25T06:00:00,2025-10-25T08:00:00,DK1,100.0,100.0,2.95,22.03591,100.0,100.0,0.27,2.016846
2025-10-25T05:00:00,2025-10-25T07:00:00,DK1,100.0,100.0,2.95,22.03591,100.0,100.0,0.27,2.016846
2025-10-25T04:00:00,2025-10-25T06:00:00,DK1,100.0,100.0,1.21,9.038458,100.0,100.0,0.4,2.98792
2025-10-25T03:00:00,2025-10-25T05:00:00,DK1,100.0,100.0,2.68,20.019064,100.0,100.0,0.54,4.033692
2025-10-25T02:00:00,2025-10-25T04:00:00,DK1,100.0,100.0,2.41,18.002218,100.0,100.0,0.54,4.033692
2025-10-25T01:00:00,2025-10-25T03:00:00,DK1,100.0,100.0,0.67,5.004766,100.0,100.0,0.54,4.033692
2025-10-25T00:00:00,2025-10-25T02:00:00,DK1,100.0,100.0,2.01,15.014298,100.0,100.0,0.54,4.033692
2025-10-24T23:00:00,2025-10-25T01:00:00,DK1,100.0,100.0,2.01,15.014298,100.0,100.0,0.4,2.98792
2025-10-24T22:00:00,2025-10-25T00:00:00,DK1,100.0,100.0,2.68,20.019064,100.0,100.0,0.4,2.98792
2025-10-24T21:00:00,2025-10-24T23:00:00,DK1,100.0,100.0,1.21,9.038458,100.0,100.0,0.27,2.016846
2025-10-24T20:00:00,2025-10-24T22:00:00,DK1,100.0,100.0,8.17,61.028266,100.0,100.0,0.27,2.016846
2025-10-24T19:00:00,2025-10-24T21:00:00,DK1,100.0,100.0,6.43,48.030814,100.0,100.0,0.23,1.718054
2025-10-24T18:00:00,2025-10-24T20:00:00,DK1,100.0,100.0,6.69,49.972962,100.0,100.0,0.23,1.718054
2025-10-24T17:00:00,2025-10-24T19:00:00,DK1,100.0,100.0,18.75,140.05875,100.0,100.0,0.23,1.718054
2025-10-24T16:00:00,2025-10-24T18:00:00,DK1,100.0,100.0,13.26,99.049548,100.0,100.0,0.23,1.718054
2025-10-24T15:00:00,2025-10-24T17:00:00,DK1,100.0,100.0,6.56,49.001888,100.0,100.0,0.23,1.718054
2025-10-24T14:00:00,2025-10-24T16:00:00,DK1,100.0,100.0,10.09,75.370282,100.0,100.0,0.23,1.718054
2025-10-24T13:00:00,2025-10-24T15:00:00,DK1,100.0,100.0,1.21,9.038458,100.0,100.0,0.23,1.718054
2025-10-24T12:00:00,2025-10-24T14:00:00,DK1,100.0,100.0,1.21,9.038458,100.0,100.0,0.23,1.718054
2025-10-24T11:00:00,2025-10-24T13:00:00,DK1,100.0,100.0,1.21,9.038458,100.0,100.0,0.23,1.718054
2025-10-24T10:00:00,2025-10-24T12:00:00,DK1,100.0,100.0,2.95,22.03591,100.0,100.0,0.23,1.718054
2025-10-24T09:00:00,2025-10-24T11:00:00,DK1,100.0,100.0,8.69,64.912562,100.0,100.0,0.23,1.718054
2025-10-24T08:00:00,2025-10-24T10:00:00,DK1,100.0,100.0,6.56,49.001888,100.0,100.0,0.27,2.016846
2025-10-24T07:00:00,2025-10-24T09:00:00,DK1,100.0,100.0,7.89,58.936722,100.0,100.0,0.23,1.718054
2025-10-24T06:00:00,2025-10-24T08:00:00,DK1,100.0,100.0,6.43,48.030814,100.0,100.0,0.23,1.718054
2025-10-24T05:00:00,2025-10-24T07:00:00,DK1,100.0,100.0,7.74,57.816252,100.0,100.0,0.27,2.016846
2025-10-24T04:00:00,2025-10-24T06:00:00,DK1,100.0,100.0,6.43,48.030814,100.0,100.0,0.31,2.315638
2025-10-24T03:00:00,2025-10-24T05:00:00,DK1,100.0,100.0,4.6,34.36108,100.0,100.0,0.27,2.016846
2025-10-24T02:00:00,2025-10-24T04:00:00,DK1,100.0,100.0,1.21,9.038458,100.0,100.0,0.27,2.016846
2025-10-24T01:00:00,2025-10-24T03:00:00,DK1,100.0,100.0,1.34,10.009532,100.0,100.0,0.27,2.016846
2025-10-24T00:00:00,2025-10-24T02:00:00,DK1,100.0,100.0,0.67,5.004766,100.0,100.0,0.27,2.016846
2025-10-23T23:00:00,2025-10-24T01:00:00,DK1,100.0,100.0,0.67,5.004766,100.0,100.0,0.27,2.016846
2025-10-23T22:00:00,2025-10-24T00:00:00,DK1,100.0,100.0,2.54,18.973292,100.0,100.0,0.27,2.016846
2025-10-23T21:00:00,2025-10-23T23:00:00,DK1,100.0,100.0,6.43,48.028242,100.0,100.0,0.27,2.016738
2025-10-23T20:00:00,2025-10-23T22:00:00,DK1,100.0,100.0,7.27,54.302538,100.0,100.0,0.27,2.016738
2025-10-23T19:00:00,2025-10-23T21:00:00,DK1,100.0,100.0,19.67,146.923098,100.0,100.0,0.27,2.016738
2025-10-23T18:00:00,2025-10-23T20:00:00,DK1,100.0,100.0,13.39,100.015266,100.0,100.0,0.27,2.016738
2025-10-23T17:00:00,2025-10-23T19:00:00,DK1,100.0,100.0,16.93,126.456942,100.0,100.0,0.27,2.016738
2025-10-23T16:00:00,2025-10-23T18:00:00,DK1,100.0,100.0,13.39,100.015266,100.0,100.0,0.27,2.016738
2025-10-23T15:00:00,2025-10-23T17:00:00,DK1,100.0,100.0,6.69,49.970286,100.0,100.0,0.27,2.016738
2025-10-23T14:00:00,2025-10-23T16:00:00,DK1,100.0,100.0,9.91,74.021754,100.0,100.0,0.27,2.016738
2025-10-23T13:00:00,2025-10-23T15:00:00,DK1,100.0,100.0,6.56,48.999264,100.0,100.0,0.27,2.016738
2025-10-23T12:00:00,2025-10-23T14:00:00,DK1,100.0,100.0,7.36,54.974784,100.0,100.0,0.27,2.016738
2025-10-23T11:00:00,2025-10-23T13:00:00,DK1,100.0,100.0,6.56,48.999264,100.0,100.0,0.27,2.016738
2025-10-23T10:00:00,2025-10-23T12:00:00,DK1,100.0,100.0,17.1,127.72674,100.0,100.0,0.27,2.016738
2025-10-23T09:00:00,2025-10-23T11:00:00,DK1,100.0,100.0,16.0,119.5104,100.0,100.0,0.27,2.016738
2025-10-23T08:00:00,2025-10-23T10:00:00,DK1,100.0,100.0,23.7,177.02478,100.0,100.0,0.27,2.016738
2025-10-23T07:00:00,2025-10-23T09:00:00,DK1,100.0,100.0,21.16,158.052504,100.0,100.0,0.27,2.016738
2025-10-23T06:00:00,2025-10-23T08:00:00,DK1,100.0,100.0,30.39,226.995066,100.0,100.0,0.27,2.016738
2025-10-23T05:00:00,2025-10-23T07:00:00,DK1,100.0,100.0,16.98,126.830412,100.0,100.0,0.27,2.016738
2025-10-23T04:00:00,2025-10-23T06:00:00,DK1,100.0,100.0,6.69,49.970286,100.0,100.0,0.27,2.016738
2025-10-23T03:00:00,2025-10-23T05:00:00,DK1,100.0,100.0,6.02,44.965788,100.0,100.0,0.27,2.016738
2025-10-23T02:00:00,2025-10-23T04:00:00,DK1,100.0,100.0,6.56,48.999264,100.0,100.0,0.27,2.016738
2025-10-23T01:00:00,2025-10-23T03:00:00,DK1,100.0,100.0,1.21,9.037974,100.0,100.0,0.27,2.016738
2025-10-23T00:00:00,2025-10-23T02:00:00,DK1,100.0,100.0,1.21,9.037974,100.0,100.0,0.27,2.016738
2025-10-22T23:00:00,2025-10-23T01:00:00,DK1,100.0,100.0,1.21,9.037974,100.0,100.0,0.27,2.016738
2025-10-22T22:00:00,2025-10-23T00:00:00,DK1,100.0,100.0,1.21,9.037974,100.0,100.0,0.27,2.016738
2025-10-22T21:00:00,2025-10-22T23:00:00,DK1,100.0,100.0,42.18,315.059292,100.0,100.0,0.4,2.98776
2025-10-22T20:00:00,2025-10-22T22:00:00,DK1,100.0,100.0,58.78,439.051332,100.0,100.0,0.4,2.98776
2025-10-22T19:00:00,2025-10-22T21:00:00,DK1,100.0,100.0,68.82,514.044108,100.0,100.0,0.31,2.315514
2025-10-22T18:00:00,2025-10-22T20:00:00,DK1,100.0,100.0,132.64,990.741216,100.0,100.0,0.31,2.315514
2025-10-22T17:00:00,2025-10-22T19:00:00,DK1,100.0,100.0,166.82,1246.045308,100.0,100.0,0.31,2.315514
2025-10-22T16:00:00,2025-10-22T18:00:00,DK1,100.0,100.0,196.65,1468.85751,100.0,100.0,0.31,2.315514
2025-10-22T15:00:00,2025-10-22T17:00:00,DK1,100.0,100.0,147.23,1099.719762,100.0,100.0,0.31,2.315514
2025-10-22T14:00:00,2025-10-22T16:00:00,DK1,100.0,100.0,79.68,595.161792,100.0,100.0,0.31,2.315514
2025-10-22T13:00:00,2025-10-22T15:00:00,DK1,100.0,100.0,57.04,426.054576,100.0,100.0,0.31,2.315514
2025-10-22T12:00:00,2025-10-22T14:00:00,DK1,100.0,100.0,47.67,356.066298,100.0,100.0,0.4,2.98776
2025-10-22T11:00:00,2025-10-22T13:00:00,DK1,100.0,100.0,41.64,311.025816,100.0,100.0,0.27,2.016738
2025-10-22T10:00:00,2025-10-22T12:00:00,DK1,100.0,100.0,42.04,314.013576,100.0,100.0,0.54,4.033476
2025-10-22T09:00:00,2025-10-22T11:00:00,DK1,100.0,100.0,45.79,342.023826,100.0,100.0,0.54,4.033476
2025-10-22T08:00:00,2025-10-22T10:00:00,DK1,100.0,100.0,54.63,408.053322,100.0,100.0,0.54,4.033476
2025-10-22T07:00:00,2025-10-22T09:00:00,DK1,100.0,100.0,63.07,471.095058,100.0,100.0,0.54,4.033476
2025-10-22T06:00:00,2025-10-22T08:00:00,DK1,100.0,100.0,75.65,565.06011,100.0,100.0,0.31,2.315514
2025-10-22T05:00:00,2025-10-22T07:00:00,DK1,100.0,100.0,63.41,473.634654,100.0,100.0,0.31,2.315514
2025-10-22T04:00:00,2025-10-22T06:00:00,DK1,100.0,100.0,37.63,281.073522,100.0,100.0,0.27,2.016738
2025-10-22T03:00:00,2025-10-22T05:00:00,DK1,100.0,100.0,6.95,51.91233,100.0,100.0,0.4,2.98776
2025-10-22T02:00:00,2025-10-22T04:00:00,DK1,100.0,100.0,7.69,57.439686,100.0,100.0,0.4,2.98776
2025-10-22T01:00:00,2025-10-22T03:00:00,DK1,100.0,100.0,1.44,10.755936,100.0,100.0,0.4,2.98776
2025-10-22T00:00:00,2025-10-22T02:00:00,DK1,100.0,100.0,1.21,9.037974,100.0,100.0,0.4,2.98776
2025-10-21T23:00:00,2025-10-22T01:00:00,DK1,100.0,100.0,1.21,9.037974,100.0,100.0,0.4,2.98776
2025-10-21T22:00:00,2025-10-22T00:00:00,DK1,100.0,100.0,1.34,10.008996,100.0,100.0,0.4,2.98776
2025-10-21T21:00:00,2025-10-21T23:00:00,DK1,100.0,100.0,6.02,44.963982,100.0,100.0,0.54,4.033314
2025-10-21T20:00:00,2025-10-21T22:00:00,DK1,100.0,100.0,9.51,71.031141,100.0,100.0,0.54,4.033314
2025-10-21T19:00:00,2025-10-21T21:00:00,DK1,100.0,100.0,17.79,132.875289,100.0,100.0,0.31,2.315421
2025-10-21T18:00:00,2025-10-21T20:00:00,DK1,100.0,100.0,24.9,185.98059,100.0,100.0,0.31,2.315421
2025-10-21T17:00:00,2025-10-21T19:00:00,DK1,100.0,100.0,43.65,326.026215,100.0,100.0,0.31,2.315421
2025-10-21T16:00:00,2025-10-21T18:00:00,DK1,100.0,100.0,48.07,359.039637,100.0,100.0,0.31,2.315421
2025-10-21T15:00:00,2025-10-21T17:00:00,DK1,100.0,100.0,47.26,352.989666,100.0,100.0,0.31,2.315421
2025-10-21T14:00:00,2025-10-21T16:00:00,DK1,100.0,100.0,19.55,146.020905,100.0,100.0,0.31,2.315421
2025-10-21T13:00:00,2025-10-21T15:00:00,DK1,100.0,100.0,7.9,59.00589,100.0,100.0,0.31,2.315421
2025-10-21T12:00:00,2025-10-21T14:00:00,DK1,100.0,100.0,6.02,44.963982,100.0,100.0,0.31,2.315421
2025-10-21T11:00:00,2025-10-21T13:00:00,DK1,100.0,100.0,6.43,48.026313,100.0,100.0,0.31,2.315421
2025-10-21T10:00:00,2025-10-21T12:00:00,DK1,100.0,100.0,6.43,48.026313,100.0,100.0,0.31,2.315421
2025-10-21T09:00:00,2025-10-21T11:00:00,DK1,100.0,100.0,6.43,48.026313,100.0,100.0,0.31,2.315421
2025-10-21T08:00:00,2025-10-21T10:00:00,DK1,100.0,100.0,6.69,49.968279,100.0,100.0,0.31,2.315421
2025-10-21T07:00:00,2025-10-21T09:00:00,DK1,100.0,100.0,17.48,130.559868,100.0,100.0,0.31,2.315421
2025-10-21T06:00:00,2025-10-21T08:00:00,DK1,100.0,100.0,38.19,285.244929,100.0,100.0,0.31,2.315421
2025-10-21T05:00:00,2025-10-21T07:00:00,DK1,100.0,100.0,23.43,175.001013,100.0,100.0,0.4,2.98764
2025-10-21T04:00:00,2025-10-21T06:00:00,DK1,100.0,100.0,6.02,44.963982,100.0,100.0,0.4,2.98764
2025-10-21T03:00:00,2025-10-21T05:00:00,DK1,100.0,100.0,1.21,9.037611,100.0,100.0,0.54,4.033314
2025-10-21T02:00:00,2025-10-21T04:00:00,DK1,100.0,100.0,2.68,20.017188,100.0,100.0,0.54,4.033314
2025-10-21T01:00:00,2025-10-21T03:00:00,DK1,100.0,100.0,1.21,9.037611,100.0,100.0,0.54,4.033314
2025-10-21T00:00:00,2025-10-21T02:00:00,DK1,100.0,100.0,0.67,5.004297,100.0,100.0,0.54,4.033314
2025-10-20T23:00:00,2025-10-21T01:00:00,DK1,100.0,100.0,0.54,4.033314,100.0,100.0,0.54,4.033314
2025-10-20T22:00:00,2025-10-21T00:00:00,DK1,100.0,100.0,2.54,18.971514,100.0,100.0,0.67,5.004297
2025-10-20T21:00:00,2025-10-20T23:00:00,DK1,100.0,100.0,7.44,55.564896,100.0,100.0,0.27,2.016468
2025-10-20T20:00:00,2025-10-20T22:00:00,DK1,100.0,100.0,7.23,53.996532,100.0,100.0,0.27,2.016468
2025-10-20T19:00:00,2025-10-20T21:00:00,DK1,100.0,100.0,14.88,111.129792,100.0,100.0,0.27,2.016468
2025-10-20T18:00:00,2025-10-20T20:00:00,DK1,100.0,100.0,40.49,302.395516,100.0,100.0,0.27,2.016468
2025-10-20T17:00:00,2025-10-20T19:00:00,DK1,100.0,100.0,53.01,395.899884,100.0,100.0,0.27,2.016468
2025-10-20T16:00:00,2025-10-20T18:00:00,DK1,100.0,100.0,51.41,383.950444,100.0,100.0,0.27,2.016468
2025-10-20T15:00:00,2025-10-20T17:00:00,DK1,100.0,100.0,49.76,371.627584,100.0,100.0,0.27,2.016468
2025-10-20T14:00:00,2025-10-20T16:00:00,DK1,100.0,100.0,33.98,253.776232,100.0,100.0,0.27,2.016468
2025-10-20T13:00:00,2025-10-20T15:00:00,DK1,100.0,100.0,29.46,220.019064,100.0,100.0,0.27,2.016468
2025-10-20T12:00:00,2025-10-20T14:00:00,DK1,100.0,100.0,16.34,122.033656,100.0,100.0,0.27,2.016468
2025-10-20T11:00:00,2025-10-20T13:00:00,DK1,100.0,100.0,16.21,121.062764,100.0,100.0,0.27,2.016468
2025-10-20T10:00:00,2025-10-20T12:00:00,DK1,100.0,100.0,16.34,122.033656,100.0,100.0,0.27,2.016468
2025-10-20T09:00:00,2025-10-20T11:00:00,DK1,100.0,100.0,23.7,177.00108,100.0,100.0,0.27,2.016468
2025-10-20T08:00:00,2025-10-20T10:00:00,DK1,100.0,100.0,31.2,233.01408,100.0,100.0,0.27,2.016468
2025-10-20T07:00:00,2025-10-20T09:00:00,DK1,100.0,100.0,39.23,292.985332,100.0,100.0,0.27,2.016468
2025-10-20T06:00:00,2025-10-20T08:00:00,DK1,100.0,100.0,49.24,367.744016,100.0,100.0,0.27,2.016468
2025-10-20T05:00:00,2025-10-20T07:00:00,DK1,100.0,100.0,45.72,341.455248,100.0,100.0,0.27,2.016468
2025-10-20T04:00:00,2025-10-20T06:00:00,DK1,100.0,100.0,10.78,80.509352,100.0,100.0,0.27,2.016468
2025-10-20T03:00:00,2025-10-20T05:00:00,DK1,100.0,100.0,6.43,48.021812,100.0,100.0,0.27,2.016468
2025-10-20T02:00:00,2025-10-20T04:00:00,DK1,100.0,100.0,4.02,30.022968,100.0,100.0,0.54,4.032936
2025-10-20T01:00:00,2025-10-20T03:00:00,DK1,100.0,100.0,2.68,20.015312,100.0,100.0,0.4,2.98736
2025-10-20T00:00:00,2025-10-20T02:00:00,DK1,100.0,100.0,1.21,9.036764,100.0,100.0,0.4,2.98736
2025-10-19T23:00:00,2025-10-20T01:00:00,DK1,100.0,100.0,2.68,20.015312,100.0,100.0,0.4,2.98736
2025-10-19T22:00:00,2025-10-20T00:00:00,DK1,100.0,100.0,1.21,9.036764,100.0,100.0,0.54,4.032936
2025-10-19T21:00:00,2025-10-19T23:00:00,DK1,100.0,100.0,6.43,48.02567,100.0,100.0,0.4,2.9876
2025-10-19T20:00:00,2025-10-19T22:00:00,DK1,100.0,100.0,6.69,49.96761,100.0,100.0,0.27,2.01663
2025-10-19T19:00:00,2025-10-19T21:00:00,DK1,100.0,100.0,12.42,92.76498,100.0,100.0,0.27,2.01663
2025-10-19T18:00:00,2025-10-19T20:00:00,DK1,100.0,100.0,41.07,306.75183,100.0,100.0,0.27,2.01663
2025-10-19T17:00:00,2025-10-19T19:00:00,DK1,100.0,100.0,46.24,345.36656,100.0,100.0,0.27,2.01663
2025-10-19T16:00:00,2025-10-19T18:00:00,DK1,100.0,100.0,52.0,388.388,100.0,100.0,0.27,2.01663
2025-10-19T15:00:00,2025-10-19T17:00:00,DK1,100.0,100.0,45.62,340.73578,100.0,100.0,0.27,2.01663
2025-10-19T14:00:00,2025-10-19T16:00:00,DK1,100.0,100.0,26.4,197.1816,100.0,100.0,0.31,2.31539
2025-10-19T13:00:00,2025-10-19T15:00:00,DK1,100.0,100.0,6.69,49.96761,100.0,100.0,0.31,2.31539
2025-10-19T12:00:00,2025-10-19T14:00:00,DK1,100.0,100.0,6.43,48.02567,100.0,100.0,0.54,4.03326
2025-10-19T11:00:00,2025-10-19T13:00:00,DK1,100.0,100.0,8.64,64.53216,100.0,100.0,0.54,4.03326
2025-10-19T10:00:00,2025-10-19T12:00:00,DK1,100.0,100.0,10.04,74.98876,100.0,100.0,0.54,4.03326
2025-10-19T09:00:00,2025-10-19T11:00:00,DK1,100.0,100.0,12.76,95.30444,100.0,100.0,0.27,2.01663
2025-10-19T08:00:00,2025-10-19T10:00:00,DK1,100.0,100.0,6.69,49.96761,100.0,100.0,0.27,2.01663
2025-10-19T07:00:00,2025-10-19T09:00:00,DK1,100.0,100.0,19.09,142.58321,100.0,100.0,0.31,2.31539
2025-10-19T06:00:00,2025-10-19T08:00:00,DK1,100.0,100.0,34.35,256.56015,100.0,100.0,0.27,2.01663
2025-10-19T05:00:00,2025-10-19T07:00:00,DK1,100.0,100.0,31.16,232.73404,100.0,100.0,0.27,2.01663
2025-10-19T04:00:00,2025-10-19T06:00:00,DK1,100.0,100.0,20.13,150.35097,100.0,100.0,0.27,2.01663
2025-10-19T03:00:00,2025-10-19T05:00:00,DK1,100.0,100.0,12.44,92.91436,100.0,100.0,0.27,2.01663
2025-10-19T02:00:00,2025-10-19T04:00:00,DK1,100.0,100.0,6.02,44.96338,100.0,100.0,0.4,2.9876
2025-10-19T01:00:00,2025-10-19T03:00:00,DK1,100.0,100.0,1.21,9.03749,100.0,100.0,0.27,2.01663
2025-10-19T00:00:00,2025-10-19T02:00:00,DK1,100.0,100.0,1.21,9.03749,100.0,100.0,0.27,2.01663
2025-10-18T23:00:00,2025-10-19T01:00:00,DK1,100.0,100.0,6.43,48.02567,100.0,100.0,0.27,2.01663
2025-10-18T22:00:00,2025-10-19T00:00:00,DK1,100.0,100.0,30.03,224.29407,100.0,100.0,0.27,2.01663
2025-10-18T21:00:00,2025-10-18T23:00:00,DK1,100.0,100.0,24.9,185.9781,100.0,100.0,0.4,2.9876
2025-10-18T20:00:00,2025-10-18T22:00:00,DK1,100.0,100.0,24.9,185.9781,100.0,100.0,0.4,2.9876
2025-10-18T19:00:00,2025-10-18T21:00:00,DK1,100.0,100.0,34.68,259.02492,100.0,100.0,0.27,2.01663
2025-10-18T18:00:00,2025-10-18T20:00:00,DK1,100.0,100.0,52.75,393.98975,100.0,100.0,0.27,2.01663
2025-10-18T17:00:00,2025-10-18T19:00:00,DK1,100.0,100.0,79.26,591.99294,100.0,100.0,0.27,2.01663
2025-10-18T16:00:00,2025-10-18T18:00:00,DK1,100.0,100.0,83.41,622.98929,100.0,100.0,0.27,2.01663
2025-10-18T15:00:00,2025-10-18T17:00:00,DK1,100.0,100.0,69.89,522.00841,100.0,100.0,0.27,2.01663
2025-10-18T14:00:00,2025-10-18T16:00:00,DK1,100.0,100.0,40.97,306.00493,100.0,100.0,0.27,2.01663
2025-10-18T13:00:00,2025-10-18T15:00:00,DK1,100.0,100.0,24.9,185.9781,100.0,100.0,0.27,2.01663
2025-10-18T12:00:00,2025-10-18T14:00:00,DK1,100.0,100.0,23.43,174.99867,100.0,100.0,0.27,2.01663
2025-10-18T11:00:00,2025-10-18T13:00:00,DK1,100.0,100.0,23.43,174.99867,100.0,100.0,0.27,2.01663
2025-10-18T10:00:00,2025-10-18T12:00:00,DK1,100.0,100.0,23.43,174.99867,100.0,100.0,0.27,2.01663
2025-10-18T09:00:00,2025-10-18T11:00:00,DK1,100.0,100.0,24.9,185.9781,100.0,100.0,0.27,2.01663
2025-10-18T08:00:00,2025-10-18T10:00:00,DK1,100.0,100.0,36.56,273.06664,100.0,100.0,0.27,2.01663
2025-10-18T07:00:00,2025-10-18T09:00:00,DK1,100.0,100.0,45.52,339.98888,100.0,100.0,0.27,2.01663
2025-10-18T06:00:00,2025-10-18T08:00:00,DK1,100.0,100.0,59.71,445.97399,100.0,100.0,0.27,2.01663
2025-10-18T05:00:00,2025-10-18T07:00:00,DK1,100.0,100.0,56.63,422.96947,100.0,100.0,0.27,2.01663
2025-10-18T04:00:00,2025-10-18T06:00:00,DK1,100.0,100.0,43.92,328.03848,100.0,100.0,0.27,2.01663
2025-10-18T03:00:00,2025-10-18T05:00:00,DK1,100.0,100.0,36.15,270.00435,100.0,100.0,0.31,2.31539
2025-10-18T02:00:00,2025-10-18T04:00:00,DK1,100.0,100.0,6.02,44.96338,100.0,100.0,0.31,2.31539
2025-10-18T01:00:00,2025-10-18T03:00:00,DK1,100.0,100.0,1.21,9.03749,100.0,100.0,0.27,2.01663
2025-10-18T00:00:00,2025-10-18T02:00:00,DK1,100.0,100.0,1.21,9.03749,100.0,100.0,0.27,2.01663
2025-10-17T23:00:00,2025-10-18T01:00:00,DK1,100.0,100.0,6.43,48.02567,100.0,100.0,0.27,2.01663
2025-10-17T22:00:00,2025-10-18T00:00:00,DK1,100.0,100.0,41.95,313.32455,100.0,100.0,0.27,2.01663
2025-10-17T21:00:00,2025-10-17T23:00:00,DK1,100.0,100.0,41.37,308.99253,100.0,100.0,0.4,2.9876
2025-10-17T20:00:00,2025-10-17T22:00:00,DK1,100.0,100.0,49.67,370.98523,100.0,100.0,0.4,2.9876
2025-10-17T19:00:00,2025-10-17T21:00:00,DK1,100.0,100.0,61.32,457.99908,100.0,100.0,0.27,2.01663
2025-10-17T18:00:00,2025-10-17T20:00:00,DK1,100.0,100.0,101.64,759.14916,100.0,100.0,0.27,2.01663
2025-10-17T17:00:00,2025-10-17T19:00:00,DK1,100.0,100.0,127.21,950.13149,100.0,100.0,0.27,2.01663
2025-10-17T16:00:00,2025-10-17T18:00:00,DK1,100.0,100.0,127.21,950.13149,100.0,100.0,0.27,2.01663
2025-10-17T15:00:00,2025-10-17T17:00:00,DK1,100.0,100.0,97.32,726.88308,100.0,100.0,0.27,2.01663
2025-10-17T14:00:00,2025-10-17T16:00:00,DK1,100.0,100.0,64.0,478.016,100.0,100.0,0.27,2.01663
2025-10-17T13:00:00,2025-10-17T15:00:00,DK1,100.0,100.0,43.51,324.97619,100.0,100.0,0.31,2.31539
2025-10-17T12:00:00,2025-10-17T14:00:00,DK1,100.0,100.0,34.14,254.99166,100.0,100.0,0.31,2.31539
2025-10-17T11:00:00,2025-10-17T13:00:00,DK1,100.0,100.0,66.96,500.12424,100.0,100.0,0.31,2.31539
2025-10-17T10:00:00,2025-10-17T12:00:00,DK1,100.0,100.0,67.79,506.32351,100.0,100.0,0.27,2.01663
2025-10-17T09:00:00,2025-10-17T11:00:00,DK1,100.0,100.0,46.46,347.00974,100.0,100.0,0.27,2.01663
2025-10-17T08:00:00,2025-10-17T10:00:00,DK1,100.0,100.0,63.2,472.0408,100.0,100.0,0.27,2.01663
2025-10-17T07:00:00,2025-10-17T09:00:00,DK1,100.0,100.0,105.34,786.78446,100.0,100.0,0.27,2.01663
2025-10-17T06:00:00,2025-10-17T08:00:00,DK1,100.0,100.0,127.21,950.13149,100.0,100.0,0.31,2.31539
2025-10-17T05:00:00,2025-10-17T07:00:00,DK1,100.0,100.0,93.6,699.0984,100.0,100.0,0.31,2.31539
2025-10-17T04:00:00,2025-10-17T06:00:00,DK1,100.0,100.0,101.31,756.68439,100.0,100.0,0.31,2.31539
2025-10-17T03:00:00,2025-10-17T05:00:00,DK1,100.0,100.0,42.49,317.35781,100.0,100.0,0.4,2.9876
2025-10-17T02:00:00,2025-10-17T04:00:00,DK1,100.0,100.0,26.11,195.01559,100.0,100.0,0.4,2.9876
2025-10-17T01:00:00,2025-10-17T03:00:00,DK1,100.0,100.0,6.03,45.03807,100.0,100.0,0.4,2.9876
2025-10-17T00:00:00,2025-10-17T02:00:00,DK1,100.0,100.0,1.21,9.03749,100.0,100.0,0.4,2.9876
2025-10-16T23:00:00,2025-10-17T01:00:00,DK1,100.0,100.0,1.21,9.03749,100.0,100.0,0.4,2.9876
2025-10-16T22:00:00,2025-10-17T00:00:00,DK1,100.0,100.0,26.11,195.01559,100.0,100.0,0.4,2.9876
2025-10-16T21:00:00,2025-10-16T23:00:00,DK1,100.0,100.0,35.48,264.996572,100.0,100.0,0.4,2.98756
2025-10-16T20:00:00,2025-10-16T22:00:00,DK1,100.0,100.0,42.18,315.038202,100.0,100.0,0.4,2.98756
2025-10-16T19:00:00,2025-10-16T21:00:00,DK1,100.0,100.0,54.09,403.992801,100.0,100.0,0.27,2.016603
2025-10-16T18:00:00,2025-10-16T20:00:00,DK1,100.0,100.0,117.7,879.08953,100.0,100.0,0.27,2.016603
2025-10-16T17:00:00,2025-10-16T19:00:00,DK1,100.0,100.0,139.46,1041.612794,100.0,100.0,0.27,2.016603
2025-10-16T16:00:00,2025-10-16T18:00:00,DK1,100.0,100.0,92.92,694.010188,100.0,100.0,0.27,2.016603
2025-10-16T15:00:00,2025-10-16T17:00:00,DK1,100.0,100.0,66.96,500.117544,100.0,100.0,0.27,2.016603
2025-10-16T14:00:00,2025-10-16T16:00:00,DK1,100.0,100.0,49.01,366.050789,100.0,100.0,0.27,2.016603
2025-10-16T13:00:00,2025-10-16T15:00:00,DK1,100.0,100.0,27.72,207.037908,100.0,100.0,0.54,4.033206
2025-10-16T12:00:00,2025-10-16T14:00:00,DK1,100.0,100.0,24.9,185.97561,100.0,100.0,0.54,4.033206
2025-10-16T11:00:00,2025-10-16T13:00:00,DK1,100.0,100.0,24.9,185.97561,100.0,100.0,0.31,2.315359
2025-10-16T10:00:00,2025-10-16T12:00:00,DK1,100.0,100.0,24.9,185.97561,100.0,100.0,0.31,2.315359
2025-10-16T09:00:00,2025-10-16T11:00:00,DK1,100.0,100.0,35.35,264.025615,100.0,100.0,0.31,2.315359
2025-10-16T08:00:00,2025-10-16T10:00:00,DK1,100.0,100.0,46.6,348.05074,100.0,100.0,0.27,2.016603
2025-10-16T07:00:00,2025-10-16T09:00:00,DK1,100.0,100.0,64.94,485.030366,100.0,100.0,0.27,2.016603
2025-10-16T06:00:00,2025-10-16T08:00:00,DK1,100.0,100.0,86.5,646.05985,100.0,100.0,0.31,2.315359
2025-10-16T05:00:00,2025-10-16T07:00:00,DK1,100.0,100.0,69.36,518.042904,100.0,100.0,0.31,2.315359
2025-10-16T04:00:00,2025-10-16T06:00:00,DK1,100.0,100.0,43.11,321.984279,100.0,100.0,0.31,2.315359
2025-10-16T03:00:00,2025-10-16T05:00:00,DK1,100.0,100.0,33.88,253.046332,100.0,100.0,0.4,2.98756
2025-10-16T02:00:00,2025-10-16T04:00:00,DK1,100.0,100.0,6.43,48.025027,100.0,100.0,0.4,2.98756
2025-10-16T01:00:00,2025-10-16T03:00:00,DK1,100.0,100.0,5.89,43.991821,100.0,100.0,0.4,2.98756
2025-10-16T00:00:00,2025-10-16T02:00:00,DK1,100.0,100.0,1.21,9.037369,100.0,100.0,0.4,2.98756
2025-10-15T23:00:00,2025-10-16T01:00:00,DK1,100.0,100.0,1.21,9.037369,100.0,100.0,0.4,2.98756
2025-10-15T22:00:00,2025-10-16T00:00:00,DK1,100.0,100.0,6.03,45.037467,100.0,100.0,0.4,2.98756
2025-10-15T21:00:00,2025-10-15T23:00:00,DK1,100.0,100.0,48.47,362.007889,100.0,100.0,0.4,2.98748
2025-10-15T20:00:00,2025-10-15T22:00:00,DK1,100.0,100.0,60.79,454.022273,100.0,100.0,0.4,2.98748
2025-10-15T19:00:00,2025-10-15T21:00:00,DK1,100.0,100.0,83.17,621.171779,100.0,100.0,0.37,2.763419
2025-10-15T18:00:00,2025-10-15T20:00:00,DK1,100.0,100.0,111.29,831.191623,100.0,100.0,0.32,2.389984
2025-10-15T17:00:00,2025-10-15T19:00:00,DK1,100.0,100.0,190.07,1419.575809,100.0,100.0,0.32,2.389984
2025-10-15T16:00:00,2025-10-15T18:00:00,DK1,100.0,100.0,196.82,1469.989534,100.0,100.0,0.32,2.389984
2025-10-15T15:00:00,2025-10-15T17:00:00,DK1,100.0,100.0,150.25,1122.172175,100.0,100.0,0.54,4.033098
2025-10-15T14:00:00,2025-10-15T16:00:00,DK1,100.0,100.0,80.09,598.168183,100.0,100.0,0.32,2.389984
2025-10-15T13:00:00,2025-10-15T15:00:00,DK1,100.0,100.0,56.11,419.068757,100.0,100.0,0.32,2.389984
2025-10-15T12:00:00,2025-10-15T14:00:00,DK1,100.0,100.0,52.49,392.032063,100.0,100.0,0.32,2.389984
2025-10-15T11:00:00,2025-10-15T13:00:00,DK1,100.0,100.0,49.95,373.061565,100.0,100.0,0.32,2.389984
2025-10-15T10:00:00,2025-10-15T12:00:00,DK1,100.0,100.0,52.89,395.019543,100.0,100.0,0.32,2.389984
2025-10-15T09:00:00,2025-10-15T11:00:00,DK1,100.0,100.0,61.73,461.042851,100.0,100.0,0.32,2.389984
2025-10-15T08:00:00,2025-10-15T10:00:00,DK1,100.0,100.0,89.6,669.19552,100.0,100.0,0.27,2.016549
2025-10-15T07:00:00,2025-10-15T09:00:00,DK1,100.0,100.0,118.02,881.455974,100.0,100.0,0.27,2.016549
2025-10-15T06:00:00,2025-10-15T08:00:00,DK1,100.0,100.0,127.22,950.168014,100.0,100.0,0.27,2.016549
2025-10-15T05:00:00,2025-10-15T07:00:00,DK1,100.0,100.0,148.3,1107.60821,100.0,100.0,0.37,2.763419
2025-10-15T04:00:00,2025-10-15T06:00:00,DK1,100.0,100.0,88.26,659.187462,100.0,100.0,0.4,2.98748
2025-10-15T03:00:00,2025-10-15T05:00:00,DK1,100.0,100.0,6.43,48.023741,100.0,100.0,0.54,4.033098
2025-10-15T02:00:00,2025-10-15T04:00:00,DK1,100.0,100.0,6.43,48.023741,100.0,100.0,0.54,4.033098
2025-10-15T01:00:00,2025-10-15T03:00:00,DK1,100.0,100.0,6.43,48.023741,100.0,100.0,0.54,4.033098
2025-10-15T00:00:00,2025-10-15T02:00:00,DK1,100.0,100.0,5.89,43.990643,100.0,100.0,0.54,4.033098
2025-10-14T23:00:00,2025-10-15T01:00:00,DK1,100.0,100.0,6.03,45.036261,100.0,100.0,0.54,4.033098
2025-10-14T22:00:00,2025-10-15T00:00:00,DK1,100.0,100.0,6.43,48.023741,100.0,100.0,0.54,4.033098
2025-10-14T21:00:00,2025-10-14T23:00:00,DK1,100.0,100.0,75.8,566.10472,100.0,100.0,0.4,2.98736
2025-10-14T20:00:00,2025-10-14T22:00:00,DK1,100.0,100.0,89.19,666.106596,100.0,100.0,0.4,2.98736
2025-10-14T19:00:00,2025-10-14T21:00:00,DK1,100.0,100.0,120.13,897.178892,100.0,100.0,0.42,3.136728
2025-10-14T18:00:00,2025-10-14T20:00:00,DK1,100.0,100.0,145.31,1085.233204,100.0,100.0,0.27,2.016468
2025-10-14T17:00:00,2025-10-14T19:00:00,DK1,100.0,100.0,160.32,1197.333888,100.0,100.0,0.27,2.016468
2025-10-14T16:00:00,2025-10-14T18:00:00,DK1,100.0,100.0,158.03,1180.231252,100.0,100.0,0.27,2.016468
2025-10-14T15:00:00,2025-10-14T17:00:00,DK1,100.0,100.0,140.62,1050.206408,100.0,100.0,0.27,2.016468
2025-10-14T14:00:00,2025-10-14T16:00:00,DK1,100.0,100.0,70.98,530.107032,100.0,100.0,0.27,2.016468
2025-10-14T13:00:00,2025-10-14T15:00:00,DK1,100.0,100.0,52.5,392.091,100.0,100.0,0.27,2.016468
2025-10-14T12:00:00,2025-10-14T14:00:00,DK1,100.0,100.0,47.94,358.035096,100.0,100.0,0.27,2.016468
2025-10-14T11:00:00,2025-10-14T13:00:00,DK1,100.0,100.0,42.99,321.066516,100.0,100.0,0.27,2.016468
2025-10-14T10:00:00,2025-10-14T12:00:00,DK1,100.0,100.0,41.25,308.0715,100.0,100.0,0.27,2.016468
2025-10-14T09:00:00,2025-10-14T11:00:00,DK1,100.0,100.0,52.36,391.045424,100.0,100.0,0.27,2.016468
2025-10-14T08:00:00,2025-10-14T10:00:00,DK1,100.0,100.0,66.16,494.109344,100.0,100.0,0.27,2.016468
2025-10-14T07:00:00,2025-10-14T09:00:00,DK1,100.0,100.0,113.83,850.127972,100.0,100.0,0.27,2.016468
2025-10-14T06:00:00,2025-10-14T08:00:00,DK1,100.0,100.0,133.79,999.197236,100.0,100.0,0.27,2.016468
2025-10-14T05:00:00,2025-10-14T07:00:00,DK1,100.0,100.0,127.23,950.204532,100.0,100.0,0.27,2.016468
2025-10-14T04:00:00,2025-10-14T06:00:00,DK1,100.0,100.0,111.77,834.743068,100.0,100.0,0.4,2.98736
2025-10-14T03:00:00,2025-10-14T05:00:00,DK1,100.0,100.0,6.03,45.034452,100.0,100.0,0.4,2.98736
2025-10-14T02:00:00,2025-10-14T04:00:00,DK1,100.0,100.0,6.43,48.021812,100.0,100.0,0.4,2.98736
2025-10-14T01:00:00,2025-10-14T03:00:00,DK1,100.0,100.0,1.21,9.036764,100.0,100.0,0.4,2.98736
2025-10-14T00:00:00,2025-10-14T02:00:00,DK1,100.0,100.0,1.21,9.036764,100.0,100.0,0.4,2.98736
2025-10-13T23:00:00,2025-10-14T01:00:00,DK1,100.0,100.0,1.21,9.036764,100.0,100.0,0.4,2.98736
2025-10-13T22:00:00,2025-10-14T00:00:00,DK1,100.0,100.0,1.21,9.036764,100.0,100.0,0.4,2.98736
2025-10-13T21:00:00,2025-10-13T23:00:00,DK1,100.0,100.0,6.7,50.03627,100.0,100.0,0.4,2.98724
2025-10-13T20:00:00,2025-10-13T22:00:00,DK1,100.0,100.0,6.43,48.019883,100.0,100.0,0.4,2.98724
2025-10-13T19:00:00,2025-10-13T21:00:00,DK1,100.0,100.0,32.65,243.833465,100.0,100.0,0.27,2.016387
2025-10-13T18:00:00,2025-10-13T20:00:00,DK1,100.0,100.0,75.69,565.260489,100.0,100.0,0.27,2.016387
2025-10-13T17:00:00,2025-10-13T19:00:00,DK1,100.0,100.0,107.14,800.132234,100.0,100.0,0.27,2.016387
2025-10-13T16:00:00,2025-10-13T18:00:00,DK1,100.0,100.0,100.44,750.095964,100.0,100.0,0.27,2.016387
2025-10-13T15:00:00,2025-10-13T17:00:00,DK1,100.0,100.0,55.53,414.703593,100.0,100.0,0.27,2.016387
2025-10-13T14:00:00,2025-10-13T16:00:00,DK1,100.0,100.0,41.05,306.565505,100.0,100.0,0.27,2.016387
2025-10-13T13:00:00,2025-10-13T15:00:00,DK1,100.0,100.0,6.43,48.019883,100.0,100.0,0.4,2.98724
2025-10-13T12:00:00,2025-10-13T14:00:00,DK1,100.0,100.0,7.46,55.712026,100.0,100.0,0.4,2.98724
2025-10-13T11:00:00,2025-10-13T13:00:00,DK1,100.0,100.0,6.03,45.032643,100.0,100.0,0.4,2.98724
2025-10-13T10:00:00,2025-10-13T12:00:00,DK1,100.0,100.0,6.7,50.03627,100.0,100.0,0.4,2.98724
2025-10-13T09:00:00,2025-10-13T11:00:00,DK1,100.0,100.0,6.7,50.03627,100.0,100.0,0.4,2.98724
2025-10-13T08:00:00,2025-10-13T10:00:00,DK1,100.0,100.0,33.48,250.031988,100.0,100.0,0.4,2.98724
2025-10-13T07:00:00,2025-10-13T09:00:00,DK1,100.0,100.0,75.42,563.244102,100.0,100.0,0.4,2.98724
2025-10-13T06:00:00,2025-10-13T08:00:00,DK1,100.0,100.0,100.44,750.095964,100.0,100.0,0.54,4.032774
2025-10-13T05:00:00,2025-10-13T07:00:00,DK1,100.0,100.0,6.7,50.03627,100.0,100.0,0.54,4.032774
2025-10-13T04:00:00,2025-10-13T06:00:00,DK1,100.0,100.0,6.7,50.03627,100.0,100.0,0.4,2.98724
2025-10-13T03:00:00,2025-10-13T05:00:00,DK1,100.0,100.0,6.7,50.03627,100.0,100.0,0.4,2.98724
2025-10-13T02:00:00,2025-10-13T04:00:00,DK1,100.0,100.0,6.7,50.03627,100.0,100.0,0.4,2.98724
2025-10-13T01:00:00,2025-10-13T03:00:00,DK1,100.0,100.0,1.21,9.036401,100.0,100.0,0.4,2.98724
2025-10-13T00:00:00,2025-10-13T02:00:00,DK1,100.0,100.0,5.89,43.987109,100.0,100.0,0.4,2.98724
2025-10-12T23:00:00,2025-10-13T01:00:00,DK1,100.0,100.0,1.21,9.036401,100.0,100.0,0.4,2.98724
2025-10-12T22:00:00,2025-10-13T00:00:00,DK1,100.0,100.0,1.21,9.036401,100.0,100.0,0.4,2.98724
2025-10-12T21:00:00,2025-10-12T23:00:00,DK1,100.0,100.0,6.03,45.027216,100.0,100.0,0.3,2.24016
2025-10-12T20:00:00,2025-10-12T22:00:00,DK1,100.0,100.0,6.03,45.027216,100.0,100.0,0.3,2.24016
2025-10-12T19:00:00,2025-10-12T21:00:00,DK1,100.0,100.0,33.48,250.001856,100.0,100.0,0.27,2.016144
2025-10-12T18:00:00,2025-10-12T20:00:00,DK1,100.0,100.0,68.03,507.993616,100.0,100.0,0.27,2.016144
2025-10-12T17:00:00,2025-10-12T19:00:00,DK1,100.0,100.0,81.23,606.560656,100.0,100.0,0.27,2.016144
2025-10-12T16:00:00,2025-10-12T18:00:00,DK1,100.0,100.0,33.48,250.001856,100.0,100.0,0.27,2.016144
2025-10-12T15:00:00,2025-10-12T17:00:00,DK1,100.0,100.0,6.43,48.014096,100.0,100.0,0.27,2.016144
2025-10-12T14:00:00,2025-10-12T16:00:00,DK1,100.0,100.0,3.17,23.671024,100.0,100.0,0.27,2.016144
2025-10-12T13:00:00,2025-10-12T15:00:00,DK1,100.0,100.0,9.24,68.996928,100.0,100.0,0.32,2.389504
2025-10-12T12:00:00,2025-10-12T14:00:00,DK1,100.0,100.0,5.89,43.981808,100.0,100.0,0.32,2.389504
2025-10-12T11:00:00,2025-10-12T13:00:00,DK1,100.0,100.0,3.17,23.671024,100.0,100.0,0.32,2.389504
2025-10-12T10:00:00,2025-10-12T12:00:00,DK1,100.0,100.0,5.89,43.981808,100.0,100.0,0.31,2.314832
2025-10-12T09:00:00,2025-10-12T11:00:00,DK1,100.0,100.0,9.99,74.597328,100.0,100.0,0.27,2.016144
2025-10-12T08:00:00,2025-10-12T10:00:00,DK1,100.0,100.0,6.43,48.014096,100.0,100.0,0.27,2.016144
2025-10-12T07:00:00,2025-10-12T09:00:00,DK1,100.0,100.0,6.43,48.014096,100.0,100.0,0.27,2.016144
2025-10-12T06:00:00,2025-10-12T08:00:00,DK1,100.0,100.0,6.43,48.014096,100.0,100.0,0.27,2.016144
2025-10-12T05:00:00,2025-10-12T07:00:00,DK1,100.0,100.0,6.43,48.014096,100.0,100.0,0.3,2.24016
2025-10-12T04:00:00,2025-10-12T06:00:00,DK1,100.0,100.0,6.43,48.014096,100.0,100.0,0.3,2.24016
2025-10-12T03:00:00,2025-10-12T05:00:00,DK1,100.0,100.0,1.21,9.035312,100.0,100.0,0.3,2.24016
2025-10-12T02:00:00,2025-10-12T04:00:00,DK1,100.0,100.0,1.21,9.035312,100.0,100.0,0.3,2.24016
2025-10-12T01:00:00,2025-10-12T03:00:00,DK1,100.0,100.0,0.54,4.032288,100.0,100.0,0.67,5.003024
2025-10-12T00:00:00,2025-10-12T02:00:00,DK1,100.0,100.0,0.54,4.032288,100.0,100.0,0.3,2.24016
2025-10-11T23:00:00,2025-10-12T01:00:00,DK1,100.0,100.0,1.21,9.035312,100.0,100.0,0.3,2.24016
2025-10-11T22:00:00,2025-10-12T00:00:00,DK1,100.0,100.0,1.34,10.006048,100.0,100.0,0.31,2.314832
2025-10-11T21:00:00,2025-10-11T23:00:00,DK1,100.0,100.0,3.13,23.372336,100.0,100.0,0.27,2.016144
2025-10-11T20:00:00,2025-10-11T22:00:00,DK1,100.0,100.0,6.7,50.03024,100.0,100.0,0.27,2.016144
2025-10-11T19:00:00,2025-10-11T21:00:00,DK1,100.0,100.0,6.7,50.03024,100.0,100.0,0.31,2.314832
2025-10-11T18:00:00,2025-10-11T20:00:00,DK1,100.0,100.0,6.7,50.03024,100.0,100.0,0.27,2.016144
2025-10-11T17:00:00,2025-10-11T19:00:00,DK1,100.0,100.0,6.43,48.014096,100.0,100.0,0.27,2.016144
2025-10-11T16:00:00,2025-10-11T18:00:00,DK1,100.0,100.0,6.43,48.014096,100.0,100.0,0.27,2.016144
2025-10-11T15:00:00,2025-10-11T17:00:00,DK1,100.0,100.0,6.43,48.014096,100.0,100.0,0.27,2.016144
2025-10-11T14:00:00,2025-10-11T16:00:00,DK1,100.0,100.0,6.03,45.027216,100.0,100.0,0.27,2.016144
2025-10-11T13:00:00,2025-10-11T15:00:00,DK1,100.0,100.0,20.76,155.019072,100.0,100.0,0.27,2.016144
2025-10-11T12:00:00,2025-10-11T14:00:00,DK1,100.0,100.0,1.21,9.035312,100.0,100.0,0.46,3.434912
2025-10-11T11:00:00,2025-10-11T13:00:00,DK1,100.0,100.0,1.91,14.262352,100.0,100.0,0.46,3.434912
2025-10-11T10:00:00,2025-10-11T12:00:00,DK1,100.0,100.0,2.63,19.638736,100.0,100.0,0.46,3.434912
2025-10-11T09:00:00,2025-10-11T11:00:00,DK1,100.0,100.0,1.91,14.262352,100.0,100.0,0.27,2.016144
2025-10-11T08:00:00,2025-10-11T10:00:00,DK1,100.0,100.0,1.91,14.262352,100.0,100.0,0.27,2.016144
2025-10-11T07:00:00,2025-10-11T09:00:00,DK1,100.0,100.0,6.7,50.03024,100.0,100.0,0.27,2.016144
2025-10-11T06:00:00,2025-10-11T08:00:00,DK1,100.0,100.0,6.7,50.03024,100.0,100.0,0.27,2.016144
2025-10-11T05:00:00,2025-10-11T07:00:00,DK1,100.0,100.0,22.23,165.995856,100.0,100.0,0.31,2.314832
2025-10-11T04:00:00,2025-10-11T06:00:00,DK1,100.0,100.0,6.43,48.014096,100.0,100.0,0.27,2.016144
2025-10-11T03:00:00,2025-10-11T05:00:00,DK1,100.0,100.0,1.65,12.32088,100.0,100.0,0.27,2.016144
2025-10-11T02:00:00,2025-10-11T04:00:00,DK1,100.0,100.0,1.21,9.035312,100.0,100.0,0.27,2.016144
2025-10-11T01:00:00,2025-10-11T03:00:00,DK1,100.0,100.0,0.67,5.003024,100.0,100.0,0.27,2.016144
2025-10-11T00:00:00,2025-10-11T02:00:00,DK1,100.0,100.0,0.67,5.003024,100.0,100.0,0.27,2.016144
2025-10-10T23:00:00,2025-10-11T01:00:00,DK1,100.0,100.0,1.65,12.32088,100.0,100.0,0.27,2.016144
2025-10-10T22:00:00,2025-10-11T00:00:00,DK1,100.0,100.0,0.67,5.003024,100.0,100.0,0.27,2.016144
2025-10-10T21:00:00,2025-10-10T23:00:00,DK1,100.0,100.0,2.01,15.009072,100.0,100.0,0.23,1.717456
2025-10-10T20:00:00,2025-10-10T22:00:00,DK1,100.0,100.0,1.21,9.035312,100.0,100.0,0.23,1.717456
2025-10-10T19:00:00,2025-10-10T21:00:00,DK1,100.0,100.0,1.21,9.035312,100.0,100.0,0.23,1.717456
2025-10-10T18:00:00,2025-10-10T20:00:00,DK1,100.0,100.0,10.31,76.986832,100.0,100.0,0.23,1.717456
2025-10-10T17:00:00,2025-10-10T19:00:00,DK1,100.0,100.0,1.21,9.035312,100.0,100.0,0.23,1.717456
2025-10-10T16:00:00,2025-10-10T18:00:00,DK1,100.0,100.0,1.21,9.035312,100.0,100.0,0.27,2.016144
2025-10-10T15:00:00,2025-10-10T17:00:00,DK1,100.0,100.0,1.21,9.035312,100.0,100.0,0.27,2.016144
2025-10-10T14:00:00,2025-10-10T16:00:00,DK1,100.0,100.0,1.21,9.035312,100.0,100.0,0.27,2.016144
2025-10-10T13:00:00,2025-10-10T15:00:00,DK1,100.0,100.0,1.21,9.035312,100.0,100.0,0.4,2.98688
2025-10-10T12:00:00,2025-10-10T14:00:00,DK1,100.0,100.0,1.21,9.035312,100.0,100.0,0.4,2.98688
2025-10-10T11:00:00,2025-10-10T13:00:00,DK1,100.0,100.0,1.21,9.035312,100.0,100.0,0.4,2.98688
2025-10-10T10:00:00,2025-10-10T12:00:00,DK1,100.0,100.0,1.21,9.035312,100.0,100.0,0.4,2.98688
2025-10-10T09:00:00,2025-10-10T11:00:00,DK1,100.0,100.0,1.21,9.035312,100.0,100.0,0.36,2.688192
2025-10-10T08:00:00,2025-10-10T10:00:00,DK1,100.0,100.0,1.21,9.035312,100.0,100.0,0.36,2.688192
2025-10-10T07:00:00,2025-10-10T09:00:00,DK1,100.0,100.0,1.21,9.035312,100.0,100.0,0.27,2.016144
2025-10-10T06:00:00,2025-10-10T08:00:00,DK1,100.0,100.0,1.21,9.035312,100.0,100.0,0.23,1.717456
2025-10-10T05:00:00,2025-10-10T07:00:00,DK1,100.0,100.0,1.21,9.035312,100.0,101.0,0.27,2.016144
2025-10-10T04:00:00,2025-10-10T06:00:00,DK1,100.0,100.0,1.21,9.035312,100.0,100.0,0.4,2.98688
2025-10-10T03:00:00,2025-10-10T05:00:00,DK1,100.0,100.0,1.21,9.035312,100.0,100.0,0.27,2.016144
2025-10-10T02:00:00,2025-10-10T04:00:00,DK1,100.0,100.0,0.67,5.003024,100.0,100.0,0.23,1.717456
2025-10-10T01:00:00,2025-10-10T03:00:00,DK1,100.0,100.0,0.67,5.003024,100.0,100.0,0.31,2.314832
2025-10-10T00:00:00,2025-10-10T02:00:00,DK1,100.0,100.0,0.54,4.032288,100.0,100.0,0.23,1.717456
2025-10-09T23:00:00,2025-10-10T01:00:00,DK1,100.0,100.0,0.54,4.032288,100.0,100.0,0.23,1.717456
2025-10-09T22:00:00,2025-10-10T00:00:00,DK1,100.0,100.0,0.67,5.003024,100.0,100.0,0.23,1.717456
2025-10-09T21:00:00,2025-10-09T23:00:00,DK1,100.0,100.0,1.21,9.034828,100.0,100.0,0.27,2.016036
2025-10-09T20:00:00,2025-10-09T22:00:00,DK1,100.0,100.0,1.21,9.034828,100.0,100.0,0.27,2.016036
2025-10-09T19:00:00,2025-10-09T21:00:00,DK1,100.0,100.0,1.21,9.034828,100.0,100.0,0.27,2.016036
2025-10-09T18:00:00,2025-10-09T20:00:00,DK1,100.0,100.0,3.17,23.669756,100.0,100.0,0.31,2.314708
2025-10-09T17:00:00,2025-10-09T19:00:00,DK1,100.0,100.0,6.43,48.011524,100.0,100.0,0.31,2.314708
2025-10-09T16:00:00,2025-10-09T18:00:00,DK1,100.0,100.0,6.43,48.011524,100.0,100.0,0.31,2.314708
2025-10-09T15:00:00,2025-10-09T17:00:00,DK1,100.0,100.0,1.21,9.034828,100.0,100.0,0.31,2.314708
2025-10-09T14:00:00,2025-10-09T16:00:00,DK1,100.0,100.0,1.21,9.034828,100.0,100.0,0.31,2.314708
2025-10-09T13:00:00,2025-10-09T15:00:00,DK1,100.0,100.0,1.21,9.034828,100.0,100.0,0.4,2.98672
2025-10-09T12:00:00,2025-10-09T14:00:00,DK1,100.0,100.0,1.21,9.034828,100.0,100.0,0.4,2.98672
2025-10-09T11:00:00,2025-10-09T13:00:00,DK1,100.0,100.0,1.21,9.034828,100.0,100.0,0.4,2.98672
2025-10-09T10:00:00,2025-10-09T12:00:00,DK1,100.0,100.0,1.21,9.034828,100.0,100.0,0.4,2.98672
2025-10-09T09:00:00,2025-10-09T11:00:00,DK1,100.0,100.0,1.21,9.034828,100.0,100.0,0.4,2.98672
2025-10-09T08:00:00,2025-10-09T10:00:00,DK1,100.0,100.0,1.21,9.034828,100.0,100.0,0.4,2.98672
2025-10-09T07:00:00,2025-10-09T09:00:00,DK1,100.0,100.0,8.18,61.078424,100.0,100.0,0.31,2.314708
2025-10-09T06:00:00,2025-10-09T08:00:00,DK1,100.0,100.0,6.43,48.011524,100.0,100.0,0.27,2.016036
2025-10-09T05:00:00,2025-10-09T07:00:00,DK1,100.0,100.0,6.43,48.011524,100.0,100.0,0.31,2.314708
2025-10-09T04:00:00,2025-10-09T06:00:00,DK1,100.0,100.0,12.38,92.438984,100.0,100.0,0.27,2.016036
2025-10-09T03:00:00,2025-10-09T05:00:00,DK1,100.0,100.0,1.21,9.034828,100.0,100.0,0.27,2.016036
2025-10-09T02:00:00,2025-10-09T04:00:00,DK1,100.0,100.0,1.21,9.034828,100.0,100.0,0.27,2.016036
2025-10-09T01:00:00,2025-10-09T03:00:00,DK1,100.0,100.0,0.54,4.032072,100.0,100.0,0.27,2.016036
2025-10-09T00:00:00,2025-10-09T02:00:00,DK1,100.0,100.0,0.54,4.032072,100.0,100.0,0.27,2.016036
2025-10-08T23:00:00,2025-10-09T01:00:00,DK1,100.0,100.0,0.54,4.032072,100.0,100.0,0.27,2.016036
2025-10-08T22:00:00,2025-10-09T00:00:00,DK1,100.0,100.0,0.67,5.002756,100.0,100.0,0.27,2.016036
2025-10-08T21:00:00,2025-10-08T23:00:00,DK1,100.0,100.0,1.21,9.034707,100.0,100.0,0.4,2.98668
2025-10-08T20:00:00,2025-10-08T22:00:00,DK1,100.0,100.0,6.03,45.024201,100.0,100.0,0.4,2.98668
2025-10-08T19:00:00,2025-10-08T21:00:00,DK1,100.0,100.0,6.43,48.010881,100.0,100.0,0.4,2.98668
2025-10-08T18:00:00,2025-10-08T20:00:00,DK1,100.0,100.0,6.43,48.010881,100.0,100.0,0.4,2.98668
2025-10-08T17:00:00,2025-10-08T19:00:00,DK1,100.0,100.0,6.43,48.010881,100.0,100.0,0.4,2.98668
2025-10-08T16:00:00,2025-10-08T18:00:00,DK1,100.0,100.0,6.43,48.010881,100.0,100.0,0.54,4.032018
2025-10-08T15:00:00,2025-10-08T17:00:00,DK1,100.0,100.0,6.03,45.024201,100.0,100.0,0.49,3.658683
2025-10-08T14:00:00,2025-10-08T16:00:00,DK1,100.0,100.0,3.13,23.370771,100.0,100.0,0.4,2.98668
2025-10-08T13:00:00,2025-10-08T15:00:00,DK1,100.0,100.0,7.08,52.864236,100.0,100.0,0.67,5.002689
2025-10-08T12:00:00,2025-10-08T14:00:00,DK1,100.0,100.0,2.51,18.741417,100.0,100.0,0.67,5.002689
2025-10-08T11:00:00,2025-10-08T13:00:00,DK1,100.0,100.0,1.21,9.034707,100.0,100.0,0.67,5.002689
2025-10-08T10:00:00,2025-10-08T12:00:00,DK1,100.0,100.0,1.21,9.034707,100.0,100.0,0.67,5.002689
2025-10-08T09:00:00,2025-10-08T11:00:00,DK1,100.0,100.0,1.21,9.034707,100.0,100.0,0.67,5.002689
2025-10-08T08:00:00,2025-10-08T10:00:00,DK1,100.0,100.0,13.27,99.083109,100.0,100.0,0.8,5.97336
2025-10-08T07:00:00,2025-10-08T09:00:00,DK1,100.0,100.0,6.7,50.02689,100.0,100.0,0.49,3.658683
2025-10-08T06:00:00,2025-10-08T08:00:00,DK1,100.0,100.0,6.03,45.024201,100.0,100.0,0.54,4.032018
2025-10-08T05:00:00,2025-10-08T07:00:00,DK1,100.0,100.0,6.43,48.010881,100.0,100.0,0.54,4.032018
2025-10-08T04:00:00,2025-10-08T06:00:00,DK1,100.0,100.0,6.43,48.010881,100.0,100.0,0.54,4.032018
2025-10-08T03:00:00,2025-10-08T05:00:00,DK1,100.0,100.0,1.21,9.034707,100.0,100.0,0.54,4.032018
2025-10-08T02:00:00,2025-10-08T04:00:00,DK1,100.0,100.0,1.21,9.034707,100.0,100.0,0.4,2.98668
2025-10-08T01:00:00,2025-10-08T03:00:00,DK1,100.0,100.0,0.67,5.002689,100.0,100.0,0.4,2.98668
2025-10-08T00:00:00,2025-10-08T02:00:00,DK1,100.0,100.0,0.13,0.970671,100.0,100.0,0.4,2.98668
2025-10-07T23:00:00,2025-10-08T01:00:00,DK1,100.0,100.0,0.13,0.970671,100.0,100.0,0.4,2.98668
2025-10-07T22:00:00,2025-10-08T00:00:00,DK1,100.0,100.0,0.54,4.032018,100.0,100.0,0.4,2.98668
2025-10-07T21:00:00,2025-10-07T23:00:00,DK1,100.0,100.0,1.21,9.034102,100.0,100.0,0.27,2.015874
2025-10-07T20:00:00,2025-10-07T22:00:00,DK1,100.0,100.0,1.83,13.663146,100.0,100.0,0.27,2.015874
2025-10-07T19:00:00,2025-10-07T21:00:00,DK1,100.0,100.0,7.17,53.532654,100.0,100.0,0.27,2.015874
2025-10-07T18:00:00,2025-10-07T20:00:00,DK1,100.0,100.0,6.7,50.02354,100.0,100.0,0.27,2.015874
2025-10-07T17:00:00,2025-10-07T19:00:00,DK1,100.0,100.0,6.7,50.02354,100.0,100.0,0.27,2.015874
2025-10-07T16:00:00,2025-10-07T18:00:00,DK1,100.0,100.0,6.03,45.021186,100.0,100.0,0.27,2.015874
2025-10-07T15:00:00,2025-10-07T17:00:00,DK1,100.0,100.0,6.03,45.021186,100.0,100.0,0.27,2.015874
2025-10-07T14:00:00,2025-10-07T16:00:00,DK1,100.0,100.0,1.21,9.034102,100.0,100.0,0.27,2.015874
2025-10-07T13:00:00,2025-10-07T15:00:00,DK1,100.0,100.0,2.89,21.577318,100.0,100.0,0.4,2.98648
2025-10-07T12:00:00,2025-10-07T14:00:00,DK1,100.0,100.0,1.21,9.034102,100.0,100.0,0.67,5.002354
2025-10-07T11:00:00,2025-10-07T13:00:00,DK1,100.0,100.0,1.21,9.034102,100.0,100.0,0.67,5.002354
2025-10-07T10:00:00,2025-10-07T12:00:00,DK1,100.0,100.0,1.21,9.034102,100.0,100.0,0.67,5.002354
2025-10-07T09:00:00,2025-10-07T11:00:00,DK1,100.0,100.0,8.68,64.806616,100.0,100.0,0.67,5.002354
2025-10-07T08:00:00,2025-10-07T10:00:00,DK1,100.0,100.0,6.7,50.02354,100.0,100.0,0.67,5.002354
2025-10-07T07:00:00,2025-10-07T09:00:00,DK1,100.0,100.0,6.03,45.021186,100.0,100.0,0.4,2.98648
2025-10-07T06:00:00,2025-10-07T08:00:00,DK1,100.0,100.0,6.7,50.02354,100.0,100.0,0.54,4.031748
2025-10-07T05:00:00,2025-10-07T07:00:00,DK1,100.0,100.0,6.7,50.02354,100.0,100.0,0.4,2.98648
2025-10-07T04:00:00,2025-10-07T06:00:00,DK1,100.0,100.0,6.7,50.02354,100.0,100.0,0.27,2.015874
2025-10-07T03:00:00,2025-10-07T05:00:00,DK1,100.0,100.0,1.21,9.034102,100.0,100.0,0.4,2.98648
2025-10-07T02:00:00,2025-10-07T04:00:00,DK1,100.0,100.0,1.21,9.034102,100.0,100.0,0.4,2.98648
2025-10-07T01:00:00,2025-10-07T03:00:00,DK1,100.0,100.0,1.21,9.034102,100.0,100.0,0.4,2.98648
2025-10-07T00:00:00,2025-10-07T02:00:00,DK1,100.0,100.0,0.67,5.002354,100.0,100.0,0.4,2.98648
2025-10-06T23:00:00,2025-10-07T01:00:00,DK1,100.0,100.0,0.54,4.031748,100.0,100.0,0.4,2.98648
2025-10-06T22:00:00,2025-10-07T00:00:00,DK1,100.0,100.0,1.21,9.034102,100.0,100.0,0.4,2.98648
2025-10-06T21:00:00,2025-10-06T23:00:00,DK1,100.0,100.0,1.21,9.034707,100.0,100.0,0.27,2.016009
2025-10-06T20:00:00,2025-10-06T22:00:00,DK1,100.0,100.0,1.21,9.034707,100.0,100.0,0.27,2.016009
2025-10-06T19:00:00,2025-10-06T21:00:00,DK1,100.0,100.0,6.03,45.024201,100.0,100.0,0.31,2.314677
2025-10-06T18:00:00,2025-10-06T20:00:00,DK1,100.0,100.0,24.91,185.995497,100.0,100.0,0.31,2.314677
2025-10-06T17:00:00,2025-10-06T19:00:00,DK1,100.0,100.0,6.43,48.010881,100.0,100.0,0.31,2.314677
2025-10-06T16:00:00,2025-10-06T18:00:00,DK1,100.0,100.0,6.03,45.024201,100.0,100.0,0.31,2.314677
2025-10-06T15:00:00,2025-10-06T17:00:00,DK1,100.0,100.0,1.87,13.962729,100.0,100.0,0.31,2.314677
2025-10-06T14:00:00,2025-10-06T16:00:00,DK1,100.0,100.0,1.21,9.034707,100.0,100.0,0.27,2.016009
2025-10-06T13:00:00,2025-10-06T15:00:00,DK1,100.0,100.0,1.21,9.034707,100.0,100.0,0.4,2.98668
2025-10-06T12:00:00,2025-10-06T14:00:00,DK1,100.0,100.0,1.21,9.034707,100.0,100.0,0.4,2.98668
2025-10-06T11:00:00,2025-10-06T13:00:00,DK1,100.0,100.0,1.21,9.034707,100.0,100.0,0.4,2.98668
2025-10-06T10:00:00,2025-10-06T12:00:00,DK1,100.0,100.0,1.21,9.034707,100.0,100.0,0.4,2.98668
2025-10-06T09:00:00,2025-10-06T11:00:00,DK1,100.0,100.0,1.21,9.034707,100.0,100.0,0.67,5.002689
2025-10-06T08:00:00,2025-10-06T10:00:00,DK1,100.0,100.0,1.21,9.034707,100.0,100.0,0.67,5.002689
2025-10-06T07:00:00,2025-10-06T09:00:00,DK1,100.0,100.0,1.21,9.034707,100.0,100.0,0.4,2.98668
2025-10-06T06:00:00,2025-10-06T08:00:00,DK1,100.0,100.0,1.21,9.034707,100.0,100.0,0.4,2.98668
2025-10-06T05:00:00,2025-10-06T07:00:00,DK1,100.0,100.0,1.21,9.034707,100.0,100.0,0.27,2.016009
2025-10-06T04:00:00,2025-10-06T06:00:00,DK1,100.0,100.0,1.21,9.034707,100.0,100.0,0.4,2.98668
2025-10-06T03:00:00,2025-10-06T05:00:00,DK1,100.0,100.0,1.21,9.034707,100.0,100.0,0.4,2.98668
2025-10-06T02:00:00,2025-10-06T04:00:00,DK1,100.0,100.0,1.21,9.034707,100.0,100.0,0.54,4.032018
2025-10-06T01:00:00,2025-10-06T03:00:00,DK1,100.0,100.0,0.54,4.032018,100.0,100.0,0.4,2.98668
2025-10-06T00:00:00,2025-10-06T02:00:00,DK1,100.0,100.0,0.13,0.970671,100.0,100.0,0.4,2.98668
2025-10-05T23:00:00,2025-10-06T01:00:00,DK1,100.0,100.0,0.13,0.970671,100.0,100.0,0.54,4.032018
2025-10-05T22:00:00,2025-10-06T00:00:00,DK1,100.0,100.0,0.67,5.002689,100.0,100.0,0.4,2.98668
2025-10-05T21:00:00,2025-10-05T23:00:00,DK1,100.0,100.0,1.21,9.034707,100.0,100.0,0.27,2.016009
2025-10-05T20:00:00,2025-10-05T22:00:00,DK1,100.0,100.0,1.21,9.034707,100.0,100.0,0.31,2.314677
2025-10-05T19:00:00,2025-10-05T21:00:00,DK1,100.0,100.0,1.21,9.034707,100.0,100.0,0.27,2.016009
2025-10-05T18:00:00,2025-10-05T20:00:00,DK1,100.0,100.0,1.21,9.034707,100.0,100.0,0.27,2.016009
2025-10-05T17:00:00,2025-10-05T19:00:00,DK1,100.0,100.0,1.21,9.034707,100.0,100.0,0.27,2.016009
2025-10-05T16:00:00,2025-10-05T18:00:00,DK1,100.0,100.0,1.21,9.034707,100.0,100.0,0.27,2.016009
2025-10-05T15:00:00,2025-10-05T17:00:00,DK1,100.0,100.0,6.7,50.02689,100.0,100.0,0.27,2.016009
2025-10-05T14:00:00,2025-10-05T16:00:00,DK1,100.0,100.0,1.21,9.034707,100.0,100.0,0.4,2.98668
2025-10-05T13:00:00,2025-10-05T15:00:00,DK1,100.0,100.0,1.21,9.034707,100.0,100.0,0.54,4.032018
2025-10-05T12:00:00,2025-10-05T14:00:00,DK1,100.0,100.0,1.21,9.034707,100.0,100.0,0.54,4.032018
2025-10-05T11:00:00,2025-10-05T13:00:00,DK1,100.0,100.0,1.21,9.034707,100.0,100.0,0.54,4.032018
2025-10-05T10:00:00,2025-10-05T12:00:00,DK1,100.0,100.0,1.34,10.005378,100.0,100.0,0.54,4.032018
2025-10-05T09:00:00,2025-10-05T11:00:00,DK1,100.0,100.0,1.21,9.034707,100.0,100.0,0.54,4.032018
2025-10-05T08:00:00,2025-10-05T10:00:00,DK1,100.0,100.0,1.21,9.034707,100.0,100.0,0.54,4.032018
2025-10-05T07:00:00,2025-10-05T09:00:00,DK1,100.0,100.0,1.34,10.005378,100.0,100.0,0.4,2.98668
2025-10-05T06:00:00,2025-10-05T08:00:00,DK1,100.0,100.0,1.21,9.034707,100.0,100.0,0.4,2.98668
2025-10-05T05:00:00,2025-10-05T07:00:00,DK1,100.0,100.0,1.34,10.005378,100.0,100.0,0.4,2.98668
2025-10-05T04:00:00,2025-10-05T06:00:00,DK1,100.0,100.0,1.21,9.034707,100.0,100.0,0.4,2.98668
2025-10-05T03:00:00,2025-10-05T05:00:00,DK1,100.0,100.0,0.67,5.002689,100.0,100.0,0.4,2.98668
2025-10-05T02:00:00,2025-10-05T04:00:00,DK1,100.0,100.0,0.13,0.970671,100.0,100.0,0.4,2.98668
2025-10-05T01:00:00,2025-10-05T03:00:00,DK1,100.0,100.0,0.13,0.970671,100.0,100.0,0.4,2.98668
2025-10-05T00:00:00,2025-10-05T02:00:00,DK1,100.0,100.0,0.13,0.970671,100.0,100.0,0.4,2.98668
2025-10-04T23:00:00,2025-10-05T01:00:00,DK1,100.0,100.0,0.13,0.970671,100.0,100.0,0.4,2.98668
2025-10-04T22:00:00,2025-10-05T00:00:00,DK1,100.0,100.0,0.67,5.002689,100.0,100.0,0.4,2.98668
2025-10-04T21:00:00,2025-10-04T23:00:00,DK1,100.0,100.0,0.54,4.032018,100.0,100.0,0.27,2.016009
2025-10-04T20:00:00,2025-10-04T22:00:00,DK1,100.0,100.0,0.67,5.002689,100.0,100.0,0.27,2.016009
2025-10-04T19:00:00,2025-10-04T21:00:00,DK1,100.0,100.0,1.21,9.034707,100.0,100.0,0.27,2.016009
2025-10-04T18:00:00,2025-10-04T20:00:00,DK1,100.0,100.0,1.21,9.034707,100.0,100.0,0.31,2.314677
2025-10-04T17:00:00,2025-10-04T19:00:00,DK1,100.0,100.0,1.21,9.034707,100.0,100.0,0.31,2.314677
2025-10-04T16:00:00,2025-10-04T18:00:00,DK1,100.0,100.0,1.21,9.034707,100.0,100.0,0.31,2.314677
2025-10-04T15:00:00,2025-10-04T17:00:00,DK1,100.0,100.0,0.67,5.002689,100.0,100.0,0.31,2.314677
2025-10-04T14:00:00,2025-10-04T16:00:00,DK1,100.0,100.0,0.54,4.032018,100.0,100.0,0.4,2.98668
2025-10-04T13:00:00,2025-10-04T15:00:00,DK1,100.0,100.0,0.54,4.032018,100.0,100.0,0.4,2.98668
2025-10-04T12:00:00,2025-10-04T14:00:00,DK1,100.0,100.0,0.67,5.002689,100.0,100.0,0.4,2.98668
2025-10-04T11:00:00,2025-10-04T13:00:00,DK1,100.0,100.0,0.67,5.002689,100.0,100.0,0.4,2.98668
2025-10-04T10:00:00,2025-10-04T12:00:00,DK1,100.0,100.0,0.67,5.002689,100.0,100.0,0.4,2.98668
2025-10-04T09:00:00,2025-10-04T11:00:00,DK1,100.0,100.0,0.67,5.002689,100.0,100.0,0.4,2.98668
2025-10-04T08:00:00,2025-10-04T10:00:00,DK1,100.0,100.0,0.67,5.002689,100.0,100.0,0.4,2.98668
2025-10-04T07:00:00,2025-10-04T09:00:00,DK1,100.0,100.0,0.67,5.002689,100.0,100.0,0.4,2.98668
2025-10-04T06:00:00,2025-10-04T08:00:00,DK1,100.0,100.0,0.67,5.002689,100.0,100.0,0.4,2.98668
2025-10-04T05:00:00,2025-10-04T07:00:00,DK1,100.0,100.0,0.67,5.002689,100.0,100.0,0.4,2.98668
2025-10-04T04:00:00,2025-10-04T06:00:00,DK1,100.0,100.0,0.67,5.002689,100.0,100.0,0.4,2.98668
2025-10-04T03:00:00,2025-10-04T05:00:00,DK1,100.0,100.0,0.67,5.002689,100.0,100.0,0.4,2.98668
2025-10-04T02:00:00,2025-10-04T04:00:00,DK1,100.0,100.0,0.13,0.970671,100.0,100.0,0.4,2.98668
2025-10-04T01:00:00,2025-10-04T03:00:00,DK1,100.0,100.0,0.13,0.970671,100.0,100.0,0.4,2.98668
2025-10-04T00:00:00,2025-10-04T02:00:00,DK1,100.0,100.0,0.13,0.970671,100.0,100.0,0.4,2.98668
2025-10-03T23:00:00,2025-10-04T01:00:00,DK1,100.0,100.0,0.13,0.970671,100.0,100.0,0.4,2.98668
2025-10-03T22:00:00,2025-10-04T00:00:00,DK1,100.0,100.0,0.13,0.970671,100.0,100.0,0.4,2.98668
2025-10-03T21:00:00,2025-10-03T23:00:00,DK1,100.0,100.0,1.21,9.034707,100.0,100.0,0.4,2.98668
2025-10-03T20:00:00,2025-10-03T22:00:00,DK1,100.0,100.0,1.21,9.034707,100.0,100.0,0.4,2.98668
2025-10-03T19:00:00,2025-10-03T21:00:00,DK1,100.0,100.0,1.21,9.034707,100.0,100.0,0.54,4.032018
2025-10-03T18:00:00,2025-10-03T20:00:00,DK1,100.0,100.0,1.21,9.034707,100.0,100.0,0.54,4.032018
2025-10-03T17:00:00,2025-10-03T19:00:00,DK1,100.0,100.0,1.21,9.034707,100.0,100.0,0.54,4.032018
2025-10-03T16:00:00,2025-10-03T18:00:00,DK1,100.0,100.0,1.21,9.034707,100.0,100.0,0.54,4.032018
2025-10-03T15:00:00,2025-10-03T17:00:00,DK1,100.0,100.0,1.21,9.034707,100.0,100.0,0.4,2.98668
2025-10-03T14:00:00,2025-10-03T16:00:00,DK1,100.0,100.0,1.21,9.034707,100.0,100.0,0.4,2.98668
2025-10-03T13:00:00,2025-10-03T15:00:00,DK1,100.0,100.0,1.21,9.034707,100.0,100.0,0.54,4.032018
2025-10-03T12:00:00,2025-10-03T14:00:00,DK1,100.0,100.0,1.21,9.034707,100.0,100.0,0.54,4.032018
2025-10-03T11:00:00,2025-10-03T13:00:00,DK1,100.0,100.0,1.21,9.034707,100.0,100.0,0.54,4.032018
2025-10-03T10:00:00,2025-10-03T12:00:00,DK1,100.0,100.0,1.21,9.034707,100.0,100.0,0.54,4.032018
2025-10-03T09:00:00,2025-10-03T11:00:00,DK1,100.0,100.0,1.21,9.034707,100.0,100.0,0.54,4.032018
2025-10-03T08:00:00,2025-10-03T10:00:00,DK1,100.0,100.0,1.21,9.034707,100.0,100.0,0.54,4.032018
2025-10-03T07:00:00,2025-10-03T09:00:00,DK1,100.0,100.0,1.21,9.034707,100.0,100.0,0.4,2.98668
2025-10-03T06:00:00,2025-10-03T08:00:00,DK1,100.0,100.0,1.21,9.034707,100.0,100.0,0.4,2.98668
2025-10-03T05:00:00,2025-10-03T07:00:00,DK1,100.0,100.0,1.21,9.034707,100.0,100.0,0.54,4.032018
2025-10-03T04:00:00,2025-10-03T06:00:00,DK1,100.0,100.0,1.21,9.034707,100.0,100.0,0.4,2.98668
2025-10-03T03:00:00,2025-10-03T05:00:00,DK1,100.0,100.0,1.21,9.034707,100.0,100.0,0.4,2.98668
2025-10-03T02:00:00,2025-10-03T04:00:00,DK1,100.0,100.0,5.36,40.021512,100.0,100.0,0.4,2.98668
2025-10-03T01:00:00,2025-10-03T03:00:00,DK1,100.0,100.0,3.4,25.38678,100.0,100.0,0.4,2.98668
2025-10-03T00:00:00,2025-10-03T02:00:00,DK1,100.0,100.0,3.4,25.38678,100.0,100.0,0.4,2.98668
2025-10-02T23:00:00,2025-10-03T01:00:00,DK1,100.0,100.0,1.21,9.034707,100.0,100.0,0.4,2.98668
2025-10-02T22:00:00,2025-10-03T00:00:00,DK1,100.0,100.0,1.21,9.034707,100.0,100.0,0.4,2.98668
2025-10-02T21:00:00,2025-10-02T23:00:00,DK1,100.0,100.0,1.21,9.034828,100.0,100.0,0.4,2.98672
2025-10-02T20:00:00,2025-10-02T22:00:00,DK1,100.0,100.0,1.21,9.034828,100.0,100.0,0.4,2.98672
2025-10-02T19:00:00,2025-10-02T21:00:00,DK1,100.0,100.0,6.7,50.02756,100.0,100.0,0.54,4.032072
2025-10-02T18:00:00,2025-10-02T20:00:00,DK1,100.0,100.0,6.7,50.02756,100.0,100.0,0.31,2.314708
2025-10-02T17:00:00,2025-10-02T19:00:00,DK1,100.0,100.0,40.44,301.957392,100.0,101.0,0.54,4.032072
2025-10-02T16:00:00,2025-10-02T18:00:00,DK1,100.0,100.0,6.7,50.02756,100.0,100.0,0.31,2.314708
2025-10-02T15:00:00,2025-10-02T17:00:00,DK1,100.0,100.0,13.07,97.591076,100.0,100.0,0.31,2.314708
2025-10-02T14:00:00,2025-10-02T16:00:00,DK1,100.0,100.0,6.03,45.024804,100.0,100.0,0.31,2.314708
2025-10-02T13:00:00,2025-10-02T15:00:00,DK1,100.0,100.0,24.92,186.072656,100.0,100.0,0.54,4.032072
2025-10-02T12:00:00,2025-10-02T14:00:00,DK1,100.0,100.0,6.7,50.02756,100.0,100.0,0.6,4.48008
2025-10-02T11:00:00,2025-10-02T13:00:00,DK1,100.0,100.0,6.7,50.02756,100.0,100.0,0.6,4.48008
2025-10-02T10:00:00,2025-10-02T12:00:00,DK1,100.0,100.0,17.42,130.071656,100.0,100.0,0.6,4.48008
2025-10-02T09:00:00,2025-10-02T11:00:00,DK1,100.0,100.0,1.21,9.034828,100.0,100.0,0.54,4.032072
2025-10-02T08:00:00,2025-10-02T10:00:00,DK1,100.0,100.0,1.21,9.034828,100.0,100.0,0.54,4.032072
2025-10-02T07:00:00,2025-10-02T09:00:00,DK1,100.0,100.0,8.5,63.4678,100.0,100.0,0.31,2.314708
2025-10-02T06:00:00,2025-10-02T08:00:00,DK1,100.0,100.0,6.43,48.011524,100.0,100.0,0.31,2.314708
2025-10-02T05:00:00,2025-10-02T07:00:00,DK1,100.0,100.0,6.7,50.02756,100.0,100.0,0.31,2.314708
2025-10-02T04:00:00,2025-10-02T06:00:00,DK1,100.0,100.0,6.7,50.02756,100.0,100.0,0.4,2.98672
2025-10-02T03:00:00,2025-10-02T05:00:00,DK1,100.0,100.0,1.21,9.034828,100.0,100.0,0.4,2.98672
2025-10-02T02:00:00,2025-10-02T04:00:00,DK1,100.0,100.0,1.21,9.034828,100.0,100.0,0.31,2.314708
2025-10-02T01:00:00,2025-10-02T03:00:00,DK1,100.0,100.0,0.54,4.032072,100.0,100.0,0.31,2.314708
2025-10-02T00:00:00,2025-10-02T02:00:00,DK1,100.0,100.0,0.3,2.24004,100.0,100.0,0.31,2.314708
2025-10-01T23:00:00,2025-10-02T01:00:00,DK1,100.0,100.0,0.3,2.24004,100.0,100.0,0.31,2.314708
2025-10-01T22:00:00,2025-10-02T00:00:00,DK1,100.0,100.0,0.67,5.002756,100.0,100.0,0.31,2.314708
2025-10-01T21:00:00,2025-10-01T23:00:00,DK1,100.0,100.0,1.21,9.033739,100.0,100.0,0.4,2.98636
2025-10-01T20:00:00,2025-10-01T22:00:00,DK1,100.0,100.0,1.21,9.033739,100.0,100.0,0.4,2.98636
2025-10-01T19:00:00,2025-10-01T21:00:00,DK1,100.0,100.0,6.43,48.005737,100.0,100.0,0.4,2.98636
2025-10-01T18:00:00,2025-10-01T20:00:00,DK1,100.0,100.0,6.43,48.005737,100.0,100.0,0.4,2.98636
2025-10-01T17:00:00,2025-10-01T19:00:00,DK1,100.0,100.0,6.43,48.005737,100.0,100.0,0.27,2.015793
2025-10-01T16:00:00,2025-10-01T18:00:00,DK1,100.0,100.0,1.21,9.033739,100.0,100.0,0.4,2.98636
2025-10-01T15:00:00,2025-10-01T17:00:00,DK1,100.0,100.0,1.21,9.033739,100.0,100.0,0.4,2.98636
2025-10-01T14:00:00,2025-10-01T16:00:00,DK1,100.0,100.0,1.21,9.033739,100.0,100.0,0.32,2.389088
2025-10-01T13:00:00,2025-10-01T15:00:00,DK1,100.0,100.0,6.43,48.005737,100.0,100.0,0.67,5.002153
2025-10-01T12:00:00,2025-10-01T14:00:00,DK1,100.0,100.0,1.34,10.004306,100.0,100.0,0.67,5.002153
2025-10-01T11:00:00,2025-10-01T13:00:00,DK1,100.0,100.0,1.21,9.033739,100.0,100.0,0.67,5.002153
2025-10-01T10:00:00,2025-10-01T12:00:00,DK1,100.0,100.0,1.21,9.033739,100.0,100.0,0.67,5.002153
2025-10-01T09:00:00,2025-10-01T11:00:00,DK1,100.0,100.0,8.21,61.295039,100.0,100.0,0.54,4.031586
2025-10-01T08:00:00,2025-10-01T10:00:00,DK1,100.0,100.0,6.43,48.005737,100.0,100.0,0.54,4.031586
2025-10-01T07:00:00,2025-10-01T09:00:00,DK1,100.0,100.0,6.43,48.005737,100.0,100.0,0.4,2.98636
2025-10-01T06:00:00,2025-10-01T08:00:00,DK1,100.0,100.0,6.43,48.005737,100.0,100.0,0.32,2.389088
2025-10-01T05:00:00,2025-10-01T07:00:00,DK1,100.0,100.0,1.21,9.033739,100.0,100.0,0.4,2.98636
2025-10-01T04:00:00,2025-10-01T06:00:00,DK1,100.0,100.0,6.43,48.005737,100.0,100.0,0.54,4.031586
2025-10-01T03:00:00,2025-10-01T05:00:00,DK1,100.0,100.0,6.43,48.005737,100.0,100.0,0.54,4.031586
2025-10-01T02:00:00,2025-10-01T04:00:00,DK1,100.0,100.0,1.21,9.033739,100.0,100.0,0.32,2.389088
2025-10-01T01:00:00,2025-10-01T03:00:00,DK1,100.0,100.0,0.54,4.031586,100.0,100.0,0.32,2.389088
2025-10-01T00:00:00,2025-10-01T02:00:00,DK1,100.0,100.0,0.54,4.031586,100.0,100.0,0.32,2.389088
2025-09-30T23:00:00,2025-10-01T01:00:00,DK1,100.0,100.0,0.54,4.031586,100.0,100.0,0.32,2.389088
2025-09-30T22:00:00,2025-10-01T00:00:00,DK1,100.0,100.0,1.21,9.033739,100.0,100.0,0.32,2.389088
