arm,method_name,seed,target,scope,evaluation_set,n_days,mean_pinball,sample_crps,pit_ks_distance,n_valid,interval_level,coverage,average_width,zero_event_brier,positive_observation_crps,n_positive
climatology,Rolling climatological scenarios,1,day_ahead_price,all_cells,main_211,211,9.630388537258227,27.19797843008932,0.2160347551342811,5064,0.5,0.309044233807267,40.71350510934941,,,
climatology,Rolling climatological scenarios,1,day_ahead_price,all_cells,main_211,211,9.630388537258227,27.19797843008932,0.2160347551342811,5064,0.8,0.589652448657188,83.69339898362257,,,
climatology,Rolling climatological scenarios,1,day_ahead_price,all_cells,main_211,211,9.630388537258227,27.19797843008932,0.2160347551342811,5064,0.9,0.7063586097946287,114.36393461720677,,,
climatology,Rolling climatological scenarios,1,day_ahead_price,all_cells,main_211,211,9.630388537258227,27.19797843008932,0.2160347551342811,5064,0.98,0.8268167456556083,163.46825941022198,,,
climatology,Rolling climatological scenarios,1,capacity_price,all_cells,main_211,211,3.236569761835642,9.225333906551,0.1810505529225908,5064,0.5,0.3678909952606635,19.05211491677557,,,
climatology,Rolling climatological scenarios,1,capacity_price,all_cells,main_211,211,3.236569761835642,9.225333906551,0.1810505529225908,5064,0.8,0.6218404423380727,37.66453493942595,,,
climatology,Rolling climatological scenarios,1,capacity_price,all_cells,main_211,211,3.236569761835642,9.225333906551,0.1810505529225908,5064,0.9,0.742693522906793,50.406081040071584,,,
climatology,Rolling climatological scenarios,1,capacity_price,all_cells,main_211,211,3.236569761835642,9.225333906551,0.1810505529225908,5064,0.98,0.8619668246445498,74.2382019239557,,,
climatology,Rolling climatological scenarios,1,activation_volume,all_cells,main_211,211,2.7115403667888702,7.71937439100397,0.0808609794628752,5064,0.5,0.4778830963665086,15.369731446680383,0.0593766390205371,7.902439792880987,4758.0
climatology,Rolling climatological scenarios,1,activation_volume,all_cells,main_211,211,2.7115403667888702,7.71937439100397,0.0808609794628752,5064,0.8,0.7966034755134281,33.10840248049251,0.0593766390205371,7.902439792880987,4758.0
climatology,Rolling climatological scenarios,1,activation_volume,all_cells,main_211,211,2.7115403667888702,7.71937439100397,0.0808609794628752,5064,0.9,0.9048183254344392,45.76135639254719,0.0593766390205371,7.902439792880987,4758.0
climatology,Rolling climatological scenarios,1,activation_volume,all_cells,main_211,211,2.7115403667888702,7.71937439100397,0.0808609794628752,5064,0.98,0.966824644549763,72.04527690551848,0.0593766390205371,7.902439792880987,4758.0
climatology,Rolling climatological scenarios,1,activation_volume,nondegenerate_cells,main_211,211,2.7299093211675967,7.77132698508447,0.0763623510401939,4951,0.5,0.4788931528984043,15.377401041465625,0.0607318319531407,7.962268357725907,4645.0
climatology,Rolling climatological scenarios,1,activation_volume,nondegenerate_cells,main_211,211,2.7299093211675967,7.77132698508447,0.0763623510401939,4951,0.8,0.798828519491012,33.06263808407515,0.0607318319531407,7.962268357725907,4645.0
climatology,Rolling climatological scenarios,1,activation_volume,nondegenerate_cells,main_211,211,2.7299093211675967,7.77132698508447,0.0763623510401939,4951,0.9,0.9058776004847504,45.62323253713982,0.0607318319531407,7.962268357725907,4645.0
climatology,Rolling climatological scenarios,1,activation_volume,nondegenerate_cells,main_211,211,2.7299093211675967,7.77132698508447,0.0763623510401939,4951,0.98,0.967683296303777,71.7250863741401,0.0607318319531407,7.962268357725907,4645.0
climatology,Rolling climatological scenarios,1,activation_price,all_cells,main_211,211,24.2931311459385,64.26293912284378,0.185275325767129,4758,0.5,0.4001681378730559,66.06740072631395,,,
climatology,Rolling climatological scenarios,1,activation_price,all_cells,main_211,211,24.2931311459385,64.26293912284378,0.185275325767129,4758,0.8,0.7055485498108449,189.6565608134476,,,
climatology,Rolling climatological scenarios,1,activation_price,all_cells,main_211,211,24.2931311459385,64.26293912284378,0.185275325767129,4758,0.9,0.832282471626734,386.2222211076855,,,
climatology,Rolling climatological scenarios,1,activation_price,all_cells,main_211,211,24.2931311459385,64.26293912284378,0.185275325767129,4758,0.98,0.9277007145859604,847.6283942199509,,,
climatology,Rolling climatological scenarios,1,day_ahead_price,all_cells,common_209,209,9.656856014690137,27.264358235316354,0.2141148325358851,5016,0.5,0.3090111642743222,40.747072100839446,,,
climatology,Rolling climatological scenarios,1,day_ahead_price,all_cells,common_209,209,9.656856014690137,27.264358235316354,0.2141148325358851,5016,0.8,0.5877192982456141,83.67025702800949,,,
climatology,Rolling climatological scenarios,1,day_ahead_price,all_cells,common_209,209,9.656856014690137,27.264358235316354,0.2141148325358851,5016,0.9,0.7045454545454546,114.38170915536736,,,
climatology,Rolling climatological scenarios,1,day_ahead_price,all_cells,common_209,209,9.656856014690137,27.264358235316354,0.2141148325358851,5016,0.98,0.8257575757575758,163.52973601996703,,,
climatology,Rolling climatological scenarios,1,capacity_price,all_cells,common_209,209,3.224561902128361,9.191865006795028,0.1844976076555024,5016,0.5,0.3684210526315789,19.05134468447964,,,
climatology,Rolling climatological scenarios,1,capacity_price,all_cells,common_209,209,3.224561902128361,9.191865006795028,0.1844976076555024,5016,0.8,0.6216108452950558,37.68124560141845,,,
climatology,Rolling climatological scenarios,1,capacity_price,all_cells,common_209,209,3.224561902128361,9.191865006795028,0.1844976076555024,5016,0.9,0.7424242424242424,50.41005948765078,,,
climatology,Rolling climatological scenarios,1,capacity_price,all_cells,common_209,209,3.224561902128361,9.191865006795028,0.1844976076555024,5016,0.98,0.8624401913875598,74.26205385753515,,,
climatology,Rolling climatological scenarios,1,activation_volume,all_cells,common_209,209,2.721698975750138,7.748280495023926,0.0829585326953748,5016,0.5,0.4762759170653907,15.365740140646857,0.0595885167464114,7.934321311088064,4711.0
climatology,Rolling climatological scenarios,1,activation_volume,all_cells,common_209,209,2.721698975750138,7.748280495023926,0.0829585326953748,5016,0.8,0.79585326953748,33.1020105995564,0.0595885167464114,7.934321311088064,4711.0
climatology,Rolling climatological scenarios,1,activation_volume,all_cells,common_209,209,2.721698975750138,7.748280495023926,0.0829585326953748,5016,0.9,0.9047049441786283,45.7377889311512,0.0595885167464114,7.934321311088064,4711.0
climatology,Rolling climatological scenarios,1,activation_volume,all_cells,common_209,209,2.721698975750138,7.748280495023926,0.0829585326953748,5016,0.98,0.9665071770334928,72.02238501795145,0.0595885167464114,7.934321311088064,4711.0
climatology,Rolling climatological scenarios,1,activation_volume,nondegenerate_cells,common_209,209,2.7404818874249703,7.8014079033549075,0.0784642055884152,4903,0.5,0.4772588211299204,15.373392832101052,0.0609618600856618,7.995544950770982,4598.0
climatology,Rolling climatological scenarios,1,activation_volume,nondegenerate_cells,common_209,209,2.7404818874249703,7.8014079033549075,0.0784642055884152,4903,0.8,0.7980828064450336,33.05565085874299,0.0609618600856618,7.995544950770982,4598.0
climatology,Rolling climatological scenarios,1,activation_volume,nondegenerate_cells,common_209,209,2.7404818874249703,7.8014079033549075,0.0784642055884152,4903,0.9,0.9057719763410156,45.597769691653,0.0609618600856618,7.995544950770982,4598.0
climatology,Rolling climatological scenarios,1,activation_volume,nondegenerate_cells,common_209,209,2.7404818874249703,7.8014079033549075,0.0784642055884152,4903,0.98,0.9673669182133388,71.69853225349102,0.0609618600856618,7.995544950770982,4598.0
climatology,Rolling climatological scenarios,1,activation_price,all_cells,common_209,209,24.365394453802608,64.45832816835524,0.1848949267671407,4711,0.5,0.3994905540225005,66.08780564256747,,,
climatology,Rolling climatological scenarios,1,activation_price,all_cells,common_209,209,24.365394453802608,64.45832816835524,0.1848949267671407,4711,0.8,0.7057949479940565,189.79488113147028,,,
climatology,Rolling climatological scenarios,1,activation_price,all_cells,common_209,209,24.365394453802608,64.45832816835524,0.1848949267671407,4711,0.9,0.8320950965824666,386.0729480846338,,,
climatology,Rolling climatological scenarios,1,activation_price,all_cells,common_209,209,24.365394453802608,64.45832816835524,0.1848949267671407,4711,0.98,0.9280407556782,848.1245728628535,,,
fb1_qr,Independent quantile-regression scenarios,1,day_ahead_price,all_cells,main_211,211,7.8257398753677405,21.577570730052187,0.1232227488151659,5064,0.5,0.4520142180094786,43.52172720163717,,,
fb1_qr,Independent quantile-regression scenarios,1,day_ahead_price,all_cells,main_211,211,7.8257398753677405,21.577570730052187,0.1232227488151659,5064,0.8,0.6947077409162717,87.16931487313758,,,
fb1_qr,Independent quantile-regression scenarios,1,day_ahead_price,all_cells,main_211,211,7.8257398753677405,21.577570730052187,0.1232227488151659,5064,0.9,0.7697472353870458,107.2861804552106,,,
fb1_qr,Independent quantile-regression scenarios,1,day_ahead_price,all_cells,main_211,211,7.8257398753677405,21.577570730052187,0.1232227488151659,5064,0.98,0.8133886255924171,123.2001565463258,,,
fb1_qr,Independent quantile-regression scenarios,1,capacity_price,all_cells,main_211,211,2.7000325052833567,7.452201143711136,0.0736571879936808,5064,0.5,0.487954186413902,13.937812617721312,,,
fb1_qr,Independent quantile-regression scenarios,1,capacity_price,all_cells,main_211,211,2.7000325052833567,7.452201143711136,0.0736571879936808,5064,0.8,0.7551342812006319,30.90354540522916,,,
fb1_qr,Independent quantile-regression scenarios,1,capacity_price,all_cells,main_211,211,2.7000325052833567,7.452201143711136,0.0736571879936808,5064,0.9,0.832345971563981,40.75807320238108,,,
fb1_qr,Independent quantile-regression scenarios,1,capacity_price,all_cells,main_211,211,2.7000325052833567,7.452201143711136,0.0736571879936808,5064,0.98,0.875,49.86830110529926,,,
fb1_qr,Independent quantile-regression scenarios,1,activation_volume,all_cells,main_211,211,2.8359661569735453,7.835046638410149,0.0454186413902053,5064,0.5,0.5019747235387045,14.950697881661052,0.0597245853080568,8.040620821813611,4758.0
fb1_qr,Independent quantile-regression scenarios,1,activation_volume,all_cells,main_211,211,2.8359661569735453,7.835046638410149,0.0454186413902053,5064,0.8,0.8031200631911533,36.609967601394985,0.0597245853080568,8.040620821813611,4758.0
fb1_qr,Independent quantile-regression scenarios,1,activation_volume,all_cells,main_211,211,2.8359661569735453,7.835046638410149,0.0454186413902053,5064,0.9,0.8900078988941548,51.39378282150898,0.0597245853080568,8.040620821813611,4758.0
fb1_qr,Independent quantile-regression scenarios,1,activation_volume,all_cells,main_211,211,2.8359661569735453,7.835046638410149,0.0454186413902053,5064,0.98,0.9395734597156398,63.02956078021171,0.0597245853080568,8.040620821813611,4758.0
fb1_qr,Independent quantile-regression scenarios,1,activation_volume,nondegenerate_cells,main_211,211,2.863284045808359,7.907422588895561,0.0464552615633205,4951,0.5,0.5007069278933549,15.008649770645262,0.0610877196525954,8.122765754769018,4645.0
fb1_qr,Independent quantile-regression scenarios,1,activation_volume,nondegenerate_cells,main_211,211,2.863284045808359,7.907422588895561,0.0464552615633205,4951,0.8,0.8020601898606342,36.68652356753587,0.0610877196525954,8.122765754769018,4645.0
fb1_qr,Independent quantile-regression scenarios,1,activation_volume,nondegenerate_cells,main_211,211,2.863284045808359,7.907422588895561,0.0464552615633205,4951,0.9,0.8905271662290446,51.4878205178998,0.0610877196525954,8.122765754769018,4645.0
fb1_qr,Independent quantile-regression scenarios,1,activation_volume,nondegenerate_cells,main_211,211,2.863284045808359,7.907422588895561,0.0464552615633205,4951,0.98,0.9408200363562916,63.03020324464239,0.0610877196525954,8.122765754769018,4645.0
fb1_qr,Independent quantile-regression scenarios,1,activation_price,all_cells,main_211,211,24.002954899406934,63.10196309667419,0.0661622530474989,4758,0.5,0.4558638083228247,71.57442979669311,,,
fb1_qr,Independent quantile-regression scenarios,1,activation_price,all_cells,main_211,211,24.002954899406934,63.10196309667419,0.0661622530474989,4758,0.8,0.7639764606977721,216.30983384805876,,,
fb1_qr,Independent quantile-regression scenarios,1,activation_price,all_cells,main_211,211,24.002954899406934,63.10196309667419,0.0661622530474989,4758,0.9,0.8684321143337537,406.2184900171685,,,
fb1_qr,Independent quantile-regression scenarios,1,activation_price,all_cells,main_211,211,24.002954899406934,63.10196309667419,0.0661622530474989,4758,0.98,0.942833123160992,910.3995905258358,,,
fb1_qr,Independent quantile-regression scenarios,1,day_ahead_price,all_cells,common_209,209,7.840568882351878,21.604427922183596,0.1242025518341307,5016,0.5,0.4519537480063796,43.37122551137689,,,
fb1_qr,Independent quantile-regression scenarios,1,day_ahead_price,all_cells,common_209,209,7.840568882351878,21.604427922183596,0.1242025518341307,5016,0.8,0.6935805422647527,86.8854955933631,,,
fb1_qr,Independent quantile-regression scenarios,1,day_ahead_price,all_cells,common_209,209,7.840568882351878,21.604427922183596,0.1242025518341307,5016,0.9,0.7679425837320574,107.01294905477084,,,
fb1_qr,Independent quantile-regression scenarios,1,day_ahead_price,all_cells,common_209,209,7.840568882351878,21.604427922183596,0.1242025518341307,5016,0.98,0.8120015948963317,122.93818529066556,,,
fb1_qr,Independent quantile-regression scenarios,1,capacity_price,all_cells,common_209,209,2.691611226333095,7.428196785463653,0.0743620414673046,5016,0.5,0.4870414673046252,13.790201836062076,,,
fb1_qr,Independent quantile-regression scenarios,1,capacity_price,all_cells,common_209,209,2.691611226333095,7.428196785463653,0.0743620414673046,5016,0.8,0.7549840510366826,30.68959255012665,,,
fb1_qr,Independent quantile-regression scenarios,1,capacity_price,all_cells,common_209,209,2.691611226333095,7.428196785463653,0.0743620414673046,5016,0.9,0.8329346092503987,40.5667050692582,,,
fb1_qr,Independent quantile-regression scenarios,1,capacity_price,all_cells,common_209,209,2.691611226333095,7.428196785463653,0.0743620414673046,5016,0.98,0.8757974481658692,49.74846705268644,,,
fb1_qr,Independent quantile-regression scenarios,1,activation_volume,all_cells,common_209,209,2.8434492500809343,7.855003685792922,0.0452551834130781,5016,0.5,0.5007974481658692,14.910875052490251,0.0600046850079744,8.063174771559588,4711.0
fb1_qr,Independent quantile-regression scenarios,1,activation_volume,all_cells,common_209,209,2.8434492500809343,7.855003685792922,0.0452551834130781,5016,0.8,0.8020334928229665,36.46562596577269,0.0600046850079744,8.063174771559588,4711.0
fb1_qr,Independent quantile-regression scenarios,1,activation_volume,all_cells,common_209,209,2.8434492500809343,7.855003685792922,0.0452551834130781,5016,0.9,0.8897527910685805,51.250362023126975,0.0600046850079744,8.063174771559588,4711.0
fb1_qr,Independent quantile-regression scenarios,1,activation_volume,all_cells,common_209,209,2.8434492500809343,7.855003685792922,0.0452551834130781,5016,0.98,0.9395933014354066,62.94924980250836,0.0600046850079744,8.063174771559588,4711.0
fb1_qr,Independent quantile-regression scenarios,1,activation_volume,nondegenerate_cells,common_209,209,2.871207042685931,7.928548143718177,0.0462981847848256,4903,0.5,0.4994901080970834,14.96847648481016,0.0613876198245971,8.146713660184895,4598.0
fb1_qr,Independent quantile-regression scenarios,1,activation_volume,nondegenerate_cells,common_209,209,2.871207042685931,7.928548143718177,0.0462981847848256,4903,0.8,0.8009382011013665,36.539604750912034,0.0613876198245971,8.146713660184895,4598.0
fb1_qr,Independent quantile-regression scenarios,1,activation_volume,nondegenerate_cells,common_209,209,2.871207042685931,7.928548143718177,0.0462981847848256,4903,0.9,0.8902712624923517,51.342014905977024,0.0613876198245971,8.146713660184895,4598.0
fb1_qr,Independent quantile-regression scenarios,1,activation_volume,nondegenerate_cells,common_209,209,2.871207042685931,7.928548143718177,0.0462981847848256,4903,0.98,0.9408525392616766,62.9480476203578,0.0613876198245971,8.146713660184895,4598.0
fb1_qr,Independent quantile-regression scenarios,1,activation_price,all_cells,common_209,209,24.07038385488964,63.25499411634463,0.063595839524517,4711,0.5,0.4557418807047336,71.5608640869467,,,
fb1_qr,Independent quantile-regression scenarios,1,activation_price,all_cells,common_209,209,24.07038385488964,63.25499411634463,0.063595839524517,4711,0.8,0.763744427934621,216.5032456330739,,,
fb1_qr,Independent quantile-regression scenarios,1,activation_price,all_cells,common_209,209,24.07038385488964,63.25499411634463,0.063595839524517,4711,0.9,0.8686053916365952,406.4745094074048,,,
fb1_qr,Independent quantile-regression scenarios,1,activation_price,all_cells,common_209,209,24.07038385488964,63.25499411634463,0.063595839524517,4711,0.98,0.9428995966886012,910.4489475985612,,,
hist_paired,Historical paired scenarios,1,day_ahead_price,all_cells,main_211,211,9.6266598936618,27.205102009233133,0.2144707740916271,5064,0.5,0.3151658767772511,40.7276353316968,,,
hist_paired,Historical paired scenarios,1,day_ahead_price,all_cells,main_211,211,9.6266598936618,27.205102009233133,0.2144707740916271,5064,0.8,0.5906398104265402,83.53561921297154,,,
hist_paired,Historical paired scenarios,1,day_ahead_price,all_cells,main_211,211,9.6266598936618,27.205102009233133,0.2144707740916271,5064,0.9,0.7010268562401264,113.38915477544629,,,
hist_paired,Historical paired scenarios,1,day_ahead_price,all_cells,main_211,211,9.6266598936618,27.205102009233133,0.2144707740916271,5064,0.98,0.8270142180094787,163.00237567551042,,,
hist_paired,Historical paired scenarios,1,capacity_price,all_cells,main_211,211,3.237099328211337,9.221024407647697,0.1810505529225908,5064,0.5,0.3708530805687204,19.21513425269698,,,
hist_paired,Historical paired scenarios,1,capacity_price,all_cells,main_211,211,3.237099328211337,9.221024407647697,0.1810505529225908,5064,0.8,0.627172195892575,37.92671938875094,,,
hist_paired,Historical paired scenarios,1,capacity_price,all_cells,main_211,211,3.237099328211337,9.221024407647697,0.1810505529225908,5064,0.9,0.7446682464454977,50.41222374954239,,,
hist_paired,Historical paired scenarios,1,capacity_price,all_cells,main_211,211,3.237099328211337,9.221024407647697,0.1810505529225908,5064,0.98,0.8631516587677726,74.09434021682132,,,
hist_paired,Historical paired scenarios,1,activation_volume,all_cells,main_211,211,2.711154179411306,7.727778667290697,0.0793680884676145,5064,0.5,0.4792654028436019,15.502176657858389,0.0592578791469194,7.902154424546173,4758.0
hist_paired,Historical paired scenarios,1,activation_volume,all_cells,main_211,211,2.711154179411306,7.727778667290697,0.0793680884676145,5064,0.8,0.7975908372827805,33.303778684598235,0.0592578791469194,7.902154424546173,4758.0
hist_paired,Historical paired scenarios,1,activation_volume,all_cells,main_211,211,2.711154179411306,7.727778667290697,0.0793680884676145,5064,0.9,0.9006714060031595,45.75548759506111,0.0592578791469194,7.902154424546173,4758.0
hist_paired,Historical paired scenarios,1,activation_volume,all_cells,main_211,211,2.711154179411306,7.727778667290697,0.0793680884676145,5064,0.98,0.9662322274881516,72.29860356172401,0.0592578791469194,7.902154424546173,4758.0
hist_paired,Historical paired scenarios,1,activation_volume,nondegenerate_cells,main_211,211,2.7295763612609663,7.779591195180813,0.0751423954756614,4951,0.5,0.4788931528984043,15.50959353656462,0.0606103615431226,7.961622301005558,4645.0
hist_paired,Historical paired scenarios,1,activation_volume,nondegenerate_cells,main_211,211,2.7295763612609663,7.779591195180813,0.0751423954756614,4951,0.8,0.7992324782872147,33.27527797410721,0.0606103615431226,7.961622301005558,4645.0
hist_paired,Historical paired scenarios,1,activation_volume,nondegenerate_cells,main_211,211,2.7295763612609663,7.779591195180813,0.0751423954756614,4951,0.9,0.9028479095132296,45.64781007737659,0.0606103615431226,7.961622301005558,4645.0
hist_paired,Historical paired scenarios,1,activation_volume,nondegenerate_cells,main_211,211,2.7295763612609663,7.779591195180813,0.0751423954756614,4951,0.98,0.9668753787113714,72.02826036247421,0.0606103615431226,7.961622301005558,4645.0
hist_paired,Historical paired scenarios,1,activation_price,all_cells,main_211,211,24.18171477063471,64.22487885244887,0.1849222362337116,4758,0.5,0.3972257250945775,65.78269144585775,,,
hist_paired,Historical paired scenarios,1,activation_price,all_cells,main_211,211,24.18171477063471,64.22487885244887,0.1849222362337116,4758,0.8,0.7110130306851619,188.1169143723442,,,
hist_paired,Historical paired scenarios,1,activation_price,all_cells,main_211,211,24.18171477063471,64.22487885244887,0.1849222362337116,4758,0.9,0.8312316099201346,379.9687750505483,,,
hist_paired,Historical paired scenarios,1,activation_price,all_cells,main_211,211,24.18171477063471,64.22487885244887,0.1849222362337116,4758,0.98,0.9295922656578396,860.6392330208267,,,
hist_paired,Historical paired scenarios,1,day_ahead_price,all_cells,common_209,209,9.659752148314496,27.291658999456768,0.2132216905901116,5016,0.5,0.3153907496012759,40.74982985628144,,,
hist_paired,Historical paired scenarios,1,day_ahead_price,all_cells,common_209,209,9.659752148314496,27.291658999456768,0.2132216905901116,5016,0.8,0.5891148325358851,83.53201778473529,,,
hist_paired,Historical paired scenarios,1,day_ahead_price,all_cells,common_209,209,9.659752148314496,27.291658999456768,0.2132216905901116,5016,0.9,0.69896331738437,113.44398826137156,,,
hist_paired,Historical paired scenarios,1,day_ahead_price,all_cells,common_209,209,9.659752148314496,27.291658999456768,0.2132216905901116,5016,0.98,0.8261562998405104,163.13065083384885,,,
hist_paired,Historical paired scenarios,1,capacity_price,all_cells,common_209,209,3.225753825972682,9.189944185516463,0.1848006379585327,5016,0.5,0.3716108452950558,19.19824159846298,,,
hist_paired,Historical paired scenarios,1,capacity_price,all_cells,common_209,209,3.225753825972682,9.189944185516463,0.1848006379585327,5016,0.8,0.6271929824561403,37.89501973402939,,,
hist_paired,Historical paired scenarios,1,capacity_price,all_cells,common_209,209,3.225753825972682,9.189944185516463,0.1848006379585327,5016,0.9,0.7446172248803827,50.40183414540972,,,
hist_paired,Historical paired scenarios,1,capacity_price,all_cells,common_209,209,3.225753825972682,9.189944185516463,0.1848006379585327,5016,0.98,0.8634370015948963,74.11856618478717,,,
hist_paired,Historical paired scenarios,1,activation_volume,all_cells,common_209,209,2.721726300196158,7.757683806465614,0.08103668261563,5016,0.5,0.4776714513556618,15.509112856997527,0.0595077153110047,7.935316549803274,4711.0
hist_paired,Historical paired scenarios,1,activation_volume,all_cells,common_209,209,2.721726300196158,7.757683806465614,0.08103668261563,5016,0.8,0.7968500797448166,33.30376081543912,0.0595077153110047,7.935316549803274,4711.0
hist_paired,Historical paired scenarios,1,activation_volume,all_cells,common_209,209,2.721726300196158,7.757683806465614,0.08103668261563,5016,0.9,0.9007177033492823,45.754895470822994,0.0595077153110047,7.935316549803274,4711.0
hist_paired,Historical paired scenarios,1,activation_volume,all_cells,common_209,209,2.721726300196158,7.757683806465614,0.08103668261563,5016,0.98,0.9659090909090908,72.34129677867215,0.0595077153110047,7.935316549803274,4711.0
hist_paired,Historical paired scenarios,1,activation_volume,nondegenerate_cells,common_209,209,2.74057249068899,7.8106928022459,0.0768080766877422,4903,0.5,0.4772588211299204,15.516762205758956,0.060879196410361,7.996207286277371,4598.0
hist_paired,Historical paired scenarios,1,activation_volume,nondegenerate_cells,common_209,209,2.74057249068899,7.8106928022459,0.0768080766877422,4903,0.8,0.7984907199673669,33.274980673310615,0.060879196410361,7.996207286277371,4598.0
hist_paired,Historical paired scenarios,1,activation_volume,nondegenerate_cells,common_209,209,2.74057249068899,7.8106928022459,0.0768080766877422,4903,0.9,0.9029165816846828,45.64615015161132,0.060879196410361,7.996207286277371,4598.0
hist_paired,Historical paired scenarios,1,activation_volume,nondegenerate_cells,common_209,209,2.74057249068899,7.8106928022459,0.0768080766877422,4903,0.98,0.9665510911686722,72.06929089534141,0.060879196410361,7.996207286277371,4598.0
hist_paired,Historical paired scenarios,1,activation_price,all_cells,common_209,209,24.25906521173905,64.42604149250776,0.1847527064317555,4711,0.5,0.3965187858204202,65.81002859501443,,,
hist_paired,Historical paired scenarios,1,activation_price,all_cells,common_209,209,24.25906521173905,64.42604149250776,0.1847527064317555,4711,0.8,0.7108894077690512,187.81088272980008,,,
hist_paired,Historical paired scenarios,1,activation_price,all_cells,common_209,209,24.25906521173905,64.42604149250776,0.1847527064317555,4711,0.9,0.8308214816387179,379.9950488907711,,,
hist_paired,Historical paired scenarios,1,activation_price,all_cells,common_209,209,24.25906521173905,64.42604149250776,0.1847527064317555,4711,0.98,0.92952663977924,860.1022273182093,,,
hist_independent,Historical independent scenarios,1,day_ahead_price,all_cells,main_211,211,9.637511452112376,27.196235584798156,0.2172906793048973,5064,0.5,0.308649289099526,40.62471985117686,,,
hist_independent,Historical independent scenarios,1,day_ahead_price,all_cells,main_211,211,9.637511452112376,27.196235584798156,0.2172906793048973,5064,0.8,0.5874802527646129,83.7426235354089,,,
hist_independent,Historical independent scenarios,1,day_ahead_price,all_cells,main_211,211,9.637511452112376,27.196235584798156,0.2172906793048973,5064,0.9,0.7061611374407583,114.46957173751224,,,
hist_independent,Historical independent scenarios,1,day_ahead_price,all_cells,main_211,211,9.637511452112376,27.196235584798156,0.2172906793048973,5064,0.98,0.8179304897314376,162.8812439211385,,,
hist_independent,Historical independent scenarios,1,capacity_price,all_cells,main_211,211,3.240162959777612,9.231432707027253,0.1814139020537125,5064,0.5,0.3777646129541864,19.10689769008919,,,
hist_independent,Historical independent scenarios,1,capacity_price,all_cells,main_211,211,3.240162959777612,9.231432707027253,0.1814139020537125,5064,0.8,0.6265797788309637,37.5679681958522,,,
hist_independent,Historical independent scenarios,1,capacity_price,all_cells,main_211,211,3.240162959777612,9.231432707027253,0.1814139020537125,5064,0.9,0.7401263823064771,50.24982169319964,,,
hist_independent,Historical independent scenarios,1,capacity_price,all_cells,main_211,211,3.240162959777612,9.231432707027253,0.1814139020537125,5064,0.98,0.8629541864139021,74.95986075696393,,,
hist_independent,Historical independent scenarios,1,activation_volume,all_cells,main_211,211,2.722235529392886,7.735153124442112,0.0726856240126382,5064,0.5,0.481042654028436,15.486540310204086,0.0599638230647709,7.9095064586201405,4758.0
hist_independent,Historical independent scenarios,1,activation_volume,all_cells,main_211,211,2.722235529392886,7.735153124442112,0.0726856240126382,5064,0.8,0.79739336492891,33.163693721654646,0.0599638230647709,7.9095064586201405,4758.0
hist_independent,Historical independent scenarios,1,activation_volume,all_cells,main_211,211,2.722235529392886,7.735153124442112,0.0726856240126382,5064,0.9,0.8992890995260664,45.90182506945726,0.0599638230647709,7.9095064586201405,4758.0
hist_independent,Historical independent scenarios,1,activation_volume,all_cells,main_211,211,2.722235529392886,7.735153124442112,0.0726856240126382,5064,0.98,0.9656398104265402,73.11986327016261,0.0599638230647709,7.9095064586201405,4758.0
hist_independent,Historical independent scenarios,1,activation_volume,nondegenerate_cells,main_211,211,2.7414512689365385,7.789283276658796,0.068559886891537,4951,0.5,0.4811149262775196,15.49397548644468,0.0613324176933952,7.9714440927185075,4645.0
hist_independent,Historical independent scenarios,1,activation_volume,nondegenerate_cells,main_211,211,2.7414512689365385,7.789283276658796,0.068559886891537,4951,0.8,0.798828519491012,33.15611210191769,0.0613324176933952,7.9714440927185075,4645.0
hist_independent,Historical independent scenarios,1,activation_volume,nondegenerate_cells,main_211,211,2.7414512689365385,7.789283276658796,0.068559886891537,4951,0.9,0.90143405372652,45.86909335152358,0.0613324176933952,7.9714440927185075,4645.0
hist_independent,Historical independent scenarios,1,activation_volume,nondegenerate_cells,main_211,211,2.7414512689365385,7.789283276658796,0.068559886891537,4951,0.98,0.9664714199151686,72.88190858497971,0.0613324176933952,7.9714440927185075,4645.0
hist_independent,Historical independent scenarios,1,activation_price,all_cells,main_211,211,24.316076730910822,64.27819971312499,0.1869020596889449,4758,0.5,0.3978562421185372,66.02398720840888,,,
hist_independent,Historical independent scenarios,1,activation_price,all_cells,main_211,211,24.316076730910822,64.27819971312499,0.1869020596889449,4758,0.8,0.7101723413198823,187.79623630717697,,,
hist_independent,Historical independent scenarios,1,activation_price,all_cells,main_211,211,24.316076730910822,64.27819971312499,0.1869020596889449,4758,0.9,0.8297604035308953,378.01736184259,,,
hist_independent,Historical independent scenarios,1,activation_price,all_cells,main_211,211,24.316076730910822,64.27819971312499,0.1869020596889449,4758,0.98,0.935687263556116,861.6964868896472,,,
hist_independent,Historical independent scenarios,1,day_ahead_price,all_cells,common_209,209,9.66869499463388,27.274266652346988,0.2152791068580541,5016,0.5,0.3090111642743222,40.68155067956978,,,
hist_independent,Historical independent scenarios,1,day_ahead_price,all_cells,common_209,209,9.66869499463388,27.274266652346988,0.2152791068580541,5016,0.8,0.5845295055821371,83.76269600019987,,,
hist_independent,Historical independent scenarios,1,day_ahead_price,all_cells,common_209,209,9.66869499463388,27.274266652346988,0.2152791068580541,5016,0.9,0.70414673046252,114.5401116141176,,,
hist_independent,Historical independent scenarios,1,day_ahead_price,all_cells,common_209,209,9.66869499463388,27.274266652346988,0.2152791068580541,5016,0.98,0.8165869218500797,162.99353816039846,,,
hist_independent,Historical independent scenarios,1,capacity_price,all_cells,common_209,209,3.2265741100447154,9.193549827050726,0.184194577352472,5016,0.5,0.3785885167464115,19.13999698956184,,,
hist_independent,Historical independent scenarios,1,capacity_price,all_cells,common_209,209,3.2265741100447154,9.193549827050726,0.184194577352472,5016,0.8,0.6261961722488039,37.61738096591847,,,
hist_independent,Historical independent scenarios,1,capacity_price,all_cells,common_209,209,3.2265741100447154,9.193549827050726,0.184194577352472,5016,0.9,0.7402312599681021,50.31598127211979,,,
hist_independent,Historical independent scenarios,1,capacity_price,all_cells,common_209,209,3.2265741100447154,9.193549827050726,0.184194577352472,5016,0.98,0.863237639553429,75.05251399513891,,,
hist_independent,Historical independent scenarios,1,activation_volume,all_cells,common_209,209,2.732696316449104,7.764241991848408,0.074457735247209,5016,0.5,0.4796650717703349,15.498349806565296,0.0601746212121212,7.941664464884671,4711.0
hist_independent,Historical independent scenarios,1,activation_volume,all_cells,common_209,209,2.732696316449104,7.764241991848408,0.074457735247209,5016,0.8,0.796451355661882,33.177279307987284,0.0601746212121212,7.941664464884671,4711.0
hist_independent,Historical independent scenarios,1,activation_volume,all_cells,common_209,209,2.732696316449104,7.764241991848408,0.074457735247209,5016,0.9,0.8993221690590112,45.91747550857769,0.0601746212121212,7.941664464884671,4711.0
hist_independent,Historical independent scenarios,1,activation_volume,all_cells,common_209,209,2.732696316449104,7.764241991848408,0.074457735247209,5016,0.98,0.965311004784689,73.1305090904428,0.0601746212121212,7.941664464884671,4711.0
hist_independent,Historical independent scenarios,1,activation_volume,nondegenerate_cells,common_209,209,2.752341267584731,7.819572488614003,0.0699102590250866,4903,0.5,0.47970630226392,15.506129947429256,0.0615614725678156,8.005025527323733,4598.0
hist_independent,Historical independent scenarios,1,activation_volume,nondegenerate_cells,common_209,209,2.752341267584731,7.819572488614003,0.0699102590250866,4903,0.8,0.797878849683867,33.16993657332238,0.0615614725678156,8.005025527323733,4598.0
hist_independent,Historical independent scenarios,1,activation_volume,nondegenerate_cells,common_209,209,2.752341267584731,7.819572488614003,0.0699102590250866,4903,0.9,0.9014888843565164,45.884784047050246,0.0615614725678156,8.005025527323733,4598.0
hist_independent,Historical independent scenarios,1,activation_volume,nondegenerate_cells,common_209,209,2.752341267584731,7.819572488614003,0.0699102590250866,4903,0.98,0.966143177646339,72.89047020228271,0.0615614725678156,8.005025527323733,4598.0
hist_independent,Historical independent scenarios,1,activation_price,all_cells,common_209,209,24.39783890017822,64.49017739004046,0.1872765867119508,4711,0.5,0.3971555932922946,66.08438550846462,,,
hist_independent,Historical independent scenarios,1,activation_price,all_cells,common_209,209,24.39783890017822,64.49017739004046,0.1872765867119508,4711,0.8,0.7094035236680111,187.5985613627829,,,
hist_independent,Historical independent scenarios,1,activation_price,all_cells,common_209,209,24.39783890017822,64.49017739004046,0.1872765867119508,4711,0.9,0.8293355975376778,377.3584866875689,,,
hist_independent,Historical independent scenarios,1,activation_price,all_cells,common_209,209,24.39783890017822,64.49017739004046,0.1872765867119508,4711,0.98,0.9354701761834006,861.5717335437231,,,
empirical_copula,Empirical-copula scenarios,1,day_ahead_price,all_cells,main_211,211,7.821164055328321,21.64204398673549,0.1220379146919431,5064,0.5,0.4486571879936809,44.52177894240875,,,
empirical_copula,Empirical-copula scenarios,1,day_ahead_price,all_cells,main_211,211,7.821164055328321,21.64204398673549,0.1220379146919431,5064,0.8,0.7247235387045814,93.03435962053264,,,
empirical_copula,Empirical-copula scenarios,1,day_ahead_price,all_cells,main_211,211,7.821164055328321,21.64204398673549,0.1220379146919431,5064,0.9,0.8037124802527646,117.37437104318772,,,
empirical_copula,Empirical-copula scenarios,1,day_ahead_price,all_cells,main_211,211,7.821164055328321,21.64204398673549,0.1220379146919431,5064,0.98,0.8240521327014217,127.48769928317918,,,
empirical_copula,Empirical-copula scenarios,1,capacity_price,all_cells,main_211,211,2.7047719519393283,7.492821155424648,0.0732622432859399,5064,0.5,0.4897314375987361,14.139676074698006,,,
empirical_copula,Empirical-copula scenarios,1,capacity_price,all_cells,main_211,211,2.7047719519393283,7.492821155424648,0.0732622432859399,5064,0.8,0.7774486571879937,34.161756261140795,,,
empirical_copula,Empirical-copula scenarios,1,capacity_price,all_cells,main_211,211,2.7047719519393283,7.492821155424648,0.0732622432859399,5064,0.9,0.8516982622432859,45.47215116207979,,,
empirical_copula,Empirical-copula scenarios,1,capacity_price,all_cells,main_211,211,2.7047719519393283,7.492821155424648,0.0732622432859399,5064,0.98,0.8795418641390206,52.3881344465321,,,
empirical_copula,Empirical-copula scenarios,1,activation_volume,all_cells,main_211,211,2.8521899993398176,7.881062445228104,0.0450236966824644,5064,0.5,0.5144154818325435,15.045750174883011,0.061403060821485,8.08912670523112,4758.0
empirical_copula,Empirical-copula scenarios,1,activation_volume,all_cells,main_211,211,2.8521899993398176,7.881062445228104,0.0450236966824644,5064,0.8,0.8258293838862559,39.30294552654401,0.061403060821485,8.08912670523112,4758.0
empirical_copula,Empirical-copula scenarios,1,activation_volume,all_cells,main_211,211,2.8521899993398176,7.881062445228104,0.0450236966824644,5064,0.9,0.9137045813586098,56.706535602366415,0.061403060821485,8.08912670523112,4758.0
empirical_copula,Empirical-copula scenarios,1,activation_volume,all_cells,main_211,211,2.8521899993398176,7.881062445228104,0.0450236966824644,5064,0.98,0.9433254344391784,65.65411267843092,0.061403060821485,8.08912670523112,4758.0
empirical_copula,Empirical-copula scenarios,1,activation_volume,nondegenerate_cells,main_211,211,2.879738026411559,7.95581211671438,0.0460513027671177,4951,0.5,0.5132296505756413,15.112622250633436,0.0628045041405776,8.173862310163067,4645.0
empirical_copula,Empirical-copula scenarios,1,activation_volume,nondegenerate_cells,main_211,211,2.879738026411559,7.95581211671438,0.0460513027671177,4951,0.8,0.8254898000403958,39.39699586791979,0.0628045041405776,8.173862310163067,4645.0
empirical_copula,Empirical-copula scenarios,1,activation_volume,nondegenerate_cells,main_211,211,2.879738026411559,7.95581211671438,0.0460513027671177,4951,0.9,0.914360735205009,56.80146581476368,0.0628045041405776,8.173862310163067,4645.0
empirical_copula,Empirical-copula scenarios,1,activation_volume,nondegenerate_cells,main_211,211,2.879738026411559,7.95581211671438,0.0460513027671177,4951,0.98,0.944657644920218,65.5381736844468,0.0628045041405776,8.173862310163067,4645.0
empirical_copula,Empirical-copula scenarios,1,activation_price,all_cells,main_211,211,23.632696633286542,62.46062875674323,0.0636738125262715,4758,0.5,0.4583858764186633,72.38695229370086,,,
empirical_copula,Empirical-copula scenarios,1,activation_price,all_cells,main_211,211,23.632696633286542,62.46062875674323,0.0636738125262715,4758,0.8,0.744640605296343,214.74685542643616,,,
empirical_copula,Empirical-copula scenarios,1,activation_price,all_cells,main_211,211,23.632696633286542,62.46062875674323,0.0636738125262715,4758,0.9,0.8438419503993274,400.92452804945015,,,
empirical_copula,Empirical-copula scenarios,1,activation_price,all_cells,main_211,211,23.632696633286542,62.46062875674323,0.0636738125262715,4758,0.98,0.9310634720470786,800.982402332065,,,
empirical_copula,Empirical-copula scenarios,1,day_ahead_price,all_cells,common_209,209,7.836706542190251,21.671693846465395,0.123006379585327,5016,0.5,0.4481658692185008,44.33487749645454,,,
empirical_copula,Empirical-copula scenarios,1,day_ahead_price,all_cells,common_209,209,7.836706542190251,21.671693846465395,0.123006379585327,5016,0.8,0.7228867623604466,92.6645731112864,,,
empirical_copula,Empirical-copula scenarios,1,day_ahead_price,all_cells,common_209,209,7.836706542190251,21.671693846465395,0.123006379585327,5016,0.9,0.8024322169059012,117.1378600589241,,,
empirical_copula,Empirical-copula scenarios,1,day_ahead_price,all_cells,common_209,209,7.836706542190251,21.671693846465395,0.123006379585327,5016,0.98,0.8225677830940988,127.2388600167912,,,
empirical_copula,Empirical-copula scenarios,1,capacity_price,all_cells,common_209,209,2.696548654771814,7.468965329378813,0.07396331738437,5016,0.5,0.4890350877192982,13.99456921387723,,,
empirical_copula,Empirical-copula scenarios,1,capacity_price,all_cells,common_209,209,2.696548654771814,7.468965329378813,0.07396331738437,5016,0.8,0.777511961722488,33.95431447234889,,,
empirical_copula,Empirical-copula scenarios,1,capacity_price,all_cells,common_209,209,2.696548654771814,7.468965329378813,0.07396331738437,5016,0.9,0.8524720893141946,45.32242827492494,,,
empirical_copula,Empirical-copula scenarios,1,capacity_price,all_cells,common_209,209,2.696548654771814,7.468965329378813,0.07396331738437,5016,0.98,0.8803827751196173,52.29078936914465,,,
empirical_copula,Empirical-copula scenarios,1,activation_volume,all_cells,common_209,209,2.8600115537420177,7.90262978142413,0.0448564593301435,5016,0.5,0.5125598086124402,15.01832839511932,0.0616470494417862,8.11351286248476,4711.0
empirical_copula,Empirical-copula scenarios,1,activation_volume,all_cells,common_209,209,2.8600115537420177,7.90262978142413,0.0448564593301435,5016,0.8,0.8249601275917066,39.186399848390856,0.0616470494417862,8.11351286248476,4711.0
empirical_copula,Empirical-copula scenarios,1,activation_volume,all_cells,common_209,209,2.8600115537420177,7.90262978142413,0.0448564593301435,5016,0.9,0.9134768740031898,56.60540103351982,0.0616470494417862,8.11351286248476,4711.0
empirical_copula,Empirical-copula scenarios,1,activation_volume,all_cells,common_209,209,2.8600115537420177,7.90262978142413,0.0448564593301435,5016,0.98,0.9433811802232854,65.59444035617216,0.0616470494417862,8.11351286248476,4711.0
empirical_copula,Empirical-copula scenarios,1,activation_volume,nondegenerate_cells,common_209,209,2.888009538175965,7.978608311409587,0.0458902712624923,4903,0.5,0.5113196002447481,15.085223150560283,0.063067836018764,8.19971393266278,4598.0
empirical_copula,Empirical-copula scenarios,1,activation_volume,nondegenerate_cells,common_209,209,2.888009538175965,7.978608311409587,0.0458902712624923,4903,0.8,0.8245971853966959,39.27868489397932,0.063067836018764,8.19971393266278,4598.0
empirical_copula,Empirical-copula scenarios,1,activation_volume,nondegenerate_cells,common_209,209,2.888009538175965,7.978608311409587,0.0458902712624923,4903,0.9,0.9141342035488476,56.69892974559389,0.063067836018764,8.19971393266278,4598.0
empirical_copula,Empirical-copula scenarios,1,activation_volume,nondegenerate_cells,common_209,209,2.888009538175965,7.978608311409587,0.0458902712624923,4903,0.98,0.9447277177238426,65.47599105337171,0.063067836018764,8.19971393266278,4598.0
empirical_copula,Empirical-copula scenarios,1,activation_price,all_cells,common_209,209,23.694108283092365,62.60090245131123,0.0608830396943324,4711,0.5,0.4582891105922309,72.37069942846948,,,
empirical_copula,Empirical-copula scenarios,1,activation_price,all_cells,common_209,209,23.694108283092365,62.60090245131123,0.0608830396943324,4711,0.8,0.7450647420929739,215.1085195281912,,,
empirical_copula,Empirical-copula scenarios,1,activation_price,all_cells,common_209,209,23.694108283092365,62.60090245131123,0.0608830396943324,4711,0.9,0.8435576310762046,401.64402339432047,,,
empirical_copula,Empirical-copula scenarios,1,activation_price,all_cells,common_209,209,23.694108283092365,62.60090245131123,0.0608830396943324,4711,0.98,0.9310125238802802,800.9590321342769,,,
fb2_gate,Gate-conditioned Gaussian-copula scenarios,1,day_ahead_price,all_cells,main_211,211,7.789011331974308,21.494305974964764,0.1230252764612954,5064,0.5,0.4492496050552922,43.48906948211556,,,
fb2_gate,Gate-conditioned Gaussian-copula scenarios,1,day_ahead_price,all_cells,main_211,211,7.789011331974308,21.494305974964764,0.1230252764612954,5064,0.8,0.6953001579778831,86.96518967129542,,,
fb2_gate,Gate-conditioned Gaussian-copula scenarios,1,day_ahead_price,all_cells,main_211,211,7.789011331974308,21.494305974964764,0.1230252764612954,5064,0.9,0.768562401263823,107.4629210075451,,,
fb2_gate,Gate-conditioned Gaussian-copula scenarios,1,day_ahead_price,all_cells,main_211,211,7.789011331974308,21.494305974964764,0.1230252764612954,5064,0.98,0.8155608214849921,123.29464027133,,,
fb2_gate,Gate-conditioned Gaussian-copula scenarios,1,capacity_price,all_cells,main_211,211,2.689486718117076,7.411613601687941,0.0744470774091627,5064,0.5,0.495260663507109,13.90346766674942,,,
fb2_gate,Gate-conditioned Gaussian-copula scenarios,1,capacity_price,all_cells,main_211,211,2.689486718117076,7.411613601687941,0.0744470774091627,5064,0.8,0.7592812006319115,31.030774085827648,,,
fb2_gate,Gate-conditioned Gaussian-copula scenarios,1,capacity_price,all_cells,main_211,211,2.689486718117076,7.411613601687941,0.0744470774091627,5064,0.9,0.8341232227488151,41.11473525472569,,,
fb2_gate,Gate-conditioned Gaussian-copula scenarios,1,capacity_price,all_cells,main_211,211,2.689486718117076,7.411613601687941,0.0744470774091627,5064,0.98,0.8724328593996841,49.94411831935293,,,
fb2_gate,Gate-conditioned Gaussian-copula scenarios,1,activation_volume,all_cells,main_211,211,2.841675813650456,7.841886770796765,0.0464060031595576,5064,0.5,0.4998025276461295,14.914774853678304,0.0596666666666666,8.04522039966184,4758.0
fb2_gate,Gate-conditioned Gaussian-copula scenarios,1,activation_volume,all_cells,main_211,211,2.841675813650456,7.841886770796765,0.0464060031595576,5064,0.8,0.8013428120063191,36.46304941795344,0.0596666666666666,8.04522039966184,4758.0
fb2_gate,Gate-conditioned Gaussian-copula scenarios,1,activation_volume,all_cells,main_211,211,2.841675813650456,7.841886770796765,0.0464060031595576,5064,0.9,0.889218009478673,51.05305605488228,0.0596666666666666,8.04522039966184,4758.0
fb2_gate,Gate-conditioned Gaussian-copula scenarios,1,activation_volume,all_cells,main_211,211,2.841675813650456,7.841886770796765,0.0464060031595576,5064,0.98,0.9372037914691944,62.887616639084776,0.0596666666666666,8.04522039966184,4758.0
fb2_gate,Gate-conditioned Gaussian-copula scenarios,1,activation_volume,nondegenerate_cells,main_211,211,2.869886533366871,7.916849276500147,0.0474651585538274,4951,0.5,0.4992930721066451,14.973953873190975,0.0610284790951322,8.13006777658309,4645.0
fb2_gate,Gate-conditioned Gaussian-copula scenarios,1,activation_volume,nondegenerate_cells,main_211,211,2.869886533366871,7.916849276500147,0.0474651585538274,4951,0.8,0.8004443546758231,36.568461643056985,0.0610284790951322,8.13006777658309,4645.0
fb2_gate,Gate-conditioned Gaussian-copula scenarios,1,activation_volume,nondegenerate_cells,main_211,211,2.869886533366871,7.916849276500147,0.0474651585538274,4951,0.9,0.8895172692385377,51.14228283172589,0.0610284790951322,8.13006777658309,4645.0
fb2_gate,Gate-conditioned Gaussian-copula scenarios,1,activation_volume,nondegenerate_cells,main_211,211,2.869886533366871,7.916849276500147,0.0474651585538274,4951,0.98,0.9383962835790748,62.83040928562907,0.0610284790951322,8.13006777658309,4645.0
fb2_gate,Gate-conditioned Gaussian-copula scenarios,1,activation_price,all_cells,main_211,211,23.79373679754783,62.92491658396825,0.0651450189155107,4758,0.5,0.4594367381252627,71.94644674829146,,,
fb2_gate,Gate-conditioned Gaussian-copula scenarios,1,activation_price,all_cells,main_211,211,23.79373679754783,62.92491658396825,0.0651450189155107,4758,0.8,0.762505254308533,215.4167966720818,,,
fb2_gate,Gate-conditioned Gaussian-copula scenarios,1,activation_price,all_cells,main_211,211,23.79373679754783,62.92491658396825,0.0651450189155107,4758,0.9,0.8688524590163934,410.5262134352651,,,
fb2_gate,Gate-conditioned Gaussian-copula scenarios,1,activation_price,all_cells,main_211,211,23.79373679754783,62.92491658396825,0.0651450189155107,4758,0.98,0.9415720891130728,920.1077852202689,,,
fb2_gate,Gate-conditioned Gaussian-copula scenarios,1,day_ahead_price,all_cells,common_209,209,7.807139796607792,21.53431087451618,0.1238038277511961,5016,0.5,0.44896331738437,43.36293147461662,,,
fb2_gate,Gate-conditioned Gaussian-copula scenarios,1,day_ahead_price,all_cells,common_209,209,7.807139796607792,21.53431087451618,0.1238038277511961,5016,0.8,0.6935805422647527,86.73743971746377,,,
fb2_gate,Gate-conditioned Gaussian-copula scenarios,1,day_ahead_price,all_cells,common_209,209,7.807139796607792,21.53431087451618,0.1238038277511961,5016,0.9,0.7669457735247209,107.1890230377143,,,
fb2_gate,Gate-conditioned Gaussian-copula scenarios,1,day_ahead_price,all_cells,common_209,209,7.807139796607792,21.53431087451618,0.1238038277511961,5016,0.98,0.8141945773524721,123.04411988279575,,,
fb2_gate,Gate-conditioned Gaussian-copula scenarios,1,capacity_price,all_cells,common_209,209,2.6805631290301277,7.384910185065276,0.0751594896331738,5016,0.5,0.4946172248803828,13.747636812930994,,,
fb2_gate,Gate-conditioned Gaussian-copula scenarios,1,capacity_price,all_cells,common_209,209,2.6805631290301277,7.384910185065276,0.0751594896331738,5016,0.8,0.7593700159489634,30.799112204836984,,,
fb2_gate,Gate-conditioned Gaussian-copula scenarios,1,capacity_price,all_cells,common_209,209,2.6805631290301277,7.384910185065276,0.0751594896331738,5016,0.9,0.8345295055821371,40.918805035935314,,,
fb2_gate,Gate-conditioned Gaussian-copula scenarios,1,capacity_price,all_cells,common_209,209,2.6805631290301277,7.384910185065276,0.0751594896331738,5016,0.98,0.8732057416267942,49.823439887047456,,,
fb2_gate,Gate-conditioned Gaussian-copula scenarios,1,activation_volume,all_cells,common_209,209,2.848744462794276,7.860741211581533,0.0462519936204146,5016,0.5,0.4988038277511962,14.878150687293822,0.0599632376395534,8.067087754850968,4711.0
fb2_gate,Gate-conditioned Gaussian-copula scenarios,1,activation_volume,all_cells,common_209,209,2.848744462794276,7.860741211581533,0.0462519936204146,5016,0.8,0.8002392344497608,36.31477393003885,0.0599632376395534,8.067087754850968,4711.0
fb2_gate,Gate-conditioned Gaussian-copula scenarios,1,activation_volume,all_cells,common_209,209,2.848744462794276,7.860741211581533,0.0462519936204146,5016,0.9,0.8889553429027113,50.9019379451487,0.0599632376395534,8.067087754850968,4711.0
fb2_gate,Gate-conditioned Gaussian-copula scenarios,1,activation_volume,all_cells,common_209,209,2.848744462794276,7.860741211581533,0.0462519936204146,5016,0.98,0.937200956937799,62.80128604722852,0.0599632376395534,8.067087754850968,4711.0
fb2_gate,Gate-conditioned Gaussian-copula scenarios,1,activation_volume,nondegenerate_cells,common_209,209,2.8773942752905466,7.936872135005176,0.0473179685906587,4903,0.5,0.4982663675300836,14.937064983603385,0.0613452172139506,8.153339837699072,4598.0
fb2_gate,Gate-conditioned Gaussian-copula scenarios,1,activation_volume,nondegenerate_cells,common_209,209,2.8773942752905466,7.936872135005176,0.0473179685906587,4903,0.8,0.7993065470120334,36.417800810796194,0.0613452172139506,8.153339837699072,4598.0
fb2_gate,Gate-conditioned Gaussian-copula scenarios,1,activation_volume,nondegenerate_cells,common_209,209,2.8773942752905466,7.936872135005176,0.0473179685906587,4903,0.9,0.8892514786865184,50.988555409099945,0.0613452172139506,8.153339837699072,4598.0
fb2_gate,Gate-conditioned Gaussian-copula scenarios,1,activation_volume,nondegenerate_cells,common_209,209,2.8773942752905466,7.936872135005176,0.0473179685906587,4903,0.98,0.9384050581276768,62.74152896710637,0.0613452172139506,8.153339837699072,4598.0
fb2_gate,Gate-conditioned Gaussian-copula scenarios,1,activation_price,all_cells,common_209,209,23.86527148465745,63.08901263809856,0.0632180004245382,4711,0.5,0.4589259180641052,71.89909953015596,,,
fb2_gate,Gate-conditioned Gaussian-copula scenarios,1,activation_price,all_cells,common_209,209,23.86527148465745,63.08901263809856,0.0632180004245382,4711,0.8,0.7624708129908724,215.71300653375164,,,
fb2_gate,Gate-conditioned Gaussian-copula scenarios,1,activation_price,all_cells,common_209,209,23.86527148465745,63.08901263809856,0.0632180004245382,4711,0.9,0.8686053916365952,410.483309095824,,,
fb2_gate,Gate-conditioned Gaussian-copula scenarios,1,activation_price,all_cells,common_209,209,23.86527148465745,63.08901263809856,0.0632180004245382,4711,0.98,0.9412014434302696,919.3066438758192,,,
fb2_no_cross_target,Gaussian-copula scenarios without cross-target dependence,1,day_ahead_price,all_cells,main_211,211,7.859595639597837,21.65302068089129,0.1226303317535545,5064,0.5,0.445695102685624,43.33587524516714,,,
fb2_no_cross_target,Gaussian-copula scenarios without cross-target dependence,1,day_ahead_price,all_cells,main_211,211,7.859595639597837,21.65302068089129,0.1226303317535545,5064,0.8,0.6915481832543444,87.15649172482097,,,
fb2_no_cross_target,Gaussian-copula scenarios without cross-target dependence,1,day_ahead_price,all_cells,main_211,211,7.859595639597837,21.65302068089129,0.1226303317535545,5064,0.9,0.768562401263823,107.49984181746945,,,
fb2_no_cross_target,Gaussian-copula scenarios without cross-target dependence,1,day_ahead_price,all_cells,main_211,211,7.859595639597837,21.65302068089129,0.1226303317535545,5064,0.98,0.8135860979462876,123.47254096068278,,,
fb2_no_cross_target,Gaussian-copula scenarios without cross-target dependence,1,capacity_price,all_cells,main_211,211,2.696638765508293,7.432505148938403,0.0738546603475513,5064,0.5,0.4924960505529226,13.975513925087656,,,
fb2_no_cross_target,Gaussian-copula scenarios without cross-target dependence,1,capacity_price,all_cells,main_211,211,2.696638765508293,7.432505148938403,0.0738546603475513,5064,0.8,0.7539494470774092,31.048468191486776,,,
fb2_no_cross_target,Gaussian-copula scenarios without cross-target dependence,1,capacity_price,all_cells,main_211,211,2.696638765508293,7.432505148938403,0.0738546603475513,5064,0.9,0.832345971563981,40.78180890277009,,,
fb2_no_cross_target,Gaussian-copula scenarios without cross-target dependence,1,capacity_price,all_cells,main_211,211,2.696638765508293,7.432505148938403,0.0738546603475513,5064,0.98,0.8742101105845181,49.82320745682545,,,
fb2_no_cross_target,Gaussian-copula scenarios without cross-target dependence,1,activation_volume,all_cells,main_211,211,2.8424626793348304,7.846974926496499,0.0475908372827804,5064,0.5,0.504739336492891,14.962095142347696,0.0593345576619273,8.053956100017945,4758.0
fb2_no_cross_target,Gaussian-copula scenarios without cross-target dependence,1,activation_volume,all_cells,main_211,211,2.8424626793348304,7.846974926496499,0.0475908372827804,5064,0.8,0.8013428120063191,36.384824649758,0.0593345576619273,8.053956100017945,4758.0
fb2_no_cross_target,Gaussian-copula scenarios without cross-target dependence,1,activation_volume,all_cells,main_211,211,2.8424626793348304,7.846974926496499,0.0475908372827804,5064,0.9,0.8902053712480252,50.995223528130666,0.0593345576619273,8.053956100017945,4758.0
fb2_no_cross_target,Gaussian-copula scenarios without cross-target dependence,1,activation_volume,all_cells,main_211,211,2.8424626793348304,7.846974926496499,0.0475908372827804,5064,0.98,0.9368088467614534,62.98272041703579,0.0593345576619273,8.053956100017945,4758.0
fb2_no_cross_target,Gaussian-copula scenarios without cross-target dependence,1,activation_volume,nondegenerate_cells,main_211,211,2.870658135239785,7.9217161175369855,0.0486770349424359,4951,0.5,0.5039385982629772,15.026760096142786,0.0606887901434053,8.138656317337508,4645.0
fb2_no_cross_target,Gaussian-copula scenarios without cross-target dependence,1,activation_volume,nondegenerate_cells,main_211,211,2.870658135239785,7.9217161175369855,0.0486770349424359,4951,0.8,0.8000403958796203,36.48800611821246,0.0606887901434053,8.138656317337508,4645.0
fb2_no_cross_target,Gaussian-copula scenarios without cross-target dependence,1,activation_volume,nondegenerate_cells,main_211,211,2.870658135239785,7.9217161175369855,0.0486770349424359,4951,0.9,0.890729145627146,51.10468928732442,0.0606887901434053,8.138656317337508,4645.0
fb2_no_cross_target,Gaussian-copula scenarios without cross-target dependence,1,activation_volume,nondegenerate_cells,main_211,211,2.870658135239785,7.9217161175369855,0.0486770349424359,4951,0.98,0.9379923247828722,62.96528074495946,0.0606887901434053,8.138656317337508,4645.0
fb2_no_cross_target,Gaussian-copula scenarios without cross-target dependence,1,activation_price,all_cells,main_211,211,24.01985175201033,63.163046943783385,0.0672803699033207,4758,0.5,0.4638503572929802,71.71013795086796,,,
fb2_no_cross_target,Gaussian-copula scenarios without cross-target dependence,1,activation_price,all_cells,main_211,211,24.01985175201033,63.163046943783385,0.0672803699033207,4758,0.8,0.762505254308533,214.90211442581904,,,
fb2_no_cross_target,Gaussian-copula scenarios without cross-target dependence,1,activation_price,all_cells,main_211,211,24.01985175201033,63.163046943783385,0.0672803699033207,4758,0.9,0.8612862547288777,407.0960865405245,,,
fb2_no_cross_target,Gaussian-copula scenarios without cross-target dependence,1,activation_price,all_cells,main_211,211,24.01985175201033,63.163046943783385,0.0672803699033207,4758,0.98,0.9413619167717528,906.1757671300842,,,
fb2_no_cross_target,Gaussian-copula scenarios without cross-target dependence,1,day_ahead_price,all_cells,common_209,209,7.875656503629388,21.6828192000945,0.1236044657097288,5016,0.5,0.4455741626794258,43.16868347255727,,,
fb2_no_cross_target,Gaussian-copula scenarios without cross-target dependence,1,day_ahead_price,all_cells,common_209,209,7.875656503629388,21.6828192000945,0.1236044657097288,5016,0.8,0.6903907496012759,86.83361125728361,,,
fb2_no_cross_target,Gaussian-copula scenarios without cross-target dependence,1,day_ahead_price,all_cells,common_209,209,7.875656503629388,21.6828192000945,0.1236044657097288,5016,0.9,0.7667464114832536,107.20305163452248,,,
fb2_no_cross_target,Gaussian-copula scenarios without cross-target dependence,1,day_ahead_price,all_cells,common_209,209,7.875656503629388,21.6828192000945,0.1236044657097288,5016,0.98,0.8120015948963317,123.2141161309469,,,
fb2_no_cross_target,Gaussian-copula scenarios without cross-target dependence,1,capacity_price,all_cells,common_209,209,2.6882644298926897,7.407831261177709,0.0745614035087719,5016,0.5,0.4916267942583732,13.840737361421803,,,
fb2_no_cross_target,Gaussian-copula scenarios without cross-target dependence,1,capacity_price,all_cells,common_209,209,2.6882644298926897,7.407831261177709,0.0745614035087719,5016,0.8,0.7539872408293461,30.849968895067423,,,
fb2_no_cross_target,Gaussian-copula scenarios without cross-target dependence,1,capacity_price,all_cells,common_209,209,2.6882644298926897,7.407831261177709,0.0745614035087719,5016,0.9,0.8329346092503987,40.59745937597879,,,
fb2_no_cross_target,Gaussian-copula scenarios without cross-target dependence,1,capacity_price,all_cells,common_209,209,2.6882644298926897,7.407831261177709,0.0745614035087719,5016,0.98,0.875,49.70180429682918,,,
fb2_no_cross_target,Gaussian-copula scenarios without cross-target dependence,1,activation_volume,all_cells,common_209,209,2.8501997625412567,7.867853101853771,0.0474481658692185,5016,0.5,0.5031897926634769,14.931924517307005,0.0596422248803827,8.077695587601216,4711.0
fb2_no_cross_target,Gaussian-copula scenarios without cross-target dependence,1,activation_volume,all_cells,common_209,209,2.8501997625412567,7.867853101853771,0.0474481658692185,5016,0.8,0.8002392344497608,36.26898886185709,0.0596422248803827,8.077695587601216,4711.0
fb2_no_cross_target,Gaussian-copula scenarios without cross-target dependence,1,activation_volume,all_cells,common_209,209,2.8501997625412567,7.867853101853771,0.0474481658692185,5016,0.9,0.8899521531100478,50.889284178329206,0.0596422248803827,8.077695587601216,4711.0
fb2_no_cross_target,Gaussian-copula scenarios without cross-target dependence,1,activation_volume,all_cells,common_209,209,2.8501997625412567,7.867853101853771,0.0474481658692185,5016,0.98,0.9368022328548644,62.89770569570814,0.0596422248803827,8.077695587601216,4711.0
fb2_no_cross_target,Gaussian-copula scenarios without cross-target dependence,1,activation_volume,nondegenerate_cells,common_209,209,2.878849567270558,7.943807185202092,0.0485417091576585,4903,0.5,0.5023455027534163,14.99652719028475,0.0610168060371201,8.163845015949688,4598.0
fb2_no_cross_target,Gaussian-copula scenarios without cross-target dependence,1,activation_volume,nondegenerate_cells,common_209,209,2.878849567270558,7.943807185202092,0.0485417091576585,4903,0.8,0.7988986334897001,36.37051078849082,0.0610168060371201,8.163845015949688,4598.0
fb2_no_cross_target,Gaussian-copula scenarios without cross-target dependence,1,activation_volume,nondegenerate_cells,common_209,209,2.878849567270558,7.943807185202092,0.0485417091576585,4903,0.9,0.8904752192535182,50.99738000277153,0.0610168060371201,8.163845015949688,4598.0
fb2_no_cross_target,Gaussian-copula scenarios without cross-target dependence,1,activation_volume,nondegenerate_cells,common_209,209,2.878849567270558,7.943807185202092,0.0485417091576585,4903,0.98,0.9379971446053436,62.87813594658312,0.0610168060371201,8.163845015949688,4598.0
fb2_no_cross_target,Gaussian-copula scenarios without cross-target dependence,1,activation_price,all_cells,common_209,209,24.088888339741874,63.31513430691381,0.064962852897474,4711,0.5,0.4638081086818085,71.70397836133138,,,
fb2_no_cross_target,Gaussian-copula scenarios without cross-target dependence,1,activation_price,all_cells,common_209,209,24.088888339741874,63.31513430691381,0.064962852897474,4711,0.8,0.7626830821481638,215.243771001044,,,
fb2_no_cross_target,Gaussian-copula scenarios without cross-target dependence,1,activation_price,all_cells,common_209,209,24.088888339741874,63.31513430691381,0.064962852897474,4711,0.9,0.8613882402886861,407.5835861594233,,,
fb2_no_cross_target,Gaussian-copula scenarios without cross-target dependence,1,activation_price,all_cells,common_209,209,24.088888339741874,63.31513430691381,0.064962852897474,4711,0.98,0.9412014434302696,906.0102062759416,,,
fb2_no_temporal,Gaussian-copula scenarios without temporal dependence,1,day_ahead_price,all_cells,main_211,211,7.822927607479961,21.56592032298304,0.1232227488151659,5064,0.5,0.4528041074249605,43.42120898125142,,,
fb2_no_temporal,Gaussian-copula scenarios without temporal dependence,1,day_ahead_price,all_cells,main_211,211,7.822927607479961,21.56592032298304,0.1232227488151659,5064,0.8,0.6951026856240127,86.93554435205466,,,
fb2_no_temporal,Gaussian-copula scenarios without temporal dependence,1,day_ahead_price,all_cells,main_211,211,7.822927607479961,21.56592032298304,0.1232227488151659,5064,0.9,0.7693522906793049,107.24083388417114,,,
fb2_no_temporal,Gaussian-copula scenarios without temporal dependence,1,day_ahead_price,all_cells,main_211,211,7.822927607479961,21.56592032298304,0.1232227488151659,5064,0.98,0.8133886255924171,123.0916703398956,,,
fb2_no_temporal,Gaussian-copula scenarios without temporal dependence,1,capacity_price,all_cells,main_211,211,2.715673001701932,7.478509937470305,0.0738546603475513,5064,0.5,0.490521327014218,14.007281223096657,,,
fb2_no_temporal,Gaussian-copula scenarios without temporal dependence,1,capacity_price,all_cells,main_211,211,2.715673001701932,7.478509937470305,0.0738546603475513,5064,0.8,0.7578988941548184,31.009906980548305,,,
fb2_no_temporal,Gaussian-copula scenarios without temporal dependence,1,capacity_price,all_cells,main_211,211,2.715673001701932,7.478509937470305,0.0738546603475513,5064,0.9,0.8329383886255924,40.83050946345788,,,
fb2_no_temporal,Gaussian-copula scenarios without temporal dependence,1,capacity_price,all_cells,main_211,211,2.715673001701932,7.478509937470305,0.0738546603475513,5064,0.98,0.8751974723538705,49.78415252684072,,,
fb2_no_temporal,Gaussian-copula scenarios without temporal dependence,1,activation_volume,all_cells,main_211,211,2.8411445582190744,7.850611217494706,0.0452211690363348,5064,0.5,0.4986176935229068,14.8792551406629,0.0599370655608214,8.054000039637605,4758.0
fb2_no_temporal,Gaussian-copula scenarios without temporal dependence,1,activation_volume,all_cells,main_211,211,2.8411445582190744,7.850611217494706,0.0452211690363348,5064,0.8,0.7993680884676145,36.3997193258629,0.0599370655608214,8.054000039637605,4758.0
fb2_no_temporal,Gaussian-copula scenarios without temporal dependence,1,activation_volume,all_cells,main_211,211,2.8411445582190744,7.850611217494706,0.0452211690363348,5064,0.9,0.8872432859399684,51.00740672776053,0.0599370655608214,8.054000039637605,4758.0
fb2_no_temporal,Gaussian-copula scenarios without temporal dependence,1,activation_volume,all_cells,main_211,211,2.8411445582190744,7.850611217494706,0.0452211690363348,5064,0.98,0.9389810426540284,62.970185844341934,0.0599370655608214,8.054000039637605,4758.0
fb2_no_temporal,Gaussian-copula scenarios without temporal dependence,1,activation_volume,nondegenerate_cells,main_211,211,2.8693338571930678,7.925489386573528,0.0462532821652191,4951,0.5,0.496667339931327,14.951358064085804,0.0613050494849525,8.138758866766002,4645.0
fb2_no_temporal,Gaussian-copula scenarios without temporal dependence,1,activation_volume,nondegenerate_cells,main_211,211,2.8693338571930678,7.925489386573528,0.0462532821652191,4951,0.8,0.7986265400929106,36.48338101730287,0.0613050494849525,8.138758866766002,4645.0
fb2_no_temporal,Gaussian-copula scenarios without temporal dependence,1,activation_volume,nondegenerate_cells,main_211,211,2.8693338571930678,7.925489386573528,0.0462532821652191,4951,0.9,0.8874974752575238,51.07984652991094,0.0613050494849525,8.138758866766002,4645.0
fb2_no_temporal,Gaussian-copula scenarios without temporal dependence,1,activation_volume,nondegenerate_cells,main_211,211,2.8693338571930678,7.925489386573528,0.0462532821652191,4951,0.98,0.9402140981619876,62.98155267676759,0.0613050494849525,8.138758866766002,4645.0
fb2_no_temporal,Gaussian-copula scenarios without temporal dependence,1,activation_price,all_cells,main_211,211,23.88544015533293,63.04205599468504,0.0628541403951239,4758,0.5,0.4617486338797814,71.82732892597659,,,
fb2_no_temporal,Gaussian-copula scenarios without temporal dependence,1,activation_price,all_cells,main_211,211,23.88544015533293,63.04205599468504,0.0628541403951239,4758,0.8,0.7614543926019336,217.7145718517168,,,
fb2_no_temporal,Gaussian-copula scenarios without temporal dependence,1,activation_price,all_cells,main_211,211,23.88544015533293,63.04205599468504,0.0628541403951239,4758,0.9,0.8650693568726355,410.690127411939,,,
fb2_no_temporal,Gaussian-copula scenarios without temporal dependence,1,activation_price,all_cells,main_211,211,23.88544015533293,63.04205599468504,0.0628541403951239,4758,0.98,0.9436738125262716,901.3066712190258,,,
fb2_no_temporal,Gaussian-copula scenarios without temporal dependence,1,day_ahead_price,all_cells,common_209,209,7.838018719656893,21.59405388388418,0.1242025518341307,5016,0.5,0.4525518341307815,43.27218991092808,,,
fb2_no_temporal,Gaussian-copula scenarios without temporal dependence,1,day_ahead_price,all_cells,common_209,209,7.838018719656893,21.59405388388418,0.1242025518341307,5016,0.8,0.6939792663476874,86.64873029833387,,,
fb2_no_temporal,Gaussian-copula scenarios without temporal dependence,1,day_ahead_price,all_cells,common_209,209,7.838018719656893,21.59405388388418,0.1242025518341307,5016,0.9,0.7679425837320574,106.93348966640696,,,
fb2_no_temporal,Gaussian-copula scenarios without temporal dependence,1,day_ahead_price,all_cells,common_209,209,7.838018719656893,21.59405388388418,0.1242025518341307,5016,0.98,0.8120015948963317,122.82114713152288,,,
fb2_no_temporal,Gaussian-copula scenarios without temporal dependence,1,capacity_price,all_cells,common_209,209,2.707485212212956,7.455211158988139,0.0745614035087719,5016,0.5,0.4892344497607656,13.87728240314898,,,
fb2_no_temporal,Gaussian-copula scenarios without temporal dependence,1,capacity_price,all_cells,common_209,209,2.707485212212956,7.455211158988139,0.0745614035087719,5016,0.8,0.7577751196172249,30.794755580118117,,,
fb2_no_temporal,Gaussian-copula scenarios without temporal dependence,1,capacity_price,all_cells,common_209,209,2.707485212212956,7.455211158988139,0.0745614035087719,5016,0.9,0.8335326953748007,40.63699784403179,,,
fb2_no_temporal,Gaussian-copula scenarios without temporal dependence,1,capacity_price,all_cells,common_209,209,2.707485212212956,7.455211158988139,0.0745614035087719,5016,0.98,0.8759968102073366,49.66191334793413,,,
fb2_no_temporal,Gaussian-copula scenarios without temporal dependence,1,activation_volume,all_cells,common_209,209,2.848694751882319,7.871269612037319,0.0450558213716107,5016,0.5,0.497408293460925,14.84650046498242,0.0602258373205741,8.077389670374458,4711.0
fb2_no_temporal,Gaussian-copula scenarios without temporal dependence,1,activation_volume,all_cells,common_209,209,2.848694751882319,7.871269612037319,0.0450558213716107,5016,0.8,0.7982456140350878,36.29097397468199,0.0602258373205741,8.077389670374458,4711.0
fb2_no_temporal,Gaussian-copula scenarios without temporal dependence,1,activation_volume,all_cells,common_209,209,2.848694751882319,7.871269612037319,0.0450558213716107,5016,0.9,0.886762360446571,50.86029890723421,0.0602258373205741,8.077389670374458,4711.0
fb2_no_temporal,Gaussian-copula scenarios without temporal dependence,1,activation_volume,all_cells,common_209,209,2.848694751882319,7.871269612037319,0.0450558213716107,5016,0.98,0.9389952153110048,62.88480366983227,0.0602258373205741,8.077389670374458,4711.0
fb2_no_temporal,Gaussian-copula scenarios without temporal dependence,1,activation_volume,nondegenerate_cells,common_209,209,2.8773340321401584,7.947356949115144,0.046094228023659,4903,0.5,0.4954109728737507,14.918554369839631,0.0616138690597593,8.163589709583823,4598.0
fb2_no_temporal,Gaussian-copula scenarios without temporal dependence,1,activation_volume,nondegenerate_cells,common_209,209,2.8773340321401584,7.947356949115144,0.046094228023659,4903,0.8,0.7974709361615337,36.3729484412608,0.0616138690597593,8.163589709583823,4598.0
fb2_no_temporal,Gaussian-copula scenarios without temporal dependence,1,activation_volume,nondegenerate_cells,common_209,209,2.8773340321401584,7.947356949115144,0.046094228023659,4903,0.9,0.8870079543136855,50.930057478869365,0.0616138690597593,8.163589709583823,4598.0
fb2_no_temporal,Gaussian-copula scenarios without temporal dependence,1,activation_volume,nondegenerate_cells,common_209,209,2.8773340321401584,7.947356949115144,0.046094228023659,4903,0.98,0.9402406689781766,62.8943139699791,0.0616138690597593,8.163589709583823,4598.0
fb2_no_temporal,Gaussian-copula scenarios without temporal dependence,1,activation_price,all_cells,common_209,209,23.954730023306755,63.199165408871856,0.0605518998089578,4711,0.5,0.4614731479516026,71.79578489610482,,,
fb2_no_temporal,Gaussian-copula scenarios without temporal dependence,1,activation_price,all_cells,common_209,209,23.954730023306755,63.199165408871856,0.0605518998089578,4711,0.8,0.7611971980471237,218.03265054517615,,,
fb2_no_temporal,Gaussian-copula scenarios without temporal dependence,1,activation_price,all_cells,common_209,209,23.954730023306755,63.199165408871856,0.0605518998089578,4711,0.9,0.8647845468053492,411.29273840102,,,
fb2_no_temporal,Gaussian-copula scenarios without temporal dependence,1,activation_price,all_cells,common_209,209,23.954730023306755,63.199165408871856,0.0605518998089578,4711,0.98,0.943324135003184,900.0915508997645,,,
x09_block_copula,Sequential block-copula scenarios,1,day_ahead_price,all_cells,main_211,211,7.798080027425764,21.59985816614634,0.1220379146919431,5064,0.5,0.4502369668246445,44.027189325473536,,,
x09_block_copula,Sequential block-copula scenarios,1,day_ahead_price,all_cells,main_211,211,7.798080027425764,21.59985816614634,0.1220379146919431,5064,0.8,0.7166271721958926,92.24214602674994,,,
x09_block_copula,Sequential block-copula scenarios,1,day_ahead_price,all_cells,main_211,211,7.798080027425764,21.59985816614634,0.1220379146919431,5064,0.9,0.7966034755134281,115.78402503086949,,,
x09_block_copula,Sequential block-copula scenarios,1,day_ahead_price,all_cells,main_211,211,7.798080027425764,21.59985816614634,0.1220379146919431,5064,0.98,0.8242496050552922,127.28570657176678,,,
x09_block_copula,Sequential block-copula scenarios,1,capacity_price,all_cells,main_211,211,2.679136816518338,7.429799290217798,0.0732622432859399,5064,0.5,0.497432859399684,14.163146736671704,,,
x09_block_copula,Sequential block-copula scenarios,1,capacity_price,all_cells,main_211,211,2.679136816518338,7.429799290217798,0.0732622432859399,5064,0.8,0.7778436018957346,33.61686356655462,,,
x09_block_copula,Sequential block-copula scenarios,1,capacity_price,all_cells,main_211,211,2.679136816518338,7.429799290217798,0.0732622432859399,5064,0.9,0.8546603475513428,45.79109061530498,,,
x09_block_copula,Sequential block-copula scenarios,1,capacity_price,all_cells,main_211,211,2.679136816518338,7.429799290217798,0.0732622432859399,5064,0.98,0.8799368088467614,52.678389099297874,,,
x09_block_copula,Sequential block-copula scenarios,1,activation_volume,all_cells,main_211,211,2.8501478536493785,7.88584154680532,0.0450236966824644,5064,0.5,0.514218009478673,15.149542733613318,0.0612600118483412,8.095771891500808,4758.0
x09_block_copula,Sequential block-copula scenarios,1,activation_volume,all_cells,main_211,211,2.8501478536493785,7.88584154680532,0.0450236966824644,5064,0.8,0.8317535545023697,38.98793045016596,0.0612600118483412,8.095771891500808,4758.0
x09_block_copula,Sequential block-copula scenarios,1,activation_volume,all_cells,main_211,211,2.8501478536493785,7.88584154680532,0.0450236966824644,5064,0.9,0.9144944707740916,56.84752816525052,0.0612600118483412,8.095771891500808,4758.0
x09_block_copula,Sequential block-copula scenarios,1,activation_volume,all_cells,main_211,211,2.8501478536493785,7.88584154680532,0.0450236966824644,5064,0.98,0.9443127962085308,65.69045688335835,0.0612600118483412,8.095771891500808,4758.0
x09_block_copula,Sequential block-copula scenarios,1,activation_volume,nondegenerate_cells,main_211,211,2.8756705455104976,7.95509435225294,0.0460513027671177,4951,0.5,0.5128256917794385,15.200578138414157,0.062658190264593,8.17469390844844,4645.0
x09_block_copula,Sequential block-copula scenarios,1,activation_volume,nondegenerate_cells,main_211,211,2.8756705455104976,7.95509435225294,0.0460513027671177,4951,0.8,0.8319531407796404,39.05971808994612,0.062658190264593,8.17469390844844,4645.0
x09_block_copula,Sequential block-copula scenarios,1,activation_volume,nondegenerate_cells,main_211,211,2.8756705455104976,7.95509435225294,0.0460513027671177,4951,0.9,0.915370632195516,56.87788103521953,0.062658190264593,8.17469390844844,4645.0
x09_block_copula,Sequential block-copula scenarios,1,activation_volume,nondegenerate_cells,main_211,211,2.8756705455104976,7.95509435225294,0.0460513027671177,4951,0.98,0.9456675419107252,65.58977878318554,0.062658190264593,8.17469390844844,4645.0
x09_block_copula,Sequential block-copula scenarios,1,activation_price,all_cells,main_211,211,23.769606851272165,62.557851935974654,0.0561412358133669,4758,0.5,0.465952080706179,72.64446309841496,,,
x09_block_copula,Sequential block-copula scenarios,1,activation_price,all_cells,main_211,211,23.769606851272165,62.557851935974654,0.0561412358133669,4758,0.8,0.7490542244640606,219.2150416988825,,,
x09_block_copula,Sequential block-copula scenarios,1,activation_price,all_cells,main_211,211,23.769606851272165,62.557851935974654,0.0561412358133669,4758,0.9,0.8425809163514082,402.2748135526783,,,
x09_block_copula,Sequential block-copula scenarios,1,activation_price,all_cells,main_211,211,23.769606851272165,62.557851935974654,0.0561412358133669,4758,0.98,0.9291719209751996,800.8674903119121,,,
x09_block_copula,Sequential block-copula scenarios,1,day_ahead_price,all_cells,common_209,209,7.811441617046891,21.62185348998559,0.123006379585327,5016,0.5,0.4499601275917065,43.85601340047416,,,
x09_block_copula,Sequential block-copula scenarios,1,day_ahead_price,all_cells,common_209,209,7.811441617046891,21.62185348998559,0.123006379585327,5016,0.8,0.7155103668261563,91.9266132467798,,,
x09_block_copula,Sequential block-copula scenarios,1,day_ahead_price,all_cells,common_209,209,7.811441617046891,21.62185348998559,0.123006379585327,5016,0.9,0.7952551834130781,115.56144340080158,,,
x09_block_copula,Sequential block-copula scenarios,1,day_ahead_price,all_cells,common_209,209,7.811441617046891,21.62185348998559,0.123006379585327,5016,0.98,0.8227671451355661,127.03904647142706,,,
x09_block_copula,Sequential block-copula scenarios,1,capacity_price,all_cells,common_209,209,2.671127040392303,7.406971096716822,0.07396331738437,5016,0.5,0.4964114832535885,14.014515182326235,,,
x09_block_copula,Sequential block-copula scenarios,1,capacity_price,all_cells,common_209,209,2.671127040392303,7.406971096716822,0.07396331738437,5016,0.8,0.7779106858054227,33.37346102321069,,,
x09_block_copula,Sequential block-copula scenarios,1,capacity_price,all_cells,common_209,209,2.671127040392303,7.406971096716822,0.07396331738437,5016,0.9,0.8552631578947368,45.635872966330346,,,
x09_block_copula,Sequential block-copula scenarios,1,capacity_price,all_cells,common_209,209,2.671127040392303,7.406971096716822,0.07396331738437,5016,0.98,0.8807814992025519,52.58382157866681,,,
x09_block_copula,Sequential block-copula scenarios,1,activation_volume,all_cells,common_209,209,2.856302354845352,7.902014478351813,0.0448564593301435,5016,0.5,0.5139553429027113,15.107889187128912,0.0615236842105263,8.11472815887873,4711.0
x09_block_copula,Sequential block-copula scenarios,1,activation_volume,all_cells,common_209,209,2.856302354845352,7.902014478351813,0.0448564593301435,5016,0.8,0.8309409888357256,38.81725522098425,0.0615236842105263,8.11472815887873,4711.0
x09_block_copula,Sequential block-copula scenarios,1,activation_volume,all_cells,common_209,209,2.856302354845352,7.902014478351813,0.0448564593301435,5016,0.9,0.9144736842105264,56.7276707373206,0.0615236842105263,8.11472815887873,4711.0
x09_block_copula,Sequential block-copula scenarios,1,activation_volume,all_cells,common_209,209,2.856302354845352,7.902014478351813,0.0448564593301435,5016,0.98,0.944377990430622,65.63093448181309,0.0615236842105263,8.11472815887873,4711.0
x09_block_copula,Sequential block-copula scenarios,1,activation_volume,nondegenerate_cells,common_209,209,2.882216755424497,7.972318002935927,0.0458902712624923,4903,0.5,0.5125433408117479,15.158464230656593,0.0629416275749541,8.194922771087397,4598.0
x09_block_copula,Sequential block-copula scenarios,1,activation_volume,nondegenerate_cells,common_209,209,2.882216755424497,7.972318002935927,0.0458902712624923,4903,0.8,0.8311238017540281,38.88581208487452,0.0629416275749541,8.194922771087397,4598.0
x09_block_copula,Sequential block-copula scenarios,1,activation_volume,nondegenerate_cells,common_209,209,2.882216755424497,7.972318002935927,0.0458902712624923,4903,0.9,0.9153579441158476,56.75555839178941,0.0629416275749541,8.194922771087397,4598.0
x09_block_copula,Sequential block-copula scenarios,1,activation_volume,nondegenerate_cells,common_209,209,2.882216755424497,7.972318002935927,0.0458902712624923,4903,0.98,0.9457475015296756,65.52789893106247,0.0629416275749541,8.194922771087397,4598.0
x09_block_copula,Sequential block-copula scenarios,1,activation_price,all_cells,common_209,209,23.83227874817536,62.69205894125673,0.0535003184037359,4711,0.5,0.465930800254723,72.63021609146007,,,
x09_block_copula,Sequential block-copula scenarios,1,activation_price,all_cells,common_209,209,23.83227874817536,62.69205894125673,0.0535003184037359,4711,0.8,0.7497346635533857,219.47841360627012,,,
x09_block_copula,Sequential block-copula scenarios,1,activation_price,all_cells,common_209,209,23.83227874817536,62.69205894125673,0.0535003184037359,4711,0.9,0.8427085544470388,402.7270264531286,,,
x09_block_copula,Sequential block-copula scenarios,1,activation_price,all_cells,common_209,209,23.83227874817536,62.69205894125673,0.0535003184037359,4711,0.98,0.9288898323073658,800.7864937502085,,,
fb2_plus_weather,Weather-augmented Gaussian-copula scenarios,1,day_ahead_price,all_cells,common_209,209,8.009638631596749,21.22927112704884,0.2085326953748006,5016,0.5,0.393341307814992,38.65889800172008,,,
fb2_plus_weather,Weather-augmented Gaussian-copula scenarios,1,day_ahead_price,all_cells,common_209,209,8.009638631596749,21.22927112704884,0.2085326953748006,5016,0.8,0.6114433811802232,68.95047920475983,,,
fb2_plus_weather,Weather-augmented Gaussian-copula scenarios,1,day_ahead_price,all_cells,common_209,209,8.009638631596749,21.22927112704884,0.2085326953748006,5016,0.9,0.6557017543859649,77.99615610106348,,,
fb2_plus_weather,Weather-augmented Gaussian-copula scenarios,1,day_ahead_price,all_cells,common_209,209,8.009638631596749,21.22927112704884,0.2085326953748006,5016,0.98,0.6818181818181818,83.13754919295162,,,
fb2_plus_weather,Weather-augmented Gaussian-copula scenarios,1,capacity_price,all_cells,common_209,209,2.886856390469528,7.933589458671305,0.1116427432216905,5016,0.5,0.4832535885167464,16.164032725339236,,,
fb2_plus_weather,Weather-augmented Gaussian-copula scenarios,1,capacity_price,all_cells,common_209,209,2.886856390469528,7.933589458671305,0.1116427432216905,5016,0.8,0.7446172248803827,33.64836721663983,,,
fb2_plus_weather,Weather-augmented Gaussian-copula scenarios,1,capacity_price,all_cells,common_209,209,2.886856390469528,7.933589458671305,0.1116427432216905,5016,0.9,0.8042264752791068,40.90874584212342,,,
fb2_plus_weather,Weather-augmented Gaussian-copula scenarios,1,capacity_price,all_cells,common_209,209,2.886856390469528,7.933589458671305,0.1116427432216905,5016,0.98,0.8287480063795853,45.49822850236569,,,
fb2_plus_weather,Weather-augmented Gaussian-copula scenarios,1,activation_volume,all_cells,common_209,209,3.1754319326749982,8.583400505800661,0.0657894736842105,5016,0.5,0.4988038277511962,16.654967223227118,0.060564812599681,8.868851675978433,4711.0
fb2_plus_weather,Weather-augmented Gaussian-copula scenarios,1,activation_volume,all_cells,common_209,209,3.1754319326749982,8.583400505800661,0.0657894736842105,5016,0.8,0.7970494417862839,43.59708604585817,0.060564812599681,8.868851675978433,4711.0
fb2_plus_weather,Weather-augmented Gaussian-copula scenarios,1,activation_volume,all_cells,common_209,209,3.1754319326749982,8.583400505800661,0.0657894736842105,5016,0.9,0.8706140350877193,57.34738308315907,0.060564812599681,8.868851675978433,4711.0
fb2_plus_weather,Weather-augmented Gaussian-copula scenarios,1,activation_volume,all_cells,common_209,209,3.1754319326749982,8.583400505800661,0.0657894736842105,5016,0.98,0.9055023923444976,67.84294886926433,0.060564812599681,8.868851675978433,4711.0
fb2_plus_weather,Weather-augmented Gaussian-copula scenarios,1,activation_volume,nondegenerate_cells,common_209,209,3.2057831842828333,8.660042579308586,0.0673057311849888,4903,0.5,0.4970426269630838,16.660760649683617,0.0619606567407709,8.95759288272907,4598.0
fb2_plus_weather,Weather-augmented Gaussian-copula scenarios,1,activation_volume,nondegenerate_cells,common_209,209,3.2057831842828333,8.660042579308586,0.0673057311849888,4903,0.8,0.7948194982663676,43.59678791772541,0.0619606567407709,8.95759288272907,4598.0
fb2_plus_weather,Weather-augmented Gaussian-copula scenarios,1,activation_volume,nondegenerate_cells,common_209,209,3.2057831842828333,8.660042579308586,0.0673057311849888,4903,0.9,0.8692637160921884,57.288994213563456,0.0619606567407709,8.95759288272907,4598.0
fb2_plus_weather,Weather-augmented Gaussian-copula scenarios,1,activation_volume,nondegenerate_cells,common_209,209,3.2057831842828333,8.660042579308586,0.0673057311849888,4903,0.98,0.9047521925351826,67.64464746689886,0.0619606567407709,8.95759288272907,4598.0
fb2_plus_weather,Weather-augmented Gaussian-copula scenarios,1,activation_price,all_cells,common_209,209,23.97526126838814,62.95472898854096,0.0912842284016132,4711,0.5,0.4449161536828698,70.35801951404454,,,
fb2_plus_weather,Weather-augmented Gaussian-copula scenarios,1,activation_price,all_cells,common_209,209,23.97526126838814,62.95472898854096,0.0912842284016132,4711,0.8,0.7514328168117173,229.76656751636028,,,
fb2_plus_weather,Weather-augmented Gaussian-copula scenarios,1,activation_price,all_cells,common_209,209,23.97526126838814,62.95472898854096,0.0912842284016132,4711,0.9,0.8545956272553598,446.43118980506085,,,
fb2_plus_weather,Weather-augmented Gaussian-copula scenarios,1,activation_price,all_cells,common_209,209,23.97526126838814,62.95472898854096,0.0912842284016132,4711,0.98,0.9424750583740182,925.5687396524784,,,
climatology,Rolling climatological scenarios,2,day_ahead_price,all_cells,main_211,211,9.642716782032917,27.2302449690707,0.2159794628751974,5064,0.5,0.3114139020537125,40.72362643403842,,,
climatology,Rolling climatological scenarios,2,day_ahead_price,all_cells,main_211,211,9.642716782032917,27.2302449690707,0.2159794628751974,5064,0.8,0.5882701421800948,83.71960126735131,,,
climatology,Rolling climatological scenarios,2,day_ahead_price,all_cells,main_211,211,9.642716782032917,27.2302449690707,0.2159794628751974,5064,0.9,0.7024091627172195,114.26238928843745,,,
climatology,Rolling climatological scenarios,2,day_ahead_price,all_cells,main_211,211,9.642716782032917,27.2302449690707,0.2159794628751974,5064,0.98,0.8183254344391785,163.08884860499344,,,
climatology,Rolling climatological scenarios,2,capacity_price,all_cells,main_211,211,3.231537371771102,9.218143639291709,0.1822906793048973,5064,0.5,0.3714454976303317,18.961451383103068,,,
climatology,Rolling climatological scenarios,2,capacity_price,all_cells,main_211,211,3.231537371771102,9.218143639291709,0.1822906793048973,5064,0.8,0.6230252764612955,37.60366822356569,,,
climatology,Rolling climatological scenarios,2,capacity_price,all_cells,main_211,211,3.231537371771102,9.218143639291709,0.1822906793048973,5064,0.9,0.7432859399684044,50.2603393621722,,,
climatology,Rolling climatological scenarios,2,capacity_price,all_cells,main_211,211,3.231537371771102,9.218143639291709,0.1822906793048973,5064,0.98,0.8669036334913112,73.90728304596709,,,
climatology,Rolling climatological scenarios,2,activation_volume,all_cells,main_211,211,2.707534270873838,7.699880860544953,0.0815797788309637,5064,0.5,0.4800552922590837,15.36389417826944,0.0595828001579778,7.883364225462828,4758.0
climatology,Rolling climatological scenarios,2,activation_volume,all_cells,main_211,211,2.707534270873838,7.699880860544953,0.0815797788309637,5064,0.8,0.8001579778830964,33.096997665392,0.0595828001579778,7.883364225462828,4758.0
climatology,Rolling climatological scenarios,2,activation_volume,all_cells,main_211,211,2.707534270873838,7.699880860544953,0.0815797788309637,5064,0.9,0.903436018957346,45.5246750899068,0.0595828001579778,7.883364225462828,4758.0
climatology,Rolling climatological scenarios,2,activation_volume,all_cells,main_211,211,2.707534270873838,7.699880860544953,0.0815797788309637,5064,0.98,0.9662322274881516,72.60767666277852,0.0595828001579778,7.883364225462828,4758.0
climatology,Rolling climatological scenarios,2,activation_volume,nondegenerate_cells,main_211,211,2.726589964561724,7.7532072928818865,0.0768693193294284,4951,0.5,0.4799030498889113,15.36481521482303,0.0609426984447586,7.944667301186373,4645.0
climatology,Rolling climatological scenarios,2,activation_volume,nondegenerate_cells,main_211,211,2.726589964561724,7.7532072928818865,0.0768693193294284,4951,0.8,0.8012522722682286,33.03572554747891,0.0609426984447586,7.944667301186373,4645.0
climatology,Rolling climatological scenarios,2,activation_volume,nondegenerate_cells,main_211,211,2.726589964561724,7.7532072928818865,0.0768693193294284,4951,0.9,0.9048677034942436,45.38843772437988,0.0609426984447586,7.944667301186373,4645.0
climatology,Rolling climatological scenarios,2,activation_volume,nondegenerate_cells,main_211,211,2.726589964561724,7.7532072928818865,0.0768693193294284,4951,0.98,0.9672793375075742,72.2899684917643,0.0609426984447586,7.944667301186373,4645.0
climatology,Rolling climatological scenarios,2,activation_price,all_cells,main_211,211,24.334859253573704,64.31502858368093,0.1867465321563682,4758,0.5,0.3997477931904161,65.76118809007305,,,
climatology,Rolling climatological scenarios,2,activation_price,all_cells,main_211,211,24.334859253573704,64.31502858368093,0.1867465321563682,4758,0.8,0.7135350987810004,186.8098426777547,,,
climatology,Rolling climatological scenarios,2,activation_price,all_cells,main_211,211,24.334859253573704,64.31502858368093,0.1867465321563682,4758,0.9,0.8312316099201346,379.2751699512456,,,
climatology,Rolling climatological scenarios,2,activation_price,all_cells,main_211,211,24.334859253573704,64.31502858368093,0.1867465321563682,4758,0.98,0.930222782681799,853.7505582917686,,,
climatology,Rolling climatological scenarios,2,day_ahead_price,all_cells,common_209,209,9.671450132025736,27.30205195554282,0.2146491228070175,5016,0.5,0.3114035087719298,40.75647999347493,,,
climatology,Rolling climatological scenarios,2,day_ahead_price,all_cells,common_209,209,9.671450132025736,27.30205195554282,0.2146491228070175,5016,0.8,0.5859250398724083,83.72193872057473,,,
climatology,Rolling climatological scenarios,2,day_ahead_price,all_cells,common_209,209,9.671450132025736,27.30205195554282,0.2146491228070175,5016,0.9,0.7005582137161085,114.31738765866622,,,
climatology,Rolling climatological scenarios,2,day_ahead_price,all_cells,common_209,209,9.671450132025736,27.30205195554282,0.2146491228070175,5016,0.98,0.8171850079744817,163.16864821363572,,,
climatology,Rolling climatological scenarios,2,capacity_price,all_cells,common_209,209,3.221525707906203,9.186401913796477,0.1856618819776714,5016,0.5,0.3716108452950558,18.969421811635048,,,
climatology,Rolling climatological scenarios,2,capacity_price,all_cells,common_209,209,3.221525707906203,9.186401913796477,0.1856618819776714,5016,0.8,0.6226076555023924,37.6291345446696,,,
climatology,Rolling climatological scenarios,2,capacity_price,all_cells,common_209,209,3.221525707906203,9.186401913796477,0.1856618819776714,5016,0.9,0.743421052631579,50.29955223697687,,,
climatology,Rolling climatological scenarios,2,capacity_price,all_cells,common_209,209,3.221525707906203,9.186401913796477,0.1856618819776714,5016,0.98,0.8672248803827751,73.98512269995608,,,
climatology,Rolling climatological scenarios,2,activation_volume,all_cells,common_209,209,2.7176466018176537,7.728616245213779,0.0833891547049441,5016,0.5,0.4784688995215311,15.37185608394603,0.0597813795853269,7.915076084263191,4711.0
climatology,Rolling climatological scenarios,2,activation_volume,all_cells,common_209,209,2.7176466018176537,7.728616245213779,0.0833891547049441,5016,0.8,0.7994417862838915,33.10427376027503,0.0597813795853269,7.915076084263191,4711.0
climatology,Rolling climatological scenarios,2,activation_volume,all_cells,common_209,209,2.7176466018176537,7.728616245213779,0.0833891547049441,5016,0.9,0.90311004784689,45.53028771248981,0.0597813795853269,7.915076084263191,4711.0
climatology,Rolling climatological scenarios,2,activation_volume,all_cells,common_209,209,2.7176466018176537,7.728616245213779,0.0833891547049441,5016,0.98,0.9661084529505582,72.6265383026892,0.0597813795853269,7.915076084263191,4711.0
climatology,Rolling climatological scenarios,2,activation_volume,nondegenerate_cells,common_209,209,2.7371219093529127,7.783127006985701,0.0786742810524169,4903,0.5,0.4782786049357536,15.372969636325854,0.0611591678564144,7.977785137499448,4598.0
climatology,Rolling climatological scenarios,2,activation_volume,nondegenerate_cells,common_209,209,2.7371219093529127,7.783127006985701,0.0786742810524169,4903,0.8,0.8005302875790332,33.042569485939744,0.0611591678564144,7.977785137499448,4598.0
climatology,Rolling climatological scenarios,2,activation_volume,nondegenerate_cells,common_209,209,2.7371219093529127,7.783127006985701,0.0786742810524169,4903,0.9,0.904548235774016,45.39284594818797,0.0611591678564144,7.977785137499448,4598.0
climatology,Rolling climatological scenarios,2,activation_volume,nondegenerate_cells,common_209,209,2.7371219093529127,7.783127006985701,0.0786742810524169,4903,0.98,0.9671629614521722,72.30615449902174,0.0611591678564144,7.977785137499448,4598.0
climatology,Rolling climatological scenarios,2,activation_price,all_cells,common_209,209,24.41056231766442,64.51589411229307,0.1865930800254723,4711,0.5,0.3988537465506262,65.78094005635326,,,
climatology,Rolling climatological scenarios,2,activation_price,all_cells,common_209,209,24.41056231766442,64.51589411229307,0.1865930800254723,4711,0.8,0.7130120993419656,186.8676105164833,,,
climatology,Rolling climatological scenarios,2,activation_price,all_cells,common_209,209,24.41056231766442,64.51589411229307,0.1865930800254723,4711,0.9,0.8310337507960094,378.6042036505566,,,
climatology,Rolling climatological scenarios,2,activation_price,all_cells,common_209,209,24.41056231766442,64.51589411229307,0.1865930800254723,4711,0.98,0.9301634472511144,853.7935594735984,,,
fb1_qr,Independent quantile-regression scenarios,2,day_ahead_price,all_cells,main_211,211,7.815770424211173,21.55509619516554,0.122827804107425,5064,0.5,0.4464849921011058,43.47326932913253,,,
fb1_qr,Independent quantile-regression scenarios,2,day_ahead_price,all_cells,main_211,211,7.815770424211173,21.55509619516554,0.122827804107425,5064,0.8,0.6927330173775671,87.13312139299134,,,
fb1_qr,Independent quantile-regression scenarios,2,day_ahead_price,all_cells,main_211,211,7.815770424211173,21.55509619516554,0.122827804107425,5064,0.9,0.7709320695102686,107.14969877075332,,,
fb1_qr,Independent quantile-regression scenarios,2,day_ahead_price,all_cells,main_211,211,7.815770424211173,21.55509619516554,0.122827804107425,5064,0.98,0.8141785150078988,123.08912401743834,,,
fb1_qr,Independent quantile-regression scenarios,2,capacity_price,all_cells,main_211,211,2.7170151797132958,7.475463170738683,0.0740521327014218,5064,0.5,0.4942733017377567,13.920834140498494,,,
fb1_qr,Independent quantile-regression scenarios,2,capacity_price,all_cells,main_211,211,2.7170151797132958,7.475463170738683,0.0740521327014218,5064,0.8,0.756911532385466,31.00272174064751,,,
fb1_qr,Independent quantile-regression scenarios,2,capacity_price,all_cells,main_211,211,2.7170151797132958,7.475463170738683,0.0740521327014218,5064,0.9,0.8347156398104265,40.790161024867785,,,
fb1_qr,Independent quantile-regression scenarios,2,capacity_price,all_cells,main_211,211,2.7170151797132958,7.475463170738683,0.0740521327014218,5064,0.98,0.8730252764612955,49.833316111161245,,,
fb1_qr,Independent quantile-regression scenarios,2,activation_volume,all_cells,main_211,211,2.839542231897352,7.848722305168407,0.0458135860979462,5064,0.5,0.4966429699842022,14.915194452299628,0.0595701619273301,8.053530059693365,4758.0
fb1_qr,Independent quantile-regression scenarios,2,activation_volume,all_cells,main_211,211,2.839542231897352,7.848722305168407,0.0458135860979462,5064,0.8,0.8003554502369669,36.5644971690956,0.0595701619273301,8.053530059693365,4758.0
fb1_qr,Independent quantile-regression scenarios,2,activation_volume,all_cells,main_211,211,2.839542231897352,7.848722305168407,0.0458135860979462,5064,0.9,0.8941548183254344,51.33778043140662,0.0595701619273301,8.053530059693365,4758.0
fb1_qr,Independent quantile-regression scenarios,2,activation_volume,all_cells,main_211,211,2.839542231897352,7.848722305168407,0.0458135860979462,5064,0.98,0.9389810426540284,62.873503081207,0.0595701619273301,8.053530059693365,4758.0
fb1_qr,Independent quantile-regression scenarios,2,activation_volume,nondegenerate_cells,main_211,211,2.867048327162535,7.921785086591547,0.0468592203595232,4951,0.5,0.49565744294082,14.974457070930471,0.0609297717632801,8.13638842505123,4645.0
fb1_qr,Independent quantile-regression scenarios,2,activation_volume,nondegenerate_cells,main_211,211,2.867048327162535,7.921785086591547,0.0468592203595232,4951,0.8,0.7994344576853161,36.63247613045923,0.0609297717632801,8.13638842505123,4645.0
fb1_qr,Independent quantile-regression scenarios,2,activation_volume,nondegenerate_cells,main_211,211,2.867048327162535,7.921785086591547,0.0468592203595232,4951,0.9,0.8947687335891739,51.40878301551774,0.0609297717632801,8.13638842505123,4645.0
fb1_qr,Independent quantile-regression scenarios,2,activation_volume,nondegenerate_cells,main_211,211,2.867048327162535,7.921785086591547,0.0468592203595232,4951,0.98,0.9402140981619876,62.87359172324234,0.0609297717632801,8.13638842505123,4645.0
fb1_qr,Independent quantile-regression scenarios,2,activation_price,all_cells,main_211,211,23.94166638945832,63.01770265577482,0.0681420765027321,4758,0.5,0.4627994955863808,71.4756830413084,,,
fb1_qr,Independent quantile-regression scenarios,2,activation_price,all_cells,main_211,211,23.94166638945832,63.01770265577482,0.0681420765027321,4758,0.8,0.7604035308953342,216.4422191733049,,,
fb1_qr,Independent quantile-regression scenarios,2,activation_price,all_cells,main_211,211,23.94166638945832,63.01770265577482,0.0681420765027321,4758,0.9,0.8648591845313157,405.9726177146669,,,
fb1_qr,Independent quantile-regression scenarios,2,activation_price,all_cells,main_211,211,23.94166638945832,63.01770265577482,0.0681420765027321,4758,0.98,0.9413619167717528,910.822830355833,,,
fb1_qr,Independent quantile-regression scenarios,2,day_ahead_price,all_cells,common_209,209,7.831258281713842,21.585974278549703,0.1236044657097288,5016,0.5,0.4461722488038278,43.32183330024666,,,
fb1_qr,Independent quantile-regression scenarios,2,day_ahead_price,all_cells,common_209,209,7.831258281713842,21.585974278549703,0.1236044657097288,5016,0.8,0.6915869218500797,86.83668668891477,,,
fb1_qr,Independent quantile-regression scenarios,2,day_ahead_price,all_cells,common_209,209,7.831258281713842,21.585974278549703,0.1236044657097288,5016,0.9,0.7693381180223285,106.85552963107922,,,
fb1_qr,Independent quantile-regression scenarios,2,day_ahead_price,all_cells,common_209,209,7.831258281713842,21.585974278549703,0.1236044657097288,5016,0.98,0.812799043062201,122.82956490076714,,,
fb1_qr,Independent quantile-regression scenarios,2,capacity_price,all_cells,common_209,209,2.708647538023968,7.450562465258429,0.0747607655502392,5016,0.5,0.4932216905901116,13.772946018157729,,,
fb1_qr,Independent quantile-regression scenarios,2,capacity_price,all_cells,common_209,209,2.708647538023968,7.450562465258429,0.0747607655502392,5016,0.8,0.757177033492823,30.786627842111304,,,
fb1_qr,Independent quantile-regression scenarios,2,capacity_price,all_cells,common_209,209,2.708647538023968,7.450562465258429,0.0747607655502392,5016,0.9,0.835127591706539,40.60056407216585,,,
fb1_qr,Independent quantile-regression scenarios,2,capacity_price,all_cells,common_209,209,2.708647538023968,7.450562465258429,0.0747607655502392,5016,0.98,0.8738038277511961,49.7127682948161,,,
fb1_qr,Independent quantile-regression scenarios,2,activation_volume,all_cells,common_209,209,2.8470079052102912,7.868563155293754,0.0456539074960127,5016,0.5,0.495414673046252,14.8731194054224,0.059844976076555,8.07614552686387,4711.0
fb1_qr,Independent quantile-regression scenarios,2,activation_volume,all_cells,common_209,209,2.8470079052102912,7.868563155293754,0.0456539074960127,5016,0.8,0.7992424242424242,36.44473690808452,0.059844976076555,8.07614552686387,4711.0
fb1_qr,Independent quantile-regression scenarios,2,activation_volume,all_cells,common_209,209,2.8470079052102912,7.868563155293754,0.0456539074960127,5016,0.9,0.8939393939393939,51.18116748667126,0.059844976076555,8.07614552686387,4711.0
fb1_qr,Independent quantile-regression scenarios,2,activation_volume,all_cells,common_209,209,2.8470079052102912,7.868563155293754,0.0456539074960127,5016,0.98,0.9389952153110048,62.78968456696872,0.059844976076555,8.07614552686387,4711.0
fb1_qr,Independent quantile-regression scenarios,2,activation_volume,nondegenerate_cells,common_209,209,2.8749553452964176,7.9427984901683475,0.0467060983071588,4903,0.5,0.4943911890679176,14.931992492215016,0.0612242300632265,8.160406652326582,4598.0
fb1_qr,Independent quantile-regression scenarios,2,activation_volume,nondegenerate_cells,common_209,209,2.8749553452964176,7.9427984901683475,0.0467060983071588,4903,0.8,0.7982867632062003,36.51062124996032,0.0612242300632265,8.160406652326582,4598.0
fb1_qr,Independent quantile-regression scenarios,2,activation_volume,nondegenerate_cells,common_209,209,2.8749553452964176,7.9427984901683475,0.0467060983071588,4903,0.9,0.8945543544768509,51.249255704329634,0.0612242300632265,8.160406652326582,4598.0
fb1_qr,Independent quantile-regression scenarios,2,activation_volume,nondegenerate_cells,common_209,209,2.8749553452964176,7.9427984901683475,0.0467060983071588,4903,0.98,0.9402406689781766,62.78784230194895,0.0612242300632265,8.160406652326582,4598.0
fb1_qr,Independent quantile-regression scenarios,2,activation_price,all_cells,common_209,209,24.01690729802696,63.1871317352541,0.0648461048609636,4711,0.5,0.4627467628953513,71.46014127557228,,,
fb1_qr,Independent quantile-regression scenarios,2,activation_price,all_cells,common_209,209,24.01690729802696,63.1871317352541,0.0648461048609636,4711,0.8,0.7607726597325408,216.66993769556493,,,
fb1_qr,Independent quantile-regression scenarios,2,activation_price,all_cells,common_209,209,24.01690729802696,63.1871317352541,0.0648461048609636,4711,0.9,0.8647845468053492,406.35759040738753,,,
fb1_qr,Independent quantile-regression scenarios,2,activation_price,all_cells,common_209,209,24.01690729802696,63.1871317352541,0.0648461048609636,4711,0.98,0.940989174272978,910.6328143210563,,,
hist_paired,Historical paired scenarios,2,day_ahead_price,all_cells,main_211,211,9.648681130627615,27.165756873427476,0.2220142180094787,5064,0.5,0.3060821484992101,40.35820125534157,,,
hist_paired,Historical paired scenarios,2,day_ahead_price,all_cells,main_211,211,9.648681130627615,27.165756873427476,0.2220142180094787,5064,0.8,0.5872827804107424,83.12660108728143,,,
hist_paired,Historical paired scenarios,2,day_ahead_price,all_cells,main_211,211,9.648681130627615,27.165756873427476,0.2220142180094787,5064,0.9,0.7010268562401264,112.92875740101144,,,
hist_paired,Historical paired scenarios,2,day_ahead_price,all_cells,main_211,211,9.648681130627615,27.165756873427476,0.2220142180094787,5064,0.98,0.8220774091627172,161.74397785024382,,,
hist_paired,Historical paired scenarios,2,capacity_price,all_cells,main_211,211,3.209716024221077,9.169837056880782,0.1824881516587677,5064,0.5,0.3696682464454976,18.999745726204324,,,
hist_paired,Historical paired scenarios,2,capacity_price,all_cells,main_211,211,3.209716024221077,9.169837056880782,0.1824881516587677,5064,0.8,0.6246050552922591,37.190271517468446,,,
hist_paired,Historical paired scenarios,2,capacity_price,all_cells,main_211,211,3.209716024221077,9.169837056880782,0.1824881516587677,5064,0.9,0.7448657187993681,49.91139072911374,,,
hist_paired,Historical paired scenarios,2,capacity_price,all_cells,main_211,211,3.209716024221077,9.169837056880782,0.1824881516587677,5064,0.98,0.868088467614534,74.26864612496254,,,
hist_paired,Historical paired scenarios,2,activation_volume,all_cells,main_211,211,2.7202302076752622,7.7259294050665295,0.0821327014218009,5064,0.5,0.4776856240126382,15.401810841202312,0.0594147906793048,7.903205451379936,4758.0
hist_paired,Historical paired scenarios,2,activation_volume,all_cells,main_211,211,2.7202302076752622,7.7259294050665295,0.0821327014218009,5064,0.8,0.79739336492891,33.06282860601225,0.0594147906793048,7.903205451379936,4758.0
hist_paired,Historical paired scenarios,2,activation_volume,all_cells,main_211,211,2.7202302076752622,7.7259294050665295,0.0821327014218009,5064,0.9,0.9000789889415481,45.65632685565924,0.0594147906793048,7.903205451379936,4758.0
hist_paired,Historical paired scenarios,2,activation_volume,all_cells,main_211,211,2.7202302076752622,7.7259294050665295,0.0821327014218009,5064,0.98,0.96544233807267,71.88595609653173,0.0594147906793048,7.903205451379936,4758.0
hist_paired,Historical paired scenarios,2,activation_volume,nondegenerate_cells,main_211,211,2.738213322781119,7.776182129820279,0.077970107049081,4951,0.5,0.4784891941022016,15.421366915097744,0.0607708543728539,7.961081325112818,4645.0
hist_paired,Historical paired scenarios,2,activation_volume,nondegenerate_cells,main_211,211,2.738213322781119,7.776182129820279,0.077970107049081,4951,0.8,0.7986265400929106,33.005081615108395,0.0607708543728539,7.961081325112818,4645.0
hist_paired,Historical paired scenarios,2,activation_volume,nondegenerate_cells,main_211,211,2.738213322781119,7.776182129820279,0.077970107049081,4951,0.9,0.90143405372652,45.53073201859871,0.0607708543728539,7.961081325112818,4645.0
hist_paired,Historical paired scenarios,2,activation_volume,nondegenerate_cells,main_211,211,2.738213322781119,7.776182129820279,0.077970107049081,4951,0.98,0.9664714199151686,71.60401077062083,0.0607708543728539,7.961081325112818,4645.0
hist_paired,Historical paired scenarios,2,activation_price,all_cells,main_211,211,24.19460231186989,64.22066239783521,0.1862379150903741,4758,0.5,0.3873476250525431,65.4604041534294,,,
hist_paired,Historical paired scenarios,2,activation_price,all_cells,main_211,211,24.19460231186989,64.22066239783521,0.1862379150903741,4758,0.8,0.7084909625893232,185.71488856149617,,,
hist_paired,Historical paired scenarios,2,activation_price,all_cells,main_211,211,24.19460231186989,64.22066239783521,0.1862379150903741,4758,0.9,0.8272383354350568,378.8056250909599,,,
hist_paired,Historical paired scenarios,2,activation_price,all_cells,main_211,211,24.19460231186989,64.22066239783521,0.1862379150903741,4758,0.98,0.9329550231189576,857.7392300228572,,,
hist_paired,Historical paired scenarios,2,day_ahead_price,all_cells,common_209,209,9.67899506106986,27.241552146607308,0.2201594896331739,5016,0.5,0.3060207336523126,40.37197828063451,,,
hist_paired,Historical paired scenarios,2,day_ahead_price,all_cells,common_209,209,9.67899506106986,27.241552146607308,0.2201594896331739,5016,0.8,0.5845295055821371,83.07370916865177,,,
hist_paired,Historical paired scenarios,2,day_ahead_price,all_cells,common_209,209,9.67899506106986,27.241552146607308,0.2201594896331739,5016,0.9,0.6991626794258373,112.87923018767232,,,
hist_paired,Historical paired scenarios,2,day_ahead_price,all_cells,common_209,209,9.67899506106986,27.241552146607308,0.2201594896331739,5016,0.98,0.8209728867623605,161.8418791211372,,,
hist_paired,Historical paired scenarios,2,capacity_price,all_cells,common_209,209,3.199420751463035,9.139041210020054,0.1859250398724083,5016,0.5,0.3710127591706539,18.994423815684968,,,
hist_paired,Historical paired scenarios,2,capacity_price,all_cells,common_209,209,3.199420751463035,9.139041210020054,0.1859250398724083,5016,0.8,0.6242025518341308,37.198678818561945,,,
hist_paired,Historical paired scenarios,2,capacity_price,all_cells,common_209,209,3.199420751463035,9.139041210020054,0.1859250398724083,5016,0.9,0.7446172248803827,49.93634552836315,,,
hist_paired,Historical paired scenarios,2,capacity_price,all_cells,common_209,209,3.199420751463035,9.139041210020054,0.1859250398724083,5016,0.98,0.8682216905901117,74.30703502369352,,,
hist_paired,Historical paired scenarios,2,activation_volume,all_cells,common_209,209,2.7297679223126097,7.753042803285572,0.0836283891547049,5016,0.5,0.4758771929824561,15.39332886650834,0.059648923444976,7.933491490926346,4711.0
hist_paired,Historical paired scenarios,2,activation_volume,all_cells,common_209,209,2.7297679223126097,7.753042803285572,0.0836283891547049,5016,0.8,0.796451355661882,33.04306340955356,0.059648923444976,7.933491490926346,4711.0
hist_paired,Historical paired scenarios,2,activation_volume,all_cells,common_209,209,2.7297679223126097,7.753042803285572,0.0836283891547049,5016,0.9,0.8997208931419458,45.60248638309231,0.059648923444976,7.933491490926346,4711.0
hist_paired,Historical paired scenarios,2,activation_volume,all_cells,common_209,209,2.7297679223126097,7.753042803285572,0.0836283891547049,5016,0.98,0.965311004784689,71.87624746066278,0.059648923444976,7.933491490926346,4711.0
hist_paired,Historical paired scenarios,2,activation_volume,nondegenerate_cells,common_209,209,2.7481469075549345,7.804412384002391,0.0792555578217417,4903,0.5,0.4766469508464205,15.412880907853612,0.0610236589842953,7.992703269081626,4598.0
hist_paired,Historical paired scenarios,2,activation_volume,nondegenerate_cells,common_209,209,2.7481469075549345,7.804412384002391,0.0792555578217417,4903,0.8,0.7976748929227004,32.98429554923033,0.0610236589842953,7.992703269081626,4598.0
hist_paired,Historical paired scenarios,2,activation_volume,nondegenerate_cells,common_209,209,2.7481469075549345,7.804412384002391,0.0792555578217417,4903,0.9,0.9010809708341831,45.47442111454514,0.0610236589842953,7.992703269081626,4598.0
hist_paired,Historical paired scenarios,2,activation_volume,nondegenerate_cells,common_209,209,2.7481469075549345,7.804412384002391,0.0792555578217417,4903,0.98,0.9663471344075056,71.59131815525018,0.0610236589842953,7.992703269081626,4598.0
hist_paired,Historical paired scenarios,2,activation_price,all_cells,common_209,209,24.261434735554023,64.41276409802654,0.1859562725535979,4711,0.5,0.3871789428995967,65.55786670835832,,,
hist_paired,Historical paired scenarios,2,activation_price,all_cells,common_209,209,24.261434735554023,64.41276409802654,0.1859562725535979,4711,0.8,0.7085544470388453,185.5211410293584,,,
hist_paired,Historical paired scenarios,2,activation_price,all_cells,common_209,209,24.261434735554023,64.41276409802654,0.1859562725535979,4711,0.9,0.8272129059647633,378.5908265835423,,,
hist_paired,Historical paired scenarios,2,activation_price,all_cells,common_209,209,24.261434735554023,64.41276409802654,0.1859562725535979,4711,0.98,0.9331352154531948,858.0525965089079,,,
hist_independent,Historical independent scenarios,2,day_ahead_price,all_cells,main_211,211,9.620578637624874,27.243838704496383,0.2145813586097946,5064,0.5,0.3122037914691943,40.891547782228166,,,
hist_independent,Historical independent scenarios,2,day_ahead_price,all_cells,main_211,211,9.620578637624874,27.243838704496383,0.2145813586097946,5064,0.8,0.5908372827804107,83.87923653807745,,,
hist_independent,Historical independent scenarios,2,day_ahead_price,all_cells,main_211,211,9.620578637624874,27.243838704496383,0.2145813586097946,5064,0.9,0.7033965244865719,113.8775975178415,,,
hist_independent,Historical independent scenarios,2,day_ahead_price,all_cells,main_211,211,9.620578637624874,27.243838704496383,0.2145813586097946,5064,0.98,0.8317535545023697,163.21684327973327,,,
hist_independent,Historical independent scenarios,2,capacity_price,all_cells,main_211,211,3.2493493828621816,9.260207275320784,0.1810900473933649,5064,0.5,0.370260663507109,19.040966607197696,,,
hist_independent,Historical independent scenarios,2,capacity_price,all_cells,main_211,211,3.2493493828621816,9.260207275320784,0.1810900473933649,5064,0.8,0.6313191153238547,37.54502389976877,,,
hist_independent,Historical independent scenarios,2,capacity_price,all_cells,main_211,211,3.2493493828621816,9.260207275320784,0.1810900473933649,5064,0.9,0.747827804107425,50.061927234642354,,,
hist_independent,Historical independent scenarios,2,capacity_price,all_cells,main_211,211,3.2493493828621816,9.260207275320784,0.1810900473933649,5064,0.98,0.8647314375987362,74.16806382633672,,,
hist_independent,Historical independent scenarios,2,activation_volume,all_cells,main_211,211,2.715373425142273,7.719815812663021,0.079044233807267,5064,0.5,0.481042654028436,15.401553142743552,0.0593856042654028,7.902969965879288,4758.0
hist_independent,Historical independent scenarios,2,activation_volume,all_cells,main_211,211,2.715373425142273,7.719815812663021,0.079044233807267,5064,0.8,0.7968009478672986,33.19437758657299,0.0593856042654028,7.902969965879288,4758.0
hist_independent,Historical independent scenarios,2,activation_volume,all_cells,main_211,211,2.715373425142273,7.719815812663021,0.079044233807267,5064,0.9,0.9022511848341233,45.89730109105656,0.0593856042654028,7.902969965879288,4758.0
hist_independent,Historical independent scenarios,2,activation_volume,all_cells,main_211,211,2.715373425142273,7.719815812663021,0.079044233807267,5064,0.98,0.966824644549763,72.39391999967339,0.0593856042654028,7.902969965879288,4758.0
hist_independent,Historical independent scenarios,2,activation_volume,nondegenerate_cells,main_211,211,2.7329559291320984,7.768193678987698,0.074635427186427,4951,0.5,0.4819228438699253,15.390855405918147,0.0607410018178145,7.958990468675181,4645.0
hist_independent,Historical independent scenarios,2,activation_volume,nondegenerate_cells,main_211,211,2.7329559291320984,7.768193678987698,0.074635427186427,4951,0.8,0.7986265400929106,33.11891054863955,0.0607410018178145,7.958990468675181,4645.0
hist_independent,Historical independent scenarios,2,activation_volume,nondegenerate_cells,main_211,211,2.7329559291320984,7.768193678987698,0.074635427186427,4951,0.9,0.9042617652999394,45.77155407984155,0.0607410018178145,7.958990468675181,4645.0
hist_independent,Historical independent scenarios,2,activation_volume,nondegenerate_cells,main_211,211,2.7329559291320984,7.768193678987698,0.074635427186427,4951,0.98,0.967683296303777,72.11966379624046,0.0607410018178145,7.958990468675181,4645.0
hist_independent,Historical independent scenarios,2,activation_price,all_cells,main_211,211,24.282857835773957,64.25895836336669,0.1855737704918033,4758,0.5,0.394493484657419,65.5575077288689,,,
hist_independent,Historical independent scenarios,2,activation_price,all_cells,main_211,211,24.282857835773957,64.25895836336669,0.1855737704918033,4758,0.8,0.7122740647330811,188.63227900491157,,,
hist_independent,Historical independent scenarios,2,activation_price,all_cells,main_211,211,24.282857835773957,64.25895836336669,0.1855737704918033,4758,0.9,0.8272383354350568,378.07238098636094,,,
hist_independent,Historical independent scenarios,2,activation_price,all_cells,main_211,211,24.282857835773957,64.25895836336669,0.1855737704918033,4758,0.98,0.9300126103404792,859.9308545733674,,,
hist_independent,Historical independent scenarios,2,day_ahead_price,all_cells,common_209,209,9.651814109906768,27.324791180060437,0.2131499202551834,5016,0.5,0.3120015948963317,40.93851260864288,,,
hist_independent,Historical independent scenarios,2,day_ahead_price,all_cells,common_209,209,9.651814109906768,27.324791180060437,0.2131499202551834,5016,0.8,0.5889154704944178,83.95615796657141,,,
hist_independent,Historical independent scenarios,2,day_ahead_price,all_cells,common_209,209,9.651814109906768,27.324791180060437,0.2131499202551834,5016,0.9,0.7013556618819776,113.9898466797655,,,
hist_independent,Historical independent scenarios,2,day_ahead_price,all_cells,common_209,209,9.651814109906768,27.324791180060437,0.2131499202551834,5016,0.98,0.830542264752791,163.346826065244,,,
hist_independent,Historical independent scenarios,2,capacity_price,all_cells,common_209,209,3.235786895733523,9.223595547542486,0.1841626794258373,5016,0.5,0.3710127591706539,19.07559557296811,,,
hist_independent,Historical independent scenarios,2,capacity_price,all_cells,common_209,209,3.235786895733523,9.223595547542486,0.1841626794258373,5016,0.8,0.631578947368421,37.60687680106695,,,
hist_independent,Historical independent scenarios,2,capacity_price,all_cells,common_209,209,3.235786895733523,9.223595547542486,0.1841626794258373,5016,0.9,0.7482057416267942,50.14247917006351,,,
hist_independent,Historical independent scenarios,2,capacity_price,all_cells,common_209,209,3.235786895733523,9.223595547542486,0.1841626794258373,5016,0.98,0.8654306220095693,74.2285847174123,,,
hist_independent,Historical independent scenarios,2,activation_volume,all_cells,common_209,209,2.726394950762869,7.751007492047004,0.0810047846889951,5016,0.5,0.4794657097288676,15.41064944313104,0.0596306818181818,7.937439800568901,4711.0
hist_independent,Historical independent scenarios,2,activation_volume,all_cells,common_209,209,2.726394950762869,7.751007492047004,0.0810047846889951,5016,0.8,0.7960526315789473,33.20306321816952,0.0596306818181818,7.937439800568901,4711.0
hist_independent,Historical independent scenarios,2,activation_volume,all_cells,common_209,209,2.726394950762869,7.751007492047004,0.0810047846889951,5016,0.9,0.9023125996810208,45.88642269334135,0.0596306818181818,7.937439800568901,4711.0
hist_independent,Historical independent scenarios,2,activation_volume,all_cells,common_209,209,2.726394950762869,7.751007492047004,0.0810047846889951,5016,0.98,0.9665071770334928,72.36225682949194,0.0596306818181818,7.937439800568901,4711.0
hist_independent,Historical independent scenarios,2,activation_volume,nondegenerate_cells,common_209,209,2.744403600497471,7.800577852223196,0.0765980012237406,4903,0.5,0.4803181725474199,15.400056619741523,0.0610049969406485,7.994880063032332,4598.0
hist_independent,Historical independent scenarios,2,activation_volume,nondegenerate_cells,common_209,209,2.744403600497471,7.800577852223196,0.0765980012237406,4903,0.8,0.797878849683867,33.127057542371425,0.0610049969406485,7.994880063032332,4598.0
hist_independent,Historical independent scenarios,2,activation_volume,nondegenerate_cells,common_209,209,2.744403600497471,7.800577852223196,0.0765980012237406,4903,0.9,0.9043442790128492,45.75919391270352,0.0610049969406485,7.994880063032332,4598.0
hist_independent,Historical independent scenarios,2,activation_volume,nondegenerate_cells,common_209,209,2.744403600497471,7.800577852223196,0.0765980012237406,4903,0.98,0.9673669182133388,72.08458593383071,0.0610049969406485,7.994880063032332,4598.0
hist_independent,Historical independent scenarios,2,activation_price,all_cells,common_209,209,24.368070702415952,64.47558329756905,0.1865463808108681,4711,0.5,0.39354701761834,65.54444851006856,,,
hist_independent,Historical independent scenarios,2,activation_price,all_cells,common_209,209,24.368070702415952,64.47558329756905,0.1865463808108681,4711,0.8,0.7115262152409255,188.48908350049672,,,
hist_independent,Historical independent scenarios,2,activation_price,all_cells,common_209,209,24.368070702415952,64.47558329756905,0.1865463808108681,4711,0.9,0.8270006368074718,377.85265415920406,,,
hist_independent,Historical independent scenarios,2,activation_price,all_cells,common_209,209,24.368070702415952,64.47558329756905,0.1865463808108681,4711,0.98,0.9297389089365315,859.3898403664969,,,
empirical_copula,Empirical-copula scenarios,2,day_ahead_price,all_cells,main_211,211,7.811353001355189,21.61239826221875,0.1222353870458136,5064,0.5,0.4541864139020537,44.74100192499569,,,
empirical_copula,Empirical-copula scenarios,2,day_ahead_price,all_cells,main_211,211,7.811353001355189,21.61239826221875,0.1222353870458136,5064,0.8,0.7225513428120063,92.8399585575194,,,
empirical_copula,Empirical-copula scenarios,2,day_ahead_price,all_cells,main_211,211,7.811353001355189,21.61239826221875,0.1222353870458136,5064,0.9,0.7975908372827805,116.93292972898443,,,
empirical_copula,Empirical-copula scenarios,2,day_ahead_price,all_cells,main_211,211,7.811353001355189,21.61239826221875,0.1222353870458136,5064,0.98,0.8248420221169036,127.505461237394,,,
empirical_copula,Empirical-copula scenarios,2,capacity_price,all_cells,main_211,211,2.686207507007625,7.447514849236219,0.0732622432859399,5064,0.5,0.4936808846761453,14.28865411989783,,,
empirical_copula,Empirical-copula scenarios,2,capacity_price,all_cells,main_211,211,2.686207507007625,7.447514849236219,0.0732622432859399,5064,0.8,0.7752764612954186,33.694400520808784,,,
empirical_copula,Empirical-copula scenarios,2,capacity_price,all_cells,main_211,211,2.686207507007625,7.447514849236219,0.0732622432859399,5064,0.9,0.8550552922590837,45.74205165901873,,,
empirical_copula,Empirical-copula scenarios,2,capacity_price,all_cells,main_211,211,2.686207507007625,7.447514849236219,0.0732622432859399,5064,0.98,0.8805292259083728,52.45951264816912,,,
empirical_copula,Empirical-copula scenarios,2,activation_volume,all_cells,main_211,211,2.8424907645677324,7.863175161506899,0.0450236966824644,5064,0.5,0.5104660347551343,15.100619220610792,0.061877962085308,8.0704154809732,4758.0
empirical_copula,Empirical-copula scenarios,2,activation_volume,all_cells,main_211,211,2.8424907645677324,7.863175161506899,0.0450236966824644,5064,0.8,0.8325434439178515,39.1388939074252,0.061877962085308,8.0704154809732,4758.0
empirical_copula,Empirical-copula scenarios,2,activation_volume,all_cells,main_211,211,2.8424907645677324,7.863175161506899,0.0450236966824644,5064,0.9,0.9142969984202212,56.18817745997932,0.061877962085308,8.0704154809732,4758.0
empirical_copula,Empirical-copula scenarios,2,activation_volume,all_cells,main_211,211,2.8424907645677324,7.863175161506899,0.0450236966824644,5064,0.98,0.9441153238546603,65.59672009621032,0.061877962085308,8.0704154809732,4758.0
empirical_copula,Empirical-copula scenarios,2,activation_volume,nondegenerate_cells,main_211,211,2.8694276931893703,7.937314404408041,0.0460513027671177,4951,0.5,0.5091900626136134,15.170035780976969,0.0632902443950717,8.154480399746772,4645.0
empirical_copula,Empirical-copula scenarios,2,activation_volume,nondegenerate_cells,main_211,211,2.8694276931893703,7.937314404408041,0.0460513027671177,4951,0.8,0.8325590789739447,39.21060651744526,0.0632902443950717,8.154480399746772,4645.0
empirical_copula,Empirical-copula scenarios,2,activation_volume,nondegenerate_cells,main_211,211,2.8694276931893703,7.937314404408041,0.0460513027671177,4951,0.9,0.9149666733993131,56.202269273192016,0.0632902443950717,8.154480399746772,4645.0
empirical_copula,Empirical-copula scenarios,2,activation_volume,nondegenerate_cells,main_211,211,2.8694276931893703,7.937314404408041,0.0460513027671177,4951,0.98,0.9454655625126236,65.47414072332292,0.0632902443950717,8.154480399746772,4645.0
empirical_copula,Empirical-copula scenarios,2,activation_price,all_cells,main_211,211,23.738893766427196,62.57025804265866,0.060201765447667,4758,0.5,0.4630096679277007,73.18774532447496,,,
empirical_copula,Empirical-copula scenarios,2,activation_price,all_cells,main_211,211,23.738893766427196,62.57025804265866,0.060201765447667,4758,0.8,0.7433795712484237,220.27986901567195,,,
empirical_copula,Empirical-copula scenarios,2,activation_price,all_cells,main_211,211,23.738893766427196,62.57025804265866,0.060201765447667,4758,0.9,0.8419503993274485,404.485455652064,,,
empirical_copula,Empirical-copula scenarios,2,activation_price,all_cells,main_211,211,23.738893766427196,62.57025804265866,0.060201765447667,4758,0.98,0.9293820933165196,801.2402482207029,,,
empirical_copula,Empirical-copula scenarios,2,day_ahead_price,all_cells,common_209,209,7.82457239039204,21.63560206395786,0.1232057416267942,5016,0.5,0.4541467304625199,44.57424290478081,,,
empirical_copula,Empirical-copula scenarios,2,day_ahead_price,all_cells,common_209,209,7.82457239039204,21.63560206395786,0.1232057416267942,5016,0.8,0.7228867623604466,92.51411469613134,,,
empirical_copula,Empirical-copula scenarios,2,day_ahead_price,all_cells,common_209,209,7.82457239039204,21.63560206395786,0.1232057416267942,5016,0.9,0.7960526315789473,116.69657267740648,,,
empirical_copula,Empirical-copula scenarios,2,day_ahead_price,all_cells,common_209,209,7.82457239039204,21.63560206395786,0.1232057416267942,5016,0.98,0.8233652312599681,127.2609510582245,,,
empirical_copula,Empirical-copula scenarios,2,capacity_price,all_cells,common_209,209,2.677422668416053,7.421712279538807,0.07396331738437,5016,0.5,0.4924242424242424,14.151511080278274,,,
empirical_copula,Empirical-copula scenarios,2,capacity_price,all_cells,common_209,209,2.677422668416053,7.421712279538807,0.07396331738437,5016,0.8,0.7759170653907496,33.500198016430936,,,
empirical_copula,Empirical-copula scenarios,2,capacity_price,all_cells,common_209,209,2.677422668416053,7.421712279538807,0.07396331738437,5016,0.9,0.8556618819776715,45.60215556929854,,,
empirical_copula,Empirical-copula scenarios,2,capacity_price,all_cells,common_209,209,2.677422668416053,7.421712279538807,0.07396331738437,5016,0.98,0.8813795853269537,52.36391436669296,,,
empirical_copula,Empirical-copula scenarios,2,activation_volume,all_cells,common_209,209,2.8502352883981352,7.884368569026729,0.0448564593301435,5016,0.5,0.5079744816586922,15.066257618147358,0.0621364633173843,8.094346726637651,4711.0
empirical_copula,Empirical-copula scenarios,2,activation_volume,all_cells,common_209,209,2.8502352883981352,7.884368569026729,0.0448564593301435,5016,0.8,0.8315390749601276,39.023144767963046,0.0621364633173843,8.094346726637651,4711.0
empirical_copula,Empirical-copula scenarios,2,activation_volume,all_cells,common_209,209,2.8502352883981352,7.884368569026729,0.0448564593301435,5016,0.9,0.9140749601275916,56.06370266345336,0.0621364633173843,8.094346726637651,4711.0
empirical_copula,Empirical-copula scenarios,2,activation_volume,all_cells,common_209,209,2.8502352883981352,7.884368569026729,0.0448564593301435,5016,0.98,0.9441786283891548,65.5365001422528,0.0621364633173843,8.094346726637651,4711.0
empirical_copula,Empirical-copula scenarios,2,activation_volume,nondegenerate_cells,common_209,209,2.877614416441898,7.959722076400437,0.0458902712624923,4903,0.5,0.5066285947379155,15.135561825631465,0.0635685294717519,8.179859075150771,4598.0
empirical_copula,Empirical-copula scenarios,2,activation_volume,nondegenerate_cells,common_209,209,2.877614416441898,7.959722076400437,0.0458902712624923,4903,0.8,0.8315317152763614,39.09289175540952,0.0635685294717519,8.179859075150771,4598.0
empirical_copula,Empirical-copula scenarios,2,activation_volume,nondegenerate_cells,common_209,209,2.877614416441898,7.959722076400437,0.0458902712624923,4903,0.9,0.9147460738323476,56.075063649626856,0.0635685294717519,8.179859075150771,4598.0
empirical_copula,Empirical-copula scenarios,2,activation_volume,nondegenerate_cells,common_209,209,2.877614416441898,7.959722076400437,0.0458902712624923,4903,0.98,0.9455435447685092,65.4113328304105,0.0635685294717519,8.179859075150771,4598.0
empirical_copula,Empirical-copula scenarios,2,activation_price,all_cells,common_209,209,23.800743007826277,62.69779849693242,0.0578390999787731,4711,0.5,0.4631713012099342,73.18363513814444,,,
empirical_copula,Empirical-copula scenarios,2,activation_price,all_cells,common_209,209,23.800743007826277,62.69779849693242,0.0578390999787731,4711,0.8,0.7444279346210996,220.70273395870237,,,
empirical_copula,Empirical-copula scenarios,2,activation_price,all_cells,common_209,209,23.800743007826277,62.69779849693242,0.0578390999787731,4711,0.9,0.8418594778178731,405.294231075152,,,
empirical_copula,Empirical-copula scenarios,2,activation_price,all_cells,common_209,209,23.800743007826277,62.69779849693242,0.0578390999787731,4711,0.98,0.9291021014646572,801.6870859517816,,,
fb2_gate,Gate-conditioned Gaussian-copula scenarios,2,day_ahead_price,all_cells,main_211,211,7.77148602171981,21.44636592760924,0.1230252764612954,5064,0.5,0.4502369668246445,43.65504718297309,,,
fb2_gate,Gate-conditioned Gaussian-copula scenarios,2,day_ahead_price,all_cells,main_211,211,7.77148602171981,21.44636592760924,0.1230252764612954,5064,0.8,0.6994470774091627,87.15580792976,,,
fb2_gate,Gate-conditioned Gaussian-copula scenarios,2,day_ahead_price,all_cells,main_211,211,7.77148602171981,21.44636592760924,0.1230252764612954,5064,0.9,0.7740916271721959,107.66635916757065,,,
fb2_gate,Gate-conditioned Gaussian-copula scenarios,2,day_ahead_price,all_cells,main_211,211,7.77148602171981,21.44636592760924,0.1230252764612954,5064,0.98,0.8169431279620853,123.5151504677952,,,
fb2_gate,Gate-conditioned Gaussian-copula scenarios,2,capacity_price,all_cells,main_211,211,2.6932774518189744,7.419574541504156,0.0744470774091627,5064,0.5,0.4944707740916271,13.91007328747501,,,
fb2_gate,Gate-conditioned Gaussian-copula scenarios,2,capacity_price,all_cells,main_211,211,2.6932774518189744,7.419574541504156,0.0744470774091627,5064,0.8,0.7604660347551343,30.87430960915857,,,
fb2_gate,Gate-conditioned Gaussian-copula scenarios,2,capacity_price,all_cells,main_211,211,2.6932774518189744,7.419574541504156,0.0744470774091627,5064,0.9,0.832345971563981,40.75516418851493,,,
fb2_gate,Gate-conditioned Gaussian-copula scenarios,2,capacity_price,all_cells,main_211,211,2.6932774518189744,7.419574541504156,0.0744470774091627,5064,0.98,0.872827804107425,49.70053383546351,,,
fb2_gate,Gate-conditioned Gaussian-copula scenarios,2,activation_volume,all_cells,main_211,211,2.840023832715738,7.839061484985135,0.0464060031595576,5064,0.5,0.4984202211690363,14.926336152543223,0.0598122630331753,8.049144481933961,4758.0
fb2_gate,Gate-conditioned Gaussian-copula scenarios,2,activation_volume,all_cells,main_211,211,2.840023832715738,7.839061484985135,0.0464060031595576,5064,0.8,0.8027251184834123,36.47026328695903,0.0598122630331753,8.049144481933961,4758.0
fb2_gate,Gate-conditioned Gaussian-copula scenarios,2,activation_volume,all_cells,main_211,211,2.840023832715738,7.839061484985135,0.0464060031595576,5064,0.9,0.891785150078989,51.21310604312026,0.0598122630331753,8.049144481933961,4758.0
fb2_gate,Gate-conditioned Gaussian-copula scenarios,2,activation_volume,all_cells,main_211,211,2.840023832715738,7.839061484985135,0.0464060031595576,5064,0.98,0.9352290679304898,63.028917901396056,0.0598122630331753,8.049144481933961,4758.0
fb2_gate,Gate-conditioned Gaussian-copula scenarios,2,activation_volume,nondegenerate_cells,main_211,211,2.867555486841924,7.912656537587876,0.0474651585538274,4951,0.5,0.496667339931327,14.99349726139659,0.0611773985053524,8.132698515107565,4645.0
fb2_gate,Gate-conditioned Gaussian-copula scenarios,2,activation_volume,nondegenerate_cells,main_211,211,2.867555486841924,7.912656537587876,0.0474651585538274,4951,0.8,0.8022621692587356,36.5693847045976,0.0611773985053524,8.132698515107565,4645.0
fb2_gate,Gate-conditioned Gaussian-copula scenarios,2,activation_volume,nondegenerate_cells,main_211,211,2.867555486841924,7.912656537587876,0.0474651585538274,4951,0.9,0.8921430014138558,51.28858032756203,0.0611773985053524,8.132698515107565,4645.0
fb2_gate,Gate-conditioned Gaussian-copula scenarios,2,activation_volume,nondegenerate_cells,main_211,211,2.867555486841924,7.912656537587876,0.0474651585538274,4951,0.98,0.936376489598061,62.985730257461405,0.0611773985053524,8.132698515107565,4645.0
fb2_gate,Gate-conditioned Gaussian-copula scenarios,2,activation_price,all_cells,main_211,211,23.937679766797995,63.18214815170739,0.0646700294241278,4758,0.5,0.4611181168558217,71.90284256145402,,,
fb2_gate,Gate-conditioned Gaussian-copula scenarios,2,activation_price,all_cells,main_211,211,23.937679766797995,63.18214815170739,0.0646700294241278,4758,0.8,0.7616645649432535,215.172852447582,,,
fb2_gate,Gate-conditioned Gaussian-copula scenarios,2,activation_price,all_cells,main_211,211,23.937679766797995,63.18214815170739,0.0646700294241278,4758,0.9,0.8633879781420765,409.5169448026679,,,
fb2_gate,Gate-conditioned Gaussian-copula scenarios,2,activation_price,all_cells,main_211,211,23.937679766797995,63.18214815170739,0.0646700294241278,4758,0.98,0.9440941572089112,916.2677030728664,,,
fb2_gate,Gate-conditioned Gaussian-copula scenarios,2,day_ahead_price,all_cells,common_209,209,7.788762592900445,21.481272336013767,0.1240031897926634,5016,0.5,0.4493620414673046,43.477332176247984,,,
fb2_gate,Gate-conditioned Gaussian-copula scenarios,2,day_ahead_price,all_cells,common_209,209,7.788762592900445,21.481272336013767,0.1240031897926634,5016,0.8,0.6975677830940988,86.86625036120392,,,
fb2_gate,Gate-conditioned Gaussian-copula scenarios,2,day_ahead_price,all_cells,common_209,209,7.788762592900445,21.481272336013767,0.1240031897926634,5016,0.9,0.7723285486443381,107.35700528982188,,,
fb2_gate,Gate-conditioned Gaussian-copula scenarios,2,day_ahead_price,all_cells,common_209,209,7.788762592900445,21.481272336013767,0.1240031897926634,5016,0.98,0.8155901116427432,123.24069820139856,,,
fb2_gate,Gate-conditioned Gaussian-copula scenarios,2,capacity_price,all_cells,common_209,209,2.6844334834510843,7.392923617056249,0.0751594896331738,5016,0.5,0.4934210526315789,13.743957395577368,,,
fb2_gate,Gate-conditioned Gaussian-copula scenarios,2,capacity_price,all_cells,common_209,209,2.6844334834510843,7.392923617056249,0.0751594896331738,5016,0.8,0.7603668261562998,30.635152060444188,,,
fb2_gate,Gate-conditioned Gaussian-copula scenarios,2,capacity_price,all_cells,common_209,209,2.6844334834510843,7.392923617056249,0.0751594896331738,5016,0.9,0.8329346092503987,40.55959346437214,,,
fb2_gate,Gate-conditioned Gaussian-copula scenarios,2,capacity_price,all_cells,common_209,209,2.6844334834510843,7.392923617056249,0.0751594896331738,5016,0.98,0.8736044657097288,49.577502913996376,,,
fb2_gate,Gate-conditioned Gaussian-copula scenarios,2,activation_volume,all_cells,common_209,209,2.847818024286994,7.859651111200335,0.0462519936204146,5016,0.5,0.4976076555023923,14.892436527725604,0.060107615629984,8.072440560201775,4711.0
fb2_gate,Gate-conditioned Gaussian-copula scenarios,2,activation_volume,all_cells,common_209,209,2.847818024286994,7.859651111200335,0.0462519936204146,5016,0.8,0.8016347687400319,36.38295808093829,0.060107615629984,8.072440560201775,4711.0
fb2_gate,Gate-conditioned Gaussian-copula scenarios,2,activation_volume,all_cells,common_209,209,2.847818024286994,7.859651111200335,0.0462519936204146,5016,0.9,0.891347687400319,51.0707289367069,0.060107615629984,8.072440560201775,4711.0
fb2_gate,Gate-conditioned Gaussian-copula scenarios,2,activation_volume,all_cells,common_209,209,2.847818024286994,7.859651111200335,0.0462519936204146,5016,0.98,0.935207336523126,62.94494548276588,0.060107615629984,8.072440560201775,4711.0
fb2_gate,Gate-conditioned Gaussian-copula scenarios,2,activation_volume,nondegenerate_cells,common_209,209,2.8757988448511997,7.934441185277123,0.0473179685906587,4903,0.5,0.495818886396084,14.959473850248267,0.0614929227003875,8.157421191114269,4598.0
fb2_gate,Gate-conditioned Gaussian-copula scenarios,2,activation_volume,nondegenerate_cells,common_209,209,2.8757988448511997,7.934441185277123,0.0473179685906587,4903,0.8,0.8011421578625332,36.48103775673846,0.0614929227003875,8.157421191114269,4598.0
fb2_gate,Gate-conditioned Gaussian-copula scenarios,2,activation_volume,nondegenerate_cells,common_209,209,2.8757988448511997,7.934441185277123,0.0473179685906587,4903,0.9,0.8916989598205181,51.143660727293565,0.0614929227003875,8.157421191114269,4598.0
fb2_gate,Gate-conditioned Gaussian-copula scenarios,2,activation_volume,nondegenerate_cells,common_209,209,2.8757988448511997,7.934441185277123,0.0473179685906587,4903,0.98,0.9363654905160106,62.89939971315021,0.0614929227003875,8.157421191114269,4598.0
fb2_gate,Gate-conditioned Gaussian-copula scenarios,2,activation_price,all_cells,common_209,209,24.01257246980859,63.3608998978473,0.0624389726172787,4711,0.5,0.4606240713224368,71.85216917786165,,,
fb2_gate,Gate-conditioned Gaussian-copula scenarios,2,activation_price,all_cells,common_209,209,24.01257246980859,63.3608998978473,0.0624389726172787,4711,0.8,0.7611971980471237,215.42128617021783,,,
fb2_gate,Gate-conditioned Gaussian-copula scenarios,2,activation_price,all_cells,common_209,209,24.01257246980859,63.3608998978473,0.0624389726172787,4711,0.9,0.8630863935470177,409.4635918417917,,,
fb2_gate,Gate-conditioned Gaussian-copula scenarios,2,activation_price,all_cells,common_209,209,24.01257246980859,63.3608998978473,0.0624389726172787,4711,0.98,0.9437486733177668,915.38665074577,,,
fb2_no_cross_target,Gaussian-copula scenarios without cross-target dependence,2,day_ahead_price,all_cells,main_211,211,7.851849686709134,21.68632219302062,0.1230252764612954,5064,0.5,0.4441153238546603,43.39600980770172,,,
fb2_no_cross_target,Gaussian-copula scenarios without cross-target dependence,2,day_ahead_price,all_cells,main_211,211,7.851849686709134,21.68632219302062,0.1230252764612954,5064,0.8,0.690955766192733,87.17522360649998,,,
fb2_no_cross_target,Gaussian-copula scenarios without cross-target dependence,2,day_ahead_price,all_cells,main_211,211,7.851849686709134,21.68632219302062,0.1230252764612954,5064,0.9,0.7669826224328594,107.47607275519432,,,
fb2_no_cross_target,Gaussian-copula scenarios without cross-target dependence,2,day_ahead_price,all_cells,main_211,211,7.851849686709134,21.68632219302062,0.1230252764612954,5064,0.98,0.8151658767772512,123.53575649274109,,,
fb2_no_cross_target,Gaussian-copula scenarios without cross-target dependence,2,capacity_price,all_cells,main_211,211,2.6991395287805577,7.445753112727703,0.0740521327014218,5064,0.5,0.4881516587677725,14.047247022632591,,,
fb2_no_cross_target,Gaussian-copula scenarios without cross-target dependence,2,capacity_price,all_cells,main_211,211,2.6991395287805577,7.445753112727703,0.0740521327014218,5064,0.8,0.7582938388625592,31.049018451597817,,,
fb2_no_cross_target,Gaussian-copula scenarios without cross-target dependence,2,capacity_price,all_cells,main_211,211,2.6991395287805577,7.445753112727703,0.0740521327014218,5064,0.9,0.830173775671406,40.78983587506868,,,
fb2_no_cross_target,Gaussian-copula scenarios without cross-target dependence,2,capacity_price,all_cells,main_211,211,2.6991395287805577,7.445753112727703,0.0740521327014218,5064,0.98,0.8724328593996841,49.794559070729655,,,
fb2_no_cross_target,Gaussian-copula scenarios without cross-target dependence,2,activation_volume,all_cells,main_211,211,2.8366898619690906,7.835952445250241,0.0460110584518167,5064,0.5,0.4978278041074249,14.959910976552608,0.0592123815165876,8.044460499132082,4758.0
fb2_no_cross_target,Gaussian-copula scenarios without cross-target dependence,2,activation_volume,all_cells,main_211,211,2.8366898619690906,7.835952445250241,0.0460110584518167,5064,0.8,0.8054897314375987,36.48701761043857,0.0592123815165876,8.044460499132082,4758.0
fb2_no_cross_target,Gaussian-copula scenarios without cross-target dependence,2,activation_volume,all_cells,main_211,211,2.8366898619690906,7.835952445250241,0.0460110584518167,5064,0.9,0.8911927330173776,51.174194902882064,0.0592123815165876,8.044460499132082,4758.0
fb2_no_cross_target,Gaussian-copula scenarios without cross-target dependence,2,activation_volume,all_cells,main_211,211,2.8366898619690906,7.835952445250241,0.0460110584518167,5064,0.98,0.9375987361769352,63.19153434710403,0.0592123815165876,8.044460499132082,4758.0
fb2_no_cross_target,Gaussian-copula scenarios without cross-target dependence,2,activation_volume,nondegenerate_cells,main_211,211,2.86495707442865,7.910773032779999,0.0470611997576246,4951,0.5,0.4968693193294284,15.028000698057111,0.0605638254898,8.129282488141444,4645.0
fb2_no_cross_target,Gaussian-copula scenarios without cross-target dependence,2,activation_volume,nondegenerate_cells,main_211,211,2.86495707442865,7.910773032779999,0.0470611997576246,4951,0.8,0.8048879014340538,36.59262829539207,0.0605638254898,8.129282488141444,4645.0
fb2_no_cross_target,Gaussian-copula scenarios without cross-target dependence,2,activation_volume,nondegenerate_cells,main_211,211,2.86495707442865,7.910773032779999,0.0470611997576246,4951,0.9,0.8915370632195516,51.27091358197829,0.0605638254898,8.129282488141444,4645.0
fb2_no_cross_target,Gaussian-copula scenarios without cross-target dependence,2,activation_volume,nondegenerate_cells,main_211,211,2.86495707442865,7.910773032779999,0.0470611997576246,4951,0.98,0.9388002423752776,63.16816677313778,0.0605638254898,8.129282488141444,4645.0
fb2_no_cross_target,Gaussian-copula scenarios without cross-target dependence,2,activation_price,all_cells,main_211,211,23.998702840922306,63.20481209121862,0.0650567465321563,4758,0.5,0.4604875998318621,71.67530978111822,,,
fb2_no_cross_target,Gaussian-copula scenarios without cross-target dependence,2,activation_price,all_cells,main_211,211,23.998702840922306,63.20481209121862,0.0650567465321563,4758,0.8,0.7629255989911727,215.04228111450595,,,
fb2_no_cross_target,Gaussian-copula scenarios without cross-target dependence,2,activation_price,all_cells,main_211,211,23.998702840922306,63.20481209121862,0.0650567465321563,4758,0.9,0.8572929802438,408.0349931432779,,,
fb2_no_cross_target,Gaussian-copula scenarios without cross-target dependence,2,activation_price,all_cells,main_211,211,23.998702840922306,63.20481209121862,0.0650567465321563,4758,0.98,0.9434636401849515,913.3428121041107,,,
fb2_no_cross_target,Gaussian-copula scenarios without cross-target dependence,2,day_ahead_price,all_cells,common_209,209,7.867041794556298,21.71513422045194,0.1238038277511961,5016,0.5,0.4437799043062201,43.2252900292921,,,
fb2_no_cross_target,Gaussian-copula scenarios without cross-target dependence,2,day_ahead_price,all_cells,common_209,209,7.867041794556298,21.71513422045194,0.1238038277511961,5016,0.8,0.6889952153110048,86.81986864141352,,,
fb2_no_cross_target,Gaussian-copula scenarios without cross-target dependence,2,day_ahead_price,all_cells,common_209,209,7.867041794556298,21.71513422045194,0.1238038277511961,5016,0.9,0.7651515151515151,107.17899306353736,,,
fb2_no_cross_target,Gaussian-copula scenarios without cross-target dependence,2,day_ahead_price,all_cells,common_209,209,7.867041794556298,21.71513422045194,0.1238038277511961,5016,0.98,0.8137958532695375,123.26808609600052,,,
fb2_no_cross_target,Gaussian-copula scenarios without cross-target dependence,2,capacity_price,all_cells,common_209,209,2.690392435964604,7.420496408614284,0.0747607655502392,5016,0.5,0.4874401913875598,13.893616366349027,,,
fb2_no_cross_target,Gaussian-copula scenarios without cross-target dependence,2,capacity_price,all_cells,common_209,209,2.690392435964604,7.420496408614284,0.0747607655502392,5016,0.8,0.7581738437001595,30.81979690489065,,,
fb2_no_cross_target,Gaussian-copula scenarios without cross-target dependence,2,capacity_price,all_cells,common_209,209,2.690392435964604,7.420496408614284,0.0747607655502392,5016,0.9,0.830542264752791,40.59447967015969,,,
fb2_no_cross_target,Gaussian-copula scenarios without cross-target dependence,2,capacity_price,all_cells,common_209,209,2.690392435964604,7.420496408614284,0.0747607655502392,5016,0.98,0.8732057416267942,49.67245545870279,,,
fb2_no_cross_target,Gaussian-copula scenarios without cross-target dependence,2,activation_volume,all_cells,common_209,209,2.843832324327037,7.854778528658262,0.04585326953748,5016,0.5,0.4968102073365231,14.923116785349524,0.0595221291866028,8.065918962743563,4711.0
fb2_no_cross_target,Gaussian-copula scenarios without cross-target dependence,2,activation_volume,all_cells,common_209,209,2.843832324327037,7.854778528658262,0.04585326953748,5016,0.8,0.8044258373205742,36.36242171817256,0.0595221291866028,8.065918962743563,4711.0
fb2_no_cross_target,Gaussian-copula scenarios without cross-target dependence,2,activation_volume,all_cells,common_209,209,2.843832324327037,7.854778528658262,0.04585326953748,5016,0.9,0.8907496012759171,51.025544695356686,0.0595221291866028,8.065918962743563,4711.0
fb2_no_cross_target,Gaussian-copula scenarios without cross-target dependence,2,activation_volume,all_cells,common_209,209,2.843832324327037,7.854778528658262,0.04585326953748,5016,0.98,0.9375996810207337,63.10853531906635,0.0595221291866028,8.065918962743563,4711.0
fb2_no_cross_target,Gaussian-copula scenarios without cross-target dependence,2,activation_volume,nondegenerate_cells,common_209,209,2.872540883807708,7.930765490984376,0.0469100550683254,4903,0.5,0.495818886396084,14.991025100169605,0.0608939424841933,8.152135349289146,4598.0
fb2_no_cross_target,Gaussian-copula scenarios without cross-target dependence,2,activation_volume,nondegenerate_cells,common_209,209,2.872540883807708,7.930765490984376,0.0469100550683254,4903,0.8,0.8037935957576994,36.46619474802749,0.0608939424841933,8.152135349289146,4598.0
fb2_no_cross_target,Gaussian-copula scenarios without cross-target dependence,2,activation_volume,nondegenerate_cells,common_209,209,2.872540883807708,7.930765490984376,0.0469100550683254,4903,0.9,0.8910870895370182,51.11978428474177,0.0608939424841933,8.152135349289146,4598.0
fb2_no_cross_target,Gaussian-copula scenarios without cross-target dependence,2,activation_volume,nondegenerate_cells,common_209,209,2.872540883807708,7.930765490984376,0.0469100550683254,4903,0.98,0.9388129716500102,63.08302609025232,0.0608939424841933,8.152135349289146,4598.0
fb2_no_cross_target,Gaussian-copula scenarios without cross-target dependence,2,activation_price,all_cells,common_209,209,24.07193656970522,63.373520862011226,0.0628168117172575,4711,0.5,0.4606240713224368,71.65580706008299,,,
fb2_no_cross_target,Gaussian-copula scenarios without cross-target dependence,2,activation_price,all_cells,common_209,209,24.07193656970522,63.373520862011226,0.0628168117172575,4711,0.8,0.7628953513054553,215.3796956293342,,,
fb2_no_cross_target,Gaussian-copula scenarios without cross-target dependence,2,activation_price,all_cells,common_209,209,24.07193656970522,63.373520862011226,0.0628168117172575,4711,0.9,0.8567183188282742,408.5780610290196,,,
fb2_no_cross_target,Gaussian-copula scenarios without cross-target dependence,2,activation_price,all_cells,common_209,209,24.07193656970522,63.373520862011226,0.0628168117172575,4711,0.98,0.943324135003184,913.7774721971516,,,
fb2_no_temporal,Gaussian-copula scenarios without temporal dependence,2,day_ahead_price,all_cells,main_211,211,7.820583046410868,21.57141061220341,0.122827804107425,5064,0.5,0.4535939968404423,43.32331647231098,,,
fb2_no_temporal,Gaussian-copula scenarios without temporal dependence,2,day_ahead_price,all_cells,main_211,211,7.820583046410868,21.57141061220341,0.122827804107425,5064,0.8,0.6933254344391785,86.91183304055613,,,
fb2_no_temporal,Gaussian-copula scenarios without temporal dependence,2,day_ahead_price,all_cells,main_211,211,7.820583046410868,21.57141061220341,0.122827804107425,5064,0.9,0.7683649289099526,107.09032749888156,,,
fb2_no_temporal,Gaussian-copula scenarios without temporal dependence,2,day_ahead_price,all_cells,main_211,211,7.820583046410868,21.57141061220341,0.122827804107425,5064,0.98,0.8151658767772512,123.0942597686026,,,
fb2_no_temporal,Gaussian-copula scenarios without temporal dependence,2,capacity_price,all_cells,main_211,211,2.7121977527244243,7.477856150538278,0.0734597156398104,5064,0.5,0.4899289099526066,13.970472966660855,,,
fb2_no_temporal,Gaussian-copula scenarios without temporal dependence,2,capacity_price,all_cells,main_211,211,2.7121977527244243,7.477856150538278,0.0734597156398104,5064,0.8,0.7545418641390206,30.976014298858225,,,
fb2_no_temporal,Gaussian-copula scenarios without temporal dependence,2,capacity_price,all_cells,main_211,211,2.7121977527244243,7.477856150538278,0.0734597156398104,5064,0.9,0.8313586097946287,40.8553984807118,,,
fb2_no_temporal,Gaussian-copula scenarios without temporal dependence,2,capacity_price,all_cells,main_211,211,2.7121977527244243,7.477856150538278,0.0734597156398104,5064,0.98,0.872827804107425,49.69724036003969,,,
fb2_no_temporal,Gaussian-copula scenarios without temporal dependence,2,activation_volume,all_cells,main_211,211,2.8377006019780584,7.837010788351255,0.0464060031595576,5064,0.5,0.4960505529225908,14.927661674200476,0.0596576421800947,8.040075449067082,4758.0
fb2_no_temporal,Gaussian-copula scenarios without temporal dependence,2,activation_volume,all_cells,main_211,211,2.8377006019780584,7.837010788351255,0.0464060031595576,5064,0.8,0.8041074249605056,36.4565467257679,0.0596576421800947,8.040075449067082,4758.0
fb2_no_temporal,Gaussian-copula scenarios without temporal dependence,2,activation_volume,all_cells,main_211,211,2.8377006019780584,7.837010788351255,0.0464060031595576,5064,0.9,0.8878357030015798,51.06776104620465,0.0596576421800947,8.040075449067082,4758.0
fb2_no_temporal,Gaussian-copula scenarios without temporal dependence,2,activation_volume,all_cells,main_211,211,2.8377006019780584,7.837010788351255,0.0464060031595576,5064,0.98,0.9352290679304898,63.02582609547097,0.0596576421800947,8.040075449067082,4758.0
fb2_no_temporal,Gaussian-copula scenarios without temporal dependence,2,activation_volume,nondegenerate_cells,main_211,211,2.865870740949687,7.911929377918949,0.0474651585538274,4951,0.5,0.4948495253484145,14.988141348138477,0.061019248636639,8.124869473525758,4645.0
fb2_no_temporal,Gaussian-copula scenarios without temporal dependence,2,activation_volume,nondegenerate_cells,main_211,211,2.865870740949687,7.911929377918949,0.0474651585538274,4951,0.8,0.8030700868511412,36.55718006081145,0.061019248636639,8.124869473525758,4645.0
fb2_no_temporal,Gaussian-copula scenarios without temporal dependence,2,activation_volume,nondegenerate_cells,main_211,211,2.865870740949687,7.911929377918949,0.0474651585538274,4951,0.9,0.8881034134518279,51.16239488155399,0.061019248636639,8.124869473525758,4645.0
fb2_no_temporal,Gaussian-copula scenarios without temporal dependence,2,activation_volume,nondegenerate_cells,main_211,211,2.865870740949687,7.911929377918949,0.0474651585538274,4951,0.98,0.9365784689961624,63.00925130785914,0.061019248636639,8.124869473525758,4645.0
fb2_no_temporal,Gaussian-copula scenarios without temporal dependence,2,activation_price,all_cells,main_211,211,23.689210835550085,62.841423407206186,0.0635855401429171,4758,0.5,0.4609079445145019,71.75784772000627,,,
fb2_no_temporal,Gaussian-copula scenarios without temporal dependence,2,activation_price,all_cells,main_211,211,23.689210835550085,62.841423407206186,0.0635855401429171,4758,0.8,0.7618747372845733,218.23659089020111,,,
fb2_no_temporal,Gaussian-copula scenarios without temporal dependence,2,activation_price,all_cells,main_211,211,23.689210835550085,62.841423407206186,0.0635855401429171,4758,0.9,0.8671710802858343,414.1804818303415,,,
fb2_no_temporal,Gaussian-copula scenarios without temporal dependence,2,activation_price,all_cells,main_211,211,23.689210835550085,62.841423407206186,0.0635855401429171,4758,0.98,0.9388398486759144,903.9949393487512,,,
fb2_no_temporal,Gaussian-copula scenarios without temporal dependence,2,day_ahead_price,all_cells,common_209,209,7.836859998279826,21.60318890910128,0.1238038277511961,5016,0.5,0.453548644338118,43.15371452420837,,,
fb2_no_temporal,Gaussian-copula scenarios without temporal dependence,2,day_ahead_price,all_cells,common_209,209,7.836859998279826,21.60318890910128,0.1238038277511961,5016,0.8,0.6919856459330144,86.62088981375757,,,
fb2_no_temporal,Gaussian-copula scenarios without temporal dependence,2,day_ahead_price,all_cells,common_209,209,7.836859998279826,21.60318890910128,0.1238038277511961,5016,0.9,0.7667464114832536,106.80219062374948,,,
fb2_no_temporal,Gaussian-copula scenarios without temporal dependence,2,day_ahead_price,all_cells,common_209,209,7.836859998279826,21.60318890910128,0.1238038277511961,5016,0.98,0.8137958532695375,122.82100259775382,,,
fb2_no_temporal,Gaussian-copula scenarios without temporal dependence,2,capacity_price,all_cells,common_209,209,2.7044363693215736,7.454930251471588,0.0741626794258373,5016,0.5,0.4892344497607656,13.826100594097664,,,
fb2_no_temporal,Gaussian-copula scenarios without temporal dependence,2,capacity_price,all_cells,common_209,209,2.7044363693215736,7.454930251471588,0.0741626794258373,5016,0.8,0.754585326953748,30.75755648336669,,,
fb2_no_temporal,Gaussian-copula scenarios without temporal dependence,2,capacity_price,all_cells,common_209,209,2.7044363693215736,7.454930251471588,0.0741626794258373,5016,0.9,0.8319377990430622,40.66353069180583,,,
fb2_no_temporal,Gaussian-copula scenarios without temporal dependence,2,capacity_price,all_cells,common_209,209,2.7044363693215736,7.454930251471588,0.0741626794258373,5016,0.98,0.8736044657097288,49.574891221651306,,,
fb2_no_temporal,Gaussian-copula scenarios without temporal dependence,2,activation_volume,all_cells,common_209,209,2.8456324797124983,7.858011775108197,0.0462519936204146,5016,0.5,0.4948165869218501,14.898920325278777,0.0599429625199361,8.0635319189584,4711.0
fb2_no_temporal,Gaussian-copula scenarios without temporal dependence,2,activation_volume,all_cells,common_209,209,2.8456324797124983,7.858011775108197,0.0462519936204146,5016,0.8,0.803030303030303,36.36275663095905,0.0599429625199361,8.0635319189584,4711.0
fb2_no_temporal,Gaussian-copula scenarios without temporal dependence,2,activation_volume,all_cells,common_209,209,2.8456324797124983,7.858011775108197,0.0462519936204146,5016,0.9,0.8873604465709729,50.943034683332655,0.0599429625199361,8.0635319189584,4711.0
fb2_no_temporal,Gaussian-copula scenarios without temporal dependence,2,activation_volume,all_cells,common_209,209,2.8456324797124983,7.858011775108197,0.0462519936204146,5016,0.98,0.935207336523126,62.94091488479565,0.0599429625199361,8.0635319189584,4711.0
fb2_no_temporal,Gaussian-copula scenarios without temporal dependence,2,activation_volume,nondegenerate_cells,common_209,209,2.874261209109302,7.93414782415025,0.0473179685906587,4903,0.5,0.4935753620232511,14.95932968551514,0.06132447481134,8.149769157911916,4598.0
fb2_no_temporal,Gaussian-copula scenarios without temporal dependence,2,activation_volume,nondegenerate_cells,common_209,209,2.874261209109302,7.93414782415025,0.0473179685906587,4903,0.8,0.8019579849071997,36.46221356775023,0.06132447481134,8.149769157911916,4598.0
fb2_no_temporal,Gaussian-copula scenarios without temporal dependence,2,activation_volume,nondegenerate_cells,common_209,209,2.874261209109302,7.93414782415025,0.0473179685906587,4903,0.9,0.8876198245971854,51.03572039408322,0.06132447481134,8.149769157911916,4598.0
fb2_no_temporal,Gaussian-copula scenarios without temporal dependence,2,activation_volume,nondegenerate_cells,common_209,209,2.874261209109302,7.93414782415025,0.0473179685906587,4903,0.98,0.9365694472771772,62.9222208729106,0.06132447481134,8.149769157911916,4598.0
fb2_no_temporal,Gaussian-copula scenarios without temporal dependence,2,activation_price,all_cells,common_209,209,23.763869262470717,63.006153374986006,0.0609297389089364,4711,0.5,0.4608363404797282,71.73301471304524,,,
fb2_no_temporal,Gaussian-copula scenarios without temporal dependence,2,activation_price,all_cells,common_209,209,23.763869262470717,63.006153374986006,0.0609297389089364,4711,0.8,0.761834005518998,218.571205510069,,,
fb2_no_temporal,Gaussian-copula scenarios without temporal dependence,2,activation_price,all_cells,common_209,209,23.763869262470717,63.006153374986006,0.0609297389089364,4711,0.9,0.8666949692209722,414.8984723405376,,,
fb2_no_temporal,Gaussian-copula scenarios without temporal dependence,2,activation_price,all_cells,common_209,209,23.763869262470717,63.006153374986006,0.0609297389089364,4711,0.98,0.9384419443854808,903.8749041994728,,,
x09_block_copula,Sequential block-copula scenarios,2,day_ahead_price,all_cells,main_211,211,7.798039456582394,21.57694726153121,0.1220379146919431,5064,0.5,0.4543838862559242,44.57592654911548,,,
x09_block_copula,Sequential block-copula scenarios,2,day_ahead_price,all_cells,main_211,211,7.798039456582394,21.57694726153121,0.1220379146919431,5064,0.8,0.7180094786729858,92.55236623683192,,,
x09_block_copula,Sequential block-copula scenarios,2,day_ahead_price,all_cells,main_211,211,7.798039456582394,21.57694726153121,0.1220379146919431,5064,0.9,0.8001579778830964,116.22689578389556,,,
x09_block_copula,Sequential block-copula scenarios,2,day_ahead_price,all_cells,main_211,211,7.798039456582394,21.57694726153121,0.1220379146919431,5064,0.98,0.8246445497630331,127.35420359248197,,,
x09_block_copula,Sequential block-copula scenarios,2,capacity_price,all_cells,main_211,211,2.6802230155906592,7.418276814840495,0.0734597156398104,5064,0.5,0.4970379146919431,13.988347845725963,,,
x09_block_copula,Sequential block-copula scenarios,2,capacity_price,all_cells,main_211,211,2.6802230155906592,7.418276814840495,0.0734597156398104,5064,0.8,0.7750789889415481,32.88188473439268,,,
x09_block_copula,Sequential block-copula scenarios,2,capacity_price,all_cells,main_211,211,2.6802230155906592,7.418276814840495,0.0734597156398104,5064,0.9,0.8536729857819905,44.75026618711161,,,
x09_block_copula,Sequential block-copula scenarios,2,capacity_price,all_cells,main_211,211,2.6802230155906592,7.418276814840495,0.0734597156398104,5064,0.98,0.8789494470774092,52.280366338813614,,,
x09_block_copula,Sequential block-copula scenarios,2,activation_volume,all_cells,main_211,211,2.84602760383926,7.875351779893198,0.0450236966824644,5064,0.5,0.507306477093207,15.158564409400585,0.0616166666666666,8.082648505867184,4758.0
x09_block_copula,Sequential block-copula scenarios,2,activation_volume,all_cells,main_211,211,2.84602760383926,7.875351779893198,0.0450236966824644,5064,0.8,0.8285939968404423,39.055309968057216,0.0616166666666666,8.082648505867184,4758.0
x09_block_copula,Sequential block-copula scenarios,2,activation_volume,all_cells,main_211,211,2.84602760383926,7.875351779893198,0.0450236966824644,5064,0.9,0.9133096366508688,56.508353944698285,0.0616166666666666,8.082648505867184,4758.0
x09_block_copula,Sequential block-copula scenarios,2,activation_volume,all_cells,main_211,211,2.84602760383926,7.875351779893198,0.0450236966824644,5064,0.98,0.9445102685624012,65.6622639697782,0.0616166666666666,8.082648505867184,4758.0
x09_block_copula,Sequential block-copula scenarios,2,activation_volume,nondegenerate_cells,main_211,211,2.871739015270336,7.944273826933626,0.0460513027671177,4951,0.5,0.5075742274288023,15.226777562067468,0.0630229852555039,8.161153906283161,4645.0
x09_block_copula,Sequential block-copula scenarios,2,activation_volume,nondegenerate_cells,main_211,211,2.871739015270336,7.944273826933626,0.0460513027671177,4951,0.8,0.8289234498081196,39.13800651548924,0.0630229852555039,8.161153906283161,4645.0
x09_block_copula,Sequential block-copula scenarios,2,activation_volume,nondegenerate_cells,main_211,211,2.871739015270336,7.944273826933626,0.0460513027671177,4951,0.9,0.9141587558069076,56.51973514559119,0.0630229852555039,8.161153906283161,4645.0
x09_block_copula,Sequential block-copula scenarios,2,activation_volume,nondegenerate_cells,main_211,211,2.871739015270336,7.944273826933626,0.0460513027671177,4951,0.98,0.9458695213088264,65.52579305258799,0.0630229852555039,8.161153906283161,4645.0
x09_block_copula,Sequential block-copula scenarios,2,activation_price,all_cells,main_211,211,23.806180704080376,62.56146630081815,0.0568936527952921,4758,0.5,0.4640605296343001,73.00734223413487,,,
x09_block_copula,Sequential block-copula scenarios,2,activation_price,all_cells,main_211,211,23.806180704080376,62.56146630081815,0.0568936527952921,4758,0.8,0.7414880201765448,217.81290400618968,,,
x09_block_copula,Sequential block-copula scenarios,2,activation_price,all_cells,main_211,211,23.806180704080376,62.56146630081815,0.0568936527952921,4758,0.9,0.8413198823034889,393.66362653821193,,,
x09_block_copula,Sequential block-copula scenarios,2,activation_price,all_cells,main_211,211,23.806180704080376,62.56146630081815,0.0568936527952921,4758,0.98,0.9333753678015974,797.9598716126477,,,
x09_block_copula,Sequential block-copula scenarios,2,day_ahead_price,all_cells,common_209,209,7.812218598560172,21.60183082710581,0.123006379585327,5016,0.5,0.4539473684210526,44.37566378177998,,,
x09_block_copula,Sequential block-copula scenarios,2,day_ahead_price,all_cells,common_209,209,7.812218598560172,21.60183082710581,0.123006379585327,5016,0.8,0.7163078149920256,92.22469503329172,,,
x09_block_copula,Sequential block-copula scenarios,2,day_ahead_price,all_cells,common_209,209,7.812218598560172,21.60183082710581,0.123006379585327,5016,0.9,0.7988437001594896,115.96124364917624,,,
x09_block_copula,Sequential block-copula scenarios,2,day_ahead_price,all_cells,common_209,209,7.812218598560172,21.60183082710581,0.123006379585327,5016,0.98,0.8231658692185008,127.10223521035168,,,
x09_block_copula,Sequential block-copula scenarios,2,capacity_price,all_cells,common_209,209,2.671602017244634,7.392711489364472,0.0741626794258373,5016,0.5,0.4958133971291866,13.814637840961057,,,
x09_block_copula,Sequential block-copula scenarios,2,capacity_price,all_cells,common_209,209,2.671602017244634,7.392711489364472,0.0741626794258373,5016,0.8,0.7751196172248804,32.6477285524775,,,
x09_block_copula,Sequential block-copula scenarios,2,capacity_price,all_cells,common_209,209,2.671602017244634,7.392711489364472,0.0741626794258373,5016,0.9,0.8542663476874003,44.58255884953756,,,
x09_block_copula,Sequential block-copula scenarios,2,capacity_price,all_cells,common_209,209,2.671602017244634,7.392711489364472,0.0741626794258373,5016,0.98,0.8797846889952153,52.181989987668096,,,
x09_block_copula,Sequential block-copula scenarios,2,activation_volume,all_cells,common_209,209,2.853920918035144,7.896523404005457,0.0448564593301435,5016,0.5,0.5059808612440191,15.12590515727426,0.0618958532695374,8.10657662352626,4711.0
x09_block_copula,Sequential block-copula scenarios,2,activation_volume,all_cells,common_209,209,2.853920918035144,7.896523404005457,0.0448564593301435,5016,0.8,0.8277511961722488,38.97753518476688,0.0618958532695374,8.10657662352626,4711.0
x09_block_copula,Sequential block-copula scenarios,2,activation_volume,all_cells,common_209,209,2.853920918035144,7.896523404005457,0.0448564593301435,5016,0.9,0.9130781499202552,56.43064032947581,0.0618958532695374,8.10657662352626,4711.0
x09_block_copula,Sequential block-copula scenarios,2,activation_volume,all_cells,common_209,209,2.853920918035144,7.896523404005457,0.0448564593301435,5016,0.98,0.9445773524720892,65.60246149432407,0.0618958532695374,8.10657662352626,4711.0
x09_block_copula,Sequential block-copula scenarios,2,activation_volume,nondegenerate_cells,common_209,209,2.880065960356048,7.966608137520009,0.0458902712624923,4903,0.5,0.5062206812155823,15.194033410050816,0.0633223740566999,8.186472548325673,4598.0
x09_block_copula,Sequential block-copula scenarios,2,activation_volume,nondegenerate_cells,common_209,209,2.880065960356048,7.966608137520009,0.0458902712624923,4903,0.8,0.8280644503365286,39.0592488408599,0.0633223740566999,8.186472548325673,4598.0
x09_block_copula,Sequential block-copula scenarios,2,activation_volume,nondegenerate_cells,common_209,209,2.880065960356048,7.966608137520009,0.0458902712624923,4903,0.9,0.913930246787681,56.44034187691629,0.0633223740566999,8.186472548325673,4598.0
x09_block_copula,Sequential block-copula scenarios,2,activation_volume,nondegenerate_cells,common_209,209,2.880065960356048,7.966608137520009,0.0458902712624923,4903,0.98,0.9459514582908424,65.46327626268322,0.0633223740566999,8.186472548325673,4598.0
x09_block_copula,Sequential block-copula scenarios,2,activation_price,all_cells,common_209,209,23.87087299448037,62.70312616949535,0.054466143069412,4711,0.5,0.4638081086818085,72.92851187402948,,,
x09_block_copula,Sequential block-copula scenarios,2,activation_price,all_cells,common_209,209,23.87087299448037,62.70312616949535,0.054466143069412,4711,0.8,0.7414561664190193,218.02941300561747,,,
x09_block_copula,Sequential block-copula scenarios,2,activation_price,all_cells,common_209,209,23.87087299448037,62.70312616949535,0.054466143069412,4711,0.9,0.8407981320314158,393.5794335033907,,,
x09_block_copula,Sequential block-copula scenarios,2,activation_price,all_cells,common_209,209,23.87087299448037,62.70312616949535,0.054466143069412,4711,0.98,0.933347484610486,797.6672304413596,,,
fb2_plus_weather,Weather-augmented Gaussian-copula scenarios,2,day_ahead_price,all_cells,common_209,209,7.986229054876435,21.153015834665577,0.208732057416268,5016,0.5,0.3969298245614035,38.58219220957313,,,
fb2_plus_weather,Weather-augmented Gaussian-copula scenarios,2,day_ahead_price,all_cells,common_209,209,7.986229054876435,21.153015834665577,0.208732057416268,5016,0.8,0.6134370015948963,68.89356735134447,,,
fb2_plus_weather,Weather-augmented Gaussian-copula scenarios,2,day_ahead_price,all_cells,common_209,209,7.986229054876435,21.153015834665577,0.208732057416268,5016,0.9,0.659688995215311,78.03620903041801,,,
fb2_plus_weather,Weather-augmented Gaussian-copula scenarios,2,day_ahead_price,all_cells,common_209,209,7.986229054876435,21.153015834665577,0.208732057416268,5016,0.98,0.6800239234449761,83.1431695570423,,,
fb2_plus_weather,Weather-augmented Gaussian-copula scenarios,2,capacity_price,all_cells,common_209,209,2.8974644750167013,7.968006744121271,0.1116427432216905,5016,0.5,0.4840510366826156,16.025437897071377,,,
fb2_plus_weather,Weather-augmented Gaussian-copula scenarios,2,capacity_price,all_cells,common_209,209,2.8974644750167013,7.968006744121271,0.1116427432216905,5016,0.8,0.7442185007974481,33.72513962342492,,,
fb2_plus_weather,Weather-augmented Gaussian-copula scenarios,2,capacity_price,all_cells,common_209,209,2.8974644750167013,7.968006744121271,0.1116427432216905,5016,0.9,0.8040271132376395,40.84336120013684,,,
fb2_plus_weather,Weather-augmented Gaussian-copula scenarios,2,capacity_price,all_cells,common_209,209,2.8974644750167013,7.968006744121271,0.1116427432216905,5016,0.98,0.830542264752791,45.50463276841936,,,
fb2_plus_weather,Weather-augmented Gaussian-copula scenarios,2,activation_volume,all_cells,common_209,209,3.182190797550019,8.590842410185475,0.0657894736842105,5016,0.5,0.5005980861244019,16.62576591427919,0.0604800039872408,8.872639039420426,4711.0
fb2_plus_weather,Weather-augmented Gaussian-copula scenarios,2,activation_volume,all_cells,common_209,209,3.182190797550019,8.590842410185475,0.0657894736842105,5016,0.8,0.7962519936204147,43.59658613728049,0.0604800039872408,8.872639039420426,4711.0
fb2_plus_weather,Weather-augmented Gaussian-copula scenarios,2,activation_volume,all_cells,common_209,209,3.182190797550019,8.590842410185475,0.0657894736842105,5016,0.9,0.8706140350877193,57.30761195288088,0.0604800039872408,8.872639039420426,4711.0
fb2_plus_weather,Weather-augmented Gaussian-copula scenarios,2,activation_volume,all_cells,common_209,209,3.182190797550019,8.590842410185475,0.0657894736842105,5016,0.98,0.9062998405103668,67.91173560416836,0.0604800039872408,8.872639039420426,4711.0
fb2_plus_weather,Weather-augmented Gaussian-copula scenarios,2,activation_volume,nondegenerate_cells,common_209,209,3.213194924496716,8.66868763091901,0.0673057311849888,4903,0.5,0.4992861513359168,16.634615369833075,0.0618738935345706,8.962573388346062,4598.0
fb2_plus_weather,Weather-augmented Gaussian-copula scenarios,2,activation_volume,nondegenerate_cells,common_209,209,3.213194924496716,8.66868763091901,0.0673057311849888,4903,0.8,0.794003671221701,43.62545731141772,0.0618738935345706,8.962573388346062,4598.0
fb2_plus_weather,Weather-augmented Gaussian-copula scenarios,2,activation_volume,nondegenerate_cells,common_209,209,3.213194924496716,8.66868763091901,0.0673057311849888,4903,0.9,0.8692637160921884,57.3092496833744,0.0618738935345706,8.962573388346062,4598.0
fb2_plus_weather,Weather-augmented Gaussian-copula scenarios,2,activation_volume,nondegenerate_cells,common_209,209,3.213194924496716,8.66868763091901,0.0673057311849888,4903,0.98,0.9055680195798492,67.72065551841007,0.0618738935345706,8.962573388346062,4598.0
fb2_plus_weather,Weather-augmented Gaussian-copula scenarios,2,activation_price,all_cells,common_209,209,23.88043722715653,62.76400114362468,0.0918976862661855,4711,0.5,0.4485247293568244,70.40679595136956,,,
fb2_plus_weather,Weather-augmented Gaussian-copula scenarios,2,activation_price,all_cells,common_209,209,23.88043722715653,62.76400114362468,0.0918976862661855,4711,0.8,0.7516450859690087,228.72343619378563,,,
fb2_plus_weather,Weather-augmented Gaussian-copula scenarios,2,activation_price,all_cells,common_209,209,23.88043722715653,62.76400114362468,0.0918976862661855,4711,0.9,0.8609637019741032,448.4311431384886,,,
fb2_plus_weather,Weather-augmented Gaussian-copula scenarios,2,activation_price,all_cells,common_209,209,23.88043722715653,62.76400114362468,0.0918976862661855,4711,0.98,0.9437486733177668,923.8080502234532,,,
climatology,Rolling climatological scenarios,3,day_ahead_price,all_cells,main_211,211,9.65608604317979,27.266008588897645,0.2153159557661927,5064,0.5,0.3141785150078989,40.81551927625858,,,
climatology,Rolling climatological scenarios,3,day_ahead_price,all_cells,main_211,211,9.65608604317979,27.266008588897645,0.2153159557661927,5064,0.8,0.5910347551342812,83.73519484015489,,,
climatology,Rolling climatological scenarios,3,day_ahead_price,all_cells,main_211,211,9.65608604317979,27.266008588897645,0.2153159557661927,5064,0.9,0.7049763033175356,114.20145740335016,,,
climatology,Rolling climatological scenarios,3,day_ahead_price,all_cells,main_211,211,9.65608604317979,27.266008588897645,0.2153159557661927,5064,0.98,0.8220774091627172,163.4598403274482,,,
climatology,Rolling climatological scenarios,3,capacity_price,all_cells,main_211,211,3.242157433439218,9.223083296496377,0.1811058451816745,5064,0.5,0.3674960505529226,18.9803011195843,,,
climatology,Rolling climatological scenarios,3,capacity_price,all_cells,main_211,211,3.242157433439218,9.223083296496377,0.1811058451816745,5064,0.8,0.6281595576619273,37.599346355124325,,,
climatology,Rolling climatological scenarios,3,capacity_price,all_cells,main_211,211,3.242157433439218,9.223083296496377,0.1811058451816745,5064,0.9,0.7415086887835703,50.11912225906767,,,
climatology,Rolling climatological scenarios,3,capacity_price,all_cells,main_211,211,3.242157433439218,9.223083296496377,0.1811058451816745,5064,0.98,0.8611769352290679,74.06651753954472,,,
climatology,Rolling climatological scenarios,3,activation_volume,all_cells,main_211,211,2.718904510719761,7.717242683727932,0.0762243285939968,5064,0.5,0.4845971563981042,15.425031617112417,0.0596524091627172,7.890404307519971,4758.0
climatology,Rolling climatological scenarios,3,activation_volume,all_cells,main_211,211,2.718904510719761,7.717242683727932,0.0762243285939968,5064,0.8,0.7971958925750395,32.997392422594125,0.0596524091627172,7.890404307519971,4758.0
climatology,Rolling climatological scenarios,3,activation_volume,all_cells,main_211,211,2.718904510719761,7.717242683727932,0.0762243285939968,5064,0.9,0.9000789889415481,45.6285686537298,0.0596524091627172,7.890404307519971,4758.0
climatology,Rolling climatological scenarios,3,activation_volume,all_cells,main_211,211,2.718904510719761,7.717242683727932,0.0762243285939968,5064,0.98,0.9676145339652448,72.44107663134557,0.0596524091627172,7.890404307519971,4758.0
climatology,Rolling climatological scenarios,3,activation_volume,nondegenerate_cells,main_211,211,2.73766163528422,7.769872888105415,0.0718157947889315,4951,0.5,0.4851545142395476,15.433903275583248,0.0610138961825893,7.950714190267315,4645.0
climatology,Rolling climatological scenarios,3,activation_volume,nondegenerate_cells,main_211,211,2.73766163528422,7.769872888105415,0.0718157947889315,4951,0.8,0.7984245606948092,32.969534889074296,0.0610138961825893,7.950714190267315,4645.0
climatology,Rolling climatological scenarios,3,activation_volume,nondegenerate_cells,main_211,211,2.73766163528422,7.769872888105415,0.0718157947889315,4951,0.9,0.9016360331246212,45.55306406365556,0.0610138961825893,7.950714190267315,4645.0
climatology,Rolling climatological scenarios,3,activation_volume,nondegenerate_cells,main_211,211,2.73766163528422,7.769872888105415,0.0718157947889315,4951,0.98,0.968693193294284,72.21178061794106,0.0610138961825893,7.950714190267315,4645.0
climatology,Rolling climatological scenarios,3,activation_price,all_cells,main_211,211,24.306634424718297,64.29119955056787,0.1844682639764607,4758,0.5,0.3936527952921395,65.78283332726093,,,
climatology,Rolling climatological scenarios,3,activation_price,all_cells,main_211,211,24.306634424718297,64.29119955056787,0.1844682639764607,4758,0.8,0.7116435477091215,188.39650429687487,,,
climatology,Rolling climatological scenarios,3,activation_price,all_cells,main_211,211,24.306634424718297,64.29119955056787,0.1844682639764607,4758,0.9,0.8261874737284574,380.90493718213816,,,
climatology,Rolling climatological scenarios,3,activation_price,all_cells,main_211,211,24.306634424718297,64.29119955056787,0.1844682639764607,4758,0.98,0.9310634720470786,852.9221725166649,,,
climatology,Rolling climatological scenarios,3,day_ahead_price,all_cells,common_209,209,9.685236280481126,27.340667397987172,0.2136842105263158,5016,0.5,0.3135964912280701,40.83630051421024,,,
climatology,Rolling climatological scenarios,3,day_ahead_price,all_cells,common_209,209,9.685236280481126,27.340667397987172,0.2136842105263158,5016,0.8,0.5887161084529505,83.7280472995643,,,
climatology,Rolling climatological scenarios,3,day_ahead_price,all_cells,common_209,209,9.685236280481126,27.340667397987172,0.2136842105263158,5016,0.9,0.7029505582137161,114.24578639820662,,,
climatology,Rolling climatological scenarios,3,day_ahead_price,all_cells,common_209,209,9.685236280481126,27.340667397987172,0.2136842105263158,5016,0.98,0.8209728867623605,163.50524298890002,,,
climatology,Rolling climatological scenarios,3,capacity_price,all_cells,common_209,209,3.2299711277581555,9.190871650288294,0.1843301435406698,5016,0.5,0.3684210526315789,19.001123877515514,,,
climatology,Rolling climatological scenarios,3,capacity_price,all_cells,common_209,209,3.2299711277581555,9.190871650288294,0.1843301435406698,5016,0.8,0.6281897926634769,37.61857395234328,,,
climatology,Rolling climatological scenarios,3,capacity_price,all_cells,common_209,209,3.2299711277581555,9.190871650288294,0.1843301435406698,5016,0.9,0.7414274322169059,50.1519568594122,,,
climatology,Rolling climatological scenarios,3,capacity_price,all_cells,common_209,209,3.2299711277581555,9.190871650288294,0.1843301435406698,5016,0.98,0.8614433811802232,74.12349827315224,,,
climatology,Rolling climatological scenarios,3,activation_volume,all_cells,common_209,209,2.729157634615513,7.745575794735611,0.078261562998405,5016,0.5,0.4830542264752791,15.432915192734551,0.0598615629984051,7.921703557248001,4711.0
climatology,Rolling climatological scenarios,3,activation_volume,all_cells,common_209,209,2.729157634615513,7.745575794735611,0.078261562998405,5016,0.8,0.7962519936204147,33.00244561667545,0.0598615629984051,7.921703557248001,4711.0
climatology,Rolling climatological scenarios,3,activation_volume,all_cells,common_209,209,2.729157634615513,7.745575794735611,0.078261562998405,5016,0.9,0.8995215311004785,45.63236815450978,0.0598615629984051,7.921703557248001,4711.0
climatology,Rolling climatological scenarios,3,activation_volume,all_cells,common_209,209,2.729157634615513,7.745575794735611,0.078261562998405,5016,0.98,0.9675039872408292,72.49120288557103,0.0598615629984051,7.921703557248001,4711.0
climatology,Rolling climatological scenarios,3,activation_volume,nondegenerate_cells,common_209,209,2.748334694929373,7.79937424128197,0.0738282684070976,4903,0.5,0.4835814807260861,15.442055397738509,0.0612411992657556,7.983399125012397,4598.0
climatology,Rolling climatological scenarios,3,activation_volume,nondegenerate_cells,common_209,209,2.748334694929373,7.79937424128197,0.0738282684070976,4903,0.8,0.7974709361615337,32.97443182154482,0.0612411992657556,7.983399125012397,4598.0
climatology,Rolling climatological scenarios,3,activation_volume,nondegenerate_cells,common_209,209,2.748334694929373,7.79937424128197,0.0738282684070976,4903,0.9,0.9010809708341831,45.55621194772426,0.0612411992657556,7.983399125012397,4598.0
climatology,Rolling climatological scenarios,3,activation_volume,nondegenerate_cells,common_209,209,2.748334694929373,7.79937424128197,0.0738282684070976,4903,0.98,0.9685906587803386,72.26081734699503,0.0612411992657556,7.983399125012397,4598.0
climatology,Rolling climatological scenarios,3,activation_price,all_cells,common_209,209,24.387845803055583,64.50922391861903,0.1842814689025684,4711,0.5,0.3926979409891742,65.86096510788964,,,
climatology,Rolling climatological scenarios,3,activation_price,all_cells,common_209,209,24.387845803055583,64.50922391861903,0.1842814689025684,4711,0.8,0.7113139460836341,188.5487742142659,,,
climatology,Rolling climatological scenarios,3,activation_price,all_cells,common_209,209,24.387845803055583,64.50922391861903,0.1842814689025684,4711,0.9,0.8257270218637232,380.86337010808313,,,
climatology,Rolling climatological scenarios,3,activation_price,all_cells,common_209,209,24.387845803055583,64.50922391861903,0.1842814689025684,4711,0.98,0.9310125238802802,852.6993884641411,,,
fb1_qr,Independent quantile-regression scenarios,3,day_ahead_price,all_cells,main_211,211,7.808286319654985,21.535159975124923,0.122827804107425,5064,0.5,0.4484597156398104,43.42876238541615,,,
fb1_qr,Independent quantile-regression scenarios,3,day_ahead_price,all_cells,main_211,211,7.808286319654985,21.535159975124923,0.122827804107425,5064,0.8,0.6945102685624013,87.07929710996893,,,
fb1_qr,Independent quantile-regression scenarios,3,day_ahead_price,all_cells,main_211,211,7.808286319654985,21.535159975124923,0.122827804107425,5064,0.9,0.7695497630331753,107.25382569286651,,,
fb1_qr,Independent quantile-regression scenarios,3,day_ahead_price,all_cells,main_211,211,7.808286319654985,21.535159975124923,0.122827804107425,5064,0.98,0.8149684044233807,123.1001944723106,,,
fb1_qr,Independent quantile-regression scenarios,3,capacity_price,all_cells,main_211,211,2.707200209061347,7.461632982075614,0.0736571879936808,5064,0.5,0.4930884676145339,13.92583595368074,,,
fb1_qr,Independent quantile-regression scenarios,3,capacity_price,all_cells,main_211,211,2.707200209061347,7.461632982075614,0.0736571879936808,5064,0.8,0.7596761453396524,30.96976919255525,,,
fb1_qr,Independent quantile-regression scenarios,3,capacity_price,all_cells,main_211,211,2.707200209061347,7.461632982075614,0.0736571879936808,5064,0.9,0.8309636650868878,40.7386776649854,,,
fb1_qr,Independent quantile-regression scenarios,3,capacity_price,all_cells,main_211,211,2.707200209061347,7.461632982075614,0.0736571879936808,5064,0.98,0.8730252764612955,49.82540672083138,,,
fb1_qr,Independent quantile-regression scenarios,3,activation_volume,all_cells,main_211,211,2.838031729666214,7.833751314584895,0.0464060031595576,5064,0.5,0.5033570300157978,14.964757051310675,0.05951887835703,8.036066572771315,4758.0
fb1_qr,Independent quantile-regression scenarios,3,activation_volume,all_cells,main_211,211,2.838031729666214,7.833751314584895,0.0464060031595576,5064,0.8,0.8046998420221169,36.592097421710655,0.05951887835703,8.036066572771315,4758.0
fb1_qr,Independent quantile-regression scenarios,3,activation_volume,all_cells,main_211,211,2.838031729666214,7.833751314584895,0.0464060031595576,5064,0.9,0.8923775671406003,51.40633628725829,0.05951887835703,8.036066572771315,4758.0
fb1_qr,Independent quantile-regression scenarios,3,activation_volume,all_cells,main_211,211,2.838031729666214,7.833751314584895,0.0464060031595576,5064,0.98,0.9358214849921012,63.08502074377124,0.05951887835703,8.036066572771315,4758.0
fb1_qr,Independent quantile-regression scenarios,3,activation_volume,nondegenerate_cells,main_211,211,2.866501788690204,7.910063974618651,0.0474651585538274,4951,0.5,0.502322763078166,15.03009251797294,0.0608773177135932,8.122328274386426,4645.0
fb1_qr,Independent quantile-regression scenarios,3,activation_volume,nondegenerate_cells,main_211,211,2.866501788690204,7.910063974618651,0.0474651585538274,4951,0.8,0.8042819632397495,36.677451409139465,0.0608773177135932,8.122328274386426,4645.0
fb1_qr,Independent quantile-regression scenarios,3,activation_volume,nondegenerate_cells,main_211,211,2.866501788690204,7.910063974618651,0.0474651585538274,4951,0.9,0.8929509190062613,51.4974197502932,0.0608773177135932,8.122328274386426,4645.0
fb1_qr,Independent quantile-regression scenarios,3,activation_volume,nondegenerate_cells,main_211,211,2.866501788690204,7.910063974618651,0.0474651585538274,4951,0.98,0.9369824277923652,63.08419960337868,0.0608773177135932,8.122328274386426,4645.0
fb1_qr,Independent quantile-regression scenarios,3,activation_price,all_cells,main_211,211,23.938116057014984,63.09170386893589,0.061660361496427,4758,0.5,0.4646910466582598,71.5226158041972,,,
fb1_qr,Independent quantile-regression scenarios,3,activation_price,all_cells,main_211,211,23.938116057014984,63.09170386893589,0.061660361496427,4758,0.8,0.7597730138713745,217.3730587318679,,,
fb1_qr,Independent quantile-regression scenarios,3,activation_price,all_cells,main_211,211,23.938116057014984,63.09170386893589,0.061660361496427,4758,0.9,0.8610760823875578,407.384965652348,,,
fb1_qr,Independent quantile-regression scenarios,3,activation_price,all_cells,main_211,211,23.938116057014984,63.09170386893589,0.061660361496427,4758,0.98,0.9440941572089112,911.2026315384586,,,
fb1_qr,Independent quantile-regression scenarios,3,day_ahead_price,all_cells,common_209,209,7.825563633387166,21.56994913914523,0.1238038277511961,5016,0.5,0.4479665071770335,43.270806748506615,,,
fb1_qr,Independent quantile-regression scenarios,3,day_ahead_price,all_cells,common_209,209,7.825563633387166,21.56994913914523,0.1238038277511961,5016,0.8,0.6931818181818182,86.76770884035953,,,
fb1_qr,Independent quantile-regression scenarios,3,day_ahead_price,all_cells,common_209,209,7.825563633387166,21.56994913914523,0.1238038277511961,5016,0.9,0.7677432216905901,106.97405230924952,,,
fb1_qr,Independent quantile-regression scenarios,3,day_ahead_price,all_cells,common_209,209,7.825563633387166,21.56994913914523,0.1238038277511961,5016,0.98,0.8133971291866029,122.83908260936964,,,
fb1_qr,Independent quantile-regression scenarios,3,capacity_price,all_cells,common_209,209,2.698745342421692,7.4365116997347345,0.0743620414673046,5016,0.5,0.4924242424242424,13.77336462773104,,,
fb1_qr,Independent quantile-regression scenarios,3,capacity_price,all_cells,common_209,209,2.698745342421692,7.4365116997347345,0.0743620414673046,5016,0.8,0.7595693779904307,30.762379740000554,,,
fb1_qr,Independent quantile-regression scenarios,3,capacity_price,all_cells,common_209,209,2.698745342421692,7.4365116997347345,0.0743620414673046,5016,0.9,0.8315390749601276,40.55008298544677,,,
fb1_qr,Independent quantile-regression scenarios,3,capacity_price,all_cells,common_209,209,2.698745342421692,7.4365116997347345,0.0743620414673046,5016,0.98,0.8738038277511961,49.70353956798007,,,
fb1_qr,Independent quantile-regression scenarios,3,activation_volume,all_cells,common_209,209,2.845456890644889,7.853743038729956,0.0462519936204146,5016,0.5,0.5015948963317385,14.92560438347053,0.0597925239234449,8.0586971968455,4711.0
fb1_qr,Independent quantile-regression scenarios,3,activation_volume,all_cells,common_209,209,2.845456890644889,7.853743038729956,0.0462519936204146,5016,0.8,0.8038277511961722,36.47121904652425,0.0597925239234449,8.0586971968455,4711.0
fb1_qr,Independent quantile-regression scenarios,3,activation_volume,all_cells,common_209,209,2.845456890644889,7.853743038729956,0.0462519936204146,5016,0.9,0.8921451355661882,51.25387468663298,0.0597925239234449,8.0586971968455,4711.0
fb1_qr,Independent quantile-regression scenarios,3,activation_volume,all_cells,common_209,209,2.845456890644889,7.853743038729956,0.0462519936204146,5016,0.98,0.935805422647528,63.00089101112133,0.0597925239234449,8.0586971968455,4711.0
fb1_qr,Independent quantile-regression scenarios,3,activation_volume,nondegenerate_cells,common_209,209,2.874376797929891,7.931263545492247,0.0473179685906587,4903,0.5,0.5005098919029166,14.990677123421362,0.0611705690393636,8.146396819403694,4598.0
fb1_qr,Independent quantile-regression scenarios,3,activation_volume,nondegenerate_cells,common_209,209,2.874376797929891,7.931263545492247,0.0473179685906587,4903,0.8,0.8033856822353661,36.55462274535434,0.0611705690393636,8.146396819403694,4598.0
fb1_qr,Independent quantile-regression scenarios,3,activation_volume,nondegenerate_cells,common_209,209,2.874376797929891,7.931263545492247,0.0473179685906587,4903,0.9,0.8927187436263512,51.34233605000546,0.0611705690393636,8.146396819403694,4598.0
fb1_qr,Independent quantile-regression scenarios,3,activation_volume,nondegenerate_cells,common_209,209,2.874376797929891,7.931263545492247,0.0473179685906587,4903,0.98,0.9369773607995106,62.99812288428614,0.0611705690393636,8.146396819403694,4598.0
fb1_qr,Independent quantile-regression scenarios,3,activation_price,all_cells,common_209,209,24.007239604413,63.24344017475098,0.0587369985141158,4711,0.5,0.4646571853109743,71.5076757812925,,,
fb1_qr,Independent quantile-regression scenarios,3,activation_price,all_cells,common_209,209,24.007239604413,63.24344017475098,0.0587369985141158,4711,0.8,0.7601358522606665,217.76302302600652,,,
fb1_qr,Independent quantile-regression scenarios,3,activation_price,all_cells,common_209,209,24.007239604413,63.24344017475098,0.0587369985141158,4711,0.9,0.8611759711313947,408.2445181990325,,,
fb1_qr,Independent quantile-regression scenarios,3,activation_price,all_cells,common_209,209,24.007239604413,63.24344017475098,0.0587369985141158,4711,0.98,0.9439609424750584,910.8440070114232,,,
hist_paired,Historical paired scenarios,3,day_ahead_price,all_cells,main_211,211,9.63380617788518,27.16649078265739,0.2152448657187994,5064,0.5,0.3145734597156398,40.89938917493004,,,
hist_paired,Historical paired scenarios,3,day_ahead_price,all_cells,main_211,211,9.63380617788518,27.16649078265739,0.2152448657187994,5064,0.8,0.5975513428120063,83.90147586346377,,,
hist_paired,Historical paired scenarios,3,day_ahead_price,all_cells,main_211,211,9.63380617788518,27.16649078265739,0.2152448657187994,5064,0.9,0.7063586097946287,113.9858789596202,,,
hist_paired,Historical paired scenarios,3,day_ahead_price,all_cells,main_211,211,9.63380617788518,27.16649078265739,0.2152448657187994,5064,0.98,0.8212875197472354,161.86168485209438,,,
hist_paired,Historical paired scenarios,3,capacity_price,all_cells,main_211,211,3.2452106885193244,9.249447874072484,0.1843206951026856,5064,0.5,0.3708530805687204,19.03881713190288,,,
hist_paired,Historical paired scenarios,3,capacity_price,all_cells,main_211,211,3.2452106885193244,9.249447874072484,0.1843206951026856,5064,0.8,0.6212480252764613,37.346478497000106,,,
hist_paired,Historical paired scenarios,3,capacity_price,all_cells,main_211,211,3.2452106885193244,9.249447874072484,0.1843206951026856,5064,0.9,0.7460505529225908,49.98393080594851,,,
hist_paired,Historical paired scenarios,3,capacity_price,all_cells,main_211,211,3.2452106885193244,9.249447874072484,0.1843206951026856,5064,0.98,0.8663112164296999,73.74450281318357,,,
hist_paired,Historical paired scenarios,3,activation_volume,all_cells,main_211,211,2.72220328666859,7.737132048254383,0.0790600315955766,5064,0.5,0.4814375987361769,15.418620180910583,0.0593110781990521,7.914235098379283,4758.0
hist_paired,Historical paired scenarios,3,activation_volume,all_cells,main_211,211,2.72220328666859,7.737132048254383,0.0790600315955766,5064,0.8,0.7979857819905213,33.26127292457462,0.0593110781990521,7.914235098379283,4758.0
hist_paired,Historical paired scenarios,3,activation_volume,all_cells,main_211,211,2.72220328666859,7.737132048254383,0.0790600315955766,5064,0.9,0.9048183254344392,45.85290462854825,0.0593110781990521,7.914235098379283,4758.0
hist_paired,Historical paired scenarios,3,activation_volume,all_cells,main_211,211,2.72220328666859,7.737132048254383,0.0790600315955766,5064,0.98,0.9642575039494472,72.09773303831464,0.0593110781990521,7.914235098379283,4758.0
hist_paired,Historical paired scenarios,3,activation_volume,nondegenerate_cells,main_211,211,2.741131757029968,7.789480765110941,0.074932336901636,4951,0.5,0.4829327408604322,15.422261179186863,0.0606647747929711,7.974340833970442,4645.0
hist_paired,Historical paired scenarios,3,activation_volume,nondegenerate_cells,main_211,211,2.741131757029968,7.789480765110941,0.074932336901636,4951,0.8,0.7990304988891133,33.225594244479254,0.0606647747929711,7.974340833970442,4645.0
hist_paired,Historical paired scenarios,3,activation_volume,nondegenerate_cells,main_211,211,2.741131757029968,7.789480765110941,0.074932336901636,4951,0.9,0.9068874974752577,45.77520300232108,0.0606647747929711,7.974340833970442,4645.0
hist_paired,Historical paired scenarios,3,activation_volume,nondegenerate_cells,main_211,211,2.741131757029968,7.789480765110941,0.074932336901636,4951,0.98,0.9652595435265604,71.81037552029242,0.0606647747929711,7.974340833970442,4645.0
hist_paired,Historical paired scenarios,3,activation_price,all_cells,main_211,211,24.366677772865632,64.30620423363058,0.1851197982345523,4758,0.5,0.3955443463640185,65.6143574900565,,,
hist_paired,Historical paired scenarios,3,activation_price,all_cells,main_211,211,24.366677772865632,64.30620423363058,0.1851197982345523,4758,0.8,0.7137452711223203,186.8795463552643,,,
hist_paired,Historical paired scenarios,3,activation_price,all_cells,main_211,211,24.366677772865632,64.30620423363058,0.1851197982345523,4758,0.9,0.8299705758722152,373.2728364567754,,,
hist_paired,Historical paired scenarios,3,activation_price,all_cells,main_211,211,24.366677772865632,64.30620423363058,0.1851197982345523,4758,0.98,0.9308532997057588,852.5529639931899,,,
hist_paired,Historical paired scenarios,3,day_ahead_price,all_cells,common_209,209,9.662687588995224,27.238074526418394,0.2137161084529505,5016,0.5,0.3139952153110047,40.94258072602133,,,
hist_paired,Historical paired scenarios,3,day_ahead_price,all_cells,common_209,209,9.662687588995224,27.238074526418394,0.2137161084529505,5016,0.8,0.5950956937799043,83.92692086496182,,,
hist_paired,Historical paired scenarios,3,day_ahead_price,all_cells,common_209,209,9.662687588995224,27.238074526418394,0.2137161084529505,5016,0.9,0.7045454545454546,114.05112281149924,,,
hist_paired,Historical paired scenarios,3,day_ahead_price,all_cells,common_209,209,9.662687588995224,27.238074526418394,0.2137161084529505,5016,0.98,0.8199760765550239,161.97120431811226,,,
hist_paired,Historical paired scenarios,3,capacity_price,all_cells,common_209,209,3.234473002878499,9.21888302923327,0.1873205741626794,5016,0.5,0.3716108452950558,19.055682806713296,,,
hist_paired,Historical paired scenarios,3,capacity_price,all_cells,common_209,209,3.234473002878499,9.21888302923327,0.1873205741626794,5016,0.8,0.6210127591706539,37.38356322045551,,,
hist_paired,Historical paired scenarios,3,capacity_price,all_cells,common_209,209,3.234473002878499,9.21888302923327,0.1873205741626794,5016,0.9,0.7458133971291866,50.02308833686362,,,
hist_paired,Historical paired scenarios,3,capacity_price,all_cells,common_209,209,3.234473002878499,9.21888302923327,0.1873205741626794,5016,0.98,0.8668261562998405,73.76894313735316,,,
hist_paired,Historical paired scenarios,3,activation_volume,all_cells,common_209,209,2.732080956021144,7.764903861143113,0.0799122807017543,5016,0.5,0.4796650717703349,15.426712040058534,0.0594976475279106,7.945066825141803,4711.0
hist_paired,Historical paired scenarios,3,activation_volume,all_cells,common_209,209,2.732080956021144,7.764903861143113,0.0799122807017543,5016,0.8,0.7970494417862839,33.250042681931866,0.0594976475279106,7.945066825141803,4711.0
hist_paired,Historical paired scenarios,3,activation_volume,all_cells,common_209,209,2.732080956021144,7.764903861143113,0.0799122807017543,5016,0.9,0.9047049441786283,45.83256211129235,0.0594976475279106,7.945066825141803,4711.0
hist_paired,Historical paired scenarios,3,activation_volume,all_cells,common_209,209,2.732080956021144,7.764903861143113,0.0799122807017543,5016,0.98,0.9639154704944178,72.13212641548431,0.0594976475279106,7.945066825141803,4711.0
hist_paired,Historical paired scenarios,3,activation_volume,nondegenerate_cells,common_209,209,2.751422386450681,7.818405128125211,0.0757638180705689,4903,0.5,0.4811339995920864,15.430575177433528,0.060868896593922,8.006544669192497,4598.0
hist_paired,Historical paired scenarios,3,activation_volume,nondegenerate_cells,common_209,209,2.751422386450681,7.818405128125211,0.0757638180705689,4903,0.8,0.7980828064450336,33.21375588556826,0.060868896593922,8.006544669192497,4598.0
hist_paired,Historical paired scenarios,3,activation_volume,nondegenerate_cells,common_209,209,2.751422386450681,7.818405128125211,0.0757638180705689,4903,0.9,0.9067917601468488,45.75363095569361,0.060868896593922,8.006544669192497,4598.0
hist_paired,Historical paired scenarios,3,activation_volume,nondegenerate_cells,common_209,209,2.751422386450681,7.818405128125211,0.0757638180705689,4903,0.98,0.9649194370793392,71.84274835713067,0.060868896593922,8.006544669192497,4598.0
hist_paired,Historical paired scenarios,3,activation_price,all_cells,common_209,209,24.44025151709228,64.50169030569151,0.184589259180641,4711,0.5,0.3946083634047972,65.63416975522796,,,
hist_paired,Historical paired scenarios,3,activation_price,all_cells,common_209,209,24.44025151709228,64.50169030569151,0.184589259180641,4711,0.8,0.7140734451284229,186.7220511270517,,,
hist_paired,Historical paired scenarios,3,activation_price,all_cells,common_209,209,24.44025151709228,64.50169030569151,0.184589259180641,4711,0.9,0.8301846741668436,372.7102678469012,,,
hist_paired,Historical paired scenarios,3,activation_price,all_cells,common_209,209,24.44025151709228,64.50169030569151,0.184589259180641,4711,0.98,0.9310125238802802,851.2563302866776,,,
hist_independent,Historical independent scenarios,3,day_ahead_price,all_cells,main_211,211,9.70298241893826,27.370507513622087,0.2171879936808847,5064,0.5,0.3120063191153238,40.451460900205376,,,
hist_independent,Historical independent scenarios,3,day_ahead_price,all_cells,main_211,211,9.70298241893826,27.370507513622087,0.2171879936808847,5064,0.8,0.582345971563981,83.63241696490043,,,
hist_independent,Historical independent scenarios,3,day_ahead_price,all_cells,main_211,211,9.70298241893826,27.370507513622087,0.2171879936808847,5064,0.9,0.7033965244865719,114.39162590221892,,,
hist_independent,Historical independent scenarios,3,day_ahead_price,all_cells,main_211,211,9.70298241893826,27.370507513622087,0.2171879936808847,5064,0.98,0.8206951026856241,160.75550417942202,,,
hist_independent,Historical independent scenarios,3,capacity_price,all_cells,main_211,211,3.271355305280867,9.286036255797208,0.1822195892575039,5064,0.5,0.3678909952606635,19.095471936531105,,,
hist_independent,Historical independent scenarios,3,capacity_price,all_cells,main_211,211,3.271355305280867,9.286036255797208,0.1822195892575039,5064,0.8,0.6277646129541864,37.76922787401509,,,
hist_independent,Historical independent scenarios,3,capacity_price,all_cells,main_211,211,3.271355305280867,9.286036255797208,0.1822195892575039,5064,0.9,0.742693522906793,50.61781794689176,,,
hist_independent,Historical independent scenarios,3,capacity_price,all_cells,main_211,211,3.271355305280867,9.286036255797208,0.1822195892575039,5064,0.98,0.8605845181674565,73.72133370784223,,,
hist_independent,Historical independent scenarios,3,activation_volume,all_cells,main_211,211,2.709289858877429,7.702118978567956,0.0766034755134281,5064,0.5,0.4804502369668246,15.35738647143983,0.0598565165876777,7.877148317486871,4758.0
hist_independent,Historical independent scenarios,3,activation_volume,all_cells,main_211,211,2.709289858877429,7.702118978567956,0.0766034755134281,5064,0.8,0.7950236966824644,33.06905076598414,0.0598565165876777,7.877148317486871,4758.0
hist_independent,Historical independent scenarios,3,activation_volume,all_cells,main_211,211,2.709289858877429,7.702118978567956,0.0766034755134281,5064,0.9,0.9022511848341233,45.62133028541621,0.0598565165876777,7.877148317486871,4758.0
hist_independent,Historical independent scenarios,3,activation_volume,all_cells,main_211,211,2.709289858877429,7.702118978567956,0.0766034755134281,5064,0.98,0.9662322274881516,72.01620933454873,0.0598565165876777,7.877148317486871,4758.0
hist_independent,Historical independent scenarios,3,activation_volume,nondegenerate_cells,main_211,211,2.7269523598614724,7.751834588721236,0.0721127045041406,4951,0.5,0.4801050292870127,15.35973088065361,0.0612226620884669,7.934397036790795,4645.0
hist_independent,Historical independent scenarios,3,activation_volume,nondegenerate_cells,main_211,211,2.7269523598614724,7.751834588721236,0.0721127045041406,4951,0.8,0.7962027873156938,33.03989377895059,0.0612226620884669,7.934397036790795,4645.0
hist_independent,Historical independent scenarios,3,activation_volume,nondegenerate_cells,main_211,211,2.7269523598614724,7.751834588721236,0.0721127045041406,4951,0.9,0.9042617652999394,45.51036752094355,0.0612226620884669,7.934397036790795,4645.0
hist_independent,Historical independent scenarios,3,activation_volume,nondegenerate_cells,main_211,211,2.7269523598614724,7.751834588721236,0.0721127045041406,4951,0.98,0.9674813169056756,71.70522834246748,0.0612226620884669,7.934397036790795,4645.0
hist_independent,Historical independent scenarios,3,activation_price,all_cells,main_211,211,24.295169558504,64.3605107233077,0.1826649852879361,4758,0.5,0.3923917612442202,65.50460626303322,,,
hist_independent,Historical independent scenarios,3,activation_price,all_cells,main_211,211,24.295169558504,64.3605107233077,0.1826649852879361,4758,0.8,0.7095418242959226,190.2771140734018,,,
hist_independent,Historical independent scenarios,3,activation_price,all_cells,main_211,211,24.295169558504,64.3605107233077,0.1826649852879361,4758,0.9,0.8276586801176965,379.8344601165038,,,
hist_independent,Historical independent scenarios,3,activation_price,all_cells,main_211,211,24.295169558504,64.3605107233077,0.1826649852879361,4758,0.98,0.9279108869272804,859.5171382402712,,,
hist_independent,Historical independent scenarios,3,day_ahead_price,all_cells,common_209,209,9.728540332685338,27.43444531595528,0.2153030303030303,5016,0.5,0.3118022328548644,40.48870351014562,,,
hist_independent,Historical independent scenarios,3,day_ahead_price,all_cells,common_209,209,9.728540332685338,27.43444531595528,0.2153030303030303,5016,0.8,0.5807416267942583,83.59323295705168,,,
hist_independent,Historical independent scenarios,3,day_ahead_price,all_cells,common_209,209,9.728540332685338,27.43444531595528,0.2153030303030303,5016,0.9,0.7013556618819776,114.32158480437134,,,
hist_independent,Historical independent scenarios,3,day_ahead_price,all_cells,common_209,209,9.728540332685338,27.43444531595528,0.2153030303030303,5016,0.98,0.819377990430622,160.7137610517081,,,
hist_independent,Historical independent scenarios,3,capacity_price,all_cells,common_209,209,3.258876392638587,9.252417599331135,0.1854944178628389,5016,0.5,0.3690191387559808,19.114214991203003,,,
hist_independent,Historical independent scenarios,3,capacity_price,all_cells,common_209,209,3.258876392638587,9.252417599331135,0.1854944178628389,5016,0.8,0.6277910685805422,37.80964153586952,,,
hist_independent,Historical independent scenarios,3,capacity_price,all_cells,common_209,209,3.258876392638587,9.252417599331135,0.1854944178628389,5016,0.9,0.7430223285486444,50.67334052416973,,,
hist_independent,Historical independent scenarios,3,capacity_price,all_cells,common_209,209,3.258876392638587,9.252417599331135,0.1854944178628389,5016,0.98,0.8610446570972887,73.77858132362577,,,
hist_independent,Historical independent scenarios,3,activation_volume,all_cells,common_209,209,2.720017548532465,7.73230595123134,0.0784449760765551,5016,0.5,0.4788676236044657,15.375957952255115,0.0600983253588516,7.910105321064324,4711.0
hist_independent,Historical independent scenarios,3,activation_volume,all_cells,common_209,209,2.720017548532465,7.73230595123134,0.0784449760765551,5016,0.8,0.7940590111642744,33.071042078282616,0.0600983253588516,7.910105321064324,4711.0
hist_independent,Historical independent scenarios,3,activation_volume,all_cells,common_209,209,2.720017548532465,7.73230595123134,0.0784449760765551,5016,0.9,0.901913875598086,45.61360826707198,0.0600983253588516,7.910105321064324,4711.0
hist_independent,Historical independent scenarios,3,activation_volume,all_cells,common_209,209,2.720017548532465,7.73230595123134,0.0784449760765551,5016,0.98,0.9659090909090908,72.01130723101305,0.0600983253588516,7.910105321064324,4711.0
hist_independent,Historical independent scenarios,3,activation_volume,nondegenerate_cells,common_209,209,2.7381002063548223,7.783203996056926,0.0739526820314093,4903,0.5,0.4784825616969202,15.3787533320939,0.0614834183153171,7.968749175472976,4598.0
hist_independent,Historical independent scenarios,3,activation_volume,nondegenerate_cells,common_209,209,2.7381002063548223,7.783203996056926,0.0739526820314093,4903,0.8,0.7952274117887008,33.04164554054789,0.0614834183153171,7.968749175472976,4598.0
hist_independent,Historical independent scenarios,3,activation_volume,nondegenerate_cells,common_209,209,2.7381002063548223,7.783203996056926,0.0739526820314093,4903,0.9,0.903936365490516,45.50138121527164,0.0614834183153171,7.968749175472976,4598.0
hist_independent,Historical independent scenarios,3,activation_volume,nondegenerate_cells,common_209,209,2.7381002063548223,7.783203996056926,0.0739526820314093,4903,0.98,0.9671629614521722,71.69716877914811,0.0614834183153171,7.968749175472976,4598.0
hist_independent,Historical independent scenarios,3,activation_price,all_cells,common_209,209,24.373323168413524,64.56811943108876,0.1827722351942263,4711,0.5,0.391636595202717,65.5361058958977,,,
hist_independent,Historical independent scenarios,3,activation_price,all_cells,common_209,209,24.373323168413524,64.56811943108876,0.1827722351942263,4711,0.8,0.7089789853534282,189.68620438067268,,,
hist_independent,Historical independent scenarios,3,activation_price,all_cells,common_209,209,24.373323168413524,64.56811943108876,0.1827722351942263,4711,0.9,0.8272129059647633,378.71481889386354,,,
hist_independent,Historical independent scenarios,3,activation_price,all_cells,common_209,209,24.373323168413524,64.56811943108876,0.1827722351942263,4711,0.98,0.9280407556782,858.897579027004,,,
empirical_copula,Empirical-copula scenarios,3,day_ahead_price,all_cells,main_211,211,7.849408093410011,21.76684302005864,0.1220379146919431,5064,0.5,0.4486571879936809,44.112436671410265,,,
empirical_copula,Empirical-copula scenarios,3,day_ahead_price,all_cells,main_211,211,7.849408093410011,21.76684302005864,0.1220379146919431,5064,0.8,0.7203791469194313,92.84998690402146,,,
empirical_copula,Empirical-copula scenarios,3,day_ahead_price,all_cells,main_211,211,7.849408093410011,21.76684302005864,0.1220379146919431,5064,0.9,0.7968009478672986,115.7464647014564,,,
empirical_copula,Empirical-copula scenarios,3,day_ahead_price,all_cells,main_211,211,7.849408093410011,21.76684302005864,0.1220379146919431,5064,0.98,0.8236571879936809,127.29927497621938,,,
empirical_copula,Empirical-copula scenarios,3,capacity_price,all_cells,main_211,211,2.7125348656338004,7.499453366411503,0.0734597156398104,5064,0.5,0.4903238546603475,14.16872846680192,,,
empirical_copula,Empirical-copula scenarios,3,capacity_price,all_cells,main_211,211,2.7125348656338004,7.499453366411503,0.0734597156398104,5064,0.8,0.7752764612954186,33.07920780930386,,,
empirical_copula,Empirical-copula scenarios,3,capacity_price,all_cells,main_211,211,2.7125348656338004,7.499453366411503,0.0734597156398104,5064,0.9,0.8528830963665087,44.38765236038553,,,
empirical_copula,Empirical-copula scenarios,3,capacity_price,all_cells,main_211,211,2.7125348656338004,7.499453366411503,0.0734597156398104,5064,0.98,0.8795418641390206,52.531881901685054,,,
empirical_copula,Empirical-copula scenarios,3,activation_volume,all_cells,main_211,211,2.855360017379215,7.893977506975402,0.0452211690363348,5064,0.5,0.514612954186414,15.171549207291452,0.061878574249605,8.10411738267683,4758.0
empirical_copula,Empirical-copula scenarios,3,activation_volume,all_cells,main_211,211,2.855360017379215,7.893977506975402,0.0452211690363348,5064,0.8,0.8264218009478673,39.4364118662058,0.061878574249605,8.10411738267683,4758.0
empirical_copula,Empirical-copula scenarios,3,activation_volume,all_cells,main_211,211,2.855360017379215,7.893977506975402,0.0452211690363348,5064,0.9,0.9137045813586098,56.97837807115242,0.061878574249605,8.10411738267683,4758.0
empirical_copula,Empirical-copula scenarios,3,activation_volume,all_cells,main_211,211,2.855360017379215,7.893977506975402,0.0452211690363348,5064,0.98,0.9427330173775672,65.77672551152659,0.061878574249605,8.10411738267683,4758.0
empirical_copula,Empirical-copula scenarios,3,activation_volume,nondegenerate_cells,main_211,211,2.8819615332313107,7.965864475390099,0.0462532821652191,4951,0.5,0.5138355887699455,15.235788858071457,0.0632908705312058,8.18585219141212,4645.0
empirical_copula,Empirical-copula scenarios,3,activation_volume,nondegenerate_cells,main_211,211,2.8819615332313107,7.965864475390099,0.0462532821652191,4951,0.8,0.8267016764290043,39.50148186995378,0.0632908705312058,8.18585219141212,4645.0
empirical_copula,Empirical-copula scenarios,3,activation_volume,nondegenerate_cells,main_211,211,2.8819615332313107,7.965864475390099,0.0462532821652191,4951,0.9,0.914360735205009,57.03801361286563,0.0632908705312058,8.18585219141212,4645.0
empirical_copula,Empirical-copula scenarios,3,activation_volume,nondegenerate_cells,main_211,211,2.8819615332313107,7.965864475390099,0.0462532821652191,4951,0.98,0.944051706725914,65.64767607252789,0.0632908705312058,8.18585219141212,4645.0
empirical_copula,Empirical-copula scenarios,3,activation_price,all_cells,main_211,211,23.6804656203312,62.432979007412655,0.0651450189155107,4758,0.5,0.4581757040773434,73.05303402200573,,,
empirical_copula,Empirical-copula scenarios,3,activation_price,all_cells,main_211,211,23.6804656203312,62.432979007412655,0.0651450189155107,4758,0.8,0.7454812946616225,219.3044306014812,,,
empirical_copula,Empirical-copula scenarios,3,activation_price,all_cells,main_211,211,23.6804656203312,62.432979007412655,0.0651450189155107,4758,0.9,0.844682639764607,410.670125669736,,,
empirical_copula,Empirical-copula scenarios,3,activation_price,all_cells,main_211,211,23.6804656203312,62.432979007412655,0.0651450189155107,4758,0.98,0.9325346784363178,807.8293661079695,,,
empirical_copula,Empirical-copula scenarios,3,day_ahead_price,all_cells,common_209,209,7.859985932178148,21.779891076671127,0.123006379585327,5016,0.5,0.4485645933014354,43.90759747164425,,,
empirical_copula,Empirical-copula scenarios,3,day_ahead_price,all_cells,common_209,209,7.859985932178148,21.779891076671127,0.123006379585327,5016,0.8,0.7200956937799043,92.57686195729067,,,
empirical_copula,Empirical-copula scenarios,3,day_ahead_price,all_cells,common_209,209,7.859985932178148,21.779891076671127,0.123006379585327,5016,0.9,0.7956539074960127,115.54412920377852,,,
empirical_copula,Empirical-copula scenarios,3,day_ahead_price,all_cells,common_209,209,7.859985932178148,21.779891076671127,0.123006379585327,5016,0.98,0.8221690590111643,127.0552790187128,,,
empirical_copula,Empirical-copula scenarios,3,capacity_price,all_cells,common_209,209,2.7052107526501614,7.478504350864962,0.0741626794258373,5016,0.5,0.4896331738437001,14.03972683671347,,,
empirical_copula,Empirical-copula scenarios,3,capacity_price,all_cells,common_209,209,2.7052107526501614,7.478504350864962,0.0741626794258373,5016,0.8,0.7755183413078149,32.87550578692236,,,
empirical_copula,Empirical-copula scenarios,3,capacity_price,all_cells,common_209,209,2.7052107526501614,7.478504350864962,0.0741626794258373,5016,0.9,0.8534688995215312,44.22584427167571,,,
empirical_copula,Empirical-copula scenarios,3,capacity_price,all_cells,common_209,209,2.7052107526501614,7.478504350864962,0.0741626794258373,5016,0.98,0.8803827751196173,52.43591239803112,,,
empirical_copula,Empirical-copula scenarios,3,activation_volume,all_cells,common_209,209,2.861370503289481,7.909522967257044,0.0450558213716107,5016,0.5,0.5135566188197768,15.122395875446426,0.0621546052631578,8.122569253547956,4711.0
empirical_copula,Empirical-copula scenarios,3,activation_volume,all_cells,common_209,209,2.861370503289481,7.909522967257044,0.0450558213716107,5016,0.8,0.8255582137161085,39.26162085223341,0.0621546052631578,8.122569253547956,4711.0
empirical_copula,Empirical-copula scenarios,3,activation_volume,all_cells,common_209,209,2.861370503289481,7.909522967257044,0.0450558213716107,5016,0.9,0.9134768740031898,56.86488493383453,0.0621546052631578,8.122569253547956,4711.0
empirical_copula,Empirical-copula scenarios,3,activation_volume,all_cells,common_209,209,2.861370503289481,7.909522967257044,0.0450558213716107,5016,0.98,0.9427830940988836,65.71801836183083,0.0621546052631578,8.122569253547956,4711.0
empirical_copula,Empirical-copula scenarios,3,activation_volume,nondegenerate_cells,common_209,209,2.888370970328353,7.982471981663119,0.046094228023659,4903,0.5,0.5127472975729146,15.18613158511669,0.0635870895370181,8.205593013440053,4598.0
empirical_copula,Empirical-copula scenarios,3,activation_volume,nondegenerate_cells,common_209,209,2.888370970328353,7.982471981663119,0.046094228023659,4903,0.8,0.8258209259636957,39.323299457980376,0.0635870895370181,8.205593013440053,4598.0
empirical_copula,Empirical-copula scenarios,3,activation_volume,nondegenerate_cells,common_209,209,2.888370970328353,7.982471981663119,0.046094228023659,4903,0.9,0.9141342035488476,56.92248861372546,0.0635870895370181,8.205593013440053,4598.0
empirical_copula,Empirical-copula scenarios,3,activation_volume,nondegenerate_cells,common_209,209,2.888370970328353,7.982471981663119,0.046094228023659,4903,0.98,0.9441158474403426,65.58635250819057,0.0635870895370181,8.205593013440053,4598.0
empirical_copula,Empirical-copula scenarios,3,activation_price,all_cells,common_209,209,23.733403150194277,62.55579095949143,0.062156654638081,4711,0.5,0.457864572277648,73.01320552193316,,,
empirical_copula,Empirical-copula scenarios,3,activation_price,all_cells,common_209,209,23.733403150194277,62.55579095949143,0.062156654638081,4711,0.8,0.7459138187221397,219.60990720208767,,,
empirical_copula,Empirical-copula scenarios,3,activation_price,all_cells,common_209,209,23.733403150194277,62.55579095949143,0.062156654638081,4711,0.9,0.8448312460199533,411.1049224527242,,,
empirical_copula,Empirical-copula scenarios,3,activation_price,all_cells,common_209,209,23.733403150194277,62.55579095949143,0.062156654638081,4711,0.98,0.9327106771386118,807.7473737288437,,,
fb2_gate,Gate-conditioned Gaussian-copula scenarios,3,day_ahead_price,all_cells,main_211,211,7.814898656235242,21.55506768877512,0.122827804107425,5064,0.5,0.4498420221169036,43.50293369475538,,,
fb2_gate,Gate-conditioned Gaussian-copula scenarios,3,day_ahead_price,all_cells,main_211,211,7.814898656235242,21.55506768877512,0.122827804107425,5064,0.8,0.6947077409162717,87.1987325133733,,,
fb2_gate,Gate-conditioned Gaussian-copula scenarios,3,day_ahead_price,all_cells,main_211,211,7.814898656235242,21.55506768877512,0.122827804107425,5064,0.9,0.7707345971563981,107.44061205781384,,,
fb2_gate,Gate-conditioned Gaussian-copula scenarios,3,day_ahead_price,all_cells,main_211,211,7.814898656235242,21.55506768877512,0.122827804107425,5064,0.98,0.8145734597156398,123.3838005179519,,,
fb2_gate,Gate-conditioned Gaussian-copula scenarios,3,capacity_price,all_cells,main_211,211,2.690745853649361,7.41341390921696,0.0738546603475513,5064,0.5,0.4928909952606635,13.947466663739634,,,
fb2_gate,Gate-conditioned Gaussian-copula scenarios,3,capacity_price,all_cells,main_211,211,2.690745853649361,7.41341390921696,0.0738546603475513,5064,0.8,0.7600710900473934,31.0229394943108,,,
fb2_gate,Gate-conditioned Gaussian-copula scenarios,3,capacity_price,all_cells,main_211,211,2.690745853649361,7.41341390921696,0.0738546603475513,5064,0.9,0.8335308056872038,40.980070380888776,,,
fb2_gate,Gate-conditioned Gaussian-copula scenarios,3,capacity_price,all_cells,main_211,211,2.690745853649361,7.41341390921696,0.0738546603475513,5064,0.98,0.8730252764612955,49.74340066880411,,,
fb2_gate,Gate-conditioned Gaussian-copula scenarios,3,activation_volume,all_cells,main_211,211,2.843986336230265,7.845978125678163,0.0458135860979462,5064,0.5,0.5001974723538705,14.93227753009904,0.0599461492890995,8.049418534701072,4758.0
fb2_gate,Gate-conditioned Gaussian-copula scenarios,3,activation_volume,all_cells,main_211,211,2.843986336230265,7.845978125678163,0.0458135860979462,5064,0.8,0.7991706161137441,36.636806401785165,0.0599461492890995,8.049418534701072,4758.0
fb2_gate,Gate-conditioned Gaussian-copula scenarios,3,activation_volume,all_cells,main_211,211,2.843986336230265,7.845978125678163,0.0458135860979462,5064,0.9,0.8882306477093207,51.29767091287,0.0599461492890995,8.049418534701072,4758.0
fb2_gate,Gate-conditioned Gaussian-copula scenarios,3,activation_volume,all_cells,main_211,211,2.843986336230265,7.845978125678163,0.0458135860979462,5064,0.98,0.936216429699842,62.96537159370796,0.0599461492890995,8.049418534701072,4758.0
fb2_gate,Gate-conditioned Gaussian-copula scenarios,3,activation_volume,nondegenerate_cells,main_211,211,2.8716462706252446,7.919002787102333,0.0468592203595232,4951,0.5,0.4992930721066451,14.998791739877118,0.0613143405372652,8.132203005084424,4645.0
fb2_gate,Gate-conditioned Gaussian-copula scenarios,3,activation_volume,nondegenerate_cells,main_211,211,2.8716462706252446,7.919002787102333,0.0468592203595232,4951,0.8,0.7986265400929106,36.72250777217469,0.0613143405372652,8.132203005084424,4645.0
fb2_gate,Gate-conditioned Gaussian-copula scenarios,3,activation_volume,nondegenerate_cells,main_211,211,2.8716462706252446,7.919002787102333,0.0468592203595232,4951,0.9,0.8887093516461321,51.38349882468903,0.0613143405372652,8.132203005084424,4645.0
fb2_gate,Gate-conditioned Gaussian-copula scenarios,3,activation_volume,nondegenerate_cells,main_211,211,2.8716462706252446,7.919002787102333,0.0468592203595232,4951,0.98,0.937386386588568,62.92372269918937,0.0613143405372652,8.132203005084424,4645.0
fb2_gate,Gate-conditioned Gaussian-copula scenarios,3,activation_price,all_cells,main_211,211,23.735196568391025,62.95057406851186,0.0641698192517865,4758,0.5,0.457124842370744,71.83184120511247,,,
fb2_gate,Gate-conditioned Gaussian-copula scenarios,3,activation_price,all_cells,main_211,211,23.735196568391025,62.95057406851186,0.0641698192517865,4758,0.8,0.7616645649432535,214.24388461255936,,,
fb2_gate,Gate-conditioned Gaussian-copula scenarios,3,activation_price,all_cells,main_211,211,23.735196568391025,62.95057406851186,0.0641698192517865,4758,0.9,0.8659100462379151,407.2073336119129,,,
fb2_gate,Gate-conditioned Gaussian-copula scenarios,3,activation_price,all_cells,main_211,211,23.735196568391025,62.95057406851186,0.0641698192517865,4758,0.98,0.9436738125262716,913.1263271495782,,,
fb2_gate,Gate-conditioned Gaussian-copula scenarios,3,day_ahead_price,all_cells,common_209,209,7.827466311084942,21.57361817313169,0.1238038277511961,5016,0.5,0.4493620414673046,43.27177930429323,,,
fb2_gate,Gate-conditioned Gaussian-copula scenarios,3,day_ahead_price,all_cells,common_209,209,7.827466311084942,21.57361817313169,0.1238038277511961,5016,0.8,0.6935805422647527,86.8793942975897,,,
fb2_gate,Gate-conditioned Gaussian-copula scenarios,3,day_ahead_price,all_cells,common_209,209,7.827466311084942,21.57361817313169,0.1238038277511961,5016,0.9,0.7689393939393939,107.17933059606722,,,
fb2_gate,Gate-conditioned Gaussian-copula scenarios,3,day_ahead_price,all_cells,common_209,209,7.827466311084942,21.57361817313169,0.1238038277511961,5016,0.98,0.8129984051036683,123.12080129087056,,,
fb2_gate,Gate-conditioned Gaussian-copula scenarios,3,capacity_price,all_cells,common_209,209,2.6825715300174147,7.38960949495833,0.0745614035087719,5016,0.5,0.4918261562998405,13.805878346872854,,,
fb2_gate,Gate-conditioned Gaussian-copula scenarios,3,capacity_price,all_cells,common_209,209,2.6825715300174147,7.38960949495833,0.0745614035087719,5016,0.8,0.7599681020733652,30.820575250623374,,,
fb2_gate,Gate-conditioned Gaussian-copula scenarios,3,capacity_price,all_cells,common_209,209,2.6825715300174147,7.38960949495833,0.0745614035087719,5016,0.9,0.8339314194577353,40.79988402342408,,,
fb2_gate,Gate-conditioned Gaussian-copula scenarios,3,capacity_price,all_cells,common_209,209,2.6825715300174147,7.38960949495833,0.0745614035087719,5016,0.98,0.8738038277511961,49.62249235745964,,,
fb2_gate,Gate-conditioned Gaussian-copula scenarios,3,activation_volume,all_cells,common_209,209,2.851268115299556,7.865061280549487,0.0456539074960127,5016,0.5,0.499401913875598,14.888942491215907,0.0602237639553429,8.071117979772099,4711.0
fb2_gate,Gate-conditioned Gaussian-copula scenarios,3,activation_volume,all_cells,common_209,209,2.851268115299556,7.865061280549487,0.0456539074960127,5016,0.8,0.7982456140350878,36.53667379639359,0.0602237639553429,8.071117979772099,4711.0
fb2_gate,Gate-conditioned Gaussian-copula scenarios,3,activation_volume,all_cells,common_209,209,2.851268115299556,7.865061280549487,0.0456539074960127,5016,0.9,0.8879585326953748,51.17368640311177,0.0602237639553429,8.071117979772099,4711.0
fb2_gate,Gate-conditioned Gaussian-copula scenarios,3,activation_volume,all_cells,common_209,209,2.851268115299556,7.865061280549487,0.0456539074960127,5016,0.98,0.9362041467304624,62.88146336901792,0.0602237639553429,8.071117979772099,4711.0
fb2_gate,Gate-conditioned Gaussian-copula scenarios,3,activation_volume,nondegenerate_cells,common_209,209,2.8793666623573504,7.939240659544293,0.0467060983071588,4903,0.5,0.4984703242912502,14.95510912250644,0.0616117479094432,8.15528194284815,4598.0
fb2_gate,Gate-conditioned Gaussian-copula scenarios,3,activation_volume,nondegenerate_cells,common_209,209,2.8793666623573504,7.939240659544293,0.0467060983071588,4903,0.8,0.7976748929227004,36.62090640915909,0.0616117479094432,8.15528194284815,4598.0
fb2_gate,Gate-conditioned Gaussian-copula scenarios,3,activation_volume,nondegenerate_cells,common_209,209,2.8793666623573504,7.939240659544293,0.0467060983071588,4903,0.9,0.8884356516418519,51.2574970785785,0.0616117479094432,8.15528194284815,4598.0
fb2_gate,Gate-conditioned Gaussian-copula scenarios,3,activation_volume,nondegenerate_cells,common_209,209,2.8793666623573504,7.939240659544293,0.0467060983071588,4903,0.98,0.9373852743218438,62.83747289254402,0.0616117479094432,8.15528194284815,4598.0
fb2_gate,Gate-conditioned Gaussian-copula scenarios,3,activation_price,all_cells,common_209,209,23.802727181748573,63.10660658929304,0.0614476756527276,4711,0.5,0.4572277648057737,71.77608339679239,,,
fb2_gate,Gate-conditioned Gaussian-copula scenarios,3,activation_price,all_cells,common_209,209,23.802727181748573,63.10660658929304,0.0614476756527276,4711,0.8,0.7616217363617066,214.45261674843985,,,
fb2_gate,Gate-conditioned Gaussian-copula scenarios,3,activation_price,all_cells,common_209,209,23.802727181748573,63.10660658929304,0.0614476756527276,4711,0.9,0.8658458925918064,407.1783910692081,,,
fb2_gate,Gate-conditioned Gaussian-copula scenarios,3,activation_price,all_cells,common_209,209,23.802727181748573,63.10660658929304,0.0614476756527276,4711,0.98,0.9435364041604756,912.2944419647464,,,
fb2_no_cross_target,Gaussian-copula scenarios without cross-target dependence,3,day_ahead_price,all_cells,main_211,211,7.833004902379808,21.621307663238834,0.1232227488151659,5064,0.5,0.4454976303317535,43.57268495530863,,,
fb2_no_cross_target,Gaussian-copula scenarios without cross-target dependence,3,day_ahead_price,all_cells,main_211,211,7.833004902379808,21.621307663238834,0.1232227488151659,5064,0.8,0.6962875197472354,87.096211158355,,,
fb2_no_cross_target,Gaussian-copula scenarios without cross-target dependence,3,day_ahead_price,all_cells,main_211,211,7.833004902379808,21.621307663238834,0.1232227488151659,5064,0.9,0.7681674565560821,107.31511429380016,,,
fb2_no_cross_target,Gaussian-copula scenarios without cross-target dependence,3,day_ahead_price,all_cells,main_211,211,7.833004902379808,21.621307663238834,0.1232227488151659,5064,0.98,0.8155608214849921,123.5088556752424,,,
fb2_no_cross_target,Gaussian-copula scenarios without cross-target dependence,3,capacity_price,all_cells,main_211,211,2.7081403465143645,7.464448106435387,0.0742496050552922,5064,0.5,0.4922985781990521,14.013491611013428,,,
fb2_no_cross_target,Gaussian-copula scenarios without cross-target dependence,3,capacity_price,all_cells,main_211,211,2.7081403465143645,7.464448106435387,0.0742496050552922,5064,0.8,0.759083728278041,30.84555671673796,,,
fb2_no_cross_target,Gaussian-copula scenarios without cross-target dependence,3,capacity_price,all_cells,main_211,211,2.7081403465143645,7.464448106435387,0.0742496050552922,5064,0.9,0.8331358609794629,40.59502266593803,,,
fb2_no_cross_target,Gaussian-copula scenarios without cross-target dependence,3,capacity_price,all_cells,main_211,211,2.7081403465143645,7.464448106435387,0.0742496050552922,5064,0.98,0.8740126382306477,49.795185117307526,,,
fb2_no_cross_target,Gaussian-copula scenarios without cross-target dependence,3,activation_volume,all_cells,main_211,211,2.841311896782183,7.83882231251554,0.0468009478672986,5064,0.5,0.4948657187993681,14.929700617357788,0.0593988546603475,8.046372217466036,4758.0
fb2_no_cross_target,Gaussian-copula scenarios without cross-target dependence,3,activation_volume,all_cells,main_211,211,2.841311896782183,7.83882231251554,0.0468009478672986,5064,0.8,0.8037124802527646,36.37366493174471,0.0593988546603475,8.046372217466036,4758.0
fb2_no_cross_target,Gaussian-copula scenarios without cross-target dependence,3,activation_volume,all_cells,main_211,211,2.841311896782183,7.83882231251554,0.0468009478672986,5064,0.9,0.8947472353870458,51.217879261805074,0.0593988546603475,8.046372217466036,4758.0
fb2_no_cross_target,Gaussian-copula scenarios without cross-target dependence,3,activation_volume,all_cells,main_211,211,2.841311896782183,7.83882231251554,0.0468009478672986,5064,0.98,0.9358214849921012,63.22020829353536,0.0593988546603475,8.046372217466036,4758.0
fb2_no_cross_target,Gaussian-copula scenarios without cross-target dependence,3,activation_volume,nondegenerate_cells,main_211,211,2.8700118729264985,7.914572685842891,0.0478691173500303,4951,0.5,0.4950515047465159,15.000952892923475,0.0607545546354271,8.132161934926344,4645.0
fb2_no_cross_target,Gaussian-copula scenarios without cross-target dependence,3,activation_volume,nondegenerate_cells,main_211,211,2.8700118729264985,7.914572685842891,0.0478691173500303,4951,0.8,0.8028681074530398,36.48500960533153,0.0607545546354271,8.132161934926344,4645.0
fb2_no_cross_target,Gaussian-copula scenarios without cross-target dependence,3,activation_volume,nondegenerate_cells,main_211,211,2.8700118729264985,7.914572685842891,0.0478691173500303,4951,0.9,0.8953746717834781,51.357218930720265,0.0607545546354271,8.132161934926344,4645.0
fb2_no_cross_target,Gaussian-copula scenarios without cross-target dependence,3,activation_volume,nondegenerate_cells,main_211,211,2.8700118729264985,7.914572685842891,0.0478691173500303,4951,0.98,0.9369824277923652,63.183543090303736,0.0607545546354271,8.132161934926344,4645.0
fb2_no_cross_target,Gaussian-copula scenarios without cross-target dependence,3,activation_price,all_cells,main_211,211,23.96191509601276,63.15797742708054,0.0657755359394703,4758,0.5,0.4552332912988651,71.49283979814962,,,
fb2_no_cross_target,Gaussian-copula scenarios without cross-target dependence,3,activation_price,all_cells,main_211,211,23.96191509601276,63.15797742708054,0.0657755359394703,4758,0.8,0.7608238755779739,215.27880735451745,,,
fb2_no_cross_target,Gaussian-copula scenarios without cross-target dependence,3,activation_price,all_cells,main_211,211,23.96191509601276,63.15797742708054,0.0657755359394703,4758,0.9,0.8633879781420765,407.1302104523854,,,
fb2_no_cross_target,Gaussian-copula scenarios without cross-target dependence,3,activation_price,all_cells,main_211,211,23.96191509601276,63.15797742708054,0.0657755359394703,4758,0.98,0.9434636401849515,906.0734200585248,,,
fb2_no_cross_target,Gaussian-copula scenarios without cross-target dependence,3,day_ahead_price,all_cells,common_209,209,7.849448783388933,21.653251200488576,0.1240031897926634,5016,0.5,0.4449760765550239,43.38195417515416,,,
fb2_no_cross_target,Gaussian-copula scenarios without cross-target dependence,3,day_ahead_price,all_cells,common_209,209,7.849448783388933,21.653251200488576,0.1240031897926634,5016,0.8,0.6951754385964912,86.77152787927281,,,
fb2_no_cross_target,Gaussian-copula scenarios without cross-target dependence,3,day_ahead_price,all_cells,common_209,209,7.849448783388933,21.653251200488576,0.1240031897926634,5016,0.9,0.7665470494417863,107.02037267560472,,,
fb2_no_cross_target,Gaussian-copula scenarios without cross-target dependence,3,day_ahead_price,all_cells,common_209,209,7.849448783388933,21.653251200488576,0.1240031897926634,5016,0.98,0.8141945773524721,123.25232110415688,,,
fb2_no_cross_target,Gaussian-copula scenarios without cross-target dependence,3,capacity_price,all_cells,common_209,209,2.700168029940952,7.440732708045596,0.0749601275917065,5016,0.5,0.4912280701754385,13.85374893846468,,,
fb2_no_cross_target,Gaussian-copula scenarios without cross-target dependence,3,capacity_price,all_cells,common_209,209,2.700168029940952,7.440732708045596,0.0749601275917065,5016,0.8,0.759170653907496,30.60975251942011,,,
fb2_no_cross_target,Gaussian-copula scenarios without cross-target dependence,3,capacity_price,all_cells,common_209,209,2.700168029940952,7.440732708045596,0.0749601275917065,5016,0.9,0.8335326953748007,40.40054454400777,,,
fb2_no_cross_target,Gaussian-copula scenarios without cross-target dependence,3,capacity_price,all_cells,common_209,209,2.700168029940952,7.440732708045596,0.0749601275917065,5016,0.98,0.8748006379585327,49.673027396081935,,,
fb2_no_cross_target,Gaussian-copula scenarios without cross-target dependence,3,activation_volume,all_cells,common_209,209,2.847550029975196,7.855043804039152,0.0466507177033492,5016,0.5,0.4938197767145135,14.89625957676556,0.059691726475279,8.065154543383054,4711.0
fb2_no_cross_target,Gaussian-copula scenarios without cross-target dependence,3,activation_volume,all_cells,common_209,209,2.847550029975196,7.855043804039152,0.0466507177033492,5016,0.8,0.8028309409888357,36.24706032360148,0.059691726475279,8.065154543383054,4711.0
fb2_no_cross_target,Gaussian-copula scenarios without cross-target dependence,3,activation_volume,all_cells,common_209,209,2.847550029975196,7.855043804039152,0.0466507177033492,5016,0.9,0.8945374800637959,51.05476115308527,0.059691726475279,8.065154543383054,4711.0
fb2_no_cross_target,Gaussian-copula scenarios without cross-target dependence,3,activation_volume,all_cells,common_209,209,2.847550029975196,7.855043804039152,0.0466507177033492,5016,0.98,0.935805422647528,63.137367591907534,0.059691726475279,8.065154543383054,4711.0
fb2_no_cross_target,Gaussian-copula scenarios without cross-target dependence,3,activation_volume,nondegenerate_cells,common_209,209,2.87667474768707,7.9319096263695394,0.047725882112992,4903,0.5,0.4939832755455843,14.967438687256852,0.0610674485009178,8.152282781841457,4598.0
fb2_no_cross_target,Gaussian-copula scenarios without cross-target dependence,3,activation_volume,nondegenerate_cells,common_209,209,2.87667474768707,7.9319096263695394,0.047725882112992,4903,0.8,0.8019579849071997,36.35657718230189,0.0610674485009178,8.152282781841457,4598.0
fb2_no_cross_target,Gaussian-copula scenarios without cross-target dependence,3,activation_volume,nondegenerate_cells,common_209,209,2.87667474768707,7.9319096263695394,0.047725882112992,4903,0.9,0.8951662247603508,51.19170554519496,0.0610674485009178,8.152282781841457,4598.0
fb2_no_cross_target,Gaussian-copula scenarios without cross-target dependence,3,activation_volume,nondegenerate_cells,common_209,209,2.87667474768707,7.9319096263695394,0.047725882112992,4903,0.98,0.9369773607995106,63.09843420000794,0.0610674485009178,8.152282781841457,4598.0
fb2_no_cross_target,Gaussian-copula scenarios without cross-target dependence,3,activation_price,all_cells,common_209,209,24.02858209672366,63.29543741178323,0.0625811929526639,4711,0.5,0.4553173423901507,71.46097120264993,,,
fb2_no_cross_target,Gaussian-copula scenarios without cross-target dependence,3,activation_price,all_cells,common_209,209,24.02858209672366,63.29543741178323,0.0625811929526639,4711,0.8,0.7616217363617066,215.6543611982302,,,
fb2_no_cross_target,Gaussian-copula scenarios without cross-target dependence,3,activation_price,all_cells,common_209,209,24.02858209672366,63.29543741178323,0.0625811929526639,4711,0.9,0.8632986627043091,407.7516122502065,,,
fb2_no_cross_target,Gaussian-copula scenarios without cross-target dependence,3,activation_price,all_cells,common_209,209,24.02858209672366,63.29543741178323,0.0625811929526639,4711,0.98,0.9435364041604756,907.2231651924166,,,
fb2_no_temporal,Gaussian-copula scenarios without temporal dependence,3,day_ahead_price,all_cells,main_211,211,7.804398455893723,21.527879890803277,0.122432859399684,5064,0.5,0.4445102685624013,43.2989514300044,,,
fb2_no_temporal,Gaussian-copula scenarios without temporal dependence,3,day_ahead_price,all_cells,main_211,211,7.804398455893723,21.527879890803277,0.122432859399684,5064,0.8,0.6953001579778831,87.07895496585124,,,
fb2_no_temporal,Gaussian-copula scenarios without temporal dependence,3,day_ahead_price,all_cells,main_211,211,7.804398455893723,21.527879890803277,0.122432859399684,5064,0.9,0.7693522906793049,107.14047352325838,,,
fb2_no_temporal,Gaussian-copula scenarios without temporal dependence,3,day_ahead_price,all_cells,main_211,211,7.804398455893723,21.527879890803277,0.122432859399684,5064,0.98,0.8145734597156398,123.11225268922304,,,
fb2_no_temporal,Gaussian-copula scenarios without temporal dependence,3,capacity_price,all_cells,main_211,211,2.685259493878024,7.409110491132692,0.0738546603475513,5064,0.5,0.4972353870458136,13.9796866790532,,,
fb2_no_temporal,Gaussian-copula scenarios without temporal dependence,3,capacity_price,all_cells,main_211,211,2.685259493878024,7.409110491132692,0.0738546603475513,5064,0.8,0.7578988941548184,31.12058075374076,,,
fb2_no_temporal,Gaussian-copula scenarios without temporal dependence,3,capacity_price,all_cells,main_211,211,2.685259493878024,7.409110491132692,0.0738546603475513,5064,0.9,0.8307661927330173,40.936245778471374,,,
fb2_no_temporal,Gaussian-copula scenarios without temporal dependence,3,capacity_price,all_cells,main_211,211,2.685259493878024,7.409110491132692,0.0738546603475513,5064,0.98,0.8738151658767772,49.80554769075467,,,
fb2_no_temporal,Gaussian-copula scenarios without temporal dependence,3,activation_volume,all_cells,main_211,211,2.839498823205229,7.835326390216082,0.0464060031595576,5064,0.5,0.5007898894154819,14.901071956447304,0.0596445892575039,8.037079041642892,4758.0
fb2_no_temporal,Gaussian-copula scenarios without temporal dependence,3,activation_volume,all_cells,main_211,211,2.839498823205229,7.835326390216082,0.0464060031595576,5064,0.8,0.8001579778830964,36.41266347876208,0.0596445892575039,8.037079041642892,4758.0
fb2_no_temporal,Gaussian-copula scenarios without temporal dependence,3,activation_volume,all_cells,main_211,211,2.839498823205229,7.835326390216082,0.0464060031595576,5064,0.9,0.8886255924170616,51.15498218688872,0.0596445892575039,8.037079041642892,4758.0
fb2_no_temporal,Gaussian-copula scenarios without temporal dependence,3,activation_volume,all_cells,main_211,211,2.839498823205229,7.835326390216082,0.0464060031595576,5064,0.98,0.9364139020537124,63.17625098461897,0.0596445892575039,8.037079041642892,4758.0
fb2_no_temporal,Gaussian-copula scenarios without temporal dependence,3,activation_volume,nondegenerate_cells,main_211,211,2.8678337538257024,7.910625991167436,0.0474651585538274,4951,0.5,0.4996970309028479,14.97274100746918,0.0610058977984245,8.122247259925214,4645.0
fb2_no_temporal,Gaussian-copula scenarios without temporal dependence,3,activation_volume,nondegenerate_cells,main_211,211,2.8678337538257024,7.910625991167436,0.0474651585538274,4951,0.8,0.7994344576853161,36.5145478517926,0.0610058977984245,8.122247259925214,4645.0
fb2_no_temporal,Gaussian-copula scenarios without temporal dependence,3,activation_volume,nondegenerate_cells,main_211,211,2.8678337538257024,7.910625991167436,0.0474651585538274,4951,0.9,0.8889113310442335,51.274706237797794,0.0610058977984245,8.122247259925214,4645.0
fb2_no_temporal,Gaussian-copula scenarios without temporal dependence,3,activation_volume,nondegenerate_cells,main_211,211,2.8678337538257024,7.910625991167436,0.0474651585538274,4951,0.98,0.9375883659866694,63.18787250075192,0.0610058977984245,8.122247259925214,4645.0
fb2_no_temporal,Gaussian-copula scenarios without temporal dependence,3,activation_price,all_cells,main_211,211,24.034964368517965,63.15976284421968,0.0644262295081967,4758,0.5,0.4581757040773434,71.87868429969068,,,
fb2_no_temporal,Gaussian-copula scenarios without temporal dependence,3,activation_price,all_cells,main_211,211,24.034964368517965,63.15976284421968,0.0644262295081967,4758,0.8,0.7622950819672131,218.67633039788004,,,
fb2_no_temporal,Gaussian-copula scenarios without temporal dependence,3,activation_price,all_cells,main_211,211,24.034964368517965,63.15976284421968,0.0644262295081967,4758,0.9,0.8589743589743589,413.4681795069181,,,
fb2_no_temporal,Gaussian-copula scenarios without temporal dependence,3,activation_price,all_cells,main_211,211,24.034964368517965,63.15976284421968,0.0644262295081967,4758,0.98,0.9438839848675914,913.0887818203212,,,
fb2_no_temporal,Gaussian-copula scenarios without temporal dependence,3,day_ahead_price,all_cells,common_209,209,7.816655447511024,21.546458762056982,0.1234051036682615,5016,0.5,0.4445773524720893,43.097084332423314,,,
fb2_no_temporal,Gaussian-copula scenarios without temporal dependence,3,day_ahead_price,all_cells,common_209,209,7.816655447511024,21.546458762056982,0.1234051036682615,5016,0.8,0.69377990430622,86.74095491298257,,,
fb2_no_temporal,Gaussian-copula scenarios without temporal dependence,3,day_ahead_price,all_cells,common_209,209,7.816655447511024,21.546458762056982,0.1234051036682615,5016,0.9,0.7675438596491229,106.85220918019924,,,
fb2_no_temporal,Gaussian-copula scenarios without temporal dependence,3,day_ahead_price,all_cells,common_209,209,7.816655447511024,21.546458762056982,0.1234051036682615,5016,0.98,0.8131977671451356,122.84499066483572,,,
fb2_no_temporal,Gaussian-copula scenarios without temporal dependence,3,capacity_price,all_cells,common_209,209,2.677620711592371,7.386851809287923,0.0745614035087719,5016,0.5,0.4962121212121212,13.833883585124848,,,
fb2_no_temporal,Gaussian-copula scenarios without temporal dependence,3,capacity_price,all_cells,common_209,209,2.677620711592371,7.386851809287923,0.0745614035087719,5016,0.8,0.7577751196172249,30.90011094339374,,,
fb2_no_temporal,Gaussian-copula scenarios without temporal dependence,3,capacity_price,all_cells,common_209,209,2.677620711592371,7.386851809287923,0.0745614035087719,5016,0.9,0.831140350877193,40.75280914149395,,,
fb2_no_temporal,Gaussian-copula scenarios without temporal dependence,3,capacity_price,all_cells,common_209,209,2.677620711592371,7.386851809287923,0.0745614035087719,5016,0.98,0.8746012759170654,49.68427077078662,,,
fb2_no_temporal,Gaussian-copula scenarios without temporal dependence,3,activation_volume,all_cells,common_209,209,2.846713999985545,7.854476930193104,0.0462519936204146,5016,0.5,0.4996012759170654,14.861507562578806,0.0599285486443381,8.059019683283427,4711.0
fb2_no_temporal,Gaussian-copula scenarios without temporal dependence,3,activation_volume,all_cells,common_209,209,2.846713999985545,7.854476930193104,0.0462519936204146,5016,0.8,0.7992424242424242,36.27851086200421,0.0599285486443381,8.059019683283427,4711.0
fb2_no_temporal,Gaussian-copula scenarios without temporal dependence,3,activation_volume,all_cells,common_209,209,2.846713999985545,7.854476930193104,0.0462519936204146,5016,0.9,0.8883572567783095,51.00637633096165,0.0599285486443381,8.059019683283427,4711.0
fb2_no_temporal,Gaussian-copula scenarios without temporal dependence,3,activation_volume,all_cells,common_209,209,2.846713999985545,7.854476930193104,0.0462519936204146,5016,0.98,0.9364035087719298,63.09269545388551,0.0599285486443381,8.059019683283427,4711.0
fb2_no_temporal,Gaussian-copula scenarios without temporal dependence,3,activation_volume,nondegenerate_cells,common_209,209,2.875492616440396,7.930955073233603,0.0473179685906587,4903,0.5,0.4984703242912502,14.932966403105455,0.0613097287375076,8.145597688160933,4598.0
fb2_no_temporal,Gaussian-copula scenarios without temporal dependence,3,activation_volume,nondegenerate_cells,common_209,209,2.875492616440396,7.930955073233603,0.0473179685906587,4903,0.8,0.7984907199673669,36.3783008447047,0.0613097287375076,8.145597688160933,4598.0
fb2_no_temporal,Gaussian-copula scenarios without temporal dependence,3,activation_volume,nondegenerate_cells,common_209,209,2.875492616440396,7.930955073233603,0.0473179685906587,4903,0.9,0.8886396084030186,51.12384753518988,0.0613097287375076,8.145597688160933,4598.0
fb2_no_temporal,Gaussian-copula scenarios without temporal dependence,3,activation_volume,nondegenerate_cells,common_209,209,2.875492616440396,7.930955073233603,0.0473179685906587,4903,0.98,0.9375892310830104,63.102505029941256,0.0613097287375076,8.145597688160933,4598.0
fb2_no_temporal,Gaussian-copula scenarios without temporal dependence,3,activation_price,all_cells,common_209,209,24.103566509670912,63.306532756826826,0.0613309276162173,4711,0.5,0.4580768414349395,71.84503421007106,,,
fb2_no_temporal,Gaussian-copula scenarios without temporal dependence,3,activation_price,all_cells,common_209,209,24.103566509670912,63.306532756826826,0.0613309276162173,4711,0.8,0.7628953513054553,219.04676791368,,,
fb2_no_temporal,Gaussian-copula scenarios without temporal dependence,3,activation_price,all_cells,common_209,209,24.103566509670912,63.306532756826826,0.0613309276162173,4711,0.9,0.8586287412438972,413.8545568979989,,,
fb2_no_temporal,Gaussian-copula scenarios without temporal dependence,3,activation_price,all_cells,common_209,209,24.103566509670912,63.306532756826826,0.0613309276162173,4711,0.98,0.9437486733177668,913.0135807336984,,,
x09_block_copula,Sequential block-copula scenarios,3,day_ahead_price,all_cells,main_211,211,7.835427251714723,21.67242424878936,0.1220379146919431,5064,0.5,0.4545813586097946,44.26447427763691,,,
x09_block_copula,Sequential block-copula scenarios,3,day_ahead_price,all_cells,main_211,211,7.835427251714723,21.67242424878936,0.1220379146919431,5064,0.8,0.7174170616113744,92.8078171524732,,,
x09_block_copula,Sequential block-copula scenarios,3,day_ahead_price,all_cells,main_211,211,7.835427251714723,21.67242424878936,0.1220379146919431,5064,0.9,0.7985781990521327,117.2621354007384,,,
x09_block_copula,Sequential block-copula scenarios,3,day_ahead_price,all_cells,main_211,211,7.835427251714723,21.67242424878936,0.1220379146919431,5064,0.98,0.8240521327014217,127.44976256306954,,,
x09_block_copula,Sequential block-copula scenarios,3,capacity_price,all_cells,main_211,211,2.6969874933400635,7.464976189833962,0.0732622432859399,5064,0.5,0.4964454976303317,13.89122062490665,,,
x09_block_copula,Sequential block-copula scenarios,3,capacity_price,all_cells,main_211,211,2.6969874933400635,7.464976189833962,0.0732622432859399,5064,0.8,0.77586887835703,32.801325271107245,,,
x09_block_copula,Sequential block-copula scenarios,3,capacity_price,all_cells,main_211,211,2.6969874933400635,7.464976189833962,0.0732622432859399,5064,0.9,0.8499210110584519,44.81371476892328,,,
x09_block_copula,Sequential block-copula scenarios,3,capacity_price,all_cells,main_211,211,2.6969874933400635,7.464976189833962,0.0732622432859399,5064,0.98,0.8795418641390206,52.27247333446636,,,
x09_block_copula,Sequential block-copula scenarios,3,activation_volume,all_cells,main_211,211,2.8486524417950494,7.869120253979544,0.0450236966824644,5064,0.5,0.5122432859399684,15.140560813092028,0.0614031200631911,8.077867828926475,4758.0
x09_block_copula,Sequential block-copula scenarios,3,activation_volume,all_cells,main_211,211,2.8486524417950494,7.869120253979544,0.0450236966824644,5064,0.8,0.8335308056872038,39.02195914021323,0.0614031200631911,8.077867828926475,4758.0
x09_block_copula,Sequential block-copula scenarios,3,activation_volume,all_cells,main_211,211,2.8486524417950494,7.869120253979544,0.0450236966824644,5064,0.9,0.9119273301737756,56.86059361317675,0.0614031200631911,8.077867828926475,4758.0
x09_block_copula,Sequential block-copula scenarios,3,activation_volume,all_cells,main_211,211,2.8486524417950494,7.869120253979544,0.0450236966824644,5064,0.98,0.943522906793049,65.71787167395033,0.0614031200631911,8.077867828926475,4758.0
x09_block_copula,Sequential block-copula scenarios,3,activation_volume,nondegenerate_cells,main_211,211,2.876393394599673,7.94503266172728,0.0460513027671177,4951,0.5,0.5114118359927288,15.212542378424915,0.062804564734397,8.163859391193009,4645.0
x09_block_copula,Sequential block-copula scenarios,3,activation_volume,nondegenerate_cells,main_211,211,2.876393394599673,7.94503266172728,0.0460513027671177,4951,0.8,0.833770955362553,39.128019194663686,0.062804564734397,8.163859391193009,4645.0
x09_block_copula,Sequential block-copula scenarios,3,activation_volume,nondegenerate_cells,main_211,211,2.876393394599673,7.94503266172728,0.0460513027671177,4951,0.9,0.9129468794182992,56.906711281897216,0.062804564734397,8.163859391193009,4645.0
x09_block_copula,Sequential block-copula scenarios,3,activation_volume,nondegenerate_cells,main_211,211,2.876393394599673,7.94503266172728,0.0460513027671177,4951,0.98,0.9448596243183196,65.63689212230902,0.062804564734397,8.163859391193009,4645.0
x09_block_copula,Sequential block-copula scenarios,3,activation_price,all_cells,main_211,211,23.711009089436537,62.46347290391041,0.0586296763345943,4758,0.5,0.457124842370744,72.33495831549693,,,
x09_block_copula,Sequential block-copula scenarios,3,activation_price,all_cells,main_211,211,23.711009089436537,62.46347290391041,0.0586296763345943,4758,0.8,0.7385456073980664,215.56553237845472,,,
x09_block_copula,Sequential block-copula scenarios,3,activation_price,all_cells,main_211,211,23.711009089436537,62.46347290391041,0.0586296763345943,4758,0.9,0.8425809163514082,395.2449474517638,,,
x09_block_copula,Sequential block-copula scenarios,3,activation_price,all_cells,main_211,211,23.711009089436537,62.46347290391041,0.0586296763345943,4758,0.98,0.9295922656578396,798.7125968695475,,,
x09_block_copula,Sequential block-copula scenarios,3,day_ahead_price,all_cells,common_209,209,7.849594777860099,21.6986737421949,0.123006379585327,5016,0.5,0.4543460925039872,44.11204957094361,,,
x09_block_copula,Sequential block-copula scenarios,3,day_ahead_price,all_cells,common_209,209,7.849594777860099,21.6986737421949,0.123006379585327,5016,0.8,0.7159090909090909,92.47565324543068,,,
x09_block_copula,Sequential block-copula scenarios,3,day_ahead_price,all_cells,common_209,209,7.849594777860099,21.6986737421949,0.123006379585327,5016,0.9,0.7968500797448166,116.98552061998932,,,
x09_block_copula,Sequential block-copula scenarios,3,day_ahead_price,all_cells,common_209,209,7.849594777860099,21.6986737421949,0.123006379585327,5016,0.98,0.8225677830940988,127.19870862084916,,,
x09_block_copula,Sequential block-copula scenarios,3,capacity_price,all_cells,common_209,209,2.6883419033928373,7.440296803090124,0.07396331738437,5016,0.5,0.4956140350877193,13.731546878294884,,,
x09_block_copula,Sequential block-copula scenarios,3,capacity_price,all_cells,common_209,209,2.6883419033928373,7.440296803090124,0.07396331738437,5016,0.8,0.7761164274322169,32.564261132894835,,,
x09_block_copula,Sequential block-copula scenarios,3,capacity_price,all_cells,common_209,209,2.6883419033928373,7.440296803090124,0.07396331738437,5016,0.9,0.8504784688995215,44.65536233835043,,,
x09_block_copula,Sequential block-copula scenarios,3,capacity_price,all_cells,common_209,209,2.6883419033928373,7.440296803090124,0.07396331738437,5016,0.98,0.8803827751196173,52.17402145573624,,,
x09_block_copula,Sequential block-copula scenarios,3,activation_volume,all_cells,common_209,209,2.8555315757827997,7.8875984107884625,0.0448564593301435,5016,0.5,0.5121610845295056,15.112726953736852,0.0617117424242424,8.098761092199352,4711.0
x09_block_copula,Sequential block-copula scenarios,3,activation_volume,all_cells,common_209,209,2.8555315757827997,7.8875984107884625,0.0448564593301435,5016,0.8,0.8325358851674641,38.85927853725796,0.0617117424242424,8.098761092199352,4711.0
x09_block_copula,Sequential block-copula scenarios,3,activation_volume,all_cells,common_209,209,2.8555315757827997,7.8875984107884625,0.0448564593301435,5016,0.9,0.911682615629984,56.74636525776441,0.0617117424242424,8.098761092199352,4711.0
x09_block_copula,Sequential block-copula scenarios,3,activation_volume,all_cells,common_209,209,2.8555315757827997,7.8875984107884625,0.0448564593301435,5016,0.98,0.9435805422647529,65.65860132963661,0.0617117424242424,8.098761092199352,4711.0
x09_block_copula,Sequential block-copula scenarios,3,activation_volume,nondegenerate_cells,common_209,209,2.8837026546072564,7.964679863466099,0.0458902712624923,4903,0.5,0.5113196002447481,15.184771723032382,0.0631340199877626,8.186145116879187,4598.0
x09_block_copula,Sequential block-copula scenarios,3,activation_volume,nondegenerate_cells,common_209,209,2.8837026546072564,7.964679863466099,0.0458902712624923,4903,0.8,0.8327554558433612,38.96262759323395,0.0631340199877626,8.186145116879187,4598.0
x09_block_copula,Sequential block-copula scenarios,3,activation_volume,nondegenerate_cells,common_209,209,2.8837026546072564,7.964679863466099,0.0458902712624923,4903,0.9,0.9127065062206812,56.79030178105084,0.0631340199877626,8.186145116879187,4598.0
x09_block_copula,Sequential block-copula scenarios,3,activation_volume,nondegenerate_cells,common_209,209,2.8837026546072564,7.964679863466099,0.0458902712624923,4903,0.98,0.9449316744850093,65.57546298391286,0.0631340199877626,8.186145116879187,4598.0
x09_block_copula,Sequential block-copula scenarios,3,activation_price,all_cells,common_209,209,23.770711873865142,62.59719386507442,0.0560475482912332,4711,0.5,0.4572277648057737,72.27794783243428,,,
x09_block_copula,Sequential block-copula scenarios,3,activation_price,all_cells,common_209,209,23.770711873865142,62.59719386507442,0.0560475482912332,4711,0.8,0.7393334748461049,215.8443992693684,,,
x09_block_copula,Sequential block-copula scenarios,3,activation_price,all_cells,common_209,209,23.770711873865142,62.59719386507442,0.0560475482912332,4711,0.9,0.8418594778178731,395.5684167221518,,,
x09_block_copula,Sequential block-copula scenarios,3,activation_price,all_cells,common_209,209,23.770711873865142,62.59719386507442,0.0560475482912332,4711,0.98,0.92952663977924,798.8506450112213,,,
fb2_plus_weather,Weather-augmented Gaussian-copula scenarios,3,day_ahead_price,all_cells,common_209,209,7.962972932084877,21.064714321002167,0.208732057416268,5016,0.5,0.3997208931419457,38.66193929655567,,,
fb2_plus_weather,Weather-augmented Gaussian-copula scenarios,3,day_ahead_price,all_cells,common_209,209,7.962972932084877,21.064714321002167,0.208732057416268,5016,0.8,0.6098484848484849,68.75817645086438,,,
fb2_plus_weather,Weather-augmented Gaussian-copula scenarios,3,day_ahead_price,all_cells,common_209,209,7.962972932084877,21.064714321002167,0.208732057416268,5016,0.9,0.6533094098883573,78.1384941868191,,,
fb2_plus_weather,Weather-augmented Gaussian-copula scenarios,3,day_ahead_price,all_cells,common_209,209,7.962972932084877,21.064714321002167,0.208732057416268,5016,0.98,0.6800239234449761,83.2051204321755,,,
fb2_plus_weather,Weather-augmented Gaussian-copula scenarios,3,capacity_price,all_cells,common_209,209,2.871523170351177,7.898546732190018,0.1118421052631579,5016,0.5,0.4832535885167464,16.001726557216305,,,
fb2_plus_weather,Weather-augmented Gaussian-copula scenarios,3,capacity_price,all_cells,common_209,209,2.871523170351177,7.898546732190018,0.1118421052631579,5016,0.8,0.7422248803827751,33.62860676283921,,,
fb2_plus_weather,Weather-augmented Gaussian-copula scenarios,3,capacity_price,all_cells,common_209,209,2.871523170351177,7.898546732190018,0.1118421052631579,5016,0.9,0.8060207336523126,40.72360355219165,,,
fb2_plus_weather,Weather-augmented Gaussian-copula scenarios,3,capacity_price,all_cells,common_209,209,2.871523170351177,7.898546732190018,0.1118421052631579,5016,0.98,0.8297448165869219,45.530054026538295,,,
fb2_plus_weather,Weather-augmented Gaussian-copula scenarios,3,activation_volume,all_cells,common_209,209,3.180211885246892,8.595256845846455,0.0657894736842105,5016,0.5,0.497408293460925,16.715546464411744,0.0605040271132376,8.873678190936985,4711.0
fb2_plus_weather,Weather-augmented Gaussian-copula scenarios,3,activation_volume,all_cells,common_209,209,3.180211885246892,8.595256845846455,0.0657894736842105,5016,0.8,0.7966507177033493,44.29149530014,0.0605040271132376,8.873678190936985,4711.0
fb2_plus_weather,Weather-augmented Gaussian-copula scenarios,3,activation_volume,all_cells,common_209,209,3.180211885246892,8.595256845846455,0.0657894736842105,5016,0.9,0.8702153110047847,57.76451532536329,0.0605040271132376,8.873678190936985,4711.0
fb2_plus_weather,Weather-augmented Gaussian-copula scenarios,3,activation_volume,all_cells,common_209,209,3.180211885246892,8.595256845846455,0.0657894736842105,5016,0.98,0.9055023923444976,67.94546860062657,0.0605040271132376,8.873678190936985,4711.0
fb2_plus_weather,Weather-augmented Gaussian-copula scenarios,3,activation_volume,nondegenerate_cells,common_209,209,3.2122665884581694,8.677029429649386,0.0673057311849888,4903,0.5,0.495818886396084,16.743569898081684,0.0618984703242912,8.967717466791923,4598.0
fb2_plus_weather,Weather-augmented Gaussian-copula scenarios,3,activation_volume,nondegenerate_cells,common_209,209,3.2122665884581694,8.677029429649386,0.0673057311849888,4903,0.8,0.7942076279828676,44.36081040011239,0.0618984703242912,8.967717466791923,4598.0
fb2_plus_weather,Weather-augmented Gaussian-copula scenarios,3,activation_volume,nondegenerate_cells,common_209,209,3.2122665884581694,8.677029429649386,0.0673057311849888,4903,0.9,0.8686518458086886,57.78255166270394,0.0618984703242912,8.967717466791923,4598.0
fb2_plus_weather,Weather-augmented Gaussian-copula scenarios,3,activation_volume,nondegenerate_cells,common_209,209,3.2122665884581694,8.677029429649386,0.0673057311849888,4903,0.98,0.9047521925351826,67.79866949677582,0.0618984703242912,8.967717466791923,4598.0
fb2_plus_weather,Weather-augmented Gaussian-copula scenarios,3,activation_price,all_cells,common_209,209,23.808331028418827,62.575480399479375,0.0899172150286563,4711,0.5,0.4506474209297389,70.22510799447225,,,
fb2_plus_weather,Weather-augmented Gaussian-copula scenarios,3,activation_price,all_cells,common_209,209,23.808331028418827,62.575480399479375,0.0899172150286563,4711,0.8,0.7507960093398429,229.5621707377474,,,
fb2_plus_weather,Weather-augmented Gaussian-copula scenarios,3,activation_price,all_cells,common_209,209,23.808331028418827,62.575480399479375,0.0899172150286563,4711,0.9,0.8609637019741032,446.80890585741,,,
fb2_plus_weather,Weather-augmented Gaussian-copula scenarios,3,activation_price,all_cells,common_209,209,23.808331028418827,62.575480399479375,0.0899172150286563,4711,0.98,0.941413712587561,923.2342288058488,,,
