/public/ZLCODE/.venvs/r1_lear_de/lib/python3.9/site-packages/sklearn/utils/fixes.py:28: UserWarning: pkg_resources is deprecated as an API. See https://setuptools.pypa.io/en/latest/pkg_resources.html. The pkg_resources package is slated for removal as early as 2025-11-30. Refrain from using this package or pin to Setuptools<81.
  from pkg_resources import parse_version  # type: ignore
Running LEAR 56
LEAR 56 1/728 2016-01-04 MAE=2.9343 elapsed=0.0min eta=10.1min
LEAR 56 2/728 2016-01-05 MAE=2.8144 elapsed=0.0min eta=5.1min
LEAR 56 3/728 2016-01-06 MAE=3.0633 elapsed=0.0min eta=3.4min
LEAR 56 4/728 2016-01-07 MAE=3.5883 elapsed=0.0min eta=2.6min
LEAR 56 5/728 2016-01-08 MAE=3.2589 elapsed=0.0min eta=2.1min
LEAR 56 6/728 2016-01-09 MAE=3.1466 elapsed=0.0min eta=1.7min
LEAR 56 7/728 2016-01-10 MAE=3.3426 elapsed=0.0min eta=1.5min
LEAR 56 8/728 2016-01-11 MAE=3.2685 elapsed=0.0min eta=1.3min
LEAR 56 9/728 2016-01-12 MAE=3.4221 elapsed=0.0min eta=1.1min
LEAR 56 10/728 2016-01-13 MAE=3.3685 elapsed=0.0min eta=1.0min
LEAR 56 11/728 2016-01-14 MAE=3.3083 elapsed=0.0min eta=0.9min
LEAR 56 12/728 2016-01-15 MAE=3.3286 elapsed=0.0min eta=0.9min
LEAR 56 13/728 2016-01-16 MAE=3.2960 elapsed=0.0min eta=1.5min
LEAR 56 14/728 2016-01-17 MAE=3.1892 elapsed=0.0min eta=1.4min
LEAR 56 15/728 2016-01-18 MAE=3.2767 elapsed=0.0min eta=1.3min
LEAR 56 16/728 2016-01-19 MAE=3.8951 elapsed=0.0min eta=1.2min
LEAR 56 17/728 2016-01-20 MAE=4.2317 elapsed=0.0min eta=1.1min
LEAR 56 18/728 2016-01-21 MAE=4.6378 elapsed=0.0min eta=1.1min
LEAR 56 19/728 2016-01-22 MAE=4.7138 elapsed=0.0min eta=1.0min
LEAR 56 20/728 2016-01-23 MAE=4.5800 elapsed=0.0min eta=1.0min
LEAR 56 21/728 2016-01-24 MAE=4.5175 elapsed=0.0min eta=0.9min
LEAR 56 22/728 2016-01-25 MAE=4.6250 elapsed=0.0min eta=0.9min
LEAR 56 23/728 2016-01-26 MAE=4.5062 elapsed=0.0min eta=0.8min
LEAR 56 24/728 2016-01-27 MAE=4.5013 elapsed=0.0min eta=0.8min
LEAR 56 25/728 2016-01-28 MAE=4.4285 elapsed=0.0min eta=1.1min
LEAR 56 26/728 2016-01-29 MAE=4.4096 elapsed=0.0min eta=1.1min
LEAR 56 27/728 2016-01-30 MAE=4.3965 elapsed=0.0min eta=1.0min
LEAR 56 28/728 2016-01-31 MAE=4.3480 elapsed=0.0min eta=1.0min
LEAR 56 29/728 2016-02-01 MAE=4.2899 elapsed=0.0min eta=1.0min
LEAR 56 30/728 2016-02-02 MAE=4.2659 elapsed=0.0min eta=0.9min
LEAR 56 31/728 2016-02-03 MAE=4.2154 elapsed=0.0min eta=0.9min
LEAR 56 32/728 2016-02-04 MAE=4.2067 elapsed=0.0min eta=0.9min
LEAR 56 33/728 2016-02-05 MAE=4.1520 elapsed=0.0min eta=0.9min
LEAR 56 34/728 2016-02-06 MAE=4.1177 elapsed=0.0min eta=0.8min
LEAR 56 35/728 2016-02-07 MAE=4.0639 elapsed=0.0min eta=0.8min
LEAR 56 36/728 2016-02-08 MAE=4.0844 elapsed=0.0min eta=0.8min
LEAR 56 37/728 2016-02-09 MAE=4.1690 elapsed=0.1min eta=1.0min
LEAR 56 38/728 2016-02-10 MAE=4.1503 elapsed=0.1min eta=1.0min
LEAR 56 39/728 2016-02-11 MAE=4.1229 elapsed=0.1min eta=0.9min
LEAR 56 40/728 2016-02-12 MAE=4.1228 elapsed=0.1min eta=0.9min
LEAR 56 41/728 2016-02-13 MAE=4.0818 elapsed=0.1min eta=0.9min
LEAR 56 42/728 2016-02-14 MAE=4.0885 elapsed=0.1min eta=0.9min
LEAR 56 43/728 2016-02-15 MAE=4.0444 elapsed=0.1min eta=0.8min
LEAR 56 44/728 2016-02-16 MAE=4.0077 elapsed=0.1min eta=0.8min
LEAR 56 45/728 2016-02-17 MAE=4.0340 elapsed=0.1min eta=0.8min
LEAR 56 46/728 2016-02-18 MAE=4.0148 elapsed=0.1min eta=0.8min
LEAR 56 47/728 2016-02-19 MAE=3.9708 elapsed=0.1min eta=0.8min
LEAR 56 48/728 2016-02-20 MAE=3.9539 elapsed=0.1min eta=0.8min
LEAR 56 49/728 2016-02-21 MAE=3.9286 elapsed=0.1min eta=0.9min
LEAR 56 50/728 2016-02-22 MAE=3.9207 elapsed=0.1min eta=0.9min
LEAR 56 51/728 2016-02-23 MAE=3.8744 elapsed=0.1min eta=0.9min
LEAR 56 52/728 2016-02-24 MAE=3.8392 elapsed=0.1min eta=0.8min
LEAR 56 53/728 2016-02-25 MAE=3.7934 elapsed=0.1min eta=0.8min
LEAR 56 54/728 2016-02-26 MAE=3.7454 elapsed=0.1min eta=0.8min
LEAR 56 55/728 2016-02-27 MAE=3.7201 elapsed=0.1min eta=0.8min
LEAR 56 56/728 2016-02-28 MAE=3.7054 elapsed=0.1min eta=0.8min
LEAR 56 57/728 2016-02-29 MAE=3.6867 elapsed=0.1min eta=0.8min
LEAR 56 58/728 2016-03-01 MAE=3.6498 elapsed=0.1min eta=0.8min
LEAR 56 59/728 2016-03-02 MAE=3.6179 elapsed=0.1min eta=0.7min
LEAR 56 60/728 2016-03-03 MAE=3.5926 elapsed=0.1min eta=0.7min
LEAR 56 61/728 2016-03-04 MAE=3.5673 elapsed=0.1min eta=0.8min
LEAR 56 62/728 2016-03-05 MAE=3.5328 elapsed=0.1min eta=0.8min
LEAR 56 63/728 2016-03-06 MAE=3.5122 elapsed=0.1min eta=0.8min
LEAR 56 64/728 2016-03-07 MAE=3.5203 elapsed=0.1min eta=0.8min
LEAR 56 65/728 2016-03-08 MAE=3.4941 elapsed=0.1min eta=0.8min
LEAR 56 66/728 2016-03-09 MAE=3.4881 elapsed=0.1min eta=0.8min
LEAR 56 67/728 2016-03-10 MAE=3.4722 elapsed=0.1min eta=0.8min
LEAR 56 68/728 2016-03-11 MAE=3.4488 elapsed=0.1min eta=0.8min
LEAR 56 69/728 2016-03-12 MAE=3.4437 elapsed=0.1min eta=0.7min
LEAR 56 70/728 2016-03-13 MAE=3.4353 elapsed=0.1min eta=0.7min
LEAR 56 71/728 2016-03-14 MAE=3.4132 elapsed=0.1min eta=0.7min
LEAR 56 72/728 2016-03-15 MAE=3.3924 elapsed=0.1min eta=0.7min
LEAR 56 73/728 2016-03-16 MAE=3.3651 elapsed=0.1min eta=0.8min
LEAR 56 74/728 2016-03-17 MAE=3.3507 elapsed=0.1min eta=0.8min
LEAR 56 75/728 2016-03-18 MAE=3.3270 elapsed=0.1min eta=0.8min
LEAR 56 76/728 2016-03-19 MAE=3.2963 elapsed=0.1min eta=0.8min
LEAR 56 77/728 2016-03-20 MAE=3.2774 elapsed=0.1min eta=0.8min
LEAR 56 78/728 2016-03-21 MAE=3.2681 elapsed=0.1min eta=0.8min
LEAR 56 79/728 2016-03-22 MAE=3.2604 elapsed=0.1min eta=0.7min
LEAR 56 80/728 2016-03-23 MAE=3.2383 elapsed=0.1min eta=0.7min
LEAR 56 81/728 2016-03-24 MAE=3.2178 elapsed=0.1min eta=0.7min
LEAR 56 82/728 2016-03-25 MAE=3.2204 elapsed=0.1min eta=0.7min
LEAR 56 83/728 2016-03-26 MAE=3.2070 elapsed=0.1min eta=0.7min
LEAR 56 84/728 2016-03-27 MAE=3.2245 elapsed=0.1min eta=0.7min
LEAR 56 85/728 2016-03-28 MAE=3.3707 elapsed=0.1min eta=0.8min
LEAR 56 86/728 2016-03-29 MAE=3.3779 elapsed=0.1min eta=0.8min
LEAR 56 87/728 2016-03-30 MAE=3.3792 elapsed=0.1min eta=0.8min
LEAR 56 88/728 2016-03-31 MAE=3.3684 elapsed=0.1min eta=0.7min
LEAR 56 89/728 2016-04-01 MAE=3.3655 elapsed=0.1min eta=0.7min
LEAR 56 90/728 2016-04-02 MAE=3.3644 elapsed=0.1min eta=0.7min
LEAR 56 91/728 2016-04-03 MAE=3.3685 elapsed=0.1min eta=0.7min
LEAR 56 92/728 2016-04-04 MAE=3.3584 elapsed=0.1min eta=0.7min
LEAR 56 93/728 2016-04-05 MAE=3.3532 elapsed=0.1min eta=0.7min
LEAR 56 94/728 2016-04-06 MAE=3.3354 elapsed=0.1min eta=0.7min
LEAR 56 95/728 2016-04-07 MAE=3.3213 elapsed=0.1min eta=0.7min
LEAR 56 96/728 2016-04-08 MAE=3.3162 elapsed=0.1min eta=0.7min
LEAR 56 97/728 2016-04-09 MAE=3.2984 elapsed=0.1min eta=0.7min
LEAR 56 98/728 2016-04-10 MAE=3.2850 elapsed=0.1min eta=0.7min
LEAR 56 99/728 2016-04-11 MAE=3.2857 elapsed=0.1min eta=0.7min
LEAR 56 100/728 2016-04-12 MAE=3.2672 elapsed=0.1min eta=0.7min
LEAR 56 101/728 2016-04-13 MAE=3.2483 elapsed=0.1min eta=0.7min
LEAR 56 102/728 2016-04-14 MAE=3.2313 elapsed=0.1min eta=0.7min
LEAR 56 103/728 2016-04-15 MAE=3.2110 elapsed=0.1min eta=0.7min
LEAR 56 104/728 2016-04-16 MAE=3.1940 elapsed=0.1min eta=0.7min
LEAR 56 105/728 2016-04-17 MAE=3.1928 elapsed=0.1min eta=0.7min
LEAR 56 106/728 2016-04-18 MAE=3.1923 elapsed=0.1min eta=0.7min
LEAR 56 107/728 2016-04-19 MAE=3.1843 elapsed=0.1min eta=0.7min
LEAR 56 108/728 2016-04-20 MAE=3.1625 elapsed=0.1min eta=0.7min
LEAR 56 109/728 2016-04-21 MAE=3.1503 elapsed=0.1min eta=0.7min
LEAR 56 110/728 2016-04-22 MAE=3.1338 elapsed=0.1min eta=0.7min
LEAR 56 111/728 2016-04-23 MAE=3.1295 elapsed=0.1min eta=0.7min
LEAR 56 112/728 2016-04-24 MAE=3.1294 elapsed=0.1min eta=0.7min
LEAR 56 113/728 2016-04-25 MAE=3.1319 elapsed=0.1min eta=0.7min
LEAR 56 114/728 2016-04-26 MAE=3.1368 elapsed=0.1min eta=0.7min
LEAR 56 115/728 2016-04-27 MAE=3.1317 elapsed=0.1min eta=0.7min
LEAR 56 116/728 2016-04-28 MAE=3.1497 elapsed=0.1min eta=0.7min
LEAR 56 117/728 2016-04-29 MAE=3.1452 elapsed=0.1min eta=0.7min
LEAR 56 118/728 2016-04-30 MAE=3.1372 elapsed=0.1min eta=0.7min
LEAR 56 119/728 2016-05-01 MAE=3.1303 elapsed=0.1min eta=0.7min
LEAR 56 120/728 2016-05-02 MAE=3.1248 elapsed=0.1min eta=0.7min
LEAR 56 121/728 2016-05-03 MAE=3.1149 elapsed=0.1min eta=0.7min
LEAR 56 122/728 2016-05-04 MAE=3.1036 elapsed=0.1min eta=0.7min
LEAR 56 123/728 2016-05-05 MAE=3.1140 elapsed=0.1min eta=0.7min
LEAR 56 124/728 2016-05-06 MAE=3.1100 elapsed=0.1min eta=0.7min
LEAR 56 125/728 2016-05-07 MAE=3.1054 elapsed=0.1min eta=0.7min
LEAR 56 126/728 2016-05-08 MAE=3.2464 elapsed=0.1min eta=0.7min
LEAR 56 127/728 2016-05-09 MAE=3.2409 elapsed=0.1min eta=0.7min
LEAR 56 128/728 2016-05-10 MAE=3.2342 elapsed=0.1min eta=0.7min
LEAR 56 129/728 2016-05-11 MAE=3.2365 elapsed=0.1min eta=0.7min
LEAR 56 130/728 2016-05-12 MAE=3.2353 elapsed=0.1min eta=0.6min
LEAR 56 131/728 2016-05-13 MAE=3.2310 elapsed=0.1min eta=0.6min
LEAR 56 132/728 2016-05-14 MAE=3.2354 elapsed=0.1min eta=0.6min
LEAR 56 133/728 2016-05-15 MAE=3.2420 elapsed=0.2min eta=0.7min
LEAR 56 134/728 2016-05-16 MAE=3.2558 elapsed=0.2min eta=0.7min
LEAR 56 135/728 2016-05-17 MAE=3.2550 elapsed=0.2min eta=0.7min
LEAR 56 136/728 2016-05-18 MAE=3.2496 elapsed=0.2min eta=0.7min
LEAR 56 137/728 2016-05-19 MAE=3.2659 elapsed=0.2min eta=0.7min
LEAR 56 138/728 2016-05-20 MAE=3.2522 elapsed=0.2min eta=0.7min
LEAR 56 139/728 2016-05-21 MAE=3.2408 elapsed=0.2min eta=0.7min
LEAR 56 140/728 2016-05-22 MAE=3.2902 elapsed=0.2min eta=0.6min
LEAR 56 141/728 2016-05-23 MAE=3.2923 elapsed=0.2min eta=0.6min
LEAR 56 142/728 2016-05-24 MAE=3.2799 elapsed=0.2min eta=0.6min
LEAR 56 143/728 2016-05-25 MAE=3.2732 elapsed=0.2min eta=0.6min
LEAR 56 144/728 2016-05-26 MAE=3.2761 elapsed=0.2min eta=0.6min
LEAR 56 145/728 2016-05-27 MAE=3.2647 elapsed=0.2min eta=0.7min
LEAR 56 146/728 2016-05-28 MAE=3.2522 elapsed=0.2min eta=0.7min
LEAR 56 147/728 2016-05-29 MAE=3.2497 elapsed=0.2min eta=0.7min
LEAR 56 148/728 2016-05-30 MAE=3.2483 elapsed=0.2min eta=0.7min
LEAR 56 149/728 2016-05-31 MAE=3.2448 elapsed=0.2min eta=0.7min
LEAR 56 150/728 2016-06-01 MAE=3.2339 elapsed=0.2min eta=0.6min
LEAR 56 151/728 2016-06-02 MAE=3.2271 elapsed=0.2min eta=0.6min
LEAR 56 152/728 2016-06-03 MAE=3.2160 elapsed=0.2min eta=0.6min
LEAR 56 153/728 2016-06-04 MAE=3.2028 elapsed=0.2min eta=0.6min
LEAR 56 154/728 2016-06-05 MAE=3.1958 elapsed=0.2min eta=0.6min
LEAR 56 155/728 2016-06-06 MAE=3.2001 elapsed=0.2min eta=0.6min
LEAR 56 156/728 2016-06-07 MAE=3.1862 elapsed=0.2min eta=0.6min
LEAR 56 157/728 2016-06-08 MAE=3.1765 elapsed=0.2min eta=0.7min
LEAR 56 158/728 2016-06-09 MAE=3.1669 elapsed=0.2min eta=0.6min
LEAR 56 159/728 2016-06-10 MAE=3.1562 elapsed=0.2min eta=0.6min
LEAR 56 160/728 2016-06-11 MAE=3.1460 elapsed=0.2min eta=0.6min
LEAR 56 161/728 2016-06-12 MAE=3.1384 elapsed=0.2min eta=0.6min
LEAR 56 162/728 2016-06-13 MAE=3.1332 elapsed=0.2min eta=0.6min
LEAR 56 163/728 2016-06-14 MAE=3.1213 elapsed=0.2min eta=0.6min
LEAR 56 164/728 2016-06-15 MAE=3.1172 elapsed=0.2min eta=0.6min
LEAR 56 165/728 2016-06-16 MAE=3.1085 elapsed=0.2min eta=0.6min
LEAR 56 166/728 2016-06-17 MAE=3.0957 elapsed=0.2min eta=0.6min
LEAR 56 167/728 2016-06-18 MAE=3.0864 elapsed=0.2min eta=0.6min
LEAR 56 168/728 2016-06-19 MAE=3.0888 elapsed=0.2min eta=0.6min
LEAR 56 169/728 2016-06-20 MAE=3.0780 elapsed=0.2min eta=0.6min
LEAR 56 170/728 2016-06-21 MAE=3.0664 elapsed=0.2min eta=0.6min
LEAR 56 171/728 2016-06-22 MAE=3.0580 elapsed=0.2min eta=0.6min
LEAR 56 172/728 2016-06-23 MAE=3.0518 elapsed=0.2min eta=0.6min
LEAR 56 173/728 2016-06-24 MAE=3.0474 elapsed=0.2min eta=0.6min
LEAR 56 174/728 2016-06-25 MAE=3.0458 elapsed=0.2min eta=0.6min
LEAR 56 175/728 2016-06-26 MAE=3.0444 elapsed=0.2min eta=0.6min
LEAR 56 176/728 2016-06-27 MAE=3.0403 elapsed=0.2min eta=0.6min
LEAR 56 177/728 2016-06-28 MAE=3.0325 elapsed=0.2min eta=0.6min
LEAR 56 178/728 2016-06-29 MAE=3.0292 elapsed=0.2min eta=0.6min
LEAR 56 179/728 2016-06-30 MAE=3.0222 elapsed=0.2min eta=0.6min
LEAR 56 180/728 2016-07-01 MAE=3.0156 elapsed=0.2min eta=0.6min
LEAR 56 181/728 2016-07-02 MAE=3.0076 elapsed=0.2min eta=0.6min
LEAR 56 182/728 2016-07-03 MAE=3.0047 elapsed=0.2min eta=0.6min
LEAR 56 183/728 2016-07-04 MAE=2.9975 elapsed=0.2min eta=0.6min
LEAR 56 184/728 2016-07-05 MAE=3.0046 elapsed=0.2min eta=0.6min
LEAR 56 185/728 2016-07-06 MAE=3.0324 elapsed=0.2min eta=0.6min
LEAR 56 186/728 2016-07-07 MAE=3.0268 elapsed=0.2min eta=0.6min
LEAR 56 187/728 2016-07-08 MAE=3.0175 elapsed=0.2min eta=0.6min
LEAR 56 188/728 2016-07-09 MAE=3.0400 elapsed=0.2min eta=0.6min
LEAR 56 189/728 2016-07-10 MAE=3.0391 elapsed=0.2min eta=0.6min
LEAR 56 190/728 2016-07-11 MAE=3.0379 elapsed=0.2min eta=0.6min
LEAR 56 191/728 2016-07-12 MAE=3.0304 elapsed=0.2min eta=0.6min
LEAR 56 192/728 2016-07-13 MAE=3.0277 elapsed=0.2min eta=0.6min
LEAR 56 193/728 2016-07-14 MAE=3.0227 elapsed=0.2min eta=0.6min
LEAR 56 194/728 2016-07-15 MAE=3.0196 elapsed=0.2min eta=0.6min
LEAR 56 195/728 2016-07-16 MAE=3.0120 elapsed=0.2min eta=0.6min
LEAR 56 196/728 2016-07-17 MAE=3.0045 elapsed=0.2min eta=0.6min
LEAR 56 197/728 2016-07-18 MAE=2.9991 elapsed=0.2min eta=0.6min
LEAR 56 198/728 2016-07-19 MAE=2.9931 elapsed=0.2min eta=0.6min
LEAR 56 199/728 2016-07-20 MAE=2.9841 elapsed=0.2min eta=0.6min
LEAR 56 200/728 2016-07-21 MAE=2.9797 elapsed=0.2min eta=0.6min
LEAR 56 201/728 2016-07-22 MAE=2.9716 elapsed=0.2min eta=0.6min
LEAR 56 202/728 2016-07-23 MAE=2.9800 elapsed=0.2min eta=0.6min
LEAR 56 203/728 2016-07-24 MAE=2.9794 elapsed=0.2min eta=0.6min
LEAR 56 204/728 2016-07-25 MAE=2.9747 elapsed=0.2min eta=0.6min
LEAR 56 205/728 2016-07-26 MAE=2.9689 elapsed=0.2min eta=0.6min
LEAR 56 206/728 2016-07-27 MAE=2.9614 elapsed=0.2min eta=0.6min
LEAR 56 207/728 2016-07-28 MAE=2.9652 elapsed=0.2min eta=0.6min
LEAR 56 208/728 2016-07-29 MAE=2.9556 elapsed=0.2min eta=0.6min
LEAR 56 209/728 2016-07-30 MAE=2.9516 elapsed=0.2min eta=0.6min
LEAR 56 210/728 2016-07-31 MAE=2.9482 elapsed=0.2min eta=0.6min
LEAR 56 211/728 2016-08-01 MAE=2.9418 elapsed=0.2min eta=0.6min
LEAR 56 212/728 2016-08-02 MAE=2.9334 elapsed=0.2min eta=0.6min
LEAR 56 213/728 2016-08-03 MAE=2.9309 elapsed=0.2min eta=0.6min
LEAR 56 214/728 2016-08-04 MAE=2.9257 elapsed=0.2min eta=0.6min
LEAR 56 215/728 2016-08-05 MAE=2.9198 elapsed=0.2min eta=0.6min
LEAR 56 216/728 2016-08-06 MAE=2.9173 elapsed=0.2min eta=0.6min
LEAR 56 217/728 2016-08-07 MAE=2.9183 elapsed=0.2min eta=0.6min
LEAR 56 218/728 2016-08-08 MAE=2.9161 elapsed=0.2min eta=0.6min
LEAR 56 219/728 2016-08-09 MAE=2.9098 elapsed=0.2min eta=0.6min
LEAR 56 220/728 2016-08-10 MAE=2.9020 elapsed=0.2min eta=0.6min
LEAR 56 221/728 2016-08-11 MAE=2.8985 elapsed=0.2min eta=0.6min
LEAR 56 222/728 2016-08-12 MAE=2.8912 elapsed=0.2min eta=0.6min
LEAR 56 223/728 2016-08-13 MAE=2.8871 elapsed=0.2min eta=0.6min
LEAR 56 224/728 2016-08-14 MAE=2.8797 elapsed=0.2min eta=0.6min
LEAR 56 225/728 2016-08-15 MAE=2.8703 elapsed=0.2min eta=0.6min
LEAR 56 226/728 2016-08-16 MAE=2.8636 elapsed=0.2min eta=0.6min
LEAR 56 227/728 2016-08-17 MAE=2.8568 elapsed=0.2min eta=0.5min
LEAR 56 228/728 2016-08-18 MAE=2.8489 elapsed=0.2min eta=0.5min
LEAR 56 229/728 2016-08-19 MAE=2.8420 elapsed=0.3min eta=0.6min
LEAR 56 230/728 2016-08-20 MAE=2.8364 elapsed=0.3min eta=0.6min
LEAR 56 231/728 2016-08-21 MAE=2.8424 elapsed=0.3min eta=0.6min
LEAR 56 232/728 2016-08-22 MAE=2.8379 elapsed=0.3min eta=0.6min
LEAR 56 233/728 2016-08-23 MAE=2.8343 elapsed=0.3min eta=0.5min
LEAR 56 234/728 2016-08-24 MAE=2.8274 elapsed=0.3min eta=0.5min
LEAR 56 235/728 2016-08-25 MAE=2.8204 elapsed=0.3min eta=0.5min
LEAR 56 236/728 2016-08-26 MAE=2.8137 elapsed=0.3min eta=0.5min
LEAR 56 237/728 2016-08-27 MAE=2.8071 elapsed=0.3min eta=0.5min
LEAR 56 238/728 2016-08-28 MAE=2.8111 elapsed=0.3min eta=0.5min
LEAR 56 239/728 2016-08-29 MAE=2.8143 elapsed=0.3min eta=0.5min
LEAR 56 240/728 2016-08-30 MAE=2.8081 elapsed=0.3min eta=0.5min
LEAR 56 241/728 2016-08-31 MAE=2.8041 elapsed=0.3min eta=0.5min
LEAR 56 242/728 2016-09-01 MAE=2.7955 elapsed=0.3min eta=0.5min
LEAR 56 243/728 2016-09-02 MAE=2.7891 elapsed=0.3min eta=0.5min
LEAR 56 244/728 2016-09-03 MAE=2.7859 elapsed=0.3min eta=0.5min
LEAR 56 245/728 2016-09-04 MAE=2.7831 elapsed=0.3min eta=0.5min
LEAR 56 246/728 2016-09-05 MAE=2.7925 elapsed=0.3min eta=0.5min
LEAR 56 247/728 2016-09-06 MAE=2.7901 elapsed=0.3min eta=0.5min
LEAR 56 248/728 2016-09-07 MAE=2.7875 elapsed=0.3min eta=0.5min
LEAR 56 249/728 2016-09-08 MAE=2.7790 elapsed=0.3min eta=0.5min
LEAR 56 250/728 2016-09-09 MAE=2.7733 elapsed=0.3min eta=0.5min
LEAR 56 251/728 2016-09-10 MAE=2.7684 elapsed=0.3min eta=0.5min
LEAR 56 252/728 2016-09-11 MAE=2.7666 elapsed=0.3min eta=0.5min
LEAR 56 253/728 2016-09-12 MAE=2.7629 elapsed=0.3min eta=0.5min
LEAR 56 254/728 2016-09-13 MAE=2.7574 elapsed=0.3min eta=0.5min
LEAR 56 255/728 2016-09-14 MAE=2.7515 elapsed=0.3min eta=0.5min
LEAR 56 256/728 2016-09-15 MAE=2.7478 elapsed=0.3min eta=0.5min
LEAR 56 257/728 2016-09-16 MAE=2.7436 elapsed=0.3min eta=0.5min
LEAR 56 258/728 2016-09-17 MAE=2.7421 elapsed=0.3min eta=0.5min
LEAR 56 259/728 2016-09-18 MAE=2.7378 elapsed=0.3min eta=0.5min
LEAR 56 260/728 2016-09-19 MAE=2.7368 elapsed=0.3min eta=0.5min
LEAR 56 261/728 2016-09-20 MAE=2.7337 elapsed=0.3min eta=0.5min
LEAR 56 262/728 2016-09-21 MAE=2.7335 elapsed=0.3min eta=0.5min
LEAR 56 263/728 2016-09-22 MAE=2.7316 elapsed=0.3min eta=0.5min
LEAR 56 264/728 2016-09-23 MAE=2.7284 elapsed=0.3min eta=0.5min
LEAR 56 265/728 2016-09-24 MAE=2.7244 elapsed=0.3min eta=0.5min
LEAR 56 266/728 2016-09-25 MAE=2.7224 elapsed=0.3min eta=0.5min
LEAR 56 267/728 2016-09-26 MAE=2.7224 elapsed=0.3min eta=0.5min
LEAR 56 268/728 2016-09-27 MAE=2.7239 elapsed=0.3min eta=0.5min
LEAR 56 269/728 2016-09-28 MAE=2.7287 elapsed=0.3min eta=0.5min
LEAR 56 270/728 2016-09-29 MAE=2.7361 elapsed=0.3min eta=0.5min
LEAR 56 271/728 2016-09-30 MAE=2.7417 elapsed=0.3min eta=0.5min
LEAR 56 272/728 2016-10-01 MAE=2.7433 elapsed=0.3min eta=0.5min
LEAR 56 273/728 2016-10-02 MAE=2.7639 elapsed=0.3min eta=0.5min
LEAR 56 274/728 2016-10-03 MAE=2.7626 elapsed=0.3min eta=0.5min
LEAR 56 275/728 2016-10-04 MAE=2.7623 elapsed=0.3min eta=0.5min
LEAR 56 276/728 2016-10-05 MAE=2.7598 elapsed=0.3min eta=0.5min
LEAR 56 277/728 2016-10-06 MAE=2.7674 elapsed=0.3min eta=0.5min
LEAR 56 278/728 2016-10-07 MAE=2.7731 elapsed=0.3min eta=0.5min
LEAR 56 279/728 2016-10-08 MAE=2.7818 elapsed=0.3min eta=0.5min
LEAR 56 280/728 2016-10-09 MAE=2.7846 elapsed=0.3min eta=0.5min
LEAR 56 281/728 2016-10-10 MAE=2.8247 elapsed=0.3min eta=0.5min
LEAR 56 282/728 2016-10-11 MAE=2.8283 elapsed=0.3min eta=0.5min
LEAR 56 283/728 2016-10-12 MAE=2.8271 elapsed=0.3min eta=0.5min
LEAR 56 284/728 2016-10-13 MAE=2.8282 elapsed=0.3min eta=0.5min
LEAR 56 285/728 2016-10-14 MAE=2.8300 elapsed=0.3min eta=0.5min
LEAR 56 286/728 2016-10-15 MAE=2.8415 elapsed=0.3min eta=0.5min
LEAR 56 287/728 2016-10-16 MAE=2.8418 elapsed=0.3min eta=0.5min
LEAR 56 288/728 2016-10-17 MAE=2.8428 elapsed=0.3min eta=0.5min
LEAR 56 289/728 2016-10-18 MAE=2.8428 elapsed=0.3min eta=0.5min
LEAR 56 290/728 2016-10-19 MAE=2.8419 elapsed=0.3min eta=0.5min
LEAR 56 291/728 2016-10-20 MAE=2.8468 elapsed=0.3min eta=0.5min
LEAR 56 292/728 2016-10-21 MAE=2.8481 elapsed=0.3min eta=0.5min
LEAR 56 293/728 2016-10-22 MAE=2.8526 elapsed=0.3min eta=0.5min
LEAR 56 294/728 2016-10-23 MAE=2.8511 elapsed=0.3min eta=0.5min
LEAR 56 295/728 2016-10-24 MAE=2.8526 elapsed=0.3min eta=0.5min
LEAR 56 296/728 2016-10-25 MAE=2.8635 elapsed=0.3min eta=0.5min
LEAR 56 297/728 2016-10-26 MAE=2.8623 elapsed=0.3min eta=0.5min
LEAR 56 298/728 2016-10-27 MAE=2.8589 elapsed=0.3min eta=0.5min
LEAR 56 299/728 2016-10-28 MAE=2.8609 elapsed=0.3min eta=0.5min
LEAR 56 300/728 2016-10-29 MAE=2.8574 elapsed=0.3min eta=0.5min
LEAR 56 301/728 2016-10-30 MAE=2.8571 elapsed=0.3min eta=0.5min
LEAR 56 302/728 2016-10-31 MAE=2.8596 elapsed=0.3min eta=0.5min
LEAR 56 303/728 2016-11-01 MAE=2.8649 elapsed=0.3min eta=0.5min
LEAR 56 304/728 2016-11-02 MAE=2.8733 elapsed=0.3min eta=0.5min
LEAR 56 305/728 2016-11-03 MAE=2.8732 elapsed=0.3min eta=0.5min
LEAR 56 306/728 2016-11-04 MAE=2.8742 elapsed=0.3min eta=0.5min
LEAR 56 307/728 2016-11-05 MAE=2.8784 elapsed=0.3min eta=0.5min
LEAR 56 308/728 2016-11-06 MAE=2.8741 elapsed=0.3min eta=0.5min
LEAR 56 309/728 2016-11-07 MAE=2.8911 elapsed=0.3min eta=0.5min
LEAR 56 310/728 2016-11-08 MAE=2.9106 elapsed=0.3min eta=0.5min
LEAR 56 311/728 2016-11-09 MAE=2.9170 elapsed=0.3min eta=0.5min
LEAR 56 312/728 2016-11-10 MAE=2.9317 elapsed=0.3min eta=0.5min
LEAR 56 313/728 2016-11-11 MAE=2.9282 elapsed=0.3min eta=0.5min
LEAR 56 314/728 2016-11-12 MAE=2.9273 elapsed=0.3min eta=0.5min
LEAR 56 315/728 2016-11-13 MAE=2.9224 elapsed=0.3min eta=0.5min
LEAR 56 316/728 2016-11-14 MAE=2.9240 elapsed=0.3min eta=0.5min
LEAR 56 317/728 2016-11-15 MAE=2.9245 elapsed=0.3min eta=0.4min
LEAR 56 318/728 2016-11-16 MAE=2.9284 elapsed=0.3min eta=0.4min
LEAR 56 319/728 2016-11-17 MAE=2.9352 elapsed=0.3min eta=0.4min
LEAR 56 320/728 2016-11-18 MAE=2.9458 elapsed=0.3min eta=0.4min
LEAR 56 321/728 2016-11-19 MAE=2.9612 elapsed=0.3min eta=0.4min
LEAR 56 322/728 2016-11-20 MAE=3.0331 elapsed=0.3min eta=0.4min
LEAR 56 323/728 2016-11-21 MAE=3.0483 elapsed=0.4min eta=0.4min
LEAR 56 324/728 2016-11-22 MAE=3.0549 elapsed=0.4min eta=0.4min
LEAR 56 325/728 2016-11-23 MAE=3.0580 elapsed=0.4min eta=0.4min
LEAR 56 326/728 2016-11-24 MAE=3.0605 elapsed=0.4min eta=0.4min
LEAR 56 327/728 2016-11-25 MAE=3.0583 elapsed=0.4min eta=0.4min
LEAR 56 328/728 2016-11-26 MAE=3.0575 elapsed=0.4min eta=0.4min
LEAR 56 329/728 2016-11-27 MAE=3.0611 elapsed=0.4min eta=0.4min
LEAR 56 330/728 2016-11-28 MAE=3.0581 elapsed=0.4min eta=0.4min
LEAR 56 331/728 2016-11-29 MAE=3.0562 elapsed=0.4min eta=0.4min
LEAR 56 332/728 2016-11-30 MAE=3.0529 elapsed=0.4min eta=0.4min
LEAR 56 333/728 2016-12-01 MAE=3.0593 elapsed=0.4min eta=0.4min
LEAR 56 334/728 2016-12-02 MAE=3.0592 elapsed=0.4min eta=0.4min
LEAR 56 335/728 2016-12-03 MAE=3.0596 elapsed=0.4min eta=0.4min
LEAR 56 336/728 2016-12-04 MAE=3.0601 elapsed=0.4min eta=0.4min
LEAR 56 337/728 2016-12-05 MAE=3.0680 elapsed=0.4min eta=0.4min
LEAR 56 338/728 2016-12-06 MAE=3.0810 elapsed=0.4min eta=0.4min
LEAR 56 339/728 2016-12-07 MAE=3.0878 elapsed=0.4min eta=0.4min
LEAR 56 340/728 2016-12-08 MAE=3.0984 elapsed=0.4min eta=0.4min
LEAR 56 341/728 2016-12-09 MAE=3.0993 elapsed=0.4min eta=0.4min
LEAR 56 342/728 2016-12-10 MAE=3.0979 elapsed=0.4min eta=0.4min
LEAR 56 343/728 2016-12-11 MAE=3.1031 elapsed=0.4min eta=0.4min
LEAR 56 344/728 2016-12-12 MAE=3.1065 elapsed=0.4min eta=0.4min
LEAR 56 345/728 2016-12-13 MAE=3.1079 elapsed=0.4min eta=0.4min
LEAR 56 346/728 2016-12-14 MAE=3.1375 elapsed=0.4min eta=0.4min
LEAR 56 347/728 2016-12-15 MAE=3.1512 elapsed=0.4min eta=0.4min
LEAR 56 348/728 2016-12-16 MAE=3.1682 elapsed=0.4min eta=0.4min
LEAR 56 349/728 2016-12-17 MAE=3.1678 elapsed=0.4min eta=0.4min
LEAR 56 350/728 2016-12-18 MAE=3.1721 elapsed=0.4min eta=0.4min
LEAR 56 351/728 2016-12-19 MAE=3.1914 elapsed=0.4min eta=0.4min
LEAR 56 352/728 2016-12-20 MAE=3.1894 elapsed=0.4min eta=0.4min
LEAR 56 353/728 2016-12-21 MAE=3.1879 elapsed=0.4min eta=0.4min
LEAR 56 354/728 2016-12-22 MAE=3.1861 elapsed=0.4min eta=0.4min
LEAR 56 355/728 2016-12-23 MAE=3.1887 elapsed=0.4min eta=0.4min
LEAR 56 356/728 2016-12-24 MAE=3.2171 elapsed=0.4min eta=0.4min
LEAR 56 357/728 2016-12-25 MAE=3.2399 elapsed=0.4min eta=0.4min
LEAR 56 358/728 2016-12-26 MAE=3.3021 elapsed=0.4min eta=0.4min
LEAR 56 359/728 2016-12-27 MAE=3.3281 elapsed=0.4min eta=0.4min
LEAR 56 360/728 2016-12-28 MAE=3.3418 elapsed=0.4min eta=0.4min
LEAR 56 361/728 2016-12-29 MAE=3.3470 elapsed=0.4min eta=0.4min
LEAR 56 362/728 2016-12-30 MAE=3.3526 elapsed=0.4min eta=0.4min
LEAR 56 363/728 2016-12-31 MAE=3.3610 elapsed=0.4min eta=0.4min
LEAR 56 364/728 2017-01-01 MAE=3.3679 elapsed=0.4min eta=0.4min
LEAR 56 365/728 2017-01-02 MAE=3.3834 elapsed=0.4min eta=0.4min
LEAR 56 366/728 2017-01-03 MAE=3.3964 elapsed=0.4min eta=0.4min
LEAR 56 367/728 2017-01-04 MAE=3.4043 elapsed=0.4min eta=0.4min
LEAR 56 368/728 2017-01-05 MAE=3.4126 elapsed=0.4min eta=0.4min
LEAR 56 369/728 2017-01-06 MAE=3.4133 elapsed=0.4min eta=0.4min
LEAR 56 370/728 2017-01-07 MAE=3.4148 elapsed=0.4min eta=0.4min
LEAR 56 371/728 2017-01-08 MAE=3.4164 elapsed=0.4min eta=0.4min
LEAR 56 372/728 2017-01-09 MAE=3.4343 elapsed=0.4min eta=0.4min
LEAR 56 373/728 2017-01-10 MAE=3.4515 elapsed=0.4min eta=0.4min
LEAR 56 374/728 2017-01-11 MAE=3.4516 elapsed=0.4min eta=0.4min
LEAR 56 375/728 2017-01-12 MAE=3.4554 elapsed=0.4min eta=0.4min
LEAR 56 376/728 2017-01-13 MAE=3.4532 elapsed=0.4min eta=0.4min
LEAR 56 377/728 2017-01-14 MAE=3.4513 elapsed=0.4min eta=0.4min
LEAR 56 378/728 2017-01-15 MAE=3.4525 elapsed=0.4min eta=0.4min
LEAR 56 379/728 2017-01-16 MAE=3.5121 elapsed=0.4min eta=0.4min
LEAR 56 380/728 2017-01-17 MAE=3.5722 elapsed=0.4min eta=0.4min
LEAR 56 381/728 2017-01-18 MAE=3.5971 elapsed=0.4min eta=0.4min
LEAR 56 382/728 2017-01-19 MAE=3.6115 elapsed=0.4min eta=0.4min
LEAR 56 383/728 2017-01-20 MAE=3.6115 elapsed=0.4min eta=0.4min
LEAR 56 384/728 2017-01-21 MAE=3.6174 elapsed=0.4min eta=0.4min
LEAR 56 385/728 2017-01-22 MAE=3.6213 elapsed=0.4min eta=0.4min
LEAR 56 386/728 2017-01-23 MAE=3.6610 elapsed=0.4min eta=0.4min
LEAR 56 387/728 2017-01-24 MAE=3.7104 elapsed=0.4min eta=0.4min
LEAR 56 388/728 2017-01-25 MAE=3.7348 elapsed=0.4min eta=0.4min
LEAR 56 389/728 2017-01-26 MAE=3.7557 elapsed=0.4min eta=0.4min
LEAR 56 390/728 2017-01-27 MAE=3.7657 elapsed=0.4min eta=0.4min
LEAR 56 391/728 2017-01-28 MAE=3.7644 elapsed=0.4min eta=0.4min
LEAR 56 392/728 2017-01-29 MAE=3.7618 elapsed=0.4min eta=0.4min
LEAR 56 393/728 2017-01-30 MAE=3.7639 elapsed=0.4min eta=0.4min
LEAR 56 394/728 2017-01-31 MAE=3.7643 elapsed=0.4min eta=0.4min
LEAR 56 395/728 2017-02-01 MAE=3.7826 elapsed=0.4min eta=0.4min
LEAR 56 396/728 2017-02-02 MAE=3.7882 elapsed=0.4min eta=0.4min
LEAR 56 397/728 2017-02-03 MAE=3.7886 elapsed=0.4min eta=0.4min
LEAR 56 398/728 2017-02-04 MAE=3.7917 elapsed=0.4min eta=0.4min
LEAR 56 399/728 2017-02-05 MAE=3.7946 elapsed=0.4min eta=0.4min
LEAR 56 400/728 2017-02-06 MAE=3.7962 elapsed=0.4min eta=0.4min
LEAR 56 401/728 2017-02-07 MAE=3.7951 elapsed=0.4min eta=0.4min
LEAR 56 402/728 2017-02-08 MAE=3.8026 elapsed=0.4min eta=0.4min
LEAR 56 403/728 2017-02-09 MAE=3.7995 elapsed=0.4min eta=0.4min
LEAR 56 404/728 2017-02-10 MAE=3.8025 elapsed=0.4min eta=0.4min
LEAR 56 405/728 2017-02-11 MAE=3.8121 elapsed=0.4min eta=0.4min
LEAR 56 406/728 2017-02-12 MAE=3.8133 elapsed=0.4min eta=0.3min
LEAR 56 407/728 2017-02-13 MAE=3.8140 elapsed=0.4min eta=0.3min
LEAR 56 408/728 2017-02-14 MAE=3.8254 elapsed=0.4min eta=0.3min
LEAR 56 409/728 2017-02-15 MAE=3.8267 elapsed=0.4min eta=0.3min
LEAR 56 410/728 2017-02-16 MAE=3.8281 elapsed=0.4min eta=0.3min
LEAR 56 411/728 2017-02-17 MAE=3.8292 elapsed=0.4min eta=0.3min
LEAR 56 412/728 2017-02-18 MAE=3.8337 elapsed=0.4min eta=0.3min
LEAR 56 413/728 2017-02-19 MAE=3.8423 elapsed=0.4min eta=0.3min
LEAR 56 414/728 2017-02-20 MAE=3.8470 elapsed=0.4min eta=0.3min
LEAR 56 415/728 2017-02-21 MAE=3.8462 elapsed=0.4min eta=0.3min
LEAR 56 416/728 2017-02-22 MAE=3.8560 elapsed=0.5min eta=0.3min
LEAR 56 417/728 2017-02-23 MAE=3.8592 elapsed=0.5min eta=0.3min
LEAR 56 418/728 2017-02-24 MAE=3.8677 elapsed=0.5min eta=0.3min
LEAR 56 419/728 2017-02-25 MAE=3.8773 elapsed=0.5min eta=0.3min
LEAR 56 420/728 2017-02-26 MAE=3.8861 elapsed=0.5min eta=0.3min
LEAR 56 421/728 2017-02-27 MAE=3.8860 elapsed=0.5min eta=0.3min
LEAR 56 422/728 2017-02-28 MAE=3.8875 elapsed=0.5min eta=0.3min
LEAR 56 423/728 2017-03-01 MAE=3.8878 elapsed=0.5min eta=0.3min
LEAR 56 424/728 2017-03-02 MAE=3.8941 elapsed=0.5min eta=0.3min
LEAR 56 425/728 2017-03-03 MAE=3.9023 elapsed=0.5min eta=0.3min
LEAR 56 426/728 2017-03-04 MAE=3.8990 elapsed=0.5min eta=0.3min
LEAR 56 427/728 2017-03-05 MAE=3.9068 elapsed=0.5min eta=0.3min
LEAR 56 428/728 2017-03-06 MAE=3.9140 elapsed=0.5min eta=0.3min
LEAR 56 429/728 2017-03-07 MAE=3.9270 elapsed=0.5min eta=0.3min
LEAR 56 430/728 2017-03-08 MAE=3.9221 elapsed=0.5min eta=0.3min
LEAR 56 431/728 2017-03-09 MAE=3.9168 elapsed=0.5min eta=0.3min
LEAR 56 432/728 2017-03-10 MAE=3.9202 elapsed=0.5min eta=0.3min
LEAR 56 433/728 2017-03-11 MAE=3.9249 elapsed=0.5min eta=0.3min
LEAR 56 434/728 2017-03-12 MAE=3.9300 elapsed=0.5min eta=0.3min
LEAR 56 435/728 2017-03-13 MAE=3.9335 elapsed=0.5min eta=0.3min
LEAR 56 436/728 2017-03-14 MAE=3.9309 elapsed=0.5min eta=0.3min
LEAR 56 437/728 2017-03-15 MAE=3.9253 elapsed=0.5min eta=0.3min
LEAR 56 438/728 2017-03-16 MAE=3.9202 elapsed=0.5min eta=0.3min
LEAR 56 439/728 2017-03-17 MAE=3.9249 elapsed=0.5min eta=0.3min
LEAR 56 440/728 2017-03-18 MAE=3.9251 elapsed=0.5min eta=0.3min
LEAR 56 441/728 2017-03-19 MAE=3.9387 elapsed=0.5min eta=0.3min
LEAR 56 442/728 2017-03-20 MAE=3.9488 elapsed=0.5min eta=0.3min
LEAR 56 443/728 2017-03-21 MAE=3.9474 elapsed=0.5min eta=0.3min
LEAR 56 444/728 2017-03-22 MAE=3.9444 elapsed=0.5min eta=0.3min
LEAR 56 445/728 2017-03-23 MAE=3.9417 elapsed=0.5min eta=0.3min
LEAR 56 446/728 2017-03-24 MAE=3.9372 elapsed=0.5min eta=0.3min
LEAR 56 447/728 2017-03-25 MAE=3.9325 elapsed=0.5min eta=0.3min
LEAR 56 448/728 2017-03-26 MAE=3.9306 elapsed=0.5min eta=0.3min
LEAR 56 449/728 2017-03-27 MAE=3.9267 elapsed=0.5min eta=0.3min
LEAR 56 450/728 2017-03-28 MAE=3.9230 elapsed=0.5min eta=0.3min
LEAR 56 451/728 2017-03-29 MAE=3.9213 elapsed=0.5min eta=0.3min
LEAR 56 452/728 2017-03-30 MAE=3.9156 elapsed=0.5min eta=0.3min
LEAR 56 453/728 2017-03-31 MAE=3.9114 elapsed=0.5min eta=0.3min
LEAR 56 454/728 2017-04-01 MAE=3.9068 elapsed=0.5min eta=0.3min
LEAR 56 455/728 2017-04-02 MAE=3.9058 elapsed=0.5min eta=0.3min
LEAR 56 456/728 2017-04-03 MAE=3.9038 elapsed=0.5min eta=0.3min
LEAR 56 457/728 2017-04-04 MAE=3.9003 elapsed=0.5min eta=0.3min
LEAR 56 458/728 2017-04-05 MAE=3.8958 elapsed=0.5min eta=0.3min
LEAR 56 459/728 2017-04-06 MAE=3.8945 elapsed=0.5min eta=0.3min
LEAR 56 460/728 2017-04-07 MAE=3.8950 elapsed=0.5min eta=0.3min
LEAR 56 461/728 2017-04-08 MAE=3.8931 elapsed=0.5min eta=0.3min
LEAR 56 462/728 2017-04-09 MAE=3.8885 elapsed=0.5min eta=0.3min
LEAR 56 463/728 2017-04-10 MAE=3.8888 elapsed=0.5min eta=0.3min
LEAR 56 464/728 2017-04-11 MAE=3.8880 elapsed=0.5min eta=0.3min
LEAR 56 465/728 2017-04-12 MAE=3.8846 elapsed=0.5min eta=0.3min
LEAR 56 466/728 2017-04-13 MAE=3.8829 elapsed=0.5min eta=0.3min
LEAR 56 467/728 2017-04-14 MAE=3.8806 elapsed=0.5min eta=0.3min
LEAR 56 468/728 2017-04-15 MAE=3.8897 elapsed=0.5min eta=0.3min
LEAR 56 469/728 2017-04-16 MAE=3.8925 elapsed=0.5min eta=0.3min
LEAR 56 470/728 2017-04-17 MAE=3.8945 elapsed=0.5min eta=0.3min
LEAR 56 471/728 2017-04-18 MAE=3.8958 elapsed=0.5min eta=0.3min
LEAR 56 472/728 2017-04-19 MAE=3.8916 elapsed=0.5min eta=0.3min
LEAR 56 473/728 2017-04-20 MAE=3.8880 elapsed=0.5min eta=0.3min
LEAR 56 474/728 2017-04-21 MAE=3.8868 elapsed=0.5min eta=0.3min
LEAR 56 475/728 2017-04-22 MAE=3.8892 elapsed=0.5min eta=0.3min
LEAR 56 476/728 2017-04-23 MAE=3.8911 elapsed=0.5min eta=0.3min
LEAR 56 477/728 2017-04-24 MAE=3.8967 elapsed=0.5min eta=0.3min
LEAR 56 478/728 2017-04-25 MAE=3.8936 elapsed=0.5min eta=0.3min
LEAR 56 479/728 2017-04-26 MAE=3.8919 elapsed=0.5min eta=0.3min
LEAR 56 480/728 2017-04-27 MAE=3.8866 elapsed=0.5min eta=0.3min
LEAR 56 481/728 2017-04-28 MAE=3.8826 elapsed=0.5min eta=0.3min
LEAR 56 482/728 2017-04-29 MAE=3.8798 elapsed=0.5min eta=0.3min
LEAR 56 483/728 2017-04-30 MAE=3.9139 elapsed=0.5min eta=0.3min
LEAR 56 484/728 2017-05-01 MAE=3.9796 elapsed=0.5min eta=0.3min
LEAR 56 485/728 2017-05-02 MAE=3.9812 elapsed=0.5min eta=0.3min
LEAR 56 486/728 2017-05-03 MAE=3.9778 elapsed=0.5min eta=0.3min
LEAR 56 487/728 2017-05-04 MAE=3.9728 elapsed=0.5min eta=0.3min
LEAR 56 488/728 2017-05-05 MAE=3.9710 elapsed=0.5min eta=0.3min
LEAR 56 489/728 2017-05-06 MAE=3.9675 elapsed=0.5min eta=0.3min
LEAR 56 490/728 2017-05-07 MAE=3.9658 elapsed=0.5min eta=0.3min
LEAR 56 491/728 2017-05-08 MAE=3.9661 elapsed=0.5min eta=0.3min
LEAR 56 492/728 2017-05-09 MAE=3.9641 elapsed=0.5min eta=0.3min
LEAR 56 493/728 2017-05-10 MAE=3.9627 elapsed=0.5min eta=0.3min
LEAR 56 494/728 2017-05-11 MAE=3.9589 elapsed=0.5min eta=0.3min
LEAR 56 495/728 2017-05-12 MAE=3.9549 elapsed=0.5min eta=0.3min
LEAR 56 496/728 2017-05-13 MAE=3.9494 elapsed=0.5min eta=0.3min
LEAR 56 497/728 2017-05-14 MAE=3.9476 elapsed=0.5min eta=0.3min
LEAR 56 498/728 2017-05-15 MAE=3.9446 elapsed=0.5min eta=0.2min
LEAR 56 499/728 2017-05-16 MAE=3.9422 elapsed=0.5min eta=0.2min
LEAR 56 500/728 2017-05-17 MAE=3.9378 elapsed=0.5min eta=0.2min
LEAR 56 501/728 2017-05-18 MAE=3.9345 elapsed=0.5min eta=0.2min
LEAR 56 502/728 2017-05-19 MAE=3.9313 elapsed=0.5min eta=0.2min
LEAR 56 503/728 2017-05-20 MAE=3.9332 elapsed=0.5min eta=0.2min
LEAR 56 504/728 2017-05-21 MAE=3.9446 elapsed=0.5min eta=0.2min
LEAR 56 505/728 2017-05-22 MAE=3.9422 elapsed=0.5min eta=0.2min
LEAR 56 506/728 2017-05-23 MAE=3.9366 elapsed=0.6min eta=0.2min
LEAR 56 507/728 2017-05-24 MAE=3.9368 elapsed=0.6min eta=0.2min
LEAR 56 508/728 2017-05-25 MAE=3.9323 elapsed=0.6min eta=0.2min
LEAR 56 509/728 2017-05-26 MAE=3.9275 elapsed=0.6min eta=0.2min
LEAR 56 510/728 2017-05-27 MAE=3.9256 elapsed=0.6min eta=0.2min
LEAR 56 511/728 2017-05-28 MAE=3.9241 elapsed=0.6min eta=0.2min
LEAR 56 512/728 2017-05-29 MAE=3.9204 elapsed=0.6min eta=0.2min
LEAR 56 513/728 2017-05-30 MAE=3.9195 elapsed=0.6min eta=0.2min
LEAR 56 514/728 2017-05-31 MAE=3.9162 elapsed=0.6min eta=0.2min
LEAR 56 515/728 2017-06-01 MAE=3.9156 elapsed=0.6min eta=0.2min
LEAR 56 516/728 2017-06-02 MAE=3.9131 elapsed=0.6min eta=0.2min
LEAR 56 517/728 2017-06-03 MAE=3.9098 elapsed=0.6min eta=0.2min
LEAR 56 518/728 2017-06-04 MAE=3.9071 elapsed=0.6min eta=0.2min
LEAR 56 519/728 2017-06-05 MAE=3.9022 elapsed=0.6min eta=0.2min
LEAR 56 520/728 2017-06-06 MAE=3.9131 elapsed=0.6min eta=0.2min
LEAR 56 521/728 2017-06-07 MAE=3.9308 elapsed=0.6min eta=0.2min
LEAR 56 522/728 2017-06-08 MAE=3.9290 elapsed=0.6min eta=0.2min
LEAR 56 523/728 2017-06-09 MAE=3.9256 elapsed=0.6min eta=0.2min
LEAR 56 524/728 2017-06-10 MAE=3.9214 elapsed=0.6min eta=0.2min
LEAR 56 525/728 2017-06-11 MAE=3.9203 elapsed=0.6min eta=0.2min
LEAR 56 526/728 2017-06-12 MAE=3.9208 elapsed=0.6min eta=0.2min
LEAR 56 527/728 2017-06-13 MAE=3.9166 elapsed=0.6min eta=0.2min
LEAR 56 528/728 2017-06-14 MAE=3.9154 elapsed=0.6min eta=0.2min
LEAR 56 529/728 2017-06-15 MAE=3.9171 elapsed=0.6min eta=0.2min
LEAR 56 530/728 2017-06-16 MAE=3.9179 elapsed=0.6min eta=0.2min
LEAR 56 531/728 2017-06-17 MAE=3.9229 elapsed=0.6min eta=0.2min
LEAR 56 532/728 2017-06-18 MAE=3.9199 elapsed=0.6min eta=0.2min
LEAR 56 533/728 2017-06-19 MAE=3.9183 elapsed=0.6min eta=0.2min
LEAR 56 534/728 2017-06-20 MAE=3.9134 elapsed=0.6min eta=0.2min
LEAR 56 535/728 2017-06-21 MAE=3.9110 elapsed=0.6min eta=0.2min
LEAR 56 536/728 2017-06-22 MAE=3.9073 elapsed=0.6min eta=0.2min
LEAR 56 537/728 2017-06-23 MAE=3.9041 elapsed=0.6min eta=0.2min
LEAR 56 538/728 2017-06-24 MAE=3.9011 elapsed=0.6min eta=0.2min
LEAR 56 539/728 2017-06-25 MAE=3.9149 elapsed=0.6min eta=0.2min
LEAR 56 540/728 2017-06-26 MAE=3.9124 elapsed=0.6min eta=0.2min
LEAR 56 541/728 2017-06-27 MAE=3.9100 elapsed=0.6min eta=0.2min
LEAR 56 542/728 2017-06-28 MAE=3.9096 elapsed=0.6min eta=0.2min
LEAR 56 543/728 2017-06-29 MAE=3.9094 elapsed=0.6min eta=0.2min
LEAR 56 544/728 2017-06-30 MAE=3.9051 elapsed=0.6min eta=0.2min
LEAR 56 545/728 2017-07-01 MAE=3.9065 elapsed=0.6min eta=0.2min
LEAR 56 546/728 2017-07-02 MAE=3.9096 elapsed=0.6min eta=0.2min
LEAR 56 547/728 2017-07-03 MAE=3.9075 elapsed=0.6min eta=0.2min
LEAR 56 548/728 2017-07-04 MAE=3.9033 elapsed=0.6min eta=0.2min
LEAR 56 549/728 2017-07-05 MAE=3.9014 elapsed=0.6min eta=0.2min
LEAR 56 550/728 2017-07-06 MAE=3.8987 elapsed=0.6min eta=0.2min
LEAR 56 551/728 2017-07-07 MAE=3.8939 elapsed=0.6min eta=0.2min
LEAR 56 552/728 2017-07-08 MAE=3.8947 elapsed=0.6min eta=0.2min
LEAR 56 553/728 2017-07-09 MAE=3.8931 elapsed=0.6min eta=0.2min
LEAR 56 554/728 2017-07-10 MAE=3.8908 elapsed=0.6min eta=0.2min
LEAR 56 555/728 2017-07-11 MAE=3.8858 elapsed=0.6min eta=0.2min
LEAR 56 556/728 2017-07-12 MAE=3.8824 elapsed=0.6min eta=0.2min
LEAR 56 557/728 2017-07-13 MAE=3.8789 elapsed=0.6min eta=0.2min
LEAR 56 558/728 2017-07-14 MAE=3.8758 elapsed=0.6min eta=0.2min
LEAR 56 559/728 2017-07-15 MAE=3.8719 elapsed=0.6min eta=0.2min
LEAR 56 560/728 2017-07-16 MAE=3.8679 elapsed=0.6min eta=0.2min
LEAR 56 561/728 2017-07-17 MAE=3.8634 elapsed=0.6min eta=0.2min
LEAR 56 562/728 2017-07-18 MAE=3.8592 elapsed=0.6min eta=0.2min
LEAR 56 563/728 2017-07-19 MAE=3.8558 elapsed=0.6min eta=0.2min
LEAR 56 564/728 2017-07-20 MAE=3.8529 elapsed=0.6min eta=0.2min
LEAR 56 565/728 2017-07-21 MAE=3.8481 elapsed=0.6min eta=0.2min
LEAR 56 566/728 2017-07-22 MAE=3.8448 elapsed=0.6min eta=0.2min
LEAR 56 567/728 2017-07-23 MAE=3.8415 elapsed=0.6min eta=0.2min
LEAR 56 568/728 2017-07-24 MAE=3.8413 elapsed=0.6min eta=0.2min
LEAR 56 569/728 2017-07-25 MAE=3.8375 elapsed=0.6min eta=0.2min
LEAR 56 570/728 2017-07-26 MAE=3.8346 elapsed=0.6min eta=0.2min
LEAR 56 571/728 2017-07-27 MAE=3.8331 elapsed=0.6min eta=0.2min
LEAR 56 572/728 2017-07-28 MAE=3.8276 elapsed=0.6min eta=0.2min
LEAR 56 573/728 2017-07-29 MAE=3.8307 elapsed=0.6min eta=0.2min
LEAR 56 574/728 2017-07-30 MAE=3.8484 elapsed=0.6min eta=0.2min
LEAR 56 575/728 2017-07-31 MAE=3.8455 elapsed=0.6min eta=0.2min
LEAR 56 576/728 2017-08-01 MAE=3.8413 elapsed=0.6min eta=0.2min
LEAR 56 577/728 2017-08-02 MAE=3.8372 elapsed=0.6min eta=0.2min
LEAR 56 578/728 2017-08-03 MAE=3.8344 elapsed=0.6min eta=0.2min
LEAR 56 579/728 2017-08-04 MAE=3.8311 elapsed=0.6min eta=0.2min
LEAR 56 580/728 2017-08-05 MAE=3.8271 elapsed=0.6min eta=0.2min
LEAR 56 581/728 2017-08-06 MAE=3.8324 elapsed=0.6min eta=0.2min
LEAR 56 582/728 2017-08-07 MAE=3.8292 elapsed=0.6min eta=0.2min
LEAR 56 583/728 2017-08-08 MAE=3.8252 elapsed=0.6min eta=0.2min
LEAR 56 584/728 2017-08-09 MAE=3.8218 elapsed=0.6min eta=0.2min
LEAR 56 585/728 2017-08-10 MAE=3.8168 elapsed=0.6min eta=0.2min
LEAR 56 586/728 2017-08-11 MAE=3.8189 elapsed=0.6min eta=0.2min
LEAR 56 587/728 2017-08-12 MAE=3.8209 elapsed=0.6min eta=0.2min
LEAR 56 588/728 2017-08-13 MAE=3.8233 elapsed=0.6min eta=0.2min
LEAR 56 589/728 2017-08-14 MAE=3.8210 elapsed=0.6min eta=0.2min
LEAR 56 590/728 2017-08-15 MAE=3.8222 elapsed=0.6min eta=0.2min
LEAR 56 591/728 2017-08-16 MAE=3.8224 elapsed=0.6min eta=0.1min
LEAR 56 592/728 2017-08-17 MAE=3.8177 elapsed=0.6min eta=0.1min
LEAR 56 593/728 2017-08-18 MAE=3.8142 elapsed=0.6min eta=0.1min
LEAR 56 594/728 2017-08-19 MAE=3.8207 elapsed=0.6min eta=0.1min
LEAR 56 595/728 2017-08-20 MAE=3.8236 elapsed=0.6min eta=0.1min
LEAR 56 596/728 2017-08-21 MAE=3.8256 elapsed=0.6min eta=0.1min
LEAR 56 597/728 2017-08-22 MAE=3.8257 elapsed=0.6min eta=0.1min
LEAR 56 598/728 2017-08-23 MAE=3.8234 elapsed=0.6min eta=0.1min
LEAR 56 599/728 2017-08-24 MAE=3.8203 elapsed=0.6min eta=0.1min
LEAR 56 600/728 2017-08-25 MAE=3.8166 elapsed=0.6min eta=0.1min
LEAR 56 601/728 2017-08-26 MAE=3.8125 elapsed=0.7min eta=0.1min
LEAR 56 602/728 2017-08-27 MAE=3.8108 elapsed=0.7min eta=0.1min
LEAR 56 603/728 2017-08-28 MAE=3.8085 elapsed=0.7min eta=0.1min
LEAR 56 604/728 2017-08-29 MAE=3.8051 elapsed=0.7min eta=0.1min
LEAR 56 605/728 2017-08-30 MAE=3.8012 elapsed=0.7min eta=0.1min
LEAR 56 606/728 2017-08-31 MAE=3.7998 elapsed=0.7min eta=0.1min
LEAR 56 607/728 2017-09-01 MAE=3.7974 elapsed=0.7min eta=0.1min
LEAR 56 608/728 2017-09-02 MAE=3.7929 elapsed=0.7min eta=0.1min
LEAR 56 609/728 2017-09-03 MAE=3.7899 elapsed=0.7min eta=0.1min
LEAR 56 610/728 2017-09-04 MAE=3.7859 elapsed=0.7min eta=0.1min
LEAR 56 611/728 2017-09-05 MAE=3.7816 elapsed=0.7min eta=0.1min
LEAR 56 612/728 2017-09-06 MAE=3.7809 elapsed=0.7min eta=0.1min
LEAR 56 613/728 2017-09-07 MAE=3.7837 elapsed=0.7min eta=0.1min
LEAR 56 614/728 2017-09-08 MAE=3.7831 elapsed=0.7min eta=0.1min
LEAR 56 615/728 2017-09-09 MAE=3.7839 elapsed=0.7min eta=0.1min
LEAR 56 616/728 2017-09-10 MAE=3.7844 elapsed=0.7min eta=0.1min
LEAR 56 617/728 2017-09-11 MAE=3.7870 elapsed=0.7min eta=0.1min
LEAR 56 618/728 2017-09-12 MAE=3.7900 elapsed=0.7min eta=0.1min
LEAR 56 619/728 2017-09-13 MAE=3.8020 elapsed=0.7min eta=0.1min
LEAR 56 620/728 2017-09-14 MAE=3.8009 elapsed=0.7min eta=0.1min
LEAR 56 621/728 2017-09-15 MAE=3.8039 elapsed=0.7min eta=0.1min
LEAR 56 622/728 2017-09-16 MAE=3.8071 elapsed=0.7min eta=0.1min
LEAR 56 623/728 2017-09-17 MAE=3.8032 elapsed=0.7min eta=0.1min
LEAR 56 624/728 2017-09-18 MAE=3.8017 elapsed=0.7min eta=0.1min
LEAR 56 625/728 2017-09-19 MAE=3.8016 elapsed=0.7min eta=0.1min
LEAR 56 626/728 2017-09-20 MAE=3.8018 elapsed=0.7min eta=0.1min
LEAR 56 627/728 2017-09-21 MAE=3.8022 elapsed=0.7min eta=0.1min
LEAR 56 628/728 2017-09-22 MAE=3.8012 elapsed=0.7min eta=0.1min
LEAR 56 629/728 2017-09-23 MAE=3.7979 elapsed=0.7min eta=0.1min
LEAR 56 630/728 2017-09-24 MAE=3.7950 elapsed=0.7min eta=0.1min
LEAR 56 631/728 2017-09-25 MAE=3.7959 elapsed=0.7min eta=0.1min
LEAR 56 632/728 2017-09-26 MAE=3.7956 elapsed=0.7min eta=0.1min
LEAR 56 633/728 2017-09-27 MAE=3.7952 elapsed=0.7min eta=0.1min
LEAR 56 634/728 2017-09-28 MAE=3.7951 elapsed=0.7min eta=0.1min
LEAR 56 635/728 2017-09-29 MAE=3.7918 elapsed=0.7min eta=0.1min
LEAR 56 636/728 2017-09-30 MAE=3.7902 elapsed=0.7min eta=0.1min
LEAR 56 637/728 2017-10-01 MAE=3.7923 elapsed=0.7min eta=0.1min
LEAR 56 638/728 2017-10-02 MAE=3.8021 elapsed=0.7min eta=0.1min
LEAR 56 639/728 2017-10-03 MAE=3.8066 elapsed=0.7min eta=0.1min
LEAR 56 640/728 2017-10-04 MAE=3.8110 elapsed=0.7min eta=0.1min
LEAR 56 641/728 2017-10-05 MAE=3.8206 elapsed=0.7min eta=0.1min
LEAR 56 642/728 2017-10-06 MAE=3.8213 elapsed=0.7min eta=0.1min
LEAR 56 643/728 2017-10-07 MAE=3.8282 elapsed=0.7min eta=0.1min
LEAR 56 644/728 2017-10-08 MAE=3.8319 elapsed=0.7min eta=0.1min
LEAR 56 645/728 2017-10-09 MAE=3.8313 elapsed=0.7min eta=0.1min
LEAR 56 646/728 2017-10-10 MAE=3.8414 elapsed=0.7min eta=0.1min
LEAR 56 647/728 2017-10-11 MAE=3.8402 elapsed=0.7min eta=0.1min
LEAR 56 648/728 2017-10-12 MAE=3.8435 elapsed=0.7min eta=0.1min
LEAR 56 649/728 2017-10-13 MAE=3.8462 elapsed=0.7min eta=0.1min
LEAR 56 650/728 2017-10-14 MAE=3.8472 elapsed=0.7min eta=0.1min
LEAR 56 651/728 2017-10-15 MAE=3.8460 elapsed=0.7min eta=0.1min
LEAR 56 652/728 2017-10-16 MAE=3.8449 elapsed=0.7min eta=0.1min
LEAR 56 653/728 2017-10-17 MAE=3.8435 elapsed=0.7min eta=0.1min
LEAR 56 654/728 2017-10-18 MAE=3.8514 elapsed=0.7min eta=0.1min
LEAR 56 655/728 2017-10-19 MAE=3.8505 elapsed=0.7min eta=0.1min
LEAR 56 656/728 2017-10-20 MAE=3.8478 elapsed=0.7min eta=0.1min
LEAR 56 657/728 2017-10-21 MAE=3.8470 elapsed=0.7min eta=0.1min
LEAR 56 658/728 2017-10-22 MAE=3.8474 elapsed=0.7min eta=0.1min
LEAR 56 659/728 2017-10-23 MAE=3.8463 elapsed=0.7min eta=0.1min
LEAR 56 660/728 2017-10-24 MAE=3.8513 elapsed=0.7min eta=0.1min
LEAR 56 661/728 2017-10-25 MAE=3.8543 elapsed=0.7min eta=0.1min
LEAR 56 662/728 2017-10-26 MAE=3.8523 elapsed=0.7min eta=0.1min
LEAR 56 663/728 2017-10-27 MAE=3.8516 elapsed=0.7min eta=0.1min
LEAR 56 664/728 2017-10-28 MAE=3.8761 elapsed=0.7min eta=0.1min
LEAR 56 665/728 2017-10-29 MAE=3.9279 elapsed=0.7min eta=0.1min
LEAR 56 666/728 2017-10-30 MAE=3.9322 elapsed=0.7min eta=0.1min
LEAR 56 667/728 2017-10-31 MAE=3.9304 elapsed=0.7min eta=0.1min
LEAR 56 668/728 2017-11-01 MAE=3.9292 elapsed=0.7min eta=0.1min
LEAR 56 669/728 2017-11-02 MAE=3.9271 elapsed=0.7min eta=0.1min
LEAR 56 670/728 2017-11-03 MAE=3.9272 elapsed=0.7min eta=0.1min
LEAR 56 671/728 2017-11-04 MAE=3.9300 elapsed=0.7min eta=0.1min
LEAR 56 672/728 2017-11-05 MAE=3.9303 elapsed=0.7min eta=0.1min
LEAR 56 673/728 2017-11-06 MAE=3.9390 elapsed=0.7min eta=0.1min
LEAR 56 674/728 2017-11-07 MAE=3.9465 elapsed=0.7min eta=0.1min
LEAR 56 675/728 2017-11-08 MAE=3.9659 elapsed=0.7min eta=0.1min
LEAR 56 676/728 2017-11-09 MAE=3.9670 elapsed=0.7min eta=0.1min
LEAR 56 677/728 2017-11-10 MAE=3.9664 elapsed=0.7min eta=0.1min
LEAR 56 678/728 2017-11-11 MAE=3.9671 elapsed=0.7min eta=0.1min
LEAR 56 679/728 2017-11-12 MAE=3.9681 elapsed=0.7min eta=0.1min
LEAR 56 680/728 2017-11-13 MAE=3.9679 elapsed=0.7min eta=0.1min
LEAR 56 681/728 2017-11-14 MAE=3.9701 elapsed=0.7min eta=0.1min
LEAR 56 682/728 2017-11-15 MAE=3.9754 elapsed=0.7min eta=0.0min
LEAR 56 683/728 2017-11-16 MAE=3.9758 elapsed=0.7min eta=0.0min
LEAR 56 684/728 2017-11-17 MAE=3.9782 elapsed=0.7min eta=0.0min
LEAR 56 685/728 2017-11-18 MAE=3.9776 elapsed=0.7min eta=0.0min
LEAR 56 686/728 2017-11-19 MAE=3.9856 elapsed=0.7min eta=0.0min
LEAR 56 687/728 2017-11-20 MAE=3.9854 elapsed=0.7min eta=0.0min
LEAR 56 688/728 2017-11-21 MAE=3.9882 elapsed=0.7min eta=0.0min
LEAR 56 689/728 2017-11-22 MAE=3.9899 elapsed=0.7min eta=0.0min
LEAR 56 690/728 2017-11-23 MAE=3.9911 elapsed=0.7min eta=0.0min
LEAR 56 691/728 2017-11-24 MAE=3.9927 elapsed=0.7min eta=0.0min
LEAR 56 692/728 2017-11-25 MAE=3.9916 elapsed=0.7min eta=0.0min
LEAR 56 693/728 2017-11-26 MAE=3.9941 elapsed=0.7min eta=0.0min
LEAR 56 694/728 2017-11-27 MAE=3.9943 elapsed=0.8min eta=0.0min
LEAR 56 695/728 2017-11-28 MAE=3.9956 elapsed=0.8min eta=0.0min
LEAR 56 696/728 2017-11-29 MAE=4.0055 elapsed=0.8min eta=0.0min
LEAR 56 697/728 2017-11-30 MAE=4.0126 elapsed=0.8min eta=0.0min
LEAR 56 698/728 2017-12-01 MAE=4.0112 elapsed=0.8min eta=0.0min
LEAR 56 699/728 2017-12-02 MAE=4.0141 elapsed=0.8min eta=0.0min
LEAR 56 700/728 2017-12-03 MAE=4.0142 elapsed=0.8min eta=0.0min
LEAR 56 701/728 2017-12-04 MAE=4.0133 elapsed=0.8min eta=0.0min
LEAR 56 702/728 2017-12-05 MAE=4.0137 elapsed=0.8min eta=0.0min
LEAR 56 703/728 2017-12-06 MAE=4.0127 elapsed=0.8min eta=0.0min
LEAR 56 704/728 2017-12-07 MAE=4.0161 elapsed=0.8min eta=0.0min
LEAR 56 705/728 2017-12-08 MAE=4.0152 elapsed=0.8min eta=0.0min
LEAR 56 706/728 2017-12-09 MAE=4.0137 elapsed=0.8min eta=0.0min
LEAR 56 707/728 2017-12-10 MAE=4.0173 elapsed=0.8min eta=0.0min
LEAR 56 708/728 2017-12-11 MAE=4.0178 elapsed=0.8min eta=0.0min
LEAR 56 709/728 2017-12-12 MAE=4.0170 elapsed=0.8min eta=0.0min
LEAR 56 710/728 2017-12-13 MAE=4.0161 elapsed=0.8min eta=0.0min
LEAR 56 711/728 2017-12-14 MAE=4.0158 elapsed=0.8min eta=0.0min
LEAR 56 712/728 2017-12-15 MAE=4.0153 elapsed=0.8min eta=0.0min
LEAR 56 713/728 2017-12-16 MAE=4.0123 elapsed=0.8min eta=0.0min
LEAR 56 714/728 2017-12-17 MAE=4.0106 elapsed=0.8min eta=0.0min
LEAR 56 715/728 2017-12-18 MAE=4.0162 elapsed=0.8min eta=0.0min
LEAR 56 716/728 2017-12-19 MAE=4.0173 elapsed=0.8min eta=0.0min
LEAR 56 717/728 2017-12-20 MAE=4.0200 elapsed=0.8min eta=0.0min
LEAR 56 718/728 2017-12-21 MAE=4.0219 elapsed=0.8min eta=0.0min
LEAR 56 719/728 2017-12-22 MAE=4.0251 elapsed=0.8min eta=0.0min
LEAR 56 720/728 2017-12-23 MAE=4.0283 elapsed=0.8min eta=0.0min
LEAR 56 721/728 2017-12-24 MAE=4.0459 elapsed=0.8min eta=0.0min
LEAR 56 722/728 2017-12-25 MAE=4.0514 elapsed=0.8min eta=0.0min
LEAR 56 723/728 2017-12-26 MAE=4.0618 elapsed=0.8min eta=0.0min
LEAR 56 724/728 2017-12-27 MAE=4.0634 elapsed=0.8min eta=0.0min
LEAR 56 725/728 2017-12-28 MAE=4.0639 elapsed=0.8min eta=0.0min
LEAR 56 726/728 2017-12-29 MAE=4.0625 elapsed=0.8min eta=0.0min
LEAR 56 727/728 2017-12-30 MAE=4.0653 elapsed=0.8min eta=0.0min
LEAR 56 728/728 2017-12-31 MAE=4.0694 elapsed=0.8min eta=0.0min
Running LEAR 84
LEAR 84 1/728 2016-01-04 MAE=3.4575 elapsed=0.0min eta=13.6min
LEAR 84 2/728 2016-01-05 MAE=2.8485 elapsed=0.0min eta=7.0min
LEAR 84 3/728 2016-01-06 MAE=3.2266 elapsed=0.0min eta=4.6min
LEAR 84 4/728 2016-01-07 MAE=3.5331 elapsed=0.0min eta=3.5min
LEAR 84 5/728 2016-01-08 MAE=3.3082 elapsed=0.0min eta=2.8min
LEAR 84 6/728 2016-01-09 MAE=3.3960 elapsed=0.0min eta=2.3min
LEAR 84 7/728 2016-01-10 MAE=3.6223 elapsed=0.0min eta=2.0min
LEAR 84 8/728 2016-01-11 MAE=3.4632 elapsed=0.0min eta=1.7min
LEAR 84 9/728 2016-01-12 MAE=3.6252 elapsed=0.0min eta=1.6min
LEAR 84 10/728 2016-01-13 MAE=3.6214 elapsed=0.0min eta=1.4min
LEAR 84 11/728 2016-01-14 MAE=3.5011 elapsed=0.0min eta=1.3min
LEAR 84 12/728 2016-01-15 MAE=3.4459 elapsed=0.0min eta=1.2min
LEAR 84 13/728 2016-01-16 MAE=3.4116 elapsed=0.0min eta=2.0min
LEAR 84 14/728 2016-01-17 MAE=3.3327 elapsed=0.0min eta=1.9min
LEAR 84 15/728 2016-01-18 MAE=3.3716 elapsed=0.0min eta=1.8min
LEAR 84 16/728 2016-01-19 MAE=3.9448 elapsed=0.0min eta=1.7min
LEAR 84 17/728 2016-01-20 MAE=4.2560 elapsed=0.0min eta=1.6min
LEAR 84 18/728 2016-01-21 MAE=4.5620 elapsed=0.0min eta=1.5min
LEAR 84 19/728 2016-01-22 MAE=4.6793 elapsed=0.0min eta=1.4min
LEAR 84 20/728 2016-01-23 MAE=4.5592 elapsed=0.0min eta=1.3min
LEAR 84 21/728 2016-01-24 MAE=4.4928 elapsed=0.0min eta=1.3min
LEAR 84 22/728 2016-01-25 MAE=4.5994 elapsed=0.0min eta=1.2min
LEAR 84 23/728 2016-01-26 MAE=4.5329 elapsed=0.0min eta=1.2min
LEAR 84 24/728 2016-01-27 MAE=4.5191 elapsed=0.0min eta=1.1min
LEAR 84 25/728 2016-01-28 MAE=4.4119 elapsed=0.1min eta=1.6min
LEAR 84 26/728 2016-01-29 MAE=4.4079 elapsed=0.1min eta=1.5min
LEAR 84 27/728 2016-01-30 MAE=4.4063 elapsed=0.1min eta=1.4min
LEAR 84 28/728 2016-01-31 MAE=4.3722 elapsed=0.1min eta=1.4min
LEAR 84 29/728 2016-02-01 MAE=4.3326 elapsed=0.1min eta=1.3min
LEAR 84 30/728 2016-02-02 MAE=4.3115 elapsed=0.1min eta=1.3min
LEAR 84 31/728 2016-02-03 MAE=4.2600 elapsed=0.1min eta=1.3min
LEAR 84 32/728 2016-02-04 MAE=4.2966 elapsed=0.1min eta=1.2min
LEAR 84 33/728 2016-02-05 MAE=4.2499 elapsed=0.1min eta=1.2min
LEAR 84 34/728 2016-02-06 MAE=4.1795 elapsed=0.1min eta=1.2min
LEAR 84 35/728 2016-02-07 MAE=4.1361 elapsed=0.1min eta=1.1min
LEAR 84 36/728 2016-02-08 MAE=4.1910 elapsed=0.1min eta=1.1min
LEAR 84 37/728 2016-02-09 MAE=4.2556 elapsed=0.1min eta=1.4min
LEAR 84 38/728 2016-02-10 MAE=4.2397 elapsed=0.1min eta=1.3min
LEAR 84 39/728 2016-02-11 MAE=4.2085 elapsed=0.1min eta=1.3min
LEAR 84 40/728 2016-02-12 MAE=4.1887 elapsed=0.1min eta=1.3min
LEAR 84 41/728 2016-02-13 MAE=4.1351 elapsed=0.1min eta=1.2min
LEAR 84 42/728 2016-02-14 MAE=4.1254 elapsed=0.1min eta=1.2min
LEAR 84 43/728 2016-02-15 MAE=4.1077 elapsed=0.1min eta=1.2min
LEAR 84 44/728 2016-02-16 MAE=4.0672 elapsed=0.1min eta=1.2min
LEAR 84 45/728 2016-02-17 MAE=4.0795 elapsed=0.1min eta=1.1min
LEAR 84 46/728 2016-02-18 MAE=4.0596 elapsed=0.1min eta=1.1min
LEAR 84 47/728 2016-02-19 MAE=4.0222 elapsed=0.1min eta=1.1min
LEAR 84 48/728 2016-02-20 MAE=3.9836 elapsed=0.1min eta=1.1min
LEAR 84 49/728 2016-02-21 MAE=3.9413 elapsed=0.1min eta=1.2min
LEAR 84 50/728 2016-02-22 MAE=3.9195 elapsed=0.1min eta=1.2min
LEAR 84 51/728 2016-02-23 MAE=3.8840 elapsed=0.1min eta=1.2min
LEAR 84 52/728 2016-02-24 MAE=3.8501 elapsed=0.1min eta=1.2min
LEAR 84 53/728 2016-02-25 MAE=3.8073 elapsed=0.1min eta=1.2min
LEAR 84 54/728 2016-02-26 MAE=3.7522 elapsed=0.1min eta=1.1min
LEAR 84 55/728 2016-02-27 MAE=3.7228 elapsed=0.1min eta=1.1min
LEAR 84 56/728 2016-02-28 MAE=3.7121 elapsed=0.1min eta=1.1min
LEAR 84 57/728 2016-02-29 MAE=3.6989 elapsed=0.1min eta=1.1min
LEAR 84 58/728 2016-03-01 MAE=3.6631 elapsed=0.1min eta=1.1min
LEAR 84 59/728 2016-03-02 MAE=3.6309 elapsed=0.1min eta=1.1min
LEAR 84 60/728 2016-03-03 MAE=3.6045 elapsed=0.1min eta=1.0min
LEAR 84 61/728 2016-03-04 MAE=3.5857 elapsed=0.1min eta=1.2min
LEAR 84 62/728 2016-03-05 MAE=3.5524 elapsed=0.1min eta=1.2min
LEAR 84 63/728 2016-03-06 MAE=3.5212 elapsed=0.1min eta=1.2min
LEAR 84 64/728 2016-03-07 MAE=3.5023 elapsed=0.1min eta=1.1min
LEAR 84 65/728 2016-03-08 MAE=3.4829 elapsed=0.1min eta=1.1min
LEAR 84 66/728 2016-03-09 MAE=3.4733 elapsed=0.1min eta=1.1min
LEAR 84 67/728 2016-03-10 MAE=3.4539 elapsed=0.1min eta=1.1min
LEAR 84 68/728 2016-03-11 MAE=3.4302 elapsed=0.1min eta=1.1min
LEAR 84 69/728 2016-03-12 MAE=3.4326 elapsed=0.1min eta=1.1min
LEAR 84 70/728 2016-03-13 MAE=3.4228 elapsed=0.1min eta=1.1min
LEAR 84 71/728 2016-03-14 MAE=3.3987 elapsed=0.1min eta=1.0min
LEAR 84 72/728 2016-03-15 MAE=3.3754 elapsed=0.1min eta=1.0min
LEAR 84 73/728 2016-03-16 MAE=3.3522 elapsed=0.1min eta=1.1min
LEAR 84 74/728 2016-03-17 MAE=3.3404 elapsed=0.1min eta=1.1min
LEAR 84 75/728 2016-03-18 MAE=3.3160 elapsed=0.1min eta=1.1min
LEAR 84 76/728 2016-03-19 MAE=3.2932 elapsed=0.1min eta=1.1min
LEAR 84 77/728 2016-03-20 MAE=3.2860 elapsed=0.1min eta=1.1min
LEAR 84 78/728 2016-03-21 MAE=3.2966 elapsed=0.1min eta=1.1min
LEAR 84 79/728 2016-03-22 MAE=3.2927 elapsed=0.1min eta=1.1min
LEAR 84 80/728 2016-03-23 MAE=3.2772 elapsed=0.1min eta=1.0min
LEAR 84 81/728 2016-03-24 MAE=3.2603 elapsed=0.1min eta=1.0min
LEAR 84 82/728 2016-03-25 MAE=3.2571 elapsed=0.1min eta=1.0min
LEAR 84 83/728 2016-03-26 MAE=3.2469 elapsed=0.1min eta=1.0min
LEAR 84 84/728 2016-03-27 MAE=3.2640 elapsed=0.1min eta=1.0min
LEAR 84 85/728 2016-03-28 MAE=3.3549 elapsed=0.1min eta=1.1min
LEAR 84 86/728 2016-03-29 MAE=3.3865 elapsed=0.1min eta=1.1min
LEAR 84 87/728 2016-03-30 MAE=3.3913 elapsed=0.1min eta=1.1min
LEAR 84 88/728 2016-03-31 MAE=3.3815 elapsed=0.1min eta=1.1min
LEAR 84 89/728 2016-04-01 MAE=3.3787 elapsed=0.1min eta=1.0min
LEAR 84 90/728 2016-04-02 MAE=3.3716 elapsed=0.1min eta=1.0min
LEAR 84 91/728 2016-04-03 MAE=3.3741 elapsed=0.1min eta=1.0min
LEAR 84 92/728 2016-04-04 MAE=3.3772 elapsed=0.1min eta=1.0min
LEAR 84 93/728 2016-04-05 MAE=3.3700 elapsed=0.1min eta=1.0min
LEAR 84 94/728 2016-04-06 MAE=3.3491 elapsed=0.1min eta=1.0min
LEAR 84 95/728 2016-04-07 MAE=3.3321 elapsed=0.1min eta=1.0min
LEAR 84 96/728 2016-04-08 MAE=3.3251 elapsed=0.1min eta=1.0min
LEAR 84 97/728 2016-04-09 MAE=3.3075 elapsed=0.2min eta=1.1min
LEAR 84 98/728 2016-04-10 MAE=3.2926 elapsed=0.2min eta=1.0min
LEAR 84 99/728 2016-04-11 MAE=3.2930 elapsed=0.2min eta=1.0min
LEAR 84 100/728 2016-04-12 MAE=3.2743 elapsed=0.2min eta=1.0min
LEAR 84 101/728 2016-04-13 MAE=3.2570 elapsed=0.2min eta=1.0min
LEAR 84 102/728 2016-04-14 MAE=3.2413 elapsed=0.2min eta=1.0min
LEAR 84 103/728 2016-04-15 MAE=3.2227 elapsed=0.2min eta=1.0min
LEAR 84 104/728 2016-04-16 MAE=3.2046 elapsed=0.2min eta=1.0min
LEAR 84 105/728 2016-04-17 MAE=3.2021 elapsed=0.2min eta=1.0min
LEAR 84 106/728 2016-04-18 MAE=3.1974 elapsed=0.2min eta=1.0min
LEAR 84 107/728 2016-04-19 MAE=3.1880 elapsed=0.2min eta=1.0min
LEAR 84 108/728 2016-04-20 MAE=3.1711 elapsed=0.2min eta=0.9min
LEAR 84 109/728 2016-04-21 MAE=3.1616 elapsed=0.2min eta=1.0min
LEAR 84 110/728 2016-04-22 MAE=3.1437 elapsed=0.2min eta=1.0min
LEAR 84 111/728 2016-04-23 MAE=3.1347 elapsed=0.2min eta=1.0min
LEAR 84 112/728 2016-04-24 MAE=3.1430 elapsed=0.2min eta=1.0min
LEAR 84 113/728 2016-04-25 MAE=3.1479 elapsed=0.2min eta=1.0min
LEAR 84 114/728 2016-04-26 MAE=3.1492 elapsed=0.2min eta=1.0min
LEAR 84 115/728 2016-04-27 MAE=3.1414 elapsed=0.2min eta=1.0min
LEAR 84 116/728 2016-04-28 MAE=3.1524 elapsed=0.2min eta=1.0min
LEAR 84 117/728 2016-04-29 MAE=3.1444 elapsed=0.2min eta=1.0min
LEAR 84 118/728 2016-04-30 MAE=3.1350 elapsed=0.2min eta=0.9min
LEAR 84 119/728 2016-05-01 MAE=3.1312 elapsed=0.2min eta=0.9min
LEAR 84 120/728 2016-05-02 MAE=3.1226 elapsed=0.2min eta=0.9min
LEAR 84 121/728 2016-05-03 MAE=3.1145 elapsed=0.2min eta=1.0min
LEAR 84 122/728 2016-05-04 MAE=3.1035 elapsed=0.2min eta=1.0min
LEAR 84 123/728 2016-05-05 MAE=3.1134 elapsed=0.2min eta=1.0min
LEAR 84 124/728 2016-05-06 MAE=3.1083 elapsed=0.2min eta=1.0min
LEAR 84 125/728 2016-05-07 MAE=3.1121 elapsed=0.2min eta=1.0min
LEAR 84 126/728 2016-05-08 MAE=3.2666 elapsed=0.2min eta=1.0min
LEAR 84 127/728 2016-05-09 MAE=3.2590 elapsed=0.2min eta=0.9min
LEAR 84 128/728 2016-05-10 MAE=3.2554 elapsed=0.2min eta=0.9min
LEAR 84 129/728 2016-05-11 MAE=3.2509 elapsed=0.2min eta=0.9min
LEAR 84 130/728 2016-05-12 MAE=3.2506 elapsed=0.2min eta=0.9min
LEAR 84 131/728 2016-05-13 MAE=3.2447 elapsed=0.2min eta=0.9min
LEAR 84 132/728 2016-05-14 MAE=3.2578 elapsed=0.2min eta=0.9min
LEAR 84 133/728 2016-05-15 MAE=3.2665 elapsed=0.2min eta=1.0min
LEAR 84 134/728 2016-05-16 MAE=3.2715 elapsed=0.2min eta=1.0min
LEAR 84 135/728 2016-05-17 MAE=3.2773 elapsed=0.2min eta=1.0min
LEAR 84 136/728 2016-05-18 MAE=3.2616 elapsed=0.2min eta=0.9min
LEAR 84 137/728 2016-05-19 MAE=3.2726 elapsed=0.2min eta=0.9min
LEAR 84 138/728 2016-05-20 MAE=3.2573 elapsed=0.2min eta=0.9min
LEAR 84 139/728 2016-05-21 MAE=3.2458 elapsed=0.2min eta=0.9min
LEAR 84 140/728 2016-05-22 MAE=3.2914 elapsed=0.2min eta=0.9min
LEAR 84 141/728 2016-05-23 MAE=3.2942 elapsed=0.2min eta=0.9min
LEAR 84 142/728 2016-05-24 MAE=3.2881 elapsed=0.2min eta=0.9min
LEAR 84 143/728 2016-05-25 MAE=3.2790 elapsed=0.2min eta=0.9min
LEAR 84 144/728 2016-05-26 MAE=3.2750 elapsed=0.2min eta=0.9min
LEAR 84 145/728 2016-05-27 MAE=3.2610 elapsed=0.2min eta=0.9min
LEAR 84 146/728 2016-05-28 MAE=3.2523 elapsed=0.2min eta=0.9min
LEAR 84 147/728 2016-05-29 MAE=3.2541 elapsed=0.2min eta=0.9min
LEAR 84 148/728 2016-05-30 MAE=3.2520 elapsed=0.2min eta=0.9min
LEAR 84 149/728 2016-05-31 MAE=3.2462 elapsed=0.2min eta=0.9min
LEAR 84 150/728 2016-06-01 MAE=3.2379 elapsed=0.2min eta=0.9min
LEAR 84 151/728 2016-06-02 MAE=3.2341 elapsed=0.2min eta=0.9min
LEAR 84 152/728 2016-06-03 MAE=3.2216 elapsed=0.2min eta=0.9min
LEAR 84 153/728 2016-06-04 MAE=3.2074 elapsed=0.2min eta=0.9min
LEAR 84 154/728 2016-06-05 MAE=3.2009 elapsed=0.2min eta=0.9min
LEAR 84 155/728 2016-06-06 MAE=3.2057 elapsed=0.2min eta=0.9min
LEAR 84 156/728 2016-06-07 MAE=3.1912 elapsed=0.2min eta=0.9min
LEAR 84 157/728 2016-06-08 MAE=3.1823 elapsed=0.2min eta=0.9min
LEAR 84 158/728 2016-06-09 MAE=3.1777 elapsed=0.2min eta=0.9min
LEAR 84 159/728 2016-06-10 MAE=3.1652 elapsed=0.3min eta=0.9min
LEAR 84 160/728 2016-06-11 MAE=3.1538 elapsed=0.3min eta=0.9min
LEAR 84 161/728 2016-06-12 MAE=3.1471 elapsed=0.3min eta=0.9min
LEAR 84 162/728 2016-06-13 MAE=3.1422 elapsed=0.3min eta=0.9min
LEAR 84 163/728 2016-06-14 MAE=3.1278 elapsed=0.3min eta=0.9min
LEAR 84 164/728 2016-06-15 MAE=3.1221 elapsed=0.3min eta=0.9min
LEAR 84 165/728 2016-06-16 MAE=3.1129 elapsed=0.3min eta=0.9min
LEAR 84 166/728 2016-06-17 MAE=3.1005 elapsed=0.3min eta=0.9min
LEAR 84 167/728 2016-06-18 MAE=3.0911 elapsed=0.3min eta=0.9min
LEAR 84 168/728 2016-06-19 MAE=3.0982 elapsed=0.3min eta=0.9min
LEAR 84 169/728 2016-06-20 MAE=3.0863 elapsed=0.3min eta=0.9min
LEAR 84 170/728 2016-06-21 MAE=3.0778 elapsed=0.3min eta=0.9min
LEAR 84 171/728 2016-06-22 MAE=3.0727 elapsed=0.3min eta=0.9min
LEAR 84 172/728 2016-06-23 MAE=3.0640 elapsed=0.3min eta=0.9min
LEAR 84 173/728 2016-06-24 MAE=3.0607 elapsed=0.3min eta=0.9min
LEAR 84 174/728 2016-06-25 MAE=3.0576 elapsed=0.3min eta=0.9min
LEAR 84 175/728 2016-06-26 MAE=3.0546 elapsed=0.3min eta=0.9min
LEAR 84 176/728 2016-06-27 MAE=3.0519 elapsed=0.3min eta=0.9min
LEAR 84 177/728 2016-06-28 MAE=3.0440 elapsed=0.3min eta=0.9min
LEAR 84 178/728 2016-06-29 MAE=3.0396 elapsed=0.3min eta=0.8min
LEAR 84 179/728 2016-06-30 MAE=3.0395 elapsed=0.3min eta=0.8min
LEAR 84 180/728 2016-07-01 MAE=3.0315 elapsed=0.3min eta=0.8min
LEAR 84 181/728 2016-07-02 MAE=3.0267 elapsed=0.3min eta=0.9min
LEAR 84 182/728 2016-07-03 MAE=3.0207 elapsed=0.3min eta=0.9min
LEAR 84 183/728 2016-07-04 MAE=3.0135 elapsed=0.3min eta=0.9min
LEAR 84 184/728 2016-07-05 MAE=3.0127 elapsed=0.3min eta=0.9min
LEAR 84 185/728 2016-07-06 MAE=3.0337 elapsed=0.3min eta=0.9min
LEAR 84 186/728 2016-07-07 MAE=3.0261 elapsed=0.3min eta=0.8min
LEAR 84 187/728 2016-07-08 MAE=3.0178 elapsed=0.3min eta=0.8min
LEAR 84 188/728 2016-07-09 MAE=3.0170 elapsed=0.3min eta=0.8min
LEAR 84 189/728 2016-07-10 MAE=3.0268 elapsed=0.3min eta=0.8min
LEAR 84 190/728 2016-07-11 MAE=3.0222 elapsed=0.3min eta=0.8min
LEAR 84 191/728 2016-07-12 MAE=3.0156 elapsed=0.3min eta=0.8min
LEAR 84 192/728 2016-07-13 MAE=3.0078 elapsed=0.3min eta=0.8min
LEAR 84 193/728 2016-07-14 MAE=3.0008 elapsed=0.3min eta=0.8min
LEAR 84 194/728 2016-07-15 MAE=2.9996 elapsed=0.3min eta=0.8min
LEAR 84 195/728 2016-07-16 MAE=2.9904 elapsed=0.3min eta=0.8min
LEAR 84 196/728 2016-07-17 MAE=2.9794 elapsed=0.3min eta=0.8min
LEAR 84 197/728 2016-07-18 MAE=2.9708 elapsed=0.3min eta=0.8min
LEAR 84 198/728 2016-07-19 MAE=2.9651 elapsed=0.3min eta=0.8min
LEAR 84 199/728 2016-07-20 MAE=2.9585 elapsed=0.3min eta=0.8min
LEAR 84 200/728 2016-07-21 MAE=2.9565 elapsed=0.3min eta=0.8min
LEAR 84 201/728 2016-07-22 MAE=2.9463 elapsed=0.3min eta=0.8min
LEAR 84 202/728 2016-07-23 MAE=2.9579 elapsed=0.3min eta=0.8min
LEAR 84 203/728 2016-07-24 MAE=2.9649 elapsed=0.3min eta=0.8min
LEAR 84 204/728 2016-07-25 MAE=2.9628 elapsed=0.3min eta=0.8min
LEAR 84 205/728 2016-07-26 MAE=2.9545 elapsed=0.3min eta=0.8min
LEAR 84 206/728 2016-07-27 MAE=2.9509 elapsed=0.3min eta=0.8min
LEAR 84 207/728 2016-07-28 MAE=2.9425 elapsed=0.3min eta=0.8min
LEAR 84 208/728 2016-07-29 MAE=2.9346 elapsed=0.3min eta=0.8min
LEAR 84 209/728 2016-07-30 MAE=2.9354 elapsed=0.3min eta=0.8min
LEAR 84 210/728 2016-07-31 MAE=2.9317 elapsed=0.3min eta=0.8min
LEAR 84 211/728 2016-08-01 MAE=2.9256 elapsed=0.3min eta=0.8min
LEAR 84 212/728 2016-08-02 MAE=2.9176 elapsed=0.3min eta=0.8min
LEAR 84 213/728 2016-08-03 MAE=2.9127 elapsed=0.3min eta=0.8min
LEAR 84 214/728 2016-08-04 MAE=2.9063 elapsed=0.3min eta=0.8min
LEAR 84 215/728 2016-08-05 MAE=2.8976 elapsed=0.3min eta=0.8min
LEAR 84 216/728 2016-08-06 MAE=2.8971 elapsed=0.3min eta=0.8min
LEAR 84 217/728 2016-08-07 MAE=2.8989 elapsed=0.3min eta=0.8min
LEAR 84 218/728 2016-08-08 MAE=2.9010 elapsed=0.3min eta=0.8min
LEAR 84 219/728 2016-08-09 MAE=2.8931 elapsed=0.3min eta=0.8min
LEAR 84 220/728 2016-08-10 MAE=2.8858 elapsed=0.3min eta=0.8min
LEAR 84 221/728 2016-08-11 MAE=2.8818 elapsed=0.3min eta=0.8min
LEAR 84 222/728 2016-08-12 MAE=2.8759 elapsed=0.3min eta=0.8min
LEAR 84 223/728 2016-08-13 MAE=2.8725 elapsed=0.3min eta=0.8min
LEAR 84 224/728 2016-08-14 MAE=2.8656 elapsed=0.3min eta=0.8min
LEAR 84 225/728 2016-08-15 MAE=2.8562 elapsed=0.3min eta=0.8min
LEAR 84 226/728 2016-08-16 MAE=2.8487 elapsed=0.3min eta=0.8min
LEAR 84 227/728 2016-08-17 MAE=2.8404 elapsed=0.3min eta=0.8min
LEAR 84 228/728 2016-08-18 MAE=2.8323 elapsed=0.3min eta=0.8min
LEAR 84 229/728 2016-08-19 MAE=2.8247 elapsed=0.4min eta=0.8min
LEAR 84 230/728 2016-08-20 MAE=2.8182 elapsed=0.4min eta=0.8min
LEAR 84 231/728 2016-08-21 MAE=2.8165 elapsed=0.4min eta=0.8min
LEAR 84 232/728 2016-08-22 MAE=2.8141 elapsed=0.4min eta=0.8min
LEAR 84 233/728 2016-08-23 MAE=2.8096 elapsed=0.4min eta=0.8min
LEAR 84 234/728 2016-08-24 MAE=2.8044 elapsed=0.4min eta=0.8min
LEAR 84 235/728 2016-08-25 MAE=2.7973 elapsed=0.4min eta=0.8min
LEAR 84 236/728 2016-08-26 MAE=2.7912 elapsed=0.4min eta=0.8min
LEAR 84 237/728 2016-08-27 MAE=2.7852 elapsed=0.4min eta=0.8min
LEAR 84 238/728 2016-08-28 MAE=2.7989 elapsed=0.4min eta=0.7min
LEAR 84 239/728 2016-08-29 MAE=2.8020 elapsed=0.4min eta=0.7min
LEAR 84 240/728 2016-08-30 MAE=2.7964 elapsed=0.4min eta=0.7min
LEAR 84 241/728 2016-08-31 MAE=2.7917 elapsed=0.4min eta=0.8min
LEAR 84 242/728 2016-09-01 MAE=2.7850 elapsed=0.4min eta=0.8min
LEAR 84 243/728 2016-09-02 MAE=2.7787 elapsed=0.4min eta=0.8min
LEAR 84 244/728 2016-09-03 MAE=2.7778 elapsed=0.4min eta=0.8min
LEAR 84 245/728 2016-09-04 MAE=2.7787 elapsed=0.4min eta=0.8min
LEAR 84 246/728 2016-09-05 MAE=2.7884 elapsed=0.4min eta=0.7min
LEAR 84 247/728 2016-09-06 MAE=2.7856 elapsed=0.4min eta=0.7min
LEAR 84 248/728 2016-09-07 MAE=2.7829 elapsed=0.4min eta=0.7min
LEAR 84 249/728 2016-09-08 MAE=2.7775 elapsed=0.4min eta=0.7min
LEAR 84 250/728 2016-09-09 MAE=2.7725 elapsed=0.4min eta=0.7min
LEAR 84 251/728 2016-09-10 MAE=2.7675 elapsed=0.4min eta=0.7min
LEAR 84 252/728 2016-09-11 MAE=2.7658 elapsed=0.4min eta=0.7min
LEAR 84 253/728 2016-09-12 MAE=2.7623 elapsed=0.4min eta=0.7min
LEAR 84 254/728 2016-09-13 MAE=2.7585 elapsed=0.4min eta=0.7min
LEAR 84 255/728 2016-09-14 MAE=2.7540 elapsed=0.4min eta=0.7min
LEAR 84 256/728 2016-09-15 MAE=2.7484 elapsed=0.4min eta=0.7min
LEAR 84 257/728 2016-09-16 MAE=2.7433 elapsed=0.4min eta=0.7min
LEAR 84 258/728 2016-09-17 MAE=2.7410 elapsed=0.4min eta=0.7min
LEAR 84 259/728 2016-09-18 MAE=2.7383 elapsed=0.4min eta=0.7min
LEAR 84 260/728 2016-09-19 MAE=2.7368 elapsed=0.4min eta=0.7min
LEAR 84 261/728 2016-09-20 MAE=2.7367 elapsed=0.4min eta=0.7min
LEAR 84 262/728 2016-09-21 MAE=2.7348 elapsed=0.4min eta=0.7min
LEAR 84 263/728 2016-09-22 MAE=2.7317 elapsed=0.4min eta=0.7min
LEAR 84 264/728 2016-09-23 MAE=2.7289 elapsed=0.4min eta=0.7min
LEAR 84 265/728 2016-09-24 MAE=2.7259 elapsed=0.4min eta=0.7min
LEAR 84 266/728 2016-09-25 MAE=2.7247 elapsed=0.4min eta=0.7min
LEAR 84 267/728 2016-09-26 MAE=2.7245 elapsed=0.4min eta=0.7min
LEAR 84 268/728 2016-09-27 MAE=2.7256 elapsed=0.4min eta=0.7min
LEAR 84 269/728 2016-09-28 MAE=2.7286 elapsed=0.4min eta=0.7min
LEAR 84 270/728 2016-09-29 MAE=2.7336 elapsed=0.4min eta=0.7min
LEAR 84 271/728 2016-09-30 MAE=2.7404 elapsed=0.4min eta=0.7min
LEAR 84 272/728 2016-10-01 MAE=2.7443 elapsed=0.4min eta=0.7min
LEAR 84 273/728 2016-10-02 MAE=2.7567 elapsed=0.4min eta=0.7min
LEAR 84 274/728 2016-10-03 MAE=2.7589 elapsed=0.4min eta=0.7min
LEAR 84 275/728 2016-10-04 MAE=2.7594 elapsed=0.4min eta=0.7min
LEAR 84 276/728 2016-10-05 MAE=2.7566 elapsed=0.4min eta=0.7min
LEAR 84 277/728 2016-10-06 MAE=2.7632 elapsed=0.4min eta=0.7min
LEAR 84 278/728 2016-10-07 MAE=2.7694 elapsed=0.4min eta=0.7min
LEAR 84 279/728 2016-10-08 MAE=2.7776 elapsed=0.4min eta=0.7min
LEAR 84 280/728 2016-10-09 MAE=2.7791 elapsed=0.4min eta=0.7min
LEAR 84 281/728 2016-10-10 MAE=2.8203 elapsed=0.4min eta=0.7min
LEAR 84 282/728 2016-10-11 MAE=2.8218 elapsed=0.4min eta=0.7min
LEAR 84 283/728 2016-10-12 MAE=2.8226 elapsed=0.4min eta=0.7min
LEAR 84 284/728 2016-10-13 MAE=2.8226 elapsed=0.4min eta=0.7min
LEAR 84 285/728 2016-10-14 MAE=2.8201 elapsed=0.4min eta=0.7min
LEAR 84 286/728 2016-10-15 MAE=2.8329 elapsed=0.4min eta=0.7min
LEAR 84 287/728 2016-10-16 MAE=2.8326 elapsed=0.4min eta=0.7min
LEAR 84 288/728 2016-10-17 MAE=2.8361 elapsed=0.4min eta=0.7min
LEAR 84 289/728 2016-10-18 MAE=2.8461 elapsed=0.4min eta=0.7min
LEAR 84 290/728 2016-10-19 MAE=2.8453 elapsed=0.4min eta=0.7min
LEAR 84 291/728 2016-10-20 MAE=2.8539 elapsed=0.5min eta=0.7min
LEAR 84 292/728 2016-10-21 MAE=2.8544 elapsed=0.5min eta=0.7min
LEAR 84 293/728 2016-10-22 MAE=2.8624 elapsed=0.5min eta=0.7min
LEAR 84 294/728 2016-10-23 MAE=2.8594 elapsed=0.5min eta=0.7min
LEAR 84 295/728 2016-10-24 MAE=2.8585 elapsed=0.5min eta=0.7min
LEAR 84 296/728 2016-10-25 MAE=2.8663 elapsed=0.5min eta=0.7min
LEAR 84 297/728 2016-10-26 MAE=2.8642 elapsed=0.5min eta=0.7min
LEAR 84 298/728 2016-10-27 MAE=2.8607 elapsed=0.5min eta=0.7min
LEAR 84 299/728 2016-10-28 MAE=2.8614 elapsed=0.5min eta=0.7min
LEAR 84 300/728 2016-10-29 MAE=2.8572 elapsed=0.5min eta=0.7min
LEAR 84 301/728 2016-10-30 MAE=2.8575 elapsed=0.5min eta=0.7min
LEAR 84 302/728 2016-10-31 MAE=2.8565 elapsed=0.5min eta=0.7min
LEAR 84 303/728 2016-11-01 MAE=2.8663 elapsed=0.5min eta=0.7min
LEAR 84 304/728 2016-11-02 MAE=2.8782 elapsed=0.5min eta=0.7min
LEAR 84 305/728 2016-11-03 MAE=2.8846 elapsed=0.5min eta=0.7min
LEAR 84 306/728 2016-11-04 MAE=2.8860 elapsed=0.5min eta=0.7min
LEAR 84 307/728 2016-11-05 MAE=2.8902 elapsed=0.5min eta=0.6min
LEAR 84 308/728 2016-11-06 MAE=2.8871 elapsed=0.5min eta=0.6min
LEAR 84 309/728 2016-11-07 MAE=2.9033 elapsed=0.5min eta=0.6min
LEAR 84 310/728 2016-11-08 MAE=2.9233 elapsed=0.5min eta=0.6min
LEAR 84 311/728 2016-11-09 MAE=2.9356 elapsed=0.5min eta=0.6min
LEAR 84 312/728 2016-11-10 MAE=2.9501 elapsed=0.5min eta=0.6min
LEAR 84 313/728 2016-11-11 MAE=2.9481 elapsed=0.5min eta=0.6min
LEAR 84 314/728 2016-11-12 MAE=2.9462 elapsed=0.5min eta=0.6min
LEAR 84 315/728 2016-11-13 MAE=2.9413 elapsed=0.5min eta=0.6min
LEAR 84 316/728 2016-11-14 MAE=2.9425 elapsed=0.5min eta=0.6min
LEAR 84 317/728 2016-11-15 MAE=2.9432 elapsed=0.5min eta=0.6min
LEAR 84 318/728 2016-11-16 MAE=2.9469 elapsed=0.5min eta=0.6min
LEAR 84 319/728 2016-11-17 MAE=2.9547 elapsed=0.5min eta=0.6min
LEAR 84 320/728 2016-11-18 MAE=2.9642 elapsed=0.5min eta=0.6min
LEAR 84 321/728 2016-11-19 MAE=2.9733 elapsed=0.5min eta=0.6min
LEAR 84 322/728 2016-11-20 MAE=3.0438 elapsed=0.5min eta=0.6min
LEAR 84 323/728 2016-11-21 MAE=3.0687 elapsed=0.5min eta=0.6min
LEAR 84 324/728 2016-11-22 MAE=3.0756 elapsed=0.5min eta=0.6min
LEAR 84 325/728 2016-11-23 MAE=3.0780 elapsed=0.5min eta=0.6min
LEAR 84 326/728 2016-11-24 MAE=3.0773 elapsed=0.5min eta=0.6min
LEAR 84 327/728 2016-11-25 MAE=3.0752 elapsed=0.5min eta=0.6min
LEAR 84 328/728 2016-11-26 MAE=3.0749 elapsed=0.5min eta=0.6min
LEAR 84 329/728 2016-11-27 MAE=3.0762 elapsed=0.5min eta=0.6min
LEAR 84 330/728 2016-11-28 MAE=3.0730 elapsed=0.5min eta=0.6min
LEAR 84 331/728 2016-11-29 MAE=3.0766 elapsed=0.5min eta=0.6min
LEAR 84 332/728 2016-11-30 MAE=3.0732 elapsed=0.5min eta=0.6min
LEAR 84 333/728 2016-12-01 MAE=3.0792 elapsed=0.5min eta=0.6min
LEAR 84 334/728 2016-12-02 MAE=3.0824 elapsed=0.5min eta=0.6min
LEAR 84 335/728 2016-12-03 MAE=3.0833 elapsed=0.5min eta=0.6min
LEAR 84 336/728 2016-12-04 MAE=3.0827 elapsed=0.5min eta=0.6min
LEAR 84 337/728 2016-12-05 MAE=3.0885 elapsed=0.5min eta=0.6min
LEAR 84 338/728 2016-12-06 MAE=3.1032 elapsed=0.5min eta=0.6min
LEAR 84 339/728 2016-12-07 MAE=3.1024 elapsed=0.5min eta=0.6min
LEAR 84 340/728 2016-12-08 MAE=3.1077 elapsed=0.5min eta=0.6min
LEAR 84 341/728 2016-12-09 MAE=3.1065 elapsed=0.5min eta=0.6min
LEAR 84 342/728 2016-12-10 MAE=3.1069 elapsed=0.5min eta=0.6min
LEAR 84 343/728 2016-12-11 MAE=3.1092 elapsed=0.5min eta=0.6min
LEAR 84 344/728 2016-12-12 MAE=3.1107 elapsed=0.5min eta=0.6min
LEAR 84 345/728 2016-12-13 MAE=3.1113 elapsed=0.5min eta=0.6min
LEAR 84 346/728 2016-12-14 MAE=3.1386 elapsed=0.5min eta=0.6min
LEAR 84 347/728 2016-12-15 MAE=3.1529 elapsed=0.5min eta=0.6min
LEAR 84 348/728 2016-12-16 MAE=3.1706 elapsed=0.5min eta=0.6min
LEAR 84 349/728 2016-12-17 MAE=3.1727 elapsed=0.5min eta=0.6min
LEAR 84 350/728 2016-12-18 MAE=3.1801 elapsed=0.5min eta=0.6min
LEAR 84 351/728 2016-12-19 MAE=3.1976 elapsed=0.5min eta=0.6min
LEAR 84 352/728 2016-12-20 MAE=3.1941 elapsed=0.5min eta=0.6min
LEAR 84 353/728 2016-12-21 MAE=3.1909 elapsed=0.5min eta=0.6min
LEAR 84 354/728 2016-12-22 MAE=3.1886 elapsed=0.5min eta=0.6min
LEAR 84 355/728 2016-12-23 MAE=3.1895 elapsed=0.5min eta=0.6min
LEAR 84 356/728 2016-12-24 MAE=3.2163 elapsed=0.5min eta=0.6min
LEAR 84 357/728 2016-12-25 MAE=3.2393 elapsed=0.5min eta=0.6min
LEAR 84 358/728 2016-12-26 MAE=3.3008 elapsed=0.5min eta=0.6min
LEAR 84 359/728 2016-12-27 MAE=3.3203 elapsed=0.5min eta=0.6min
LEAR 84 360/728 2016-12-28 MAE=3.3369 elapsed=0.5min eta=0.6min
LEAR 84 361/728 2016-12-29 MAE=3.3436 elapsed=0.5min eta=0.6min
LEAR 84 362/728 2016-12-30 MAE=3.3480 elapsed=0.6min eta=0.6min
LEAR 84 363/728 2016-12-31 MAE=3.3554 elapsed=0.6min eta=0.6min
LEAR 84 364/728 2017-01-01 MAE=3.3632 elapsed=0.6min eta=0.6min
LEAR 84 365/728 2017-01-02 MAE=3.3742 elapsed=0.6min eta=0.6min
LEAR 84 366/728 2017-01-03 MAE=3.3821 elapsed=0.6min eta=0.6min
LEAR 84 367/728 2017-01-04 MAE=3.3905 elapsed=0.6min eta=0.5min
LEAR 84 368/728 2017-01-05 MAE=3.4001 elapsed=0.6min eta=0.5min
LEAR 84 369/728 2017-01-06 MAE=3.3987 elapsed=0.6min eta=0.5min
LEAR 84 370/728 2017-01-07 MAE=3.3976 elapsed=0.6min eta=0.5min
LEAR 84 371/728 2017-01-08 MAE=3.3982 elapsed=0.6min eta=0.5min
LEAR 84 372/728 2017-01-09 MAE=3.4198 elapsed=0.6min eta=0.5min
LEAR 84 373/728 2017-01-10 MAE=3.4357 elapsed=0.6min eta=0.5min
LEAR 84 374/728 2017-01-11 MAE=3.4390 elapsed=0.6min eta=0.5min
LEAR 84 375/728 2017-01-12 MAE=3.4412 elapsed=0.6min eta=0.5min
LEAR 84 376/728 2017-01-13 MAE=3.4390 elapsed=0.6min eta=0.5min
LEAR 84 377/728 2017-01-14 MAE=3.4364 elapsed=0.6min eta=0.5min
LEAR 84 378/728 2017-01-15 MAE=3.4371 elapsed=0.6min eta=0.5min
LEAR 84 379/728 2017-01-16 MAE=3.5029 elapsed=0.6min eta=0.5min
LEAR 84 380/728 2017-01-17 MAE=3.5426 elapsed=0.6min eta=0.5min
LEAR 84 381/728 2017-01-18 MAE=3.5513 elapsed=0.6min eta=0.5min
LEAR 84 382/728 2017-01-19 MAE=3.5606 elapsed=0.6min eta=0.5min
LEAR 84 383/728 2017-01-20 MAE=3.5640 elapsed=0.6min eta=0.5min
LEAR 84 384/728 2017-01-21 MAE=3.5696 elapsed=0.6min eta=0.5min
LEAR 84 385/728 2017-01-22 MAE=3.5756 elapsed=0.6min eta=0.5min
LEAR 84 386/728 2017-01-23 MAE=3.6203 elapsed=0.6min eta=0.5min
LEAR 84 387/728 2017-01-24 MAE=3.6628 elapsed=0.6min eta=0.5min
LEAR 84 388/728 2017-01-25 MAE=3.6828 elapsed=0.6min eta=0.5min
LEAR 84 389/728 2017-01-26 MAE=3.7015 elapsed=0.6min eta=0.5min
LEAR 84 390/728 2017-01-27 MAE=3.7006 elapsed=0.6min eta=0.5min
LEAR 84 391/728 2017-01-28 MAE=3.7018 elapsed=0.6min eta=0.5min
LEAR 84 392/728 2017-01-29 MAE=3.7010 elapsed=0.6min eta=0.5min
LEAR 84 393/728 2017-01-30 MAE=3.7033 elapsed=0.6min eta=0.5min
LEAR 84 394/728 2017-01-31 MAE=3.7061 elapsed=0.6min eta=0.5min
LEAR 84 395/728 2017-02-01 MAE=3.7185 elapsed=0.6min eta=0.5min
LEAR 84 396/728 2017-02-02 MAE=3.7187 elapsed=0.6min eta=0.5min
LEAR 84 397/728 2017-02-03 MAE=3.7188 elapsed=0.6min eta=0.5min
LEAR 84 398/728 2017-02-04 MAE=3.7228 elapsed=0.6min eta=0.5min
LEAR 84 399/728 2017-02-05 MAE=3.7258 elapsed=0.6min eta=0.5min
LEAR 84 400/728 2017-02-06 MAE=3.7278 elapsed=0.6min eta=0.5min
LEAR 84 401/728 2017-02-07 MAE=3.7294 elapsed=0.6min eta=0.5min
LEAR 84 402/728 2017-02-08 MAE=3.7352 elapsed=0.6min eta=0.5min
LEAR 84 403/728 2017-02-09 MAE=3.7345 elapsed=0.6min eta=0.5min
LEAR 84 404/728 2017-02-10 MAE=3.7361 elapsed=0.6min eta=0.5min
LEAR 84 405/728 2017-02-11 MAE=3.7406 elapsed=0.6min eta=0.5min
LEAR 84 406/728 2017-02-12 MAE=3.7406 elapsed=0.6min eta=0.5min
LEAR 84 407/728 2017-02-13 MAE=3.7395 elapsed=0.6min eta=0.5min
LEAR 84 408/728 2017-02-14 MAE=3.7480 elapsed=0.6min eta=0.5min
LEAR 84 409/728 2017-02-15 MAE=3.7463 elapsed=0.6min eta=0.5min
LEAR 84 410/728 2017-02-16 MAE=3.7428 elapsed=0.6min eta=0.5min
LEAR 84 411/728 2017-02-17 MAE=3.7432 elapsed=0.6min eta=0.5min
LEAR 84 412/728 2017-02-18 MAE=3.7451 elapsed=0.6min eta=0.5min
LEAR 84 413/728 2017-02-19 MAE=3.7557 elapsed=0.6min eta=0.5min
LEAR 84 414/728 2017-02-20 MAE=3.7562 elapsed=0.6min eta=0.5min
LEAR 84 415/728 2017-02-21 MAE=3.7571 elapsed=0.6min eta=0.5min
LEAR 84 416/728 2017-02-22 MAE=3.7649 elapsed=0.6min eta=0.5min
LEAR 84 417/728 2017-02-23 MAE=3.7654 elapsed=0.6min eta=0.5min
LEAR 84 418/728 2017-02-24 MAE=3.7736 elapsed=0.6min eta=0.5min
LEAR 84 419/728 2017-02-25 MAE=3.7817 elapsed=0.6min eta=0.5min
LEAR 84 420/728 2017-02-26 MAE=3.7920 elapsed=0.6min eta=0.5min
LEAR 84 421/728 2017-02-27 MAE=3.7934 elapsed=0.6min eta=0.5min
LEAR 84 422/728 2017-02-28 MAE=3.7946 elapsed=0.6min eta=0.5min
LEAR 84 423/728 2017-03-01 MAE=3.7935 elapsed=0.6min eta=0.5min
LEAR 84 424/728 2017-03-02 MAE=3.7963 elapsed=0.6min eta=0.5min
LEAR 84 425/728 2017-03-03 MAE=3.7992 elapsed=0.6min eta=0.5min
LEAR 84 426/728 2017-03-04 MAE=3.7978 elapsed=0.6min eta=0.5min
LEAR 84 427/728 2017-03-05 MAE=3.8021 elapsed=0.6min eta=0.5min
LEAR 84 428/728 2017-03-06 MAE=3.8079 elapsed=0.6min eta=0.5min
LEAR 84 429/728 2017-03-07 MAE=3.8203 elapsed=0.6min eta=0.5min
LEAR 84 430/728 2017-03-08 MAE=3.8174 elapsed=0.6min eta=0.4min
LEAR 84 431/728 2017-03-09 MAE=3.8124 elapsed=0.6min eta=0.4min
LEAR 84 432/728 2017-03-10 MAE=3.8160 elapsed=0.6min eta=0.4min
LEAR 84 433/728 2017-03-11 MAE=3.8196 elapsed=0.7min eta=0.4min
LEAR 84 434/728 2017-03-12 MAE=3.8254 elapsed=0.7min eta=0.4min
LEAR 84 435/728 2017-03-13 MAE=3.8286 elapsed=0.7min eta=0.4min
LEAR 84 436/728 2017-03-14 MAE=3.8282 elapsed=0.7min eta=0.4min
LEAR 84 437/728 2017-03-15 MAE=3.8251 elapsed=0.7min eta=0.4min
LEAR 84 438/728 2017-03-16 MAE=3.8206 elapsed=0.7min eta=0.4min
LEAR 84 439/728 2017-03-17 MAE=3.8293 elapsed=0.7min eta=0.4min
LEAR 84 440/728 2017-03-18 MAE=3.8299 elapsed=0.7min eta=0.4min
LEAR 84 441/728 2017-03-19 MAE=3.8427 elapsed=0.7min eta=0.4min
LEAR 84 442/728 2017-03-20 MAE=3.8466 elapsed=0.7min eta=0.4min
LEAR 84 443/728 2017-03-21 MAE=3.8447 elapsed=0.7min eta=0.4min
LEAR 84 444/728 2017-03-22 MAE=3.8429 elapsed=0.7min eta=0.4min
LEAR 84 445/728 2017-03-23 MAE=3.8395 elapsed=0.7min eta=0.4min
LEAR 84 446/728 2017-03-24 MAE=3.8368 elapsed=0.7min eta=0.4min
LEAR 84 447/728 2017-03-25 MAE=3.8350 elapsed=0.7min eta=0.4min
LEAR 84 448/728 2017-03-26 MAE=3.8347 elapsed=0.7min eta=0.4min
LEAR 84 449/728 2017-03-27 MAE=3.8326 elapsed=0.7min eta=0.4min
LEAR 84 450/728 2017-03-28 MAE=3.8275 elapsed=0.7min eta=0.4min
LEAR 84 451/728 2017-03-29 MAE=3.8289 elapsed=0.7min eta=0.4min
LEAR 84 452/728 2017-03-30 MAE=3.8238 elapsed=0.7min eta=0.4min
LEAR 84 453/728 2017-03-31 MAE=3.8211 elapsed=0.7min eta=0.4min
LEAR 84 454/728 2017-04-01 MAE=3.8178 elapsed=0.7min eta=0.4min
LEAR 84 455/728 2017-04-02 MAE=3.8166 elapsed=0.7min eta=0.4min
LEAR 84 456/728 2017-04-03 MAE=3.8161 elapsed=0.7min eta=0.4min
LEAR 84 457/728 2017-04-04 MAE=3.8113 elapsed=0.7min eta=0.4min
LEAR 84 458/728 2017-04-05 MAE=3.8088 elapsed=0.7min eta=0.4min
LEAR 84 459/728 2017-04-06 MAE=3.8099 elapsed=0.7min eta=0.4min
LEAR 84 460/728 2017-04-07 MAE=3.8108 elapsed=0.7min eta=0.4min
LEAR 84 461/728 2017-04-08 MAE=3.8092 elapsed=0.7min eta=0.4min
LEAR 84 462/728 2017-04-09 MAE=3.8055 elapsed=0.7min eta=0.4min
LEAR 84 463/728 2017-04-10 MAE=3.8062 elapsed=0.7min eta=0.4min
LEAR 84 464/728 2017-04-11 MAE=3.8055 elapsed=0.7min eta=0.4min
LEAR 84 465/728 2017-04-12 MAE=3.8002 elapsed=0.7min eta=0.4min
LEAR 84 466/728 2017-04-13 MAE=3.8014 elapsed=0.7min eta=0.4min
LEAR 84 467/728 2017-04-14 MAE=3.8015 elapsed=0.7min eta=0.4min
LEAR 84 468/728 2017-04-15 MAE=3.8062 elapsed=0.7min eta=0.4min
LEAR 84 469/728 2017-04-16 MAE=3.8072 elapsed=0.7min eta=0.4min
LEAR 84 470/728 2017-04-17 MAE=3.8086 elapsed=0.7min eta=0.4min
LEAR 84 471/728 2017-04-18 MAE=3.8121 elapsed=0.7min eta=0.4min
LEAR 84 472/728 2017-04-19 MAE=3.8096 elapsed=0.7min eta=0.4min
LEAR 84 473/728 2017-04-20 MAE=3.8058 elapsed=0.7min eta=0.4min
LEAR 84 474/728 2017-04-21 MAE=3.8046 elapsed=0.7min eta=0.4min
LEAR 84 475/728 2017-04-22 MAE=3.8064 elapsed=0.7min eta=0.4min
LEAR 84 476/728 2017-04-23 MAE=3.8065 elapsed=0.7min eta=0.4min
LEAR 84 477/728 2017-04-24 MAE=3.8157 elapsed=0.7min eta=0.4min
LEAR 84 478/728 2017-04-25 MAE=3.8134 elapsed=0.7min eta=0.4min
LEAR 84 479/728 2017-04-26 MAE=3.8099 elapsed=0.7min eta=0.4min
LEAR 84 480/728 2017-04-27 MAE=3.8050 elapsed=0.7min eta=0.4min
LEAR 84 481/728 2017-04-28 MAE=3.8003 elapsed=0.7min eta=0.4min
LEAR 84 482/728 2017-04-29 MAE=3.7978 elapsed=0.7min eta=0.4min
LEAR 84 483/728 2017-04-30 MAE=3.8258 elapsed=0.7min eta=0.4min
LEAR 84 484/728 2017-05-01 MAE=3.8875 elapsed=0.7min eta=0.4min
LEAR 84 485/728 2017-05-02 MAE=3.8871 elapsed=0.7min eta=0.4min
LEAR 84 486/728 2017-05-03 MAE=3.8852 elapsed=0.7min eta=0.4min
LEAR 84 487/728 2017-05-04 MAE=3.8820 elapsed=0.7min eta=0.4min
LEAR 84 488/728 2017-05-05 MAE=3.8792 elapsed=0.7min eta=0.4min
LEAR 84 489/728 2017-05-06 MAE=3.8752 elapsed=0.7min eta=0.4min
LEAR 84 490/728 2017-05-07 MAE=3.8735 elapsed=0.7min eta=0.4min
LEAR 84 491/728 2017-05-08 MAE=3.8727 elapsed=0.7min eta=0.4min
LEAR 84 492/728 2017-05-09 MAE=3.8711 elapsed=0.7min eta=0.4min
LEAR 84 493/728 2017-05-10 MAE=3.8701 elapsed=0.7min eta=0.4min
LEAR 84 494/728 2017-05-11 MAE=3.8663 elapsed=0.7min eta=0.4min
LEAR 84 495/728 2017-05-12 MAE=3.8629 elapsed=0.7min eta=0.4min
LEAR 84 496/728 2017-05-13 MAE=3.8580 elapsed=0.8min eta=0.4min
LEAR 84 497/728 2017-05-14 MAE=3.8554 elapsed=0.8min eta=0.3min
LEAR 84 498/728 2017-05-15 MAE=3.8520 elapsed=0.8min eta=0.3min
LEAR 84 499/728 2017-05-16 MAE=3.8487 elapsed=0.8min eta=0.3min
LEAR 84 500/728 2017-05-17 MAE=3.8443 elapsed=0.8min eta=0.3min
LEAR 84 501/728 2017-05-18 MAE=3.8404 elapsed=0.8min eta=0.3min
LEAR 84 502/728 2017-05-19 MAE=3.8383 elapsed=0.8min eta=0.3min
LEAR 84 503/728 2017-05-20 MAE=3.8404 elapsed=0.8min eta=0.3min
LEAR 84 504/728 2017-05-21 MAE=3.8497 elapsed=0.8min eta=0.3min
LEAR 84 505/728 2017-05-22 MAE=3.8485 elapsed=0.8min eta=0.3min
LEAR 84 506/728 2017-05-23 MAE=3.8434 elapsed=0.8min eta=0.3min
LEAR 84 507/728 2017-05-24 MAE=3.8438 elapsed=0.8min eta=0.3min
LEAR 84 508/728 2017-05-25 MAE=3.8397 elapsed=0.8min eta=0.3min
LEAR 84 509/728 2017-05-26 MAE=3.8345 elapsed=0.8min eta=0.3min
LEAR 84 510/728 2017-05-27 MAE=3.8323 elapsed=0.8min eta=0.3min
LEAR 84 511/728 2017-05-28 MAE=3.8306 elapsed=0.8min eta=0.3min
LEAR 84 512/728 2017-05-29 MAE=3.8292 elapsed=0.8min eta=0.3min
LEAR 84 513/728 2017-05-30 MAE=3.8291 elapsed=0.8min eta=0.3min
LEAR 84 514/728 2017-05-31 MAE=3.8248 elapsed=0.8min eta=0.3min
LEAR 84 515/728 2017-06-01 MAE=3.8238 elapsed=0.8min eta=0.3min
LEAR 84 516/728 2017-06-02 MAE=3.8219 elapsed=0.8min eta=0.3min
LEAR 84 517/728 2017-06-03 MAE=3.8187 elapsed=0.8min eta=0.3min
LEAR 84 518/728 2017-06-04 MAE=3.8199 elapsed=0.8min eta=0.3min
LEAR 84 519/728 2017-06-05 MAE=3.8154 elapsed=0.8min eta=0.3min
LEAR 84 520/728 2017-06-06 MAE=3.8234 elapsed=0.8min eta=0.3min
LEAR 84 521/728 2017-06-07 MAE=3.8405 elapsed=0.8min eta=0.3min
LEAR 84 522/728 2017-06-08 MAE=3.8383 elapsed=0.8min eta=0.3min
LEAR 84 523/728 2017-06-09 MAE=3.8346 elapsed=0.8min eta=0.3min
LEAR 84 524/728 2017-06-10 MAE=3.8295 elapsed=0.8min eta=0.3min
LEAR 84 525/728 2017-06-11 MAE=3.8294 elapsed=0.8min eta=0.3min
LEAR 84 526/728 2017-06-12 MAE=3.8292 elapsed=0.8min eta=0.3min
LEAR 84 527/728 2017-06-13 MAE=3.8250 elapsed=0.8min eta=0.3min
LEAR 84 528/728 2017-06-14 MAE=3.8256 elapsed=0.8min eta=0.3min
LEAR 84 529/728 2017-06-15 MAE=3.8246 elapsed=0.8min eta=0.3min
LEAR 84 530/728 2017-06-16 MAE=3.8258 elapsed=0.8min eta=0.3min
LEAR 84 531/728 2017-06-17 MAE=3.8270 elapsed=0.8min eta=0.3min
LEAR 84 532/728 2017-06-18 MAE=3.8231 elapsed=0.8min eta=0.3min
LEAR 84 533/728 2017-06-19 MAE=3.8240 elapsed=0.8min eta=0.3min
LEAR 84 534/728 2017-06-20 MAE=3.8212 elapsed=0.8min eta=0.3min
LEAR 84 535/728 2017-06-21 MAE=3.8189 elapsed=0.8min eta=0.3min
LEAR 84 536/728 2017-06-22 MAE=3.8169 elapsed=0.8min eta=0.3min
LEAR 84 537/728 2017-06-23 MAE=3.8129 elapsed=0.8min eta=0.3min
LEAR 84 538/728 2017-06-24 MAE=3.8102 elapsed=0.8min eta=0.3min
LEAR 84 539/728 2017-06-25 MAE=3.8114 elapsed=0.8min eta=0.3min
LEAR 84 540/728 2017-06-26 MAE=3.8084 elapsed=0.8min eta=0.3min
LEAR 84 541/728 2017-06-27 MAE=3.8049 elapsed=0.8min eta=0.3min
LEAR 84 542/728 2017-06-28 MAE=3.8028 elapsed=0.8min eta=0.3min
LEAR 84 543/728 2017-06-29 MAE=3.7991 elapsed=0.8min eta=0.3min
LEAR 84 544/728 2017-06-30 MAE=3.7948 elapsed=0.8min eta=0.3min
LEAR 84 545/728 2017-07-01 MAE=3.7944 elapsed=0.8min eta=0.3min
LEAR 84 546/728 2017-07-02 MAE=3.7961 elapsed=0.8min eta=0.3min
LEAR 84 547/728 2017-07-03 MAE=3.7936 elapsed=0.8min eta=0.3min
LEAR 84 548/728 2017-07-04 MAE=3.7892 elapsed=0.8min eta=0.3min
LEAR 84 549/728 2017-07-05 MAE=3.7864 elapsed=0.8min eta=0.3min
LEAR 84 550/728 2017-07-06 MAE=3.7849 elapsed=0.8min eta=0.3min
LEAR 84 551/728 2017-07-07 MAE=3.7806 elapsed=0.8min eta=0.3min
LEAR 84 552/728 2017-07-08 MAE=3.7813 elapsed=0.8min eta=0.3min
LEAR 84 553/728 2017-07-09 MAE=3.7798 elapsed=0.8min eta=0.3min
LEAR 84 554/728 2017-07-10 MAE=3.7782 elapsed=0.8min eta=0.3min
LEAR 84 555/728 2017-07-11 MAE=3.7732 elapsed=0.8min eta=0.3min
LEAR 84 556/728 2017-07-12 MAE=3.7690 elapsed=0.8min eta=0.3min
LEAR 84 557/728 2017-07-13 MAE=3.7663 elapsed=0.8min eta=0.3min
LEAR 84 558/728 2017-07-14 MAE=3.7629 elapsed=0.8min eta=0.3min
LEAR 84 559/728 2017-07-15 MAE=3.7580 elapsed=0.8min eta=0.3min
LEAR 84 560/728 2017-07-16 MAE=3.7552 elapsed=0.8min eta=0.3min
LEAR 84 561/728 2017-07-17 MAE=3.7509 elapsed=0.8min eta=0.3min
LEAR 84 562/728 2017-07-18 MAE=3.7466 elapsed=0.8min eta=0.2min
LEAR 84 563/728 2017-07-19 MAE=3.7435 elapsed=0.8min eta=0.2min
LEAR 84 564/728 2017-07-20 MAE=3.7396 elapsed=0.8min eta=0.2min
LEAR 84 565/728 2017-07-21 MAE=3.7353 elapsed=0.8min eta=0.2min
LEAR 84 566/728 2017-07-22 MAE=3.7337 elapsed=0.9min eta=0.2min
LEAR 84 567/728 2017-07-23 MAE=3.7315 elapsed=0.9min eta=0.2min
LEAR 84 568/728 2017-07-24 MAE=3.7315 elapsed=0.9min eta=0.2min
LEAR 84 569/728 2017-07-25 MAE=3.7280 elapsed=0.9min eta=0.2min
LEAR 84 570/728 2017-07-26 MAE=3.7254 elapsed=0.9min eta=0.2min
LEAR 84 571/728 2017-07-27 MAE=3.7218 elapsed=0.9min eta=0.2min
LEAR 84 572/728 2017-07-28 MAE=3.7178 elapsed=0.9min eta=0.2min
LEAR 84 573/728 2017-07-29 MAE=3.7224 elapsed=0.9min eta=0.2min
LEAR 84 574/728 2017-07-30 MAE=3.7339 elapsed=0.9min eta=0.2min
LEAR 84 575/728 2017-07-31 MAE=3.7316 elapsed=0.9min eta=0.2min
LEAR 84 576/728 2017-08-01 MAE=3.7283 elapsed=0.9min eta=0.2min
LEAR 84 577/728 2017-08-02 MAE=3.7241 elapsed=0.9min eta=0.2min
LEAR 84 578/728 2017-08-03 MAE=3.7210 elapsed=0.9min eta=0.2min
LEAR 84 579/728 2017-08-04 MAE=3.7184 elapsed=0.9min eta=0.2min
LEAR 84 580/728 2017-08-05 MAE=3.7152 elapsed=0.9min eta=0.2min
LEAR 84 581/728 2017-08-06 MAE=3.7196 elapsed=0.9min eta=0.2min
LEAR 84 582/728 2017-08-07 MAE=3.7169 elapsed=0.9min eta=0.2min
LEAR 84 583/728 2017-08-08 MAE=3.7138 elapsed=0.9min eta=0.2min
LEAR 84 584/728 2017-08-09 MAE=3.7104 elapsed=0.9min eta=0.2min
LEAR 84 585/728 2017-08-10 MAE=3.7080 elapsed=0.9min eta=0.2min
LEAR 84 586/728 2017-08-11 MAE=3.7089 elapsed=0.9min eta=0.2min
LEAR 84 587/728 2017-08-12 MAE=3.7110 elapsed=0.9min eta=0.2min
LEAR 84 588/728 2017-08-13 MAE=3.7117 elapsed=0.9min eta=0.2min
LEAR 84 589/728 2017-08-14 MAE=3.7095 elapsed=0.9min eta=0.2min
LEAR 84 590/728 2017-08-15 MAE=3.7116 elapsed=0.9min eta=0.2min
LEAR 84 591/728 2017-08-16 MAE=3.7112 elapsed=0.9min eta=0.2min
LEAR 84 592/728 2017-08-17 MAE=3.7063 elapsed=0.9min eta=0.2min
LEAR 84 593/728 2017-08-18 MAE=3.7029 elapsed=0.9min eta=0.2min
LEAR 84 594/728 2017-08-19 MAE=3.7042 elapsed=0.9min eta=0.2min
LEAR 84 595/728 2017-08-20 MAE=3.7031 elapsed=0.9min eta=0.2min
LEAR 84 596/728 2017-08-21 MAE=3.7043 elapsed=0.9min eta=0.2min
LEAR 84 597/728 2017-08-22 MAE=3.7031 elapsed=0.9min eta=0.2min
LEAR 84 598/728 2017-08-23 MAE=3.7000 elapsed=0.9min eta=0.2min
LEAR 84 599/728 2017-08-24 MAE=3.6972 elapsed=0.9min eta=0.2min
LEAR 84 600/728 2017-08-25 MAE=3.6934 elapsed=0.9min eta=0.2min
LEAR 84 601/728 2017-08-26 MAE=3.6898 elapsed=0.9min eta=0.2min
LEAR 84 602/728 2017-08-27 MAE=3.6885 elapsed=0.9min eta=0.2min
LEAR 84 603/728 2017-08-28 MAE=3.6858 elapsed=0.9min eta=0.2min
LEAR 84 604/728 2017-08-29 MAE=3.6828 elapsed=0.9min eta=0.2min
LEAR 84 605/728 2017-08-30 MAE=3.6790 elapsed=0.9min eta=0.2min
LEAR 84 606/728 2017-08-31 MAE=3.6774 elapsed=0.9min eta=0.2min
LEAR 84 607/728 2017-09-01 MAE=3.6739 elapsed=0.9min eta=0.2min
LEAR 84 608/728 2017-09-02 MAE=3.6695 elapsed=0.9min eta=0.2min
LEAR 84 609/728 2017-09-03 MAE=3.6662 elapsed=0.9min eta=0.2min
LEAR 84 610/728 2017-09-04 MAE=3.6624 elapsed=0.9min eta=0.2min
LEAR 84 611/728 2017-09-05 MAE=3.6590 elapsed=0.9min eta=0.2min
LEAR 84 612/728 2017-09-06 MAE=3.6577 elapsed=0.9min eta=0.2min
LEAR 84 613/728 2017-09-07 MAE=3.6608 elapsed=0.9min eta=0.2min
LEAR 84 614/728 2017-09-08 MAE=3.6605 elapsed=0.9min eta=0.2min
LEAR 84 615/728 2017-09-09 MAE=3.6634 elapsed=0.9min eta=0.2min
LEAR 84 616/728 2017-09-10 MAE=3.6644 elapsed=0.9min eta=0.2min
LEAR 84 617/728 2017-09-11 MAE=3.6651 elapsed=0.9min eta=0.2min
LEAR 84 618/728 2017-09-12 MAE=3.6703 elapsed=0.9min eta=0.2min
LEAR 84 619/728 2017-09-13 MAE=3.6837 elapsed=0.9min eta=0.2min
LEAR 84 620/728 2017-09-14 MAE=3.6843 elapsed=0.9min eta=0.2min
LEAR 84 621/728 2017-09-15 MAE=3.6884 elapsed=0.9min eta=0.2min
LEAR 84 622/728 2017-09-16 MAE=3.6904 elapsed=0.9min eta=0.2min
LEAR 84 623/728 2017-09-17 MAE=3.6868 elapsed=0.9min eta=0.2min
LEAR 84 624/728 2017-09-18 MAE=3.6850 elapsed=0.9min eta=0.2min
LEAR 84 625/728 2017-09-19 MAE=3.6869 elapsed=0.9min eta=0.2min
LEAR 84 626/728 2017-09-20 MAE=3.6857 elapsed=0.9min eta=0.2min
LEAR 84 627/728 2017-09-21 MAE=3.6899 elapsed=1.0min eta=0.2min
LEAR 84 628/728 2017-09-22 MAE=3.6911 elapsed=1.0min eta=0.2min
LEAR 84 629/728 2017-09-23 MAE=3.6880 elapsed=1.0min eta=0.2min
LEAR 84 630/728 2017-09-24 MAE=3.6853 elapsed=1.0min eta=0.1min
LEAR 84 631/728 2017-09-25 MAE=3.6839 elapsed=1.0min eta=0.1min
LEAR 84 632/728 2017-09-26 MAE=3.6825 elapsed=1.0min eta=0.1min
LEAR 84 633/728 2017-09-27 MAE=3.6821 elapsed=1.0min eta=0.1min
LEAR 84 634/728 2017-09-28 MAE=3.6826 elapsed=1.0min eta=0.1min
LEAR 84 635/728 2017-09-29 MAE=3.6798 elapsed=1.0min eta=0.1min
LEAR 84 636/728 2017-09-30 MAE=3.6788 elapsed=1.0min eta=0.1min
LEAR 84 637/728 2017-10-01 MAE=3.6812 elapsed=1.0min eta=0.1min
LEAR 84 638/728 2017-10-02 MAE=3.6919 elapsed=1.0min eta=0.1min
LEAR 84 639/728 2017-10-03 MAE=3.6958 elapsed=1.0min eta=0.1min
LEAR 84 640/728 2017-10-04 MAE=3.7009 elapsed=1.0min eta=0.1min
LEAR 84 641/728 2017-10-05 MAE=3.7075 elapsed=1.0min eta=0.1min
LEAR 84 642/728 2017-10-06 MAE=3.7094 elapsed=1.0min eta=0.1min
LEAR 84 643/728 2017-10-07 MAE=3.7248 elapsed=1.0min eta=0.1min
LEAR 84 644/728 2017-10-08 MAE=3.7284 elapsed=1.0min eta=0.1min
LEAR 84 645/728 2017-10-09 MAE=3.7278 elapsed=1.0min eta=0.1min
LEAR 84 646/728 2017-10-10 MAE=3.7364 elapsed=1.0min eta=0.1min
LEAR 84 647/728 2017-10-11 MAE=3.7359 elapsed=1.0min eta=0.1min
LEAR 84 648/728 2017-10-12 MAE=3.7379 elapsed=1.0min eta=0.1min
LEAR 84 649/728 2017-10-13 MAE=3.7382 elapsed=1.0min eta=0.1min
LEAR 84 650/728 2017-10-14 MAE=3.7411 elapsed=1.0min eta=0.1min
LEAR 84 651/728 2017-10-15 MAE=3.7394 elapsed=1.0min eta=0.1min
LEAR 84 652/728 2017-10-16 MAE=3.7394 elapsed=1.0min eta=0.1min
LEAR 84 653/728 2017-10-17 MAE=3.7381 elapsed=1.0min eta=0.1min
LEAR 84 654/728 2017-10-18 MAE=3.7435 elapsed=1.0min eta=0.1min
LEAR 84 655/728 2017-10-19 MAE=3.7438 elapsed=1.0min eta=0.1min
LEAR 84 656/728 2017-10-20 MAE=3.7410 elapsed=1.0min eta=0.1min
LEAR 84 657/728 2017-10-21 MAE=3.7402 elapsed=1.0min eta=0.1min
LEAR 84 658/728 2017-10-22 MAE=3.7416 elapsed=1.0min eta=0.1min
LEAR 84 659/728 2017-10-23 MAE=3.7408 elapsed=1.0min eta=0.1min
LEAR 84 660/728 2017-10-24 MAE=3.7472 elapsed=1.0min eta=0.1min
LEAR 84 661/728 2017-10-25 MAE=3.7493 elapsed=1.0min eta=0.1min
LEAR 84 662/728 2017-10-26 MAE=3.7476 elapsed=1.0min eta=0.1min
LEAR 84 663/728 2017-10-27 MAE=3.7469 elapsed=1.0min eta=0.1min
LEAR 84 664/728 2017-10-28 MAE=3.7793 elapsed=1.0min eta=0.1min
LEAR 84 665/728 2017-10-29 MAE=3.8251 elapsed=1.0min eta=0.1min
LEAR 84 666/728 2017-10-30 MAE=3.8333 elapsed=1.0min eta=0.1min
LEAR 84 667/728 2017-10-31 MAE=3.8305 elapsed=1.0min eta=0.1min
LEAR 84 668/728 2017-11-01 MAE=3.8294 elapsed=1.0min eta=0.1min
LEAR 84 669/728 2017-11-02 MAE=3.8282 elapsed=1.0min eta=0.1min
LEAR 84 670/728 2017-11-03 MAE=3.8294 elapsed=1.0min eta=0.1min
LEAR 84 671/728 2017-11-04 MAE=3.8326 elapsed=1.0min eta=0.1min
LEAR 84 672/728 2017-11-05 MAE=3.8340 elapsed=1.0min eta=0.1min
LEAR 84 673/728 2017-11-06 MAE=3.8401 elapsed=1.0min eta=0.1min
LEAR 84 674/728 2017-11-07 MAE=3.8496 elapsed=1.0min eta=0.1min
LEAR 84 675/728 2017-11-08 MAE=3.8689 elapsed=1.0min eta=0.1min
LEAR 84 676/728 2017-11-09 MAE=3.8703 elapsed=1.0min eta=0.1min
LEAR 84 677/728 2017-11-10 MAE=3.8712 elapsed=1.0min eta=0.1min
LEAR 84 678/728 2017-11-11 MAE=3.8724 elapsed=1.0min eta=0.1min
LEAR 84 679/728 2017-11-12 MAE=3.8740 elapsed=1.0min eta=0.1min
LEAR 84 680/728 2017-11-13 MAE=3.8781 elapsed=1.0min eta=0.1min
LEAR 84 681/728 2017-11-14 MAE=3.8794 elapsed=1.0min eta=0.1min
LEAR 84 682/728 2017-11-15 MAE=3.8822 elapsed=1.0min eta=0.1min
LEAR 84 683/728 2017-11-16 MAE=3.8827 elapsed=1.0min eta=0.1min
LEAR 84 684/728 2017-11-17 MAE=3.8849 elapsed=1.0min eta=0.1min
LEAR 84 685/728 2017-11-18 MAE=3.8841 elapsed=1.0min eta=0.1min
LEAR 84 686/728 2017-11-19 MAE=3.8981 elapsed=1.0min eta=0.1min
LEAR 84 687/728 2017-11-20 MAE=3.8969 elapsed=1.0min eta=0.1min
LEAR 84 688/728 2017-11-21 MAE=3.8967 elapsed=1.0min eta=0.1min
LEAR 84 689/728 2017-11-22 MAE=3.8993 elapsed=1.0min eta=0.1min
LEAR 84 690/728 2017-11-23 MAE=3.9029 elapsed=1.0min eta=0.1min
LEAR 84 691/728 2017-11-24 MAE=3.9029 elapsed=1.0min eta=0.1min
LEAR 84 692/728 2017-11-25 MAE=3.9021 elapsed=1.0min eta=0.1min
LEAR 84 693/728 2017-11-26 MAE=3.9074 elapsed=1.0min eta=0.1min
LEAR 84 694/728 2017-11-27 MAE=3.9065 elapsed=1.0min eta=0.1min
LEAR 84 695/728 2017-11-28 MAE=3.9074 elapsed=1.0min eta=0.0min
LEAR 84 696/728 2017-11-29 MAE=3.9149 elapsed=1.0min eta=0.0min
LEAR 84 697/728 2017-11-30 MAE=3.9250 elapsed=1.0min eta=0.0min
LEAR 84 698/728 2017-12-01 MAE=3.9256 elapsed=1.1min eta=0.0min
LEAR 84 699/728 2017-12-02 MAE=3.9273 elapsed=1.1min eta=0.0min
LEAR 84 700/728 2017-12-03 MAE=3.9279 elapsed=1.1min eta=0.0min
LEAR 84 701/728 2017-12-04 MAE=3.9272 elapsed=1.1min eta=0.0min
LEAR 84 702/728 2017-12-05 MAE=3.9283 elapsed=1.1min eta=0.0min
LEAR 84 703/728 2017-12-06 MAE=3.9269 elapsed=1.1min eta=0.0min
LEAR 84 704/728 2017-12-07 MAE=3.9287 elapsed=1.1min eta=0.0min
LEAR 84 705/728 2017-12-08 MAE=3.9280 elapsed=1.1min eta=0.0min
LEAR 84 706/728 2017-12-09 MAE=3.9286 elapsed=1.1min eta=0.0min
LEAR 84 707/728 2017-12-10 MAE=3.9324 elapsed=1.1min eta=0.0min
LEAR 84 708/728 2017-12-11 MAE=3.9334 elapsed=1.1min eta=0.0min
LEAR 84 709/728 2017-12-12 MAE=3.9323 elapsed=1.1min eta=0.0min
LEAR 84 710/728 2017-12-13 MAE=3.9333 elapsed=1.1min eta=0.0min
LEAR 84 711/728 2017-12-14 MAE=3.9320 elapsed=1.1min eta=0.0min
LEAR 84 712/728 2017-12-15 MAE=3.9325 elapsed=1.1min eta=0.0min
LEAR 84 713/728 2017-12-16 MAE=3.9300 elapsed=1.1min eta=0.0min
LEAR 84 714/728 2017-12-17 MAE=3.9278 elapsed=1.1min eta=0.0min
LEAR 84 715/728 2017-12-18 MAE=3.9314 elapsed=1.1min eta=0.0min
LEAR 84 716/728 2017-12-19 MAE=3.9312 elapsed=1.1min eta=0.0min
LEAR 84 717/728 2017-12-20 MAE=3.9313 elapsed=1.1min eta=0.0min
LEAR 84 718/728 2017-12-21 MAE=3.9331 elapsed=1.1min eta=0.0min
LEAR 84 719/728 2017-12-22 MAE=3.9362 elapsed=1.1min eta=0.0min
LEAR 84 720/728 2017-12-23 MAE=3.9376 elapsed=1.1min eta=0.0min
LEAR 84 721/728 2017-12-24 MAE=3.9560 elapsed=1.1min eta=0.0min
LEAR 84 722/728 2017-12-25 MAE=3.9633 elapsed=1.1min eta=0.0min
LEAR 84 723/728 2017-12-26 MAE=3.9741 elapsed=1.1min eta=0.0min
LEAR 84 724/728 2017-12-27 MAE=3.9757 elapsed=1.1min eta=0.0min
LEAR 84 725/728 2017-12-28 MAE=3.9747 elapsed=1.1min eta=0.0min
LEAR 84 726/728 2017-12-29 MAE=3.9736 elapsed=1.1min eta=0.0min
LEAR 84 727/728 2017-12-30 MAE=3.9753 elapsed=1.1min eta=0.0min
LEAR 84 728/728 2017-12-31 MAE=3.9833 elapsed=1.1min eta=0.0min
Running LEAR 1092
LEAR 1092 1/728 2016-01-04 MAE=2.9008 elapsed=0.2min eta=118.9min
LEAR 1092 2/728 2016-01-05 MAE=2.7428 elapsed=0.2min eta=60.0min
LEAR 1092 3/728 2016-01-06 MAE=3.2276 elapsed=0.2min eta=40.0min
LEAR 1092 4/728 2016-01-07 MAE=3.2086 elapsed=0.2min eta=29.9min
LEAR 1092 5/728 2016-01-08 MAE=3.0756 elapsed=0.2min eta=23.9min
LEAR 1092 6/728 2016-01-09 MAE=3.2621 elapsed=0.2min eta=19.9min
LEAR 1092 7/728 2016-01-10 MAE=3.5197 elapsed=0.2min eta=17.0min
LEAR 1092 8/728 2016-01-11 MAE=3.5839 elapsed=0.2min eta=15.3min
LEAR 1092 9/728 2016-01-12 MAE=3.7323 elapsed=0.2min eta=13.5min
LEAR 1092 10/728 2016-01-13 MAE=3.5942 elapsed=0.2min eta=12.2min
LEAR 1092 11/728 2016-01-14 MAE=3.4436 elapsed=0.2min eta=11.2min
LEAR 1092 12/728 2016-01-15 MAE=3.4038 elapsed=0.2min eta=10.3min
LEAR 1092 13/728 2016-01-16 MAE=3.3067 elapsed=0.3min eta=17.5min
LEAR 1092 14/728 2016-01-17 MAE=3.2751 elapsed=0.3min eta=16.4min
LEAR 1092 15/728 2016-01-18 MAE=3.3601 elapsed=0.3min eta=15.7min
LEAR 1092 16/728 2016-01-19 MAE=3.8874 elapsed=0.3min eta=14.7min
LEAR 1092 17/728 2016-01-20 MAE=4.1371 elapsed=0.3min eta=13.8min
LEAR 1092 18/728 2016-01-21 MAE=4.3559 elapsed=0.3min eta=13.1min
LEAR 1092 19/728 2016-01-22 MAE=4.3273 elapsed=0.3min eta=12.4min
LEAR 1092 20/728 2016-01-23 MAE=4.2909 elapsed=0.3min eta=11.7min
LEAR 1092 21/728 2016-01-24 MAE=4.2062 elapsed=0.3min eta=11.2min
LEAR 1092 22/728 2016-01-25 MAE=4.2835 elapsed=0.3min eta=10.6min
LEAR 1092 23/728 2016-01-26 MAE=4.2438 elapsed=0.3min eta=10.2min
LEAR 1092 24/728 2016-01-27 MAE=4.2530 elapsed=0.3min eta=9.8min
LEAR 1092 25/728 2016-01-28 MAE=4.1949 elapsed=0.5min eta=13.4min
LEAR 1092 26/728 2016-01-29 MAE=4.1772 elapsed=0.5min eta=13.1min
LEAR 1092 27/728 2016-01-30 MAE=4.2656 elapsed=0.5min eta=12.8min
LEAR 1092 28/728 2016-01-31 MAE=4.3990 elapsed=0.5min eta=12.3min
LEAR 1092 29/728 2016-02-01 MAE=4.3374 elapsed=0.5min eta=11.9min
LEAR 1092 30/728 2016-02-02 MAE=4.3541 elapsed=0.5min eta=11.5min
LEAR 1092 31/728 2016-02-03 MAE=4.3132 elapsed=0.5min eta=11.1min
LEAR 1092 32/728 2016-02-04 MAE=4.3085 elapsed=0.5min eta=10.8min
LEAR 1092 33/728 2016-02-05 MAE=4.2502 elapsed=0.5min eta=10.4min
LEAR 1092 34/728 2016-02-06 MAE=4.3017 elapsed=0.5min eta=10.1min
LEAR 1092 35/728 2016-02-07 MAE=4.3876 elapsed=0.5min eta=9.8min
LEAR 1092 36/728 2016-02-08 MAE=4.4663 elapsed=0.5min eta=9.5min
LEAR 1092 37/728 2016-02-09 MAE=4.5525 elapsed=0.6min eta=11.8min
LEAR 1092 38/728 2016-02-10 MAE=4.5179 elapsed=0.6min eta=11.6min
LEAR 1092 39/728 2016-02-11 MAE=4.4591 elapsed=0.6min eta=11.3min
LEAR 1092 40/728 2016-02-12 MAE=4.5123 elapsed=0.6min eta=11.0min
LEAR 1092 41/728 2016-02-13 MAE=4.5598 elapsed=0.6min eta=10.7min
LEAR 1092 42/728 2016-02-14 MAE=4.6789 elapsed=0.6min eta=10.4min
LEAR 1092 43/728 2016-02-15 MAE=4.7010 elapsed=0.6min eta=10.2min
LEAR 1092 44/728 2016-02-16 MAE=4.6440 elapsed=0.6min eta=10.1min
LEAR 1092 45/728 2016-02-17 MAE=4.6338 elapsed=0.7min eta=9.9min
LEAR 1092 46/728 2016-02-18 MAE=4.6427 elapsed=0.7min eta=9.7min
LEAR 1092 47/728 2016-02-19 MAE=4.6661 elapsed=0.7min eta=9.4min
LEAR 1092 48/728 2016-02-20 MAE=4.8393 elapsed=0.7min eta=9.3min
LEAR 1092 49/728 2016-02-21 MAE=4.8366 elapsed=0.8min eta=10.9min
LEAR 1092 50/728 2016-02-22 MAE=4.8285 elapsed=0.8min eta=10.6min
LEAR 1092 51/728 2016-02-23 MAE=4.7937 elapsed=0.8min eta=10.5min
LEAR 1092 52/728 2016-02-24 MAE=4.7712 elapsed=0.8min eta=10.4min
LEAR 1092 53/728 2016-02-25 MAE=4.7119 elapsed=0.8min eta=10.2min
LEAR 1092 54/728 2016-02-26 MAE=4.6989 elapsed=0.8min eta=9.9min
LEAR 1092 55/728 2016-02-27 MAE=4.7087 elapsed=0.8min eta=9.8min
LEAR 1092 56/728 2016-02-28 MAE=4.6666 elapsed=0.8min eta=9.6min
LEAR 1092 57/728 2016-02-29 MAE=4.6555 elapsed=0.8min eta=9.5min
LEAR 1092 58/728 2016-03-01 MAE=4.6685 elapsed=0.8min eta=9.3min
LEAR 1092 59/728 2016-03-02 MAE=4.6312 elapsed=0.8min eta=9.1min
LEAR 1092 60/728 2016-03-03 MAE=4.6253 elapsed=0.8min eta=9.0min
LEAR 1092 61/728 2016-03-04 MAE=4.6518 elapsed=0.9min eta=10.2min
LEAR 1092 62/728 2016-03-05 MAE=4.6397 elapsed=0.9min eta=10.1min
LEAR 1092 63/728 2016-03-06 MAE=4.6382 elapsed=0.9min eta=10.0min
LEAR 1092 64/728 2016-03-07 MAE=4.6415 elapsed=1.0min eta=9.9min
LEAR 1092 65/728 2016-03-08 MAE=4.6058 elapsed=1.0min eta=9.7min
LEAR 1092 66/728 2016-03-09 MAE=4.6062 elapsed=1.0min eta=9.6min
LEAR 1092 67/728 2016-03-10 MAE=4.6106 elapsed=1.0min eta=9.4min
LEAR 1092 68/728 2016-03-11 MAE=4.5827 elapsed=1.0min eta=9.4min
LEAR 1092 69/728 2016-03-12 MAE=4.5912 elapsed=1.0min eta=9.2min
LEAR 1092 70/728 2016-03-13 MAE=4.5432 elapsed=1.0min eta=9.1min
LEAR 1092 71/728 2016-03-14 MAE=4.5483 elapsed=1.0min eta=9.0min
LEAR 1092 72/728 2016-03-15 MAE=4.5225 elapsed=1.0min eta=8.9min
LEAR 1092 73/728 2016-03-16 MAE=4.4916 elapsed=1.1min eta=9.8min
LEAR 1092 74/728 2016-03-17 MAE=4.4590 elapsed=1.1min eta=9.8min
LEAR 1092 75/728 2016-03-18 MAE=4.4357 elapsed=1.1min eta=9.7min
LEAR 1092 76/728 2016-03-19 MAE=4.4356 elapsed=1.1min eta=9.6min
LEAR 1092 77/728 2016-03-20 MAE=4.5069 elapsed=1.1min eta=9.4min
LEAR 1092 78/728 2016-03-21 MAE=4.4844 elapsed=1.1min eta=9.3min
LEAR 1092 79/728 2016-03-22 MAE=4.4565 elapsed=1.1min eta=9.2min
LEAR 1092 80/728 2016-03-23 MAE=4.4440 elapsed=1.1min eta=9.1min
LEAR 1092 81/728 2016-03-24 MAE=4.4221 elapsed=1.1min eta=9.0min
LEAR 1092 82/728 2016-03-25 MAE=4.4778 elapsed=1.1min eta=8.9min
LEAR 1092 83/728 2016-03-26 MAE=4.4698 elapsed=1.1min eta=8.8min
LEAR 1092 84/728 2016-03-27 MAE=4.4979 elapsed=1.1min eta=8.7min
LEAR 1092 85/728 2016-03-28 MAE=4.4992 elapsed=1.3min eta=9.5min
LEAR 1092 86/728 2016-03-29 MAE=4.4813 elapsed=1.3min eta=9.4min
LEAR 1092 87/728 2016-03-30 MAE=4.4742 elapsed=1.3min eta=9.3min
LEAR 1092 88/728 2016-03-31 MAE=4.4607 elapsed=1.3min eta=9.3min
LEAR 1092 89/728 2016-04-01 MAE=4.4475 elapsed=1.3min eta=9.2min
LEAR 1092 90/728 2016-04-02 MAE=4.5008 elapsed=1.3min eta=9.0min
LEAR 1092 91/728 2016-04-03 MAE=4.5077 elapsed=1.3min eta=8.9min
LEAR 1092 92/728 2016-04-04 MAE=4.4849 elapsed=1.3min eta=8.9min
LEAR 1092 93/728 2016-04-05 MAE=4.4755 elapsed=1.3min eta=8.8min
LEAR 1092 94/728 2016-04-06 MAE=4.4661 elapsed=1.3min eta=8.7min
LEAR 1092 95/728 2016-04-07 MAE=4.4441 elapsed=1.3min eta=8.6min
LEAR 1092 96/728 2016-04-08 MAE=4.4369 elapsed=1.3min eta=8.5min
LEAR 1092 97/728 2016-04-09 MAE=4.4172 elapsed=1.4min eta=9.2min
LEAR 1092 98/728 2016-04-10 MAE=4.4065 elapsed=1.4min eta=9.1min
LEAR 1092 99/728 2016-04-11 MAE=4.3832 elapsed=1.4min eta=9.0min
LEAR 1092 100/728 2016-04-12 MAE=4.3683 elapsed=1.4min eta=9.0min
LEAR 1092 101/728 2016-04-13 MAE=4.3445 elapsed=1.4min eta=8.9min
LEAR 1092 102/728 2016-04-14 MAE=4.3332 elapsed=1.4min eta=8.8min
LEAR 1092 103/728 2016-04-15 MAE=4.3295 elapsed=1.4min eta=8.7min
LEAR 1092 104/728 2016-04-16 MAE=4.3599 elapsed=1.4min eta=8.6min
LEAR 1092 105/728 2016-04-17 MAE=4.3707 elapsed=1.4min eta=8.5min
LEAR 1092 106/728 2016-04-18 MAE=4.3401 elapsed=1.4min eta=8.4min
LEAR 1092 107/728 2016-04-19 MAE=4.3166 elapsed=1.4min eta=8.4min
LEAR 1092 108/728 2016-04-20 MAE=4.3000 elapsed=1.5min eta=8.3min
LEAR 1092 109/728 2016-04-21 MAE=4.3032 elapsed=1.6min eta=8.9min
LEAR 1092 110/728 2016-04-22 MAE=4.2787 elapsed=1.6min eta=8.8min
LEAR 1092 111/728 2016-04-23 MAE=4.2696 elapsed=1.6min eta=8.7min
LEAR 1092 112/728 2016-04-24 MAE=4.2569 elapsed=1.6min eta=8.7min
LEAR 1092 113/728 2016-04-25 MAE=4.2367 elapsed=1.6min eta=8.6min
LEAR 1092 114/728 2016-04-26 MAE=4.2094 elapsed=1.6min eta=8.6min
LEAR 1092 115/728 2016-04-27 MAE=4.1866 elapsed=1.6min eta=8.5min
LEAR 1092 116/728 2016-04-28 MAE=4.1720 elapsed=1.6min eta=8.4min
LEAR 1092 117/728 2016-04-29 MAE=4.1546 elapsed=1.6min eta=8.3min
LEAR 1092 118/728 2016-04-30 MAE=4.1445 elapsed=1.6min eta=8.2min
LEAR 1092 119/728 2016-05-01 MAE=4.1468 elapsed=1.6min eta=8.2min
LEAR 1092 120/728 2016-05-02 MAE=4.1231 elapsed=1.6min eta=8.2min
LEAR 1092 121/728 2016-05-03 MAE=4.1062 elapsed=1.7min eta=8.6min
LEAR 1092 122/728 2016-05-04 MAE=4.0976 elapsed=1.7min eta=8.5min
LEAR 1092 123/728 2016-05-05 MAE=4.0884 elapsed=1.7min eta=8.5min
LEAR 1092 124/728 2016-05-06 MAE=4.0737 elapsed=1.7min eta=8.5min
LEAR 1092 125/728 2016-05-07 MAE=4.0554 elapsed=1.7min eta=8.4min
LEAR 1092 126/728 2016-05-08 MAE=4.1661 elapsed=1.7min eta=8.3min
LEAR 1092 127/728 2016-05-09 MAE=4.1493 elapsed=1.7min eta=8.2min
LEAR 1092 128/728 2016-05-10 MAE=4.1330 elapsed=1.7min eta=8.2min
LEAR 1092 129/728 2016-05-11 MAE=4.1200 elapsed=1.7min eta=8.1min
LEAR 1092 130/728 2016-05-12 MAE=4.1054 elapsed=1.8min eta=8.1min
LEAR 1092 131/728 2016-05-13 MAE=4.0937 elapsed=1.8min eta=8.0min
LEAR 1092 132/728 2016-05-14 MAE=4.0841 elapsed=1.8min eta=8.0min
LEAR 1092 133/728 2016-05-15 MAE=4.1480 elapsed=1.9min eta=8.3min
LEAR 1092 134/728 2016-05-16 MAE=4.1481 elapsed=1.9min eta=8.3min
LEAR 1092 135/728 2016-05-17 MAE=4.1394 elapsed=1.9min eta=8.2min
LEAR 1092 136/728 2016-05-18 MAE=4.1234 elapsed=1.9min eta=8.2min
LEAR 1092 137/728 2016-05-19 MAE=4.1084 elapsed=1.9min eta=8.2min
LEAR 1092 138/728 2016-05-20 MAE=4.0878 elapsed=1.9min eta=8.1min
LEAR 1092 139/728 2016-05-21 MAE=4.0663 elapsed=1.9min eta=8.0min
LEAR 1092 140/728 2016-05-22 MAE=4.0699 elapsed=1.9min eta=8.0min
LEAR 1092 141/728 2016-05-23 MAE=4.0555 elapsed=1.9min eta=7.9min
LEAR 1092 142/728 2016-05-24 MAE=4.0546 elapsed=1.9min eta=7.9min
LEAR 1092 143/728 2016-05-25 MAE=4.0365 elapsed=1.9min eta=7.8min
LEAR 1092 144/728 2016-05-26 MAE=4.0214 elapsed=1.9min eta=7.8min
LEAR 1092 145/728 2016-05-27 MAE=4.0087 elapsed=2.0min eta=8.1min
LEAR 1092 146/728 2016-05-28 MAE=4.0009 elapsed=2.0min eta=8.1min
LEAR 1092 147/728 2016-05-29 MAE=4.0043 elapsed=2.0min eta=8.0min
LEAR 1092 148/728 2016-05-30 MAE=3.9913 elapsed=2.0min eta=8.0min
LEAR 1092 149/728 2016-05-31 MAE=3.9738 elapsed=2.0min eta=7.9min
LEAR 1092 150/728 2016-06-01 MAE=3.9732 elapsed=2.0min eta=7.8min
LEAR 1092 151/728 2016-06-02 MAE=3.9632 elapsed=2.0min eta=7.8min
LEAR 1092 152/728 2016-06-03 MAE=3.9456 elapsed=2.0min eta=7.7min
LEAR 1092 153/728 2016-06-04 MAE=3.9255 elapsed=2.0min eta=7.7min
LEAR 1092 154/728 2016-06-05 MAE=3.9120 elapsed=2.1min eta=7.7min
LEAR 1092 155/728 2016-06-06 MAE=3.8946 elapsed=2.1min eta=7.6min
LEAR 1092 156/728 2016-06-07 MAE=3.8921 elapsed=2.1min eta=7.6min
LEAR 1092 157/728 2016-06-08 MAE=3.8781 elapsed=2.2min eta=7.8min
LEAR 1092 158/728 2016-06-09 MAE=3.8638 elapsed=2.2min eta=7.9min
LEAR 1092 159/728 2016-06-10 MAE=3.8528 elapsed=2.2min eta=7.8min
LEAR 1092 160/728 2016-06-11 MAE=3.8399 elapsed=2.2min eta=7.8min
LEAR 1092 161/728 2016-06-12 MAE=3.8332 elapsed=2.2min eta=7.7min
LEAR 1092 162/728 2016-06-13 MAE=3.8277 elapsed=2.2min eta=7.7min
LEAR 1092 163/728 2016-06-14 MAE=3.8166 elapsed=2.2min eta=7.6min
LEAR 1092 164/728 2016-06-15 MAE=3.8069 elapsed=2.2min eta=7.5min
LEAR 1092 165/728 2016-06-16 MAE=3.7956 elapsed=2.2min eta=7.5min
LEAR 1092 166/728 2016-06-17 MAE=3.7844 elapsed=2.2min eta=7.5min
LEAR 1092 167/728 2016-06-18 MAE=3.7778 elapsed=2.2min eta=7.4min
LEAR 1092 168/728 2016-06-19 MAE=3.7698 elapsed=2.2min eta=7.4min
LEAR 1092 169/728 2016-06-20 MAE=3.7604 elapsed=2.3min eta=7.7min
LEAR 1092 170/728 2016-06-21 MAE=3.7505 elapsed=2.3min eta=7.6min
LEAR 1092 171/728 2016-06-22 MAE=3.7326 elapsed=2.3min eta=7.6min
LEAR 1092 172/728 2016-06-23 MAE=3.7243 elapsed=2.3min eta=7.5min
LEAR 1092 173/728 2016-06-24 MAE=3.7138 elapsed=2.3min eta=7.5min
LEAR 1092 174/728 2016-06-25 MAE=3.6989 elapsed=2.3min eta=7.4min
LEAR 1092 175/728 2016-06-26 MAE=3.6886 elapsed=2.3min eta=7.4min
LEAR 1092 176/728 2016-06-27 MAE=3.6794 elapsed=2.3min eta=7.3min
LEAR 1092 177/728 2016-06-28 MAE=3.6678 elapsed=2.3min eta=7.3min
LEAR 1092 178/728 2016-06-29 MAE=3.6572 elapsed=2.4min eta=7.3min
LEAR 1092 179/728 2016-06-30 MAE=3.6463 elapsed=2.4min eta=7.2min
LEAR 1092 180/728 2016-07-01 MAE=3.6353 elapsed=2.4min eta=7.2min
LEAR 1092 181/728 2016-07-02 MAE=3.6270 elapsed=2.5min eta=7.4min
LEAR 1092 182/728 2016-07-03 MAE=3.6166 elapsed=2.5min eta=7.4min
LEAR 1092 183/728 2016-07-04 MAE=3.6089 elapsed=2.5min eta=7.4min
LEAR 1092 184/728 2016-07-05 MAE=3.5994 elapsed=2.5min eta=7.3min
LEAR 1092 185/728 2016-07-06 MAE=3.6075 elapsed=2.5min eta=7.3min
LEAR 1092 186/728 2016-07-07 MAE=3.5964 elapsed=2.5min eta=7.2min
LEAR 1092 187/728 2016-07-08 MAE=3.5842 elapsed=2.5min eta=7.2min
LEAR 1092 188/728 2016-07-09 MAE=3.5816 elapsed=2.5min eta=7.1min
LEAR 1092 189/728 2016-07-10 MAE=3.5771 elapsed=2.5min eta=7.1min
LEAR 1092 190/728 2016-07-11 MAE=3.5727 elapsed=2.5min eta=7.1min
LEAR 1092 191/728 2016-07-12 MAE=3.5704 elapsed=2.5min eta=7.1min
LEAR 1092 192/728 2016-07-13 MAE=3.5609 elapsed=2.5min eta=7.0min
LEAR 1092 193/728 2016-07-14 MAE=3.5527 elapsed=2.6min eta=7.2min
LEAR 1092 194/728 2016-07-15 MAE=3.5448 elapsed=2.6min eta=7.2min
LEAR 1092 195/728 2016-07-16 MAE=3.5336 elapsed=2.6min eta=7.2min
LEAR 1092 196/728 2016-07-17 MAE=3.5262 elapsed=2.6min eta=7.2min
LEAR 1092 197/728 2016-07-18 MAE=3.5163 elapsed=2.6min eta=7.1min
LEAR 1092 198/728 2016-07-19 MAE=3.5068 elapsed=2.6min eta=7.1min
LEAR 1092 199/728 2016-07-20 MAE=3.4981 elapsed=2.6min eta=7.0min
LEAR 1092 200/728 2016-07-21 MAE=3.4958 elapsed=2.6min eta=7.0min
LEAR 1092 201/728 2016-07-22 MAE=3.4846 elapsed=2.7min eta=6.9min
LEAR 1092 202/728 2016-07-23 MAE=3.4809 elapsed=2.7min eta=6.9min
LEAR 1092 203/728 2016-07-24 MAE=3.4792 elapsed=2.7min eta=6.9min
LEAR 1092 204/728 2016-07-25 MAE=3.4714 elapsed=2.7min eta=6.9min
LEAR 1092 205/728 2016-07-26 MAE=3.4645 elapsed=2.7min eta=7.0min
LEAR 1092 206/728 2016-07-27 MAE=3.4528 elapsed=2.8min eta=7.0min
LEAR 1092 207/728 2016-07-28 MAE=3.4465 elapsed=2.8min eta=7.0min
LEAR 1092 208/728 2016-07-29 MAE=3.4431 elapsed=2.8min eta=6.9min
LEAR 1092 209/728 2016-07-30 MAE=3.4387 elapsed=2.8min eta=6.9min
LEAR 1092 210/728 2016-07-31 MAE=3.4274 elapsed=2.8min eta=6.9min
LEAR 1092 211/728 2016-08-01 MAE=3.4168 elapsed=2.8min eta=6.8min
LEAR 1092 212/728 2016-08-02 MAE=3.4099 elapsed=2.8min eta=6.8min
LEAR 1092 213/728 2016-08-03 MAE=3.4062 elapsed=2.8min eta=6.8min
LEAR 1092 214/728 2016-08-04 MAE=3.3985 elapsed=2.8min eta=6.7min
LEAR 1092 215/728 2016-08-05 MAE=3.3910 elapsed=2.8min eta=6.7min
LEAR 1092 216/728 2016-08-06 MAE=3.3815 elapsed=2.8min eta=6.7min
LEAR 1092 217/728 2016-08-07 MAE=3.3775 elapsed=2.9min eta=6.8min
LEAR 1092 218/728 2016-08-08 MAE=3.3795 elapsed=2.9min eta=6.8min
LEAR 1092 219/728 2016-08-09 MAE=3.3726 elapsed=2.9min eta=6.8min
LEAR 1092 220/728 2016-08-10 MAE=3.3621 elapsed=2.9min eta=6.7min
LEAR 1092 221/728 2016-08-11 MAE=3.3604 elapsed=2.9min eta=6.7min
LEAR 1092 222/728 2016-08-12 MAE=3.3567 elapsed=2.9min eta=6.7min
LEAR 1092 223/728 2016-08-13 MAE=3.3476 elapsed=2.9min eta=6.6min
LEAR 1092 224/728 2016-08-14 MAE=3.3378 elapsed=2.9min eta=6.6min
LEAR 1092 225/728 2016-08-15 MAE=3.3354 elapsed=2.9min eta=6.6min
LEAR 1092 226/728 2016-08-16 MAE=3.3293 elapsed=3.0min eta=6.6min
LEAR 1092 227/728 2016-08-17 MAE=3.3196 elapsed=3.0min eta=6.5min
LEAR 1092 228/728 2016-08-18 MAE=3.3133 elapsed=3.0min eta=6.5min
LEAR 1092 229/728 2016-08-19 MAE=3.3043 elapsed=3.0min eta=6.6min
LEAR 1092 230/728 2016-08-20 MAE=3.2972 elapsed=3.1min eta=6.6min
LEAR 1092 231/728 2016-08-21 MAE=3.2900 elapsed=3.1min eta=6.6min
LEAR 1092 232/728 2016-08-22 MAE=3.2816 elapsed=3.1min eta=6.6min
LEAR 1092 233/728 2016-08-23 MAE=3.2722 elapsed=3.1min eta=6.5min
LEAR 1092 234/728 2016-08-24 MAE=3.2652 elapsed=3.1min eta=6.5min
LEAR 1092 235/728 2016-08-25 MAE=3.2568 elapsed=3.1min eta=6.5min
LEAR 1092 236/728 2016-08-26 MAE=3.2507 elapsed=3.1min eta=6.4min
LEAR 1092 237/728 2016-08-27 MAE=3.2425 elapsed=3.1min eta=6.4min
LEAR 1092 238/728 2016-08-28 MAE=3.2574 elapsed=3.1min eta=6.4min
LEAR 1092 239/728 2016-08-29 MAE=3.2525 elapsed=3.1min eta=6.4min
LEAR 1092 240/728 2016-08-30 MAE=3.2438 elapsed=3.1min eta=6.3min
LEAR 1092 241/728 2016-08-31 MAE=3.2352 elapsed=3.2min eta=6.4min
LEAR 1092 242/728 2016-09-01 MAE=3.2260 elapsed=3.2min eta=6.4min
LEAR 1092 243/728 2016-09-02 MAE=3.2189 elapsed=3.2min eta=6.4min
LEAR 1092 244/728 2016-09-03 MAE=3.2174 elapsed=3.2min eta=6.4min
LEAR 1092 245/728 2016-09-04 MAE=3.2189 elapsed=3.2min eta=6.4min
LEAR 1092 246/728 2016-09-05 MAE=3.2174 elapsed=3.2min eta=6.3min
LEAR 1092 247/728 2016-09-06 MAE=3.2123 elapsed=3.2min eta=6.3min
LEAR 1092 248/728 2016-09-07 MAE=3.2040 elapsed=3.2min eta=6.2min
LEAR 1092 249/728 2016-09-08 MAE=3.1967 elapsed=3.2min eta=6.2min
LEAR 1092 250/728 2016-09-09 MAE=3.1899 elapsed=3.3min eta=6.2min
LEAR 1092 251/728 2016-09-10 MAE=3.1840 elapsed=3.3min eta=6.2min
LEAR 1092 252/728 2016-09-11 MAE=3.1775 elapsed=3.3min eta=6.2min
LEAR 1092 253/728 2016-09-12 MAE=3.1735 elapsed=3.3min eta=6.3min
LEAR 1092 254/728 2016-09-13 MAE=3.1671 elapsed=3.4min eta=6.3min
LEAR 1092 255/728 2016-09-14 MAE=3.1606 elapsed=3.4min eta=6.2min
LEAR 1092 256/728 2016-09-15 MAE=3.1540 elapsed=3.4min eta=6.2min
LEAR 1092 257/728 2016-09-16 MAE=3.1487 elapsed=3.4min eta=6.2min
LEAR 1092 258/728 2016-09-17 MAE=3.1460 elapsed=3.4min eta=6.1min
LEAR 1092 259/728 2016-09-18 MAE=3.1462 elapsed=3.4min eta=6.1min
LEAR 1092 260/728 2016-09-19 MAE=3.1455 elapsed=3.4min eta=6.1min
LEAR 1092 261/728 2016-09-20 MAE=3.1404 elapsed=3.4min eta=6.1min
LEAR 1092 262/728 2016-09-21 MAE=3.1344 elapsed=3.4min eta=6.1min
LEAR 1092 263/728 2016-09-22 MAE=3.1322 elapsed=3.4min eta=6.0min
LEAR 1092 264/728 2016-09-23 MAE=3.1256 elapsed=3.4min eta=6.0min
LEAR 1092 265/728 2016-09-24 MAE=3.1281 elapsed=3.5min eta=6.1min
LEAR 1092 266/728 2016-09-25 MAE=3.1266 elapsed=3.5min eta=6.1min
LEAR 1092 267/728 2016-09-26 MAE=3.1204 elapsed=3.5min eta=6.1min
LEAR 1092 268/728 2016-09-27 MAE=3.1170 elapsed=3.5min eta=6.0min
LEAR 1092 269/728 2016-09-28 MAE=3.1117 elapsed=3.5min eta=6.0min
LEAR 1092 270/728 2016-09-29 MAE=3.1089 elapsed=3.5min eta=6.0min
LEAR 1092 271/728 2016-09-30 MAE=3.1177 elapsed=3.5min eta=5.9min
LEAR 1092 272/728 2016-10-01 MAE=3.1184 elapsed=3.5min eta=5.9min
LEAR 1092 273/728 2016-10-02 MAE=3.1333 elapsed=3.5min eta=5.9min
LEAR 1092 274/728 2016-10-03 MAE=3.1306 elapsed=3.6min eta=5.9min
LEAR 1092 275/728 2016-10-04 MAE=3.1309 elapsed=3.6min eta=5.9min
LEAR 1092 276/728 2016-10-05 MAE=3.1271 elapsed=3.6min eta=5.9min
LEAR 1092 277/728 2016-10-06 MAE=3.1285 elapsed=3.6min eta=5.9min
LEAR 1092 278/728 2016-10-07 MAE=3.1312 elapsed=3.7min eta=5.9min
LEAR 1092 279/728 2016-10-08 MAE=3.1369 elapsed=3.7min eta=5.9min
LEAR 1092 280/728 2016-10-09 MAE=3.1315 elapsed=3.7min eta=5.9min
LEAR 1092 281/728 2016-10-10 MAE=3.1446 elapsed=3.7min eta=5.9min
LEAR 1092 282/728 2016-10-11 MAE=3.1437 elapsed=3.7min eta=5.8min
LEAR 1092 283/728 2016-10-12 MAE=3.1389 elapsed=3.7min eta=5.8min
LEAR 1092 284/728 2016-10-13 MAE=3.1380 elapsed=3.7min eta=5.8min
LEAR 1092 285/728 2016-10-14 MAE=3.1323 elapsed=3.7min eta=5.8min
LEAR 1092 286/728 2016-10-15 MAE=3.1365 elapsed=3.7min eta=5.8min
LEAR 1092 287/728 2016-10-16 MAE=3.1344 elapsed=3.7min eta=5.7min
LEAR 1092 288/728 2016-10-17 MAE=3.1361 elapsed=3.8min eta=5.7min
LEAR 1092 289/728 2016-10-18 MAE=3.1328 elapsed=3.8min eta=5.8min
LEAR 1092 290/728 2016-10-19 MAE=3.1279 elapsed=3.8min eta=5.8min
LEAR 1092 291/728 2016-10-20 MAE=3.1260 elapsed=3.8min eta=5.8min
LEAR 1092 292/728 2016-10-21 MAE=3.1211 elapsed=3.8min eta=5.7min
LEAR 1092 293/728 2016-10-22 MAE=3.1200 elapsed=3.8min eta=5.7min
LEAR 1092 294/728 2016-10-23 MAE=3.1150 elapsed=3.8min eta=5.7min
LEAR 1092 295/728 2016-10-24 MAE=3.1210 elapsed=3.8min eta=5.6min
LEAR 1092 296/728 2016-10-25 MAE=3.1290 elapsed=3.8min eta=5.6min
LEAR 1092 297/728 2016-10-26 MAE=3.1257 elapsed=3.9min eta=5.6min
LEAR 1092 298/728 2016-10-27 MAE=3.1231 elapsed=3.9min eta=5.6min
LEAR 1092 299/728 2016-10-28 MAE=3.1216 elapsed=3.9min eta=5.6min
LEAR 1092 300/728 2016-10-29 MAE=3.1172 elapsed=3.9min eta=5.6min
LEAR 1092 301/728 2016-10-30 MAE=3.1180 elapsed=4.0min eta=5.6min
LEAR 1092 302/728 2016-10-31 MAE=3.1168 elapsed=4.0min eta=5.6min
LEAR 1092 303/728 2016-11-01 MAE=3.1238 elapsed=4.0min eta=5.6min
LEAR 1092 304/728 2016-11-02 MAE=3.1227 elapsed=4.0min eta=5.6min
LEAR 1092 305/728 2016-11-03 MAE=3.1254 elapsed=4.0min eta=5.5min
LEAR 1092 306/728 2016-11-04 MAE=3.1269 elapsed=4.0min eta=5.5min
LEAR 1092 307/728 2016-11-05 MAE=3.1249 elapsed=4.0min eta=5.5min
LEAR 1092 308/728 2016-11-06 MAE=3.1252 elapsed=4.0min eta=5.5min
LEAR 1092 309/728 2016-11-07 MAE=3.1383 elapsed=4.0min eta=5.4min
LEAR 1092 310/728 2016-11-08 MAE=3.1471 elapsed=4.0min eta=5.4min
LEAR 1092 311/728 2016-11-09 MAE=3.1458 elapsed=4.1min eta=5.4min
LEAR 1092 312/728 2016-11-10 MAE=3.1494 elapsed=4.1min eta=5.4min
LEAR 1092 313/728 2016-11-11 MAE=3.1551 elapsed=4.1min eta=5.4min
LEAR 1092 314/728 2016-11-12 MAE=3.1526 elapsed=4.1min eta=5.4min
LEAR 1092 315/728 2016-11-13 MAE=3.1510 elapsed=4.1min eta=5.4min
LEAR 1092 316/728 2016-11-14 MAE=3.1517 elapsed=4.1min eta=5.4min
LEAR 1092 317/728 2016-11-15 MAE=3.1511 elapsed=4.2min eta=5.4min
LEAR 1092 318/728 2016-11-16 MAE=3.1504 elapsed=4.2min eta=5.4min
LEAR 1092 319/728 2016-11-17 MAE=3.1534 elapsed=4.2min eta=5.3min
LEAR 1092 320/728 2016-11-18 MAE=3.1653 elapsed=4.2min eta=5.3min
LEAR 1092 321/728 2016-11-19 MAE=3.1785 elapsed=4.2min eta=5.3min
LEAR 1092 322/728 2016-11-20 MAE=3.2293 elapsed=4.2min eta=5.3min
LEAR 1092 323/728 2016-11-21 MAE=3.2462 elapsed=4.2min eta=5.3min
LEAR 1092 324/728 2016-11-22 MAE=3.2450 elapsed=4.2min eta=5.3min
LEAR 1092 325/728 2016-11-23 MAE=3.2461 elapsed=4.3min eta=5.3min
LEAR 1092 326/728 2016-11-24 MAE=3.2432 elapsed=4.3min eta=5.3min
LEAR 1092 327/728 2016-11-25 MAE=3.2431 elapsed=4.3min eta=5.3min
LEAR 1092 328/728 2016-11-26 MAE=3.2432 elapsed=4.3min eta=5.2min
LEAR 1092 329/728 2016-11-27 MAE=3.2441 elapsed=4.3min eta=5.2min
LEAR 1092 330/728 2016-11-28 MAE=3.2598 elapsed=4.3min eta=5.2min
LEAR 1092 331/728 2016-11-29 MAE=3.2658 elapsed=4.3min eta=5.2min
LEAR 1092 332/728 2016-11-30 MAE=3.2647 elapsed=4.3min eta=5.2min
LEAR 1092 333/728 2016-12-01 MAE=3.2671 elapsed=4.4min eta=5.2min
LEAR 1092 334/728 2016-12-02 MAE=3.2714 elapsed=4.4min eta=5.2min
LEAR 1092 335/728 2016-12-03 MAE=3.2709 elapsed=4.4min eta=5.1min
LEAR 1092 336/728 2016-12-04 MAE=3.2699 elapsed=4.4min eta=5.1min
LEAR 1092 337/728 2016-12-05 MAE=3.2739 elapsed=4.4min eta=5.1min
LEAR 1092 338/728 2016-12-06 MAE=3.2772 elapsed=4.5min eta=5.1min
LEAR 1092 339/728 2016-12-07 MAE=3.2847 elapsed=4.5min eta=5.1min
LEAR 1092 340/728 2016-12-08 MAE=3.2869 elapsed=4.5min eta=5.1min
LEAR 1092 341/728 2016-12-09 MAE=3.2845 elapsed=4.5min eta=5.1min
LEAR 1092 342/728 2016-12-10 MAE=3.2867 elapsed=4.5min eta=5.1min
LEAR 1092 343/728 2016-12-11 MAE=3.2847 elapsed=4.5min eta=5.0min
LEAR 1092 344/728 2016-12-12 MAE=3.2886 elapsed=4.5min eta=5.0min
LEAR 1092 345/728 2016-12-13 MAE=3.2876 elapsed=4.5min eta=5.0min
LEAR 1092 346/728 2016-12-14 MAE=3.3097 elapsed=4.5min eta=5.0min
LEAR 1092 347/728 2016-12-15 MAE=3.3148 elapsed=4.6min eta=5.0min
LEAR 1092 348/728 2016-12-16 MAE=3.3174 elapsed=4.6min eta=5.0min
LEAR 1092 349/728 2016-12-17 MAE=3.3178 elapsed=4.6min eta=5.0min
LEAR 1092 350/728 2016-12-18 MAE=3.3274 elapsed=4.6min eta=5.0min
LEAR 1092 351/728 2016-12-19 MAE=3.3316 elapsed=4.6min eta=5.0min
LEAR 1092 352/728 2016-12-20 MAE=3.3296 elapsed=4.6min eta=4.9min
LEAR 1092 353/728 2016-12-21 MAE=3.3283 elapsed=4.6min eta=4.9min
LEAR 1092 354/728 2016-12-22 MAE=3.3273 elapsed=4.6min eta=4.9min
LEAR 1092 355/728 2016-12-23 MAE=3.3267 elapsed=4.7min eta=4.9min
LEAR 1092 356/728 2016-12-24 MAE=3.3612 elapsed=4.7min eta=4.9min
LEAR 1092 357/728 2016-12-25 MAE=3.3773 elapsed=4.7min eta=4.9min
LEAR 1092 358/728 2016-12-26 MAE=3.4189 elapsed=4.7min eta=4.9min
LEAR 1092 359/728 2016-12-27 MAE=3.4365 elapsed=4.7min eta=4.9min
LEAR 1092 360/728 2016-12-28 MAE=3.4576 elapsed=4.7min eta=4.8min
LEAR 1092 361/728 2016-12-29 MAE=3.4663 elapsed=4.8min eta=4.8min
LEAR 1092 362/728 2016-12-30 MAE=3.4685 elapsed=4.8min eta=4.8min
LEAR 1092 363/728 2016-12-31 MAE=3.4753 elapsed=4.8min eta=4.8min
LEAR 1092 364/728 2017-01-01 MAE=3.4781 elapsed=4.8min eta=4.8min
LEAR 1092 365/728 2017-01-02 MAE=3.4897 elapsed=4.8min eta=4.8min
LEAR 1092 366/728 2017-01-03 MAE=3.5064 elapsed=4.8min eta=4.7min
LEAR 1092 367/728 2017-01-04 MAE=3.5151 elapsed=4.8min eta=4.7min
LEAR 1092 368/728 2017-01-05 MAE=3.5219 elapsed=4.8min eta=4.7min
LEAR 1092 369/728 2017-01-06 MAE=3.5235 elapsed=4.8min eta=4.7min
LEAR 1092 370/728 2017-01-07 MAE=3.5227 elapsed=4.9min eta=4.7min
LEAR 1092 371/728 2017-01-08 MAE=3.5222 elapsed=4.9min eta=4.7min
LEAR 1092 372/728 2017-01-09 MAE=3.5222 elapsed=4.9min eta=4.7min
LEAR 1092 373/728 2017-01-10 MAE=3.5341 elapsed=4.9min eta=4.7min
LEAR 1092 374/728 2017-01-11 MAE=3.5380 elapsed=4.9min eta=4.7min
LEAR 1092 375/728 2017-01-12 MAE=3.5476 elapsed=5.0min eta=4.7min
LEAR 1092 376/728 2017-01-13 MAE=3.5492 elapsed=5.0min eta=4.6min
LEAR 1092 377/728 2017-01-14 MAE=3.5462 elapsed=5.0min eta=4.6min
LEAR 1092 378/728 2017-01-15 MAE=3.5462 elapsed=5.0min eta=4.6min
LEAR 1092 379/728 2017-01-16 MAE=3.6021 elapsed=5.0min eta=4.6min
LEAR 1092 380/728 2017-01-17 MAE=3.6524 elapsed=5.0min eta=4.6min
LEAR 1092 381/728 2017-01-18 MAE=3.6603 elapsed=5.0min eta=4.6min
LEAR 1092 382/728 2017-01-19 MAE=3.6656 elapsed=5.0min eta=4.6min
LEAR 1092 383/728 2017-01-20 MAE=3.6673 elapsed=5.1min eta=4.6min
LEAR 1092 384/728 2017-01-21 MAE=3.6647 elapsed=5.1min eta=4.5min
LEAR 1092 385/728 2017-01-22 MAE=3.6625 elapsed=5.1min eta=4.5min
LEAR 1092 386/728 2017-01-23 MAE=3.6833 elapsed=5.1min eta=4.5min
LEAR 1092 387/728 2017-01-24 MAE=3.7297 elapsed=5.1min eta=4.5min
LEAR 1092 388/728 2017-01-25 MAE=3.7452 elapsed=5.1min eta=4.5min
LEAR 1092 389/728 2017-01-26 MAE=3.7537 elapsed=5.1min eta=4.5min
LEAR 1092 390/728 2017-01-27 MAE=3.7570 elapsed=5.1min eta=4.4min
LEAR 1092 391/728 2017-01-28 MAE=3.7593 elapsed=5.1min eta=4.4min
LEAR 1092 392/728 2017-01-29 MAE=3.7660 elapsed=5.1min eta=4.4min
LEAR 1092 393/728 2017-01-30 MAE=3.7729 elapsed=5.2min eta=4.4min
LEAR 1092 394/728 2017-01-31 MAE=3.7788 elapsed=5.2min eta=4.4min
LEAR 1092 395/728 2017-02-01 MAE=3.7789 elapsed=5.2min eta=4.4min
LEAR 1092 396/728 2017-02-02 MAE=3.7782 elapsed=5.2min eta=4.4min
LEAR 1092 397/728 2017-02-03 MAE=3.7791 elapsed=5.2min eta=4.4min
LEAR 1092 398/728 2017-02-04 MAE=3.7877 elapsed=5.3min eta=4.4min
LEAR 1092 399/728 2017-02-05 MAE=3.7855 elapsed=5.3min eta=4.3min
LEAR 1092 400/728 2017-02-06 MAE=3.7871 elapsed=5.3min eta=4.3min
LEAR 1092 401/728 2017-02-07 MAE=3.7882 elapsed=5.3min eta=4.3min
LEAR 1092 402/728 2017-02-08 MAE=3.7944 elapsed=5.3min eta=4.3min
LEAR 1092 403/728 2017-02-09 MAE=3.7958 elapsed=5.3min eta=4.3min
LEAR 1092 404/728 2017-02-10 MAE=3.7935 elapsed=5.3min eta=4.2min
LEAR 1092 405/728 2017-02-11 MAE=3.7925 elapsed=5.3min eta=4.2min
LEAR 1092 406/728 2017-02-12 MAE=3.7902 elapsed=5.3min eta=4.2min
LEAR 1092 407/728 2017-02-13 MAE=3.7867 elapsed=5.4min eta=4.2min
LEAR 1092 408/728 2017-02-14 MAE=3.7856 elapsed=5.4min eta=4.2min
LEAR 1092 409/728 2017-02-15 MAE=3.7893 elapsed=5.4min eta=4.2min
LEAR 1092 410/728 2017-02-16 MAE=3.7854 elapsed=5.4min eta=4.2min
LEAR 1092 411/728 2017-02-17 MAE=3.7828 elapsed=5.4min eta=4.2min
LEAR 1092 412/728 2017-02-18 MAE=3.7816 elapsed=5.4min eta=4.2min
LEAR 1092 413/728 2017-02-19 MAE=3.7868 elapsed=5.4min eta=4.1min
LEAR 1092 414/728 2017-02-20 MAE=3.7913 elapsed=5.4min eta=4.1min
LEAR 1092 415/728 2017-02-21 MAE=3.7932 elapsed=5.4min eta=4.1min
LEAR 1092 416/728 2017-02-22 MAE=3.8032 elapsed=5.4min eta=4.1min
LEAR 1092 417/728 2017-02-23 MAE=3.8072 elapsed=5.5min eta=4.1min
LEAR 1092 418/728 2017-02-24 MAE=3.8180 elapsed=5.5min eta=4.1min
LEAR 1092 419/728 2017-02-25 MAE=3.8229 elapsed=5.5min eta=4.1min
LEAR 1092 420/728 2017-02-26 MAE=3.8220 elapsed=5.5min eta=4.1min
LEAR 1092 421/728 2017-02-27 MAE=3.8256 elapsed=5.5min eta=4.0min
LEAR 1092 422/728 2017-02-28 MAE=3.8296 elapsed=5.6min eta=4.0min
LEAR 1092 423/728 2017-03-01 MAE=3.8332 elapsed=5.6min eta=4.0min
LEAR 1092 424/728 2017-03-02 MAE=3.8349 elapsed=5.6min eta=4.0min
LEAR 1092 425/728 2017-03-03 MAE=3.8418 elapsed=5.6min eta=4.0min
LEAR 1092 426/728 2017-03-04 MAE=3.8386 elapsed=5.6min eta=4.0min
LEAR 1092 427/728 2017-03-05 MAE=3.8405 elapsed=5.6min eta=4.0min
LEAR 1092 428/728 2017-03-06 MAE=3.8370 elapsed=5.6min eta=3.9min
LEAR 1092 429/728 2017-03-07 MAE=3.8329 elapsed=5.6min eta=3.9min
LEAR 1092 430/728 2017-03-08 MAE=3.8290 elapsed=5.7min eta=3.9min
LEAR 1092 431/728 2017-03-09 MAE=3.8241 elapsed=5.7min eta=3.9min
LEAR 1092 432/728 2017-03-10 MAE=3.8228 elapsed=5.7min eta=3.9min
LEAR 1092 433/728 2017-03-11 MAE=3.8181 elapsed=5.7min eta=3.9min
LEAR 1092 434/728 2017-03-12 MAE=3.8177 elapsed=5.7min eta=3.9min
LEAR 1092 435/728 2017-03-13 MAE=3.8165 elapsed=5.7min eta=3.9min
LEAR 1092 436/728 2017-03-14 MAE=3.8141 elapsed=5.7min eta=3.8min
LEAR 1092 437/728 2017-03-15 MAE=3.8084 elapsed=5.8min eta=3.8min
LEAR 1092 438/728 2017-03-16 MAE=3.8033 elapsed=5.8min eta=3.8min
LEAR 1092 439/728 2017-03-17 MAE=3.7998 elapsed=5.8min eta=3.8min
LEAR 1092 440/728 2017-03-18 MAE=3.8013 elapsed=5.8min eta=3.8min
LEAR 1092 441/728 2017-03-19 MAE=3.8100 elapsed=5.8min eta=3.8min
LEAR 1092 442/728 2017-03-20 MAE=3.8147 elapsed=5.8min eta=3.8min
LEAR 1092 443/728 2017-03-21 MAE=3.8137 elapsed=5.9min eta=3.8min
LEAR 1092 444/728 2017-03-22 MAE=3.8107 elapsed=5.9min eta=3.8min
LEAR 1092 445/728 2017-03-23 MAE=3.8052 elapsed=5.9min eta=3.7min
LEAR 1092 446/728 2017-03-24 MAE=3.8002 elapsed=5.9min eta=3.7min
LEAR 1092 447/728 2017-03-25 MAE=3.7984 elapsed=5.9min eta=3.7min
LEAR 1092 448/728 2017-03-26 MAE=3.7950 elapsed=5.9min eta=3.7min
LEAR 1092 449/728 2017-03-27 MAE=3.7947 elapsed=5.9min eta=3.7min
LEAR 1092 450/728 2017-03-28 MAE=3.7900 elapsed=5.9min eta=3.7min
LEAR 1092 451/728 2017-03-29 MAE=3.7861 elapsed=5.9min eta=3.6min
LEAR 1092 452/728 2017-03-30 MAE=3.7810 elapsed=5.9min eta=3.6min
LEAR 1092 453/728 2017-03-31 MAE=3.7774 elapsed=6.0min eta=3.6min
LEAR 1092 454/728 2017-04-01 MAE=3.7748 elapsed=6.0min eta=3.6min
LEAR 1092 455/728 2017-04-02 MAE=3.7776 elapsed=6.0min eta=3.6min
LEAR 1092 456/728 2017-04-03 MAE=3.7813 elapsed=6.0min eta=3.6min
LEAR 1092 457/728 2017-04-04 MAE=3.7767 elapsed=6.0min eta=3.6min
LEAR 1092 458/728 2017-04-05 MAE=3.7738 elapsed=6.0min eta=3.6min
LEAR 1092 459/728 2017-04-06 MAE=3.7742 elapsed=6.0min eta=3.5min
LEAR 1092 460/728 2017-04-07 MAE=3.7731 elapsed=6.1min eta=3.5min
LEAR 1092 461/728 2017-04-08 MAE=3.7706 elapsed=6.1min eta=3.5min
LEAR 1092 462/728 2017-04-09 MAE=3.7658 elapsed=6.1min eta=3.5min
LEAR 1092 463/728 2017-04-10 MAE=3.7654 elapsed=6.1min eta=3.5min
LEAR 1092 464/728 2017-04-11 MAE=3.7677 elapsed=6.1min eta=3.5min
LEAR 1092 465/728 2017-04-12 MAE=3.7648 elapsed=6.1min eta=3.5min
LEAR 1092 466/728 2017-04-13 MAE=3.7632 elapsed=6.2min eta=3.5min
LEAR 1092 467/728 2017-04-14 MAE=3.7595 elapsed=6.2min eta=3.5min
LEAR 1092 468/728 2017-04-15 MAE=3.7751 elapsed=6.2min eta=3.4min
LEAR 1092 469/728 2017-04-16 MAE=3.7736 elapsed=6.2min eta=3.4min
LEAR 1092 470/728 2017-04-17 MAE=3.7716 elapsed=6.2min eta=3.4min
LEAR 1092 471/728 2017-04-18 MAE=3.7682 elapsed=6.2min eta=3.4min
LEAR 1092 472/728 2017-04-19 MAE=3.7640 elapsed=6.2min eta=3.4min
LEAR 1092 473/728 2017-04-20 MAE=3.7594 elapsed=6.2min eta=3.4min
LEAR 1092 474/728 2017-04-21 MAE=3.7590 elapsed=6.2min eta=3.3min
LEAR 1092 475/728 2017-04-22 MAE=3.7606 elapsed=6.2min eta=3.3min
LEAR 1092 476/728 2017-04-23 MAE=3.7594 elapsed=6.3min eta=3.3min
LEAR 1092 477/728 2017-04-24 MAE=3.7605 elapsed=6.3min eta=3.3min
LEAR 1092 478/728 2017-04-25 MAE=3.7633 elapsed=6.3min eta=3.3min
LEAR 1092 479/728 2017-04-26 MAE=3.7589 elapsed=6.3min eta=3.3min
LEAR 1092 480/728 2017-04-27 MAE=3.7538 elapsed=6.4min eta=3.3min
LEAR 1092 481/728 2017-04-28 MAE=3.7511 elapsed=6.4min eta=3.3min
LEAR 1092 482/728 2017-04-29 MAE=3.7487 elapsed=6.4min eta=3.2min
LEAR 1092 483/728 2017-04-30 MAE=3.7768 elapsed=6.4min eta=3.2min
LEAR 1092 484/728 2017-05-01 MAE=3.8251 elapsed=6.4min eta=3.2min
LEAR 1092 485/728 2017-05-02 MAE=3.8291 elapsed=6.4min eta=3.2min
LEAR 1092 486/728 2017-05-03 MAE=3.8282 elapsed=6.4min eta=3.2min
LEAR 1092 487/728 2017-05-04 MAE=3.8267 elapsed=6.4min eta=3.2min
LEAR 1092 488/728 2017-05-05 MAE=3.8241 elapsed=6.4min eta=3.2min
LEAR 1092 489/728 2017-05-06 MAE=3.8203 elapsed=6.5min eta=3.2min
LEAR 1092 490/728 2017-05-07 MAE=3.8171 elapsed=6.5min eta=3.1min
LEAR 1092 491/728 2017-05-08 MAE=3.8178 elapsed=6.5min eta=3.1min
LEAR 1092 492/728 2017-05-09 MAE=3.8147 elapsed=6.5min eta=3.1min
LEAR 1092 493/728 2017-05-10 MAE=3.8123 elapsed=6.5min eta=3.1min
LEAR 1092 494/728 2017-05-11 MAE=3.8078 elapsed=6.5min eta=3.1min
LEAR 1092 495/728 2017-05-12 MAE=3.8048 elapsed=6.5min eta=3.1min
LEAR 1092 496/728 2017-05-13 MAE=3.8011 elapsed=6.5min eta=3.1min
LEAR 1092 497/728 2017-05-14 MAE=3.7959 elapsed=6.6min eta=3.0min
LEAR 1092 498/728 2017-05-15 MAE=3.7908 elapsed=6.6min eta=3.0min
LEAR 1092 499/728 2017-05-16 MAE=3.7863 elapsed=6.6min eta=3.0min
LEAR 1092 500/728 2017-05-17 MAE=3.7850 elapsed=6.6min eta=3.0min
LEAR 1092 501/728 2017-05-18 MAE=3.7830 elapsed=6.6min eta=3.0min
LEAR 1092 502/728 2017-05-19 MAE=3.7791 elapsed=6.6min eta=3.0min
LEAR 1092 503/728 2017-05-20 MAE=3.7816 elapsed=6.7min eta=3.0min
LEAR 1092 504/728 2017-05-21 MAE=3.7853 elapsed=6.7min eta=3.0min
LEAR 1092 505/728 2017-05-22 MAE=3.7837 elapsed=6.7min eta=3.0min
LEAR 1092 506/728 2017-05-23 MAE=3.7792 elapsed=6.7min eta=2.9min
LEAR 1092 507/728 2017-05-24 MAE=3.7748 elapsed=6.7min eta=2.9min
LEAR 1092 508/728 2017-05-25 MAE=3.7702 elapsed=6.7min eta=2.9min
LEAR 1092 509/728 2017-05-26 MAE=3.7676 elapsed=6.7min eta=2.9min
LEAR 1092 510/728 2017-05-27 MAE=3.7658 elapsed=6.7min eta=2.9min
LEAR 1092 511/728 2017-05-28 MAE=3.7636 elapsed=6.7min eta=2.9min
LEAR 1092 512/728 2017-05-29 MAE=3.7605 elapsed=6.7min eta=2.8min
LEAR 1092 513/728 2017-05-30 MAE=3.7589 elapsed=6.8min eta=2.8min
LEAR 1092 514/728 2017-05-31 MAE=3.7563 elapsed=6.8min eta=2.8min
LEAR 1092 515/728 2017-06-01 MAE=3.7529 elapsed=6.8min eta=2.8min
LEAR 1092 516/728 2017-06-02 MAE=3.7519 elapsed=6.8min eta=2.8min
LEAR 1092 517/728 2017-06-03 MAE=3.7478 elapsed=6.9min eta=2.8min
LEAR 1092 518/728 2017-06-04 MAE=3.7494 elapsed=6.9min eta=2.8min
LEAR 1092 519/728 2017-06-05 MAE=3.7450 elapsed=6.9min eta=2.8min
LEAR 1092 520/728 2017-06-06 MAE=3.7547 elapsed=6.9min eta=2.7min
LEAR 1092 521/728 2017-06-07 MAE=3.7615 elapsed=6.9min eta=2.7min
LEAR 1092 522/728 2017-06-08 MAE=3.7612 elapsed=6.9min eta=2.7min
LEAR 1092 523/728 2017-06-09 MAE=3.7592 elapsed=6.9min eta=2.7min
LEAR 1092 524/728 2017-06-10 MAE=3.7564 elapsed=6.9min eta=2.7min
LEAR 1092 525/728 2017-06-11 MAE=3.7560 elapsed=7.0min eta=2.7min
LEAR 1092 526/728 2017-06-12 MAE=3.7579 elapsed=7.0min eta=2.7min
LEAR 1092 527/728 2017-06-13 MAE=3.7552 elapsed=7.0min eta=2.7min
LEAR 1092 528/728 2017-06-14 MAE=3.7533 elapsed=7.0min eta=2.7min
LEAR 1092 529/728 2017-06-15 MAE=3.7529 elapsed=7.0min eta=2.6min
LEAR 1092 530/728 2017-06-16 MAE=3.7597 elapsed=7.0min eta=2.6min
LEAR 1092 531/728 2017-06-17 MAE=3.7554 elapsed=7.0min eta=2.6min
LEAR 1092 532/728 2017-06-18 MAE=3.7517 elapsed=7.0min eta=2.6min
LEAR 1092 533/728 2017-06-19 MAE=3.7486 elapsed=7.0min eta=2.6min
LEAR 1092 534/728 2017-06-20 MAE=3.7455 elapsed=7.1min eta=2.6min
LEAR 1092 535/728 2017-06-21 MAE=3.7430 elapsed=7.1min eta=2.5min
LEAR 1092 536/728 2017-06-22 MAE=3.7386 elapsed=7.1min eta=2.5min
LEAR 1092 537/728 2017-06-23 MAE=3.7358 elapsed=7.1min eta=2.5min
LEAR 1092 538/728 2017-06-24 MAE=3.7352 elapsed=7.1min eta=2.5min
LEAR 1092 539/728 2017-06-25 MAE=3.7338 elapsed=7.2min eta=2.5min
LEAR 1092 540/728 2017-06-26 MAE=3.7319 elapsed=7.2min eta=2.5min
LEAR 1092 541/728 2017-06-27 MAE=3.7293 elapsed=7.2min eta=2.5min
LEAR 1092 542/728 2017-06-28 MAE=3.7272 elapsed=7.2min eta=2.5min
LEAR 1092 543/728 2017-06-29 MAE=3.7240 elapsed=7.2min eta=2.5min
LEAR 1092 544/728 2017-06-30 MAE=3.7204 elapsed=7.2min eta=2.4min
LEAR 1092 545/728 2017-07-01 MAE=3.7176 elapsed=7.2min eta=2.4min
LEAR 1092 546/728 2017-07-02 MAE=3.7172 elapsed=7.2min eta=2.4min
LEAR 1092 547/728 2017-07-03 MAE=3.7134 elapsed=7.2min eta=2.4min
LEAR 1092 548/728 2017-07-04 MAE=3.7118 elapsed=7.2min eta=2.4min
LEAR 1092 549/728 2017-07-05 MAE=3.7100 elapsed=7.3min eta=2.4min
LEAR 1092 550/728 2017-07-06 MAE=3.7092 elapsed=7.3min eta=2.4min
LEAR 1092 551/728 2017-07-07 MAE=3.7057 elapsed=7.3min eta=2.4min
LEAR 1092 552/728 2017-07-08 MAE=3.7031 elapsed=7.3min eta=2.3min
LEAR 1092 553/728 2017-07-09 MAE=3.6998 elapsed=7.4min eta=2.3min
LEAR 1092 554/728 2017-07-10 MAE=3.6997 elapsed=7.4min eta=2.3min
LEAR 1092 555/728 2017-07-11 MAE=3.6962 elapsed=7.4min eta=2.3min
LEAR 1092 556/728 2017-07-12 MAE=3.6926 elapsed=7.4min eta=2.3min
LEAR 1092 557/728 2017-07-13 MAE=3.6886 elapsed=7.4min eta=2.3min
LEAR 1092 558/728 2017-07-14 MAE=3.6857 elapsed=7.4min eta=2.3min
LEAR 1092 559/728 2017-07-15 MAE=3.6840 elapsed=7.4min eta=2.2min
LEAR 1092 560/728 2017-07-16 MAE=3.6812 elapsed=7.4min eta=2.2min
LEAR 1092 561/728 2017-07-17 MAE=3.6786 elapsed=7.5min eta=2.2min
LEAR 1092 562/728 2017-07-18 MAE=3.6738 elapsed=7.5min eta=2.2min
LEAR 1092 563/728 2017-07-19 MAE=3.6707 elapsed=7.5min eta=2.2min
LEAR 1092 564/728 2017-07-20 MAE=3.6697 elapsed=7.5min eta=2.2min
LEAR 1092 565/728 2017-07-21 MAE=3.6660 elapsed=7.5min eta=2.2min
LEAR 1092 566/728 2017-07-22 MAE=3.6648 elapsed=7.5min eta=2.2min
LEAR 1092 567/728 2017-07-23 MAE=3.6617 elapsed=7.5min eta=2.1min
LEAR 1092 568/728 2017-07-24 MAE=3.6647 elapsed=7.5min eta=2.1min
LEAR 1092 569/728 2017-07-25 MAE=3.6603 elapsed=7.5min eta=2.1min
LEAR 1092 570/728 2017-07-26 MAE=3.6574 elapsed=7.6min eta=2.1min
LEAR 1092 571/728 2017-07-27 MAE=3.6546 elapsed=7.6min eta=2.1min
LEAR 1092 572/728 2017-07-28 MAE=3.6520 elapsed=7.6min eta=2.1min
LEAR 1092 573/728 2017-07-29 MAE=3.6565 elapsed=7.6min eta=2.1min
LEAR 1092 574/728 2017-07-30 MAE=3.6695 elapsed=7.6min eta=2.0min
LEAR 1092 575/728 2017-07-31 MAE=3.6683 elapsed=7.7min eta=2.0min
LEAR 1092 576/728 2017-08-01 MAE=3.6651 elapsed=7.7min eta=2.0min
LEAR 1092 577/728 2017-08-02 MAE=3.6632 elapsed=7.7min eta=2.0min
LEAR 1092 578/728 2017-08-03 MAE=3.6595 elapsed=7.7min eta=2.0min
LEAR 1092 579/728 2017-08-04 MAE=3.6589 elapsed=7.7min eta=2.0min
LEAR 1092 580/728 2017-08-05 MAE=3.6554 elapsed=7.7min eta=2.0min
LEAR 1092 581/728 2017-08-06 MAE=3.6559 elapsed=7.7min eta=2.0min
LEAR 1092 582/728 2017-08-07 MAE=3.6535 elapsed=7.7min eta=1.9min
LEAR 1092 583/728 2017-08-08 MAE=3.6495 elapsed=7.7min eta=1.9min
LEAR 1092 584/728 2017-08-09 MAE=3.6460 elapsed=7.7min eta=1.9min
LEAR 1092 585/728 2017-08-10 MAE=3.6468 elapsed=7.8min eta=1.9min
LEAR 1092 586/728 2017-08-11 MAE=3.6452 elapsed=7.8min eta=1.9min
LEAR 1092 587/728 2017-08-12 MAE=3.6439 elapsed=7.8min eta=1.9min
LEAR 1092 588/728 2017-08-13 MAE=3.6413 elapsed=7.8min eta=1.9min
LEAR 1092 589/728 2017-08-14 MAE=3.6393 elapsed=7.9min eta=1.9min
LEAR 1092 590/728 2017-08-15 MAE=3.6413 elapsed=7.9min eta=1.8min
LEAR 1092 591/728 2017-08-16 MAE=3.6407 elapsed=7.9min eta=1.8min
LEAR 1092 592/728 2017-08-17 MAE=3.6375 elapsed=7.9min eta=1.8min
LEAR 1092 593/728 2017-08-18 MAE=3.6330 elapsed=7.9min eta=1.8min
LEAR 1092 594/728 2017-08-19 MAE=3.6377 elapsed=7.9min eta=1.8min
LEAR 1092 595/728 2017-08-20 MAE=3.6364 elapsed=7.9min eta=1.8min
LEAR 1092 596/728 2017-08-21 MAE=3.6347 elapsed=7.9min eta=1.8min
LEAR 1092 597/728 2017-08-22 MAE=3.6356 elapsed=8.0min eta=1.7min
LEAR 1092 598/728 2017-08-23 MAE=3.6326 elapsed=8.0min eta=1.7min
LEAR 1092 599/728 2017-08-24 MAE=3.6289 elapsed=8.0min eta=1.7min
LEAR 1092 600/728 2017-08-25 MAE=3.6252 elapsed=8.0min eta=1.7min
LEAR 1092 601/728 2017-08-26 MAE=3.6224 elapsed=8.0min eta=1.7min
LEAR 1092 602/728 2017-08-27 MAE=3.6222 elapsed=8.0min eta=1.7min
LEAR 1092 603/728 2017-08-28 MAE=3.6188 elapsed=8.0min eta=1.7min
LEAR 1092 604/728 2017-08-29 MAE=3.6160 elapsed=8.0min eta=1.6min
LEAR 1092 605/728 2017-08-30 MAE=3.6124 elapsed=8.0min eta=1.6min
LEAR 1092 606/728 2017-08-31 MAE=3.6115 elapsed=8.0min eta=1.6min
LEAR 1092 607/728 2017-09-01 MAE=3.6125 elapsed=8.0min eta=1.6min
LEAR 1092 608/728 2017-09-02 MAE=3.6087 elapsed=8.1min eta=1.6min
LEAR 1092 609/728 2017-09-03 MAE=3.6059 elapsed=8.1min eta=1.6min
LEAR 1092 610/728 2017-09-04 MAE=3.6025 elapsed=8.1min eta=1.6min
LEAR 1092 611/728 2017-09-05 MAE=3.5995 elapsed=8.1min eta=1.6min
LEAR 1092 612/728 2017-09-06 MAE=3.5965 elapsed=8.2min eta=1.5min
LEAR 1092 613/728 2017-09-07 MAE=3.5967 elapsed=8.2min eta=1.5min
LEAR 1092 614/728 2017-09-08 MAE=3.5956 elapsed=8.2min eta=1.5min
LEAR 1092 615/728 2017-09-09 MAE=3.5951 elapsed=8.2min eta=1.5min
LEAR 1092 616/728 2017-09-10 MAE=3.5957 elapsed=8.2min eta=1.5min
LEAR 1092 617/728 2017-09-11 MAE=3.5954 elapsed=8.2min eta=1.5min
LEAR 1092 618/728 2017-09-12 MAE=3.5980 elapsed=8.2min eta=1.5min
LEAR 1092 619/728 2017-09-13 MAE=3.6125 elapsed=8.2min eta=1.4min
LEAR 1092 620/728 2017-09-14 MAE=3.6176 elapsed=8.2min eta=1.4min
LEAR 1092 621/728 2017-09-15 MAE=3.6219 elapsed=8.3min eta=1.4min
LEAR 1092 622/728 2017-09-16 MAE=3.6197 elapsed=8.3min eta=1.4min
LEAR 1092 623/728 2017-09-17 MAE=3.6163 elapsed=8.3min eta=1.4min
LEAR 1092 624/728 2017-09-18 MAE=3.6131 elapsed=8.3min eta=1.4min
LEAR 1092 625/728 2017-09-19 MAE=3.6134 elapsed=8.3min eta=1.4min
LEAR 1092 626/728 2017-09-20 MAE=3.6102 elapsed=8.3min eta=1.4min
LEAR 1092 627/728 2017-09-21 MAE=3.6111 elapsed=8.3min eta=1.3min
LEAR 1092 628/728 2017-09-22 MAE=3.6109 elapsed=8.3min eta=1.3min
LEAR 1092 629/728 2017-09-23 MAE=3.6073 elapsed=8.4min eta=1.3min
LEAR 1092 630/728 2017-09-24 MAE=3.6048 elapsed=8.4min eta=1.3min
LEAR 1092 631/728 2017-09-25 MAE=3.6021 elapsed=8.4min eta=1.3min
LEAR 1092 632/728 2017-09-26 MAE=3.5992 elapsed=8.4min eta=1.3min
LEAR 1092 633/728 2017-09-27 MAE=3.5981 elapsed=8.4min eta=1.3min
LEAR 1092 634/728 2017-09-28 MAE=3.5956 elapsed=8.5min eta=1.3min
LEAR 1092 635/728 2017-09-29 MAE=3.5939 elapsed=8.5min eta=1.2min
LEAR 1092 636/728 2017-09-30 MAE=3.5916 elapsed=8.5min eta=1.2min
LEAR 1092 637/728 2017-10-01 MAE=3.5925 elapsed=8.5min eta=1.2min
LEAR 1092 638/728 2017-10-02 MAE=3.6025 elapsed=8.5min eta=1.2min
LEAR 1092 639/728 2017-10-03 MAE=3.6084 elapsed=8.5min eta=1.2min
LEAR 1092 640/728 2017-10-04 MAE=3.6116 elapsed=8.5min eta=1.2min
LEAR 1092 641/728 2017-10-05 MAE=3.6162 elapsed=8.5min eta=1.2min
LEAR 1092 642/728 2017-10-06 MAE=3.6243 elapsed=8.5min eta=1.1min
LEAR 1092 643/728 2017-10-07 MAE=3.6417 elapsed=8.5min eta=1.1min
LEAR 1092 644/728 2017-10-08 MAE=3.6497 elapsed=8.5min eta=1.1min
LEAR 1092 645/728 2017-10-09 MAE=3.6492 elapsed=8.6min eta=1.1min
LEAR 1092 646/728 2017-10-10 MAE=3.6463 elapsed=8.6min eta=1.1min
LEAR 1092 647/728 2017-10-11 MAE=3.6447 elapsed=8.6min eta=1.1min
LEAR 1092 648/728 2017-10-12 MAE=3.6486 elapsed=8.6min eta=1.1min
LEAR 1092 649/728 2017-10-13 MAE=3.6508 elapsed=8.6min eta=1.1min
LEAR 1092 650/728 2017-10-14 MAE=3.6521 elapsed=8.7min eta=1.0min
LEAR 1092 651/728 2017-10-15 MAE=3.6522 elapsed=8.7min eta=1.0min
LEAR 1092 652/728 2017-10-16 MAE=3.6507 elapsed=8.7min eta=1.0min
LEAR 1092 653/728 2017-10-17 MAE=3.6497 elapsed=8.7min eta=1.0min
LEAR 1092 654/728 2017-10-18 MAE=3.6525 elapsed=8.7min eta=1.0min
LEAR 1092 655/728 2017-10-19 MAE=3.6522 elapsed=8.7min eta=1.0min
LEAR 1092 656/728 2017-10-20 MAE=3.6499 elapsed=8.7min eta=1.0min
LEAR 1092 657/728 2017-10-21 MAE=3.6489 elapsed=8.7min eta=0.9min
LEAR 1092 658/728 2017-10-22 MAE=3.6508 elapsed=8.8min eta=0.9min
LEAR 1092 659/728 2017-10-23 MAE=3.6523 elapsed=8.8min eta=0.9min
LEAR 1092 660/728 2017-10-24 MAE=3.6532 elapsed=8.8min eta=0.9min
LEAR 1092 661/728 2017-10-25 MAE=3.6541 elapsed=8.8min eta=0.9min
LEAR 1092 662/728 2017-10-26 MAE=3.6532 elapsed=8.8min eta=0.9min
LEAR 1092 663/728 2017-10-27 MAE=3.6526 elapsed=8.8min eta=0.9min
LEAR 1092 664/728 2017-10-28 MAE=3.6937 elapsed=8.8min eta=0.9min
LEAR 1092 665/728 2017-10-29 MAE=3.7407 elapsed=8.8min eta=0.8min
LEAR 1092 666/728 2017-10-30 MAE=3.7660 elapsed=8.8min eta=0.8min
LEAR 1092 667/728 2017-10-31 MAE=3.7645 elapsed=8.8min eta=0.8min
LEAR 1092 668/728 2017-11-01 MAE=3.7634 elapsed=8.9min eta=0.8min
LEAR 1092 669/728 2017-11-02 MAE=3.7617 elapsed=8.9min eta=0.8min
LEAR 1092 670/728 2017-11-03 MAE=3.7596 elapsed=8.9min eta=0.8min
LEAR 1092 671/728 2017-11-04 MAE=3.7599 elapsed=8.9min eta=0.8min
LEAR 1092 672/728 2017-11-05 MAE=3.7614 elapsed=8.9min eta=0.7min
LEAR 1092 673/728 2017-11-06 MAE=3.7617 elapsed=9.0min eta=0.7min
LEAR 1092 674/728 2017-11-07 MAE=3.7632 elapsed=9.0min eta=0.7min
LEAR 1092 675/728 2017-11-08 MAE=3.7748 elapsed=9.0min eta=0.7min
LEAR 1092 676/728 2017-11-09 MAE=3.7760 elapsed=9.0min eta=0.7min
LEAR 1092 677/728 2017-11-10 MAE=3.7764 elapsed=9.0min eta=0.7min
LEAR 1092 678/728 2017-11-11 MAE=3.7777 elapsed=9.0min eta=0.7min
LEAR 1092 679/728 2017-11-12 MAE=3.7797 elapsed=9.0min eta=0.7min
LEAR 1092 680/728 2017-11-13 MAE=3.7809 elapsed=9.0min eta=0.6min
LEAR 1092 681/728 2017-11-14 MAE=3.7794 elapsed=9.1min eta=0.6min
LEAR 1092 682/728 2017-11-15 MAE=3.7903 elapsed=9.1min eta=0.6min
LEAR 1092 683/728 2017-11-16 MAE=3.7890 elapsed=9.1min eta=0.6min
LEAR 1092 684/728 2017-11-17 MAE=3.7894 elapsed=9.1min eta=0.6min
LEAR 1092 685/728 2017-11-18 MAE=3.7936 elapsed=9.1min eta=0.6min
LEAR 1092 686/728 2017-11-19 MAE=3.7979 elapsed=9.1min eta=0.6min
LEAR 1092 687/728 2017-11-20 MAE=3.8021 elapsed=9.2min eta=0.5min
LEAR 1092 688/728 2017-11-21 MAE=3.8050 elapsed=9.2min eta=0.5min
LEAR 1092 689/728 2017-11-22 MAE=3.8067 elapsed=9.2min eta=0.5min
LEAR 1092 690/728 2017-11-23 MAE=3.8100 elapsed=9.2min eta=0.5min
LEAR 1092 691/728 2017-11-24 MAE=3.8115 elapsed=9.2min eta=0.5min
LEAR 1092 692/728 2017-11-25 MAE=3.8114 elapsed=9.2min eta=0.5min
LEAR 1092 693/728 2017-11-26 MAE=3.8111 elapsed=9.2min eta=0.5min
LEAR 1092 694/728 2017-11-27 MAE=3.8098 elapsed=9.2min eta=0.5min
LEAR 1092 695/728 2017-11-28 MAE=3.8096 elapsed=9.3min eta=0.4min
LEAR 1092 696/728 2017-11-29 MAE=3.8248 elapsed=9.3min eta=0.4min
LEAR 1092 697/728 2017-11-30 MAE=3.8397 elapsed=9.3min eta=0.4min
LEAR 1092 698/728 2017-12-01 MAE=3.8386 elapsed=9.3min eta=0.4min
LEAR 1092 699/728 2017-12-02 MAE=3.8390 elapsed=9.3min eta=0.4min
LEAR 1092 700/728 2017-12-03 MAE=3.8381 elapsed=9.3min eta=0.4min
LEAR 1092 701/728 2017-12-04 MAE=3.8409 elapsed=9.3min eta=0.4min
LEAR 1092 702/728 2017-12-05 MAE=3.8404 elapsed=9.3min eta=0.3min
LEAR 1092 703/728 2017-12-06 MAE=3.8387 elapsed=9.3min eta=0.3min
LEAR 1092 704/728 2017-12-07 MAE=3.8403 elapsed=9.3min eta=0.3min
LEAR 1092 705/728 2017-12-08 MAE=3.8410 elapsed=9.4min eta=0.3min
LEAR 1092 706/728 2017-12-09 MAE=3.8450 elapsed=9.4min eta=0.3min
LEAR 1092 707/728 2017-12-10 MAE=3.8492 elapsed=9.4min eta=0.3min
LEAR 1092 708/728 2017-12-11 MAE=3.8516 elapsed=9.4min eta=0.3min
LEAR 1092 709/728 2017-12-12 MAE=3.8506 elapsed=9.5min eta=0.3min
LEAR 1092 710/728 2017-12-13 MAE=3.8494 elapsed=9.5min eta=0.2min
LEAR 1092 711/728 2017-12-14 MAE=3.8503 elapsed=9.5min eta=0.2min
LEAR 1092 712/728 2017-12-15 MAE=3.8497 elapsed=9.5min eta=0.2min
LEAR 1092 713/728 2017-12-16 MAE=3.8503 elapsed=9.5min eta=0.2min
LEAR 1092 714/728 2017-12-17 MAE=3.8510 elapsed=9.5min eta=0.2min
LEAR 1092 715/728 2017-12-18 MAE=3.8512 elapsed=9.5min eta=0.2min
LEAR 1092 716/728 2017-12-19 MAE=3.8541 elapsed=9.5min eta=0.2min
LEAR 1092 717/728 2017-12-20 MAE=3.8553 elapsed=9.5min eta=0.1min
LEAR 1092 718/728 2017-12-21 MAE=3.8577 elapsed=9.5min eta=0.1min
LEAR 1092 719/728 2017-12-22 MAE=3.8613 elapsed=9.6min eta=0.1min
LEAR 1092 720/728 2017-12-23 MAE=3.8741 elapsed=9.6min eta=0.1min
LEAR 1092 721/728 2017-12-24 MAE=3.8879 elapsed=9.6min eta=0.1min
LEAR 1092 722/728 2017-12-25 MAE=3.8936 elapsed=9.6min eta=0.1min
LEAR 1092 723/728 2017-12-26 MAE=3.9136 elapsed=9.6min eta=0.1min
LEAR 1092 724/728 2017-12-27 MAE=3.9212 elapsed=9.6min eta=0.1min
LEAR 1092 725/728 2017-12-28 MAE=3.9213 elapsed=9.6min eta=0.0min
LEAR 1092 726/728 2017-12-29 MAE=3.9233 elapsed=9.6min eta=0.0min
LEAR 1092 727/728 2017-12-30 MAE=3.9246 elapsed=9.6min eta=0.0min
LEAR 1092 728/728 2017-12-31 MAE=3.9306 elapsed=9.7min eta=0.0min
Running LEAR 1456
LEAR 1456 1/728 2016-01-04 MAE=3.1893 elapsed=0.2min eta=161.0min
LEAR 1456 2/728 2016-01-05 MAE=2.9351 elapsed=0.2min eta=81.8min
LEAR 1456 3/728 2016-01-06 MAE=3.6357 elapsed=0.2min eta=54.4min
LEAR 1456 4/728 2016-01-07 MAE=3.3627 elapsed=0.2min eta=40.8min
LEAR 1456 5/728 2016-01-08 MAE=3.3117 elapsed=0.2min eta=32.6min
LEAR 1456 6/728 2016-01-09 MAE=3.5242 elapsed=0.2min eta=27.1min
LEAR 1456 7/728 2016-01-10 MAE=3.9565 elapsed=0.2min eta=23.2min
LEAR 1456 8/728 2016-01-11 MAE=3.9836 elapsed=0.2min eta=20.3min
LEAR 1456 9/728 2016-01-12 MAE=3.9816 elapsed=0.2min eta=18.0min
LEAR 1456 10/728 2016-01-13 MAE=3.8621 elapsed=0.2min eta=16.2min
LEAR 1456 11/728 2016-01-14 MAE=3.6722 elapsed=0.2min eta=14.7min
LEAR 1456 12/728 2016-01-15 MAE=3.5996 elapsed=0.2min eta=13.4min
LEAR 1456 13/728 2016-01-16 MAE=3.5078 elapsed=0.4min eta=23.6min
LEAR 1456 14/728 2016-01-17 MAE=3.4911 elapsed=0.4min eta=21.9min
LEAR 1456 15/728 2016-01-18 MAE=3.5566 elapsed=0.4min eta=20.4min
LEAR 1456 16/728 2016-01-19 MAE=4.0606 elapsed=0.4min eta=19.1min
LEAR 1456 17/728 2016-01-20 MAE=4.2617 elapsed=0.4min eta=18.0min
LEAR 1456 18/728 2016-01-21 MAE=4.4630 elapsed=0.4min eta=17.4min
LEAR 1456 19/728 2016-01-22 MAE=4.4500 elapsed=0.4min eta=16.4min
LEAR 1456 20/728 2016-01-23 MAE=4.4681 elapsed=0.4min eta=15.6min
LEAR 1456 21/728 2016-01-24 MAE=4.3852 elapsed=0.4min eta=14.8min
LEAR 1456 22/728 2016-01-25 MAE=4.4653 elapsed=0.4min eta=14.2min
LEAR 1456 23/728 2016-01-26 MAE=4.4187 elapsed=0.4min eta=13.6min
LEAR 1456 24/728 2016-01-27 MAE=4.3948 elapsed=0.4min eta=13.0min
LEAR 1456 25/728 2016-01-28 MAE=4.3290 elapsed=0.6min eta=17.8min
LEAR 1456 26/728 2016-01-29 MAE=4.2778 elapsed=0.6min eta=17.2min
LEAR 1456 27/728 2016-01-30 MAE=4.3520 elapsed=0.6min eta=16.6min
LEAR 1456 28/728 2016-01-31 MAE=4.5366 elapsed=0.6min eta=16.0min
LEAR 1456 29/728 2016-02-01 MAE=4.4792 elapsed=0.6min eta=15.4min
LEAR 1456 30/728 2016-02-02 MAE=4.4914 elapsed=0.6min eta=14.9min
LEAR 1456 31/728 2016-02-03 MAE=4.4335 elapsed=0.6min eta=14.4min
LEAR 1456 32/728 2016-02-04 MAE=4.4496 elapsed=0.6min eta=14.0min
LEAR 1456 33/728 2016-02-05 MAE=4.3983 elapsed=0.7min eta=13.7min
LEAR 1456 34/728 2016-02-06 MAE=4.4227 elapsed=0.7min eta=13.4min
LEAR 1456 35/728 2016-02-07 MAE=4.4738 elapsed=0.7min eta=13.0min
LEAR 1456 36/728 2016-02-08 MAE=4.5680 elapsed=0.7min eta=12.7min
LEAR 1456 37/728 2016-02-09 MAE=4.6577 elapsed=0.9min eta=15.9min
LEAR 1456 38/728 2016-02-10 MAE=4.6291 elapsed=0.9min eta=15.5min
LEAR 1456 39/728 2016-02-11 MAE=4.5676 elapsed=0.9min eta=15.3min
LEAR 1456 40/728 2016-02-12 MAE=4.6414 elapsed=0.9min eta=14.9min
LEAR 1456 41/728 2016-02-13 MAE=4.6846 elapsed=0.9min eta=14.5min
LEAR 1456 42/728 2016-02-14 MAE=4.7988 elapsed=0.9min eta=14.2min
LEAR 1456 43/728 2016-02-15 MAE=4.8425 elapsed=0.9min eta=13.8min
LEAR 1456 44/728 2016-02-16 MAE=4.7923 elapsed=0.9min eta=13.5min
LEAR 1456 45/728 2016-02-17 MAE=4.7773 elapsed=0.9min eta=13.2min
LEAR 1456 46/728 2016-02-18 MAE=4.8066 elapsed=0.9min eta=12.9min
LEAR 1456 47/728 2016-02-19 MAE=4.8231 elapsed=0.9min eta=12.9min
LEAR 1456 48/728 2016-02-20 MAE=4.9484 elapsed=0.9min eta=12.6min
LEAR 1456 49/728 2016-02-21 MAE=4.9451 elapsed=1.1min eta=14.9min
LEAR 1456 50/728 2016-02-22 MAE=4.9472 elapsed=1.1min eta=14.6min
LEAR 1456 51/728 2016-02-23 MAE=4.9125 elapsed=1.1min eta=14.4min
LEAR 1456 52/728 2016-02-24 MAE=4.8824 elapsed=1.1min eta=14.1min
LEAR 1456 53/728 2016-02-25 MAE=4.8235 elapsed=1.1min eta=13.9min
LEAR 1456 54/728 2016-02-26 MAE=4.8206 elapsed=1.1min eta=13.7min
LEAR 1456 55/728 2016-02-27 MAE=4.8235 elapsed=1.1min eta=13.5min
LEAR 1456 56/728 2016-02-28 MAE=4.7790 elapsed=1.1min eta=13.2min
LEAR 1456 57/728 2016-02-29 MAE=4.7741 elapsed=1.1min eta=13.0min
LEAR 1456 58/728 2016-03-01 MAE=4.7878 elapsed=1.1min eta=12.7min
LEAR 1456 59/728 2016-03-02 MAE=4.7497 elapsed=1.1min eta=12.6min
LEAR 1456 60/728 2016-03-03 MAE=4.7691 elapsed=1.1min eta=12.5min
LEAR 1456 61/728 2016-03-04 MAE=4.7938 elapsed=1.3min eta=14.2min
LEAR 1456 62/728 2016-03-05 MAE=4.7920 elapsed=1.3min eta=13.9min
LEAR 1456 63/728 2016-03-06 MAE=4.7985 elapsed=1.3min eta=13.8min
LEAR 1456 64/728 2016-03-07 MAE=4.8157 elapsed=1.3min eta=13.6min
LEAR 1456 65/728 2016-03-08 MAE=4.7909 elapsed=1.3min eta=13.4min
LEAR 1456 66/728 2016-03-09 MAE=4.7892 elapsed=1.3min eta=13.2min
LEAR 1456 67/728 2016-03-10 MAE=4.7972 elapsed=1.3min eta=13.0min
LEAR 1456 68/728 2016-03-11 MAE=4.7738 elapsed=1.3min eta=12.8min
LEAR 1456 69/728 2016-03-12 MAE=4.7755 elapsed=1.3min eta=12.6min
LEAR 1456 70/728 2016-03-13 MAE=4.7281 elapsed=1.3min eta=12.4min
LEAR 1456 71/728 2016-03-14 MAE=4.7417 elapsed=1.3min eta=12.3min
LEAR 1456 72/728 2016-03-15 MAE=4.7163 elapsed=1.3min eta=12.2min
LEAR 1456 73/728 2016-03-16 MAE=4.6820 elapsed=1.5min eta=13.6min
LEAR 1456 74/728 2016-03-17 MAE=4.6467 elapsed=1.5min eta=13.4min
LEAR 1456 75/728 2016-03-18 MAE=4.6265 elapsed=1.5min eta=13.2min
LEAR 1456 76/728 2016-03-19 MAE=4.6264 elapsed=1.5min eta=13.1min
LEAR 1456 77/728 2016-03-20 MAE=4.7103 elapsed=1.5min eta=12.9min
LEAR 1456 78/728 2016-03-21 MAE=4.6948 elapsed=1.5min eta=12.8min
LEAR 1456 79/728 2016-03-22 MAE=4.6749 elapsed=1.5min eta=12.6min
LEAR 1456 80/728 2016-03-23 MAE=4.6688 elapsed=1.5min eta=12.4min
LEAR 1456 81/728 2016-03-24 MAE=4.6457 elapsed=1.5min eta=12.3min
LEAR 1456 82/728 2016-03-25 MAE=4.6959 elapsed=1.5min eta=12.2min
LEAR 1456 83/728 2016-03-26 MAE=4.6822 elapsed=1.5min eta=12.0min
LEAR 1456 84/728 2016-03-27 MAE=4.7006 elapsed=1.6min eta=12.0min
LEAR 1456 85/728 2016-03-28 MAE=4.7030 elapsed=1.7min eta=13.1min
LEAR 1456 86/728 2016-03-29 MAE=4.6781 elapsed=1.7min eta=13.0min
LEAR 1456 87/728 2016-03-30 MAE=4.6539 elapsed=1.7min eta=12.8min
LEAR 1456 88/728 2016-03-31 MAE=4.6551 elapsed=1.7min eta=12.7min
LEAR 1456 89/728 2016-04-01 MAE=4.6461 elapsed=1.8min eta=12.6min
LEAR 1456 90/728 2016-04-02 MAE=4.6946 elapsed=1.8min eta=12.4min
LEAR 1456 91/728 2016-04-03 MAE=4.7021 elapsed=1.8min eta=12.3min
LEAR 1456 92/728 2016-04-04 MAE=4.6888 elapsed=1.8min eta=12.1min
LEAR 1456 93/728 2016-04-05 MAE=4.6801 elapsed=1.8min eta=12.0min
LEAR 1456 94/728 2016-04-06 MAE=4.6689 elapsed=1.8min eta=11.9min
LEAR 1456 95/728 2016-04-07 MAE=4.6443 elapsed=1.8min eta=11.8min
LEAR 1456 96/728 2016-04-08 MAE=4.6368 elapsed=1.8min eta=11.8min
LEAR 1456 97/728 2016-04-09 MAE=4.6218 elapsed=1.9min eta=12.7min
LEAR 1456 98/728 2016-04-10 MAE=4.6198 elapsed=2.0min eta=12.6min
LEAR 1456 99/728 2016-04-11 MAE=4.5928 elapsed=2.0min eta=12.5min
LEAR 1456 100/728 2016-04-12 MAE=4.5828 elapsed=2.0min eta=12.4min
LEAR 1456 101/728 2016-04-13 MAE=4.5644 elapsed=2.0min eta=12.3min
LEAR 1456 102/728 2016-04-14 MAE=4.5607 elapsed=2.0min eta=12.1min
LEAR 1456 103/728 2016-04-15 MAE=4.5635 elapsed=2.0min eta=12.0min
LEAR 1456 104/728 2016-04-16 MAE=4.5835 elapsed=2.0min eta=11.8min
LEAR 1456 105/728 2016-04-17 MAE=4.5962 elapsed=2.0min eta=11.7min
LEAR 1456 106/728 2016-04-18 MAE=4.5660 elapsed=2.0min eta=11.6min
LEAR 1456 107/728 2016-04-19 MAE=4.5427 elapsed=2.0min eta=11.5min
LEAR 1456 108/728 2016-04-20 MAE=4.5222 elapsed=2.0min eta=11.5min
LEAR 1456 109/728 2016-04-21 MAE=4.5217 elapsed=2.2min eta=12.3min
LEAR 1456 110/728 2016-04-22 MAE=4.4931 elapsed=2.2min eta=12.3min
LEAR 1456 111/728 2016-04-23 MAE=4.4806 elapsed=2.2min eta=12.2min
LEAR 1456 112/728 2016-04-24 MAE=4.4667 elapsed=2.2min eta=12.0min
LEAR 1456 113/728 2016-04-25 MAE=4.4430 elapsed=2.2min eta=11.9min
LEAR 1456 114/728 2016-04-26 MAE=4.4133 elapsed=2.2min eta=11.8min
LEAR 1456 115/728 2016-04-27 MAE=4.3877 elapsed=2.2min eta=11.7min
LEAR 1456 116/728 2016-04-28 MAE=4.3673 elapsed=2.2min eta=11.6min
LEAR 1456 117/728 2016-04-29 MAE=4.3522 elapsed=2.2min eta=11.5min
LEAR 1456 118/728 2016-04-30 MAE=4.3424 elapsed=2.2min eta=11.4min
LEAR 1456 119/728 2016-05-01 MAE=4.3426 elapsed=2.2min eta=11.3min
LEAR 1456 120/728 2016-05-02 MAE=4.3191 elapsed=2.2min eta=11.3min
LEAR 1456 121/728 2016-05-03 MAE=4.3018 elapsed=2.4min eta=12.0min
LEAR 1456 122/728 2016-05-04 MAE=4.2913 elapsed=2.4min eta=11.9min
LEAR 1456 123/728 2016-05-05 MAE=4.2909 elapsed=2.4min eta=11.8min
LEAR 1456 124/728 2016-05-06 MAE=4.2728 elapsed=2.4min eta=11.7min
LEAR 1456 125/728 2016-05-07 MAE=4.2556 elapsed=2.4min eta=11.6min
LEAR 1456 126/728 2016-05-08 MAE=4.3716 elapsed=2.4min eta=11.6min
LEAR 1456 127/728 2016-05-09 MAE=4.3523 elapsed=2.4min eta=11.5min
LEAR 1456 128/728 2016-05-10 MAE=4.3309 elapsed=2.4min eta=11.4min
LEAR 1456 129/728 2016-05-11 MAE=4.3088 elapsed=2.4min eta=11.3min
LEAR 1456 130/728 2016-05-12 MAE=4.2829 elapsed=2.4min eta=11.2min
LEAR 1456 131/728 2016-05-13 MAE=4.2698 elapsed=2.4min eta=11.1min
LEAR 1456 132/728 2016-05-14 MAE=4.2576 elapsed=2.5min eta=11.1min
LEAR 1456 133/728 2016-05-15 MAE=4.3167 elapsed=2.6min eta=11.7min
LEAR 1456 134/728 2016-05-16 MAE=4.3148 elapsed=2.6min eta=11.6min
LEAR 1456 135/728 2016-05-17 MAE=4.3044 elapsed=2.6min eta=11.5min
LEAR 1456 136/728 2016-05-18 MAE=4.2876 elapsed=2.6min eta=11.5min
LEAR 1456 137/728 2016-05-19 MAE=4.2722 elapsed=2.6min eta=11.4min
LEAR 1456 138/728 2016-05-20 MAE=4.2512 elapsed=2.7min eta=11.4min
LEAR 1456 139/728 2016-05-21 MAE=4.2287 elapsed=2.7min eta=11.3min
LEAR 1456 140/728 2016-05-22 MAE=4.2281 elapsed=2.7min eta=11.2min
LEAR 1456 141/728 2016-05-23 MAE=4.2113 elapsed=2.7min eta=11.1min
LEAR 1456 142/728 2016-05-24 MAE=4.2127 elapsed=2.7min eta=11.0min
LEAR 1456 143/728 2016-05-25 MAE=4.1944 elapsed=2.7min eta=10.9min
LEAR 1456 144/728 2016-05-26 MAE=4.1777 elapsed=2.7min eta=10.9min
LEAR 1456 145/728 2016-05-27 MAE=4.1707 elapsed=2.8min eta=11.4min
LEAR 1456 146/728 2016-05-28 MAE=4.1692 elapsed=2.8min eta=11.3min
LEAR 1456 147/728 2016-05-29 MAE=4.1731 elapsed=2.9min eta=11.3min
LEAR 1456 148/728 2016-05-30 MAE=4.1602 elapsed=2.9min eta=11.2min
LEAR 1456 149/728 2016-05-31 MAE=4.1438 elapsed=2.9min eta=11.2min
LEAR 1456 150/728 2016-06-01 MAE=4.1451 elapsed=2.9min eta=11.1min
LEAR 1456 151/728 2016-06-02 MAE=4.1435 elapsed=2.9min eta=11.1min
LEAR 1456 152/728 2016-06-03 MAE=4.1269 elapsed=2.9min eta=11.0min
LEAR 1456 153/728 2016-06-04 MAE=4.1047 elapsed=2.9min eta=10.9min
LEAR 1456 154/728 2016-06-05 MAE=4.0863 elapsed=2.9min eta=10.8min
LEAR 1456 155/728 2016-06-06 MAE=4.0694 elapsed=2.9min eta=10.7min
LEAR 1456 156/728 2016-06-07 MAE=4.0681 elapsed=2.9min eta=10.6min
LEAR 1456 157/728 2016-06-08 MAE=4.0552 elapsed=3.1min eta=11.1min
LEAR 1456 158/728 2016-06-09 MAE=4.0396 elapsed=3.1min eta=11.0min
LEAR 1456 159/728 2016-06-10 MAE=4.0296 elapsed=3.1min eta=11.0min
LEAR 1456 160/728 2016-06-11 MAE=4.0179 elapsed=3.1min eta=11.0min
LEAR 1456 161/728 2016-06-12 MAE=4.0122 elapsed=3.1min eta=10.9min
LEAR 1456 162/728 2016-06-13 MAE=4.0079 elapsed=3.1min eta=10.9min
LEAR 1456 163/728 2016-06-14 MAE=3.9973 elapsed=3.1min eta=10.8min
LEAR 1456 164/728 2016-06-15 MAE=3.9891 elapsed=3.1min eta=10.8min
LEAR 1456 165/728 2016-06-16 MAE=3.9771 elapsed=3.1min eta=10.7min
LEAR 1456 166/728 2016-06-17 MAE=3.9674 elapsed=3.1min eta=10.6min
LEAR 1456 167/728 2016-06-18 MAE=3.9592 elapsed=3.1min eta=10.5min
LEAR 1456 168/728 2016-06-19 MAE=3.9479 elapsed=3.1min eta=10.4min
LEAR 1456 169/728 2016-06-20 MAE=3.9417 elapsed=3.3min eta=10.9min
LEAR 1456 170/728 2016-06-21 MAE=3.9338 elapsed=3.3min eta=10.8min
LEAR 1456 171/728 2016-06-22 MAE=3.9149 elapsed=3.3min eta=10.8min
LEAR 1456 172/728 2016-06-23 MAE=3.9074 elapsed=3.3min eta=10.7min
LEAR 1456 173/728 2016-06-24 MAE=3.8952 elapsed=3.3min eta=10.7min
LEAR 1456 174/728 2016-06-25 MAE=3.8789 elapsed=3.3min eta=10.6min
LEAR 1456 175/728 2016-06-26 MAE=3.8680 elapsed=3.3min eta=10.6min
LEAR 1456 176/728 2016-06-27 MAE=3.8607 elapsed=3.4min eta=10.5min
LEAR 1456 177/728 2016-06-28 MAE=3.8479 elapsed=3.4min eta=10.4min
LEAR 1456 178/728 2016-06-29 MAE=3.8371 elapsed=3.4min eta=10.4min
LEAR 1456 179/728 2016-06-30 MAE=3.8273 elapsed=3.4min eta=10.3min
LEAR 1456 180/728 2016-07-01 MAE=3.8168 elapsed=3.4min eta=10.3min
LEAR 1456 181/728 2016-07-02 MAE=3.8092 elapsed=3.5min eta=10.6min
LEAR 1456 182/728 2016-07-03 MAE=3.7986 elapsed=3.5min eta=10.6min
LEAR 1456 183/728 2016-07-04 MAE=3.7939 elapsed=3.5min eta=10.5min
LEAR 1456 184/728 2016-07-05 MAE=3.7840 elapsed=3.5min eta=10.5min
LEAR 1456 185/728 2016-07-06 MAE=3.7931 elapsed=3.5min eta=10.4min
LEAR 1456 186/728 2016-07-07 MAE=3.7810 elapsed=3.6min eta=10.4min
LEAR 1456 187/728 2016-07-08 MAE=3.7672 elapsed=3.6min eta=10.3min
LEAR 1456 188/728 2016-07-09 MAE=3.7629 elapsed=3.6min eta=10.3min
LEAR 1456 189/728 2016-07-10 MAE=3.7615 elapsed=3.6min eta=10.2min
LEAR 1456 190/728 2016-07-11 MAE=3.7574 elapsed=3.6min eta=10.1min
LEAR 1456 191/728 2016-07-12 MAE=3.7566 elapsed=3.6min eta=10.1min
LEAR 1456 192/728 2016-07-13 MAE=3.7464 elapsed=3.6min eta=10.0min
LEAR 1456 193/728 2016-07-14 MAE=3.7376 elapsed=3.7min eta=10.4min
LEAR 1456 194/728 2016-07-15 MAE=3.7277 elapsed=3.7min eta=10.3min
LEAR 1456 195/728 2016-07-16 MAE=3.7167 elapsed=3.8min eta=10.3min
LEAR 1456 196/728 2016-07-17 MAE=3.7088 elapsed=3.8min eta=10.2min
LEAR 1456 197/728 2016-07-18 MAE=3.6991 elapsed=3.8min eta=10.2min
LEAR 1456 198/728 2016-07-19 MAE=3.6876 elapsed=3.8min eta=10.1min
LEAR 1456 199/728 2016-07-20 MAE=3.6773 elapsed=3.8min eta=10.1min
LEAR 1456 200/728 2016-07-21 MAE=3.6779 elapsed=3.8min eta=10.0min
LEAR 1456 201/728 2016-07-22 MAE=3.6658 elapsed=3.8min eta=10.0min
LEAR 1456 202/728 2016-07-23 MAE=3.6615 elapsed=3.8min eta=9.9min
LEAR 1456 203/728 2016-07-24 MAE=3.6596 elapsed=3.8min eta=9.9min
LEAR 1456 204/728 2016-07-25 MAE=3.6552 elapsed=3.8min eta=9.8min
LEAR 1456 205/728 2016-07-26 MAE=3.6489 elapsed=4.0min eta=10.1min
LEAR 1456 206/728 2016-07-27 MAE=3.6360 elapsed=4.0min eta=10.1min
LEAR 1456 207/728 2016-07-28 MAE=3.6286 elapsed=4.0min eta=10.0min
LEAR 1456 208/728 2016-07-29 MAE=3.6255 elapsed=4.0min eta=10.0min
LEAR 1456 209/728 2016-07-30 MAE=3.6217 elapsed=4.0min eta=9.9min
LEAR 1456 210/728 2016-07-31 MAE=3.6105 elapsed=4.0min eta=9.9min
LEAR 1456 211/728 2016-08-01 MAE=3.5996 elapsed=4.0min eta=9.8min
LEAR 1456 212/728 2016-08-02 MAE=3.5950 elapsed=4.0min eta=9.8min
LEAR 1456 213/728 2016-08-03 MAE=3.5895 elapsed=4.0min eta=9.7min
LEAR 1456 214/728 2016-08-04 MAE=3.5801 elapsed=4.0min eta=9.7min
LEAR 1456 215/728 2016-08-05 MAE=3.5721 elapsed=4.0min eta=9.6min
LEAR 1456 216/728 2016-08-06 MAE=3.5634 elapsed=4.1min eta=9.6min
LEAR 1456 217/728 2016-08-07 MAE=3.5617 elapsed=4.2min eta=9.9min
LEAR 1456 218/728 2016-08-08 MAE=3.5650 elapsed=4.2min eta=9.8min
LEAR 1456 219/728 2016-08-09 MAE=3.5590 elapsed=4.2min eta=9.8min
LEAR 1456 220/728 2016-08-10 MAE=3.5480 elapsed=4.2min eta=9.8min
LEAR 1456 221/728 2016-08-11 MAE=3.5439 elapsed=4.2min eta=9.7min
LEAR 1456 222/728 2016-08-12 MAE=3.5401 elapsed=4.2min eta=9.7min
LEAR 1456 223/728 2016-08-13 MAE=3.5324 elapsed=4.2min eta=9.6min
LEAR 1456 224/728 2016-08-14 MAE=3.5223 elapsed=4.3min eta=9.6min
LEAR 1456 225/728 2016-08-15 MAE=3.5239 elapsed=4.3min eta=9.5min
LEAR 1456 226/728 2016-08-16 MAE=3.5187 elapsed=4.3min eta=9.5min
LEAR 1456 227/728 2016-08-17 MAE=3.5096 elapsed=4.3min eta=9.4min
LEAR 1456 228/728 2016-08-18 MAE=3.5057 elapsed=4.3min eta=9.4min
LEAR 1456 229/728 2016-08-19 MAE=3.4972 elapsed=4.4min eta=9.6min
LEAR 1456 230/728 2016-08-20 MAE=3.4892 elapsed=4.4min eta=9.6min
LEAR 1456 231/728 2016-08-21 MAE=3.4817 elapsed=4.4min eta=9.5min
LEAR 1456 232/728 2016-08-22 MAE=3.4736 elapsed=4.5min eta=9.5min
LEAR 1456 233/728 2016-08-23 MAE=3.4643 elapsed=4.5min eta=9.5min
LEAR 1456 234/728 2016-08-24 MAE=3.4557 elapsed=4.5min eta=9.4min
LEAR 1456 235/728 2016-08-25 MAE=3.4455 elapsed=4.5min eta=9.4min
LEAR 1456 236/728 2016-08-26 MAE=3.4384 elapsed=4.5min eta=9.3min
LEAR 1456 237/728 2016-08-27 MAE=3.4298 elapsed=4.5min eta=9.3min
LEAR 1456 238/728 2016-08-28 MAE=3.4454 elapsed=4.5min eta=9.2min
LEAR 1456 239/728 2016-08-29 MAE=3.4411 elapsed=4.5min eta=9.2min
LEAR 1456 240/728 2016-08-30 MAE=3.4324 elapsed=4.5min eta=9.2min
LEAR 1456 241/728 2016-08-31 MAE=3.4242 elapsed=4.6min eta=9.4min
LEAR 1456 242/728 2016-09-01 MAE=3.4140 elapsed=4.6min eta=9.3min
LEAR 1456 243/728 2016-09-02 MAE=3.4075 elapsed=4.7min eta=9.3min
LEAR 1456 244/728 2016-09-03 MAE=3.4051 elapsed=4.7min eta=9.3min
LEAR 1456 245/728 2016-09-04 MAE=3.4096 elapsed=4.7min eta=9.2min
LEAR 1456 246/728 2016-09-05 MAE=3.4077 elapsed=4.7min eta=9.2min
LEAR 1456 247/728 2016-09-06 MAE=3.4029 elapsed=4.7min eta=9.1min
LEAR 1456 248/728 2016-09-07 MAE=3.3945 elapsed=4.7min eta=9.1min
LEAR 1456 249/728 2016-09-08 MAE=3.3853 elapsed=4.7min eta=9.0min
LEAR 1456 250/728 2016-09-09 MAE=3.3784 elapsed=4.7min eta=9.0min
LEAR 1456 251/728 2016-09-10 MAE=3.3725 elapsed=4.7min eta=9.0min
LEAR 1456 252/728 2016-09-11 MAE=3.3647 elapsed=4.7min eta=9.0min
LEAR 1456 253/728 2016-09-12 MAE=3.3611 elapsed=4.9min eta=9.1min
LEAR 1456 254/728 2016-09-13 MAE=3.3536 elapsed=4.9min eta=9.1min
LEAR 1456 255/728 2016-09-14 MAE=3.3466 elapsed=4.9min eta=9.1min
LEAR 1456 256/728 2016-09-15 MAE=3.3390 elapsed=4.9min eta=9.0min
LEAR 1456 257/728 2016-09-16 MAE=3.3348 elapsed=4.9min eta=9.0min
LEAR 1456 258/728 2016-09-17 MAE=3.3321 elapsed=4.9min eta=8.9min
LEAR 1456 259/728 2016-09-18 MAE=3.3347 elapsed=4.9min eta=8.9min
LEAR 1456 260/728 2016-09-19 MAE=3.3365 elapsed=4.9min eta=8.9min
LEAR 1456 261/728 2016-09-20 MAE=3.3309 elapsed=4.9min eta=8.8min
LEAR 1456 262/728 2016-09-21 MAE=3.3243 elapsed=4.9min eta=8.8min
LEAR 1456 263/728 2016-09-22 MAE=3.3228 elapsed=5.0min eta=8.8min
LEAR 1456 264/728 2016-09-23 MAE=3.3148 elapsed=5.0min eta=8.8min
LEAR 1456 265/728 2016-09-24 MAE=3.3177 elapsed=5.1min eta=8.9min
LEAR 1456 266/728 2016-09-25 MAE=3.3182 elapsed=5.1min eta=8.8min
LEAR 1456 267/728 2016-09-26 MAE=3.3108 elapsed=5.1min eta=8.8min
LEAR 1456 268/728 2016-09-27 MAE=3.3056 elapsed=5.1min eta=8.8min
LEAR 1456 269/728 2016-09-28 MAE=3.2997 elapsed=5.1min eta=8.8min
LEAR 1456 270/728 2016-09-29 MAE=3.2951 elapsed=5.1min eta=8.7min
LEAR 1456 271/728 2016-09-30 MAE=3.3028 elapsed=5.1min eta=8.7min
LEAR 1456 272/728 2016-10-01 MAE=3.2999 elapsed=5.2min eta=8.6min
LEAR 1456 273/728 2016-10-02 MAE=3.3154 elapsed=5.2min eta=8.6min
LEAR 1456 274/728 2016-10-03 MAE=3.3120 elapsed=5.2min eta=8.6min
LEAR 1456 275/728 2016-10-04 MAE=3.3133 elapsed=5.2min eta=8.5min
LEAR 1456 276/728 2016-10-05 MAE=3.3098 elapsed=5.2min eta=8.5min
LEAR 1456 277/728 2016-10-06 MAE=3.3086 elapsed=5.3min eta=8.7min
LEAR 1456 278/728 2016-10-07 MAE=3.3092 elapsed=5.3min eta=8.6min
LEAR 1456 279/728 2016-10-08 MAE=3.3123 elapsed=5.4min eta=8.6min
LEAR 1456 280/728 2016-10-09 MAE=3.3071 elapsed=5.4min eta=8.6min
LEAR 1456 281/728 2016-10-10 MAE=3.3174 elapsed=5.4min eta=8.5min
LEAR 1456 282/728 2016-10-11 MAE=3.3165 elapsed=5.4min eta=8.5min
LEAR 1456 283/728 2016-10-12 MAE=3.3107 elapsed=5.4min eta=8.4min
LEAR 1456 284/728 2016-10-13 MAE=3.3101 elapsed=5.4min eta=8.4min
LEAR 1456 285/728 2016-10-14 MAE=3.3047 elapsed=5.4min eta=8.4min
LEAR 1456 286/728 2016-10-15 MAE=3.3075 elapsed=5.4min eta=8.4min
LEAR 1456 287/728 2016-10-16 MAE=3.3045 elapsed=5.4min eta=8.3min
LEAR 1456 288/728 2016-10-17 MAE=3.3115 elapsed=5.5min eta=8.3min
LEAR 1456 289/728 2016-10-18 MAE=3.3071 elapsed=5.6min eta=8.4min
LEAR 1456 290/728 2016-10-19 MAE=3.3029 elapsed=5.6min eta=8.4min
LEAR 1456 291/728 2016-10-20 MAE=3.2987 elapsed=5.6min eta=8.4min
LEAR 1456 292/728 2016-10-21 MAE=3.2921 elapsed=5.6min eta=8.4min
LEAR 1456 293/728 2016-10-22 MAE=3.2906 elapsed=5.6min eta=8.3min
LEAR 1456 294/728 2016-10-23 MAE=3.2841 elapsed=5.6min eta=8.3min
LEAR 1456 295/728 2016-10-24 MAE=3.2881 elapsed=5.6min eta=8.2min
LEAR 1456 296/728 2016-10-25 MAE=3.2973 elapsed=5.6min eta=8.2min
LEAR 1456 297/728 2016-10-26 MAE=3.2939 elapsed=5.6min eta=8.2min
LEAR 1456 298/728 2016-10-27 MAE=3.2903 elapsed=5.6min eta=8.1min
LEAR 1456 299/728 2016-10-28 MAE=3.2884 elapsed=5.7min eta=8.1min
LEAR 1456 300/728 2016-10-29 MAE=3.2849 elapsed=5.7min eta=8.2min
LEAR 1456 301/728 2016-10-30 MAE=3.2858 elapsed=5.8min eta=8.2min
LEAR 1456 302/728 2016-10-31 MAE=3.2815 elapsed=5.8min eta=8.2min
LEAR 1456 303/728 2016-11-01 MAE=3.2858 elapsed=5.8min eta=8.2min
LEAR 1456 304/728 2016-11-02 MAE=3.2830 elapsed=5.8min eta=8.1min
LEAR 1456 305/728 2016-11-03 MAE=3.2845 elapsed=5.8min eta=8.1min
LEAR 1456 306/728 2016-11-04 MAE=3.2869 elapsed=5.8min eta=8.1min
LEAR 1456 307/728 2016-11-05 MAE=3.2855 elapsed=5.8min eta=8.0min
LEAR 1456 308/728 2016-11-06 MAE=3.2874 elapsed=5.9min eta=8.0min
LEAR 1456 309/728 2016-11-07 MAE=3.2973 elapsed=5.9min eta=8.0min
LEAR 1456 310/728 2016-11-08 MAE=3.3034 elapsed=5.9min eta=7.9min
LEAR 1456 311/728 2016-11-09 MAE=3.3017 elapsed=5.9min eta=7.9min
LEAR 1456 312/728 2016-11-10 MAE=3.3016 elapsed=6.0min eta=8.0min
LEAR 1456 313/728 2016-11-11 MAE=3.3039 elapsed=6.0min eta=8.0min
LEAR 1456 314/728 2016-11-12 MAE=3.3010 elapsed=6.0min eta=8.0min
LEAR 1456 315/728 2016-11-13 MAE=3.2997 elapsed=6.1min eta=7.9min
LEAR 1456 316/728 2016-11-14 MAE=3.2991 elapsed=6.1min eta=7.9min
LEAR 1456 317/728 2016-11-15 MAE=3.2982 elapsed=6.1min eta=7.9min
LEAR 1456 318/728 2016-11-16 MAE=3.2976 elapsed=6.1min eta=7.8min
LEAR 1456 319/728 2016-11-17 MAE=3.3009 elapsed=6.1min eta=7.8min
LEAR 1456 320/728 2016-11-18 MAE=3.3137 elapsed=6.1min eta=7.8min
LEAR 1456 321/728 2016-11-19 MAE=3.3281 elapsed=6.1min eta=7.7min
LEAR 1456 322/728 2016-11-20 MAE=3.3743 elapsed=6.1min eta=7.7min
LEAR 1456 323/728 2016-11-21 MAE=3.3913 elapsed=6.2min eta=7.7min
LEAR 1456 324/728 2016-11-22 MAE=3.3918 elapsed=6.2min eta=7.7min
LEAR 1456 325/728 2016-11-23 MAE=3.3883 elapsed=6.3min eta=7.8min
LEAR 1456 326/728 2016-11-24 MAE=3.3856 elapsed=6.3min eta=7.7min
LEAR 1456 327/728 2016-11-25 MAE=3.3823 elapsed=6.3min eta=7.7min
LEAR 1456 328/728 2016-11-26 MAE=3.3836 elapsed=6.3min eta=7.7min
LEAR 1456 329/728 2016-11-27 MAE=3.3845 elapsed=6.3min eta=7.6min
LEAR 1456 330/728 2016-11-28 MAE=3.3955 elapsed=6.3min eta=7.6min
LEAR 1456 331/728 2016-11-29 MAE=3.4047 elapsed=6.3min eta=7.6min
LEAR 1456 332/728 2016-11-30 MAE=3.4024 elapsed=6.3min eta=7.6min
LEAR 1456 333/728 2016-12-01 MAE=3.4043 elapsed=6.3min eta=7.5min
LEAR 1456 334/728 2016-12-02 MAE=3.4122 elapsed=6.4min eta=7.5min
LEAR 1456 335/728 2016-12-03 MAE=3.4109 elapsed=6.4min eta=7.5min
LEAR 1456 336/728 2016-12-04 MAE=3.4081 elapsed=6.5min eta=7.5min
LEAR 1456 337/728 2016-12-05 MAE=3.4074 elapsed=6.5min eta=7.6min
LEAR 1456 338/728 2016-12-06 MAE=3.4169 elapsed=6.5min eta=7.5min
LEAR 1456 339/728 2016-12-07 MAE=3.4219 elapsed=6.5min eta=7.5min
LEAR 1456 340/728 2016-12-08 MAE=3.4224 elapsed=6.5min eta=7.5min
LEAR 1456 341/728 2016-12-09 MAE=3.4193 elapsed=6.5min eta=7.4min
LEAR 1456 342/728 2016-12-10 MAE=3.4230 elapsed=6.6min eta=7.4min
LEAR 1456 343/728 2016-12-11 MAE=3.4208 elapsed=6.6min eta=7.4min
LEAR 1456 344/728 2016-12-12 MAE=3.4301 elapsed=6.6min eta=7.3min
LEAR 1456 345/728 2016-12-13 MAE=3.4291 elapsed=6.6min eta=7.3min
LEAR 1456 346/728 2016-12-14 MAE=3.4499 elapsed=6.6min eta=7.3min
LEAR 1456 347/728 2016-12-15 MAE=3.4509 elapsed=6.6min eta=7.3min
LEAR 1456 348/728 2016-12-16 MAE=3.4533 elapsed=6.7min eta=7.3min
LEAR 1456 349/728 2016-12-17 MAE=3.4537 elapsed=6.7min eta=7.3min
LEAR 1456 350/728 2016-12-18 MAE=3.4627 elapsed=6.8min eta=7.3min
LEAR 1456 351/728 2016-12-19 MAE=3.4679 elapsed=6.8min eta=7.3min
LEAR 1456 352/728 2016-12-20 MAE=3.4643 elapsed=6.8min eta=7.2min
LEAR 1456 353/728 2016-12-21 MAE=3.4609 elapsed=6.8min eta=7.2min
LEAR 1456 354/728 2016-12-22 MAE=3.4605 elapsed=6.8min eta=7.2min
LEAR 1456 355/728 2016-12-23 MAE=3.4593 elapsed=6.8min eta=7.1min
LEAR 1456 356/728 2016-12-24 MAE=3.4914 elapsed=6.8min eta=7.1min
LEAR 1456 357/728 2016-12-25 MAE=3.5020 elapsed=6.8min eta=7.1min
LEAR 1456 358/728 2016-12-26 MAE=3.5369 elapsed=6.8min eta=7.1min
LEAR 1456 359/728 2016-12-27 MAE=3.5579 elapsed=6.9min eta=7.1min
LEAR 1456 360/728 2016-12-28 MAE=3.5747 elapsed=6.9min eta=7.1min
LEAR 1456 361/728 2016-12-29 MAE=3.5817 elapsed=7.0min eta=7.1min
LEAR 1456 362/728 2016-12-30 MAE=3.5854 elapsed=7.0min eta=7.1min
LEAR 1456 363/728 2016-12-31 MAE=3.5906 elapsed=7.0min eta=7.0min
LEAR 1456 364/728 2017-01-01 MAE=3.5940 elapsed=7.0min eta=7.0min
LEAR 1456 365/728 2017-01-02 MAE=3.6039 elapsed=7.0min eta=7.0min
LEAR 1456 366/728 2017-01-03 MAE=3.6195 elapsed=7.0min eta=7.0min
LEAR 1456 367/728 2017-01-04 MAE=3.6288 elapsed=7.0min eta=6.9min
LEAR 1456 368/728 2017-01-05 MAE=3.6355 elapsed=7.0min eta=6.9min
LEAR 1456 369/728 2017-01-06 MAE=3.6352 elapsed=7.0min eta=6.9min
LEAR 1456 370/728 2017-01-07 MAE=3.6339 elapsed=7.1min eta=6.8min
LEAR 1456 371/728 2017-01-08 MAE=3.6321 elapsed=7.1min eta=6.8min
LEAR 1456 372/728 2017-01-09 MAE=3.6336 elapsed=7.2min eta=6.9min
LEAR 1456 373/728 2017-01-10 MAE=3.6393 elapsed=7.2min eta=6.9min
LEAR 1456 374/728 2017-01-11 MAE=3.6425 elapsed=7.2min eta=6.8min
LEAR 1456 375/728 2017-01-12 MAE=3.6513 elapsed=7.2min eta=6.8min
LEAR 1456 376/728 2017-01-13 MAE=3.6512 elapsed=7.2min eta=6.8min
LEAR 1456 377/728 2017-01-14 MAE=3.6483 elapsed=7.2min eta=6.7min
LEAR 1456 378/728 2017-01-15 MAE=3.6464 elapsed=7.3min eta=6.7min
LEAR 1456 379/728 2017-01-16 MAE=3.7037 elapsed=7.3min eta=6.7min
LEAR 1456 380/728 2017-01-17 MAE=3.7477 elapsed=7.3min eta=6.7min
LEAR 1456 381/728 2017-01-18 MAE=3.7621 elapsed=7.3min eta=6.6min
LEAR 1456 382/728 2017-01-19 MAE=3.7635 elapsed=7.3min eta=6.6min
LEAR 1456 383/728 2017-01-20 MAE=3.7629 elapsed=7.4min eta=6.6min
LEAR 1456 384/728 2017-01-21 MAE=3.7602 elapsed=7.4min eta=6.6min
LEAR 1456 385/728 2017-01-22 MAE=3.7580 elapsed=7.4min eta=6.6min
LEAR 1456 386/728 2017-01-23 MAE=3.7834 elapsed=7.5min eta=6.6min
LEAR 1456 387/728 2017-01-24 MAE=3.8188 elapsed=7.5min eta=6.6min
LEAR 1456 388/728 2017-01-25 MAE=3.8302 elapsed=7.5min eta=6.6min
LEAR 1456 389/728 2017-01-26 MAE=3.8416 elapsed=7.5min eta=6.5min
LEAR 1456 390/728 2017-01-27 MAE=3.8454 elapsed=7.5min eta=6.5min
LEAR 1456 391/728 2017-01-28 MAE=3.8504 elapsed=7.5min eta=6.5min
LEAR 1456 392/728 2017-01-29 MAE=3.8590 elapsed=7.5min eta=6.4min
LEAR 1456 393/728 2017-01-30 MAE=3.8652 elapsed=7.5min eta=6.4min
LEAR 1456 394/728 2017-01-31 MAE=3.8651 elapsed=7.6min eta=6.4min
LEAR 1456 395/728 2017-02-01 MAE=3.8653 elapsed=7.6min eta=6.4min
LEAR 1456 396/728 2017-02-02 MAE=3.8630 elapsed=7.7min eta=6.4min
LEAR 1456 397/728 2017-02-03 MAE=3.8625 elapsed=7.7min eta=6.4min
LEAR 1456 398/728 2017-02-04 MAE=3.8719 elapsed=7.7min eta=6.4min
LEAR 1456 399/728 2017-02-05 MAE=3.8684 elapsed=7.7min eta=6.4min
LEAR 1456 400/728 2017-02-06 MAE=3.8687 elapsed=7.7min eta=6.3min
LEAR 1456 401/728 2017-02-07 MAE=3.8714 elapsed=7.7min eta=6.3min
LEAR 1456 402/728 2017-02-08 MAE=3.8773 elapsed=7.8min eta=6.3min
LEAR 1456 403/728 2017-02-09 MAE=3.8802 elapsed=7.8min eta=6.3min
LEAR 1456 404/728 2017-02-10 MAE=3.8789 elapsed=7.8min eta=6.2min
LEAR 1456 405/728 2017-02-11 MAE=3.8787 elapsed=7.8min eta=6.2min
LEAR 1456 406/728 2017-02-12 MAE=3.8777 elapsed=7.8min eta=6.2min
LEAR 1456 407/728 2017-02-13 MAE=3.8741 elapsed=7.9min eta=6.2min
LEAR 1456 408/728 2017-02-14 MAE=3.8728 elapsed=7.9min eta=6.2min
LEAR 1456 409/728 2017-02-15 MAE=3.8765 elapsed=7.9min eta=6.2min
LEAR 1456 410/728 2017-02-16 MAE=3.8734 elapsed=7.9min eta=6.2min
LEAR 1456 411/728 2017-02-17 MAE=3.8711 elapsed=8.0min eta=6.1min
LEAR 1456 412/728 2017-02-18 MAE=3.8692 elapsed=8.0min eta=6.1min
LEAR 1456 413/728 2017-02-19 MAE=3.8749 elapsed=8.0min eta=6.1min
LEAR 1456 414/728 2017-02-20 MAE=3.8794 elapsed=8.0min eta=6.1min
LEAR 1456 415/728 2017-02-21 MAE=3.8811 elapsed=8.0min eta=6.0min
LEAR 1456 416/728 2017-02-22 MAE=3.8894 elapsed=8.0min eta=6.0min
LEAR 1456 417/728 2017-02-23 MAE=3.8945 elapsed=8.0min eta=6.0min
LEAR 1456 418/728 2017-02-24 MAE=3.9060 elapsed=8.0min eta=6.0min
LEAR 1456 419/728 2017-02-25 MAE=3.9112 elapsed=8.1min eta=6.0min
LEAR 1456 420/728 2017-02-26 MAE=3.9110 elapsed=8.1min eta=6.0min
LEAR 1456 421/728 2017-02-27 MAE=3.9136 elapsed=8.2min eta=5.9min
LEAR 1456 422/728 2017-02-28 MAE=3.9184 elapsed=8.2min eta=5.9min
LEAR 1456 423/728 2017-03-01 MAE=3.9203 elapsed=8.2min eta=5.9min
LEAR 1456 424/728 2017-03-02 MAE=3.9224 elapsed=8.2min eta=5.9min
LEAR 1456 425/728 2017-03-03 MAE=3.9260 elapsed=8.2min eta=5.9min
LEAR 1456 426/728 2017-03-04 MAE=3.9247 elapsed=8.2min eta=5.8min
LEAR 1456 427/728 2017-03-05 MAE=3.9230 elapsed=8.2min eta=5.8min
LEAR 1456 428/728 2017-03-06 MAE=3.9213 elapsed=8.2min eta=5.8min
LEAR 1456 429/728 2017-03-07 MAE=3.9183 elapsed=8.3min eta=5.8min
LEAR 1456 430/728 2017-03-08 MAE=3.9151 elapsed=8.3min eta=5.7min
LEAR 1456 431/728 2017-03-09 MAE=3.9118 elapsed=8.3min eta=5.7min
LEAR 1456 432/728 2017-03-10 MAE=3.9106 elapsed=8.4min eta=5.7min
LEAR 1456 433/728 2017-03-11 MAE=3.9050 elapsed=8.4min eta=5.7min
LEAR 1456 434/728 2017-03-12 MAE=3.9043 elapsed=8.4min eta=5.7min
LEAR 1456 435/728 2017-03-13 MAE=3.9035 elapsed=8.4min eta=5.7min
LEAR 1456 436/728 2017-03-14 MAE=3.9010 elapsed=8.4min eta=5.7min
LEAR 1456 437/728 2017-03-15 MAE=3.8952 elapsed=8.4min eta=5.6min
LEAR 1456 438/728 2017-03-16 MAE=3.8892 elapsed=8.5min eta=5.6min
LEAR 1456 439/728 2017-03-17 MAE=3.8855 elapsed=8.5min eta=5.6min
LEAR 1456 440/728 2017-03-18 MAE=3.8861 elapsed=8.5min eta=5.6min
LEAR 1456 441/728 2017-03-19 MAE=3.8936 elapsed=8.5min eta=5.5min
LEAR 1456 442/728 2017-03-20 MAE=3.8957 elapsed=8.5min eta=5.5min
LEAR 1456 443/728 2017-03-21 MAE=3.8931 elapsed=8.6min eta=5.5min
LEAR 1456 444/728 2017-03-22 MAE=3.8913 elapsed=8.6min eta=5.5min
LEAR 1456 445/728 2017-03-23 MAE=3.8858 elapsed=8.6min eta=5.5min
LEAR 1456 446/728 2017-03-24 MAE=3.8806 elapsed=8.7min eta=5.5min
LEAR 1456 447/728 2017-03-25 MAE=3.8813 elapsed=8.7min eta=5.4min
LEAR 1456 448/728 2017-03-26 MAE=3.8789 elapsed=8.7min eta=5.4min
LEAR 1456 449/728 2017-03-27 MAE=3.8789 elapsed=8.7min eta=5.4min
LEAR 1456 450/728 2017-03-28 MAE=3.8744 elapsed=8.7min eta=5.4min
LEAR 1456 451/728 2017-03-29 MAE=3.8704 elapsed=8.7min eta=5.4min
LEAR 1456 452/728 2017-03-30 MAE=3.8646 elapsed=8.7min eta=5.3min
LEAR 1456 453/728 2017-03-31 MAE=3.8616 elapsed=8.7min eta=5.3min
LEAR 1456 454/728 2017-04-01 MAE=3.8590 elapsed=8.7min eta=5.3min
LEAR 1456 455/728 2017-04-02 MAE=3.8630 elapsed=8.8min eta=5.3min
LEAR 1456 456/728 2017-04-03 MAE=3.8690 elapsed=8.9min eta=5.3min
LEAR 1456 457/728 2017-04-04 MAE=3.8636 elapsed=8.9min eta=5.3min
LEAR 1456 458/728 2017-04-05 MAE=3.8621 elapsed=8.9min eta=5.2min
LEAR 1456 459/728 2017-04-06 MAE=3.8624 elapsed=8.9min eta=5.2min
LEAR 1456 460/728 2017-04-07 MAE=3.8627 elapsed=8.9min eta=5.2min
LEAR 1456 461/728 2017-04-08 MAE=3.8596 elapsed=8.9min eta=5.2min
LEAR 1456 462/728 2017-04-09 MAE=3.8542 elapsed=8.9min eta=5.1min
LEAR 1456 463/728 2017-04-10 MAE=3.8546 elapsed=9.0min eta=5.1min
LEAR 1456 464/728 2017-04-11 MAE=3.8565 elapsed=9.0min eta=5.1min
LEAR 1456 465/728 2017-04-12 MAE=3.8524 elapsed=9.0min eta=5.1min
LEAR 1456 466/728 2017-04-13 MAE=3.8504 elapsed=9.0min eta=5.0min
LEAR 1456 467/728 2017-04-14 MAE=3.8468 elapsed=9.1min eta=5.1min
LEAR 1456 468/728 2017-04-15 MAE=3.8626 elapsed=9.1min eta=5.1min
LEAR 1456 469/728 2017-04-16 MAE=3.8624 elapsed=9.1min eta=5.0min
LEAR 1456 470/728 2017-04-17 MAE=3.8597 elapsed=9.1min eta=5.0min
LEAR 1456 471/728 2017-04-18 MAE=3.8564 elapsed=9.1min eta=5.0min
LEAR 1456 472/728 2017-04-19 MAE=3.8532 elapsed=9.1min eta=5.0min
LEAR 1456 473/728 2017-04-20 MAE=3.8500 elapsed=9.1min eta=4.9min
LEAR 1456 474/728 2017-04-21 MAE=3.8499 elapsed=9.2min eta=4.9min
LEAR 1456 475/728 2017-04-22 MAE=3.8508 elapsed=9.2min eta=4.9min
LEAR 1456 476/728 2017-04-23 MAE=3.8497 elapsed=9.2min eta=4.9min
LEAR 1456 477/728 2017-04-24 MAE=3.8507 elapsed=9.2min eta=4.8min
LEAR 1456 478/728 2017-04-25 MAE=3.8512 elapsed=9.2min eta=4.8min
LEAR 1456 479/728 2017-04-26 MAE=3.8480 elapsed=9.3min eta=4.8min
LEAR 1456 480/728 2017-04-27 MAE=3.8430 elapsed=9.3min eta=4.8min
LEAR 1456 481/728 2017-04-28 MAE=3.8397 elapsed=9.3min eta=4.8min
LEAR 1456 482/728 2017-04-29 MAE=3.8373 elapsed=9.4min eta=4.8min
LEAR 1456 483/728 2017-04-30 MAE=3.8631 elapsed=9.4min eta=4.8min
LEAR 1456 484/728 2017-05-01 MAE=3.9103 elapsed=9.4min eta=4.7min
LEAR 1456 485/728 2017-05-02 MAE=3.9141 elapsed=9.4min eta=4.7min
LEAR 1456 486/728 2017-05-03 MAE=3.9152 elapsed=9.4min eta=4.7min
LEAR 1456 487/728 2017-05-04 MAE=3.9151 elapsed=9.4min eta=4.7min
LEAR 1456 488/728 2017-05-05 MAE=3.9115 elapsed=9.4min eta=4.6min
LEAR 1456 489/728 2017-05-06 MAE=3.9079 elapsed=9.4min eta=4.6min
LEAR 1456 490/728 2017-05-07 MAE=3.9039 elapsed=9.4min eta=4.6min
LEAR 1456 491/728 2017-05-08 MAE=3.9037 elapsed=9.5min eta=4.6min
LEAR 1456 492/728 2017-05-09 MAE=3.9010 elapsed=9.6min eta=4.6min
LEAR 1456 493/728 2017-05-10 MAE=3.8975 elapsed=9.6min eta=4.6min
LEAR 1456 494/728 2017-05-11 MAE=3.8922 elapsed=9.6min eta=4.5min
LEAR 1456 495/728 2017-05-12 MAE=3.8898 elapsed=9.6min eta=4.5min
LEAR 1456 496/728 2017-05-13 MAE=3.8867 elapsed=9.6min eta=4.5min
LEAR 1456 497/728 2017-05-14 MAE=3.8813 elapsed=9.6min eta=4.5min
LEAR 1456 498/728 2017-05-15 MAE=3.8757 elapsed=9.6min eta=4.4min
LEAR 1456 499/728 2017-05-16 MAE=3.8707 elapsed=9.7min eta=4.4min
LEAR 1456 500/728 2017-05-17 MAE=3.8693 elapsed=9.7min eta=4.4min
LEAR 1456 501/728 2017-05-18 MAE=3.8672 elapsed=9.7min eta=4.4min
LEAR 1456 502/728 2017-05-19 MAE=3.8633 elapsed=9.7min eta=4.4min
LEAR 1456 503/728 2017-05-20 MAE=3.8643 elapsed=9.8min eta=4.4min
LEAR 1456 504/728 2017-05-21 MAE=3.8658 elapsed=9.8min eta=4.4min
LEAR 1456 505/728 2017-05-22 MAE=3.8635 elapsed=9.8min eta=4.3min
LEAR 1456 506/728 2017-05-23 MAE=3.8590 elapsed=9.8min eta=4.3min
LEAR 1456 507/728 2017-05-24 MAE=3.8548 elapsed=9.8min eta=4.3min
LEAR 1456 508/728 2017-05-25 MAE=3.8503 elapsed=9.8min eta=4.3min
LEAR 1456 509/728 2017-05-26 MAE=3.8476 elapsed=9.8min eta=4.2min
LEAR 1456 510/728 2017-05-27 MAE=3.8466 elapsed=9.9min eta=4.2min
LEAR 1456 511/728 2017-05-28 MAE=3.8438 elapsed=9.9min eta=4.2min
LEAR 1456 512/728 2017-05-29 MAE=3.8407 elapsed=9.9min eta=4.2min
LEAR 1456 513/728 2017-05-30 MAE=3.8401 elapsed=9.9min eta=4.1min
LEAR 1456 514/728 2017-05-31 MAE=3.8371 elapsed=9.9min eta=4.1min
LEAR 1456 515/728 2017-06-01 MAE=3.8325 elapsed=10.0min eta=4.1min
LEAR 1456 516/728 2017-06-02 MAE=3.8310 elapsed=10.0min eta=4.1min
LEAR 1456 517/728 2017-06-03 MAE=3.8266 elapsed=10.0min eta=4.1min
LEAR 1456 518/728 2017-06-04 MAE=3.8278 elapsed=10.1min eta=4.1min
LEAR 1456 519/728 2017-06-05 MAE=3.8238 elapsed=10.1min eta=4.1min
LEAR 1456 520/728 2017-06-06 MAE=3.8336 elapsed=10.1min eta=4.0min
LEAR 1456 521/728 2017-06-07 MAE=3.8377 elapsed=10.1min eta=4.0min
LEAR 1456 522/728 2017-06-08 MAE=3.8381 elapsed=10.1min eta=4.0min
LEAR 1456 523/728 2017-06-09 MAE=3.8377 elapsed=10.1min eta=4.0min
LEAR 1456 524/728 2017-06-10 MAE=3.8348 elapsed=10.1min eta=3.9min
LEAR 1456 525/728 2017-06-11 MAE=3.8344 elapsed=10.1min eta=3.9min
LEAR 1456 526/728 2017-06-12 MAE=3.8361 elapsed=10.1min eta=3.9min
LEAR 1456 527/728 2017-06-13 MAE=3.8337 elapsed=10.2min eta=3.9min
LEAR 1456 528/728 2017-06-14 MAE=3.8317 elapsed=10.3min eta=3.9min
LEAR 1456 529/728 2017-06-15 MAE=3.8308 elapsed=10.3min eta=3.9min
LEAR 1456 530/728 2017-06-16 MAE=3.8382 elapsed=10.3min eta=3.8min
LEAR 1456 531/728 2017-06-17 MAE=3.8351 elapsed=10.3min eta=3.8min
LEAR 1456 532/728 2017-06-18 MAE=3.8308 elapsed=10.3min eta=3.8min
LEAR 1456 533/728 2017-06-19 MAE=3.8269 elapsed=10.3min eta=3.8min
LEAR 1456 534/728 2017-06-20 MAE=3.8238 elapsed=10.3min eta=3.7min
LEAR 1456 535/728 2017-06-21 MAE=3.8205 elapsed=10.3min eta=3.7min
LEAR 1456 536/728 2017-06-22 MAE=3.8158 elapsed=10.3min eta=3.7min
LEAR 1456 537/728 2017-06-23 MAE=3.8128 elapsed=10.3min eta=3.7min
LEAR 1456 538/728 2017-06-24 MAE=3.8117 elapsed=10.3min eta=3.7min
LEAR 1456 539/728 2017-06-25 MAE=3.8101 elapsed=10.5min eta=3.7min
LEAR 1456 540/728 2017-06-26 MAE=3.8086 elapsed=10.5min eta=3.7min
LEAR 1456 541/728 2017-06-27 MAE=3.8059 elapsed=10.5min eta=3.6min
LEAR 1456 542/728 2017-06-28 MAE=3.8043 elapsed=10.5min eta=3.6min
LEAR 1456 543/728 2017-06-29 MAE=3.8006 elapsed=10.5min eta=3.6min
LEAR 1456 544/728 2017-06-30 MAE=3.7969 elapsed=10.5min eta=3.6min
LEAR 1456 545/728 2017-07-01 MAE=3.7937 elapsed=10.5min eta=3.5min
LEAR 1456 546/728 2017-07-02 MAE=3.7935 elapsed=10.5min eta=3.5min
LEAR 1456 547/728 2017-07-03 MAE=3.7899 elapsed=10.6min eta=3.5min
LEAR 1456 548/728 2017-07-04 MAE=3.7878 elapsed=10.6min eta=3.5min
LEAR 1456 549/728 2017-07-05 MAE=3.7863 elapsed=10.6min eta=3.5min
LEAR 1456 550/728 2017-07-06 MAE=3.7853 elapsed=10.6min eta=3.4min
LEAR 1456 551/728 2017-07-07 MAE=3.7820 elapsed=10.7min eta=3.4min
LEAR 1456 552/728 2017-07-08 MAE=3.7797 elapsed=10.7min eta=3.4min
LEAR 1456 553/728 2017-07-09 MAE=3.7760 elapsed=10.7min eta=3.4min
LEAR 1456 554/728 2017-07-10 MAE=3.7762 elapsed=10.7min eta=3.4min
LEAR 1456 555/728 2017-07-11 MAE=3.7724 elapsed=10.7min eta=3.3min
LEAR 1456 556/728 2017-07-12 MAE=3.7688 elapsed=10.7min eta=3.3min
LEAR 1456 557/728 2017-07-13 MAE=3.7643 elapsed=10.8min eta=3.3min
LEAR 1456 558/728 2017-07-14 MAE=3.7626 elapsed=10.8min eta=3.3min
LEAR 1456 559/728 2017-07-15 MAE=3.7603 elapsed=10.8min eta=3.3min
LEAR 1456 560/728 2017-07-16 MAE=3.7585 elapsed=10.8min eta=3.2min
LEAR 1456 561/728 2017-07-17 MAE=3.7555 elapsed=10.8min eta=3.2min
LEAR 1456 562/728 2017-07-18 MAE=3.7510 elapsed=10.8min eta=3.2min
LEAR 1456 563/728 2017-07-19 MAE=3.7481 elapsed=10.9min eta=3.2min
LEAR 1456 564/728 2017-07-20 MAE=3.7467 elapsed=10.9min eta=3.2min
LEAR 1456 565/728 2017-07-21 MAE=3.7430 elapsed=11.0min eta=3.2min
LEAR 1456 566/728 2017-07-22 MAE=3.7419 elapsed=11.0min eta=3.1min
LEAR 1456 567/728 2017-07-23 MAE=3.7387 elapsed=11.0min eta=3.1min
LEAR 1456 568/728 2017-07-24 MAE=3.7421 elapsed=11.0min eta=3.1min
LEAR 1456 569/728 2017-07-25 MAE=3.7378 elapsed=11.0min eta=3.1min
LEAR 1456 570/728 2017-07-26 MAE=3.7350 elapsed=11.0min eta=3.0min
LEAR 1456 571/728 2017-07-27 MAE=3.7319 elapsed=11.0min eta=3.0min
LEAR 1456 572/728 2017-07-28 MAE=3.7296 elapsed=11.0min eta=3.0min
LEAR 1456 573/728 2017-07-29 MAE=3.7335 elapsed=11.0min eta=3.0min
LEAR 1456 574/728 2017-07-30 MAE=3.7460 elapsed=11.0min eta=3.0min
LEAR 1456 575/728 2017-07-31 MAE=3.7445 elapsed=11.1min eta=3.0min
LEAR 1456 576/728 2017-08-01 MAE=3.7410 elapsed=11.2min eta=2.9min
LEAR 1456 577/728 2017-08-02 MAE=3.7376 elapsed=11.2min eta=2.9min
LEAR 1456 578/728 2017-08-03 MAE=3.7342 elapsed=11.2min eta=2.9min
LEAR 1456 579/728 2017-08-04 MAE=3.7335 elapsed=11.2min eta=2.9min
LEAR 1456 580/728 2017-08-05 MAE=3.7297 elapsed=11.2min eta=2.9min
LEAR 1456 581/728 2017-08-06 MAE=3.7312 elapsed=11.2min eta=2.8min
LEAR 1456 582/728 2017-08-07 MAE=3.7284 elapsed=11.2min eta=2.8min
LEAR 1456 583/728 2017-08-08 MAE=3.7244 elapsed=11.3min eta=2.8min
LEAR 1456 584/728 2017-08-09 MAE=3.7200 elapsed=11.3min eta=2.8min
LEAR 1456 585/728 2017-08-10 MAE=3.7200 elapsed=11.3min eta=2.8min
LEAR 1456 586/728 2017-08-11 MAE=3.7179 elapsed=11.3min eta=2.7min
LEAR 1456 587/728 2017-08-12 MAE=3.7165 elapsed=11.4min eta=2.7min
LEAR 1456 588/728 2017-08-13 MAE=3.7139 elapsed=11.4min eta=2.7min
LEAR 1456 589/728 2017-08-14 MAE=3.7118 elapsed=11.4min eta=2.7min
LEAR 1456 590/728 2017-08-15 MAE=3.7129 elapsed=11.4min eta=2.7min
LEAR 1456 591/728 2017-08-16 MAE=3.7118 elapsed=11.4min eta=2.7min
LEAR 1456 592/728 2017-08-17 MAE=3.7092 elapsed=11.4min eta=2.6min
LEAR 1456 593/728 2017-08-18 MAE=3.7051 elapsed=11.4min eta=2.6min
LEAR 1456 594/728 2017-08-19 MAE=3.7091 elapsed=11.5min eta=2.6min
LEAR 1456 595/728 2017-08-20 MAE=3.7075 elapsed=11.5min eta=2.6min
LEAR 1456 596/728 2017-08-21 MAE=3.7052 elapsed=11.5min eta=2.5min
LEAR 1456 597/728 2017-08-22 MAE=3.7062 elapsed=11.5min eta=2.5min
LEAR 1456 598/728 2017-08-23 MAE=3.7035 elapsed=11.5min eta=2.5min
LEAR 1456 599/728 2017-08-24 MAE=3.7000 elapsed=11.6min eta=2.5min
LEAR 1456 600/728 2017-08-25 MAE=3.6961 elapsed=11.6min eta=2.5min
LEAR 1456 601/728 2017-08-26 MAE=3.6925 elapsed=11.6min eta=2.5min
LEAR 1456 602/728 2017-08-27 MAE=3.6924 elapsed=11.7min eta=2.4min
LEAR 1456 603/728 2017-08-28 MAE=3.6890 elapsed=11.7min eta=2.4min
LEAR 1456 604/728 2017-08-29 MAE=3.6864 elapsed=11.7min eta=2.4min
LEAR 1456 605/728 2017-08-30 MAE=3.6829 elapsed=11.7min eta=2.4min
LEAR 1456 606/728 2017-08-31 MAE=3.6817 elapsed=11.7min eta=2.4min
LEAR 1456 607/728 2017-09-01 MAE=3.6825 elapsed=11.7min eta=2.3min
LEAR 1456 608/728 2017-09-02 MAE=3.6782 elapsed=11.7min eta=2.3min
LEAR 1456 609/728 2017-09-03 MAE=3.6751 elapsed=11.7min eta=2.3min
LEAR 1456 610/728 2017-09-04 MAE=3.6715 elapsed=11.7min eta=2.3min
LEAR 1456 611/728 2017-09-05 MAE=3.6683 elapsed=11.8min eta=2.3min
LEAR 1456 612/728 2017-09-06 MAE=3.6657 elapsed=11.9min eta=2.2min
LEAR 1456 613/728 2017-09-07 MAE=3.6657 elapsed=11.9min eta=2.2min
LEAR 1456 614/728 2017-09-08 MAE=3.6644 elapsed=11.9min eta=2.2min
LEAR 1456 615/728 2017-09-09 MAE=3.6639 elapsed=11.9min eta=2.2min
LEAR 1456 616/728 2017-09-10 MAE=3.6640 elapsed=11.9min eta=2.2min
LEAR 1456 617/728 2017-09-11 MAE=3.6635 elapsed=11.9min eta=2.1min
LEAR 1456 618/728 2017-09-12 MAE=3.6664 elapsed=11.9min eta=2.1min
LEAR 1456 619/728 2017-09-13 MAE=3.6797 elapsed=11.9min eta=2.1min
LEAR 1456 620/728 2017-09-14 MAE=3.6838 elapsed=11.9min eta=2.1min
LEAR 1456 621/728 2017-09-15 MAE=3.6877 elapsed=11.9min eta=2.1min
LEAR 1456 622/728 2017-09-16 MAE=3.6866 elapsed=12.0min eta=2.0min
LEAR 1456 623/728 2017-09-17 MAE=3.6832 elapsed=12.1min eta=2.0min
LEAR 1456 624/728 2017-09-18 MAE=3.6798 elapsed=12.1min eta=2.0min
LEAR 1456 625/728 2017-09-19 MAE=3.6802 elapsed=12.1min eta=2.0min
LEAR 1456 626/728 2017-09-20 MAE=3.6769 elapsed=12.1min eta=2.0min
LEAR 1456 627/728 2017-09-21 MAE=3.6768 elapsed=12.1min eta=2.0min
LEAR 1456 628/728 2017-09-22 MAE=3.6753 elapsed=12.1min eta=1.9min
LEAR 1456 629/728 2017-09-23 MAE=3.6719 elapsed=12.1min eta=1.9min
LEAR 1456 630/728 2017-09-24 MAE=3.6697 elapsed=12.1min eta=1.9min
LEAR 1456 631/728 2017-09-25 MAE=3.6671 elapsed=12.2min eta=1.9min
LEAR 1456 632/728 2017-09-26 MAE=3.6642 elapsed=12.2min eta=1.8min
LEAR 1456 633/728 2017-09-27 MAE=3.6628 elapsed=12.2min eta=1.8min
LEAR 1456 634/728 2017-09-28 MAE=3.6601 elapsed=12.2min eta=1.8min
LEAR 1456 635/728 2017-09-29 MAE=3.6589 elapsed=12.3min eta=1.8min
LEAR 1456 636/728 2017-09-30 MAE=3.6571 elapsed=12.3min eta=1.8min
LEAR 1456 637/728 2017-10-01 MAE=3.6577 elapsed=12.3min eta=1.8min
LEAR 1456 638/728 2017-10-02 MAE=3.6683 elapsed=12.3min eta=1.7min
LEAR 1456 639/728 2017-10-03 MAE=3.6736 elapsed=12.4min eta=1.7min
LEAR 1456 640/728 2017-10-04 MAE=3.6771 elapsed=12.4min eta=1.7min
LEAR 1456 641/728 2017-10-05 MAE=3.6795 elapsed=12.4min eta=1.7min
LEAR 1456 642/728 2017-10-06 MAE=3.6871 elapsed=12.4min eta=1.7min
LEAR 1456 643/728 2017-10-07 MAE=3.7055 elapsed=12.4min eta=1.6min
LEAR 1456 644/728 2017-10-08 MAE=3.7164 elapsed=12.4min eta=1.6min
LEAR 1456 645/728 2017-10-09 MAE=3.7159 elapsed=12.4min eta=1.6min
LEAR 1456 646/728 2017-10-10 MAE=3.7132 elapsed=12.4min eta=1.6min
LEAR 1456 647/728 2017-10-11 MAE=3.7114 elapsed=12.5min eta=1.6min
LEAR 1456 648/728 2017-10-12 MAE=3.7157 elapsed=12.6min eta=1.6min
LEAR 1456 649/728 2017-10-13 MAE=3.7168 elapsed=12.6min eta=1.5min
LEAR 1456 650/728 2017-10-14 MAE=3.7180 elapsed=12.6min eta=1.5min
LEAR 1456 651/728 2017-10-15 MAE=3.7184 elapsed=12.6min eta=1.5min
LEAR 1456 652/728 2017-10-16 MAE=3.7173 elapsed=12.6min eta=1.5min
LEAR 1456 653/728 2017-10-17 MAE=3.7160 elapsed=12.6min eta=1.4min
LEAR 1456 654/728 2017-10-18 MAE=3.7187 elapsed=12.7min eta=1.4min
LEAR 1456 655/728 2017-10-19 MAE=3.7197 elapsed=12.7min eta=1.4min
LEAR 1456 656/728 2017-10-20 MAE=3.7178 elapsed=12.7min eta=1.4min
LEAR 1456 657/728 2017-10-21 MAE=3.7165 elapsed=12.7min eta=1.4min
LEAR 1456 658/728 2017-10-22 MAE=3.7164 elapsed=12.7min eta=1.4min
LEAR 1456 659/728 2017-10-23 MAE=3.7178 elapsed=12.8min eta=1.3min
LEAR 1456 660/728 2017-10-24 MAE=3.7195 elapsed=12.8min eta=1.3min
LEAR 1456 661/728 2017-10-25 MAE=3.7201 elapsed=12.8min eta=1.3min
LEAR 1456 662/728 2017-10-26 MAE=3.7190 elapsed=12.8min eta=1.3min
LEAR 1456 663/728 2017-10-27 MAE=3.7184 elapsed=12.8min eta=1.3min
LEAR 1456 664/728 2017-10-28 MAE=3.7604 elapsed=12.9min eta=1.2min
LEAR 1456 665/728 2017-10-29 MAE=3.8016 elapsed=12.9min eta=1.2min
LEAR 1456 666/728 2017-10-30 MAE=3.8241 elapsed=12.9min eta=1.2min
LEAR 1456 667/728 2017-10-31 MAE=3.8223 elapsed=12.9min eta=1.2min
LEAR 1456 668/728 2017-11-01 MAE=3.8206 elapsed=12.9min eta=1.2min
LEAR 1456 669/728 2017-11-02 MAE=3.8192 elapsed=12.9min eta=1.1min
LEAR 1456 670/728 2017-11-03 MAE=3.8193 elapsed=12.9min eta=1.1min
LEAR 1456 671/728 2017-11-04 MAE=3.8200 elapsed=13.0min eta=1.1min
LEAR 1456 672/728 2017-11-05 MAE=3.8214 elapsed=13.1min eta=1.1min
LEAR 1456 673/728 2017-11-06 MAE=3.8239 elapsed=13.1min eta=1.1min
LEAR 1456 674/728 2017-11-07 MAE=3.8264 elapsed=13.1min eta=1.0min
LEAR 1456 675/728 2017-11-08 MAE=3.8379 elapsed=13.1min eta=1.0min
LEAR 1456 676/728 2017-11-09 MAE=3.8381 elapsed=13.1min eta=1.0min
LEAR 1456 677/728 2017-11-10 MAE=3.8389 elapsed=13.1min eta=1.0min
LEAR 1456 678/728 2017-11-11 MAE=3.8407 elapsed=13.1min eta=1.0min
LEAR 1456 679/728 2017-11-12 MAE=3.8422 elapsed=13.1min eta=0.9min
LEAR 1456 680/728 2017-11-13 MAE=3.8430 elapsed=13.1min eta=0.9min
LEAR 1456 681/728 2017-11-14 MAE=3.8411 elapsed=13.1min eta=0.9min
LEAR 1456 682/728 2017-11-15 MAE=3.8488 elapsed=13.2min eta=0.9min
LEAR 1456 683/728 2017-11-16 MAE=3.8477 elapsed=13.2min eta=0.9min
LEAR 1456 684/728 2017-11-17 MAE=3.8486 elapsed=13.3min eta=0.9min
LEAR 1456 685/728 2017-11-18 MAE=3.8537 elapsed=13.3min eta=0.8min
LEAR 1456 686/728 2017-11-19 MAE=3.8577 elapsed=13.3min eta=0.8min
LEAR 1456 687/728 2017-11-20 MAE=3.8611 elapsed=13.3min eta=0.8min
LEAR 1456 688/728 2017-11-21 MAE=3.8637 elapsed=13.3min eta=0.8min
LEAR 1456 689/728 2017-11-22 MAE=3.8654 elapsed=13.3min eta=0.8min
LEAR 1456 690/728 2017-11-23 MAE=3.8694 elapsed=13.4min eta=0.7min
LEAR 1456 691/728 2017-11-24 MAE=3.8707 elapsed=13.4min eta=0.7min
LEAR 1456 692/728 2017-11-25 MAE=3.8699 elapsed=13.4min eta=0.7min
LEAR 1456 693/728 2017-11-26 MAE=3.8690 elapsed=13.4min eta=0.7min
LEAR 1456 694/728 2017-11-27 MAE=3.8676 elapsed=13.4min eta=0.7min
LEAR 1456 695/728 2017-11-28 MAE=3.8672 elapsed=13.5min eta=0.6min
LEAR 1456 696/728 2017-11-29 MAE=3.8859 elapsed=13.5min eta=0.6min
LEAR 1456 697/728 2017-11-30 MAE=3.8993 elapsed=13.5min eta=0.6min
LEAR 1456 698/728 2017-12-01 MAE=3.8977 elapsed=13.5min eta=0.6min
LEAR 1456 699/728 2017-12-02 MAE=3.8971 elapsed=13.6min eta=0.6min
LEAR 1456 700/728 2017-12-03 MAE=3.8961 elapsed=13.6min eta=0.5min
LEAR 1456 701/728 2017-12-04 MAE=3.8991 elapsed=13.6min eta=0.5min
LEAR 1456 702/728 2017-12-05 MAE=3.8988 elapsed=13.6min eta=0.5min
LEAR 1456 703/728 2017-12-06 MAE=3.8977 elapsed=13.6min eta=0.5min
LEAR 1456 704/728 2017-12-07 MAE=3.8992 elapsed=13.6min eta=0.5min
LEAR 1456 705/728 2017-12-08 MAE=3.9001 elapsed=13.6min eta=0.4min
LEAR 1456 706/728 2017-12-09 MAE=3.9034 elapsed=13.6min eta=0.4min
LEAR 1456 707/728 2017-12-10 MAE=3.9073 elapsed=13.7min eta=0.4min
LEAR 1456 708/728 2017-12-11 MAE=3.9097 elapsed=13.8min eta=0.4min
LEAR 1456 709/728 2017-12-12 MAE=3.9088 elapsed=13.8min eta=0.4min
LEAR 1456 710/728 2017-12-13 MAE=3.9084 elapsed=13.8min eta=0.3min
LEAR 1456 711/728 2017-12-14 MAE=3.9090 elapsed=13.8min eta=0.3min
LEAR 1456 712/728 2017-12-15 MAE=3.9093 elapsed=13.8min eta=0.3min
LEAR 1456 713/728 2017-12-16 MAE=3.9105 elapsed=13.8min eta=0.3min
LEAR 1456 714/728 2017-12-17 MAE=3.9106 elapsed=13.8min eta=0.3min
LEAR 1456 715/728 2017-12-18 MAE=3.9096 elapsed=13.8min eta=0.3min
LEAR 1456 716/728 2017-12-19 MAE=3.9101 elapsed=13.8min eta=0.2min
LEAR 1456 717/728 2017-12-20 MAE=3.9127 elapsed=13.8min eta=0.2min
LEAR 1456 718/728 2017-12-21 MAE=3.9156 elapsed=13.9min eta=0.2min
LEAR 1456 719/728 2017-12-22 MAE=3.9182 elapsed=13.9min eta=0.2min
LEAR 1456 720/728 2017-12-23 MAE=3.9315 elapsed=14.0min eta=0.2min
LEAR 1456 721/728 2017-12-24 MAE=3.9470 elapsed=14.0min eta=0.1min
LEAR 1456 722/728 2017-12-25 MAE=3.9532 elapsed=14.0min eta=0.1min
LEAR 1456 723/728 2017-12-26 MAE=3.9753 elapsed=14.0min eta=0.1min
LEAR 1456 724/728 2017-12-27 MAE=3.9823 elapsed=14.0min eta=0.1min
LEAR 1456 725/728 2017-12-28 MAE=3.9822 elapsed=14.0min eta=0.1min
LEAR 1456 726/728 2017-12-29 MAE=3.9831 elapsed=14.1min eta=0.0min
LEAR 1456 727/728 2017-12-30 MAE=3.9822 elapsed=14.1min eta=0.0min
LEAR 1456 728/728 2017-12-31 MAE=3.9889 elapsed=14.1min eta=0.0min
{
  "1092": {
    "accepted": true,
    "author": {
      "mae": 3.9298444597069597,
      "rmae": 0.4305546703959776,
      "rmse": 6.525924295156845,
      "smape": 0.1679471422207225
    },
    "design_feature_count": 247,
    "dm_p_value_local_vs_author": 0.019385400344196446,
    "effective_training_samples": 1085,
    "local": {
      "mae": 3.9306346837068555,
      "rmae": 0.4306412475206711,
      "rmse": 6.526347283851774,
      "smape": 0.16810489583023788
    },
    "mae_bias_percent": 0.02010827675237653,
    "maximum_difference_timestamp": "2016-10-30T19:00:00",
    "maximum_point_absolute_difference": 0.44837044983238883,
    "median_point_absolute_difference": 0.011254962044835892,
    "percentile_99_point_absolute_difference": 0.1062830094955492,
    "reproducible": true,
    "target_mae": 3.9298
  },
  "1456": {
    "accepted": true,
    "author": {
      "mae": 3.987823929716117,
      "rmae": 0.43690691457649855,
      "rmse": 6.502398543538057,
      "smape": 0.17147925861936206
    },
    "design_feature_count": 247,
    "dm_p_value_local_vs_author": 0.0049449108531265384,
    "effective_training_samples": 1449,
    "local": {
      "mae": 3.9888867665341086,
      "rmae": 0.4370233592247657,
      "rmse": 6.503888438238972,
      "smape": 0.17159683504252635
    },
    "mae_bias_percent": 0.026652049757550967,
    "maximum_difference_timestamp": "2016-03-27T14:00:00",
    "maximum_point_absolute_difference": 0.49193529187050355,
    "median_point_absolute_difference": 0.011038223980206041,
    "percentile_99_point_absolute_difference": 0.11247473828740023,
    "reproducible": true,
    "target_mae": 3.9878
  },
  "56": {
    "accepted": false,
    "author": {
      "mae": 4.2826047504578755,
      "rmae": 0.4692031696611051,
      "rmse": 7.71331637184021,
      "smape": 0.16543754724827786
    },
    "design_feature_count": 247,
    "dm_p_value_local_vs_author": 0.999992434395714,
    "effective_training_samples": 49,
    "local": {
      "mae": 4.069440317697018,
      "rmae": 0.4458488249717632,
      "rmse": 7.054042039100401,
      "smape": 0.16430084334118025
    },
    "mae_bias_percent": 4.977448192903321,
    "maximum_difference_timestamp": "2017-10-29T05:00:00",
    "maximum_point_absolute_difference": 75.13561394889777,
    "median_point_absolute_difference": 0.9413038488650738,
    "not_reproducible_reason": "calibration windows [56] leave fewer effective training samples than the 247 LEAR features (n < p); the LassoLarsIC information-criterion path degenerates in the interpolating regime, so lambda selection depends on the scikit-learn build and is not portable across machines",
    "percentile_99_point_absolute_difference": 12.157995506806415,
    "reproducible": false,
    "target_mae": 4.2826
  },
  "84": {
    "accepted": false,
    "author": {
      "mae": 4.17964584478022,
      "rmae": 0.45792296807733057,
      "rmse": 7.396870330797624,
      "smape": 0.1627168577681925
    },
    "design_feature_count": 247,
    "dm_p_value_local_vs_author": 0.9999645297548455,
    "effective_training_samples": 77,
    "local": {
      "mae": 3.9832753171837676,
      "rmae": 0.4364085675325622,
      "rmse": 6.842322879574396,
      "smape": 0.1607205013831191
    },
    "mae_bias_percent": 4.698257577055026,
    "maximum_difference_timestamp": "2017-10-29T04:00:00",
    "maximum_point_absolute_difference": 64.82309827519174,
    "median_point_absolute_difference": 0.8877027874916141,
    "not_reproducible_reason": "calibration windows [84] leave fewer effective training samples than the 247 LEAR features (n < p); the LassoLarsIC information-criterion path degenerates in the interpolating regime, so lambda selection depends on the scikit-learn build and is not portable across machines",
    "percentile_99_point_absolute_difference": 12.733349182691784,
    "reproducible": false,
    "target_mae": 4.1796
  },
  "Ensemble": {
    "accepted": false,
    "author": {
      "mae": 3.609085586939102,
      "rmae": 0.39541225390668777,
      "rmse": 6.508289756290097,
      "smape": 0.14744361006106793
    },
    "design_feature_count": 247,
    "dm_p_value_local_vs_author": 0.9350878579127581,
    "effective_training_samples": {
      "56": 49,
      "84": 77,
      "1092": 1085,
      "1456": 1449
    },
    "local": {
      "mae": 3.570274724673787,
      "rmae": 0.39116012683607276,
      "rmse": 6.234956984346025,
      "smape": 0.14923263391927338
    },
    "mae_bias_percent": 1.0753655276496443,
    "maximum_difference_timestamp": "2017-10-29T04:00:00",
    "maximum_point_absolute_difference": 31.29027738985453,
    "median_point_absolute_difference": 0.4341008467944967,
    "not_reproducible_reason": "calibration windows [56, 84] leave fewer effective training samples than the 247 LEAR features (n < p); the LassoLarsIC information-criterion path degenerates in the interpolating regime, so lambda selection depends on the scikit-learn build and is not portable across machines",
    "percentile_99_point_absolute_difference": 5.5654585518524895,
    "reproducible": false,
    "target_mae": 3.6091
  }
}
