delivery_day,strategy,planned_profit_eur,base_terminal_soc_deviation_mwh,exclusivity_violations,energy_eur,capacity_eur,activation_eur,shortfall_cost_eur,schedule_gap_cost_eur,recovery_cost_eur,total_eur,committed_mw_hours,required_activation_mwh,delivered_activation_mwh,reserve_power_gap_mwh,reserve_energy_gap_mwh,day_ahead_gap_mwh,recovery_grid_mwh,max_committed_gross_power_mw,max_realised_gross_power_mw,slots_with_shortfall,slots_with_schedule_gap,activation_during_charge_slots,recovery_during_discharge_slots,recovery_during_activation_slots,recovery_overlap_slots,min_soc_mwh,max_soc_mwh,terminal_soc_mwh,terminal_soc_deviation_mwh,cycles,aggregation_quarter_total_eur,aggregation_hourly_total_eur,aggregation_cost_eur
2026-01-28,B2_F01,2784.853013655961,0.0,0,159.83469851620777,3500.19150096392,4747.7867483602995,58.05582220231603,0.0,600.1810917499998,7749.576033888113,84.71961619342989,7.804950682530601,7.066700797195914,0.21639999999999993,0.5218498853346875,0.0,8.31376564267525,4.0,4.0,2,0,4,1,12,16,3.611740270360152,8.000000001000004,4.399999999000003,-9.99997418205112e-10,0.4219544457292888,7143.52152081649,7143.52152081649,0.0
2026-01-28,B2_F08,1654.9066413627945,0.0,0,190.65068655144952,3618.912386526413,5049.015843289823,63.15480342745131,0.0,879.6153097876008,7915.808803152633,88.65302847436061,9.53623421648603,8.730838385205397,0.21639999999999993,0.5889958312806337,0.0,10.271574570829875,4.0,4.0,2,0,4,4,19,23,3.530239497357683,8.000000001000002,4.399999999999998,-2.6645352591003757e-15,0.4219544457292888,7143.52152081649,7143.52152081649,0.0
2026-01-28,oracle_price_reserve,3846.1471785427934,0.0,0,204.5668667132063,3641.5803118295867,3807.1421157007903,0.00010120999986021472,0.0,622.6784655235138,7030.610727510069,84.68169251455555,5.717834302589979,5.71783330258998,0.0,9.999999986188592e-07,0.0,6.726862708929389,4.000000000000001,4.0,0,0,2,4,13,15,3.98240934363489,8.000000001,4.3999999999999995,-8.881784197001252e-16,0.42195444572928875,7143.52152081649,7143.52152081649,0.0
2026-01-28,perfect_quarter_price,3747.7600000000007,0.0,0,0.0,3747.7599999999998,3651.9055692900006,5.356999996288192e-05,0.0,256.14399490351025,7143.52152081649,68.0,4.5283999999999995,4.528399,0.0,9.999999993071107e-07,0.0,5.327528235294119,4.0,4.0,0,0,0,0,4,4,4.338609155373124,8.000000001,4.400000000000001,8.881784197001252e-16,0.0,7143.52152081649,7143.52152081649,0.0
2026-01-29,B2_F01,1992.6857902165855,0.0,0,130.26034835207506,1810.9397818017203,5943.5354496545315,8.705999996051852e-05,0.0,863.2893871570707,7021.446105591256,80.65302847436061,7.196437227428893,7.196436227428893,0.0,9.999999995465025e-07,0.0,8.466395561681052,4.0,4.0,0,0,4,2,20,24,3.8869599421946814,8.000000001,4.400000000000001,8.881784197001252e-16,0.4219544457292888,7352.177298694619,7352.177298694619,0.0
2026-01-29,B2_F08,2289.3781432755386,0.0,0,0.0,1863.4399999999998,6180.138621500001,0.00020670999927156265,0.0,561.2246502689665,7482.3537645210345,96.0,8.6892,8.689199000000004,0.0,9.99999996476042e-07,0.0,10.222587058823535,4.0,4.0,0,0,0,0,10,10,3.8869599421946837,8.000000001000004,4.400000000000004,3.552713678800501e-15,0.0,7352.177298694619,7352.177298694619,0.0
2026-01-29,oracle_price_reserve,1952.9036821919249,0.0,0,137.44076601988706,1815.4629161720381,5062.218261953569,52.372810343453295,0.0,1470.904021296887,5491.845112505154,88.58644075529136,7.271477849907248,6.9129681089329065,0.0,0.358509740974342,0.0,8.132903657568125,4.0,4.0,2,0,5,4,21,27,3.725327064680736,8.000000001,4.400000000000002,1.7763568394002505e-15,0.4219544457292888,7352.177298694619,7352.177298694619,0.0
2026-01-29,perfect_quarter_price,1841.3999999999999,0.0,0,0.0,1841.4,5931.493589969999,0.0011180300006527809,0.0,420.71517324537973,7352.177298694619,68.0,6.7172,6.717198999999999,0.0,1.0000000005838672e-06,0.0,7.902587058823528,4.0,4.0,1,0,0,0,9,9,3.886959942194681,8.000000001,4.4,0.0,0.0,7352.177298694619,7352.177298694619,0.0
2026-01-30,B2_F01,3224.044529235393,0.0,0,70.85458784887328,1270.8496399537455,1666.4528166388448,2.5500000012057544e-05,0.0,768.250977539755,2239.9060414017085,88.68096399537455,9.909198766553363,9.909197766553362,0.0,1.0000000004728449e-06,0.0,11.657879725356896,4.0,4.0,1,0,0,4,26,26,4.264852799714777,8.000000001,4.399999999999999,-1.7763568394002505e-15,0.41487950057817985,1873.6923250779755,1823.7321763598384,49.96014871813691
2026-01-30,B2_F08,1841.4771821374752,0.0,0,83.45737474487903,1270.2668918802901,1512.1645271346144,2.5499999921463345e-05,0.0,718.8226979172144,2147.066070342569,88.65302847436061,8.756984986008316,8.756983986008319,0.0,9.999999969201312e-07,0.0,10.302334101186258,4.0,4.0,0,0,7,4,28,32,4.264852799714782,8.000000001,4.400000000000002,1.7763568394002505e-15,0.4219544457292888,1873.6923250779755,1823.7321763598384,49.96014871813691
2026-01-30,oracle_price_reserve,1358.867418211478,0.0,0,90.90491614996881,1267.9625020615094,1589.4965122608564,2.5499999966760445e-05,0.0,715.7121214841516,2232.6517834881834,88.49118899602718,9.288809084746989,9.28880808474699,0.0,9.99999998696488e-07,0.0,10.928009511467042,4.0,4.0,0,0,1,4,26,27,4.130485600206102,8.000000001,4.399999999999999,-1.7763568394002505e-15,0.4219544457292886,1873.6923250779755,1823.7321763598384,49.96014871813691
2026-01-30,perfect_quarter_price,1315.7901782185072,0.0,0,41.83017821850726,1273.96,745.8651636899997,2.550000002338182e-05,0.0,187.9629913305314,1873.6923250779753,60.0,3.5587999999999997,3.558798999999999,0.0,1.000000000916934e-06,0.0,4.186822352941174,4.0,4.0,1,0,0,0,9,9,4.332987855594392,8.000000001,4.4,0.0,0.375,1873.6923250779755,1823.7321763598384,49.96014871813691
2026-01-31,B2_F01,2122.2925129125165,0.0,0,0.0,369.52,205.8629388,3.5000000013635235e-05,0.0,46.3455753595171,529.0373284404828,96.0,1.7584,1.7583989999999996,0.0,1.0000000003895781e-06,0.0,2.068704705882352,4.0,4.0,1,0,0,0,2,2,4.338609155373123,5.35774844620517,4.3999999999999995,-8.881784197001252e-16,0.0,346.84803977300135,322.0668307704025,24.78120900259887
2026-01-31,B2_F08,1422.3650735296344,0.0,0,-23.76056961938521,366.00323844448656,203.41340446037356,3.499999999809211e-05,0.0,53.2467589301984,492.4092793552765,88.65302847436061,1.7346981799561352,1.7346971799561355,0.0,9.99999999945489e-07,0.0,2.0408202117130996,4.0,4.0,0,0,2,1,5,7,4.333402824385475,8.000000001,4.4,0.0,0.4219544457292888,346.84803977300135,322.0668307704025,24.78120900259887
2026-01-31,oracle_price_reserve,380.70116327769415,0.0,0,16.55476415898555,364.1463991187086,166.11021634218073,3.4999999992992026e-05,0.0,33.995889098850036,512.8154555210248,85.03662324548809,1.4161058531052602,1.4161048531052602,0.0,9.999999997997722e-07,0.0,1.6660057095356002,4.0,4.0,0,0,0,0,3,3,3.3153477099067192,4.648819710053802,4.4,0.0,0.125,346.84803977300135,322.0668307704025,24.78120900259887
2026-01-31,perfect_quarter_price,335.79130643190973,1.7763568394002505e-15,0,27.791306431909675,308.0,12.367868419999997,9.206000000136966e-05,0.0,1.3110430189083027,346.84803977300135,24.0,0.1132,0.11319899999999998,0.0,1.0000000000148779e-06,0.0,0.13317529303299475,4.0,4.0,1,0,0,0,0,0,2.2306954218134387,8.0,4.399999999000002,-9.999983063835316e-10,0.7969544457292888,346.84803977300135,322.0668307704025,24.78120900259887
2026-02-01,B2_F01,683.9933603250021,0.0,0,4.202488613127926,321.12998854296404,644.028989468957,9.368999997148908e-05,0.0,190.64204687180109,778.7193260632479,72.77621575463874,5.233386243014371,5.233385243014371,0.0,9.999999996956888e-07,0.0,6.156923815311023,4.0,4.0,0,0,1,4,17,21,4.236651840198354,8.000000001,4.3999999999999995,-8.881784197001252e-16,0.41487950057817996,747.9333896680529,740.1534622707682,7.779927397284723
2026-02-01,B2_F08,1043.9911730414092,0.0,0,-61.484328668643315,366.8015717095242,565.2874083139861,-4.0000000040771315e-07,0.0,-14.192007188115507,884.7966589429825,88.65302847436061,4.446093811428348,4.446092811428347,0.0,1.0000000010192828e-06,0.0,5.230697425209821,4.0,4.0,1,0,2,4,8,11,3.953068654240262,7.985515231570606,4.4,0.0,0.4219544457292888,747.9333896680529,740.1534622707682,7.779927397284723
2026-02-01,oracle_price_reserve,381.4711783248384,0.0,0,15.114391337453924,366.35678698738445,637.48237131,9.369000005470252e-05,0.0,91.86292308854065,927.0905328562975,89.26022500065261,5.1568,5.156798999999999,0.0,1.0000000005838672e-06,0.0,6.066822352941176,4.0,4.0,1,0,0,0,6,6,3.4166547096438338,7.669575859242785,4.400000000000001,8.881784197001252e-16,0.3258249451511089,747.9333896680529,740.1534622707682,7.779927397284723
2026-02-01,perfect_quarter_price,327.50898943271534,8.881784197001252e-16,0,21.148989432715382,306.36,388.115392,0.0,0.0,-32.309008235337494,747.9333896680529,24.0,2.5716,2.5716,0.0,0.0,0.0,3.025411764705882,4.0,4.0,0,0,0,0,2,2,3.2539568672798427,8.0,4.400000000000001,8.881784197001252e-16,0.5570749451511089,747.9333896680529,740.1534622707682,7.779927397284723
2026-02-02,B2_F01,1676.2728110593046,0.0,0,-6.872365347713043,513.3991679991175,1800.921602441616,155.89829947615644,0.0,973.3317713613467,1178.2183342555174,84.77621575463874,13.003480963995374,11.540571619201225,1.1048,0.3581093447941491,0.0,13.577143081413201,4.0,4.0,5,0,0,2,17,18,3.705042060267956,8.000000001,4.399999999999996,-4.440892098500626e-15,0.41487950057817996,762.043461017797,709.3082820791774,52.73517893861958
2026-02-02,B2_F08,858.8669888966797,0.0,0,13.299572507946223,514.6734586324526,1603.4477454249165,155.89829947615618,0.0,792.3018343784669,1183.2206427106926,88.77621575463874,11.216648874849103,9.753739530054958,1.1048,0.35810934479414464,0.0,11.474987682417595,4.0,4.0,4,0,4,3,19,21,3.705042060267956,8.000000001,4.399999999999999,-1.7763568394002505e-15,0.41487950057817996,762.043461017797,709.3082820791774,52.73517893861958
2026-02-02,oracle_price_reserve,625.149668712954,-8.881784197001252e-16,0,101.15724473373564,523.9924239792185,1420.8698795706453,28.135206611291576,0.0,951.9281123461531,1065.9562293261547,82.54851707641703,8.835015423950694,8.518149322399788,0.24480000000000013,0.07206610155090548,0.0,10.021352143999755,4.000000000000001,4.0,3,0,2,4,18,19,3.487829592854136,8.000000001,4.400000000000003,2.6645352591003757e-15,0.42195444572928875,762.043461017797,709.3082820791774,52.73517893861958
2026-02-02,perfect_quarter_price,568.8227981899418,0.0,0,79.6627981899419,489.16,247.52253341,0.00014659000002659308,0.0,54.301723992145035,762.043461017797,44.0,1.5352,1.5351989999999998,0.0,1.0000000001814113e-06,0.0,1.8061164695035825,4.0,4.0,1,0,0,0,2,2,4.338609154373123,8.0,4.399999999,-1.000000082740371e-09,0.4219544457292888,762.043461017797,709.3082820791774,52.73517893861958
2026-02-03,B2_F01,1229.4106453116167,0.0,0,54.23285949812919,664.9131723870288,2985.020207616325,3.2600652000000703,0.0,435.0471293910835,3265.859044910399,84.71961619342989,6.814128398809153,6.764127398809151,0.050000000000000044,1.0000000010279564e-06,0.0,7.95779693977547,4.000000000000003,4.0,1,0,2,0,12,14,3.4166547096438347,8.000000001000002,4.399999999999999,-1.7763568394002505e-15,0.4219544457292888,2910.871211182002,2961.4697725374567,-50.59856135545488
2026-02-03,B2_F08,956.9555030624206,0.0,0,12.161352599293423,679.1119868143815,973.8862581989733,0.5550508562302552,0.0,308.2951928545185,1356.3093539018994,88.77621575463874,5.070220041209536,5.0617069912673545,0.00851204994218202,9.99999999806711e-07,0.0,5.954949401491001,4.0,4.0,1,0,3,3,20,22,4.018983343887313,8.000000001,4.399999999999999,-1.7763568394002505e-15,0.41487950057817996,2910.871211182002,2961.4697725374567,-50.59856135545488
2026-02-03,oracle_price_reserve,772.9162469387908,1.7763568394002505e-15,0,121.4238488097662,651.4923981290245,2906.6797281928243,3.260120379999966,0.0,280.46269785041073,3395.8731569012043,77.23223512704318,5.68000651954121,5.630005519541211,0.050000000000000044,9.999999996922193e-07,0.0,6.623535905342598,4.0,4.0,1,0,0,1,5,6,2.4682733266242676,8.000000001,4.400000000000001,8.881784197001252e-16,0.6375,2910.871211182002,2961.4697725374567,-50.59856135545488
2026-02-03,perfect_quarter_price,670.5584499734538,1.7763568394002505e-15,0,85.79844997345387,584.76,2561.7976246999992,3.2600652000000268,0.0,318.22479829145095,2910.871211182002,40.0,2.7156000000000002,2.6655989999999994,0.050000000000000044,1.0000000003618226e-06,0.0,3.1359988224447592,4.0,4.0,1,0,0,0,8,8,2.468273325624268,8.0,4.399999999000002,-9.999983063835316e-10,1.0125,2910.871211182002,2961.4697725374567,-50.59856135545488
2026-02-04,B2_F01,1079.882906401582,0.0,0,0.0,919.8000000000001,870.8648928799998,6.000000007500006e-05,0.0,384.48812544455177,1406.1767074354482,96.0,6.2764,6.276398999999998,0.0,1.000000001250001e-06,0.0,7.383998823529411,4.0,4.0,1,0,0,0,8,8,4.228475093609527,7.945294947066101,4.3999999999999995,-8.881784197001252e-16,0.0,1037.0783563325958,971.7023780514694,65.37597828112644
2026-02-04,B2_F08,986.8217568734176,0.0,0,41.54066498882696,896.3851771744278,821.4482800624749,6.000000018158147e-05,0.0,472.40805131614167,1286.9660109095878,88.77621575463874,5.896917042224089,5.8969160422240865,0.0,1.0000000030263578e-06,0.0,6.937548284969514,4.0,4.0,1,0,1,1,15,16,4.050959368305586,8.000000001,4.4,0.0,0.41487950057817996,1037.0783563325958,971.7023780514694,65.37597828112644
2026-02-04,oracle_price_reserve,968.5130625520974,0.0,0,80.37626301049363,888.1367995416041,751.1036838890348,5.999999996841865e-05,0.0,450.6434563172253,1268.973230123907,87.82890088298714,5.355825325629569,5.35582432562957,0.0,9.999999994736442e-07,0.0,6.300969794858316,4.0,4.0,0,0,4,0,15,19,4.050959368305585,8.000000001,4.399999999999999,-1.7763568394002505e-15,0.4219544457292888,1037.0783563325958,971.7023780514694,65.37597828112644
2026-02-04,perfect_quarter_price,891.2411791687662,0.0,0,10.601179168766294,880.6400000000001,370.45175241999993,8.000000002450491e-05,0.0,224.61449525617067,1037.0783563325958,56.0,2.5364,2.5363989999999994,0.0,1.0000000003063114e-06,0.0,2.9839988224447582,4.0,4.0,1,0,0,0,2,2,3.2539568652798416,8.0,4.399999998999999,-1.0000009709187907e-09,0.425,1037.0783563325958,971.7023780514694,65.37597828112644
2026-02-05,B2_F01,1001.7650529378622,0.0,0,120.6201106954185,562.5134586324526,1230.8077428387721,1.7161234499992861,0.0,567.3418891173566,1344.8832995992875,88.77621575463874,9.526399153997655,9.469198153997663,0.05719999999999992,9.99999994237815e-07,0.0,11.140233122350192,4.0,4.0,1,0,3,0,24,27,4.026663157029896,8.000000001000002,4.400000000000002,1.7763568394002505e-15,0.41487950057817996,816.1028456801532,797.59225743541,18.51058824474319
2026-02-05,B2_F08,1199.130436427701,0.0,0,0.0,598.3199999999999,1295.7529933100004,1.7159949000000132,0.0,267.9006994435151,1624.4562989664853,96.0,10.2372,10.179999000000002,0.05719999999999992,9.999999969201312e-07,0.0,11.976469411764713,4.0,4.0,1,0,0,0,16,16,4.026663157029896,8.000000001000002,4.400000000000002,1.7763568394002505e-15,0.0,816.1028456801532,797.59225743541,18.51058824474319
2026-02-05,oracle_price_reserve,737.0652390887448,1.7763568394002505e-15,0,218.10956228698603,518.9556768017587,717.1567454945689,0.0001362100000430518,0.0,481.52148958089003,972.7003587924238,69.50928468955728,5.23876847273491,5.23876747273491,0.0,1.0000000003160692e-06,0.0,6.163255850276363,4.0,4.0,1,0,1,1,18,20,0.5422605100729032,8.000000001,4.400000000000001,8.881784197001252e-16,0.8570749451511086,816.1028456801532,797.59225743541,18.51058824474319
2026-02-05,perfect_quarter_price,678.3666356061938,1.7763568394002505e-15,0,128.8466356061939,549.52,416.3203841100001,0.00013620999992207302,0.0,278.5840378260407,816.1028456801532,44.0,2.854,2.853999000000001,0.0,9.999999994278908e-07,0.0,3.3576458812682892,4.0,4.0,0,0,0,0,6,6,0.6243644341656918,8.0,4.399999999000002,-9.999983063835316e-10,0.8499999999999999,816.1028456801532,797.59225743541,18.51058824474319
2026-02-06,B2_F01,1013.2910861540244,0.0,0,1.5647742609454633,464.04161006100173,829.3707575246887,7.554000008603846e-05,0.0,380.87203265916537,914.1050336474702,77.30605694872125,5.539657501471936,5.539656501471935,0.0,1.0000000011389787e-06,0.0,6.517242942908158,4.000000000000003,4.0,1,0,9,4,11,20,3.4184986185352937,8.000000001,4.4,0.0,0.8439088914585775,654.2326643194261,649.1513546204914,5.081309698934774
2026-02-06,B2_F08,928.6108845537684,0.0,0,83.12014104837664,526.5944171930822,887.2695329889982,7.554000008603846e-05,0.0,381.6613457491525,1115.3226699413044,88.65302847436061,5.869436918622883,5.869435918622882,0.0,1.0000000011389787e-06,0.0,6.9052187277916275,4.0,4.0,1,0,8,1,6,15,4.109530591916623,8.000000001,4.400000000000001,8.881784197001252e-16,0.4219544457292888,654.2326643194261,649.1513546204914,5.081309698934774
2026-02-06,oracle_price_reserve,659.8547062586013,0.0,0,100.91682220491244,558.9378840536888,892.4289018760031,7.554000001894546e-05,0.0,387.84664905665534,1164.4368835379491,88.35801355788865,5.886492977176605,5.886491977176606,0.0,1.0000000002508003e-06,0.0,6.925284679031302,4.0,4.0,1,0,1,4,9,11,3.4184986185352937,8.000000001,4.4,0.0,0.4219544457292887,654.2326643194261,649.1513546204914,5.081309698934774
2026-02-06,perfect_quarter_price,556.8249090305097,0.0,0,105.98490903050975,450.84000000000003,150.09519526999998,5.3580000009348234e-05,0.0,52.6873864010837,654.2326643194261,40.0,0.9396,0.9395989999999999,0.0,1.0000000001744724e-06,0.0,1.1054105871506414,4.0,4.0,1,0,0,1,0,1,3.9494359130464542,8.0,4.399999999,-1.000000082740371e-09,0.5282044457292887,654.2326643194261,649.1513546204914,5.081309698934774
2026-02-07,B2_F01,1250.3495324018077,0.0,0,-23.00384919584991,1148.4754023844057,855.1468428676907,8.083000000793302e-05,0.0,680.7746751125876,1299.843640113659,88.77621575463874,6.657106412519115,6.657105412519114,0.0,1.0000000000981446e-06,0.0,7.831888720610721,4.0,4.0,1,0,4,3,13,17,4.220165125404137,7.844315077203293,4.399999999999997,-3.552713678800501e-15,0.41487950057817996,1139.0388007406682,1094.0211061085492,45.01769463211895
2026-02-07,B2_F08,1046.4610762421166,0.0,0,63.504396585112204,939.5479430155957,847.182211714802,8.082999979255865e-05,0.0,691.9990158187184,1158.2354546667916,88.77621575463874,6.654783087315876,6.654782087315879,0.0,9.999999974336093e-07,0.0,7.829155396842206,4.0,4.0,0,0,3,0,12,15,3.5560542218380986,8.000000000999998,4.399999999999997,-3.552713678800501e-15,0.41487950057817996,1139.0388007406682,1094.0211061085492,45.01769463211895
2026-02-07,oracle_price_reserve,1157.4199157998867,0.0,0,31.675106303486587,1125.7448094964,842.8118515929665,8.083000000793302e-05,0.0,661.1532810588952,1339.0784055039576,80.88981399261078,6.573399902739311,6.573398902739312,0.0,1.0000000000981446e-06,0.0,7.7334104738109515,4.0,4.0,1,0,4,0,10,14,3.8557211470576367,8.000000001,4.399999999999997,-3.552713678800501e-15,0.42195444572928875,1139.0388007406682,1094.0211061085492,45.01769463211895
2026-02-07,perfect_quarter_price,1095.4007847362077,0.0,0,40.88078473620777,1054.52,140.39445424000002,0.00012350999997280592,0.0,96.75631472553958,1139.0388007406682,24.0,1.0512000000000001,1.0511990000000002,0.0,9.999999997798228e-07,0.0,1.2367047058823533,4.0,4.0,0,0,0,0,1,1,4.338609155373123,8.0,4.4,0.0,0.5282044457292887,1139.0388007406682,1094.0211061085492,45.01769463211895
2026-02-08,B2_F01,1402.3880069978225,0.0,0,0.0,496.23999999999995,909.3542961100001,8.3309999997771e-05,0.0,445.36362673336623,960.2305860666337,92.0,6.286,6.285999,0.0,9.999999999732445e-07,0.0,7.395292941176471,4.0,4.0,0,0,0,0,6,6,4.000631502091657,8.000000001,4.400000000000001,8.881784197001252e-16,0.0,423.488225214706,419.8030060411765,3.685219173529447
2026-02-08,B2_F08,1181.0483547504812,0.0,0,0.28338658153436036,469.6245112162793,823.6460622508719,7.364000008055302e-05,0.0,432.02509295564056,861.528793453045,88.65302847436061,5.6122992208560705,5.612298220856069,0.0,1.0000000010938759e-06,0.0,6.602703789242431,4.0,4.0,1,0,8,3,14,22,4.000631502091657,8.000000001,4.399999999999998,-2.6645352591003757e-15,0.4219544457292888,423.488225214706,419.8030060411765,3.685219173529447
2026-02-08,oracle_price_reserve,531.856957976351,0.0,0,72.88416224498675,458.97279573136433,866.1146668631293,0.0001449999997787943,0.0,463.8290964001921,934.1423834392883,86.45326531715284,6.02901503936935,6.029014039369351,0.0,9.999999984744434e-07,0.0,7.0929576933757055,4.0,4.0,0,0,5,0,14,19,4.000631502091657,8.000000001,4.3999999999999995,-8.881784197001252e-16,0.42195444572928875,423.488225214706,419.8030060411765,3.685219173529447
2026-02-08,perfect_quarter_price,332.1652968235294,0.0,0,3.68529682352942,328.48,158.61236671000003,9.125999997982749e-05,0.0,67.28934705882355,423.48822521470595,36.0,1.1172,1.1171990000000003,0.0,9.999999997789555e-07,0.0,1.3143517647058827,4.0,4.0,0,0,0,0,0,0,3.3153477109067193,5.611772452722725,4.4,0.0,0.125,423.488225214706,419.8030060411765,3.685219173529447
2026-02-09,B2_F01,1933.131864942706,0.0,0,153.49027655380667,1668.857575705828,406.1209882809101,0.00018828999991844886,0.0,206.64667187924397,2021.821980371301,88.77621575463874,2.6225554584284922,2.6225544584284926,0.0,9.999999995668855e-07,0.0,3.085358186386462,4.0,4.0,0,0,4,1,8,12,4.313011361350522,8.000000001,4.400000000000001,8.881784197001252e-16,0.41487950057817996,1976.607772263332,1856.412648160914,120.19512410241782
2026-02-09,B2_F08,889.9519696837252,0.0,0,232.6306473408319,1699.5583278302927,424.84932565758197,6.100000001352636e-05,0.0,233.19952685896007,2123.8387129697467,88.65302847436061,2.7305777355732976,2.7305767355732975,0.0,1.0000000002217437e-06,0.0,3.2124432183215266,4.0,4.0,1,0,7,1,8,15,4.118322141175737,8.000000001,4.400000000000001,8.881784197001252e-16,0.4219544457292888,1976.607772263332,1856.412648160914,120.19512410241782
2026-02-09,oracle_price_reserve,1941.9006985676945,0.0,0,247.83420349042797,1694.0664950772664,423.57381494299966,6.133000002006277e-05,0.0,237.52784937233787,2127.946602808356,86.05732808038985,2.7280326733643037,2.7280316733643035,0.0,1.000000000327128e-06,0.0,3.209449027487416,4.0,4.0,1,0,2,0,6,8,3.9889172593694497,8.000000001,4.400000000000002,1.7763568394002505e-15,0.4219544457292888,1976.607772263332,1856.412648160914,120.19512410241782
2026-02-09,perfect_quarter_price,1824.7566240697422,0.0,0,182.43662406974207,1642.3200000000002,298.71214891,0.00010715000000419643,0.0,146.86089356641065,1976.6077722633318,56.0,1.8228000000000002,1.822799,0.0,1.000000000039164e-06,0.0,2.1444694106800535,4.0,4.0,1,0,0,0,5,5,3.253956866279842,8.0,4.399999999,-1.000000082740371e-09,0.5469544457292888,1976.607772263332,1856.412648160914,120.19512410241782
2026-02-10,B2_F01,1048.1915856224773,0.0,0,98.96529019814378,2122.303060252604,1043.160967878745,0.0001050300001137966,0.0,621.9218512273608,2642.5073620721323,84.65302847436061,6.901521113163181,6.90152011316318,0.0,1.0000000010834675e-06,0.0,8.1194354272508,4.0,4.0,1,0,6,0,12,18,3.8613621481720797,8.000000001,4.4,0.0,0.4219544457292887,2614.654697390404,2614.654697390404,0.0
2026-02-10,B2_F08,1072.141520194833,0.0,0,98.96529019814378,2124.463060252604,1371.9356247319993,56.37612576662157,0.0,892.3144223904055,2646.6734270257202,88.65302847436061,9.42472111316318,8.706568525125789,0.0,0.7181525880373929,0.0,10.24302179426563,4.0,4.0,2,0,6,0,17,23,3.822314665764721,8.000000001,4.399999999999998,-2.6645352591003757e-15,0.4219544457292888,2614.654697390404,2614.654697390404,0.0
2026-02-10,oracle_price_reserve,2276.009981751578,0.0,0,1.1590091429136713,2274.8509726086645,1418.0080326693892,56.376125766621385,0.0,924.9208492670726,2712.7210393872733,95.6770495625141,9.802635284697676,9.084482696660285,0.0,0.7181525880373911,0.0,10.687626701953274,4.0,4.0,2,0,1,0,17,18,3.822314665764721,7.039431151907691,4.3999999999999995,-8.881784197001252e-16,0.00707494515110885,2614.654697390404,2614.654697390404,0.0
2026-02-10,perfect_quarter_price,2240.92,0.0,0,0.0,2240.92,692.49074552,5.484999996047263e-05,0.0,318.75599327959645,2614.6546973904037,68.0,4.01,4.0099990000000005,0.0,9.999999992793551e-07,0.0,4.717645882352942,4.0,4.0,0,0,0,0,4,4,4.222550885504339,6.861292974410473,4.4,0.0,0.0,2614.654697390404,2614.654697390404,0.0
2026-02-11,B2_F01,2272.8504510452876,0.0,0,0.0,1492.7199999999998,1114.0429182599999,5.8169999974427324e-05,0.0,506.9474831780994,2099.8153769119,92.0,7.886799999999999,7.886799,0.0,9.999999995603803e-07,0.0,9.278587058823533,4.0,4.0,0,0,0,0,11,11,4.3338366853011125,8.000000001,4.400000000000004,3.552713678800501e-15,0.0,1890.8148684470657,1908.7272435828277,-17.91237513576175
2026-02-11,B2_F08,1482.139581558888,0.0,0,69.21158709925062,1470.1202456032015,1136.8052313935564,0.00010020999986937506,0.0,606.3719651998688,2069.7649986861397,88.65302847436061,8.15797993442179,8.157978934421791,0.0,9.99999998696488e-07,0.0,9.597622275790346,4.0,4.0,0,0,7,2,17,25,4.2301439264637954,8.000000001,4.400000000000002,1.7763568394002505e-15,0.4219544457292888,1890.8148684470657,1908.7272435828277,-17.91237513576175
2026-02-11,oracle_price_reserve,1539.52976478062,0.0,0,69.65123259764007,1469.87853218298,1131.584312009484,0.00010020999986937506,0.0,602.7990690545084,2068.314907525596,88.45326531715284,8.117308155614287,8.117307155614288,0.0,9.99999998696488e-07,0.0,9.549773124252106,4.0,4.0,0,0,4,2,17,22,4.2301439264637954,8.000000001,4.400000000000001,8.881784197001252e-16,0.4219544457292888,1890.8148684470657,1908.7272435828277,-17.91237513576175
2026-02-11,perfect_quarter_price,1480.288015372196,0.0,0,14.968015372196064,1465.3200000000002,669.2723742599999,5.817000000025999e-05,0.0,258.7454630151305,1890.8148684470657,64.0,3.9612000000000003,3.9611990000000006,0.0,1.0000000000044695e-06,0.0,4.660234117647058,4.0,4.0,1,0,0,0,4,4,4.1186416711450065,8.000000001,4.4,0.0,0.25,1890.8148684470657,1908.7272435828277,-17.91237513576175
2026-02-12,B2_F01,1255.872305706689,0.0,0,23.11752392523946,437.17920490693064,374.8062097228932,6.118000000175927e-05,0.0,269.16215446879653,565.9407229062667,88.02866404019493,3.386476493210062,3.386475493210062,0.0,1.0000000000287557e-06,0.0,3.984088815541248,4.0,4.0,1,0,5,0,10,15,4.131657500614124,8.000000000999998,4.3999999999999995,-8.881784197001252e-16,0.4219544457292888,442.20623654923577,412.3048742068285,29.901362342407253
2026-02-12,B2_F08,1455.9351693412098,0.0,0,0.0,479.84000000000003,382.17571075999996,6.118000000175927e-05,0.0,259.462741722749,602.5529078572511,96.0,3.4468000000000005,3.4467990000000004,0.0,1.0000000000287557e-06,0.0,4.055057647058822,4.0,4.0,1,0,0,0,7,7,4.208884741597567,5.700519787668626,4.3999999999999995,-8.881784197001252e-16,0.0,442.20623654923577,412.3048742068285,29.901362342407253
2026-02-12,oracle_price_reserve,494.35479018844916,8.881784197001252e-16,0,33.35642442188366,460.9983657665656,354.13805003351115,6.118000005609802e-05,0.0,254.03971432727647,594.4530647146839,77.55107788105134,3.2057171241453886,3.2057161241453875,0.0,1.000000000916934e-06,0.0,3.7714307342886917,4.0,4.0,1,0,0,0,6,6,2.556091108541424,8.000000001,4.400000000000002,1.7763568394002505e-15,0.6273795005781799,442.20623654923577,412.3048742068285,29.901362342407253
2026-02-12,perfect_quarter_price,423.06051794013837,1.7763568394002505e-15,0,48.98051794013834,374.08,46.80360607,0.00011219999999388386,0.0,27.65777526090254,442.20623654923577,24.0,0.3812,0.38119900000000007,0.0,9.99999999945489e-07,0.0,0.44846941068005364,4.0,4.0,0,0,0,0,3,3,2.5560911075414245,8.0,4.399999999000002,-9.999983063835316e-10,0.8398795005781797,442.20623654923577,412.3048742068285,29.901362342407253
2026-02-13,B2_F01,1091.86639666256,0.0,0,119.60244251848621,248.02231388275882,3231.224231281144,2565.414141551101,0.0,967.6701260750046,65.76472005628375,84.77621575463874,8.009251527772257,5.9264502910862165,1.1463999999999999,0.9364012366860415,0.0,6.972294460101432,4.0,4.0,2,0,2,0,15,17,3.611242414959458,8.000000001000002,4.400000000000001,8.881784197001252e-16,0.41487950057817996,333.0319876036226,274.60135377929805,58.43063382432456
2026-02-13,B2_F08,1078.6125943337365,0.0,0,83.70748837304966,268.98824794100915,3559.7880214083916,2565.4141415510967,0.0,1010.2741567981932,336.7954593731604,88.65302847436061,8.54159649852644,6.458795261840402,1.1463999999999999,0.9364012366860397,0.0,7.598582660988708,4.0,4.0,2,0,7,2,17,26,3.611242414959458,8.000000001000002,4.400000000000001,8.881784197001252e-16,0.4219544457292888,333.0319876036226,274.60135377929805,58.43063382432456
2026-02-13,oracle_price_reserve,407.03168974053233,8.881784197001252e-16,0,208.6346862456128,198.39700349491986,1368.1841142344886,1.2719999979182717e-05,0.0,135.53371753327664,1639.6820737217445,65.37508376641927,3.97624605971426,3.9762450597142616,0.0,9.999999983634211e-07,0.0,4.677935364369718,4.0,4.0,0,0,4,1,10,15,2.5560911085414215,8.000000001,4.400000000000001,8.881784197001252e-16,1.049333946307469,333.0319876036226,274.60135377929805,58.43063382432456
2026-02-13,perfect_quarter_price,333.03198760362244,-2.6645352591003757e-15,0,305.8319876036226,27.2,0.0,0.0,0.0,0.0,333.0319876036226,4.0,0.0,0.0,0.0,0.0,0.0,0.0,4.0,4.0,0,0,0,0,0,0,0.0,8.0,4.399999999999998,-2.6645352591003757e-15,1.8439088914585775,333.0319876036226,274.60135377929805,58.43063382432456
2026-02-14,B2_F01,1717.3659736233778,0.0,0,0.0,755.0799999999999,1339.4405931100007,7.361999983864776e-05,0.0,513.4756806796495,1581.0448388103514,96.0,8.5112,8.511199000000003,0.0,9.999999978083096e-07,0.0,10.013175294117648,4.0,4.0,0,0,0,0,12,12,4.284810401834096,7.342553670016964,4.3999999999999995,-8.881784197001252e-16,0.0,735.8472706368924,688.0463582333653,47.80091240352715
2026-02-14,B2_F08,1031.4369272034382,0.0,0,-7.640869798664994,749.660765138673,1079.5337735359667,2.619999999093625e-05,0.0,436.2307278148679,1385.3229148611067,88.65302847436061,7.800787753729554,7.800786753729555,0.0,9.999999996540554e-07,0.0,9.177396180858295,4.0,4.0,0,0,8,0,12,20,3.5532744768823115,7.922742081823213,4.3999999999999995,-8.881784197001252e-16,0.4219544457292888,735.8472706368924,688.0463582333653,47.80091240352715
2026-02-14,oracle_price_reserve,784.7998951189335,0.0,0,58.381572529885005,726.4183225890486,1291.373003946453,2.6199999944395702e-05,0.0,523.4884551547045,1552.684417710682,85.66987041976361,8.157220599852412,8.157219599852414,0.0,9.999999978776986e-07,0.0,9.59672894100284,4.0,4.0,0,0,4,1,16,20,4.303900282122137,8.000000001,4.4,0.0,0.41487950057818,735.8472706368924,688.0463582333653,47.80091240352715
2026-02-14,perfect_quarter_price,710.4855048194443,8.881784197001252e-16,0,83.92550481944443,626.56,65.0319772,8.816999999764097e-05,0.0,39.67012321255193,735.8472706368924,16.0,0.4484,0.44839900000000005,0.0,9.999999999732445e-07,0.0,0.5275282342094672,4.0,4.0,0,0,0,0,0,0,2.5767385535335983,8.000000000000002,4.399999999000003,-9.99997418205112e-10,1.0687499999999999,735.8472706368924,688.0463582333653,47.80091240352715
2026-02-15,B2_F01,748.6519133707959,0.0,0,0.0,112.64,7124.711549659999,630.6813491599997,0.0,1554.8256072639533,5051.844593236046,88.0,23.1244,21.600398999999992,1.5239999999999996,1.0000000081333837e-06,0.0,25.412234117647053,4.0,4.0,4,0,0,0,36,36,3.478544969259501,8.000000001,4.4000000000000075,7.105427357601002e-15,0.0,340.2676182641793,281.39586525392497,58.87175301025434
2026-02-15,B2_F08,798.3879614658856,0.0,0,0.0,115.20000000000002,7541.632241659998,630.6813491599997,0.0,1795.9351470351976,5230.2157454648,96.0,25.8116,24.287598999999986,1.5239999999999996,1.000000015238811e-06,0.0,28.573645882352917,4.0,4.0,4,0,0,0,41,41,3.4785449692595014,8.000000000999998,4.400000000000007,6.217248937900877e-15,0.0,340.2676182641793,281.39586525392497,58.87175301025434
2026-02-15,oracle_price_reserve,349.17225274021405,0.0,0,334.41757669080494,14.754676049409003,4144.299974589619,628.3519776475393,0.0,528.6448530747183,3336.475396607574,17.895563374507503,6.240160819317962,5.013362904336596,1.1695999999999998,0.05719791498136598,0.0,5.898074004017223,4.0,4.0,4,0,2,2,6,9,-1.0000025252310252e-09,8.000000001,4.399999998999997,-1.0000036354540498e-09,1.4532044457292885,340.2676182641793,281.39586525392497,58.87175301025434
2026-02-15,perfect_quarter_price,340.2676182641792,-1.7763568394002505e-15,0,340.2676182641793,0.0,0.0,0.0,0.0,0.0,340.2676182641793,0.0,0.0,0.0,0.0,0.0,0.0,0.0,4.0,4.0,0,0,0,0,0,0,0.0,8.000000000000002,4.399999999999999,-1.7763568394002505e-15,1.559454445729289,340.2676182641793,281.39586525392497,58.87175301025434
2026-02-16,B2_F01,1187.0449112348426,0.0,0,41.458667911476596,151.12062688393803,2802.8311122169025,933.0139835079726,0.0,769.3249246160422,1293.0714988883024,88.77621575463874,15.0989521460861,10.92357793642709,3.0144,1.1609742096590114,0.0,12.85126816050246,4.0,4.0,5,0,4,3,23,27,3.540565387149851,8.000000001,4.3999999999999995,-8.881784197001252e-16,0.41487950057817996,217.54682950901093,174.29089195632093,43.25593755269
2026-02-16,B2_F08,621.7019607348062,0.0,0,39.76107387930949,146.7609754731565,3519.2491638698557,933.0139835079723,0.0,920.3980847874559,1852.3591449268938,88.77621575463874,17.558201635583924,13.382827425924917,3.0144,1.160974209659006,0.0,15.74450285402931,4.0,4.0,5,0,2,2,24,28,3.7489921710220155,8.000000001,4.399999999999993,-7.105427357601002e-15,0.41487950057817996,217.54682950901093,174.29089195632093,43.25593755269
2026-02-16,oracle_price_reserve,283.3866168132733,0.0,0,174.15959559157335,109.22702122169983,3105.093605925371,933.0139835079726,0.0,735.2058138339738,1720.2604253966974,70.64126619752955,13.878355389053798,9.702981179394786,3.0144,1.1609742096590105,0.0,11.415271974673919,4.0,4.0,5,0,2,1,18,20,3.433526570176042,8.000000001,4.399999998999998,-1.00000274727563e-09,0.6273795005781799,217.54682950901093,174.29089195632093,43.25593755269
2026-02-16,perfect_quarter_price,217.54682950901093,-8.881784197001252e-16,0,217.54682950901093,0.0,0.0,0.0,0.0,0.0,217.54682950901093,0.0,0.0,0.0,0.0,0.0,0.0,0.0,4.0,4.0,0,0,0,0,0,0,0.0,8.0,4.3999999999999995,-8.881784197001252e-16,1.3844544457292887,217.54682950901093,174.29089195632093,43.25593755269
2026-02-17,B2_F01,885.9903224104645,1.7763568394002505e-15,0,128.50074536418072,299.194177589925,948.7756024253451,25.62517842838663,0.0,626.8514750998834,723.993871851181,56.75109714646729,7.93657286585484,7.457955412952588,0.0,0.4786174529022531,0.0,8.77406519170893,4.0,4.0,1,0,7,2,26,32,-9.999984312836219e-10,8.000000001000002,4.400000000000005,4.440892098500626e-15,1.3469544457292888,1137.8060024175509,1072.7211010636024,65.08490135394845
2026-02-17,B2_F08,458.9446167155163,0.0,0,45.43630281164371,973.2236341692329,1315.3729768350454,25.62517842838668,0.0,773.346702408488,1535.0610329790475,88.65302847436062,10.529029171594832,10.05041171869258,0.0,0.478617452902254,0.0,11.824013786697154,4.000000000000003,4.0,1,0,7,2,22,29,3.7528989258694816,8.000000001000002,4.4,0.0,0.4219544457292888,1137.8060024175509,1072.7211010636024,65.08490135394845
2026-02-17,oracle_price_reserve,1106.7113761432843,-8.881784197001252e-16,0,200.02839807379615,906.6829780694882,960.5678761861493,25.625178428386725,0.0,637.5281200670272,1404.1259538340198,54.77621575463875,8.298816238710202,7.820198785807948,0.0,0.4786174529022549,0.0,9.200233863487103,4.0,4.0,1,0,1,2,15,18,-9.999986949615902e-10,8.000000001,4.399999997999998,-2.0000019418375814e-09,1.3368339463074688,1137.8060024175509,1072.7211010636024,65.08490135394845
2026-02-17,perfect_quarter_price,1042.944387632358,-1.7763568394002505e-15,0,186.42438763235802,856.5200000000001,168.68414095000006,0.00012036999995786273,0.0,73.82240579480737,1137.8060024175509,16.0,1.0652000000000001,1.0651990000000005,0.0,9.999999996499354e-07,0.0,1.2531752930329951,4.0,4.0,0,0,0,0,0,0,8.881784197001252e-16,8.0,4.3999999989999985,-1.0000018590972104e-09,1.3368339463074688,1137.8060024175509,1072.7211010636024,65.08490135394845
2026-02-18,B2_F01,1914.9673770255893,0.0,0,252.8758779297176,2083.0257941743594,10693.27644958151,241.3780552519861,0.0,1882.0174530925851,10905.782613341016,88.77621575463874,20.881329766624265,17.541328529938234,1.7444,1.595601236686035,0.0,20.636857094044974,4.0,4.0,5,0,4,4,34,38,3.780273543039466,8.000000001,4.399999999999999,-1.7763568394002505e-15,0.41487950057817996,8241.524397405281,7997.424835266695,244.0995621385864
2026-02-18,B2_F08,605.6851105374122,0.0,0,248.7853072890593,2078.6658123370826,10511.941642900118,30.913450929905043,0.0,1995.6868736887532,10812.7924379076,88.65302847436062,17.296561689668398,17.00667940934249,0.2544000000000002,0.0354822803259071,0.0,20.00785812863822,4.000000000000003,4.0,5,0,8,4,31,39,3.8483463207029627,8.000000001,4.399999999999992,-7.993605777301127e-15,0.4219544457292885,8241.524397405281,7997.424835266695,244.0995621385864
2026-02-18,oracle_price_reserve,2494.243527109559,0.0,0,98.83801349268674,2395.4055136168718,8003.851486003725,238.34983525198606,0.0,1161.6989221453641,9098.046255715934,75.30945478104258,18.02294209646829,14.720940859782257,1.7064,1.5956012366860337,0.0,17.318753952685004,4.0,4.0,4,0,2,0,22,24,3.4780455542707074,8.000000000999998,4.399999999999997,-3.552713678800501e-15,0.52112950057818,8241.524397405281,7997.424835266695,244.0995621385864
2026-02-18,perfect_quarter_price,2430.991106444708,1.7763568394002505e-15,0,134.4711064447078,2296.52,6208.51639232,1.7909999986596147e-05,0.0,397.98308344942586,8241.524397405281,28.0,5.438,5.4379990000000005,0.0,9.999999992515995e-07,0.0,6.397645881268288,4.0,4.0,0,0,0,0,7,7,2.5560911075414228,8.0,4.399999999,-1.000000082740371e-09,0.8773795005781797,8241.524397405281,7997.424835266695,244.0995621385864
2026-02-19,B2_F01,1505.1856560844901,0.0,0,6.162670033556424,234.36097547315646,13683.62044210445,177.908458522454,0.0,1910.0462163374646,11836.189412751244,80.77621575463874,23.251722121280892,20.651829773275328,1.2904916225331124,1.3094007254724562,0.0,24.29627032150039,4.0,4.0,9,0,4,3,39,41,3.4586958323690897,8.000000001000002,4.400000000000003,2.6645352591003757e-15,0.41487950057817996,4198.875797871727,3647.762831521258,551.1129663504685
2026-02-19,B2_F08,942.0713679923277,0.0,0,-6.217333726793527,216.56721419027437,18992.866653155448,303.76751430523575,0.0,2727.2963301370637,16172.152689176628,88.77621575463874,25.238334832647755,20.918736972413154,2.1972000000000005,2.122397860234604,0.0,24.610278791074297,4.0,4.0,15,0,4,4,41,47,3.4586958323690897,8.000000001000005,4.399999999999991,-9.769962616701378e-15,0.41487950057817996,4198.875797871727,3647.762831521258,551.1129663504685
2026-02-19,oracle_price_reserve,303.33604637419563,-8.881784197001252e-16,0,105.10516931166721,198.23087706252835,18608.94786698892,367.42241605800564,0.0,1638.7195182073024,16906.14197909781,74.97588910921178,25.04669493475778,19.72374535627618,2.2824000000000004,3.0405495784816012,0.0,23.204406301501386,4.0,4.0,11,0,5,5,37,41,2.5403113153588572,8.000000001000004,4.399999999999996,-4.440892098500626e-15,0.6344544457292888,4198.875797871727,3647.762831521258,551.1129663504685
2026-02-19,perfect_quarter_price,221.2900681437717,-4.440892098500626e-15,0,185.9700681437717,35.32,4230.1294530899995,6.96000000174557e-05,0.0,252.54365376204473,4198.875797871727,4.0,2.838,2.837999,0.0,1.0000000002508003e-06,0.0,3.3388223507718706,4.0,4.0,1,0,0,1,2,3,-2.0000022749044888e-09,8.0,4.399999997999995,-2.00000549455126e-09,1.9032044457292887,4198.875797871727,3647.762831521258,551.1129663504685
2026-02-20,B2_F01,987.7467443370791,0.0,0,58.63452856895297,189.26381867870703,4602.402926339699,41.90634983430194,0.0,904.2948084471179,3904.1001153059387,68.09525175926419,14.061181638315063,13.332780401629023,0.42720000000000025,0.3012012366860386,0.0,15.6856240019165,4.0,4.0,3,0,2,0,26,28,3.5637986391822283,8.000000001,4.400000000000001,8.881784197001252e-16,0.4219544457292888,333.5393221860712,225.2570219068139,108.28230027925729
2026-02-20,B2_F08,493.9583014316137,0.0,0,39.57491570378443,212.4413091937957,5503.7317861513675,41.906349834302205,0.0,1258.44381083396,4455.397850380686,88.65302847436061,18.385041800471733,17.656640563785686,0.42720000000000025,0.3012012366860439,0.0,20.772518310336103,4.000000000000003,4.0,3,0,7,0,32,38,3.56379863918223,8.000000001,4.400000000000007,6.217248937900877e-15,0.4219544457292888,333.5393221860712,225.2570219068139,108.28230027925729
2026-02-20,oracle_price_reserve,444.6893331920858,-1.7763568394002505e-15,0,363.67250858813964,81.01682460394615,3064.5059060763706,33.08629167742721,0.0,658.3605421684052,2817.748405422624,38.20472282287609,10.403122006921567,9.791558207735523,0.23880000000000012,0.372763799186044,0.0,11.519480243310088,4.0,4.0,3,0,6,1,14,21,-9.999978900498974e-10,8.000000001,4.399999999000005,-9.999956418482725e-10,1.6387513207292892,333.5393221860712,225.2570219068139,108.28230027925729
2026-02-20,perfect_quarter_price,328.28865512941684,-2.6645352591003757e-15,0,298.84865512941695,29.44,5.20502,0.0,0.0,-0.0456470566542258,333.53932218607116,4.0,0.0388,0.0388,0.0,0.0,0.0,0.0456470566542258,4.0,4.0,0,0,0,0,0,0,-1.999998222590449e-09,8.0,4.399999997999998,-2.0000019418375814e-09,1.6719544457292888,333.5393221860712,225.2570219068139,108.28230027925729
2026-02-21,B2_F01,862.9793453764541,0.0,0,-164.29062697777883,89.69715679444948,2767.7252077068933,279.9724172808355,0.0,2259.1158932416374,154.043427001091,44.68096399537456,21.40387214287089,11.54185789682225,7.8646975040665055,1.9973167419821365,0.0,13.578656349202646,4.0,4.0,14,0,0,3,16,19,1.0000014150080005e-09,8.000000001000002,4.400000000000001,8.881784197001252e-16,1.3368339463074685,430.8057681892741,317.73180373973173,113.07396444954236
2026-02-21,B2_F08,582.8151495658248,0.0,0,112.3225227826571,124.45936165211074,4301.161781280241,320.4291779212548,0.0,2893.7470041793445,1323.7674836144092,88.77621575463874,38.10516159807367,27.093269374322446,8.7468,2.2650922237512274,0.0,31.874434558026422,4.0,4.0,15,0,2,4,43,47,3.5044247728772633,8.000000001000016,4.4000000000000234,2.3092638912203256e-14,0.41487950057817996,430.8057681892741,317.73180373973173,113.07396444954236
2026-02-21,oracle_price_reserve,450.73715465123183,-8.881784197001252e-16,0,426.4030583602998,24.334096290932045,1005.8783645326507,44.75157758999997,0.0,368.9021562395093,1042.9617853543732,21.489695956614995,11.549312180977683,10.538661180977686,0.6187999999999998,0.39185099999999845,0.0,12.398424918797279,4.0,4.0,5,0,2,1,13,15,-3.774758283725532e-15,8.000000001,4.399999999999999,-1.7763568394002505e-15,2.2102793908803977,430.8057681892741,317.73180373973173,113.07396444954236
2026-02-21,perfect_quarter_price,430.805768189274,-1.7763568394002505e-15,0,430.8057681892741,0.0,0.0,0.0,0.0,0.0,430.8057681892741,0.0,0.0,0.0,0.0,0.0,0.0,0.0,4.0,4.0,0,0,0,0,0,0,-3.552713678800501e-15,8.000000000000002,4.399999999999999,-1.7763568394002505e-15,2.3915293908803976,430.8057681892741,317.73180373973173,113.07396444954236
2026-02-22,B2_F01,462.5699107283096,0.0,0,105.80723576180787,366.42199895275473,4945.773550239843,1950.752036667665,0.0,1161.6611597554404,2305.5895885313003,88.65302847436061,30.41379170552709,23.232621196124025,4.2732,2.907970509403063,0.0,27.33249552485179,4.000000000000003,4.0,14,0,7,4,43,50,3.4210800909833337,8.000000001,4.399999999999999,-1.7763568394002505e-15,0.4219544457292888,1945.6037301623967,1832.1455000281533,113.45823013424342
2026-02-22,B2_F08,683.8949443171804,0.0,0,67.35248305807231,384.954238209185,6047.720791371319,2071.528599716878,0.0,1231.308312965782,3197.190599955917,88.65302847436061,31.84365935948259,23.168186651634635,4.537599999999999,4.13787270784796,0.0,27.256690178393697,4.0,4.0,18,0,6,4,40,50,3.520651171122106,8.000000001,4.400000000000015,1.4210854715202004e-14,0.4219544457292888,1945.6037301623967,1832.1455000281533,113.45823013424342
2026-02-22,oracle_price_reserve,619.9116552620904,8.881784197001252e-16,0,319.57317840914214,300.33847685294813,1938.0038461158026,34.69587863026644,0.0,481.8538727841017,2041.3657499635244,40.25542730239406,10.20731914064568,9.347048676854696,0.8602694637909842,1.0000000005838672e-06,0.0,10.99652785512317,4.0,4.0,3,0,4,8,24,30,0.0,8.000000001,4.3999999999999995,-8.881784197001252e-16,2.0907044457292887,1945.6037301623967,1832.1455000281533,113.45823013424342
2026-02-22,perfect_quarter_price,569.9145821174048,1.7763568394002505e-15,0,302.1945821174048,267.72,1444.184922,0.00014817999991522486,0.0,68.49562577500792,1945.6037301623967,16.0,2.0068,2.0067990000000004,0.0,9.999999994278908e-07,0.0,2.3609399989153497,4.0,4.0,0,0,0,0,4,4,-1.9999982781016e-09,8.000000000000002,4.399999999000004,-9.999965300266922e-10,2.409454445729288,1945.6037301623967,1832.1455000281533,113.45823013424342
2026-02-23,B2_F01,1849.582807036041,0.0,0,120.97545069244066,243.9219638519023,3116.1346972544998,46.48808597657137,0.0,887.3821212241755,2547.161904598096,88.77621575463874,17.678832290975603,16.313587811046318,1.2652,0.10004447992928478,0.0,19.19245624828978,4.0,4.0,4,0,2,2,24,27,3.5455114015881164,8.000000001,4.4,0.0,0.41487950057817996,439.0305628746845,393.71566575692447,45.31489711775998
2026-02-23,B2_F08,997.9410252406851,0.0,0,105.9143446320256,213.48445131536664,2853.3705433682344,21.91523687574752,0.0,857.2419401214088,2293.6121623184704,88.77621575463874,15.454472931899243,14.701102501293262,0.6384000000000001,0.11497043060598154,0.0,17.295414707403843,4.0,4.0,4,0,4,4,29,33,3.435462580336714,8.000000001,4.400000000000007,6.217248937900877e-15,0.41487950057817996,439.0305628746845,393.71566575692447,45.31489711775998
2026-02-23,oracle_price_reserve,431.28002561963905,8.881784197001252e-16,0,238.4189137112652,192.86111190837374,2021.3142912699138,3.7758833599999684,0.0,526.7664384283341,1922.0519951012186,65.17146751390294,8.98414419170662,8.890123191706621,0.09402000000000008,9.999999991405772e-07,0.0,10.45896846083132,4.0,4.0,1,0,2,2,17,20,4.22146670815105,8.000000001,4.400000000000004,3.552713678800501e-15,0.8961295005781797,439.0305628746845,393.71566575692447,45.31489711775998
2026-02-23,perfect_quarter_price,358.4539344802148,0.0,0,211.49393448021476,146.95999999999998,123.13169183999999,6.806000000443648e-05,0.0,42.55499538553026,439.03056287468445,16.0,0.7884,0.7883989999999998,0.0,1.0000000000651849e-06,0.0,0.9275282342094652,4.0,4.0,1,0,0,0,1,1,2.5767385545335966,8.0,4.399999999,-1.000000082740371e-09,1.2624999999999997,439.0305628746845,393.71566575692447,45.31489711775998
2026-02-24,B2_F01,1386.7708410791938,0.0,0,146.93419732373303,1300.7301746264006,6264.0017133502215,218.73021124670393,0.0,1586.5213497942764,5906.414524259375,88.65302847436061,19.339750643507536,16.51137102844311,0.8111999999999999,2.0171796150644226,0.0,19.425142386403653,4.0,4.0,4,0,8,2,31,39,3.45242654213813,8.000000001,4.399999999999997,-3.552713678800501e-15,0.4219544457292888,1797.6759181716818,1735.4452082647429,62.23070990693896
2026-02-24,B2_F08,557.4082891166355,0.0,0,147.45374798512404,1301.017167695589,6264.259684428405,218.7302112467041,0.0,1586.664866884748,5907.335521977666,88.65302847436061,19.341521876834776,16.513142261770348,0.8111999999999999,2.0171796150644243,0.0,19.427226190318056,4.0,4.0,4,0,8,2,31,38,3.45242654213813,8.000000001,4.399999999999998,-2.6645352591003757e-15,0.4219544457292888,1797.6759181716818,1735.4452082647429,62.23070990693896
2026-02-24,oracle_price_reserve,1467.0219358433728,8.881784197001252e-16,0,203.64770672833436,1263.3742291150384,5783.993932138813,123.66187176305442,0.0,1255.2623981653928,5872.0915980537375,81.60913514465508,15.433994142106112,13.776640153656013,0.778,0.8793539884500985,0.0,16.207811945477655,4.000000000000001,4.0,3,0,10,0,23,32,3.452426542138133,8.000000001,4.399999999999993,-7.105427357601002e-15,0.6719544457292888,1797.6759181716818,1735.4452082647429,62.23070990693896
2026-02-24,perfect_quarter_price,1333.070520614011,8.881784197001252e-16,0,219.63052061401095,1113.44,617.5520726,6.928000000920309e-05,0.0,152.94660576232923,1797.6759181716818,32.0,1.8276,1.8275989999999998,0.0,1.000000000132839e-06,0.0,2.1501164695035824,4.0,4.0,1,0,0,0,3,3,3.463294281139043,8.0,4.399999999,-1.000000082740371e-09,0.8961295005781797,1797.6759181716818,1735.4452082647429,62.23070990693896
2026-02-25,B2_F01,2149.6422707907623,0.0,0,56.797985233341365,1129.0205937619005,1510.197804427208,6.11999999637403e-05,0.0,802.4798085137134,1893.5365137087363,88.65302847436061,11.050821447533117,11.05082044753312,0.0,9.999999994075214e-07,0.0,13.000965232391902,4.0,4.0,0,0,5,2,23,29,3.505618561314207,8.000000001000002,4.400000000000001,8.881784197001252e-16,0.4219544457292888,1384.0414658297962,1310.2112309195152,73.83023491028098
2026-02-25,B2_F08,979.3464528639087,0.0,0,54.78704086554952,1127.5367894304209,1453.6254791686092,6.119999985503474e-05,0.0,764.1447757605408,1871.8044725040388,88.65302847436061,10.718528669505053,10.718527669505056,0.0,9.999999976312865e-07,0.0,12.610032552358888,4.000000000000001,4.0,0,0,5,2,23,28,3.5056185613142086,8.000000001,4.4,0.0,0.42195444572928864,1384.0414658297962,1310.2112309195152,73.83023491028098
2026-02-25,oracle_price_reserve,1408.0872831351808,-1.7763568394002505e-15,0,381.58894958641076,1026.49833354877,763.1865933461505,8.957999991306752e-05,0.0,616.44212959282,1554.8316573085112,42.11833683819614,6.039437403066003,6.039436403066004,0.0,9.99999999029555e-07,0.0,7.105219297724709,4.000000000000001,4.000000000000001,0,0,4,1,12,16,-1.000000304784976e-09,8.000000001,4.399999999999998,-2.6645352591003757e-15,1.52112950057818,1384.0414658297962,1310.2112309195152,73.83023491028098
2026-02-25,perfect_quarter_price,1351.2780904252802,-2.6645352591003757e-15,0,334.8780904252804,1016.4,36.505919429966205,9.948999999664774e-05,0.0,3.7424445354506672,1384.0414658297962,20.0,0.3130992150098564,0.3130982150098564,0.0,9.999999999663056e-07,0.0,0.3683508401034121,4.0,4.0,0,0,0,0,0,0,0.0,8.0,4.399999998999996,-1.0000045236324695e-09,1.52112950057818,1384.0414658297962,1310.2112309195152,73.83023491028098
2026-02-26,B2_F01,1752.1494078613468,0.0,0,0.0,197.95999999999998,1160.4432267657394,2.4090000008674517e-05,0.0,-7.243612450200084,1365.6468151259396,96.0,3.401861722526269,3.4018607225262687,0.0,1.0000000003600878e-06,0.0,4.002189085325023,4.0,4.0,1,0,0,0,0,0,4.338609155373123,6.34987710519874,4.4,0.0,0.0,506.1921882423322,396.5190224733344,109.67316576899788
2026-02-26,B2_F08,876.456219666378,0.0,0,53.552947899274216,175.41671142416652,1160.4432432257395,2.06500000023155e-05,0.0,46.62623193044289,1342.7866499687375,88.65302847436061,3.401861722526269,3.4018607225262687,0.0,1.0000000001121308e-06,0.0,4.002189084240371,4.0,4.0,1,0,0,2,3,5,4.338609155373123,8.000000001,4.399999999000001,-9.999991945619513e-10,0.4219544457292888,506.1921882423322,396.5190224733344,109.67316576899788
2026-02-26,oracle_price_reserve,527.7254278446153,1.7763568394002505e-15,0,425.4948643099376,102.23056353467786,138.609935068441,2.4089999999940513e-05,0.0,2.3139712411720934,664.0213675818844,22.274712471794256,0.2115662690400716,0.2115652690400716,0.0,9.999999999975306e-07,0.0,0.2489003154330795,4.0,4.0,0,0,1,2,0,3,1.0000026709477972e-09,8.000000001,4.399999999000003,-9.99997418205112e-10,2.032578603965106,506.1921882423322,396.5190224733344,109.67316576899788
2026-02-26,perfect_quarter_price,506.0956359972606,8.881784197001252e-16,0,470.77563599726096,35.32,0.12922716517241378,9.841000000001305e-05,0.0,0.03257651010111052,506.19218824233224,4.0,0.0020689655172413794,0.0020679655172413792,0.0,1.0000000000001327e-06,0.0,0.002432898439216618,4.0,4.0,1,0,0,0,0,0,-2.000003552528329e-09,8.0,4.399999998000003,-1.999997500945483e-09,2.4094544457292884,506.1921882423322,396.5190224733344,109.67316576899788
2026-02-27,B2_F01,463.40059062112766,-8.881784197001252e-16,0,277.54905548900547,330.43186447311643,432.58466465772767,5.2687240339922585,0.0,134.0627218121963,901.2341387736612,29.34398062759557,2.667822093720809,2.5550980022789553,0.02458434959527403,0.08813974184658002,0.0,3.005997646485989,4.0,4.0,1,0,0,7,17,18,-2.9999993461649055e-09,8.000000001,4.399999996999998,-3.0000020245779524e-09,1.8439088914585777,3318.607965755418,3252.7092256190904,65.89874013632743
2026-02-27,B2_F08,363.9726847238506,0.0,0,109.53376905656683,1545.1865252036773,7133.97489088696,311.9383469156573,0.0,726.6087904710516,7750.148047760496,88.65302847436061,18.65367012930441,15.694701634309581,2.958967494994833,9.999999974752427e-07,0.0,18.464354863893618,4.0,4.0,7,0,5,3,32,38,3.9966115779076414,8.000000001,4.399999999999997,-3.552713678800501e-15,0.4219544457292888,3318.607965755418,3252.7092256190904,65.89874013632743
2026-02-27,oracle_price_reserve,2035.4216407673289,-1.7763568394002505e-15,0,214.62484115615644,1820.7967996111724,1596.0967419019798,31.73622724500131,0.0,368.1016205639737,3231.680534860334,67.0850746037098,10.128486627142847,8.621748822663651,0.8265637713823464,0.680174033096848,0.0,10.143233907931407,4.0,4.0,4,0,7,0,18,24,1.4920862634403147,8.0,4.399999998999997,-1.0000036354540498e-09,1.2388113520017505,3318.607965755418,3252.7092256190904,65.89874013632743
2026-02-27,perfect_quarter_price,1952.133898597884,-2.6645352591003757e-15,0,215.8538985978838,1736.28,1458.3473768459867,22.671537979090907,0.0,69.20177170936186,3318.607965755418,28.0,5.770673172665181,3.798853990846999,1.9718181818181821,9.999999998899778e-07,0.0,4.4692399881471125,4.0,4.0,2,0,0,0,2,2,1.5727458191852586,8.0,4.399999998999998,-1.00000274727563e-09,1.5805839463074687,3318.607965755418,3252.7092256190904,65.89874013632743
2026-02-28,B2_F01,1319.1824429604446,0.0,0,0.0,2344.64,8843.585703404668,141.9474461831451,0.0,753.7257670271856,10292.552490194335,92.0,19.31331785456721,17.064217109281664,1.1160454545454543,1.1330552907400882,0.0,20.075549540331366,4.0,4.0,8,0,0,0,26,26,3.4166547096438347,7.9159737976908735,4.399999999999994,-6.217248937900877e-15,0.0,8504.931704118164,8507.799110435424,-2.8674063172602478
2026-02-28,B2_F08,813.5276796990219,8.881784197001252e-16,0,18.256473434837858,1995.5624206274942,8993.3092725082,140.13920134015058,0.0,944.0240659330649,9922.964899297316,88.4037194172248,20.471128546361914,18.24062432670877,1.0945047850876968,1.1359994345654487,0.0,21.459558031422073,4.0,4.0,9,0,2,7,36,41,3.3694526513258642,8.000000001,4.399999999999999,-1.7763568394002505e-15,0.4320749451511086,8504.931704118164,8507.799110435424,-2.8674063172602478
2026-02-28,oracle_price_reserve,2347.7298473825717,0.0,0,0.9311626351647504,2346.7986847474067,9102.006708228284,138.67728410715725,0.0,939.2140259196653,10371.845245584032,95.820213158513,21.409552984033965,19.190393406627912,1.0956413127296563,1.1235182646763966,0.0,22.57693341956226,4.0,4.0,8,0,4,1,32,33,3.2938730223900805,7.91597379769088,4.400000000000004,3.552713678800501e-15,0.007074945151108862,8504.931704118164,8507.799110435424,-2.8674063172602478
2026-02-28,perfect_quarter_price,2285.7585037000003,0.0,0,0.9585037000000085,2284.8,6507.808313929333,10.859122000000028,0.0,277.7759915111687,8504.931704118164,68.0,10.215317854567207,9.960771400021752,0.25454545454545463,1.0000000010279564e-06,0.0,11.718554588260883,4.0,4.0,4,0,0,0,13,13,4.024059991536072,7.915973797690877,4.399999999999998,-2.6645352591003757e-15,0.10625000000000001,8504.931704118164,8507.799110435424,-2.8674063172602478
2026-03-01,B2_F01,934.598183023158,0.0,0,-27.61486862820078,749.0420226686193,1549.1066241984076,11.504922482479104,0.0,51.901675781662114,2207.1271799746846,84.77621575463874,11.546080230930812,8.761957096837161,2.0775408163265308,0.7065823177671209,0.0,10.308184819808424,4.0,4.0,3,0,2,0,11,13,3.648526252744751,8.000000001,4.4,0.0,0.41487950057817996,1363.9377990084809,1262.3141012053486,101.62369780313225
2026-03-01,B2_F08,1609.0835849059822,0.0,0,-130.24628880661544,742.3076746602053,1382.3203601639536,15.52436314013773,0.0,75.4467143035734,1903.4106685738325,88.77621575463874,9.773177058627446,7.289460550666729,1.7771341901935953,0.7065823177671232,0.0,8.575835941960861,4.0,4.0,4,0,1,3,14,15,3.648526252744751,8.000000001,4.400000000000003,2.6645352591003757e-15,0.41487950057817996,1363.9377990084809,1262.3141012053486,101.62369780313225
2026-03-01,oracle_price_reserve,1268.732206237431,0.0,0,593.7202248405353,675.011981396896,458.02134714342503,-4.844126412448987,0.0,110.65072104005048,1620.9469587532549,47.001595082259605,4.37831905475103,4.0162772384244985,0.3620408163265305,1.0000000003895781e-06,0.0,4.725032043035988,4.0,4.0,2,0,2,3,7,11,-2.000000012825076e-09,8.0,4.399999998,-2.000000165480742e-09,1.7905455542707114,1363.9377990084809,1262.3141012053486,101.62369780313225
2026-03-01,perfect_quarter_price,1236.2524872509002,-2.6645352591003757e-15,0,627.2124872509003,609.04,213.65700556154061,0.00011300000000795396,0.0,85.97158080396002,1363.9377990084809,12.0,1.625142857142857,1.625141857142857,0.0,1.000000000070389e-06,0.0,1.911931595554,4.0,4.0,1,0,0,0,3,3,-2.000002830016001e-09,8.0,4.399999998999995,-1.0000054118108892e-09,2.346954445729289,1363.9377990084809,1262.3141012053486,101.62369780313225
2026-03-02,B2_F01,530.2184688675677,0.0,0,391.0626633685903,1226.084779804636,1156.721091762165,-5.734589679615329,0.0,42.151994454099565,2737.4511301609073,40.09525175926419,4.942237466783256,2.633560554421539,1.572,0.7366769123617165,0.0,3.0983065346135765,4.0,4.0,2,0,0,1,3,4,-9.999997496734636e-10,8.000000001,4.4,0.0,1.2719544457292886,2035.321405863036,1946.5081938140345,88.8132120490011
2026-03-02,B2_F08,682.039572732479,0.0,0,21.096377874304487,1711.6994678077629,4277.7792238518105,-8.658046469738723,0.0,-5.454767899553865,6024.687883903171,88.77621575463874,9.365702841715454,6.764680250341391,1.8643456790123458,0.7366769123617143,0.0,7.958447353342812,4.0,4.0,3,0,0,2,10,10,3.70891627554675,8.000000001,4.3999999999999995,-8.881784197001252e-16,0.41487950057817996,2035.321405863036,1946.5081938140345,88.8132120490011
2026-03-02,oracle_price_reserve,2115.9831485498867,-8.881784197001252e-16,0,751.1955612615981,1364.7875872882887,1725.6852837493352,-1.9624631254989846,0.0,26.90333084478215,3816.727564579939,66.21697420180931,2.7943613354804206,2.598102710930516,0.0,0.19625862454990428,0.0,3.0565914235394844,4.0,4.0,2,0,3,4,7,14,-2.000000165480742e-09,8.0,4.399999998999999,-1.0000009709187907e-09,1.4219544457292888,2035.321405863036,1946.5081938140345,88.8132120490011
2026-03-02,perfect_quarter_price,1876.7129155856073,1.7763568394002505e-15,0,345.31291558560736,1531.4,182.70294175336045,6.200000000178285e-05,0.0,24.094389475932115,2035.3214058630356,40.0,1.656807211699817,1.6568062116998168,0.0,1.0000000000287557e-06,0.0,1.9491837752164178,4.0,4.0,1,0,0,1,4,5,3.7789736439652586,8.0,4.399999997000004,-2.999996695507434e-09,0.9461295005781797,2035.321405863036,1946.5081938140345,88.8132120490011
2026-03-03,B2_F01,1215.6804521619742,0.0,0,409.08657676918517,1734.5863426503295,259.262655876666,9.502999999055945e-05,0.0,-176.99228276175506,2579.9277630279357,62.30479989657367,2.3066123102594758,2.306611310259476,0.0,9.999999999006572e-07,0.0,2.713660363926496,4.0,4.0,0,0,4,0,0,4,0.0,8.0,4.399999999000001,-9.999991945619513e-10,0.9219544457292888,2578.371550039013,2457.493378989697,120.87817104931672
2026-03-03,B2_F08,1375.3810641657406,0.0,0,105.64241809975931,1878.646149835488,412.49979005460716,1.5879999989465225e-05,0.0,-232.5771033022987,2629.3654454121533,88.65302847436061,3.35656553340159,3.3565645334015906,0.0,9.99999999336601e-07,0.0,3.948899449976042,4.0,4.0,0,0,4,1,1,5,4.168861071130025,8.0,4.399999998999999,-1.0000009709187907e-09,0.4219544457292888,2578.371550039013,2457.493378989697,120.87817104931672
2026-03-03,oracle_price_reserve,2600.734525106204,-2.6645352591003757e-15,0,1004.4815999287922,1596.2529251774108,279.38819168930877,0.00025146000004169176,0.0,245.33638426411846,2634.7860810713933,61.586440755291356,2.409446320033946,2.409445320033946,0.0,1.0000000001657988e-06,0.0,2.834641549727155,4.0,4.0,1,0,2,2,8,11,-2.0000000024167353e-09,8.0,4.399999996999997,-3.000002912756372e-09,1.5564088914585776,2578.371550039013,2457.493378989697,120.87817104931672
2026-03-03,perfect_quarter_price,2431.5410926412837,-1.7763568394002505e-15,0,599.2610926412837,1832.28,304.1006069349838,0.0001807099999851336,0.0,157.26996882725425,2578.3715500390135,36.0,2.238250217539372,2.238249217539372,0.0,9.999999999177334e-07,0.0,2.6332343703217713,4.0,4.0,0,0,0,2,6,8,-2.000000165480742e-09,8.0,4.399999996999996,-3.0000046891132115e-09,1.5493339463074685,2578.371550039013,2457.493378989697,120.87817104931672
2026-03-04,B2_F01,2240.0886274257673,0.0,0,1006.3786582539266,3877.2703498779792,3945.35234242517,0.002326775686121482,0.0,376.89364407121167,8452.105379710178,81.42924422899938,6.176390605584875,6.176350192529605,0.0,4.041305527027663e-05,0.0,7.266294344152478,4.000000000000003,4.0,2,0,6,3,24,30,3.7960638891519185,8.000000001000004,4.400000000000004,3.552713678800501e-15,0.8368339463074688,8580.03996277166,8573.901455209585,6.138507562074665
2026-03-04,B2_F08,1533.1310498359169,0.0,0,143.78204914270228,4103.160138618288,1452.6525480378464,0.32007833000006436,0.0,107.01321157510561,5592.261445893731,88.65302847436061,7.502126844444836,7.496625844444834,0.00550000000000006,1.0000000018259292e-06,0.0,8.819559816993923,4.0,4.0,2,0,7,1,16,23,4.007992517940646,8.000000001,4.400000000000001,8.881784197001252e-16,0.4219544457292888,8580.03996277166,8573.901455209585,6.138507562074665
2026-03-04,oracle_price_reserve,5458.920954762433,0.0,0,1535.7473704448457,3923.173584317586,4230.191409780486,0.3200783299999897,0.0,441.8234248932137,9246.968861319705,77.61510479548627,8.273066507712347,8.267565507712346,0.00550000000000006,9.999999995846665e-07,0.0,9.726547656132174,4.0,4.0,1,0,8,2,25,33,3.7960638891519185,8.000000001000004,4.400000000000005,4.440892098500626e-15,0.8439088914585777,8580.03996277166,8573.901455209585,6.138507562074665
2026-03-04,perfect_quarter_price,4416.681305180604,0.0,0,12.081305180604431,4404.6,4225.749156078189,0.3200194299999703,0.0,62.070479057134754,8580.03996277166,76.0,7.913612856242656,7.908111856242655,0.00550000000000006,1.0000000012985732e-06,0.0,9.3036610073443,4.0,4.0,2,0,0,0,7,7,3.4166547106438347,8.000000001,4.4,0.0,0.21250000000000002,8580.03996277166,8573.901455209585,6.138507562074665
2026-03-05,B2_F01,2970.852384154007,8.881784197001252e-16,0,789.7154824230744,3006.789123930678,798.3851003932366,0.00016134000010623598,0.0,463.87604829967836,4131.01349710731,65.50158335749066,5.914024085045157,5.914023085045156,0.0,1.0000000006584603e-06,0.0,6.9576742177001805,4.000000000000001,4.0,1,0,16,3,13,30,0.07569165076745835,8.000000001,4.399999999999999,-1.7763568394002505e-15,1.3439088914585775,4749.249925647245,4679.8962222909095,69.35370335633525
2026-03-05,B2_F08,1497.9476005335162,0.0,0,37.663242517945264,3678.741035869818,1105.123248372191,4.016000011262122e-05,0.0,516.3191795161124,4305.208307083842,88.77621575463874,8.274326145906866,8.274325145906863,0.0,1.0000000028043132e-06,0.0,9.734500171655137,4.0,4.0,1,0,3,4,18,21,4.023724532065218,8.000000001,4.400000000000002,1.7763568394002505e-15,0.41487950057817996,4749.249925647245,4679.8962222909095,69.35370335633525
2026-03-05,oracle_price_reserve,4225.498205504774,8.881784197001252e-16,0,346.0364217900217,3879.461783714752,966.5569515062805,0.00012538000036775414,0.0,316.9135788812322,4875.141452749823,76.44659779011141,6.894732289883963,6.894731289883961,0.0,1.0000000029331164e-06,0.0,8.11144857633407,4.0,4.0,1,0,5,1,10,15,3.0580042988876053,8.000000001000002,4.400000000000002,1.7763568394002505e-15,0.9618339463074688,4749.249925647245,4679.8962222909095,69.35370335633525
2026-03-05,perfect_quarter_price,4130.652585042995,0.0,0,352.25258504299455,3778.3999999999996,877.6321612898273,0.00012827000046740554,0.0,259.0346924155763,4749.249925647245,48.0,6.0073555044144005,6.007354504414398,0.0,1.0000000036439194e-06,0.0,7.067475887546349,4.0,4.0,1,0,0,1,8,9,3.0580042988876053,8.000000001,4.399999999999999,-1.7763568394002505e-15,1.0868339463074688,4749.249925647245,4679.8962222909095,69.35370335633525
2026-03-06,B2_F01,3440.1803972864063,0.0,0,760.1773903131402,3031.8426501796193,2142.9372947544052,6.655999961949988e-05,0.0,1723.997844410375,4210.959424276791,78.74124473638727,14.623806290969185,14.623805290969191,0.0,9.999999942833515e-07,0.0,17.204476812904918,4.0,4.0,0,0,12,3,38,48,3.562841257303087,8.000000001000004,4.399999999999998,-2.6645352591003757e-15,0.9148795005781801,4414.799492038252,4297.043854011947,117.75563802630496
2026-03-06,B2_F08,1597.6488400652213,0.0,0,152.09970892225095,3749.720428933692,2642.2717445313847,24.709452852137222,0.0,2026.9827592858342,4492.399670249355,88.77621575463874,18.552059857570118,18.25886539389207,0.04949999999999988,0.2436944636780516,0.0,21.481018110461257,4.0,4.0,2,0,4,1,41,45,3.6075073571076945,8.000000001000004,4.400000000000005,4.440892098500626e-15,0.41487950057817996,4414.799492038252,4297.043854011947,117.75563802630496
2026-03-06,oracle_price_reserve,4211.701143302949,0.0,0,591.2163634983128,3620.4847798046367,1952.4771520933527,6.655999961949988e-05,0.0,1359.83170180989,4804.346527026411,64.09525175926419,12.921621010390778,12.921620010390782,0.0,9.999999942833515e-07,0.0,15.201905894577388,4.000000000000001,4.000000000000001,0,0,4,1,22,25,1.000000082740371e-09,8.000000001,4.400000000000002,1.7763568394002505e-15,1.4430839463074685,4414.799492038252,4297.043854011947,117.75563802630496
2026-03-06,perfect_quarter_price,3860.2949785793526,1.7763568394002505e-15,0,219.25497857935235,3641.04,1228.7960940272342,6.655999997420282e-05,0.0,674.2915140083353,4414.799492038252,56.0,7.738907776653967,7.738906776653967,0.0,9.99999999612422e-07,0.0,9.104596207828196,4.0,4.0,0,0,0,0,12,12,1.2392887571757898,8.000000001,4.400000000000004,3.552713678800501e-15,0.875,4414.799492038252,4297.043854011947,117.75563802630496
2026-03-07,B2_F01,4397.2655266573365,-1.7763568394002505e-15,0,157.25413158082563,1482.0039146284516,12037.68399471194,2807.2542908493087,0.0,2666.71448012581,8202.973269946098,73.40058018880444,25.357890023542183,20.036250008462936,3.895307228915662,1.426332786163588,0.0,23.572058833485812,4.0,4.0,10,0,4,6,41,43,3.48955343325964,8.000000001000002,4.400000000000002,1.7763568394002505e-15,0.8368339463074688,2288.587210533143,2158.685353730812,129.90185680233117
2026-03-07,B2_F08,1698.9366755473088,0.0,0,-109.71886021204875,1779.2140952839623,10863.86583655524,3267.927960322238,0.0,2717.6165683539357,6547.81654295098,88.65302847436061,32.81049577882685,22.70875850912477,4.9103570678034965,5.191380201898583,0.0,26.716186481323266,4.0,4.0,24,0,6,4,33,42,3.5278017608358043,8.000000001,4.400000000000005,4.440892098500626e-15,0.4219544457292887,2288.587210533143,2158.685353730812,129.90185680233117
2026-03-07,oracle_price_reserve,2113.356098579723,1.7763568394002505e-15,0,493.3432826164263,1620.0128159632968,2054.6818862815117,12.689973622435494,0.0,1229.2047926301188,2926.14321860868,57.455836882207706,11.628508613516908,11.47530357159447,0.0,0.15320504192243745,0.0,13.500357143052323,4.0,4.0,1,0,0,5,28,28,0.1618233414559107,8.000000001000004,4.400000000000009,8.881784197001252e-15,1.2594544457292889,2288.587210533143,2158.685353730812,129.90185680233117
2026-03-07,perfect_quarter_price,2060.4947508107916,0.0,0,526.6547508107917,1533.8400000000001,409.22303467771746,0.00013997999997779993,0.0,181.1304349753659,2288.587210533143,24.0,2.066358637227256,2.066357637227256,0.0,9.999999998414055e-07,0.0,2.4310089838885895,4.0,4.0,0,0,0,0,4,4,0.0,8.0,4.399999999,-1.000000082740371e-09,1.2594544457292887,2288.587210533143,2158.685353730812,129.90185680233117
2026-03-08,B2_F01,1958.7942343468594,-8.881784197001252e-16,0,63.18651817943024,1190.6737561131663,4967.370873301925,7.480465841027292,0.0,1298.8956606477552,4914.855021105739,69.50158335749067,13.60996441183756,13.464848305691387,0.13655172413793104,0.008564382008244276,0.0,15.840998006695752,4.000000000000005,4.0,4,0,17,4,33,49,-1.000000582340732e-09,8.000000001000004,4.400000000000006,5.329070518200751e-15,1.3439088914585768,5201.914537672917,5068.980468021691,132.9340696512254
2026-03-08,B2_F08,1802.0408030249257,0.0,0,-43.028350493514154,1492.5362815445533,4675.633797704312,50.32261960115975,0.0,1480.566171108686,4594.252938045505,81.42924422899938,14.978220420070782,13.966644886054933,0.13655172413793104,0.8750238098779196,0.0,16.431346924770516,4.0,4.0,5,0,8,7,39,47,3.6609250769255235,8.000000001000004,4.400000000000014,1.3322676295501878e-14,0.8368339463074688,5201.914537672917,5068.980468021691,132.9340696512254
2026-03-08,oracle_price_reserve,1861.8857110974634,-8.881784197001252e-16,0,371.1335768407375,1490.752134256726,5023.507033043085,16.608782494840185,0.0,870.6196113285996,5998.164350317109,58.77734743779283,10.827512793441903,10.133580764374848,0.13961476530887196,0.554317263758183,0.0,11.921859722793945,4.0,4.0,2,0,5,3,15,19,-1.0000009986743663e-09,8.000000001,4.400000000000007,6.217248937900877e-15,1.153204445729289,5201.914537672917,5068.980468021691,132.9340696512254
2026-03-08,perfect_quarter_price,1799.6472111873939,0.0,0,418.2872111873942,1381.36,3777.1514830084566,6.593999995431088e-05,0.0,374.88409058293405,5201.914537672917,24.0,4.077523849422468,4.0775228494224685,0.0,9.999999993071107e-07,0.0,4.797085704118252,4.0,4.0,0,0,0,0,7,7,0.0,8.0,4.399999999,-1.000000082740371e-09,1.2594544457292887,5201.914537672917,5068.980468021691,132.9340696512254
2026-03-09,B2_F01,2061.3823304279576,-8.881784197001252e-16,0,981.401787394915,2538.1794392429674,1006.2772044260506,0.00010498999996805036,0.0,795.8665390731344,3729.991787000799,43.155619451071374,5.365884983290025,5.365883983290025,0.0,9.999999996956888e-07,0.0,6.31280468405425,4.0,4.0,0,0,4,1,14,18,-1.000000082740371e-09,8.000000001,4.399999997999997,-2.000003718194421e-09,1.4219544457292888,5123.299824151933,5108.648287587994,14.651536563938862
2026-03-09,B2_F08,1303.2141339922298,-1.7763568394002505e-15,0,519.3462518295744,3723.818201133181,1491.1620778276238,0.00018074000011995071,0.0,780.8076298125826,4953.5187202377965,65.37621575463875,8.165191865618374,8.165190865618372,0.0,1.0000000006636645e-06,0.0,9.606106900727498,4.0,4.0,1,0,3,2,12,16,-9.999996386511611e-10,8.000000001000002,4.400000000000001,8.881784197001252e-16,0.9275083665575614,5123.299824151933,5108.648287587994,14.651536563938862
2026-03-09,oracle_price_reserve,4639.945738458423,-2.6645352591003757e-15,0,588.4288704292799,4051.516868029142,1377.4407151414478,6.770999986287661e-05,0.0,708.3740204988078,5309.012365391062,59.43923238685976,7.156486743673025,7.156485743673026,0.0,9.99999997974843e-07,0.0,8.419394992556503,4.000000000000001,4.0,0,0,1,0,11,12,-1.0000001937626735e-09,8.000000001,4.4,0.0,1.3368339463074688,5123.299824151933,5108.648287587994,14.651536563938862
2026-03-09,perfect_quarter_price,4309.157362726349,1.7763568394002505e-15,0,179.8373627263485,4129.32,1526.3260000582436,6.770999998315373e-05,0.0,712.1834709226587,5123.299824151933,64.0,7.595012666554631,7.595011666554631,0.0,9.999999997512e-07,0.0,8.93530784300545,4.0,4.0,0,0,0,0,9,9,2.16930457918656,8.000000001,4.400000000000004,3.552713678800501e-15,0.6719544457292888,5123.299824151933,5108.648287587994,14.651536563938862
2026-03-10,B2_F01,6797.465660262016,-2.6645352591003757e-15,0,8.190287605506455,4122.790990331276,930.964869434462,8.725000010157053e-05,0.0,483.35197279833153,4578.594087322913,65.97621575463874,6.0371712299865035,6.0371702299865015,0.0,1.0000000011641322e-06,0.0,7.102553211748826,4.0,4.0,1,0,5,3,16,18,-1.0000005268295808e-09,8.000000001,4.399999999999997,-3.552713678800501e-15,1.3368339463074688,5919.564422911923,5894.701651566642,24.862771345281544
2026-03-10,B2_F08,2186.9504453280065,0.0,0,6.238149963232388,4373.805398987368,2520.9853974746097,8.724999948245445e-05,0.0,801.8242270921171,6099.204632083092,81.28759012536105,10.082629854905104,10.08262885490511,0.0,9.999999940682458e-07,0.0,11.86191629988837,4.0,4.0,0,0,5,4,17,22,3.973675912041842,8.000000001000005,4.400000000000007,6.217248937900877e-15,0.840526680860706,5919.564422911923,5894.701651566642,24.862771345281544
2026-03-10,oracle_price_reserve,4556.665355907697,0.0,0,167.37224629890696,4389.2931096087905,2529.9981211103495,4.015999981444862e-05,0.0,867.1577990684386,6219.505637789609,81.68965609741596,10.143251265518304,10.143250265518308,0.0,9.999999953796967e-07,0.0,11.933235605407479,4.0,4.0,0,0,2,0,11,13,3.2539568662798457,8.000000000999998,4.399999999000004,-9.999965300266922e-10,0.5469544457292888,5919.564422911923,5894.701651566642,24.862771345281544
2026-03-10,perfect_quarter_price,4350.363184100445,0.0,0,28.283184100446547,4322.08,2124.7288063376604,0.00014080000010174842,0.0,555.5274267261832,5919.564422911923,60.0,7.053757638020537,7.053756638020536,0.0,1.000000000722645e-06,0.0,8.298537220115975,4.0,4.0,1,0,0,0,5,5,3.25395686627984,8.000000001,4.399999998999997,-1.0000036354540498e-09,0.25,5919.564422911923,5894.701651566642,24.862771345281544
2026-03-11,B2_F01,2453.3326633543506,0.0,0,141.7084171355475,2049.6,855.152848340823,142.96703704261714,0.0,231.67708395736727,2671.817144476386,52.0,7.5716461980076595,6.0177260424027015,0.244,1.3099201556049587,0.0,7.079677694775049,4.0,4.0,3,0,0,1,4,5,-1.0000003351426368e-09,7.999999999000002,4.399999998000001,-1.9999992773023223e-09,1.3368339463074685,3452.6903145582005,3361.1826164912645,91.50769806693596
2026-03-11,B2_F08,1982.802720227206,0.0,0,4.635365294832127,2334.5301494392747,1323.3800523749696,454.9434777182604,0.0,357.90299626174783,2849.6990931290684,88.65302847436062,15.512625468725322,10.651927377193259,1.637007665656839,3.2236904258752253,0.0,12.531679267286183,4.000000000000003,4.0,8,0,4,1,12,16,3.69879581889814,8.000000001,4.399999999999997,-3.552713678800501e-15,0.4219544457292888,3452.6903145582005,3361.1826164912645,91.50769806693596
2026-03-11,oracle_price_reserve,2882.0286935636013,-2.6645352591003757e-15,0,648.9031433158342,2233.125550247767,489.0913452252891,54.715245758391106,0.0,60.861594245276876,3255.543198785222,35.12510811025784,2.842514673177165,2.7067544321072914,0.13575924106987314,1.0000000006948895e-06,0.0,3.1844169778651024,4.0,4.0,2,0,0,0,0,0,-1.9999999989472883e-09,8.0,4.399999998999998,-1.00000274727563e-09,2.0751588914585772,3452.6903145582005,3361.1826164912645,91.50769806693596
2026-03-11,perfect_quarter_price,2825.028274217163,-3.552713678800501e-15,0,506.2282742171629,2318.8,1028.8799906424547,305.81229313989024,0.0,95.40565716152678,3452.6903145582005,40.0,5.803691465643251,4.935558597511381,0.8681318681318684,1.000000000139778e-06,0.0,5.806539524314668,4.0,4.0,2,0,0,0,0,0,-1.000000082740371e-09,7.999999998999995,4.399999997999991,-2.000009047264939e-09,1.7782044457292887,3452.6903145582005,3361.1826164912645,91.50769806693596
2026-03-12,B2_F01,1561.8518586107807,-1.7763568394002505e-15,0,282.77060500041983,424.0212774478195,393.18173901484124,-4.030000000752061e-06,0.0,53.221784784075474,1046.7518407090051,69.22866404019493,4.161825308941262,4.161824308941263,0.0,1.0000000001866155e-06,0.0,4.8962638928720725,4.000000000000001,4.0,1,0,5,2,8,13,3.390227770353556,8.000000001000002,4.3999999999999995,-8.881784197001252e-16,0.8469544457292888,1212.2804630683056,1074.908915705636,137.37154736266962
2026-03-12,B2_F08,1837.541752943224,0.0,0,43.85093723640293,445.1374433440193,436.6244921133361,-0.006158264342508851,0.0,-80.34673955092023,1005.9657705090211,88.65302847436064,8.256250134041661,8.101371025480015,0.13823117879433333,0.01664792976731347,0.0,9.531024735858843,4.000000000000003,4.0,1,0,7,2,11,17,3.9682003986477676,8.000000001,4.400000000000002,1.7763568394002505e-15,0.4219544457292887,1212.2804630683056,1074.908915705636,137.37154736266962
2026-03-12,oracle_price_reserve,1394.0866083546505,0.0,0,1141.8503446241907,252.23626373046002,158.07560209243053,-0.0035784011573467443,0.0,-74.94032577994125,1627.1061146281797,22.32278168725375,3.972465893439667,3.8810053645040496,0.0,0.09146052893561746,0.0,4.565888661953106,4.0,4.0,2,0,4,0,7,11,-2.0000012757037666e-09,7.999999999999999,4.399999997999999,-2.0000010536591617e-09,2.4759838366096862,1212.2804630683056,1074.908915705636,137.37154736266962
2026-03-12,perfect_quarter_price,1199.065812396004,4.440892098500626e-15,2,882.145812396004,316.92,16.408342668952216,0.00021735000000021735,0.0,3.1934746466506,1212.2804630683056,16.0,0.12175490726952755,0.12175390726952755,0.0,1.000000000001e-06,0.0,0.1432398876513658,4.0,4.0,1,0,0,0,0,2,-2.000000012825076e-09,8.0,4.399999997000001,-2.9999993600426933e-09,2.764797258053755,1212.2804630683056,1074.908915705636,137.37154736266962
2026-03-13,B2_F01,3223.507563142639,1.0658141036401503e-14,15,-27.494764761672513,1694.2908779327563,315.44967033690176,1.9698094876236405,0.0,219.95235067857575,1760.323623341786,28.680963995374558,3.194531764146245,2.81353647640474,0.043500000000000094,0.3374952877415047,0.0,3.310042913417342,4.0,4.0,2,0,0,2,9,25,-9.999999162069173e-10,8.000000001,4.400000000000011,1.0658141036401503e-14,3.8304372185737017,2574.5697826846213,2542.4890037294517,32.08077895516999
2026-03-13,B2_F08,887.258800895919,0.0,0,393.62448664471066,2030.7251743049824,1876.7110622144114,676.2243685208588,0.0,1422.1948914042323,2202.6414632390133,88.77621575463874,47.01497962698698,21.376895782603725,19.667563829787234,5.970520014596019,0.0,25.14928915600438,4.0,4.0,23,0,0,2,33,33,3.553969080508125,8.000000001,4.400000000000002,1.7763568394002505e-15,0.41487950057817996,2574.5697826846213,2542.4890037294517,32.08077895516999
2026-03-13,oracle_price_reserve,2557.144551264206,8.881784197001252e-16,0,555.8314148438454,2001.3131364203603,1425.7718414516867,505.5004674682778,0.0,1403.6036324617703,2073.8122927858444,52.836231594849245,27.725699592469226,14.783946232315355,9.669815320502071,3.2719380396518023,0.0,17.39287791928635,4.0,4.0,13,0,16,3,28,33,0.0,8.000000000000002,4.399999998999996,-1.0000045236324695e-09,2.056408891458577,2574.5697826846213,2542.4890037294517,32.08077895516999
2026-03-13,perfect_quarter_price,2502.728514204295,-1.7763568394002505e-15,0,526.9285142042947,1975.8,339.3009392227152,6.901999998091212e-05,0.0,267.4596017223886,2574.5697826846213,28.0,2.4534432371808994,2.4534422371808997,0.0,9.999999997234443e-07,0.0,2.886402630892874,4.0,4.0,0,0,0,0,4,4,0.0,8.0,4.399999998999996,-1.0000045236324695e-09,2.1626588914585776,2574.5697826846213,2542.4890037294517,32.08077895516999
2026-03-14,B2_F01,2701.2060986932966,0.0,0,-53.95629660013469,1670.8205451334002,3529.626934146093,26.35993460000034,0.0,1590.298202587278,3529.8330454920806,88.65302847436062,14.315734475234727,14.057733475234723,0.258,1.0000000045633228e-06,0.0,16.53850997086438,4.000000000000001,4.0,2,0,8,4,29,37,3.8310732329991515,8.000000001000002,4.399999999999998,-2.6645352591003757e-15,0.42195444572928864,2360.0829004986585,2354.5851336636088,5.497766835049788
2026-03-14,B2_F08,1379.5213744282105,-2.6645352591003757e-15,0,73.58303093055744,1298.1047205527161,1991.3579991118852,0.6280001197378539,0.0,1207.0546588587276,2155.3630916166935,65.35185132047306,9.957982052448651,9.951837313976116,0.0,0.006144738472534852,0.0,11.708043898795431,4.0,4.0,1,0,5,2,26,31,-9.999994166065562e-10,8.000000001000004,4.4,0.0,1.3368339463074685,2360.0829004986585,2354.5851336636088,5.497766835049788
2026-03-14,oracle_price_reserve,1734.2755887229969,8.881784197001252e-16,0,64.11919204778997,1670.156396675207,3487.3937398019284,25.28952451947939,0.0,1396.520873109441,3799.8589308960054,80.65211389709941,13.312565186267719,13.065041415204988,0.20691335657717502,0.04061041448555672,0.0,15.370636959064687,4.0,4.0,2,0,2,0,20,22,3.121815583138366,8.000000001000002,4.4,0.0,0.5398795005781798,2360.0829004986585,2354.5851336636088,5.497766835049788
2026-03-14,perfect_quarter_price,1548.09158584325,8.881784197001252e-16,0,71.73158584324983,1476.36,1282.6414482365774,0.0001229999999796394,0.0,470.6500105811689,2360.0829004986585,32.0,4.213274854165046,4.213273854165046,0.0,9.999999998344666e-07,0.0,4.956792769605938,4.0,4.0,0,0,0,0,6,6,2.2306954218134387,8.000000001,4.400000000000004,3.552713678800501e-15,0.6648795005781799,2360.0829004986585,2354.5851336636088,5.497766835049788
2026-03-15,B2_F01,573.8625306447187,0.0,0,679.8246396533589,836.649825900728,39.780435006870434,4.108999999712531e-05,0.0,18.050323208538536,1538.204536262419,9.28096399537456,0.3413884040813795,0.3413874040813796,0.0,9.99999999930039e-07,0.0,0.40163223901108824,4.0,4.0,0,0,0,2,1,2,0.0,8.0,4.399999999,-1.000000082740371e-09,1.3469544457292888,1801.846469070472,1713.6327324930403,88.21373657743152
2026-03-15,B2_F08,1453.5612790340238,0.0,0,-117.6058137776796,1212.3209114803922,859.3467284153755,59.44220411921292,0.0,424.2712500596567,1470.3483719392186,88.65302847436062,6.942940693250909,6.354520537645952,0.0,0.5884201556049586,0.0,7.475906514877589,4.000000000000003,4.0,1,0,4,2,18,22,3.6601591485452762,7.9016532578386105,4.4,0.0,0.4219544457292888,1801.846469070472,1713.6327324930403,88.21373657743152
2026-03-15,oracle_price_reserve,1719.5388797476994,-2.6645352591003757e-15,0,779.4245489949412,940.114330752758,170.18123737805925,0.00014057999996892559,0.0,110.00120492927712,1779.7187716164815,28.33248591222092,1.4099012972943887,1.4099002972943888,0.0,9.999999997789555e-07,0.0,1.6587062288570866,4.0,4.0,0,0,0,1,9,10,-3.000000197914132e-09,7.999999999,4.399999996999996,-3.0000046891132115e-09,1.6415293908803976,1801.846469070472,1713.6327324930403,88.21373657743152
2026-03-15,perfect_quarter_price,1509.9880766585395,-2.6645352591003757e-15,0,411.62807665853967,1098.36,417.2966122608938,8.286000005182897e-05,0.0,125.43813698896147,1801.8464690704718,28.0,2.2600378142234896,2.260036814223489,0.0,1.0000000006255005e-06,0.0,2.6588668380936227,4.0,4.0,1,0,0,0,5,5,-1.0000003880517028e-09,7.999999999,4.399999997999997,-2.000003718194421e-09,1.6086295005781799,1801.846469070472,1713.6327324930403,88.21373657743152
2026-03-16,B2_F01,867.7071426521287,-5.329070518200751e-15,0,1083.1939800378263,1530.9039786810931,1339.866318041147,8.946660883163677,0.0,263.6709387024067,3681.346677174496,27.206736580672125,3.762778294599305,3.656283006857802,0.0,0.10649528774150319,0.0,4.3015094187480525,4.0,4.0,2,0,4,1,9,14,-2.220446049250313e-16,8.000000002,4.399999998999992,-1.0000080763461483e-09,1.9219544457292888,5292.719509571341,5150.054988444339,142.66452112700244
2026-03-16,B2_F08,1294.808556848188,-1.7763568394002505e-15,0,811.7874140739116,2324.38191684954,1724.7278397434643,21.528179320696907,0.0,337.38744864228545,4501.981542703934,62.249135071934475,6.437303709619046,6.18104656248541,0.0,0.25625714713363734,0.0,7.271819485276954,4.0,4.0,2,0,8,6,22,29,-1.0000001382515222e-09,8.000000001000002,4.4,0.0,1.3368339463074688,5292.719509571341,5150.054988444339,142.66452112700244
2026-03-16,oracle_price_reserve,3381.9656089113423,-2.6645352591003757e-15,0,1087.3086108467742,2294.6569980645686,1830.2594191352691,7.577000001427129e-05,0.0,309.64709582934535,4902.577856447267,40.624364434165685,4.397345429568911,4.397344429568911,0.0,1.0000000001883502e-06,0.0,5.173346386643479,4.0,4.0,1,0,0,0,11,11,-2.000000387525347e-09,8.0,4.3999999989999985,-1.0000018590972104e-09,2.287658891458577,5292.719509571341,5150.054988444339,142.66452112700244
2026-03-16,perfect_quarter_price,3355.417656923726,3.552713678800501e-15,0,1064.1776569237256,2291.24,2308.0329920041395,9.624000005619137e-05,0.0,370.73104311652367,5292.719509571341,32.0,4.1087302647869235,4.1087292647869225,0.0,1.0000000005838672e-06,0.0,4.833799133958784,4.0,4.0,1,0,0,1,10,11,-2.0000027189936986e-09,8.0,4.399999999000002,-9.999983063835316e-10,2.6064088914585772,5292.719509571341,5150.054988444339,142.66452112700244
2026-03-17,B2_F01,2280.5060038037986,8.881784197001252e-16,0,253.0129790179608,2033.7488809489419,960.5155665712496,7.52199998425135e-05,0.0,193.22799491151994,3054.0493564066323,71.94714612141945,6.439571008690619,6.439570008690621,0.0,9.999999979063215e-07,0.0,7.575964716106615,4.0,4.0,0,0,3,3,12,15,-1.0000007488741858e-09,8.000000001000002,4.400000000000003,2.6645352591003757e-15,0.9219544457292888,2656.280970735784,2547.1730893547715,109.10788138101223
2026-03-17,B2_F08,1887.0845745003069,0.0,0,90.43526375131626,2114.3935868312947,1546.6663576892856,7.26899998485671e-05,0.0,171.87186854639177,3579.623267035505,88.65302847436062,7.740832848386303,7.740831848386305,0.0,9.999999979167298e-07,0.0,9.106860998101542,4.000000000000003,4.0,0,0,5,2,13,18,4.0810042367134685,8.000000001000004,4.400000000000008,7.993605777301127e-15,0.4219544457292887,2656.280970735784,2547.1730893547715,109.10788138101223
2026-03-17,oracle_price_reserve,2439.7199808513246,8.881784197001252e-16,0,457.8554380022807,1981.8645428490436,685.6848527494456,0.00018029999976247463,0.0,305.7682222283112,2819.6364310724593,47.414067014419835,4.359881320792027,4.359880320792029,0.0,9.999999986826102e-07,0.0,5.129270964553028,4.0,4.0,0,0,3,1,5,9,-1.9999999989472883e-09,8.0,4.399999999000002,-9.999983063835316e-10,1.6743339463074685,2656.280970735784,2547.1730893547715,109.10788138101223
2026-03-17,perfect_quarter_price,2224.6285263291343,-2.6645352591003757e-15,0,222.4285263291341,2002.1999999999998,636.3436296697507,8.016000005903967e-05,0.0,204.69110510310134,2656.2809707357837,36.0,3.890922000012669,3.8909210000126686,0.0,1.0000000007365228e-06,0.0,4.577554116577309,4.0,4.0,1,0,0,0,8,8,-1.9999999711917127e-09,8.0,4.399999998999997,-1.0000036354540498e-09,1.4219544457292888,2656.280970735784,2547.1730893547715,109.10788138101223
2026-03-18,B2_F01,1231.1377664001507,0.0,0,736.6594947703849,1117.7150742032065,823.7461030927973,0.0001181300001903202,0.0,258.9732487042073,2419.1473052321808,57.30532842954025,5.813982276014251,5.81398127601425,0.0,1.000000001611108e-06,0.0,6.839977969612159,4.0,4.0,1,0,0,1,17,17,-1.0000000272292198e-09,8.000000001,4.399999997999997,-2.000003718194421e-09,1.3368339463074685,2253.401403730957,2159.9715295864185,93.42987414453864
2026-03-18,B2_F08,1334.8546983669116,0.0,0,101.96956433501202,1162.7649781301113,1093.1547576369728,-11.429970390000067,0.0,-36.40933121808699,2405.7286017101833,88.65302847436062,10.674719722840264,9.531718722840266,1.1430000000000011,9.99999998082396e-07,0.0,11.21378673275325,4.000000000000003,4.0,1,0,6,2,21,27,4.231770904897435,8.000000001,4.3999999999999995,-8.881784197001252e-16,0.4219544457292888,2253.401403730957,2159.9715295864185,93.42987414453864
2026-03-18,oracle_price_reserve,2341.7353279575536,8.881784197001252e-16,0,1295.996305611367,1045.7390223461864,688.8521880667579,0.0001841800001382088,0.0,148.0327728886264,2882.5545589556846,51.38733443789766,5.868386184206271,5.86838518420627,0.0,1.0000000007504006e-06,0.0,6.903982569654433,4.0,4.0,1,0,4,3,16,21,-1.000001303985698e-09,8.000000001,4.4,0.0,1.7618339463074684,2253.401403730957,2159.9715295864185,93.42987414453864
2026-03-18,perfect_quarter_price,1950.7996449620482,-4.440892098500626e-15,0,851.7596449620484,1099.04,465.0792245082375,0.00017284000004694628,0.0,162.4772928993284,2253.401403730957,32.0,3.0906637956845353,3.090662795684535,0.0,1.000000000271617e-06,0.0,3.6360738761912694,4.0,4.0,1,0,0,0,9,9,3.566591466608315e-15,8.000000000000004,4.399999998999995,-1.0000054118108892e-09,1.7618339463074686,2253.401403730957,2159.9715295864185,93.42987414453864
2026-03-19,B2_F01,2146.981267824991,8.881784197001252e-16,0,1146.5854608446405,815.6265831692295,1426.7065378021084,0.00024117999986301238,0.0,775.0228537352586,2613.8954869007202,59.975810161614376,8.584073367840167,8.584072367840168,0.0,9.999999994320108e-07,0.0,10.098908668047253,4.000000000000003,4.0,0,0,11,3,22,32,-1.0000001660070978e-09,8.000000001,4.3999999999999995,-8.881784197001252e-16,1.3439088914585775,2510.146363528465,2396.5889876857727,113.55737584269218
2026-03-19,B2_F08,1470.9867404035522,0.0,0,828.6461419301716,1151.8180140876173,1217.0393661853632,0.0001502100004355674,0.0,737.9215185895249,2459.5818534036266,62.249135071934475,6.868356121673516,6.868355121673513,0.0,1.000000002899723e-06,0.0,8.080417790204134,4.0,4.0,1,0,9,4,20,29,-1.0000001104959466e-09,8.000000001000002,4.400000000000001,8.881784197001252e-16,1.3368339463074688,2510.146363528465,2396.5889876857727,113.55737584269218
2026-03-19,oracle_price_reserve,2605.361914770199,-8.881784197001252e-16,0,1391.1358001344383,1214.2261146357603,1053.2619892376943,0.0002080099994719385,0.0,669.7055122771528,2988.9181837207407,46.726758485163984,6.363117144444022,6.3631161444440245,0.0,9.99999997461365e-07,0.0,7.486018993463556,4.0,4.0,0,0,5,2,18,21,-9.999990072118159e-10,8.000000001000002,4.399999999999999,-1.7763568394002505e-15,1.7667196304861923,2510.146363528465,2396.5889876857727,113.55737584269218
2026-03-19,perfect_quarter_price,2163.2818726907494,-1.7763568394002505e-15,0,768.7618726907494,1394.52,477.1077631536517,8.54000000071964e-05,0.0,130.24318691593635,2510.146363528465,36.0,2.617784167573433,2.6177831675734327,0.0,1.0000000000842668e-06,0.0,3.079744899773608,4.0,4.0,1,0,0,0,6,6,-2.0000001099695908e-09,8.0,4.399999996999996,-3.0000046891132115e-09,1.4430839463074685,2510.146363528465,2396.5889876857727,113.55737584269218
2026-03-20,B2_F01,2508.2179809592694,0.0,0,492.9718563569712,1214.877133673545,1561.4888158199255,0.000135210000247353,0.0,649.9781487058551,2619.359521934586,64.72336187605819,5.379533782608595,5.379532782608594,0.0,1.0000000018293986e-06,0.0,6.328862097186582,4.000000000000003,4.0,1,0,5,2,18,23,-9.999997357956758e-10,8.000000001,4.400000000000002,1.7763568394002505e-15,1.3368339463074688,2544.3681998254856,2354.709126693857,189.6590731316287
2026-03-20,B2_F08,1656.627636333218,0.0,0,320.168425867412,1448.015419194598,1672.6336970757627,0.0001437100003735908,0.0,686.8185351737001,2753.998863254072,75.94714612141945,6.094492038719547,6.094491038719545,0.0,1.0000000025996159e-06,0.0,7.169989457317112,4.0,4.0,1,0,4,1,19,23,-9.999995692622221e-10,8.000000001000002,4.4,0.0,0.9219544457292886,2544.3681998254856,2354.709126693857,189.6590731316287
2026-03-20,oracle_price_reserve,2233.9258998419236,-8.881784197001252e-16,0,765.3712390231124,1468.5546608188115,1161.1830980115365,0.00017885999985923755,0.0,340.18222542971955,3054.926593563741,56.60041528457015,3.800850117327701,3.8008491173277017,0.0,9.99999999213002e-07,0.0,4.47158719685612,4.0,4.0,0,0,3,1,14,18,1.381391072858948,8.000000001,4.3999999999999995,-8.881784197001252e-16,1.2618339463074686,2544.3681998254856,2354.709126693857,189.6590731316287
2026-03-20,perfect_quarter_price,2046.3868632080125,1.7763568394002505e-15,0,527.0268632080126,1519.3600000000001,800.1036316385153,0.00017069999988053933,0.0,302.12212432104286,2544.3681998254856,44.0,2.5482865842836944,2.5482855842836947,0.0,9.999999993001718e-07,0.0,2.997983039249106,4.0,4.0,0,0,0,1,10,11,3.206782418886262,8.0,4.399999999000003,-9.99997418205112e-10,0.9461295005781797,2544.3681998254856,2354.709126693857,189.6590731316287
2026-03-21,B2_F01,2523.759958234324,0.0,0,563.2585121770452,1145.9235054449089,921.8798877620497,32.96058135047859,0.0,598.9822962862597,1999.1190277472654,57.47291931729573,6.73372479130271,6.521586505328692,0.0,0.21213828597401785,0.0,7.672454712151401,4.000000000000001,4.000000000000001,3,0,5,3,9,17,-1.000000304784976e-09,8.000000001,4.3999999999999995,-8.881784197001252e-16,0.9219544457292889,3125.511901446297,3108.368776587618,17.14312485867913
2026-03-21,B2_F08,1420.515094626625,1.7763568394002505e-15,0,689.0616042238925,1138.9706573607157,1231.4293818663164,342.982675088005,0.0,773.2620806525565,1943.2168877103627,64.60017459578006,10.538441001262385,8.445627457556403,1.4036879234153299,0.6891256202906506,0.0,9.93603230300753,4.000000000000001,4.000000000000001,3,0,13,1,17,30,-1.0000005545851565e-09,8.000000001,4.399999999999999,-1.7763568394002505e-15,1.3439088914585775,3125.511901446297,3108.368776587618,17.14312485867913
2026-03-21,oracle_price_reserve,2232.1160225364647,0.0,0,671.1110149324921,1561.005007603973,1771.4897956520579,0.0002431700007561674,0.0,944.2818326082623,3059.3237424102595,71.91121637457432,9.270752868212718,9.270751868212713,0.0,1.0000000031096246e-06,0.0,10.906766903779666,4.000000000000002,4.000000000000002,1,0,0,0,17,17,-1.000001303985698e-09,8.000000001000002,4.400000000000003,2.6645352591003757e-15,1.0352793908803977,3125.511901446297,3108.368776587618,17.14312485867913
2026-03-21,perfect_quarter_price,1972.0267541659666,8.881784197001252e-16,0,407.50675416596687,1564.52,1804.9103267475411,40.66614714999998,0.0,610.7590323172105,3125.511901446297,40.0,8.011264994996901,7.412263994996901,0.599,9.999999995291553e-07,0.0,8.720310582349295,4.0,4.0,1,0,0,0,9,9,1.0336736305058962,7.949021341412617,4.400000000000001,8.881784197001252e-16,0.9883249451511089,3125.511901446297,3108.368776587618,17.14312485867913
2026-03-22,B2_F01,1711.6072070027362,0.0,0,919.3393706106949,780.5413249581648,541.3866356444298,0.00036137999946279947,0.0,330.9576403897198,1910.3093294435698,57.25659956120887,4.97237687800652,4.97237587800652,0.0,9.999999985134747e-07,0.0,5.84985397412532,4.0,4.0,0,0,1,0,14,15,-9.999999717180685e-10,8.000000001,4.4,0.0,0.9219544457292889,1680.3622645755618,1609.909803645649,70.45246092991283
2026-03-22,B2_F08,1518.6891784659604,8.881784197001252e-16,0,654.8366651357355,786.7740782343637,2266.5958892807525,1160.579177435869,0.0,1291.834069302151,1255.793385912832,61.85302847436062,5.877968972227416,5.367454330594107,0.2410000000000001,0.2695146416333079,0.0,6.314652153640128,4.0,4.0,4,0,9,4,20,33,-9.999999717180685e-10,8.000000001,4.400000000000001,8.881784197001252e-16,1.3439088914585775,1680.3622645755618,1609.909803645649,70.45246092991283
2026-03-22,oracle_price_reserve,1832.7200120801858,3.552713678800501e-15,0,1122.299047299456,710.4209647807297,1209.6426902203175,21.169648085662324,0.0,268.43875867193276,2752.7542955429085,45.07288503402582,5.366326712218838,5.091683164402775,0.0,0.2746435478160624,0.0,5.990215487532675,4.0,4.0,2,0,3,3,17,21,-9.999994166065562e-10,8.000000001,4.400000000000003,2.6645352591003757e-15,1.6657044457292887,1680.3622645755618,1609.909803645649,70.45246092991283
2026-03-22,perfect_quarter_price,1379.857571459839,-1.7763568394002505e-15,2,577.577571459839,802.28,726.8267288291821,64.25555255391306,0.0,362.066483159546,1680.3622645755618,28.0,5.029483610536969,4.732526088797839,0.29695652173913034,1.0000000003201892e-06,0.0,5.567677749357564,4.0,4.0,2,0,0,2,6,10,-9.999997496734636e-10,7.999999999,4.399999997999998,-2.0000019418375814e-09,1.4229250156053488,1680.3622645755618,1609.909803645649,70.45246092991283
2026-03-23,B2_F01,1554.4715242719842,2.6645352591003757e-15,0,1387.0401686358227,1252.245112003266,1413.1464395950088,224.794101244608,0.0,1469.942453866975,2357.6951651225145,29.47291931729573,9.06472719562697,7.289590823805792,0.0,1.7751363718211768,0.0,8.575989202308097,4.0,4.0,6,0,8,4,24,32,-3.0000005812880204e-09,8.000000001,4.399999998000003,-1.999997500945483e-09,1.8439088914585773,6150.436594525901,6095.912493694076,54.5241008318244
2026-03-23,B2_F08,1286.4165215109892,-8.881784197001252e-16,0,1157.5602556805422,3057.5702206318347,1767.0811868314984,224.7939902900127,0.0,1467.9794451728674,4289.438227680996,54.62102434456176,11.277998964876858,9.502862593055681,0.0,1.7751363718211755,0.0,11.179838342602082,4.0,4.0,5,0,8,1,25,33,-1.0000009709187907e-09,8.000000001,4.399999997999998,-2.0000019418375814e-09,1.4219544457292888,6150.436594525901,6095.912493694076,54.5241008318244
2026-03-23,oracle_price_reserve,5180.160119232447,0.0,0,610.9911544280899,4569.168964804357,2301.262578450802,164.8464222619055,0.0,1154.1198109049567,6162.456464516386,63.807966341060144,13.170349636108593,12.00934839942255,0.54,0.6210012366860442,0.0,14.128645175791227,4.0,4.0,4,0,3,2,20,23,1.0846522900932825,8.000000001,4.399999999999994,-6.217248937900877e-15,1.3180839463074685,6150.436594525901,6095.912493694076,54.5241008318244
2026-03-23,perfect_quarter_price,4898.92920505799,0.0,0,213.44920505798993,4685.48,1944.4093198614382,84.27780626,0.0,608.6241241335276,6150.436594525901,60.0,11.13372306508462,10.59372206508462,0.54,1.0000000005838672e-06,0.0,12.463202428426662,4.0,4.0,2,0,0,0,18,18,3.4166547106438347,8.0,4.399999999,-1.000000082740371e-09,0.6273795005781798,6150.436594525901,6095.912493694076,54.5241008318244
2026-03-24,B2_F01,5879.2762175290445,1.7763568394002505e-15,0,376.27277815599973,1237.6930697723494,1941.1144547988338,78.54300421751593,0.0,1207.7944219848746,2268.742876524793,81.30605694872125,17.011813385150475,14.066453232544106,2.6025,0.3428601526063678,0.0,16.54876850887542,4.0,4.0,5,0,7,5,25,35,3.7172101533358575,8.000000001,4.400000000000005,4.440892098500626e-15,0.8439088914585776,2944.2308498549214,3232.548154353671,-288.31730449874976
2026-03-24,B2_F08,2296.6496901390396,0.0,0,97.05624217794727,1349.270163705544,1834.3060589350234,78.5430042175159,0.0,302.0036564846083,2900.0858041163906,81.42924422899938,16.701405953100508,13.756045800494139,2.6025,0.3428601526063696,0.0,16.183583294698987,4.000000000000003,4.0,5,0,4,4,25,32,3.4212644818724796,8.000000001,4.400000000000001,8.881784197001252e-16,0.8368339463074687,2944.2308498549214,3232.548154353671,-288.31730449874976
2026-03-24,oracle_price_reserve,2397.3594946827134,-1.7763568394002505e-15,0,1316.2956580633704,1081.063836619343,1061.8877372896577,6.679000000933578e-05,0.0,212.44297996777107,3246.8041852146002,26.01965668725375,5.289728949027657,5.2897279490276565,0.0,1.000000000139778e-06,0.0,6.223209351797242,4.0,4.0,1,0,4,1,8,13,-2.220446049250313e-16,8.000000002,4.399999999999999,-1.7763568394002505e-15,2.2598887658803974,2944.2308498549214,3232.548154353671,-288.31730449874976
2026-03-24,perfect_quarter_price,2119.832030453965,-4.440892098500626e-15,0,765.7520304539656,1354.0800000000002,990.2822182734205,6.47999999777514e-05,0.0,165.88333407246515,2944.2308498549214,32.0,3.906438823925318,3.9064378239253177,0.0,9.999999996566575e-07,0.0,4.595809204618021,4.0,4.0,0,0,0,1,5,6,-4.996003610813204e-16,8.000000002,4.399999999999996,-4.440892098500626e-15,1.8915293908803976,2944.2308498549214,3232.548154353671,-288.31730449874976
2026-03-25,B2_F01,11791.488141668346,1.7763568394002505e-14,15,246.49560586900586,478.9330182348095,160.81175702405113,0.00011879999999434842,0.0,61.87571633038285,824.3645459974836,28.68096399537456,1.7031501182033097,1.7031491182033096,0.0,9.999999999524278e-07,0.0,2.0037048449450703,4.000000000000001,4.000000000000001,0,0,0,4,4,23,0.0,8.000000001,4.400000000000018,1.7763568394002505e-14,3.866295986752136,1056.9745407621924,1080.0537544552478,-23.079213693055408
2026-03-25,B2_F08,1386.6068791010084,1.7763568394002505e-15,0,280.20402118719807,557.6837438460443,1497.519255491586,394.0891938668555,0.0,128.75829353782228,1812.5595331201503,81.30605694872125,30.045310330019472,17.398555721027968,9.495893989549021,3.1508606194424877,0.0,20.46888908356231,4.000000000000003,4.0,17,0,6,8,30,42,3.443391388569986,8.000000001,4.400000000000005,4.440892098500626e-15,0.8439088914585776,1056.9745407621924,1080.0537544552478,-23.079213693055408
2026-03-25,oracle_price_reserve,892.6792000007378,1.7763568394002505e-15,0,425.01201170273123,467.66718829800635,682.5973685285055,93.32989275672578,0.0,133.75428998434978,1348.1923857881677,45.5059038900023,16.71929559593826,10.973671499119206,4.32175,1.4238740968190546,0.0,12.910201762585004,4.0,4.0,11,0,2,3,19,24,-9.999987504727414e-10,8.000000001000002,4.399999999000005,-9.999956418482725e-10,2.3464140169316487,1056.9745407621924,1080.0537544552478,-23.079213693055408
2026-03-25,perfect_quarter_price,770.1910459406017,0.0,0,238.1110459406015,532.08,411.0118957463957,-0.23449877699424304,0.0,124.4628997017991,1056.9745407621924,28.0,5.382150118203309,4.275816561924795,0.7170000000000001,0.38933355627851407,0.0,5.030372422539915,4.0,4.0,2,0,0,1,4,5,-2.0000010536591617e-09,8.000000000000002,4.3999999969999966,-3.000003800934792e-09,2.3939088914585778,1056.9745407621924,1080.0537544552478,-23.079213693055408
2026-03-26,B2_F01,5891.009593764861,1.9539925233402755e-14,10,149.2164185579682,924.6624174908662,272.9770748557212,0.00025758999995333863,0.0,42.366339081944524,1304.4893142326112,28.003745682628306,1.5355611852839601,1.5355601852839604,0.0,9.999999998188541e-07,0.0,1.806541394451718,4.0,4.0,0,0,4,1,3,16,-8.881784197001252e-16,8.000000001,4.40000000000002,1.9539925233402755e-14,3.678711202486045,2113.892722357187,2023.7674420090457,90.12528034814112
2026-03-26,B2_F08,1148.993469930272,0.0,0,520.587742277826,1185.7983796718504,601.3667270827209,0.00012481999982820146,0.0,218.59770130611713,2089.155022906281,81.42924422899937,4.623329228037406,4.623328228037407,0.0,9.999999986236296e-07,0.0,5.43920968004401,4.000000000000001,4.0,0,0,0,1,11,11,3.5153580679513237,8.000000001000002,4.400000000000003,2.6645352591003757e-15,0.8368339463074687,2113.892722357187,2023.7674420090457,90.12528034814112
2026-03-26,oracle_price_reserve,2113.6366099244365,-3.552713678800501e-15,0,1052.2974409596168,1061.3391689648197,322.7483253369738,0.00025759000012180006,0.0,76.11245760193529,2360.2722200694748,41.32652736988207,2.074450723487114,2.0744497234871133,0.0,1.0000000004728449e-06,0.0,2.4405290864554265,4.0,4.0,1,0,1,0,3,3,-1.0000000272292198e-09,8.000000001,4.399999999999996,-4.440892098500626e-15,1.8868339463074684,2113.892722357187,2023.7674420090457,90.12528034814112
2026-03-26,perfect_quarter_price,1914.4167591618595,-3.552713678800501e-15,0,799.4567591618598,1114.96,247.95861736172046,0.00013499999999732476,0.0,48.48251916639366,2113.892722357187,28.0,1.2789958974358975,1.2789948974358976,0.0,9.999999999801834e-07,0.0,1.5046998760823858,4.0,4.0,0,0,0,0,0,0,-1.9999999954778414e-09,8.0,4.39999999699999,-3.0000100181837297e-09,1.6743339463074687,2113.892722357187,2023.7674420090457,90.12528034814112
2026-03-27,B2_F01,2381.168244225313,-1.7763568394002505e-15,0,608.4310343078632,1363.9865193938772,921.4483803723579,46.682473867307934,0.0,261.7379842854506,2585.4454759213395,32.6989974418925,4.636837557954986,4.093566050998674,0.36450000000000005,0.17877150695631172,0.0,4.815960058913788,4.0,4.0,2,0,5,2,9,14,-9.999996386511611e-10,8.000000001,4.399999998999999,-1.0000009709187907e-09,1.8439088914585777,3237.3175211646308,3211.6918509707475,25.62567019388325
2026-03-27,B2_F08,919.5553460229766,-8.881784197001252e-16,0,499.72442687334114,1835.228642094894,1154.7570714467215,46.68247386730782,0.0,414.439499575432,3028.588166972217,65.84480858992299,6.351767136974482,5.808495630018172,0.36450000000000005,0.17877150695630994,0.0,6.833524269524959,4.0,4.0,2,0,1,0,12,13,-1.0000010819410932e-09,8.000000001,4.3999999989999985,-1.0000018590972104e-09,1.0070749451511087,3237.3175211646308,3211.6918509707475,25.62567019388325
2026-03-27,oracle_price_reserve,3068.4493808054567,8.881784197001252e-16,0,306.95448463620534,2761.494896169251,622.8764623615499,0.00020375000001010037,0.0,171.74759386288832,3519.5780455541185,76.7096280355695,4.4503729572591055,4.450371957259106,0.0,1.0000000000495723e-06,0.0,5.235731714422478,4.0,4.0,1,0,1,4,9,14,3.9221026763613036,8.000000001,4.400000000000002,1.7763568394002505e-15,0.8368339463074688,3237.3175211646308,3211.6918509707475,25.62567019388325
2026-03-27,perfect_quarter_price,2837.5735195124594,0.0,0,29.77351951245919,2807.8000000000006,405.16415196520114,0.00019006000002211524,0.0,5.419960253030073,3237.3175211646308,68.0,2.8468358200656,2.8468348200655997,0.0,1.0000000001163592e-06,0.0,3.349217435371293,4.0,4.0,1,0,0,0,4,4,3.9221026763613036,6.581202104537966,4.4,0.0,0.25,3237.3175211646308,3211.6918509707475,25.62567019388325
2026-03-28,B2_F01,3013.310035872999,-2.6645352591003757e-15,0,446.1024665696931,921.8913154073922,1030.772495176307,6.817999988682876e-05,0.0,332.2443612487013,2066.5218477246913,69.90103092783505,7.665783861495528,7.578942655309962,0.0,0.08684120618556537,0.0,8.91640312389407,4.0,4.0,1,0,5,3,16,18,-1.0000008598964882e-09,8.000000001,4.400000000000001,8.881784197001252e-16,1.2724699096468146,1904.8650734586984,1859.405682006375,45.45939145232364
2026-03-28,B2_F08,1811.2492246880392,0.0,0,646.8166655641112,874.8691771744277,1155.2932722573894,79.07033797000004,0.0,692.3694481658735,1905.5393288600549,61.97621575463875,9.800820566632217,8.973819566632212,0.827,1.0000000041365809e-06,0.0,10.557434784273193,4.0,4.0,3,0,5,2,21,26,-9.999999717180685e-10,8.000000001,4.400000000000002,1.7763568394002505e-15,1.3368339463074683,1904.8650734586984,1859.405682006375,45.45939145232364
2026-03-28,oracle_price_reserve,1736.1276733085908,-1.7763568394002505e-15,0,877.8650399609235,858.2626333476675,924.079830835389,79.07033797000001,0.0,682.4159916296771,1898.7211745443033,36.39042295156345,7.983755767714945,7.156754767714945,0.827,1.0000000005838672e-06,0.0,8.419711491429346,4.000000000000001,4.0,3,0,4,1,16,21,0.1294808315214945,8.000000001,4.3999999999999995,-8.881784197001252e-16,1.2477793908803976,1904.8650734586984,1859.405682006375,45.45939145232364
2026-03-28,perfect_quarter_price,1492.865894347268,-8.881784197001252e-16,0,593.3058943472681,899.5600000000001,668.7037955174908,0.00020074999990547793,0.0,256.704415656061,1904.8650734586986,32.0,4.586221662604615,4.586220662604616,0.0,9.999999995291553e-07,0.0,5.395553720711311,4.0,4.0,0,0,0,0,5,5,1.0000000272292198e-09,8.000000001,4.399999999999999,-1.7763568394002505e-15,1.3773795005781797,1904.8650734586984,1859.405682006375,45.45939145232364
2026-03-29,B2_F01,1187.0613090044135,0.0,0,752.9589436844146,215.2227021406169,503.7801340702747,31.26510081246929,0.0,83.31261845790634,1357.3840606249307,23.605779493298105,9.334411485947047,7.094181539538211,1.9016197900357137,0.3386101563731234,0.0,8.34609592886848,4.0,4.0,4,0,4,0,11,13,-9.999999855958563e-10,8.000000001,4.4,0.0,1.0070749451511087,1840.771001544731,1757.531117400507,83.23988414422433
2026-03-29,B2_F08,1372.904335087207,0.0,0,626.5589156867256,257.6610116562104,1034.7875225156874,31.279754123711335,0.0,742.6950709384678,1145.0326247964442,57.35185132047307,14.606870443038659,12.031756040976804,2.575113402061856,9.999999992515995e-07,0.0,14.155007107031528,4.0,4.0,3,0,5,4,24,33,-1.0000008598964882e-09,8.000000001,4.399999999999998,-2.6645352591003757e-15,1.3368339463074688,1840.771001544731,1757.531117400507,83.23988414422433
2026-03-29,oracle_price_reserve,1587.9305401757442,-1.7763568394002505e-15,0,944.8089694733928,643.1215707023513,1135.5777232843775,12.359064679153628,0.0,499.90280839813744,2211.2463903828307,40.67379798532583,10.915266816388982,10.678683895463376,0.23658192092560548,9.999999998622222e-07,0.0,12.563157522989911,4.0,4.0,1,0,6,0,14,18,-1.0000018590972104e-09,8.000000000999998,4.399999999000001,-9.999991945619513e-10,1.9907044457292886,1840.771001544731,1757.531117400507,83.23988414422433
2026-03-29,perfect_quarter_price,1401.589954515662,-4.440892098500626e-15,0,722.7099545156619,678.8799999999999,609.2463515265214,-9.979999995854972e-06,0.0,170.0653144774518,1840.771001544731,24.0,5.073502598071782,5.073501598071783,0.0,9.999999995846665e-07,0.0,5.968825407326909,4.0,4.0,0,0,0,0,8,8,-3.000001413955289e-09,7.999999998999998,4.399999997999995,-2.00000549455126e-09,1.9663704994218203,1840.771001544731,1757.531117400507,83.23988414422433
2026-03-30,B2_F01,4030.1698599580154,0.0,2,368.5435218293606,673.5437882695003,718.0819212799972,3.490294516126749,0.0,291.13689844118267,1465.5420384215486,49.22436443416569,11.171774933932053,7.973834354157588,2.8820000000000006,0.3159405797744639,0.0,9.380981590957266,4.0,4.0,4,0,0,7,21,24,-9.999996941623124e-10,8.000000001,4.399999997999997,-2.000003718194421e-09,2.4567087993891326,2215.5964401366805,2157.550431934322,58.04600820235828
2026-03-30,B2_F08,1367.3354219320347,-3.552713678800501e-15,0,783.2498505086212,682.1018009779618,1009.8656111127007,8.705270000000002,0.0,276.7704380310395,2189.7415545682443,64.0989974418925,15.314882453194237,11.314881453194237,4.0,9.999999996956888e-07,0.0,13.311625239052045,4.000000000000001,4.000000000000001,4,0,5,2,21,26,-9.999999162069173e-10,8.000000001000002,4.400000000000001,8.881784197001252e-16,1.336833946307469,2215.5964401366805,2157.550431934322,58.04600820235828
2026-03-30,oracle_price_reserve,2061.7354300350858,-2.6645352591003757e-15,0,990.1825122499415,1071.5529177851442,446.18909767207936,0.00011673000011675344,0.0,145.10650469217538,2362.8179062849895,35.4446729117129,2.6313798879221264,2.631378887922126,0.0,1.0000000010002008e-06,0.0,3.095739864889718,4.0,4.0,1,0,0,0,6,6,-2.0000016642818252e-09,8.0,4.399999996999996,-3.0000046891132115e-09,2.3586295005781803,2215.5964401366805,2157.550431934322,58.04600820235828
2026-03-30,perfect_quarter_price,1956.5150524636338,0.0,0,855.0750524636337,1101.44,372.831560424577,0.00011673000001307637,0.0,113.7500560215305,2215.5964401366805,32.0,2.222231373305809,2.222230373305809,0.0,1.0000000001120224e-06,0.0,2.6143886712234656,4.0,4.0,1,0,0,0,7,7,-2.0000005540588006e-09,8.0,4.399999997,-3.000000248221113e-09,2.3586295005781803,2215.5964401366805,2157.550431934322,58.04600820235828
2026-03-31,B2_F01,1115.1182971254632,-1.7763568394002505e-15,0,617.9301217186542,520.1495280453719,171.86929789783656,2.6360000003684548e-05,0.0,21.180162245963,1288.7687590558996,24.095251759264187,1.6161333155637445,1.6161323155637444,0.0,1.000000000139778e-06,0.0,1.9013321359573463,4.0,4.0,1,0,4,2,4,9,-9.999998051846148e-10,8.000000001,4.399999999999999,-1.7763568394002505e-15,1.8439088914585773,2353.8278053623453,2314.716475233252,39.1113301290934
2026-03-31,B2_F08,1108.1201962631303,0.0,0,483.92315948751485,1056.46338800724,731.3980166933401,2.635999995978633e-05,0.0,245.63813726649764,2026.1464005615974,67.94714612141945,5.186523090926439,5.186522090926441,0.0,9.999999984744434e-07,0.0,6.1017906930382715,4.0,4.0,0,0,0,1,12,12,-1.0000001382515222e-09,7.999999998999998,4.399999997999999,-2.0000010536591617e-09,0.9219544457292885,2353.8278053623453,2314.716475233252,39.1113301290934
2026-03-31,oracle_price_reserve,2085.943462327766,-1.7763568394002505e-15,0,675.6306255384447,1410.3128367893212,700.8259881137346,0.0001859799997407964,0.0,233.54091583594087,2553.22834862556,59.47741372089412,4.741012175681854,4.741011175681855,0.0,9.999999986062824e-07,0.0,5.577660206684536,4.0,4.0,0,0,1,3,14,17,-9.99999860695766e-10,8.000000001,4.399999999999999,-1.7763568394002505e-15,1.4430839463074685,2353.8278053623453,2314.716475233252,39.1113301290934
2026-03-31,perfect_quarter_price,2013.98610451576,0.0,0,523.5461045157597,1490.44,345.6329157027636,0.00015293000011051412,0.0,5.791061926177747,2353.8278053623453,40.0,2.2607924539004856,2.260791453900485,0.0,1.000000000722645e-06,0.0,2.6597546505629768,4.0,4.0,1,0,0,0,4,4,0.4773940469935521,8.0,4.399999999,-1.000000082740371e-09,1.2648795005781799,2353.8278053623453,2314.716475233252,39.1113301290934
2026-04-01,B2_F01,1077.3854457988293,0.0,0,407.9184701971326,1005.6993810809765,761.6146587190008,0.00019858999946863705,0.0,430.54211504064045,1744.69019636647,44.57563556583431,4.967823220198598,4.967822220198601,0.0,9.999999973243218e-07,0.0,5.844496729645412,4.000000000000001,4.000000000000001,0,0,1,0,14,15,-9.999999162069173e-10,8.000000001,4.3999999999999995,-8.881784197001252e-16,1.3368339463074688,3333.146557596788,3309.057824000769,24.08873359601921
2026-04-01,B2_F08,1395.3205124410758,-1.7763568394002505e-15,0,322.94596683164235,1477.0527766186037,1486.5319196187947,0.00020387000000586243,0.0,607.6601369909768,2678.8703222080644,67.12748688630737,8.589882994612276,8.589881994612275,0.0,1.0000000000287557e-06,0.0,10.105743523073269,4.0,4.0,1,0,4,1,23,27,0.6243644351656924,8.000000001000004,4.400000000000001,8.881784197001252e-16,1.26487950057818,3333.146557596788,3309.057824000769,24.08873359601921
2026-04-01,oracle_price_reserve,2368.4759665240986,-8.881784197001252e-16,0,538.8586932173827,1829.617273306716,1650.98912619153,9.527688219999646,0.0,473.9963811153383,3535.9410233802905,60.2525256894795,9.370380174367586,9.32437917436759,0.04600000000000004,9.99999997849943e-07,0.0,10.969857852197162,4.0,4.0,1,0,5,2,15,21,2.0615475927554012,8.000000001000004,4.400000000000004,3.552713678800501e-15,1.3332803695138074,3333.146557596788,3309.057824000769,24.08873359601921
2026-04-01,perfect_quarter_price,2114.1098357001933,1.7763568394002505e-15,0,154.5898357001936,1959.52,1692.9451000357194,9.527565899999969,0.0,464.38081223912525,3333.146557596788,60.0,9.725744161280684,9.679743161280683,0.04600000000000004,9.999999991379752e-07,0.0,11.387933130918448,4.0,4.0,1,0,0,1,15,16,3.253956867279844,8.000000001,4.400000000000002,1.7763568394002505e-15,0.7782044457292887,3333.146557596788,3309.057824000769,24.08873359601921
2026-04-02,B2_F01,1803.4837946355215,8.881784197001252e-16,0,567.1922090316023,1072.2190999302627,624.1657799613491,8.633000002644386e-05,0.0,331.88520398209283,1931.691798611121,57.97621575463875,4.36932680695306,4.36932580695306,0.0,1.0000000003063114e-06,0.0,5.1403833022977174,4.0,4.0,1,0,4,1,13,16,-1.0000006378518833e-09,8.000000001,4.400000000000002,1.7763568394002505e-15,1.3368339463074688,2331.8192125440382,2288.714925812758,43.104286731280354
2026-04-02,B2_F08,1411.4141576126872,-8.881784197001252e-16,0,398.60280611500906,1068.6989325262975,982.5214212659893,8.632999998810565e-05,0.0,456.6754807804082,1993.1475927968877,63.53486096865702,6.579070846287023,6.579069846287024,0.0,9.999999998622222e-07,0.0,7.7400821721023805,4.0,4.0,0,0,7,5,15,24,0.5811597244603414,8.000000001,4.4,0.0,1.2726016260118151,2331.8192125440382,2288.714925812758,43.104286731280354
2026-04-02,oracle_price_reserve,1991.1927691180579,-8.881784197001252e-16,0,395.8268802975104,1595.365888820548,1016.8891422480901,0.00018414999978040304,0.0,639.2084959916368,2368.8732312245115,59.33824068378961,4.9418534540534775,4.941852454053479,0.0,9.999999988075103e-07,0.0,5.813944063592327,4.000000000000004,4.000000000000001,0,0,3,2,10,14,-1.000000304784976e-09,8.000000001,4.399999999999999,-1.7763568394002505e-15,1.4618339463074685,2331.8192125440382,2288.714925812758,43.104286731280354
2026-04-02,perfect_quarter_price,1942.4581363315863,-1.7763568394002505e-15,0,349.89813633158656,1592.56,1314.5851943738141,0.00018415000043463527,0.0,925.2239340113626,2331.8192125440382,40.0,6.168913540654574,6.168912540654572,0.0,1.000000002360224e-06,0.0,7.257544164391314,4.0,4.0,1,0,0,1,6,7,1.41601356141128,8.000000000000002,4.3999999989999985,-1.0000018590972104e-09,1.4219544457292888,2331.8192125440382,2288.714925812758,43.104286731280354
2026-04-03,B2_F01,1922.3076396193837,-1.7763568394002505e-15,0,450.8027638169948,430.0634350545924,372.31185284086865,0.5938043996969888,0.0,7.922803239203745,1244.6614440735548,61.35185132047307,4.02858071658325,3.709387797391331,0.319191919191919,1.0000000001814113e-06,0.0,4.363985641820495,4.000000000000001,4.0,2,0,2,1,7,10,0.6243644331656919,8.000000001,4.3999999979999975,-2.000002830016001e-09,1.2648795005781797,1136.2792053227995,1102.157111666245,34.1220936565544
2026-04-03,B2_F08,1500.3586990737858,-8.881784197001252e-16,0,256.94803583595956,487.59020199967273,683.7536245590876,0.5937877196968205,0.0,88.20536127653385,1339.492713398489,81.30605694872125,8.483843181375523,7.393650262183605,1.090191919191919,9.999999983601685e-07,0.0,8.69841207315718,4.000000000000003,4.0,3,0,7,2,16,23,4.216043446705582,8.000000001,4.399999999999996,-4.440892098500626e-15,0.8439088914585777,1136.2792053227995,1102.157111666245,34.1220936565544
2026-04-03,oracle_price_reserve,1244.4523207843777,0.0,0,921.6657208253334,322.7865999590441,284.3605419519205,0.00011894000010493358,0.0,39.97684544872159,1488.8358983475764,39.91843610687067,2.4182567733194555,2.418255773319455,0.0,1.0000000008822396e-06,0.0,2.845006789971231,4.0,4.0,1,0,2,1,3,6,-3.000000026176508e-09,7.999999999000001,4.399999998,-2.000000165480742e-09,1.8188294457292888,1136.2792053227995,1102.157111666245,34.1220936565544
2026-04-03,perfect_quarter_price,1051.6574926089042,-2.6645352591003757e-15,0,619.9374926089042,431.72,89.43363176890477,8.724999999524391e-05,0.0,4.811831805009536,1136.2792053227997,24.0,0.8478297359272969,0.847828735927297,0.0,9.99999999945489e-07,0.0,0.9974455684252159,4.0,4.0,0,0,0,0,2,2,-3.000000095565447e-09,7.999999999,4.399999996999997,-3.000002912756372e-09,1.6532044457292887,1136.2792053227995,1102.157111666245,34.1220936565544
2026-04-04,B2_F01,1447.1934601955343,-1.7763568394002505e-15,0,375.45001924010273,572.4631376179517,497.61607708496507,-1.7316858524772054,0.0,-414.78165689493625,1862.0425766904332,58.97563556583431,6.051319615153697,5.952921634899296,0.09839698025439914,1.0000000021728739e-06,0.0,7.003437217528582,4.0,4.0,2,0,1,5,14,16,0.6487222206775762,8.000000001,4.399999999999998,-2.6645352591003757e-15,1.35,1355.621622378802,1313.9658774704942,41.655744908307724
2026-04-04,B2_F08,1190.4654260404036,-1.7763568394002505e-15,0,427.498062795563,604.7777030746308,611.7768489616489,-1.7316858524772925,0.0,-335.4357232536163,1981.2200239379363,81.37621575463875,7.990571855938142,7.892173875683741,0.09839698025439914,1.000000001312451e-06,0.0,9.284910441980873,4.0,4.0,2,0,0,5,22,22,3.7306615473363394,8.000000001,4.400000000000002,1.7763568394002505e-15,0.8398795005781801,1355.621622378802,1313.9658774704942,41.655744908307724
2026-04-04,oracle_price_reserve,1322.0312171523742,-1.7763568394002505e-15,0,910.9170691848951,411.11414796747937,276.5257640522119,-0.9993076470588158,0.0,-141.41927406341117,1740.9755629150566,23.47095564522897,3.5979814513621124,3.5412010395974054,0.0,0.056780411764706745,0.0,4.166118867945289,4.0,4.0,2,0,7,1,8,14,-2.00000188632643e-09,7.999999999999998,4.3999999979999975,-2.000002830016001e-09,3.22516034326135,1355.621622378802,1313.9658774704942,41.655744908307724
2026-04-04,perfect_quarter_price,1033.4386714718835,1.509903313490213e-14,0,422.87867147188354,610.5600000000001,356.0831703541391,0.0001030000000572795,0.0,33.90011644722056,1355.621622378802,24.0,2.6135500845471604,2.6135490845471603,0.0,1.0000000005561116e-06,0.0,3.0747636256250663,4.0,4.0,1,0,0,1,5,6,-2.0000035533956906e-09,7.9999999999999964,4.399999997000026,-2.9999744910469417e-09,3.1592955542707104,1355.621622378802,1313.9658774704942,41.655744908307724
2026-04-05,B2_F01,1470.9916006527123,3.552713678800501e-15,2,269.73207665171515,8.44474374757634,1045.9208344235462,609.7742168545464,0.0,337.8688023753284,376.454635592963,29.126906697502932,18.5804729701741,9.8638677102578,6.684120801865806,2.032484458050493,0.0,11.604550243023503,4.0,4.0,13,0,0,5,14,19,-5.000003744370929e-09,7.999999998999998,4.399999996,-4.000000330961484e-09,2.812789880470213,443.5262536345526,359.30722283897865,84.21903079557393
2026-04-05,B2_F08,1293.9700380435722,-8.881784197001252e-16,0,296.118633947564,22.584372146712276,1639.7622662989475,979.0571242317003,0.0,567.2213424798081,412.1868056817152,57.35185132047306,25.691961888852138,15.065852967033425,8.7695,1.8566089218187085,0.0,17.72453290022296,4.000000000000001,4.000000000000001,15,0,3,4,23,28,-1.0000011929633956e-09,7.999999998999998,4.399999997999998,-2.0000019418375814e-09,1.3368339463074685,443.5262536345526,359.30722283897865,84.21903079557393
2026-04-05,oracle_price_reserve,451.39107974526826,3.552713678800501e-15,15,440.4182985871759,10.972781158092396,1326.8350881023957,735.7003381672786,0.0,564.1603353998322,478.3654942805532,29.050717208267688,19.995431415548126,11.2446355153244,7.224002594027139,1.5267933061965884,0.0,13.22898295920518,4.0,4.0,12,0,4,2,12,33,-1.000000082740371e-09,8.000000001000002,4.400000000000003,2.6645352591003757e-15,3.4477560966864296,443.5262536345526,359.30722283897865,84.21903079557393
2026-04-05,perfect_quarter_price,443.52625363455263,3.552713678800501e-15,26,443.5262536345526,0.0,0.0,0.0,0.0,0.0,443.5262536345526,0.0,0.0,0.0,0.0,0.0,0.0,0.0,4.0,4.0,0,0,0,0,0,26,-2.6645352591003757e-15,8.000000000000002,4.400000000000004,3.552713678800501e-15,4.3850871777675104,443.5262536345526,359.30722283897865,84.21903079557393
2026-04-06,B2_F01,2687.3331171556747,1.7763568394002505e-15,0,392.95790181873684,74.50337213538123,1298.802701397171,-9.03796608459525,0.0,-12.63682247553061,1787.9387639114148,48.59311508895132,7.80614722138515,6.671041175856839,0.32264209799128474,0.8124639475370269,0.0,7.848283736302163,4.0,4.0,3,0,13,4,21,29,0.5756335602275748,8.000000001,4.400000000000002,1.7763568394002505e-15,2.686833946307469,1573.894809117031,1565.8596958968826,8.035113220148332
2026-04-06,B2_F08,857.0626716581407,0.0,0,397.9547032147509,96.25356854030062,1532.2635872397661,-67.89178938163374,0.0,-43.89395545938948,2138.2576038358407,81.42924422899938,16.982342104756235,10.418286175733657,3.528667479676221,3.035388449346359,0.0,12.256807265569009,4.000000000000003,4.0,8,0,4,5,37,41,3.4166547096438338,8.000000001000002,4.400000000000003,2.6645352591003757e-15,0.8368339463074687,1573.894809117031,1565.8596958968826,8.035113220148332
2026-04-06,oracle_price_reserve,554.5084959201505,-1.7763568394002505e-15,11,454.26849592015054,100.24000000000001,1438.3118267988425,-7.80999998938603e-05,0.0,-33.389873909596034,2026.210274728589,44.0,7.444237601008229,7.444236601008231,0.0,9.999999986409769e-07,0.0,8.757925411866205,4.000000000000003,4.0,0,0,0,0,15,26,-2.220446049250313e-16,8.0,4.3999999989999985,-1.0000018590972104e-09,2.426979069659403,1573.894809117031,1565.8596958968826,8.035113220148332
2026-04-06,perfect_quarter_price,516.797532280796,6.217248937900877e-15,17,463.277532280796,53.52,1077.6406686909916,-0.05673372419595937,0.0,20.6001255789525,1573.894809117031,8.0,3.99713829787234,3.1866565236443494,0.0,0.810481774227991,0.0,3.749007673791052,4.0,4.0,2,0,0,0,6,23,-2.000000026702864e-09,8.0,4.3999999990000065,-9.99993865491433e-10,3.6278236642539974,1573.894809117031,1565.8596958968826,8.035113220148332
2026-04-07,B2_F01,1349.7833857662574,-8.881784197001252e-16,0,1029.3989429633218,812.7019128595159,376.24871435040995,1.6544159028865892,0.0,-31.73125503471237,2248.4264093050733,68.0037456826283,3.6860652447405204,3.3208271313384587,0.0,0.3652381134020615,0.0,3.9068554486334808,4.0,4.0,2,0,3,2,10,13,-1.0000001937626735e-09,8.000000001,4.4,0.0,0.9219544457292889,2559.75872870138,2579.0998395888632,-19.34111088748341
2026-04-07,B2_F08,884.2675817490473,8.881784197001252e-16,0,1211.3873845839266,800.1299942396039,390.3407058124678,0.0001766399999784207,0.0,-48.952958803460724,2450.810866799459,61.97621575463875,3.4300544460016114,3.4300534460016117,0.0,9.999999998778347e-07,0.0,4.035356995296015,4.0,4.0,0,0,3,1,10,13,-9.99999860695766e-10,8.000000001000002,4.400000000000003,2.6645352591003757e-15,1.3368339463074688,2559.75872870138,2579.0998395888632,-19.34111088748341
2026-04-07,oracle_price_reserve,2353.0242699425353,0.0,0,1212.3202398796295,1140.704030062906,343.60837191920183,4.474999998638207e-05,0.0,46.586499383595005,2650.0460977281423,50.857639695633175,2.632763121321831,2.6327621213218313,0.0,9.999999996956888e-07,0.0,3.0973672015550946,4.000000000000002,4.0,0,0,1,2,10,10,-1.0000000272292198e-09,8.000000001,4.4,0.0,1.5564088914585774,2559.75872870138,2579.0998395888632,-19.34111088748341
2026-04-07,perfect_quarter_price,1933.3827194350906,-3.552713678800501e-15,0,477.222719435091,1456.1599999999999,599.0541360076264,-5.979000000586806e-05,0.0,-27.32181346866258,2559.75872870138,40.0,5.827728843863303,4.772227843863304,1.0554999999999999,1.0000000000981446e-06,0.0,5.614385697578059,4.0,4.0,2,0,0,1,10,11,-1.999999943436137e-09,8.0,4.399999998999997,-1.0000036354540498e-09,1.7648795005781799,2559.75872870138,2579.0998395888632,-19.34111088748341
2026-04-08,B2_F01,1944.4308287090403,8.881784197001252e-16,0,950.8910685748295,839.0786909919852,886.2426023596868,3.100000004563341e-07,0.0,361.8474237267098,2314.364937889792,59.97581016161437,7.181976791108008,7.181975791108007,0.0,1.0000000014720456e-06,0.0,8.44938328365648,4.0,4.0,1,0,4,4,19,24,-1.000000082740371e-09,8.000000001,4.400000000000003,2.6645352591003757e-15,1.3439088914585775,2753.218385509382,2694.4326558035527,58.78572970582945
2026-04-08,B2_F08,1203.2631439260274,1.7763568394002505e-15,0,792.8792818284298,1070.9962161042008,868.5721036996222,0.00020073000061792713,0.0,260.0188078357288,2472.4285930665237,60.72336187605819,7.095871749048519,7.095870749048516,0.0,1.0000000030783995e-06,0.0,8.348083234174727,4.0,4.0,1,0,1,5,21,22,-1.0000001660070978e-09,8.000000001,4.400000000000005,4.440892098500626e-15,1.3368339463074688,2753.218385509382,2694.4326558035527,58.78572970582945
2026-04-08,oracle_price_reserve,2277.6596245915475,-8.881784197001252e-16,0,959.9980796786529,1317.6615449128942,669.4641700260748,3.200000002934189e-07,0.0,216.83666545278084,2730.2871288448414,56.733649123722955,5.039852895119119,5.039851895119118,0.0,1.000000000916934e-06,0.0,5.929237523669547,4.0,4.0,1,0,1,3,12,14,-1.0000002492738247e-09,8.000000001,4.399999999999997,-3.552713678800501e-15,1.4689088914585775,2753.218385509382,2694.4326558035527,58.78572970582945
2026-04-08,perfect_quarter_price,2116.411926092549,0.0,0,530.0119260925494,1586.3999999999999,753.7411893289795,3.200000002934189e-07,0.0,116.93472959214643,2753.218385509382,36.0,5.112093137006428,5.112092137006427,0.0,1.000000000916934e-06,0.0,6.0142260424523215,4.0,4.0,1,0,0,0,11,11,3.207316816848831,8.0,4.399999999000002,-9.999983063835316e-10,1.2898795005781798,2753.218385509382,2694.4326558035527,58.78572970582945
2026-04-09,B2_F01,2160.3986031216914,1.7763568394002505e-15,2,907.1333033779699,266.4508584943955,1103.0390504685895,-16.978648743937423,0.0,73.39300816059796,2220.208852924294,60.60017459578006,8.358686605156727,7.089713299929714,1.145614035087719,0.12335927013929551,0.0,8.340839176387899,4.0,4.0,3,0,8,2,18,26,-9.999999717180685e-10,8.000000001,4.400000000000003,2.6645352591003757e-15,1.5736386211883073,1527.5633647829486,1390.940906386859,136.62245839608954
2026-04-09,B2_F08,1887.1751943245704,1.7763568394002505e-15,0,944.4154387588202,266.6588514497351,1135.0649341337753,-16.978648743937246,0.0,135.1686940798306,2227.9491790064376,60.72336187605819,8.624158339515763,7.3551850342887475,1.145614035087719,0.1233592701392964,0.0,8.653158863869113,4.0,4.0,3,0,4,3,19,25,-1.0000004158072784e-09,8.000000001,4.400000000000001,8.881784197001252e-16,1.3368339463074688,1527.5633647829486,1390.940906386859,136.62245839608954
2026-04-09,oracle_price_reserve,1507.7700844760602,2.6645352591003757e-15,0,1194.8879769701875,312.8821075058726,1000.780902348042,-15.328174539473567,0.0,193.3991998661004,2330.4799614974754,36.73732980113939,6.741681879285911,5.596066844198191,1.145614035087719,1.0000000008234759e-06,0.0,6.5836080509132175,4.0,4.0,2,0,3,2,15,18,-1.0000004158072784e-09,8.000000001000002,4.399999999000004,-9.999965300266922e-10,2.2876588914585776,1527.5633647829486,1390.940906386859,136.62245839608954
2026-04-09,perfect_quarter_price,1445.9518016710983,-1.7763568394002505e-15,0,1070.4318016710977,375.52,201.09211266038008,0.00023360999994836182,0.0,119.48031593852923,1527.5633647829486,12.0,1.2544818261353694,1.2544808261353697,0.0,9.999999997789555e-07,0.0,1.4758597911147684,4.0,4.0,0,0,0,0,4,4,-4.000001975479339e-09,8.0,4.399999996,-4.000000330961484e-09,2.3064088914585774,1527.5633647829486,1390.940906386859,136.62245839608954
2026-04-10,B2_F01,4328.960396826581,0.0,10,90.18562973438557,747.8312011729012,407.19860909977666,0.00011915000000280617,0.0,196.9641623382546,1048.2511585188086,49.40058018880444,2.860966117762468,2.860965117762468,0.0,1.0000000000235515e-06,0.0,3.3658413150146673,4.000000000000001,4.000000000000001,1,0,1,2,11,22,9.999994166065562e-10,8.000000001,4.399999999999999,-1.7763568394002505e-15,2.2168585702375827,1868.8159106606097,1897.673857676348,-28.857947015737864
2026-04-10,B2_F08,1343.1479402558682,-8.881784197001252e-16,0,592.552848408562,752.6929653149747,468.3477248330418,9.069999998246869e-05,0.0,214.392782324555,1599.2006655320238,59.975810161614376,3.2871188223177317,3.2871178223177315,0.0,9.99999999806711e-07,0.0,3.86719743802086,4.0,4.0,0,0,6,2,15,22,9.99998861495044e-10,8.000000001,4.3999999999999995,-8.881784197001252e-16,1.3439088914585775,1868.8159106606097,1897.673857676348,-28.857947015737864
2026-04-10,oracle_price_reserve,2073.7663223906447,-8.881784197001252e-16,0,1016.8309529386996,1056.935369451945,543.4305223821972,0.00033457999998872653,0.0,118.69563842244743,2498.5008717703945,56.40967107725169,2.865173630118864,2.865172630118864,0.0,9.999999999663056e-07,0.0,3.3707913295516034,4.0,4.0,0,0,4,1,11,16,3.885780586188048e-16,8.000000001,4.399999999999999,-1.7763568394002505e-15,1.3439088914585775,1868.8159106606097,1897.673857676348,-28.857947015737864
2026-04-10,perfect_quarter_price,1553.5964126161132,1.7763568394002505e-15,0,449.63641261611315,1103.9599999999998,490.01373521295307,0.00015000000005427339,0.0,174.7940871684564,1868.8159106606097,40.0,2.082153683817423,2.0821526838174225,0.0,1.0000000003618226e-06,0.0,2.449591389472424,4.0,4.0,1,0,0,1,5,6,2.75723109997885,8.0,4.399999997000003,-2.999997583685854e-09,0.9430839463074686,1868.8159106606097,1897.673857676348,-28.857947015737864
2026-04-11,B2_F01,989.8659806193497,0.0,0,403.99713074655483,68.78968609195357,1039.6489677780303,0.0001282299997616687,0.0,236.97197576128414,1275.463680625255,51.35144572744868,7.915701248257516,7.915700248257518,0.0,9.999999981413765e-07,0.0,9.312588526277136,4.0,4.0,0,0,7,4,13,22,-1.0000008598964882e-09,8.000000001,4.399999999000003,-9.99997418205112e-10,1.3439088914585775,834.8675143885432,734.9328553503886,99.93465903815456
2026-04-11,B2_F08,1531.7401051426225,-8.881784197001252e-16,0,141.66707749615304,92.31964848604557,1884.6182602841227,-3.9136576100000267,0.0,280.4834231740674,1842.0352207022538,81.42924422899938,15.549516875032344,15.257015875032339,0.2925,1.000000003470447e-06,0.0,17.949430441214506,4.000000000000003,4.0,2,0,7,6,24,36,3.416654709643824,8.000000000999993,4.399999999999987,-1.3322676295501878e-14,0.8368339463074688,834.8675143885432,734.9328553503886,99.93465903815456
2026-04-11,oracle_price_reserve,1011.7473291881498,0.0,7,1004.7873291881499,6.96,341.52623392769226,-7.61000000275347e-06,0.0,-1.8854245932619271,1355.158995319104,8.0,3.1133076923076923,3.113306692307692,0.0,1.0000000003618226e-06,0.0,3.6627137556561085,4.0,4.0,1,0,0,0,4,11,-1.000000082740371e-09,8.000000001,4.4,0.0,2.236254974486629,834.8675143885432,734.9328553503886,99.93465903815456
2026-04-11,perfect_quarter_price,670.9540533827266,2.6645352591003757e-15,11,630.9540533827267,40.0,171.7807224551163,2.571000000073931e-05,0.0,7.867235739299777,834.8675143885432,4.0,0.7125581395348838,0.7125571395348838,0.0,1.0000000000287557e-06,0.0,0.8383025160152108,4.0,4.0,1,0,0,1,0,12,-1.0000010819410932e-09,7.999999998999997,4.399999999000003,-9.99997418205112e-10,2.85265975906525,834.8675143885432,734.9328553503886,99.93465903815456
2026-04-12,B2_F01,914.7529860896985,0.0,0,345.97605587140185,626.6682810985883,956.4559267477773,81.14853935561918,0.0,604.0195837404525,1243.932140621696,42.04538877872744,11.974444149039128,7.374367780216542,3.1815000000000015,1.4185763688225834,0.0,8.675726798085448,4.000000000000001,4.0,4,0,8,2,17,25,-1.000000304784976e-09,8.000000001,4.399999997999997,-2.000003718194421e-09,2.625,1808.8647783669144,1761.330746520939,47.53403184597482
2026-04-12,B2_F08,978.8475484834768,-8.881784197001252e-16,0,541.9406532422553,812.9857840028678,2466.3668863434314,544.2201162296578,0.0,1338.736594315805,1938.3366130430916,81.22866404019493,41.106718654588846,20.46327316054621,15.537241265290266,5.106204228752372,0.0,24.0744390124073,4.000000000000001,4.0,17,0,6,10,39,47,3.5882746263900622,8.000000001,4.399999999999986,-1.4210854715202004e-14,0.8469544457292887,1808.8647783669144,1761.330746520939,47.53403184597482
2026-04-12,oracle_price_reserve,1534.7234214449043,-3.552713678800501e-15,0,878.1592459389503,656.5641755059538,647.7287983250964,8.529999995761737e-05,0.0,342.9603682351428,1839.4917662348573,38.0,5.093116825124077,5.093115825124078,0.0,9.999999995031345e-07,0.0,5.991900967480246,4.0,4.0,0,0,1,4,20,21,-2.0000007205922543e-09,8.0,4.399999996999991,-3.00000913000531e-09,1.7437500000000001,1808.8647783669144,1761.330746520939,47.53403184597482
2026-04-12,perfect_quarter_price,1405.6761689658213,-2.6645352591003757e-15,0,646.3161689658214,759.3599999999999,829.5529086676047,27.34927982999979,0.0,399.01501943651164,1808.8647783669142,24.0,5.7199129952784995,5.3144119952785,0.40549999999999997,9.999999987519992e-07,0.0,6.252249402956041,4.0,4.0,2,0,0,1,9,10,-1.9999992773023223e-09,8.0,4.3999999969999966,-3.000003800934792e-09,1.5594544457292887,1808.8647783669144,1761.330746520939,47.53403184597482
2026-04-13,B2_F01,2315.465209985583,-8.881784197001252e-16,0,143.32892799168872,681.3151394283796,1186.2801914063834,43.78862949734221,0.0,671.2454257704157,1295.8902035586937,45.32336187605819,6.5725660685460765,6.252551318346525,0.0,0.3200147501995525,0.0,7.3559427274665,4.0,4.0,2,0,8,7,14,26,-9.999990835396488e-10,8.000000001,4.4,0.0,1.8439088914585777,2389.7928842637207,2373.121186307647,16.671697956073785
2026-04-13,B2_F08,1109.3790014272163,8.881784197001252e-16,0,146.6296864180232,935.0563205166354,1098.952060086477,43.78862949734226,0.0,702.2994298460283,1434.550007677765,57.82866404019494,6.796618701852717,6.476603951653162,0.0,0.3200147501995534,0.0,7.6195340607684265,4.0,4.0,2,0,7,6,16,24,-9.999989170061951e-10,8.000000001,4.400000000000002,1.7763568394002505e-15,1.3439088914585775,2389.7928842637207,2373.121186307647,16.671697956073785
2026-04-13,oracle_price_reserve,1813.707999810569,-8.881784197001252e-16,0,317.96890540945947,1495.739094401109,1528.4784197124623,43.78863901334232,0.0,1084.0578455767568,2214.339934932932,60.67463300772681,8.08884137961145,7.768826629411896,0.0,0.3200147501995544,0.0,9.139796034602227,4.0,4.0,3,0,3,4,20,22,-1.0000010819410932e-09,8.000000001,4.399999999999999,-1.7763568394002505e-15,1.26487950057818,2389.7928842637207,2373.121186307647,16.671697956073785
2026-04-13,perfect_quarter_price,1657.10261860688,0.0,0,62.42261860687984,1594.6799999999998,1106.2246337883462,6.704999992376559e-05,0.0,373.53430108150553,2389.7928842637207,48.0,4.540211028315934,4.540210028315935,0.0,9.999999988630215e-07,0.0,5.341423562724629,4.0,4.0,0,0,0,0,4,4,4.0151292137534025,8.000000001000002,4.400000000000001,8.881784197001252e-16,0.7898795005781799,2389.7928842637207,2373.121186307647,16.671697956073785
2026-04-14,B2_F01,2835.3824866482237,-3.552713678800501e-15,1,515.1794261059747,1106.8583555925034,689.1334089262765,0.00029370000015517815,0.0,538.2319323751426,1772.9389645496121,44.23691158095497,3.947320061009902,3.9473190610099014,0.0,1.000000000528356e-06,0.0,4.643904775489398,4.0,4.0,1,0,4,2,21,26,-1.000000304784976e-09,8.000000001,4.399999997999992,-2.0000081590865193e-09,2.196077197609073,2842.3022170102377,2771.7272759461275,70.57494106411013
2026-04-14,B2_F08,1642.216344511,1.7763568394002505e-15,0,524.3702304128244,1395.3844775019993,1094.1011218020894,0.00023309000085421333,0.0,769.8907234431613,2243.9648731837506,61.85302847436062,6.15410913697179,6.154108136971787,0.0,1.000000003664736e-06,0.0,7.240127219966807,4.000000000000003,4.0,1,0,8,0,25,32,-1.0000001937626735e-09,8.000000001,4.400000000000002,1.7763568394002505e-15,1.3439088914585775,2842.3022170102377,2771.7272759461275,70.57494106411013
2026-04-14,oracle_price_reserve,2099.225145752006,-8.881784197001252e-16,0,290.8371116517801,1808.388034100226,1714.5170273307847,0.0005405900010358434,0.0,947.2977731470721,2866.443859345718,76.35671750206967,8.111867790589926,8.111866790589925,0.0,1.0000000019161348e-06,0.0,9.543372694811676,4.0,4.0,1,0,7,1,20,28,3.278036713360179,8.000000001,4.399999999999999,-1.7763568394002505e-15,0.8439088914585774,2842.3022170102377,2771.7272759461275,70.57494106411013
2026-04-14,perfect_quarter_price,1942.5911794117646,0.0,0,49.19117941176472,1893.4,1434.171867942612,8.698000021374192e-05,0.0,534.4607433641393,2842.3022170102377,56.0,5.734601813845276,5.734600813845273,0.0,1.0000000024573685e-06,0.0,6.746589192759146,4.0,4.0,1,0,0,0,7,7,4.126559632855387,8.000000001,4.400000000000001,8.881784197001252e-16,0.375,2842.3022170102377,2771.7272759461275,70.57494106411013
2026-04-15,B2_F01,2217.417245427132,8.881784197001252e-16,0,626.8982406108236,1902.4461614218885,1252.4494030475757,12.994669140973027,0.0,887.2582195819514,2881.540916357363,57.40058018880444,8.016867564554383,7.910082544084558,0.0,0.10678502046982519,0.0,9.305979461459586,4.0,4.0,1,0,4,3,25,29,-1.0000028582979326e-09,8.000000000999998,4.399999998000001,-1.9999992773023223e-09,1.3368339463074688,2891.77508329364,2836.5695447096937,55.20553858394624
2026-04-15,B2_F08,1788.8625388789371,-1.7763568394002505e-15,0,702.4075593659259,1704.3588732402739,1392.4917917774492,12.994669140973567,0.0,930.6969595773007,2855.5665956653743,60.72336187605819,9.195602679028937,9.088817658559108,0.0,0.10678502046982963,0.0,10.692726657128365,4.0,4.0,1,0,11,3,28,38,-1.0000008598964882e-09,8.000000001,4.4,0.0,1.3368339463074688,2891.77508329364,2836.5695447096937,55.20553858394624
2026-04-15,oracle_price_reserve,2835.370555372176,-1.7763568394002505e-15,0,693.0535249471301,2142.317030425046,1251.3285001493518,12.994669140972919,0.0,900.1665116883407,3173.5378746922142,52.13251119066919,8.224093993081297,8.117308972611472,0.0,0.1067850204698243,0.0,9.549775259726538,4.0,4.0,1,0,5,1,23,27,-1.000001526030303e-09,8.000000001,4.399999997999994,-2.00000638272968e-09,1.5680839463074685,2891.77508329364,2836.5695447096937,55.20553858394624
2026-04-15,perfect_quarter_price,2528.2577561793178,8.881784197001252e-16,0,208.73775617931813,2319.52,701.1019523887336,0.00014462000002021469,0.0,337.584480654412,2891.77508329364,56.0,4.019954818955106,4.019953818955106,0.0,1.000000000139778e-06,0.0,4.729357431895524,4.0,4.0,1,0,0,1,5,6,3.253956866279842,7.999999998999999,4.399999998,-2.000000165480742e-09,0.6648795005781799,2891.77508329364,2836.5695447096937,55.20553858394624
2026-04-16,B2_F01,2994.705831709869,0.0,0,460.79223558724476,2224.506812560926,1689.969895011468,18.48731473224221,0.0,1227.2533165062669,3129.52831192113,68.1233618760582,11.84281878570215,11.617616959719811,0.0,0.22520182598233934,0.0,13.667784658493884,4.0,4.0,2,0,7,1,33,37,-1.0000018590972104e-09,8.000000000999998,4.39999999999999,-1.0658141036401503e-14,1.336833946307469,3481.7187391902285,3413.542113208362,68.17662598186644
2026-04-16,B2_F08,1972.2775217205983,1.7763568394002505e-15,0,538.8046149465517,2280.5925578239967,1790.2475170761015,19.91394294531903,0.0,1244.2021809090706,3345.5285659922606,63.474633007726815,11.234087460170723,10.993548160180756,0.0,0.24053929998996787,0.0,12.933586070800882,4.0,4.0,2,0,7,1,30,34,-9.999999092680234e-10,8.000000000999998,4.399999999999995,-5.329070518200751e-15,1.3368339463074685,3481.7187391902285,3413.542113208362,68.17662598186644
2026-04-16,oracle_price_reserve,3296.640421527261,-8.881784197001252e-16,0,528.6591562539418,2767.981265273319,1131.5626791139664,17.551120991858998,0.0,957.2630225644531,3453.3889570849155,59.68096399537456,7.48762963676994,7.281533805489303,0.0,0.2060958312806364,0.0,8.566510357229872,4.0,4.0,1,0,0,0,15,15,-1.0000019701195129e-09,7.999999998999998,4.3999999979999975,-2.000002830016001e-09,1.5680839463074685,3481.7187391902285,3413.542113208362,68.17662598186644
2026-04-16,perfect_quarter_price,3151.128969533166,1.7763568394002505e-15,0,294.16896953316575,2856.96,607.9271147632335,0.00013388999996483003,0.0,277.33721121617043,3481.7187391902285,52.0,3.5805835307878695,3.58058253078787,0.0,9.999999997373221e-07,0.0,4.212450036221022,4.0,4.0,0,0,0,1,5,6,2.468273326624269,8.000000001,4.400000000000001,8.881784197001252e-16,0.861675054848891,3481.7187391902285,3413.542113208362,68.17662598186644
2026-04-17,B2_F01,1532.9953984175386,-1.7763568394002505e-15,0,546.9716495233015,1217.0049511843815,822.0297776962764,-8.302185999999914,0.0,244.52190300557479,2349.7866613983847,59.527485587398395,5.194339979406117,4.573838979406116,0.6204999999999998,1.0000000008059118e-06,0.0,5.380987034595432,4.0,4.0,2,0,8,2,11,18,-1.000000082740371e-09,8.000000001000002,4.3999999999999995,-8.881784197001252e-16,1.3368339463074688,1939.348764571517,1793.200747840307,146.14801673120996
2026-04-17,B2_F08,1629.4433695568607,-1.7763568394002505e-15,0,535.5834776061972,1309.1407544409726,813.5548375205626,-8.302186000000098,0.0,261.7149583918722,2404.86629717586,61.97621575463875,5.047897801940209,4.42739680194021,0.6204999999999998,9.99999999029555e-07,0.0,5.208702119929658,4.0,4.0,1,0,4,2,14,19,-1.0000000272292198e-09,8.000000001,4.399999999999999,-1.7763568394002505e-15,1.3368339463074688,1939.348764571517,1793.200747840307,146.14801673120996
2026-04-17,oracle_price_reserve,2077.7610971594804,-1.7763568394002505e-15,0,796.1343600669178,1281.626737092563,317.52665535011727,0.00010399999999144427,0.0,243.09080348884962,2152.1968450207482,46.07059481434225,2.5126640718934232,2.5126630718934235,0.0,9.999999999177334e-07,0.0,2.956074200058249,4.0,4.0,0,0,4,2,13,18,-1.000001026429942e-09,8.000000001,4.399999997999996,-2.0000046063728405e-09,1.8817744224979445,1939.348764571517,1793.200747840307,146.14801673120996
2026-04-17,perfect_quarter_price,1830.1574983023722,-3.552713678800501e-15,0,357.39749830237224,1472.76,142.69134491320546,8.40399999964394e-05,0.0,33.499994604060745,1939.348764571517,44.0,0.9969022574257879,0.9969012574257878,0.0,9.99999999957632e-07,0.0,1.1728250054822618,4.0,4.0,0,0,0,1,5,6,0.9219544437292893,8.0,4.399999996999995,-3.000005577291631e-09,1.5782044457292888,1939.348764571517,1793.200747840307,146.14801673120996
2026-04-18,B2_F01,1284.1112394920106,1.7763568394002505e-15,0,481.18295306995947,1048.4823182353343,421.5982055032424,7.655000002344814e-05,0.0,211.4819686289328,1739.7814316296035,56.68096399537456,3.242429089807297,3.242428089807297,0.0,1.0000000003063114e-06,0.0,3.814621279956926,4.0,4.0,1,0,0,1,6,7,-1.0000005268295808e-09,7.999999999,4.399999998000002,-1.9999983891239026e-09,0.9219544457292886,1551.8525500932728,1510.5287655102654,41.32378458300741
2026-04-18,B2_F08,1713.4081182988498,-8.881784197001252e-16,0,515.2687646302247,1117.9279205567454,528.3518984896963,7.655000005744316e-05,0.0,180.7322849529749,1980.8162221736918,54.249135071934475,4.705751221028937,4.705750221028937,0.0,1.0000000007504006e-06,0.0,5.536176730622277,4.0,4.0,1,0,9,2,4,15,-1.0000001937626735e-09,8.000000001000002,4.3999999999999995,-8.881784197001252e-16,1.3368339463074688,1551.8525500932728,1510.5287655102654,41.32378458300741
2026-04-18,oracle_price_reserve,1768.3681906488105,0.0,0,628.4639653678737,1139.9042252809368,518.11716406551,7.655000018704922e-05,0.0,203.82736882021138,2082.6579093441087,57.43681249200444,4.538282268912836,4.538281268912835,0.0,1.0000000024434907e-06,0.0,5.339154434015098,4.0,4.0,1,0,1,3,7,9,-9.99999860695766e-10,8.000000001,4.399999999999999,-1.7763568394002505e-15,1.254394921919765,1551.8525500932728,1510.5287655102654,41.32378458300741
2026-04-18,perfect_quarter_price,1297.5287210422243,8.881784197001252e-16,0,110.8487210422245,1186.68,294.85536428651113,7.567000002317859e-05,0.0,40.53145956546263,1551.8525500932728,40.0,2.0723553697664903,2.0723543697664897,0.0,1.0000000003063114e-06,0.0,2.4380639644311635,4.0,4.0,1,0,0,0,4,4,-1.0000009709187907e-09,6.755132594922833,4.4,0.0,0.9695749451511089,1551.8525500932728,1510.5287655102654,41.32378458300741
2026-04-19,B2_F01,1756.6182218642189,8.881784197001252e-16,0,629.4960070884645,947.8152379018034,2295.429220387688,7.197999997447459e-05,0.0,148.82472532638556,3723.91566807157,52.62436443416569,3.7205419657807544,3.7205409657807547,0.0,9.999999996453818e-07,0.0,4.377107018565595,4.0,4.0,0,0,0,2,11,12,-9.999998051846148e-10,8.000000001,4.400000000000002,1.7763568394002505e-15,0.9219544457292885,3683.8582278707054,3664.906016277007,18.95221159369976
2026-04-19,B2_F08,1973.5097875440258,8.881784197001252e-16,0,621.6532419611649,953.7927568072008,2539.753833998079,-0.9774561098876332,0.0,136.69711390829247,3979.480174968039,57.31319912241774,6.208713851720619,6.01320723374309,0.19550561797752808,1.0000000000998793e-06,0.0,7.07436145146246,4.0,4.0,2,0,1,1,13,14,-1.0000003602961272e-09,8.000000001000002,4.400000000000002,1.7763568394002505e-15,0.9219544457292885,3683.8582278707054,3664.906016277007,18.95221159369976
2026-04-19,oracle_price_reserve,1633.4641362262694,-1.7763568394002505e-15,0,618.5800714464006,1014.884064779869,2317.076915149394,0.0001193900000792349,0.0,146.06302525530154,3804.477906730362,61.83458256483601,4.029997181191842,4.029996181191841,0.0,1.0000000006636645e-06,0.0,4.741171977872755,4.0,4.0,1,0,4,2,10,16,-1.0000008598964882e-09,8.000000001,4.399999999999999,-1.7763568394002505e-15,1.0282044457292892,3683.8582278707054,3664.906016277007,18.95221159369976
2026-04-19,perfect_quarter_price,1563.7588243027437,0.0,0,611.7588243027438,952.0,2201.629204863515,0.00012173999998829537,0.0,81.52967955555293,3683.8582278707063,36.0,2.853265931291896,2.8532649312918963,0.0,9.999999999038556e-07,0.0,3.356782272108114,4.0,4.0,0,0,0,1,9,10,-9.999999717180685e-10,8.000000001,4.400000000000001,8.881784197001252e-16,1.14612950057818,3683.8582278707054,3664.906016277007,18.95221159369976
2026-04-20,B2_F01,2520.9080815538405,0.0,0,716.9809513409557,1753.2649662890335,1721.9023346270612,43.72164113,0.0,328.27668109618395,3820.149930030867,57.97621575463875,5.248654713657709,4.674653713657709,0.5740000000000001,9.999999999732445e-07,0.0,5.499592604303187,4.0,4.0,1,0,3,2,13,18,-9.999996386511611e-10,8.000000001,4.4,0.0,1.3368339463074683,2826.2909266170936,2720.4583208972663,105.83260571982736
2026-04-20,B2_F08,1570.4331577418338,0.0,0,589.7512751655992,1772.3429871537605,1766.6037483635323,43.72164935000004,0.0,219.57596868583505,3865.4003926470573,64.0037456826283,5.691547350045069,5.117546350045068,0.5740000000000001,1.000000000528356e-06,0.0,6.020642764758906,4.0,4.0,2,0,4,3,8,14,-1.000000304784976e-09,8.000000001000002,4.400000000000001,8.881784197001252e-16,0.9219544457292889,2826.2909266170936,2720.4583208972663,105.83260571982736
2026-04-20,oracle_price_reserve,2770.513681095,8.881784197001252e-16,0,707.9427088714391,2062.5709722235606,1700.4055099381194,43.72164935000004,0.0,295.08815504292187,4132.109386640197,54.82966781282807,5.094521634684968,4.520520634684967,0.5740000000000001,1.000000000528356e-06,0.0,5.318259568048302,4.0,4.0,2,0,0,0,8,8,-1.0000009709187907e-09,8.000000001,4.399999998,-2.000000165480742e-09,1.536675054848891,2826.2909266170936,2720.4583208972663,105.83260571982736
2026-04-20,perfect_quarter_price,2523.277982558871,-1.7763568394002505e-15,0,391.63798255887025,2131.64,339.81266418138983,0.00010500000007879207,0.0,36.79961512316615,2826.2909266170936,48.0,2.816638434073431,2.8166374340734306,0.0,1.0000000007504006e-06,0.0,3.3136910978252647,4.0,4.0,1,0,0,1,1,2,-2.000000165480742e-09,8.0,4.399999998999998,-1.00000274727563e-09,1.3945749451511087,2826.2909266170936,2720.4583208972663,105.83260571982736
2026-04-21,B2_F01,2127.581158829856,8.881784197001252e-16,0,847.4550928756726,2187.747444324357,788.7646180616061,-0.4340100000000258,0.0,117.27495575891726,3707.126209502718,59.474633007726815,8.121546470252152,6.721545470252149,1.4,1.0000000025822686e-06,0.0,7.907700553237824,4.0,4.0,2,0,6,3,12,16,-9.99999860695766e-10,8.000000001,4.4,0.0,1.3368339463074685,3330.1160412864547,3301.459931108205,28.65611017824949
2026-04-21,B2_F08,2232.570980275957,-1.7763568394002505e-15,0,884.1165211896074,1901.7603600395137,810.4540968223039,-2.810615257731966,0.0,178.8875954107707,3420.253997898386,60.72336187605819,8.682451142972226,7.10482643163202,1.4,0.1776247113402069,0.0,8.35861933133179,4.0,4.0,3,0,7,4,14,21,-1.000000082740371e-09,8.000000001,4.399999999999999,-1.7763568394002505e-15,1.3368339463074688,3330.1160412864547,3301.459931108205,28.65611017824949
2026-04-21,oracle_price_reserve,3324.697124203734,-1.7763568394002505e-15,0,790.7626376456592,2533.9344865580742,763.0623695266937,-0.4337056399994605,0.0,178.6283719276272,3909.5648274427995,61.432330775225836,7.997709339221527,6.5977083392215246,1.4,1.000000001832868e-06,0.0,7.7620098108488556,4.0,4.0,2,0,4,2,12,17,-1.000000304784976e-09,8.000000001,4.400000000000001,8.881784197001252e-16,1.5493339463074682,3330.1160412864547,3301.459931108205,28.65611017824949
2026-04-21,perfect_quarter_price,3072.4834641437405,0.0,0,431.00346414373996,2641.4800000000005,282.05162864039505,6.0589999997538035e-05,0.0,24.418990907680815,3330.1160412864547,48.0,2.1345542634017125,2.1345532634017124,0.0,9.999999999593667e-07,0.0,2.5112391312444737,4.0,4.0,0,0,0,0,4,4,-1.000000804385337e-09,7.999999999,4.399999998,-2.000000165480742e-09,1.27112950057818,3330.1160412864547,3301.459931108205,28.65611017824949
2026-04-22,B2_F01,3749.5974548356185,8.881784197001252e-16,0,720.9594320283447,3172.790834830058,1049.350728404103,8.111999997362563e-05,0.0,391.8718135691124,4551.229100573394,61.97621575463876,7.415052511912257,7.4150515119122575,0.0,9.99999999674872e-07,0.0,8.723590014014423,4.000000000000003,4.0,0,0,4,2,16,21,-9.999973626939607e-10,8.000000001000004,4.400000000000004,3.552713678800501e-15,1.3368339463074688,4674.739047246752,4669.022766459826,5.716280786926291
2026-04-22,B2_F08,2388.4835581958864,-1.7763568394002505e-15,0,887.4126211732771,2588.4037968779885,1204.3992067676472,8.11199999015766e-05,0.0,494.86760105734095,4185.347942641572,58.6772466824738,7.888477357526746,7.888476357526747,0.0,9.999999987866937e-07,0.0,9.280560420619704,4.0,4.0,0,0,3,3,20,24,-9.999998884513417e-10,8.000000001000004,4.400000000000001,8.881784197001252e-16,1.3525083665575615,4674.739047246752,4669.022766459826,5.716280786926291
2026-04-22,oracle_price_reserve,4283.082814156366,0.0,0,719.6750264187696,3563.4077877375967,1664.6048372635864,-130.0644653233019,0.0,429.3845533360487,5648.367563407205,76.20958256483601,12.505566164039196,9.44826927514401,2.3983939039703963,0.6589029849247887,0.0,11.115610911934127,4.0,4.0,2,0,5,3,16,21,0.7193470002031501,8.000000001000002,4.4,0.0,0.9219544457292886,4674.739047246752,4669.022766459826,5.716280786926291
2026-04-22,perfect_quarter_price,4014.569387391724,-1.7763568394002505e-15,1,364.8093873917242,3649.7599999999998,720.2711653447346,0.0001040800000773795,0.0,60.101401409706284,4674.739047246752,56.0,4.264128133684323,4.2641271336843225,0.0,1.0000000007434617e-06,0.0,5.016620157275675,4.0,4.0,1,0,0,2,4,7,0.43386091663731474,8.000000001000002,4.4,0.0,1.3425196101999433,4674.739047246752,4669.022766459826,5.716280786926291
2026-04-23,B2_F01,2865.5043593600194,8.881784197001252e-16,3,684.2972362596018,3495.3368582084295,629.2228010254739,-2.4062757892717133,0.0,-77.85836888814532,4889.121540170922,60.727486886307375,6.684227389178629,4.979128530708223,0.9120879120879122,0.7930109463824919,0.0,5.857798271421442,4.0,4.0,3,0,3,2,10,16,-9.9999958314001e-10,8.000000001000002,4.400000000000003,2.6645352591003757e-15,1.4946092303079095,5126.3242921033725,5117.939002175121,8.38528992825195
2026-04-23,B2_F08,2732.850847841681,-8.881784197001252e-16,0,614.7734041270935,3629.3067348473605,1056.6962247201784,-3.0846625425053613,0.0,-86.42406305283602,5390.285089289973,61.976215754638744,6.728052969653721,5.665501355258027,0.9120879120879122,0.15046370230778114,0.0,6.66529571206827,4.0,4.0,3,0,1,3,11,13,-1.0000002492738247e-09,8.000000001000004,4.400000000000003,2.6645352591003757e-15,1.3368339463074688,5126.3242921033725,5117.939002175121,8.38528992825195
2026-04-23,oracle_price_reserve,4637.283006512403,-1.7763568394002505e-15,0,639.0451695532776,3998.237836959125,1106.0040285186662,-2.821589474467551,0.0,-172.2561553691446,5918.364779874681,71.06580429216933,8.35717093420359,6.630647489503179,0.7746972479571459,0.9518261967432639,0.0,7.800761752356683,4.0,4.0,4,0,9,1,8,17,-9.999999162069173e-10,8.000000001000002,4.400000000000001,8.881784197001252e-16,1.1344544457292884,5126.3242921033725,5117.939002175121,8.38528992825195
2026-04-23,perfect_quarter_price,4213.529223437259,8.881784197001252e-16,0,77.529223437259,4136.0,724.2084599785262,0.0001008200000112941,0.0,-188.58670950758662,5126.3242921033725,52.0,3.2764548639166584,3.2764538639166583,0.0,1.0000000001120224e-06,0.0,3.8546516046078323,4.0,4.0,1,0,0,0,1,1,-1.0000000272292198e-09,6.569304577186562,4.4,0.0,0.9695749451511089,5126.3242921033725,5117.939002175121,8.38528992825195
2026-04-24,B2_F01,4545.107262111947,1.7763568394002505e-15,0,649.3516814350313,3769.7509061711844,897.2414557267228,-9.980000002502987e-06,0.0,24.968912664393017,5291.375140648545,67.94714612141944,3.7005928185643517,3.7005918185643516,0.0,1.0000000002508003e-06,0.0,4.353637433605119,4.0,4.0,1,0,2,2,3,5,-9.999996386511611e-10,8.000000001,4.400000000000001,8.881784197001252e-16,0.9219544457292889,5775.82602167631,5775.273609845712,0.5524118305984302
2026-04-24,B2_F08,2521.1091862547373,3.552713678800501e-15,0,722.5319972003358,3477.4490369737314,1329.891766262573,-1.159036972268052,0.0,21.06158163036597,5509.970255778541,67.75222785543963,7.718821321722242,7.439494033062445,0.27932628865979514,1.0000000010279564e-06,0.0,8.752345921249933,4.0,4.0,4,0,2,5,11,17,-9.999995276288587e-10,8.000000001,4.400000000000004,3.552713678800501e-15,1.3368339463074688,5775.82602167631,5775.273609845712,0.5524118305984302
2026-04-24,oracle_price_reserve,4711.017562587886,0.0,0,365.4652496362523,4345.552312951633,1308.5164998183882,-9.980000027987047e-06,0.0,7.381929641523913,6012.15214274475,77.77734743779284,6.818811267407005,6.818810267407002,0.0,1.0000000028043132e-06,0.0,8.022129726361175,4.0,4.0,1,0,0,4,11,14,-1.0000001937626735e-09,8.000000001,4.399999999999999,-1.7763568394002505e-15,0.9219544457292885,5775.82602167631,5775.273609845712,0.5524118305984302
2026-04-24,perfect_quarter_price,4380.834249224422,0.0,0,27.074249224421372,4353.76,1208.121020998643,-8.99999999285847e-05,0.0,-186.87066145324553,5775.82602167631,64.0,5.407779096319092,5.407778096319093,0.0,9.999999992064967e-07,0.0,6.362091878022461,4.0,4.0,0,0,0,0,4,4,-1.0000005268295808e-09,7.253751027774482,4.4,0.0,0.5070749451511088,5775.82602167631,5775.273609845712,0.5524118305984302
2026-04-25,B2_F01,3445.027392617526,-8.881784197001252e-16,0,508.89646443067966,777.6626993683656,2156.6539360080997,-25.83972427382967,0.0,16.442613029537313,3452.610211051437,61.2,6.98450075826938,5.054712524226825,1.929787234042553,1.0000000009308119e-06,0.0,5.94672061673744,4.0,4.0,2,0,1,2,12,13,0.005341785603417748,8.000000001,4.399999999999997,-3.552713678800501e-15,0.9219544457292889,1553.00427505894,1520.55844363831,32.44583142063016
2026-04-25,B2_F08,2708.522464883213,0.0,0,444.82978254928895,804.7267128616746,2213.66845039754,-25.83971322382981,0.0,43.903875237039315,3445.160783795294,62.55185132047306,7.884808405516344,5.955020171473791,1.929787234042553,9.999999998235975e-07,0.0,7.0059060840868135,4.0,4.0,1,0,1,3,15,17,0.05230786381788333,8.000000001000002,4.4,0.0,1.3368339463074688,1553.00427505894,1520.55844363831,32.44583142063016
2026-04-25,oracle_price_reserve,1482.9595737213758,1.7763568394002505e-15,17,806.6282213401647,676.3313523812106,2038.9140807430147,-25.83971322382962,0.0,36.94432634385435,3510.769041344365,32.930963995374555,6.137022444649412,4.207234210606863,1.929787234042545,1.0000000033763112e-06,0.0,4.949687307680962,4.0,4.0,2,0,0,1,11,28,-4.440892098500626e-15,8.000000002,4.400000001000003,1.00000274727563e-09,2.5788962993891333,1553.00427505894,1520.55844363831,32.44583142063016
2026-04-25,perfect_quarter_price,1222.1549878254523,-7.105427357601002e-15,19,390.2749878254523,831.88,350.5877853820109,4.480000003738959e-06,0.0,19.738493668523304,1553.00427505894,36.0,2.7108832616658702,2.7108822616658697,0.0,1.000000000834589e-06,0.0,3.189273250103322,4.0,4.0,1,0,0,0,3,22,0.0,8.000000002,4.400000000999994,9.99993865491433e-10,2.731694163675818,1553.00427505894,1520.55844363831,32.44583142063016
2026-04-26,B2_F01,1903.0802225281016,2.6645352591003757e-15,13,630.9477099876746,536.7723194606994,2587.535191635965,36.93067649000003,0.0,337.0614458736416,3381.2630987206967,32.62436443416569,4.47782881144989,4.05782781144989,0.41999999999999993,1.0000000004728449e-06,0.0,4.773915070124688,4.0,4.0,2,0,0,3,6,22,-9.99999860695766e-10,7.999999999000005,4.399999998000007,-1.9999930600533844e-09,2.6864385291188624,3377.360089178944,3376.1346384158887,1.225450763054596
2026-04-26,B2_F08,1823.6237513564113,0.0,0,363.2057786485366,1311.2380507323442,1406.4896038808365,0.8792254551709996,0.0,-219.2390278271359,3299.2932356336823,64.72336187605819,8.768670377478692,8.758667942755954,0.0,0.010002434722737437,0.0,10.30431522677171,4.0,4.0,1,0,8,4,18,27,-9.999999717180685e-10,8.000000001000002,4.3999999999999995,-8.881784197001252e-16,1.336833946307469,3377.360089178944,3376.1346384158887,1.225450763054596
2026-04-26,oracle_price_reserve,2076.1079831970674,-1.7763568394002505e-15,0,751.8820390702526,1324.2259441268147,3824.203230803688,37.24061153797147,0.0,-16.695436424578432,5879.766038887362,74.34084468317104,12.3432910315334,11.326728035433298,0.8996307403272221,0.11693225577288102,0.0,13.325562394627411,4.000000000000003,4.0,3,0,8,4,19,27,-1.0000016370526055e-09,8.000000001,4.400000000000003,2.6645352591003757e-15,0.9219544457292888,3377.360089178944,3376.1346384158887,1.225450763054596
2026-04-26,perfect_quarter_price,1756.72919516244,0.0,0,438.56919516244,1318.16,1749.1641129627899,8.029999999339398e-06,0.0,128.53321091628646,3377.3600891789433,40.0,4.409877604332529,4.4098766043325295,0.0,9.999999999177334e-07,0.0,5.188090120574846,4.0,4.0,0,0,0,1,6,7,-1.0000000272292198e-09,7.999999999000002,4.399999997999999,-2.0000010536591617e-09,1.2898795005781798,3377.360089178944,3376.1346384158887,1.225450763054596
2026-04-27,B2_F01,3656.7116734659994,0.0,0,356.63693520974175,2294.8100735065914,702.2829490284723,-0.3555074255554944,0.0,71.5504460327825,3282.5350191375787,88.65302847436062,6.351642740406092,6.280530629294979,0.07111111111111112,1.000000001271685e-06,0.0,7.388859563876447,4.000000000000001,4.0,2,0,2,4,13,16,3.4960271538212617,8.000000001000002,4.4,0.0,0.4219544457292887,2979.7826963841576,2967.969562436214,11.813133947943696
2026-04-27,B2_F08,2234.4781357645093,0.0,0,751.0931042825148,1970.474691831359,491.5661302124637,0.00010707999998843941,0.0,110.58208837710883,3102.5517308692283,65.17563556583431,3.610842044844391,3.6108410448443915,0.0,9.999999998920378e-07,0.0,4.248048285882921,4.0,4.0,0,0,0,1,12,12,-9.999994166065562e-10,7.999999999000002,4.399999998000001,-1.9999992773023223e-09,0.9219544457292888,2979.7826963841576,2967.969562436214,11.813133947943696
2026-04-27,oracle_price_reserve,2982.763324690963,1.7763568394002505e-15,0,955.56793987469,2027.1953848162732,429.6413179767085,-1.766999999293693e-05,0.0,52.43840904029271,3359.9662512973787,55.23907724986468,3.1944335834520015,3.1944325834520013,0.0,9.99999999600279e-07,0.0,3.7581559805317664,4.0,4.0,0,0,1,3,9,10,-9.999994166065562e-10,8.000000001,4.400000000000002,1.7763568394002505e-15,1.4430839463074685,2979.7826963841576,2967.969562436214,11.813133947943696
2026-04-27,perfect_quarter_price,2643.8483238433437,8.881784197001252e-16,0,351.6483238433434,2292.2,421.66844278694805,0.00011137000004860362,0.0,85.73395887613361,2979.7826963841576,56.0,2.9625824197268797,2.962581419726879,0.0,1.0000000004364157e-06,0.0,3.48538990339173,4.0,4.0,1,0,0,1,9,10,-9.999999717180685e-10,7.999999999,4.399999998,-2.000000165480742e-09,0.9219544457292888,2979.7826963841576,2967.969562436214,11.813133947943696
2026-04-28,B2_F01,4983.790936193122,1.7763568394002505e-15,0,547.220467678983,2040.4016455030144,986.8964960616465,-0.2365319835513658,0.0,85.11162681371201,3489.6435144134834,67.52748558739839,9.962276811554716,8.816367960298138,0.8146254295532647,0.3312834217033124,0.0,10.372197600350752,4.0,4.0,5,0,12,2,16,28,-9.999995970177977e-10,8.000000001000004,4.400000000000003,2.6645352591003757e-15,1.3368339463074683,3254.7545942168667,3238.765632325413,15.988961891453528
2026-04-28,B2_F08,2800.8528116158,0.0,0,377.6602984585684,2282.3566970494066,911.3840986297514,-0.2852715914431945,0.0,213.44014132408805,3358.2462244050816,68.72336187605819,8.880324964384346,7.969243146346552,0.5431111111111111,0.3679707069266849,0.0,9.37558017217241,4.000000000000003,4.0,6,0,11,2,20,31,-1.0000004296850662e-09,8.000000001,4.399999999999996,-4.440892098500626e-15,1.3368339463074688,3254.7545942168667,3238.765632325413,15.988961891453528
2026-04-28,oracle_price_reserve,2923.6580263751016,0.0,0,548.1943291234843,2375.4636972516173,723.4817388172485,-0.005825543333255168,0.0,219.61903034823095,3427.5265603874523,66.38789908387241,5.771929841724466,5.7265955083911315,0.045333333333333226,1.0000000011528565e-06,0.0,6.737171186342505,4.0,4.0,2,0,2,3,13,15,-1.000000304784976e-09,8.000000001,4.4,0.0,1.336537779062622,3254.7545942168667,3238.765632325413,15.988961891453528
2026-04-28,perfect_quarter_price,2872.9685163128615,8.881784197001252e-16,0,354.208516312862,2518.76,445.1077893980614,0.00011050000011282243,0.0,63.32160099405698,3254.7545942168667,52.0,3.3506078038819416,3.3506068038819405,0.0,1.0000000010210175e-06,0.0,3.9418903575081665,4.0,4.0,1,0,0,1,10,11,1.0000004713184296e-09,8.000000001000002,4.400000000000002,1.7763568394002505e-15,1.1344544457292889,3254.7545942168667,3238.765632325413,15.988961891453528
2026-04-29,B2_F01,2228.4241966353047,-8.881784197001252e-16,0,886.6719964446049,997.1063581125726,856.8267514443706,-2.190622468353969,0.0,386.2580939511488,2356.5376345187533,65.2,7.762499500793581,7.521754915260211,0.24074358553337133,9.999999979887209e-07,0.0,8.8491234297179,4.0,4.0,1,0,0,3,24,24,-9.999996386511611e-10,8.000000001,4.400000000000001,8.881784197001252e-16,1.275,2142.7245861833176,2095.256810702473,47.46777548084447
2026-04-29,B2_F08,2417.3802493614635,2.6645352591003757e-15,0,714.0581473133183,1027.6170462643372,1056.0884474811053,-14.071341967111657,0.0,303.0647966254856,2508.770186400387,69.17563556583431,10.422440181632549,8.85196991967812,1.5704692619544272,1.0000000001814113e-06,0.0,10.414082258444848,4.0,4.0,2,0,0,5,20,21,-9.99999860695766e-10,8.000000001,4.400000000000004,3.552713678800501e-15,1.2749999999999995,2142.7245861833176,2095.256810702473,47.46777548084447
2026-04-29,oracle_price_reserve,1993.008161170052,-6.217248937900877e-15,5,1106.4921138108086,886.5160473592437,703.2485530723442,0.0001441599999671339,0.0,371.0266197736305,2325.229950308766,49.6308325680042,5.436480026924209,5.436479026924209,0.0,9.999999997720166e-07,0.0,6.395857676565054,4.0,4.0,0,0,5,6,23,33,-1.0000003602961272e-09,8.000000001,4.399999997999989,-2.000011711800198e-09,2.04302135322653,2142.7245861833176,2095.256810702473,47.46777548084447
2026-04-29,perfect_quarter_price,1613.1640314239746,-1.7763568394002505e-15,5,585.2040314239745,1027.96,738.7980503083294,6.488999997034742e-05,0.0,209.2374306589862,2142.7245861833176,44.0,4.428637359507965,4.428636359507966,0.0,9.99999999543033e-07,0.0,5.210160420781241,4.0,4.0,0,0,0,1,7,13,-9.99999860695766e-10,7.999999998999998,4.3999999979999975,-2.000002830016001e-09,1.5148169074972406,2142.7245861833176,2095.256810702473,47.46777548084447
2026-04-30,B2_F01,2303.4328814242904,1.7763568394002505e-15,0,1067.1167082333275,931.2584089943136,1210.2023696582783,-1.2349999920829857e-05,0.0,741.4418047302327,2467.135694505687,60.00374568262831,11.040674264587032,11.040673264587038,0.0,9.999999935894621e-07,0.0,12.989027370102399,4.0,4.0,0,0,4,3,26,28,-1.000000082740371e-09,8.000000001000004,4.400000000000002,1.7763568394002505e-15,0.9219544457292886,2184.0741749695458,2162.565707180238,21.50846778930781
2026-04-30,B2_F08,2205.8440020341204,1.7763568394002505e-15,0,632.463009537883,1282.3375779453029,1619.7526817506177,-1.234999996470587e-05,0.0,910.0460151295654,2624.5072664542386,71.94714612141944,14.040749263958983,14.040748263958985,0.0,9.999999971421758e-07,0.0,16.51852736936351,4.0,4.0,0,0,4,4,31,33,-1.0000009709187907e-09,8.000000001000005,4.400000000000006,5.329070518200751e-15,0.9219544457292889,2184.0741749695458,2162.565707180238,21.50846778930781
2026-04-30,oracle_price_reserve,2238.013749422443,-1.7763568394002505e-15,8,1173.6902573589507,1064.3234920634918,1097.464611539306,-1.2350000008581884e-05,0.0,734.6769970516448,2600.801376260104,52.73015873015873,8.590571804262177,8.590570804262176,0.0,1.0000000006948895e-06,0.0,10.106553885197961,4.0,4.0,1,0,1,4,27,37,-1.0000008598964882e-09,8.000000001,4.399999997999998,-2.0000019418375814e-09,1.896059744413914,2184.0741749695458,2162.565707180238,21.50846778930781
2026-04-30,perfect_quarter_price,1519.7936637695796,0.0,9,173.4336637695796,1346.3600000000001,1076.4016985081598,-1.2350000019550888e-05,0.0,412.12119965819375,2184.0741749695458,52.0,6.414085404509455,6.414084404509454,0.0,1.000000001583068e-06,0.0,7.545981652364062,4.0,4.0,1,0,0,1,11,21,9.999991112952245e-10,8.000000000999998,4.399999999999999,-1.7763568394002505e-15,1.381629028853212,2184.0741749695458,2162.565707180238,21.50846778930781
2026-05-01,B2_F01,2277.117864605791,8.881784197001252e-16,0,513.5563699768487,984.9144822562114,3223.114631810165,29.50879172472647,0.0,1081.488600633426,3610.5880916850733,76.6243644341657,18.85395904152693,17.7004803273634,0.6808888888888889,0.47258982527463916,0.0,20.82409450278046,4.0,4.0,4,0,0,3,43,43,-1.000005855900099e-09,8.000000000999997,4.39999999999999,-1.0658141036401503e-14,0.9219544457292888,3358.130153831147,3347.3709987160137,10.759155115133126
2026-05-01,B2_F08,2391.5637187240786,1.7763568394002505e-15,0,320.3632347037968,972.8324696375666,3952.8724924391886,30.40895216361365,0.0,1336.3862562113868,3879.272988405552,64.72336187605819,14.74873038305768,14.062362780005277,0.21377777777777762,0.4725898252746252,0.0,16.543956211770904,4.000000000000003,4.0,2,0,6,6,42,45,-1.0000040795432596e-09,8.000000000999998,4.399999999999998,-2.6645352591003757e-15,1.3368339463074688,3358.130153831147,3347.3709987160137,10.759155115133126
2026-05-01,oracle_price_reserve,1991.4951409520377,-4.440892098500626e-15,9,1302.3503824221875,689.14475852985,1647.179884990488,29.97963638118645,0.0,858.0179111038823,2750.677478457457,43.2403360585153,10.220744027093009,9.5409545508211,0.21377777777777762,0.4660116984941315,0.0,11.224652410561397,4.0,4.0,3,0,3,2,24,35,-1.0000020672640275e-09,7.9999999989999955,4.3999999979999895,-2.0000108236217784e-09,2.196052271783926,3358.130153831147,3347.3709987160137,10.759155115133126
2026-05-01,perfect_quarter_price,1353.2307622215053,1.7763568394002505e-15,13,407.3507622215052,945.88,2691.7306253177635,0.00013532000010905596,0.0,686.831098388122,3358.130153831147,40.0,6.236015968338588,6.236014968338587,0.0,1.0000000008059118e-06,0.0,7.336488195876093,4.0,4.0,1,0,0,2,13,28,-1.0000011929633956e-09,7.999999999000002,4.399999998000003,-1.999997500945483e-09,2.023093934524268,3358.130153831147,3347.3709987160137,10.759155115133126
2026-05-02,B2_F01,1843.8802194987306,-3.552713678800501e-15,6,1050.7649586532043,939.1752508291676,1009.1052030693545,-3.1463122907189285,0.0,246.51629274951566,2755.6754320929294,55.91848208122451,6.610235390559818,5.852221318664393,0.40507189542483535,0.35294217647058934,0.0,6.884966257252227,4.000000000000001,4.000000000000001,3,0,4,1,19,28,-9.99999943962493e-10,8.000000001,4.399999999999997,-3.552713678800501e-15,1.842519610199944,2376.2263626489557,2380.29425623828,-4.067893589324285
2026-05-02,B2_F08,2032.7258888734134,8.881784197001252e-16,0,411.1181833858659,1163.3694318133205,918.3987662733507,5.653999993728453e-05,0.0,181.2783193080816,2311.6080056244555,60.72336187605819,4.74212524768096,4.742124247680961,0.0,9.99999998890777e-07,0.0,5.578969703154071,4.000000000000003,4.0,0,0,8,3,22,30,-1.0000001937626735e-09,8.000000001,4.4,0.0,1.7618339463074686,2376.2263626489557,2380.29425623828,-4.067893589324285
2026-05-02,oracle_price_reserve,2140.6949435573347,0.0,16,1074.118936278852,1066.5760072784824,763.0707946874486,0.0001095900000388917,0.0,168.331428343082,2735.434200311701,38.64492579679348,3.6186503492365873,3.618649349236587,0.0,1.0000000003548837e-06,0.0,4.257234528513632,4.0,4.0,1,0,0,0,12,28,-1.000006147333643e-09,8.000000001,4.400000000000001,8.881784197001252e-16,1.965661502091835,2376.2263626489557,2380.29425623828,-4.067893589324285
2026-05-02,perfect_quarter_price,1636.8741475582033,-3.552713678800501e-15,16,553.7541475582035,1083.12,738.8267680240217,-1.6059999998010166e-05,0.0,-0.5254310067301944,2376.2263626489553,28.0,2.8684465533821184,2.8684455533821183,0.0,9.999999998761e-07,0.0,3.3746418264237192,4.0,4.0,0,0,0,0,5,21,-3.552713678800501e-15,7.9999999999999964,4.399999998999993,-1.0000071881677286e-09,2.111020920745104,2376.2263626489557,2380.29425623828,-4.067893589324285
2026-05-03,B2_F01,2380.4150541304716,-5.329070518200751e-15,5,324.05510662673487,621.2405560985338,1201.2757533948152,6.398140429159616,0.0,540.4179074857645,1599.75536820516,53.199999999999996,6.57068609164921,6.390127402499185,0.11308040893278426,0.06747828021724117,0.0,7.517796944116687,4.000000000000001,4.000000000000001,2,0,1,4,17,23,-9.999996386511611e-10,8.000000001,4.399999999999995,-5.329070518200751e-15,1.7689189189189194,1533.038462431977,1498.857407574739,34.181054857238
2026-05-03,B2_F08,2269.8331062535904,8.881784197001252e-16,0,439.2193642918283,724.8764379895438,2659.9617366005095,36.932104877589786,0.0,636.5835996726883,3150.5418343316037,63.94714612141944,10.918251950104978,9.87600509420305,0.703636699528803,0.3386101563731244,0.0,11.618829522591822,4.0,4.0,3,0,4,4,24,28,-1.000000082740371e-09,8.000000001000004,4.400000000000001,8.881784197001252e-16,0.9219544457292885,1533.038462431977,1498.857407574739,34.181054857238
2026-05-03,oracle_price_reserve,1411.2402733825388,-6.217248937900877e-15,0,749.4472434813357,661.793029901203,3520.496532041435,204.34300135489394,0.0,674.5015479461737,4052.8922561229065,51.40769776749902,9.952027072092875,8.366919689114145,1.5851063829787233,1.0000000042718893e-06,0.0,9.843434926200276,4.0,4.0,4,0,1,6,14,14,-1.000000082740371e-09,7.999999998999998,4.39999999799999,-2.0000099354433587e-09,1.5677877790626225,1533.038462431977,1498.857407574739,34.181054857238
2026-05-03,perfect_quarter_price,1048.8297318310945,8.881784197001252e-16,0,342.5497318310946,706.28,841.5662027778872,7.103999991084909e-05,0.0,357.35740113700484,1533.038462431977,48.0,4.405716560426758,4.405715560426759,0.0,9.999999987450603e-07,0.0,5.183194776972656,4.0,4.0,0,0,0,1,17,18,3.1195327685206844,8.000000001,4.400000000000001,8.881784197001252e-16,1.1157044457292886,1533.038462431977,1498.857407574739,34.181054857238
2026-05-04,B2_F01,2712.5243357487516,-8.881784197001252e-16,0,245.48572414889668,2068.542163607938,665.6433520742416,0.00012008000008844167,0.0,232.94684192938706,2746.724277821689,69.7756355658343,4.5805490231405255,4.5805480231405244,0.0,1.0000000007365228e-06,0.0,5.38888002722415,4.0,4.0,1,0,1,1,11,12,0.1079456722846473,8.000000001000002,4.400000000000001,8.881784197001252e-16,0.9219544457292888,2926.328269530258,2890.0653498985166,36.26291963174117
2026-05-04,B2_F08,2067.8024430833257,0.0,0,481.09423934627193,1500.1971713080243,769.603263556148,0.0001200799999817892,0.0,246.3081392499847,2504.58641488046,67.97938124846263,5.6883991483109515,5.688398148310952,0.0,9.999999998483444e-07,0.0,6.692233115659944,4.0,4.0,0,0,4,2,8,14,-1.0000006933630345e-09,8.000000001,4.4,0.0,0.9219544457292889,2926.328269530258,2890.0653498985166,36.26291963174117
2026-05-04,oracle_price_reserve,2484.467508373855,1.7763568394002505e-15,0,332.0452918290541,2152.422216544801,897.4074624844604,8.69900000507906e-05,0.0,218.97870405819629,3162.896179810119,75.34822041566393,6.226849814001068,6.226848814001068,0.0,1.0000000005838672e-06,0.0,7.325704487060081,4.000000000000001,4.0,1,0,0,2,14,14,3.253956868279843,8.000000001000002,4.400000000000003,2.6645352591003757e-15,0.9618339463074685,2926.328269530258,2890.0653498985166,36.26291963174117
2026-05-04,perfect_quarter_price,2414.318013372695,1.7763568394002505e-15,0,214.07801337269504,2200.24,661.0818174826479,0.00012008000008844167,0.0,149.07144124508488,2926.328269530258,68.0,4.35607971199388,4.356078711993879,0.0,1.0000000007365228e-06,0.0,5.124798484698683,4.0,4.0,1,0,0,1,8,9,3.2452796479670956,8.000000001000002,4.400000000000004,3.552713678800501e-15,0.6648795005781799,2926.328269530258,2890.0653498985166,36.26291963174117
2026-05-05,B2_F01,5575.181491390948,8.881784197001252e-16,0,100.75194886104241,1944.364171261467,1575.7183890632048,8.476999969774482e-05,0.0,830.8665936617768,2789.9678307539375,73.47291931729572,9.06241081648584,9.062409816485843,0.0,9.999999964344086e-07,0.0,10.661658607630404,4.0,4.0,0,0,9,3,14,20,0.1351810089088139,8.000000001,4.4,0.0,0.921954445729289,3543.066771957727,3541.503710385294,1.5630615724326162
2026-05-05,B2_F08,2109.2305629855564,0.0,0,114.03895676064984,1929.257347660981,1499.1346273057188,8.476999984832658e-05,0.0,786.7506422309059,2755.6802047264437,71.94714612141945,8.67334362425701,8.67334262425701,0.0,9.999999982107655e-07,0.0,10.203932499125894,4.0,4.0,0,0,8,2,13,18,0.2600688681975233,8.000000001,4.399999999999998,-2.6645352591003757e-15,0.9219544457292886,3543.066771957727,3541.503710385294,1.5630615724326162
2026-05-05,oracle_price_reserve,2341.872383620752,0.0,0,2.3449696692823525,2339.5274139514695,2457.888269639407,8.476999969774482e-05,0.0,1179.4811994306858,3620.2793690594735,95.87681271972187,13.650764125772403,13.650763125772407,0.0,9.999999964344086e-07,0.0,16.059721324438122,4.0,4.0,0,0,4,2,24,26,4.338609155373121,8.000000001,4.399999999999997,-3.552713678800501e-15,0.00707494515110885,3543.066771957727,3541.503710385294,1.5630615724326162
2026-05-05,perfect_quarter_price,2318.9404881090895,0.0,0,5.420488109089376,2313.52,2161.1119890624555,8.476999984832658e-05,0.0,936.9856204438177,3543.066771957727,76.0,11.142422665870832,11.142421665870835,0.0,9.999999982107655e-07,0.0,13.10873137052809,4.0,4.0,0,0,0,0,18,18,3.3153477109067193,8.000000001000004,4.399999999000001,-9.999991945619513e-10,0.2241750548488912,3543.066771957727,3541.503710385294,1.5630615724326162
2026-05-06,B2_F01,9144.894066375677,0.0,0,0.8449813607338053,2951.845750617179,1194.1621275807674,0.00010569000016731444,0.0,407.88437634875845,3738.968377519922,95.87681271972187,8.515654078155304,8.515653078155303,0.0,1.000000001583068e-06,0.0,10.018415386065064,4.0,4.0,1,0,4,3,13,17,4.218092234362759,8.000000001000002,4.399999999999997,-3.552713678800501e-15,0.00707494515110885,3641.682848182134,3641.682848182134,0.0
2026-05-06,B2_F08,1942.6818386568539,-1.7763568394002505e-15,0,201.56210030729346,2135.3482832767354,839.6228054082808,8.445000003231389e-05,0.0,645.5463601903346,2530.986744351975,58.249135071934475,5.714986762259112,5.714985762259111,0.0,1.0000000003826393e-06,0.0,6.723512661481306,4.0,4.0,1,0,9,6,21,30,-9.999996941623124e-10,8.000000001,4.399999999999997,-3.552713678800501e-15,1.3368339463074688,3641.682848182134,3641.682848182134,0.0
2026-05-06,oracle_price_reserve,2989.2744375308357,0.0,0,138.33498566594153,2850.9394518648946,1090.4850403442547,0.00013942000006205433,0.0,765.917521076991,3313.8418173781,87.9531979585831,7.655943933350112,7.6559429333501114,0.0,1.0000000004450893e-06,0.0,9.00699168629425,4.0,4.0,1,0,4,1,20,25,4.056834505176125,8.000000001000004,4.399999999999999,-1.7763568394002505e-15,0.42195444572928886,3641.682848182134,3641.682848182134,0.0
2026-05-06,perfect_quarter_price,2903.96,0.0,0,0.0,2903.96,1083.6552823359204,0.00015830000019348146,0.0,345.9322758537863,3641.682848182134,76.0,7.573849839997326,7.573848839997323,0.0,1.0000000012222454e-06,0.0,8.910410399996854,4.0,4.0,1,0,0,0,10,10,4.219595931725821,8.000000001000002,4.399999999999999,-1.7763568394002505e-15,0.0,3641.682848182134,3641.682848182134,0.0
2026-05-07,B2_F01,1625.4027922168184,0.0,0,208.78253268421958,2423.27012363009,1403.1587974512809,8.379000027683492e-05,0.0,852.4028110455323,3182.8085589300576,84.65302847436062,7.46265441555576,7.4626534155557565,0.0,1.0000000033039136e-06,0.0,8.77959225359501,4.0,4.0,1,0,4,4,22,26,3.986450313314059,8.000000001000004,4.400000000000004,3.552713678800501e-15,0.4219544457292887,3577.02244039605,3577.02244039605,0.0
2026-05-07,B2_F08,1975.649791499939,0.0,0,76.89685297944845,2516.8039724103132,1549.63148359407,0.00013077999985765823,0.0,881.2598762436598,3262.072301960171,88.65302847436062,8.05903998248549,8.059038982485491,0.0,9.999999989115937e-07,0.0,9.48122233233587,4.0,4.0,0,0,3,6,24,27,4.075227829254754,8.000000001000002,4.400000000000001,8.881784197001252e-16,0.4219544457292887,3577.02244039605,3577.02244039605,0.0
2026-05-07,oracle_price_reserve,2711.1402046517687,0.0,0,335.4219820331044,2375.718222618664,1464.588471314652,8.379000013264526e-05,0.0,849.6863917675736,3326.042200408847,80.7482802336248,7.753616494675267,7.753615494675266,0.0,1.000000001583068e-06,0.0,9.121900581970898,4.0,4.0,1,0,7,3,25,33,4.034906514427004,8.000000001000002,4.400000000000001,8.881784197001252e-16,0.8368339463074688,3577.02244039605,3577.02244039605,0.0
2026-05-07,perfect_quarter_price,2592.04,0.0,0,0.0,2592.0400000000004,1387.419602414398,2.949999995909003e-05,0.0,402.4371325183482,3577.02244039605,80.0,6.5228355013647015,6.522834501364702,0.0,9.999999986132213e-07,0.0,7.673922942782001,4.0,4.0,0,0,0,0,7,7,4.250872836877578,7.593315234169962,4.399999999999998,-2.6645352591003757e-15,0.0,3577.02244039605,3577.02244039605,0.0
2026-05-08,B2_F01,1805.026019290588,0.0,0,173.43346081330668,1766.1813416719597,1634.185912163743,0.00013415000024215586,0.0,861.0584431756199,2712.742137323389,80.85490088079627,9.797246028135664,9.797245028135663,0.0,1.0000000018051125e-06,0.0,11.526170621336071,4.0,4.0,1,0,5,0,13,18,-1.0000019978750885e-09,7.646038913389343,4.399999999999996,-4.440892098500626e-15,0.5,2766.472022310921,2766.472022310921,0.0
2026-05-08,B2_F08,2107.2769486666016,0.0,0,147.29152349231836,1895.2887604934726,1497.9420013077347,0.00015067000011410834,0.0,1019.0256850255066,2521.4964495980194,88.65302847436062,8.912222740337917,8.912221740337916,0.0,1.0000000007573395e-06,0.0,10.484966753338718,4.0,4.0,1,0,4,7,19,23,3.7344868325066667,8.000000001,4.399999999999995,-5.329070518200751e-15,0.4219544457292887,2766.472022310921,2766.472022310921,0.0
2026-05-08,oracle_price_reserve,2130.2373697136477,-8.881784197001252e-16,0,473.2926049191137,1656.944764794534,1504.3333769810179,9.862000017665157e-05,0.0,1089.1121956490106,2545.4584524256547,69.18680565999139,8.684211787238127,8.684210787238124,0.0,1.0000000017912347e-06,0.0,10.216718573221321,4.0,4.0,1,0,6,5,22,28,-1.0000010125521541e-09,8.000000000999998,4.399999999999998,-2.6645352591003757e-15,0.9219544457292886,2766.472022310921,2766.472022310921,0.0
2026-05-08,perfect_quarter_price,1931.6399999999999,0.0,0,0.0,1931.64,1505.043915734659,8.379000000124662e-05,0.0,670.2118096337381,2766.472022310921,88.0,8.785564476074047,8.785563476074046,0.0,1.0000000000148779e-06,0.0,10.33595703067535,4.0,4.0,1,0,0,0,11,11,3.788087860197778,7.646038913389349,4.400000000000002,1.7763568394002505e-15,0.0,2766.472022310921,2766.472022310921,0.0
2026-05-09,B2_F01,1887.8082996846201,-1.7763568394002505e-15,0,831.9492155077075,540.9576103628149,969.1836987372426,0.03873556163557029,0.0,694.1056721123576,1647.946116933772,69.47291931729572,7.553913702762057,7.528177968338376,0.0,0.025735734423681697,0.0,8.85667996275103,4.0,4.0,2,0,3,5,19,22,-9.999996386511611e-10,8.000000001,4.4,0.0,0.921954445729289,1183.5239673253616,1181.003113205655,2.520854119706655
2026-05-09,B2_F08,1971.5015319914721,0.0,0,418.7598014396392,626.0562573922186,1209.2685540259326,0.4282528534541028,0.0,737.9661791349577,1515.6901808693788,88.65302847436062,13.181507815242322,12.283767411362756,0.8879999999999997,0.009740403879565263,0.0,14.451491072191478,4.0,4.0,4,0,4,2,26,30,3.2539568662798413,8.000000001,4.399999999999997,-3.552713678800501e-15,0.42195444572928886,1183.5239673253616,1181.003113205655,2.520854119706655
2026-05-09,oracle_price_reserve,1524.3638640873648,-8.881784197001252e-16,0,1014.1550358481996,510.20882823916565,939.8900159329655,0.00014863999995212422,0.0,683.0932058908032,1781.1605254895276,63.612128398267345,7.16500640488844,7.165005404888441,0.0,9.999999996779078e-07,0.0,8.429418123398161,4.0,4.0,0,0,1,1,21,22,-1.0000043015878646e-09,8.000000000999997,4.399999999999995,-5.329070518200751e-15,1.2356449219197652,1183.5239673253616,1181.003113205655,2.520854119706655
2026-05-09,perfect_quarter_price,929.0844073212318,8.881784197001252e-16,0,386.4044073212317,542.6800000000001,467.9833869112057,2.4330000014543135e-05,0.0,213.5438025770756,1183.5239673253616,44.0,3.3507460556152284,3.350745055615228,0.0,1.000000000597745e-06,0.0,3.9420530066061494,4.0,4.0,1,0,0,1,6,7,-1.0000001937626735e-09,8.000000001,4.400000000000002,1.7763568394002505e-15,0.9219544457292888,1183.5239673253616,1181.003113205655,2.520854119706655
2026-05-10,B2_F01,1609.6411922080902,1.7763568394002505e-15,0,787.9182615681698,1280.3021929757824,1075.952774204649,-1.3859373079562842,0.0,559.5956286022571,2585.9635374543004,63.94714612141944,13.124240731677727,10.39823320539492,2.694736842105263,0.03127068417754432,0.0,12.233215535758728,4.000000000000001,4.000000000000001,4,0,9,6,22,31,-9.999994166065562e-10,8.000000001000005,4.400000000000005,4.440892098500626e-15,0.9219544457292888,2027.6498476734168,2000.6617074177536,26.988140255662984
2026-05-10,B2_F08,1678.1380560628254,-1.7763568394002505e-15,0,773.6007130152425,1272.5043644341658,900.5935478651386,0.04460472446661595,0.0,513.4686515906743,2433.185368999406,57.8,10.072770948146868,8.633207274555566,1.4395626735913016,9.999999984536267e-07,0.0,10.15671444065361,4.0,4.0,5,0,0,4,19,19,-1.000000304784976e-09,8.000000001000002,4.400000000000002,1.7763568394002505e-15,1.2750000000000001,2027.6498476734168,2000.6617074177536,26.988140255662984
2026-05-10,oracle_price_reserve,2199.914822709999,8.881784197001252e-16,0,934.1085227960654,1265.8062999139338,522.7339686631531,7.237000006234118e-05,0.0,331.33526148963847,2391.3134575135136,39.807554953276885,4.122566628511018,4.122565628511017,0.0,1.000000000861423e-06,0.0,4.850077210012962,4.000000000000001,4.000000000000001,1,0,1,1,10,11,-1.000001886852786e-09,8.000000001,4.400000000000002,1.7763568394002505e-15,1.573144921919765,2027.6498476734168,2000.6617074177536,26.988140255662984
2026-05-10,perfect_quarter_price,1914.9789825812381,-8.881784197001252e-16,0,506.81898258123795,1408.1599999999999,242.39108488752376,0.00012919999994992493,0.0,129.72009059534477,2027.6498476734166,28.0,2.1084106892109657,2.108409689210966,0.0,9.99999999612422e-07,0.0,2.480481985137713,4.0,4.0,0,0,0,0,7,7,-1.0000000272292198e-09,7.999999998999998,4.399999997999998,-2.0000019418375814e-09,1.3469544457292886,2027.6498476734168,2000.6617074177536,26.988140255662984
2026-05-11,B2_F01,2419.9857736843187,1.7763568394002505e-15,0,138.81602452233852,793.2799025038863,5219.827131391592,2.0377331488889143,0.0,413.6674746995119,5736.2178505694155,54.24913507193449,5.879678373506378,5.8618995957286,0.01777777777777767,1.0000000008531288e-06,0.0,6.896352465563058,4.0,4.0,2,0,9,3,19,28,-1.0000011096966688e-09,8.000000001,4.400000000000001,8.881784197001252e-16,1.3368339463074688,7998.186348152456,7993.381641545507,4.804706606949367
2026-05-11,B2_F08,1995.4708621274583,1.7763568394002505e-15,0,83.77677137168178,1202.297689559437,6605.000704219434,2.037750508888933,0.0,604.0054973622924,7285.031917279371,71.94714612141945,8.524105087581344,8.506326309803564,0.01777777777777767,1.000000000916934e-06,0.0,10.007442717415952,4.0,4.0,2,0,4,1,16,20,-1.0000008598964882e-09,8.000000001,4.399999999999994,-6.217248937900877e-15,0.9219544457292885,7998.186348152456,7993.381641545507,4.804706606949367
2026-05-11,oracle_price_reserve,1721.859068079128,-8.881784197001252e-16,0,94.72524824610687,1627.133819833021,6887.694707019783,2.0377505088888235,0.0,504.6427475836601,8102.8732770063625,77.64126619752955,8.85229283830582,8.834514060528043,0.01777777777777767,9.999999991405772e-07,0.0,10.3935459535624,4.0,4.0,1,0,2,1,18,20,3.355001285068859,8.000000001,4.399999999999997,-3.552713678800501e-15,0.52112950057818,7998.186348152456,7993.381641545507,4.804706606949367
2026-05-11,perfect_quarter_price,1660.5817182716278,0.0,0,7.06171827162764,1653.52,6771.28688298987,2.0377505088890424,0.0,431.644502600153,7998.186348152456,64.0,7.8136249834165135,7.795846205638734,0.01777777777777767,1.000000002693291e-06,0.0,9.171583771339687,4.0,4.0,2,0,0,1,11,12,3.2532152236890104,8.000000001,4.400000000000002,1.7763568394002505e-15,0.13207494515110887,7998.186348152456,7993.381641545507,4.804706606949367
2026-05-12,B2_F01,1670.7493554974658,0.0,0,546.4524294806577,1636.4081159011012,10155.714070810182,1357.9372625856306,0.0,993.6273160551183,9987.010037551192,72.45244828555619,14.806188886537491,13.270199661863465,0.6573333333333324,0.8786558913406929,0.0,15.61199960219231,4.0,4.0,6,0,5,2,23,28,-9.999983063835316e-10,8.000000001,4.4,0.0,0.9290293908803976,8663.669190242133,8639.415664659486,24.253525582647853
2026-05-12,B2_F08,1609.89972352034,0.0,0,397.0529812286138,1725.2206584163173,14232.520471453896,1441.107513053855,0.0,1893.917182415866,13019.769415629105,81.42924422899937,23.187564652071906,19.717797649620103,2.591111111111111,0.8786558913406981,0.0,23.19740899955305,4.0,4.0,10,0,4,4,39,43,3.253956866279839,8.000000001,4.3999999999999995,-8.881784197001252e-16,0.8368339463074688,8663.669190242133,8639.415664659486,24.253525582647853
2026-05-12,oracle_price_reserve,2408.7996231983784,1.7763568394002505e-15,0,619.2614253381386,1789.5381978602397,7654.928842717492,591.268680158299,0.0,1007.8146769144389,8464.645108843133,54.13657842954025,10.751086906844503,9.652364348837137,0.22006666666666652,0.8786558913406981,0.0,11.35572276333781,4.0,4.0,6,0,0,9,26,26,-9.999985284281365e-10,8.000000001000002,4.400000000000002,1.7763568394002505e-15,1.4430839463074685,8663.669190242133,8639.415664659486,24.253525582647853
2026-05-12,perfect_quarter_price,2311.6753300193145,0.0,0,434.1153300193141,1877.56,8097.878994938024,1241.4413506033334,0.0,504.4437841118713,8663.669190242133,48.0,8.297185599942544,7.766517933275878,0.5306666666666666,9.999999993626218e-07,0.0,9.137079919331727,4.0,4.0,2,0,0,0,13,13,-9.999996386511611e-10,8.000000001,4.399999997999998,-2.0000019418375814e-09,1.1648795005781798,8663.669190242133,8639.415664659486,24.253525582647853
2026-05-13,B2_F01,2190.9093062295633,-2.6645352591003757e-15,0,216.40867667228633,1816.1503293908359,5260.27120414768,3.0825236200000052,0.0,709.1946899023101,6580.5529966884915,57.40058018880443,6.723448837221195,6.652781170554529,0.07066666666666666,1.000000000139778e-06,0.0,7.8268013749536705,4.0,4.0,1,0,3,5,18,22,-1.000000082740371e-09,8.000000001,4.399999998,-2.000000165480742e-09,1.336833946307469,12616.491339147897,12628.551217861284,-12.05987871338766
2026-05-13,B2_F08,1933.560874070242,3.552713678800501e-15,0,186.3593083504015,1932.6866646826518,1079.0647389474025,0.00014323999973575864,0.0,392.3782613573888,2805.7323073830667,71.94714612141945,6.721287198488719,6.721286198488721,0.0,9.999999981552543e-07,0.0,7.907395527633788,4.000000000000001,4.000000000000001,0,0,4,1,9,13,-1.000000304784976e-09,8.000000001000002,4.400000000000004,3.552713678800501e-15,0.9219544457292886,12616.491339147897,12628.551217861284,-12.05987871338766
2026-05-13,oracle_price_reserve,2325.4195037977597,0.0,0,173.8504861739312,2151.569017623828,10915.64364561407,50.86939657333305,0.0,601.2473312951133,12588.946421543382,88.65302847436062,12.452921185416823,11.830697963194602,0.622222222222222,9.999999981552543e-07,0.0,13.918468191993652,4.000000000000002,4.0,2,0,4,1,14,19,4.303418214438098,8.000000001,4.4,0.0,0.42195444572928875,12616.491339147897,12628.551217861284,-12.05987871338766
2026-05-13,perfect_quarter_price,2202.8517698823534,0.0,0,4.091769882352949,2198.7599999999998,10960.662317336142,50.869296953333205,0.0,496.15345111726725,12616.491339147895,76.0,12.007756411948215,11.385533189725994,0.622222222222222,9.999999974752427e-07,0.0,13.394744929089407,4.0,4.0,2,0,0,0,14,14,3.3153477109067193,8.000000001,4.399999999999999,-1.7763568394002505e-15,0.125,12616.491339147897,12628.551217861284,-12.05987871338766
2026-05-14,B2_F01,1819.0087743763202,8.881784197001252e-16,0,742.4510414374106,1383.3363535433446,508.55741835083177,0.00020071999981078337,0.0,267.092616921884,2367.251995689703,64.68096399537455,4.756443331803842,4.756442331803843,0.0,9.999999990573105e-07,0.0,5.59581450800452,4.0,4.0,0,0,0,2,10,11,-1.000000082740371e-09,8.000000001,4.400000000000003,2.6645352591003757e-15,0.9219544457292885,2292.188564772784,2190.4981922287434,101.6903725440402
2026-05-14,B2_F08,2000.9927382035605,0.0,0,475.95683867302444,1527.6823593278573,925.7262564549351,-12.106453916666709,0.0,358.8957087492639,2582.5761996232195,88.65302847436062,10.020977679105457,8.81031001243879,1.2106666666666666,9.999999997928333e-07,0.0,10.365070602869167,4.0,4.0,1,0,3,2,18,22,3.253956866279842,8.000000001000002,4.400000000000002,1.7763568394002505e-15,0.4219544457292887,2292.188564772784,2190.4981922287434,101.6903725440402
2026-05-14,oracle_price_reserve,2358.47205631965,1.7763568394002505e-15,0,887.2958243417017,1471.1762319779482,387.3976244568099,0.00021274999986956467,0.0,162.65951350466014,2583.2099545218,43.429360777572946,3.256225810864182,3.2562248108641825,0.0,9.99999999386908e-07,0.0,3.830852716494438,4.0,4.0,0,0,0,2,13,13,-1.000000082740371e-09,7.999999999,4.399999998000002,-1.9999983891239026e-09,1.0282044457292887,2292.188564772784,2190.4981922287434,101.6903725440402
2026-05-14,perfect_quarter_price,2037.692123406798,0.0,0,478.29212340679805,1559.4,308.71917271338225,0.00011314000002405768,0.0,54.22261820739671,2292.1885647727836,40.0,2.2815348378036404,2.2815338378036403,0.0,1.0000000002126364e-06,0.0,2.6841574540702706,4.0,4.0,1,0,0,0,6,6,-9.999999717180685e-10,7.999999999,4.399999997999999,-2.0000010536591617e-09,1.3562500000000002,2292.188564772784,2190.4981922287434,101.6903725440402
2026-05-15,B2_F01,2079.588590674823,-8.881784197001252e-16,0,418.6545878107048,314.21550105145883,338.8696911110393,8.556999992824048e-05,0.0,163.6358349018437,908.1038595013592,75.94714612141945,2.8072794757966255,2.8072784757966263,0.0,9.99999999161394e-07,0.0,3.302680559760737,4.000000000000002,4.000000000000002,0,0,4,2,11,16,-1.0000000549847954e-09,8.000000001,4.3999999999999995,-8.881784197001252e-16,0.9219544457292889,988.0657566152604,870.7191371651297,117.3466194501308
2026-05-15,B2_F08,1930.4813393756829,0.0,0,447.81418407888947,302.8164765246153,309.80309278552045,8.556999992527166e-05,0.0,156.62837904959397,903.8052887694313,64.72336187605819,2.5408684847122522,2.540867484712253,0.0,9.999999991266995e-07,0.0,2.9892558643673572,4.0,4.0,0,0,4,3,11,17,-9.999996386511611e-10,8.000000001,4.400000000000001,8.881784197001252e-16,1.336833946307469,988.0657566152604,870.7191371651297,117.3466194501308
2026-05-15,oracle_price_reserve,1025.788897235418,-1.7763568394002505e-15,0,753.472698396677,272.3161988387411,209.81989573142192,0.00015680000001212503,0.0,103.56856430074242,1132.0400718660976,36.47461866049942,1.656293958271493,1.656292958271493,0.0,1.000000000077328e-06,0.0,1.948579948738333,4.0,4.0,1,0,0,0,6,6,-1.0000008460187004e-09,7.999999999,4.3999999979999975,-2.000002830016001e-09,1.3469544457292888,988.0657566152604,870.7191371651297,117.3466194501308
2026-05-15,perfect_quarter_price,965.6669878042112,-1.7763568394002505e-15,0,754.2269878042111,211.44,48.19873562414888,0.00014549999999206864,0.0,25.79982131309958,988.0657566152605,12.0,0.33093539743104305,0.3309343974310431,0.0,9.99999999945489e-07,0.0,0.38933458412833954,4.0,4.0,0,0,0,0,3,3,-8.881784197001252e-16,8.0,4.3999999989999985,-1.0000018590972104e-09,1.453204445729289,988.0657566152604,870.7191371651297,117.3466194501308
2026-05-16,B2_F01,1758.5040396954607,8.881784197001252e-16,0,888.5668353376572,241.04283262355847,322.2177536426864,24.290673824873952,0.0,120.25845242919209,1307.2782953498358,29.256599561208873,4.115049655314018,3.8125276469106573,0.3025210084033614,1.000000000059547e-06,0.0,4.485326643424302,4.0,4.0,3,0,1,2,5,8,0.0,8.000000001,4.400000000000002,1.7763568394002505e-15,0.9219544457292888,1296.4086724892836,1244.6820614487283,51.7266110405551
2026-05-16,B2_F08,1276.1605936072071,0.0,0,903.1549755959375,204.0032844148609,336.01147153831084,24.290673824873938,0.0,134.35964226218832,1284.519415462047,32.28674348867266,4.394006639619674,4.091484631216314,0.3025210084033614,9.999999987272794e-07,0.0,4.813511330842722,4.0,4.0,2,0,4,0,7,11,-9.999999925347502e-10,8.000000001,4.399999999999999,-1.7763568394002505e-15,0.9219544457292888,1296.4086724892836,1244.6820614487283,51.7266110405551
2026-05-16,oracle_price_reserve,1197.3863283062617,0.0,0,960.1863283062621,237.2,334.81925591216384,-1.000000000916934e-06,0.0,20.162258129756815,1512.0433270886692,28.0,4.638330146633738,4.3095291466337375,0.3288,1.000000000916934e-06,0.0,5.0700342890726855,4.0,4.0,2,0,0,1,4,5,0.0,8.0,4.399999999,-1.000000082740371e-09,1.3469544457292888,1296.4086724892836,1244.6820614487283,51.7266110405551
2026-05-16,perfect_quarter_price,1190.69721563136,-8.881784197001252e-16,0,960.4572156313606,230.24,125.97490681438609,0.00013954000000401256,0.0,20.263310416462897,1296.4086724892836,20.0,1.0355745910781824,1.0355735910781825,0.0,1.0000000000287557e-06,0.0,1.2183218707720314,4.0,4.0,1,0,0,1,1,2,0.0,7.999999999999998,4.399999998999998,-1.00000274727563e-09,1.3469544457292886,1296.4086724892836,1244.6820614487283,51.7266110405551
2026-05-17,B2_F01,1851.8642023306277,0.0,0,799.743698962874,180.04614803095058,2511.342247705846,0.0002791700004337123,0.0,663.1910704271913,2827.940745102479,53.90103092783505,9.144997378124192,9.13314452627234,0.01185185185185178,1.0000000015535776e-06,0.0,10.744875913261573,4.0,4.0,2,0,1,1,17,18,-9.999991945619513e-10,8.000000001,4.399999999999997,-3.552713678800501e-15,1.00958331170867,1243.5862980227332,1158.9268510841137,84.65944693861957
2026-05-17,B2_F08,1371.8605056100048,0.0,0,818.1398720879417,161.45309397380436,2529.075412400454,-0.20460059305841716,0.0,644.6700444814772,2864.202934573781,53.90103092783505,9.619840520810898,9.511479077893757,0.01185185185185178,0.09650959106529122,0.0,11.189975385757357,4.000000000000001,4.000000000000001,2,0,4,2,19,23,-9.999997496734636e-10,8.000000001,4.399999999999997,-3.552713678800501e-15,1.2724699096468144,1243.5862980227332,1158.9268510841137,84.65944693861957
2026-05-17,oracle_price_reserve,1183.3479179380777,-8.881784197001252e-16,0,1034.8473800785619,148.50053785951582,1743.159654104805,-0.012529376701111962,0.0,182.33505223030156,2744.185049189282,26.091245682628315,3.955849333169752,3.943229776468722,0.012618556701030986,9.99999999092005e-07,0.0,4.639093855753737,4.0,4.0,1,0,5,1,9,14,0.0,8.000000002000002,4.400000001,1.000000082740371e-09,1.4719544457292886,1243.5862980227332,1158.9268510841137,84.65944693861957
2026-05-17,perfect_quarter_price,1151.4291561647935,-2.6645352591003757e-15,0,1047.0691561647936,104.36000000000001,154.09066808562744,0.00019807000001256756,0.0,61.933328157687896,1243.5862980227332,12.0,0.8845357649277781,0.8845347649277779,0.0,1.0000000000634501e-06,0.0,1.0406291341244964,4.0,4.0,1,0,0,0,3,3,0.0,7.999999999999998,4.399999998999996,-1.0000045236324695e-09,1.5782044457292888,1243.5862980227332,1158.9268510841137,84.65944693861957
2026-05-18,B2_F01,1149.6723240034796,1.7763568394002505e-15,0,345.72733290360804,282.8,867.534895048469,0.0001493099998976455,0.0,714.0900902924396,781.9719883496376,61.2,5.9248612560846095,5.92486025608461,0.0,9.999999993144833e-07,0.0,6.970423830687777,4.000000000000001,4.000000000000001,0,0,1,5,19,20,-1.000000304784976e-09,8.000000001,4.400000000000003,2.6645352591003757e-15,0.9219544457292885,637.3156704717828,572.650095851323,64.66557462045978
2026-05-18,B2_F08,1191.3296597504082,-8.881784197001252e-16,0,647.3740524507992,238.430345740519,836.1657379926094,7.169000002136874e-05,0.0,709.307964070666,1012.6621004232616,53.97621575463875,5.717097486191399,5.717096486191399,0.0,1.0000000002980715e-06,0.0,6.72599586610753,4.0,4.0,1,0,5,3,23,28,-9.999989170061951e-10,8.000000001000002,4.4,0.0,1.3368339463074688,637.3156704717828,572.650095851323,64.66557462045978
2026-05-18,oracle_price_reserve,1159.7637301023703,1.7763568394002505e-15,0,970.044460462397,189.7192696399731,418.30242419507533,0.00012100000007064793,0.0,267.0264817871798,1311.0395515102655,39.09176231484932,2.8838987946603933,2.8838977946603928,0.0,1.0000000005838672e-06,0.0,3.3928209348945795,4.0,4.0,1,0,8,1,9,16,-1.0000001937626735e-09,8.000000001,4.400000000000002,1.7763568394002505e-15,1.8439088914585777,637.3156704717828,572.650095851323,64.66557462045978
2026-05-18,perfect_quarter_price,594.9620106597544,-1.7763568394002505e-15,0,322.12201065975427,272.84,173.13002826375214,0.0001753700000099104,0.0,130.77619308172356,637.3156704717828,24.0,1.1156700822805685,1.1156690822805686,0.0,1.0000000000565112e-06,0.0,1.3125518582525924,4.0,4.0,1,0,0,0,3,3,-1.9999999850695005e-09,8.0,4.3999999969999966,-3.000003800934792e-09,1.3368339463074688,637.3156704717828,572.650095851323,64.66557462045978
2026-05-19,B2_F01,1037.4201726324432,-1.7763568394002505e-15,0,579.1143342454395,1090.91161178025,1868.2517939259533,0.34946461134013207,0.0,1471.951343594742,2065.9769317455607,63.82395884114131,11.598917113598008,11.587154372475442,0.0,0.01176274112256534,0.0,13.631946320559347,4.000000000000002,4.0,1,0,10,5,28,36,-9.999996386511611e-10,8.000000001,4.400000000000003,2.6645352591003757e-15,0.9290293908803977,2689.703952458396,2677.926125263245,11.77782719515153
2026-05-19,B2_F08,1076.5251169818462,1.7763568394002505e-15,0,441.32178816165094,1109.736929751515,1728.7222098620816,0.00014090000017612516,0.0,1386.3090383774631,1893.4717484977843,57.85302847436061,10.598771837039447,10.598770837039446,0.0,1.000000001250001e-06,0.0,12.469142161222884,4.0,4.0,1,0,9,4,26,34,-1.000001748074908e-09,8.000000000999998,4.4000000000000075,7.105427357601002e-15,1.3439088914585777,2689.703952458396,2677.926125263245,11.77782719515153
2026-05-19,oracle_price_reserve,2059.7923879801633,0.0,0,407.31191900060855,1652.4804689795549,1912.2035752490183,0.0001408999994252591,0.0,1518.017271635675,2453.9785506935077,68.45831143316738,12.065072818420582,12.065071818420586,0.0,9.999999959209305e-07,0.0,14.194202139318339,4.0,4.0,0,0,3,2,27,29,-9.99999860695766e-10,8.000000001000002,4.400000000000003,2.6645352591003757e-15,0.9219544457292891,2689.703952458396,2677.926125263245,11.77782719515153
2026-05-19,perfect_quarter_price,1900.0877803959856,8.881784197001252e-16,0,132.00778039598566,1768.0800000000002,1465.8580342165944,1.993217319999992,0.0,674.2486448341842,2689.703952458396,60.0,9.267724801557828,9.200612690446716,0.06711111111111112,9.999999995291553e-07,0.0,10.824250224054959,4.0,4.0,1,0,0,0,14,14,3.4166547106438347,8.000000001,4.400000000000001,8.881784197001252e-16,0.53125,2689.703952458396,2677.926125263245,11.77782719515153
2026-05-20,B2_F01,1009.685371898898,-8.881784197001252e-16,0,613.3405844341371,471.50106205733266,2607.2143594470554,9.780161303364993,0.0,1239.6045337272485,2442.671310907912,56.50904784676505,12.426769236392142,12.305644101614462,0.10096774193548397,0.020157392842196142,0.0,14.477228354840548,4.0,4.0,2,0,5,1,23,28,-9.99999860695766e-10,8.000000001000002,4.400000000000003,2.6645352591003757e-15,0.9290293908803976,1569.1045124717118,1514.7450311940431,54.35948127766847
2026-05-20,B2_F08,1888.6878286192855,-8.881784197001252e-16,0,442.19088853365815,625.9293154844486,2963.478884492486,9.780161303364453,0.0,1462.9931284891504,2558.825798718078,73.47291931729572,14.991873198383695,14.870748063606023,0.10096774193548397,0.02015739284218726,0.0,17.49499772188944,4.0,4.0,2,0,4,5,35,37,-9.999989725173464e-10,8.000000001,4.3999999999999995,-8.881784197001252e-16,0.921954445729289,1569.1045124717118,1514.7450311940431,54.35948127766847
2026-05-20,oracle_price_reserve,1374.1193567676787,-1.7763568394002505e-15,0,840.4070672164585,533.7122895512205,904.9191227166795,8.742000012868623e-05,0.0,567.2430683729206,1711.795323691438,34.97356649435885,5.317403606463219,5.317402606463218,0.0,1.0000000014720456e-06,0.0,6.255767772309666,4.0,4.0,1,0,3,1,8,11,-1.0000011929633956e-09,8.000000001,4.399999999999997,-3.552713678800501e-15,1.73362950057818,1569.1045124717118,1514.7450311940431,54.35948127766847
2026-05-20,perfect_quarter_price,1288.8517904387777,-2.6645352591003757e-15,0,711.6517904387777,577.2,628.4990391905418,0.00012854000007861798,0.0,348.24618861760746,1569.1045124717118,28.0,3.470070879562441,3.4700698795624407,0.0,1.0000000006116228e-06,0.0,4.0824351524264,4.0,4.0,1,0,0,1,5,6,-1.0000000272292198e-09,8.000000001,4.399999999999998,-2.6645352591003757e-15,1.6086295005781797,1569.1045124717118,1514.7450311940431,54.35948127766847
2026-05-21,B2_F01,1422.7568530698213,1.7763568394002505e-15,0,995.587359224507,632.3365753457033,1057.4503070815708,0.00015542000037491432,0.0,828.7104887224829,1856.6635975092981,55.94714612141944,6.408654812148094,6.408653812148092,0.0,1.0000000024122657e-06,0.0,7.539592720174227,4.0,4.0,1,0,3,5,22,25,-1.000000082740371e-09,8.000000001,4.400000000000002,1.7763568394002505e-15,0.9219544457292885,1931.809606045473,1863.9082309662108,67.90137507926215
2026-05-21,B2_F08,1317.302302142237,1.7763568394002505e-15,0,991.9587513941456,431.46261235842644,903.3803297698104,0.00017402000016922492,0.0,697.7699274119329,1629.0315920904493,63.57601210080089,5.992236129715678,5.992235129715677,0.0,1.0000000009724452e-06,0.0,7.049688387900798,4.000000000000001,4.000000000000001,1,0,2,4,23,25,-9.999991945619513e-10,8.000000001000002,4.400000000000004,3.552713678800501e-15,0.9219544457292888,1931.809606045473,1863.9082309662108,67.90137507926215
2026-05-21,oracle_price_reserve,1878.4444208107398,-1.7763568394002505e-15,0,1325.8942607612473,552.5501600494928,647.940530734257,0.0002243999999130275,0.0,433.45292316371615,2092.9318039812815,30.913671715660854,3.7602875325461853,3.760286532546185,0.0,9.99999999612422e-07,0.0,4.423866508877865,4.0,4.0,0,0,5,2,12,17,-1.0000009709187907e-09,8.000000001,4.399999999999999,-1.7763568394002505e-15,1.7594544457292887,1931.809606045473,1863.9082309662108,67.90137507926215
2026-05-21,perfect_quarter_price,1733.7027709907372,-4.440892098500626e-15,0,1020.1027709907378,713.6,465.37236114292364,0.0003334400000651172,0.0,267.2651926481887,1931.809606045473,28.0,2.3478430969138104,2.3478420969138103,0.0,1.0000000001952891e-06,0.0,2.7621671706704642,4.0,4.0,1,0,0,0,9,9,-1.000000013351432e-09,8.000000000000002,4.3999999979999895,-2.0000108236217784e-09,1.7993339463074687,1931.809606045473,1863.9082309662108,67.90137507926215
2026-05-22,B2_F01,5068.411020103888,-1.7763568394002505e-15,0,771.5848336421983,188.6966737984363,1467.231397815532,9.000000022241217e-05,0.0,698.7313375947961,1728.781477661371,73.47291931729572,7.957819046333038,7.957818046333036,0.0,1.0000000024712463e-06,0.0,9.362138878038863,4.0,4.0,1,0,1,4,21,22,-1.0000009709187907e-09,8.000000000999998,4.399999999999999,-1.7763568394002505e-15,0.921954445729289,1208.6511494399688,954.458563217754,254.1925862222149
2026-05-22,B2_F08,1572.1529313120104,0.0,0,965.1804519198018,183.64045389095224,891.1871073213936,8.999999990828844e-05,0.0,549.6056658467405,1490.4022572854071,69.2,5.80989458737386,5.80989358737386,0.0,9.999999989809827e-07,0.0,6.835168926322189,4.0,4.0,0,0,0,2,18,18,-1.000000304784976e-09,8.000000001,4.4,0.0,0.9219544457292888,1208.6511494399688,954.458563217754,254.1925862222149
2026-05-22,oracle_price_reserve,1660.3146944164616,-2.6645352591003757e-15,0,1598.0924157163042,62.222278700157524,485.15173303084117,0.00015353999998310718,0.0,299.6744760231693,1845.7917978841335,32.73385970111166,3.1941993616623874,3.1941983616623872,0.0,9.999999998899778e-07,0.0,3.757880425485161,4.0,4.0,0,0,2,1,9,10,-9.999994721177075e-10,8.000000001,4.399999999999998,-2.6645352591003757e-15,2.1290293908803974,1208.6511494399688,954.458563217754,254.1925862222149
2026-05-22,perfect_quarter_price,1167.2328963346724,-4.440892098500626e-15,0,1086.9528963346725,80.28,93.07454278619866,0.0002311299999957205,0.0,51.65605855090239,1208.6511494399688,12.0,0.5903136669156087,0.5903126669156087,0.0,9.999999999814844e-07,0.0,0.694485488319645,4.0,4.0,0,0,0,0,1,1,-1.000000006412538e-09,7.999999998999998,4.399999997999994,-2.00000638272968e-09,1.9780455542707114,1208.6511494399688,954.458563217754,254.1925862222149
2026-05-23,B2_F01,1998.9444175009596,-8.881784197001252e-16,0,1024.5537305516643,238.74516051511978,1697.523999824559,-1.0015845722118326,0.0,642.2325926949012,2319.591882768654,40.971340766437905,10.47707641477242,10.022028062747498,0.455047352024922,9.999999974752427e-07,0.0,11.790621250291174,4.000000000000006,4.0,2,0,6,2,20,26,0.0,8.000000001000004,4.399999999999999,-1.7763568394002505e-15,1.3053087469444147,1974.5988342585704,1830.5263763345768,144.0724579239934
2026-05-23,B2_F08,1316.186366911368,-8.881784197001252e-16,0,1102.2930710625249,234.1216855728474,2052.017310632263,-0.905759388878221,0.0,1119.6173666779334,2269.72045997858,57.47291931729573,11.120144762501342,10.68462974380975,0.4355140186915887,1.0000000025822686e-06,0.0,12.570152639776182,4.0,4.0,2,0,4,6,28,31,-9.999997496734636e-10,8.000000001000004,4.400000000000006,5.329070518200751e-15,0.921954445729289,1974.5988342585704,1830.5263763345768,144.0724579239934
2026-05-23,oracle_price_reserve,1471.006139753599,-8.881784197001252e-16,9,1263.3561709525536,207.64996880104556,1564.9422082889432,-0.9057731288785591,0.0,698.1451691839641,2338.708951987457,32.681665186503366,8.369082493853771,7.933567475162183,0.4355140186915887,9.999999994320108e-07,0.0,9.3336087932238,4.0,4.0,1,0,2,3,20,31,-1.7763568394002505e-15,8.0,4.399999998999999,-1.0000009709187907e-09,1.810574285080782,1974.5988342585704,1830.5263763345768,144.0724579239934
2026-05-23,perfect_quarter_price,1380.005643828809,-6.217248937900877e-15,14,1189.4456438288094,190.56,994.959737008328,8.680000008681743e-05,0.0,400.3664597785669,1974.5988342585702,16.0,3.5847179941074154,3.5847169941074144,0.0,1.0000000010002008e-06,0.0,4.217314109629946,4.0,4.0,1,0,0,0,6,20,0.0,7.999999999999998,4.399999998999989,-1.000011629059827e-09,2.254343934524268,1974.5988342585704,1830.5263763345768,144.0724579239934
2026-05-24,B2_F01,2758.96813360731,-3.552713678800501e-15,5,1225.861530526915,194.5346719061912,318.968547785849,0.0002944499995286763,0.0,-23.49182528943031,1762.8562810583862,28.90736224021004,2.8718051682527737,2.8718041682527753,0.0,9.999999983993082e-07,0.0,3.378593136951603,4.0,4.0,0,0,0,0,13,18,-9.999999925347502e-10,7.999999998999996,4.399999997999992,-2.0000081590865193e-09,1.801979069659403,1624.0058030512769,1511.746687151312,112.25911589996484
2026-05-24,B2_F08,1293.8103225576103,0.0,0,1262.2299014802002,195.78754588472077,317.8780218771758,8.828999984938011e-05,0.0,-29.233960735499103,1805.1293416875958,36.00374568262831,2.953160184362886,2.9531591843628875,0.0,9.999999982940322e-07,0.0,3.474304922779867,4.0,4.0,0,0,1,0,13,13,0.0,8.000000001,4.3999999999999995,-8.881784197001252e-16,0.9219544457292889,1624.0058030512769,1511.746687151312,112.25911589996484
2026-05-24,oracle_price_reserve,1569.9557744388428,1.7763568394002505e-15,14,1373.1751217091498,196.78065272969334,303.6236602465326,0.0001100899998916359,0.0,-49.13812143579287,1922.717446031169,27.241285327166082,2.8530831311392637,2.853082131139265,0.0,9.999999990156772e-07,0.0,3.3565672131050155,4.0,4.0,0,0,3,2,9,25,-1.000000013351432e-09,8.000000001,4.4,0.0,2.1869452858756193,1624.0058030512769,1511.746687151312,112.25911589996484
2026-05-24,perfect_quarter_price,1546.2346550481836,-2.6645352591003757e-15,21,1348.2746550481843,197.96,128.75814031336824,9.000000000009001e-05,0.0,50.98690231027557,1624.0058030512769,16.0,0.876044763443188,0.876043763443188,0.0,1.000000000001e-06,0.0,1.0306397206132132,4.0,4.0,1,0,0,1,4,26,-1.7763568394002505e-15,7.999999999999998,4.399999998999995,-1.0000054118108892e-09,2.5415060966864305,1624.0058030512769,1511.746687151312,112.25911589996484
2026-05-25,B2_F01,1539.6439573858358,0.0,0,1259.5244168536428,165.14372306203688,1089.5159012275842,0.00020076000068697556,0.0,251.71474629351363,2262.46909408975,46.513199122417745,5.939261062737232,5.939260062737229,0.0,1.0000000034218748e-06,0.0,6.9873647796908545,4.0,4.0,1,0,1,0,20,21,-1.0000001937626735e-09,8.000000001,4.399999999999998,-2.6645352591003757e-15,1.3469544457292886,1796.953075611823,1708.190161673379,88.76291393844394
2026-05-25,B2_F08,1082.767514027403,1.7763568394002505e-15,0,1245.4884042742517,158.48648495272846,1002.9231524321033,0.0002007600001576157,0.0,251.70508862208038,2155.192752277003,34.04864521401828,5.332660456387957,5.332659456387956,0.0,1.000000000785095e-06,0.0,6.273717007515241,4.0,4.0,1,0,4,1,24,27,-1.0000000046778146e-09,8.000000001000002,4.400000000000001,8.881784197001252e-16,0.9290293908803976,1796.953075611823,1708.190161673379,88.76291393844394
2026-05-25,oracle_price_reserve,1650.515312244188,-2.6645352591003757e-15,17,1335.8877752712633,314.6275369729244,774.8245056973199,0.00020076000017851147,0.0,340.1375949486216,2085.202022232886,41.29475287141501,4.321478092825726,4.321477092825725,0.0,1.0000000008891785e-06,0.0,5.084090695272723,4.0,4.0,1,0,0,1,11,28,-1.0000001937626735e-09,7.999999999,4.399999997999995,-2.00000549455126e-09,2.293026366956701,1796.953075611823,1708.190161673379,88.76291393844394
2026-05-25,perfect_quarter_price,1607.367030830675,8.881784197001252e-16,17,1292.1670308306755,315.2,439.7568229279625,0.00033447000006531837,0.0,250.1704436768149,1796.953075611823,16.0,2.2587954304719307,2.2587944304719305,0.0,1.0000000001952891e-06,0.0,2.6574052112352673,4.0,4.0,1,0,0,0,4,21,-1.7763568394002505e-15,8.000000000000002,4.399999999000003,-9.99997418205112e-10,2.1867763669567006,1796.953075611823,1708.190161673379,88.76291393844394
2026-05-26,B2_F01,1607.8161534470682,0.0,0,1069.6258169174364,209.35165492364894,759.8306692119938,2.3230000004697756e-05,0.0,169.07931105752908,1869.7288067655502,37.85659956120887,3.15225124061221,3.1522502406122097,0.0,1.000000000202228e-06,0.0,3.7085296948378943,4.0,4.0,1,0,0,3,8,8,-1.0000000549847954e-09,8.000000001,4.400000000000002,1.7763568394002505e-15,1.3469544457292888,1992.389248666388,1934.4318953620043,57.95735330438356
2026-05-26,B2_F08,1280.998292961,-8.881784197001252e-16,0,1075.2601407348523,298.3184558012312,1343.5037899129904,-0.10353232555559125,0.0,256.50743093808734,2460.678487836542,65.2,8.813872045155755,8.710315489600202,0.1035555555555554,9.999999984570962e-07,0.0,10.247429987764939,4.0,4.0,1,0,1,5,18,19,-9.999999994736442e-10,8.000000001,4.399999999999993,-7.105427357601002e-15,0.9219544457292888,1992.389248666388,1934.4318953620043,57.95735330438356
2026-05-26,oracle_price_reserve,1461.9730397933824,-1.7763568394002505e-15,0,1189.6012152375063,272.3718245558765,1295.3293351700977,-0.10353232555550622,0.0,-7.852125563148839,2765.258032852185,45.835833352688894,8.068042710328472,7.964486154772914,0.1035555555555554,1.0000000021173627e-06,0.0,9.369983711497547,4.0,4.0,2,0,8,3,10,17,-1.0000008876520639e-09,8.000000001,4.3999999999999995,-8.881784197001252e-16,1.6273795005781801,1992.389248666388,1934.4318953620043,57.95735330438356
2026-05-26,perfect_quarter_price,1219.2507678181194,-4.440892098500626e-15,4,806.7307678181196,412.52,1127.749500263579,2.3229999992608468e-05,0.0,354.61099618531097,1992.3892486663879,28.0,4.497949514158736,4.497948514158736,0.0,9.99999999681811e-07,0.0,5.291704132135088,4.0,4.0,0,0,0,0,10,14,-1.0000000549847954e-09,8.000000001,4.399999997999992,-2.0000081590865193e-09,1.9312166783456912,1992.389248666388,1934.4318953620043,57.95735330438356
2026-05-27,B2_F01,2069.6665170690994,0.0,0,957.6398487304181,744.9556646794572,659.2094348977298,31.750543612661144,0.0,203.45886850802026,2126.5955361869237,61.472919317295734,5.8688797983409895,5.561034717811106,0.02488888888888874,0.2829561916409934,0.0,6.542393785660122,4.0,4.0,2,0,4,2,16,20,-9.999997496734636e-10,8.000000001,4.399999999999999,-1.7763568394002505e-15,0.9219544457292885,1849.7058745031293,1832.154770197494,17.551104305635363
2026-05-27,B2_F08,1347.6144984479322,-3.552713678800501e-15,0,944.0726477057906,737.0137564111319,615.1866584070308,31.750543612661236,0.0,213.59803517669258,2050.9244837345996,52.35222785543964,5.164602012038728,4.856756931508845,0.02488888888888874,0.2829561916409947,0.0,5.713831684128053,4.0,4.0,2,0,6,2,15,21,-9.999999717180685e-10,8.000000001,4.399999999999999,-1.7763568394002505e-15,1.3368339463074688,1849.7058745031293,1832.154770197494,17.551104305635363
2026-05-27,oracle_price_reserve,1740.2306306614503,-1.7763568394002505e-15,2,963.0903070389923,777.140323622458,406.71383847110064,0.00022738999988031192,0.0,-51.349219284767436,2198.2934610273182,64.56480426948252,4.245223024945997,4.245222024945997,0.0,9.999999994736442e-07,0.0,4.994378852877642,4.0,4.0,0,0,12,1,10,23,0.10112984747999418,8.000000001,4.399999999999997,-3.552713678800501e-15,1.2901169196907316,1849.7058745031293,1832.154770197494,17.551104305635363
2026-05-27,perfect_quarter_price,1344.5888538328106,-5.329070518200751e-15,8,511.22885383281056,833.36,499.3431921018739,9.000000006254005e-05,0.0,-5.773918568444756,1849.7058745031293,28.0,2.8483739743313548,2.8483729743313537,0.0,1.0000000006948895e-06,0.0,3.351027028625121,4.0,4.0,1,0,0,0,6,14,-1.0000001798848857e-09,8.000000001,4.399999999999994,-6.217248937900877e-15,2.1124716920758617,1849.7058745031293,1832.154770197494,17.551104305635363
2026-05-28,B2_F01,2159.120361178272,-8.881784197001252e-16,0,1791.021918986891,305.2948265462791,2722.2674871570584,-13.22636942933573,0.0,530.9587915104282,4300.851810609136,56.0989974418925,10.841422593059852,8.320939284457666,2.227466390209438,0.29301691839274663,0.0,9.789340334656075,4.0,4.0,3,0,8,2,19,23,-9.999997496734636e-10,8.000000001000002,4.399999999999999,-1.7763568394002505e-15,1.3368339463074688,2400.8169288820727,2303.9568838387413,96.8600450433314
2026-05-28,B2_F08,1352.0894697046879,1.7763568394002505e-15,0,1775.2315098963118,355.5130861615622,1527.2823154762086,-7.665248363479145,0.0,604.4390906404119,3061.25306925715,59.94714612141944,7.308294251893852,6.465172125828477,0.03034804845154926,0.812774077613825,0.0,7.606084853915854,4.0,4.0,4,0,4,3,15,18,-9.999996664067368e-10,8.000000001,4.400000000000001,8.881784197001252e-16,0.9219544457292888,2400.8169288820727,2303.9568838387413,96.8600450433314
2026-05-28,oracle_price_reserve,3016.015996646315,-8.881784197001252e-16,0,2762.3817553958634,253.63424125045248,1059.7710892593482,-8.456703671028755,0.0,432.9289848977371,3651.3148046789556,51.76618212604488,8.57988049787028,7.698624509872019,0.7599999999999998,0.12125598799825987,0.0,9.05720530464713,4.0,4.0,3,0,4,2,17,21,-1.0000009709187907e-09,8.000000001,4.399999998999997,-1.0000036354540498e-09,1.5352793908803974,2400.8169288820727,2303.9568838387413,96.8600450433314
2026-05-28,perfect_quarter_price,2038.412665455683,-2.6645352591003757e-15,0,1313.452665455683,724.96,639.4907229851794,9.403000005424856e-05,0.0,277.0863655287897,2400.8169288820727,20.0,2.700643673936127,2.7006426739361262,0.0,1.0000000005769283e-06,0.0,3.177226673049667,4.0,4.0,1,0,0,0,3,3,-9.999999717180685e-10,7.999999999000002,4.3999999979999975,-2.000002830016001e-09,1.5726204994218203,2400.8169288820727,2303.9568838387413,96.8600450433314
2026-05-29,B2_F01,1510.3857467370835,3.552713678800501e-15,0,1069.0653632859976,227.40549881889956,1002.9862929025458,0.00011877000025395157,0.0,248.32372204628504,2051.1333141911573,51.94714612141945,5.228335967817249,5.228334967817247,0.0,1.0000000021381794e-06,0.0,6.150982315079114,4.0,4.0,1,0,4,4,14,17,-1.0000001937626735e-09,8.000000001,4.400000000000004,3.552713678800501e-15,0.9219544457292883,1404.1637304153503,1240.2030639402435,163.96066647510702
2026-05-29,B2_F08,1416.0177854143449,2.6645352591003757e-15,0,1151.3882568042181,191.98848233341872,419.7215165266079,0.00011877000004297366,0.0,237.44145224249036,1525.6566846517544,49.775635565834314,2.693921333684089,2.6939203336840887,0.0,1.0000000003618226e-06,0.0,3.16931803962834,4.0,4.0,1,0,0,3,8,9,-1.0000001937626735e-09,8.000000001,4.400000000000004,3.552713678800501e-15,0.9219544457292885,1404.1637304153503,1240.2030639402435,163.96066647510702
2026-05-29,oracle_price_reserve,1589.174043423297,0.0,0,1537.6508959789385,51.52314744435823,57.40319438526566,0.00030713999999065425,0.0,-7.182749860102707,1653.759680528665,21.205779493298103,0.8084219546904862,0.8084209546904861,0.0,9.999999999695718e-07,0.0,0.9510834761064542,4.0,4.0,0,0,2,1,6,8,-9.999999855958563e-10,8.000000001,4.4,0.0,1.8540293908803978,1404.1637304153503,1240.2030639402435,163.96066647510702
2026-05-29,perfect_quarter_price,1373.976265279387,-2.6645352591003757e-15,0,1151.6162652793873,222.36,30.164061317461517,6.560000000108978e-05,0.0,-0.023469418501395722,1404.1637304153505,12.0,0.18386136764936997,0.18386036764936997,0.0,1.0000000000166126e-06,0.0,0.21630631271230713,4.0,4.0,1,0,0,0,1,1,-9.999999994736442e-10,7.999999999,4.3999999979999975,-2.000002830016001e-09,1.5898795005781798,1404.1637304153503,1240.2030639402435,163.96066647510702
2026-05-30,B2_F01,1493.4416054743635,1.7763568394002505e-15,4,1098.3465351658233,647.9350523812107,782.3062192007707,8.999999997792024e-05,0.0,468.51842494897926,2060.0692917988254,24.68096399537456,3.671102033402926,3.671101033402926,0.0,9.999999997546694e-07,0.0,4.318942391154083,4.0,4.0,0,0,0,4,13,17,0.0,8.0,4.399999999000002,-9.999983063835316e-10,1.3425196101999433,1523.743884783035,1500.7203203982228,23.023564384811834
2026-05-30,B2_F08,1286.2278766481743,0.0,0,1098.1312442974604,656.3607282103196,1471.2835364932753,-13.66993029483243,0.0,1238.188962216026,2001.2564770798613,37.25659956120887,13.700276464505844,10.0930394350226,3.2173333333333334,0.3899036961499096,0.0,11.874164041203057,4.0,4.0,4,0,0,4,26,26,0.0,8.000000001,4.4,0.0,0.9219544457292888,1523.743884783035,1500.7203203982228,23.023564384811834
2026-05-30,oracle_price_reserve,1795.6604503588935,0.0,0,1057.7875389581145,737.8729114007792,1169.0363103446211,-1.4242333566666618,0.0,875.1412900026479,2090.9797040575336,54.34334304988154,10.243304931809927,10.013970598476595,0.2293333333333334,9.999999992515995e-07,0.0,11.781141880560698,4.0,4.0,2,0,8,4,27,30,1.8129360417589138,8.000000001,4.399999999999997,-3.552713678800501e-15,1.1344544457292887,1523.743884783035,1500.7203203982228,23.023564384811834
2026-05-30,perfect_quarter_price,1369.20980709317,-8.881784197001252e-16,0,564.20980709317,805.0,232.36866207721368,9.299999999751174e-05,0.0,77.83449138734878,1523.7438847830347,28.0,1.608569174891722,1.6085681748917218,0.0,9.999999999732445e-07,0.0,1.8924331447621328,4.0,4.0,0,0,0,0,3,3,1.0846522880932814,7.999999999,4.399999997999999,-2.0000010536591617e-09,1.2866750548488912,1523.743884783035,1500.7203203982228,23.023564384811834
2026-05-31,B2_F01,2543.508641264578,8.881784197001252e-16,2,910.048167891685,144.54953181060725,1150.3219128488015,181.94381143859076,0.0,822.6154668067442,1200.3603343057584,33.25659956120887,10.10081366656251,8.524973957679572,1.3060752326419505,0.2697644762409875,0.0,10.029381126681852,4.0,4.0,9,0,3,4,13,16,0.0,8.000000001,4.400000000000005,4.440892098500626e-15,1.0797297297297295,1132.7630994127417,1060.007568939824,72.7555304729176
2026-05-31,B2_F08,1442.5780055132504,-3.552713678800501e-15,2,906.5784360775068,142.63869918704876,616.6518324995006,39.746565927697134,0.0,287.3877224865486,1338.7346793498104,29.856599561208867,4.366072974589298,4.03023208128263,0.3358398933066682,9.999999998761e-07,0.0,4.74144950739133,4.0,4.0,2,0,0,4,7,9,0.0,8.000000001,4.399999999999997,-3.552713678800501e-15,1.5047297297297302,1132.7630994127417,1060.007568939824,72.7555304729176
2026-05-31,oracle_price_reserve,1125.9053295486874,0.0,0,979.9917493775563,145.9135801711312,709.0155283015363,135.23445923111046,0.0,363.3811893850543,1336.305209234059,29.307418009752112,6.815764930598263,5.673097263931599,1.1426666666666667,9.999999983356656e-07,0.0,6.674232075213647,4.0,4.0,2,0,3,3,8,11,-9.999999855958563e-10,8.000000001000002,4.400000000000002,1.7763568394002505e-15,1.3844544457292889,1132.7630994127417,1060.007568939824,72.7555304729176
2026-05-31,perfect_quarter_price,1111.2587468766221,-1.7763568394002505e-15,0,991.738746876622,119.52000000000001,45.61249352869606,9.300000000138364e-05,0.0,24.108047992576278,1132.7630994127417,8.0,0.2927415836889521,0.2927405836889521,0.0,1.0000000000148779e-06,0.0,0.34440068560823256,4.0,4.0,1,0,0,1,0,1,0.0,8.0,4.3999999989999985,-1.0000018590972104e-09,1.6157044457292886,1132.7630994127417,1060.007568939824,72.7555304729176
2026-06-01,B2_F01,2045.9204528590565,8.881784197001252e-16,0,873.417936373509,271.1621714315097,2028.972687638803,0.0001299999998891771,0.0,1130.252017998176,2043.3006474456458,67.94714612141945,8.307444235229967,8.307443235229968,0.0,9.999999991475161e-07,0.0,9.773462629682314,4.0,4.0,0,0,3,6,23,26,-1.0000001937626735e-09,8.000000001,4.4,0.0,0.9219544457292889,1217.0641969169867,1064.4755781520462,152.58861876494052
2026-06-01,B2_F08,1227.4776677262691,1.7763568394002505e-15,0,903.7062633719943,209.63593654953957,1151.4132985405233,0.0001299999999387902,0.0,638.2166235008324,1626.5387449612251,32.00374568262831,4.012249682374531,4.012248682374532,0.0,9.999999995291553e-07,0.0,4.720292567499448,4.0,4.0,0,0,3,2,14,17,0.0,8.000000001,4.400000000000001,8.881784197001252e-16,0.9219544457292888,1217.0641969169867,1064.4755781520462,152.58861876494052
2026-06-01,oracle_price_reserve,2015.3754661339638,-2.6645352591003757e-15,0,1893.6980100978426,121.67745603612103,808.884916944228,0.00010793999997913639,0.0,494.40886991384707,2329.851405224345,32.695251759264195,4.044032271578038,4.044031271578039,0.0,9.99999999806711e-07,0.0,4.75768384891534,4.0,4.0,0,0,2,1,14,16,-9.99999860695766e-10,8.000000001000002,4.399999999999999,-1.7763568394002505e-15,2.0564088914585774,1217.0641969169867,1064.4755781520462,152.58861876494052
2026-06-01,perfect_quarter_price,962.5035313044915,-4.440892098500626e-15,0,714.663531304491,247.83999999999997,430.73409872579657,8.555999996001137e-05,0.0,176.17334755330103,1217.0641969169867,20.0,1.7728279068489847,1.772826906848985,0.0,9.999999995326248e-07,0.0,2.0856787139399824,4.0,4.0,0,0,0,0,3,3,1.7763568394002505e-15,8.000000001,4.399999999999996,-4.440892098500626e-15,1.886833946307469,1217.0641969169867,1064.4755781520462,152.58861876494052
2026-06-02,B2_F01,1178.2625416302176,0.0,0,395.08339952369454,110.7095578391976,159.91404054858577,0.0002810100000084462,0.0,14.869084529004239,650.8376323724736,22.171832494296407,0.8978414656271887,0.8978404656271886,0.0,1.0000000000300567e-06,0.0,1.056282901822521,4.0,4.0,1,0,0,1,6,7,-5.204170427930421e-18,8.000000002,4.400000001,1.000000082740371e-09,1.3469544457292884,641.843473667128,600.2915526341284,41.55192103299965
2026-06-02,B2_F08,1233.853849486901,8.881784197001252e-16,0,279.42471061943684,213.37849167659462,562.9400767858028,0.00021500000029262,0.0,304.32113918319465,751.4219248986394,61.2,3.1469065994499026,3.146905599449901,0.0,1.0000000013610233e-06,0.0,3.7022418817057643,4.0,4.0,1,0,0,1,14,15,-1.0000009709187907e-09,8.000000000999998,4.3999999999999995,-8.881784197001252e-16,0.9219544457292889,641.843473667128,600.2915526341284,41.55192103299965
2026-06-02,oracle_price_reserve,617.5686147716248,1.7763568394002505e-15,0,434.14155623744597,183.42705853417897,370.97105716985175,0.00019771000008868457,0.0,155.70634414789836,832.8331300835782,48.59958451300891,2.1314690673236,2.1314680673235995,0.0,1.0000000004485587e-06,0.0,2.50760949096894,4.0,4.0,1,0,2,2,8,11,-9.999999717180685e-10,8.000000001,4.400000000000001,8.881784197001252e-16,1.0851204994218202,641.843473667128,600.2915526341284,41.55192103299965
2026-06-02,perfect_quarter_price,535.6816652367011,1.7763568394002505e-15,0,382.88166523670094,152.8,108.61584572294649,0.00020442999999027483,0.0,2.453832862519473,641.843473667128,16.0,0.6041124606387764,0.6041114606387764,0.0,9.999999999524278e-07,0.0,0.7107193654573842,4.0,4.0,0,0,0,0,1,1,0.0,8.000000001,4.400000000000002,1.7763568394002505e-15,1.0282044457292887,641.843473667128,600.2915526341284,41.55192103299965
2026-06-03,B2_F01,1086.44386174597,0.0,0,494.2844475731189,245.8532901152054,672.1003689907072,5.222999999135419e-05,0.0,179.46967218106238,1232.7683822679692,62.17395024513078,3.5403535970890565,3.540352597089057,0.0,9.999999998344666e-07,0.0,4.165120702457715,4.0,4.0,0,0,3,1,9,12,-9.999996386511611e-10,8.000000001,4.400000000000002,1.7763568394002505e-15,0.9219544457292889,1029.0729595404084,821.8651568783273,207.20780266208112
2026-06-03,B2_F08,1235.2368885212625,1.7763568394002505e-15,0,476.65399108026986,195.2668400699065,596.950340241302,5.223000004354244e-05,0.0,136.1887770454502,1132.6823421160282,61.2,3.190747909285216,3.190746909285215,0.0,1.0000000008336674e-06,0.0,3.7538198932767246,4.000000000000001,4.000000000000001,1,0,1,3,9,11,-9.999999717180685e-10,8.000000001,4.400000000000003,2.6645352591003757e-15,0.9219544457292888,1029.0729595404084,821.8651568783273,207.20780266208112
2026-06-03,oracle_price_reserve,980.2537142815049,-8.881784197001252e-16,0,824.5892364677687,155.6644778137365,501.4980139688853,0.0003064000000826919,0.0,242.5579664285193,1239.193455421871,35.05153970522974,2.446717239819485,2.4467162398194846,0.0,1.0000000002698822e-06,0.0,2.8784896917359695,4.0,4.0,1,0,3,2,6,10,-1.000000304784976e-09,8.000000001,4.399999997999998,-2.0000019418375814e-09,1.9211295005781794,1029.0729595404084,821.8651568783273,207.20780266208112
2026-06-03,perfect_quarter_price,919.9525446293075,-3.552713678800501e-15,0,747.3925446293075,172.56,179.50062386857442,0.0002140800000135834,0.0,70.37999487747362,1029.0729595404084,16.0,1.1123698113207547,1.1123688113207546,0.0,1.0000000000634501e-06,0.0,1.3086691865351625,4.0,4.0,1,0,0,0,1,1,-2.0000000544584395e-09,8.0,4.399999996999994,-3.000006465470051e-09,1.8148795005781801,1029.0729595404084,821.8651568783273,207.20780266208112
2026-06-04,B2_F01,1825.4474677297446,0.0,0,578.742211390176,228.07379255254293,6864.28245976516,1519.5370484922223,0.0,170.80735811389837,5980.754057101757,60.723361876058185,14.914208085763423,9.172873752430096,5.7413333333333325,9.999999956988859e-07,0.0,10.791616179329527,4.0,4.0,4,0,2,3,16,21,-1.0000003602961272e-09,8.000000001,4.400000000000003,2.6645352591003757e-15,1.3368339463074688,2146.405967319027,2038.3268491105048,108.07911820852225
2026-06-04,B2_F08,1308.0921263535054,0.0,0,611.9916393836794,223.41633284222456,6787.146046203063,1519.5370484922223,0.0,148.9531510194313,5954.063818917313,57.35185132047306,14.152482320937022,8.411147987603696,5.7413333333333325,9.999999956988859e-07,0.0,9.895468220710228,4.0,4.0,4,0,4,3,14,21,-1.0000001937626735e-09,8.000000001,4.4,0.0,1.3368339463074688,2146.405967319027,2038.3268491105048,108.07911820852225
2026-06-04,oracle_price_reserve,969.6017572471612,-1.7763568394002505e-15,0,760.9952709836973,208.60648626346398,2970.6281298502677,1553.99040669,0.0,28.2617036188451,2357.9777767885844,44.16792341675504,5.149048103281911,4.453935992170798,0.6951111111111112,1.0000000006948895e-06,0.0,5.239924696671526,4.0,4.0,2,0,5,1,4,8,0.3475442743223954,8.000000001,4.399999999999998,-2.6645352591003757e-15,1.7336295005781799,2146.405967319027,2038.3268491105048,108.07911820852225
2026-06-04,perfect_quarter_price,944.932367075488,-3.552713678800501e-15,0,776.3723670754881,168.56,2777.9858165987057,1553.99040669,0.0,22.52180966516683,2146.405967319027,16.0,3.1380173713536545,2.442905260242544,0.6951111111111112,9.999999993626218e-07,0.0,2.874006187435984,4.0,4.0,1,0,0,0,1,1,0.0,7.999999999999998,4.399999998999993,-1.0000071881677286e-09,1.9844544457292885,2146.405967319027,2038.3268491105048,108.07911820852225
2026-06-05,B2_F01,853.3674678690548,-8.881784197001252e-16,0,707.0964601721689,496.21246958612295,405.0123534853865,0.00010343999995990893,0.0,111.43231806805491,1496.8888617356235,65.17563556583431,2.8059340609176355,2.805933060917636,0.0,9.99999999612422e-07,0.0,3.3010977187266306,4.0,4.0,0,0,0,0,9,9,-9.999997496734636e-10,8.000000001,4.4,0.0,0.9219544457292888,1901.4753458893945,1728.1075171685534,173.36782872084086
2026-06-05,B2_F08,1008.9529864599594,-8.881784197001252e-16,0,561.5172766810084,962.6784390813134,405.9534969291958,9.831999996023039e-05,0.0,119.11069521058994,1811.0384191609278,57.322309444047164,2.819038138883103,2.819037138883104,0.0,9.999999995955085e-07,0.0,3.3165142810389465,4.0,4.0,0,0,2,1,14,15,-9.9999958314001e-10,8.000000001,4.400000000000001,8.881784197001252e-16,1.3368339463074685,1901.4753458893945,1728.1075171685534,173.36782872084086
2026-06-05,oracle_price_reserve,1910.121622441401,-4.440892098500626e-15,0,1025.3647769126328,884.7568455287682,129.66296657688946,0.00012284000001717033,0.0,71.54601231899886,1968.2384538592917,24.83096399537456,0.9531980225542612,0.9531970225542611,0.0,1.000000000139778e-06,0.0,1.121408259659236,4.0,4.0,1,0,0,1,1,2,-9.999999162069173e-10,8.000000001,4.399999997999994,-2.00000638272968e-09,1.878204445729289,1901.4753458893945,1728.1075171685534,173.36782872084086
2026-06-05,perfect_quarter_price,1874.0937281055658,-4.440892098500626e-15,0,961.9737281055658,912.12,45.74704015796239,0.00019000999999203204,0.0,18.365232364133753,1901.4753458893942,12.0,0.27319749216300937,0.27319649216300945,0.0,9.999999999580657e-07,0.0,0.3214076367541784,4.0,4.0,0,0,0,0,1,1,8.881784197001252e-16,8.0,4.399999998999992,-1.0000080763461483e-09,1.8868339463074686,1901.4753458893945,1728.1075171685534,173.36782872084086
2026-06-06,B2_F01,1330.6200154740168,-8.881784197001252e-16,0,852.9691860299047,752.1501197119583,3582.0672181975333,0.2871111111111111,0.0,167.44193510115755,5019.457477727128,36.00374568262831,6.396096901214092,6.108984790102982,0.2871111111111111,9.99999999029555e-07,0.0,7.18704092953292,4.0,4.0,1,0,3,3,12,16,0.0,8.000000001,4.4,0.0,0.9219544457292889,1484.8517207640714,1363.352079013804,121.4996417502673
2026-06-06,B2_F08,1118.2520757328691,3.552713678800501e-15,0,737.6528713280511,754.8919197250593,3526.6249912298317,0.23850188555176932,0.0,142.90707216733733,4876.024208230053,59.947146121419436,5.899309256589026,5.660806371037257,0.06919730736520724,0.16930557818656244,0.0,6.659772201220303,4.000000000000001,4.000000000000001,2,0,3,1,17,19,-9.999999994736442e-10,8.000000001,4.400000000000005,4.440892098500626e-15,0.9219544457292885,1484.8517207640714,1363.352079013804,121.4996417502673
2026-06-06,oracle_price_reserve,1717.6096889691598,-1.7763568394002505e-15,0,1004.1305751258608,713.4791138432992,2606.663075138051,0.04315714666667111,0.0,94.15197664731652,4230.077630313227,27.561339578379556,2.6452257647405597,2.602158098073893,0.04306666666666631,1.0000000000530418e-06,0.0,3.0613624683222267,4.0,4.0,2,0,2,1,10,12,-1.0000008889531065e-09,8.000000001,4.399999999999999,-1.7763568394002505e-15,1.684454445729289,1484.8517207640714,1363.352079013804,121.4996417502673
2026-06-06,perfect_quarter_price,1436.049281446421,-2.6645352591003757e-15,0,679.9692814464215,756.0799999999999,52.25455843440741,6.003999999693546e-05,0.0,3.45205907675738,1484.8517207640714,16.0,0.3536481240788171,0.3536471240788172,0.0,9.999999999489584e-07,0.0,0.416055440092726,4.0,4.0,0,0,0,0,2,2,0.0,8.000000001,4.399999999999998,-2.6645352591003757e-15,1.8657044457292886,1484.8517207640714,1363.352079013804,121.4996417502673
2026-06-07,B2_F01,2056.7307421685077,1.7763568394002505e-15,0,954.2144108431938,592.5536085300498,627.3514501020088,-0.7039397900000821,0.0,17.87669652336985,2156.9467127418825,33.48299780604435,5.553429343676768,4.624983899232325,0.9284444444444444,9.999999986383748e-07,0.0,5.441157528508616,4.0,4.0,2,0,1,3,16,17,-9.999999994736442e-10,8.000000001000002,4.400000000000001,8.881784197001252e-16,0.9219544457292886,1760.4962129991245,1728.3557832181968,32.140429780927434
2026-06-07,B2_F08,1124.9356137531465,1.7763568394002505e-15,0,943.3191704938354,592.6808022143516,610.4451670831894,-0.7039397900000216,0.0,16.266218599177048,2130.882860982199,36.00374568262831,5.4952151016117625,4.566769657167319,0.9284444444444444,9.999999996442976e-07,0.0,5.372670184902725,4.0,4.0,2,0,3,2,13,16,0.0,8.000000001,4.4,0.0,0.9219544457292888,1760.4962129991245,1728.3557832181968,32.140429780927434
2026-06-07,oracle_price_reserve,1749.7236391088857,8.881784197001252e-16,8,1161.6729031781495,588.050735930736,511.17256610871624,-0.7038977099999248,0.0,15.797997896240954,2245.802105031361,22.97835497835498,4.754935125183827,3.8264896807393822,0.9284444444444444,1.0000000007365228e-06,0.0,4.501752566660397,4.0,4.0,3,0,6,0,4,15,0.0,8.000000002,4.400000001000001,1.0000009709187907e-09,2.466977022157356,1760.4962129991245,1728.3557832181968,32.140429780927434
2026-06-07,perfect_quarter_price,1734.2083944031406,5.329070518200751e-15,9,1164.4883944031405,569.72,47.647757155511805,0.0002418999999943671,0.0,21.359696659527987,1760.4962129991243,12.0,0.3302413516676239,0.33024035166762394,0.0,9.99999999976714e-07,0.0,0.38851805970079145,4.0,4.0,0,0,0,0,2,11,-1.7763568394002505e-15,8.000000000000004,4.399999999000009,-9.99991200956174e-10,2.7524858264161596,1760.4962129991245,1728.3557832181968,32.140429780927434
2026-06-08,B2_F01,1503.491383148011,0.0,0,503.41677201692755,1012.4434842823013,525.8883721589932,8.04700000776943e-05,0.0,193.36280698072622,1848.3857410074957,57.25659956120887,2.522725400871834,2.5227244008718333,0.0,1.0000000009655063e-06,0.0,2.9679110598492153,4.0,4.0,1,0,0,2,10,10,-1.000000304784976e-09,8.000000001,4.4,0.0,0.9219544457292886,3277.937221768913,3067.122524497655,210.814697271258
2026-06-08,B2_F08,1290.1000776207875,3.552713678800501e-15,0,664.4738599190885,819.4958515997431,830.7826726850343,0.00020739000029215612,0.0,376.2960374575127,1938.4561393563527,63.94714612141944,4.25625742889976,4.256256428899759,0.0,1.0000000014087282e-06,0.0,5.0073605045879495,4.0,4.0,1,0,4,3,18,22,-9.999997496734636e-10,8.000000001,4.400000000000002,1.7763568394002505e-15,0.9219544457292885,3277.937221768913,3067.122524497655,210.814697271258
2026-06-08,oracle_price_reserve,1772.6987059601424,0.0,0,860.9032115421104,911.7954944180323,764.4309838391482,0.00028719000028724765,0.0,312.84386465237446,2224.285537956916,50.44384117908103,3.8543193069239856,3.8543183069239846,0.0,1.0000000010002008e-06,0.0,4.534492125792923,4.000000000000001,4.000000000000001,1,0,5,3,12,17,-9.999999994736442e-10,8.000000001,4.3999999999999995,-8.881784197001252e-16,1.4290293908803975,3277.937221768913,3067.122524497655,210.814697271258
2026-06-08,perfect_quarter_price,1459.5444991520844,-8.881784197001252e-16,0,393.38449915208406,1066.1599999999999,1926.2170578568398,0.0002316400001035023,0.0,107.82410360001066,3277.937221768913,20.0,2.181565549298549,2.1815645492985483,0.0,1.000000000446824e-06,0.0,2.566546528586527,4.0,4.0,1,0,0,0,1,1,0.3063863157129473,8.000000001,4.399999999999999,-1.7763568394002505e-15,1.44375,3277.937221768913,3067.122524497655,210.814697271258
2026-06-09,B2_F01,1721.6360041167616,2.6645352591003757e-15,0,855.1597046613438,752.1278434120198,375.4148459243464,6.785000005538732e-05,0.0,72.17812109825311,1910.5242050494571,65.19999999999999,2.7338954589304416,2.7338944589304406,0.0,1.0000000008163201e-06,0.0,3.2163464222711067,4.0,4.0,1,0,1,1,10,11,-1.000000804385337e-09,8.000000001,4.400000000000004,3.552713678800501e-15,0.9219544457292883,1922.542552993713,1826.741477737652,95.80107525606104
2026-06-09,B2_F08,1464.906014616053,1.7763568394002505e-15,0,855.1597046613438,752.12784341202,375.4148344243464,0.0002456500002436752,0.0,72.17812109825324,1910.5240157494563,65.2,2.7338954589304416,2.7338944589304406,0.0,1.0000000009919609e-06,0.0,3.2163464222711067,4.000000000000001,4.000000000000001,1,0,1,1,9,10,-1.0000006378518833e-09,8.000000001,4.400000000000003,2.6645352591003757e-15,0.9219544457292885,1922.542552993713,1826.741477737652,95.80107525606104
2026-06-09,oracle_price_reserve,1862.7961680271433,8.881784197001252e-16,0,1054.5471775946912,808.2489904324522,350.05542816809435,1.6030000001462027e-05,0.0,36.31530188046048,2176.536278284777,44.0731200484359,2.358786457446411,2.3587854574464107,0.0,1.0000000000912057e-06,0.0,2.7750417146428354,4.0,4.0,1,0,4,0,8,12,-1.0000009986743663e-09,8.000000001,4.400000000000001,8.881784197001252e-16,1.5551920005781796,1922.542552993713,1826.741477737652,95.80107525606104
2026-06-09,perfect_quarter_price,1655.1282229760795,-3.552713678800501e-15,0,820.2082229760795,834.9200000000001,294.86041594292567,0.00022486000001680287,0.0,27.445861065292128,1922.542552993713,24.0,1.8614455671919785,1.8614445671919786,0.0,1.0000000000747258e-06,0.0,2.18993478276243,4.0,4.0,1,0,0,0,3,3,-9.999999717180685e-10,7.999999998999998,4.399999997999992,-2.0000081590865193e-09,1.7336295005781799,1922.542552993713,1826.741477737652,95.80107525606104
2026-06-10,B2_F01,1253.0174475233764,0.0,0,34.92362872029332,1203.5835300014464,2517.4476667424387,0.00014665000012632767,0.0,35.85362089575143,3720.1010579184267,64.29353745825438,3.886829272626453,3.8868282726264525,0.0,1.000000000861423e-06,0.0,4.572739144266415,4.0,4.0,1,0,4,0,9,12,0.214766912804071,8.000000001,4.400000000000001,8.881784197001252e-16,1.007074945151109,1686.0077309749258,1594.5233042402476,91.4844267346782
2026-06-10,B2_F08,1558.0783973676741,8.881784197001252e-16,0,335.1328133451457,1201.5822714987087,1156.6037228930413,8.088000003936612e-05,0.0,105.05842828269428,2588.2602985742014,63.94714612141944,3.461482046169503,3.461481046169503,0.0,1.0000000004867227e-06,0.0,4.072330642552355,4.000000000000001,4.000000000000001,1,0,3,3,14,18,-1.0000001937626735e-09,8.000000001,4.4,0.0,1.3469544457292884,1686.0077309749258,1594.5233042402476,91.4844267346782
2026-06-10,oracle_price_reserve,1752.223759767127,8.881784197001252e-16,0,654.4266553997874,1097.7971043673401,4319.803934247277,-14.26790153689014,0.0,-17.256173055657012,6103.551768606952,59.58064893897526,6.933439471383624,5.489958696182487,0.5566083771039636,0.8868723980971734,0.0,6.45877493668528,4.0,4.0,3,0,3,0,11,14,-1.000000082740371e-09,8.000000001000002,4.400000000000003,2.6645352591003757e-15,1.2407044457292888,1686.0077309749258,1594.5233042402476,91.4844267346782
2026-06-10,perfect_quarter_price,1654.549562619161,0.0,0,541.349562619161,1113.2,49.60753396588629,6.714000000012539e-05,0.0,18.14929847012128,1686.0077309749258,12.0,0.298071801148119,0.29807080114811896,0.0,1.0000000000018675e-06,0.0,0.35067152967784054,4.0,4.0,1,0,0,0,3,3,0.0,8.0,4.399999999,-1.000000082740371e-09,1.3586295005781799,1686.0077309749258,1594.5233042402476,91.4844267346782
2026-06-11,B2_F01,1789.8378264409193,8.881784197001252e-16,0,567.8444114117474,480.597079655153,781.4357304082312,0.00014685000002664025,0.0,167.48191775499726,1662.3951568701343,63.94714612141944,3.8455492359246537,3.8455482359246536,0.0,1.0000000001814113e-06,0.0,4.524174395205474,4.000000000000001,4.000000000000001,1,0,6,3,14,21,-1.0000002492738247e-09,8.000000001,4.4,0.0,0.9219544457292888,1246.1311423911568,1139.7555468941628,106.37559549699404
2026-06-11,B2_F08,1144.4025680465527,2.6645352591003757e-15,0,578.0708219516177,471.87351924112886,763.0896628271212,0.000130029999953889,0.0,150.18692632362308,1662.8469476662447,57.77563556583431,3.7379414524089984,3.7379404524089983,0.0,9.999999996453818e-07,0.0,4.397577000664809,4.0,4.0,0,0,1,2,9,11,-1.0000001382515222e-09,7.999999998999999,4.399999998000001,-1.9999992773023223e-09,0.9219544457292883,1246.1311423911568,1139.7555468941628,106.37559549699404
2026-06-11,oracle_price_reserve,1275.3219112071893,-1.7763568394002505e-15,0,943.1519081604537,332.1700030467353,232.52564989169588,0.00010199999997462239,0.0,102.51241411533009,1405.3350449835548,31.48756355658343,1.39772223746231,1.3977212374623103,0.0,9.999999997512e-07,0.0,1.6443779242569427,4.0,4.0,0,0,1,1,8,9,-1.9999965017447607e-09,7.999999999,4.399999997999998,-2.0000019418375814e-09,1.5594544457292885,1246.1311423911568,1139.7555468941628,106.37559549699404
2026-06-11,perfect_quarter_price,1150.6012804346285,0.0,0,727.1212804346288,423.48,120.23610959574975,5.3610000003215564e-05,0.0,24.70619402922176,1246.1311423911568,12.0,0.6865085172618839,0.686507517261884,0.0,1.0000000000599807e-06,0.0,0.8076559015763897,4.0,4.0,1,0,0,0,1,1,0.0,8.000000000000002,4.399999999000002,-9.999983063835316e-10,1.2407044457292888,1246.1311423911568,1139.7555468941628,106.37559549699404
2026-06-12,B2_F01,1134.5716470458287,0.0,0,197.63230599514804,259.1892536134614,87.59733725635166,8.000000000008e-06,0.0,7.520992523560981,536.8978963414002,28.343343049881536,0.8211581438002893,0.8211571438002894,0.0,1.000000000001e-06,0.0,0.9660672290849923,4.0,4.0,1,0,4,2,5,9,-2.255140518769849e-16,8.000000002,4.400000001,1.000000082740371e-09,0.9219544457292889,1069.8639577296017,1012.0519859096212,57.81197181998039
2026-06-12,B2_F08,1342.9392392451439,1.7763568394002505e-15,0,249.32275039261197,435.27533647793257,469.3583367773017,4.253000000168409e-05,0.0,102.61956673118385,1051.3368143866626,66.75126983275965,3.7926438439705987,3.7926428439705986,0.0,1.0000000000395977e-06,0.0,4.461932757612469,4.0,4.0,1,0,4,2,7,12,-9.999996386511611e-10,8.000000001,4.400000000000001,8.881784197001252e-16,0.9219544457292888,1069.8639577296017,1012.0519859096212,57.81197181998039
2026-06-12,oracle_price_reserve,936.8821908035101,0.0,0,541.7204357990372,395.16175500447287,273.47019494502064,9.179000001535801e-05,0.0,28.932637972344175,1181.4196559861866,28.778738812646026,2.365751768401237,2.3657507684012367,0.0,1.0000000001673167e-06,0.0,2.7832361981191016,4.000000000000001,4.0,1,0,2,1,3,6,-1.0000000272292198e-09,8.000000001,4.4,0.0,1.8368339463074685,1069.8639577296017,1012.0519859096212,57.81197181998039
2026-06-12,perfect_quarter_price,917.541771855866,-4.440892098500626e-15,0,542.7017718558666,374.84000000000003,165.34958917276722,2.829000000424877e-05,0.0,13.027375009032216,1069.8639577296015,16.0,1.3797031579531578,1.3797021579531576,0.0,1.0000000001501863e-06,0.0,1.623179008272,4.0,4.0,1,0,0,0,3,3,1.7763568394002505e-15,8.000000000000002,4.399999998999992,-1.0000080763461483e-09,1.8368339463074688,1069.8639577296017,1012.0519859096212,57.81197181998039
2026-06-13,B2_F01,1542.4138372587806,-1.7763568394002505e-15,0,677.6687305227442,259.4094777434699,1068.0665778184689,-5.400015000000003,0.0,-66.1772807066781,2076.722081791361,33.95763048904392,5.888429211118373,5.5284282111183725,0.3600000000000001,1.000000000139778e-06,0.0,6.504033189551027,4.0,4.0,1,0,5,3,9,16,-9.999999855958563e-10,8.000000001,4.399999999999998,-2.6645352591003757e-15,1.6974699096468142,1126.4162375595486,1078.3764181923011,48.039819367247446
2026-06-13,B2_F08,1233.0317859262295,0.0,0,257.7184970901204,284.2100111904578,1260.0946992308357,-5.399972509999987,0.0,-18.153572351355777,1825.5767523727695,56.72336187605819,7.0175227069290145,6.657521706929014,0.3600000000000001,1.0000000005075393e-06,0.0,7.832378476570709,4.0,4.0,2,0,4,3,12,16,-1.0000001937626735e-09,7.999999998999999,4.399999997999998,-2.0000019418375814e-09,1.3368339463074685,1126.4162375595486,1078.3764181923011,48.039819367247446
2026-06-13,oracle_price_reserve,1171.2451786488443,3.552713678800501e-15,18,921.6859648276659,249.55921382117862,1019.9912861229182,-5.399951429999993,0.0,-29.532498251477726,2226.16891445324,25.061916376326884,4.519115821565244,4.159114821565243,0.3599999999999999,1.000000000116393e-06,0.0,4.893076260664992,4.000000000000008,4.0,2,0,3,2,5,25,-9.999999925347502e-10,8.000000001,4.400000000000004,3.552713678800501e-15,2.558969095399431,1126.4162375595486,1078.3764181923011,48.039819367247446
2026-06-13,perfect_quarter_price,1034.1912061544103,-3.552713678800501e-15,22,791.7912061544104,242.39999999999998,119.73446723231879,2.7490000005368498e-05,0.0,27.509408337180417,1126.4162375595486,12.0,0.7968599033816424,0.7968589033816422,0.0,1.0000000001952891e-06,0.0,0.9374810606326236,4.0,4.0,1,0,0,1,2,25,-1.0000000688625832e-09,7.999999998999997,4.399999997999993,-2.0000072709080996e-09,3.279850691281025,1126.4162375595486,1078.3764181923011,48.039819367247446
2026-06-14,B2_F01,1201.255359248292,-2.6645352591003757e-15,9,393.3924907054172,318.78817857784173,365.05929168224634,2.0819999994666485e-05,0.0,56.98166087507451,1020.2582792704309,33.31319912241774,2.501812764989231,2.5018117649892315,0.0,9.999999997438273e-07,0.0,2.943307958810861,4.0,4.0,0,0,4,3,11,19,-9.99999860695766e-10,8.000000001,4.399999999999999,-1.7763568394002505e-15,1.964189189189189,1076.903767180045,945.8356694839948,131.06809769605013
2026-06-14,B2_F08,1075.931750761169,-8.881784197001252e-16,0,206.87339027587805,339.1176946833266,931.5300814424882,-13.978334264459415,0.0,178.28695000989936,1313.212550656253,69.2,10.100148024739276,7.769699812535087,1.7422222222222221,0.5882259899819658,0.0,9.14082330886481,4.0,4.0,4,0,1,4,19,21,0.04287302347937749,8.000000001,4.4,0.0,0.9219544457292888,1076.903767180045,945.8356694839948,131.06809769605013
2026-06-14,oracle_price_reserve,878.6010911039967,0.0,1,565.7861635476163,312.8149275563807,1007.0563219985495,-6.7474744544444,0.0,-210.7850161706619,2103.189903727653,49.95604563780795,11.589564871771795,9.801540962264351,1.7422222222222221,0.045801687285221875,0.0,11.531224661487471,4.000000000000003,4.0,3,0,8,2,18,27,0.0,8.000000001000002,4.400000000000001,8.881784197001252e-16,1.1361006912810245,1076.903767180045,945.8356694839948,131.06809769605013
2026-06-14,perfect_quarter_price,845.9979277752988,-1.7763568394002505e-15,4,584.6779277752987,261.32,208.52988444444446,0.0,0.0,-22.375954960301957,1076.903767180045,8.0,0.7666086956521738,0.7666086956521738,0.0,0.0,0.0,0.9018925820355485,4.0,4.0,0,0,0,0,1,5,0.0,7.9999999999999964,4.399999998999995,-1.0000054118108892e-09,1.9862549744866285,1076.903767180045,945.8356694839948,131.06809769605013
2026-06-15,B2_F01,1151.7943519359324,8.881784197001252e-16,0,991.9154158098879,958.8750429892477,284.54345855872396,0.00015753000012654539,0.0,50.505702158236204,2184.8280576696234,45.97621575463875,2.0320422619748046,2.032041261974804,0.0,1.0000000008033097e-06,0.0,2.390636778793886,4.0,4.0,1,0,2,2,6,9,-1.0000001937626735e-09,8.000000001,4.4,0.0,1.3368339463074688,2158.7848898898924,2040.2373315712491,118.54755831864304
2026-06-15,B2_F08,1316.1487954779532,0.0,0,783.8968237692089,985.2695837967369,417.92092813620934,0.00015108000023707324,0.0,48.38489468371029,2138.702289938445,61.35185132047306,3.82555791353584,3.8255569135358387,0.0,1.0000000015691901e-06,0.0,4.500655192395104,4.0,4.0,1,0,3,2,14,18,-1.0000003602961272e-09,8.000000001,4.3999999999999995,-8.881784197001252e-16,1.3368339463074685,2158.7848898898924,2040.2373315712491,118.54755831864304
2026-06-15,oracle_price_reserve,2105.7812470169183,8.881784197001252e-16,0,1140.083864170409,965.6973828465095,287.5823444683449,0.82121022163397,0.0,41.471569511826324,2351.070811751803,35.88906310505821,2.767243106376995,2.356719230560002,0.0,0.41052387581699323,0.0,2.7726108583977047,4.0,4.0,1,0,7,0,11,17,-1.999998298918282e-09,8.000000000000002,4.399999999000003,-9.99997418205112e-10,2.2618339463074686,2158.7848898898924,2040.2373315712491,118.54755831864304
2026-06-15,perfect_quarter_price,2069.4056005247385,-8.881784197001252e-16,0,1151.6456005247383,917.76,127.37328234321933,6.0370000005087185e-05,0.0,37.99393260806534,2158.7848898898924,12.0,0.7597375678578686,0.7597365678578685,0.0,1.0000000000842668e-06,0.0,0.8938077258069577,4.0,4.0,1,0,0,0,2,2,0.0,8.0,4.399999998999999,-1.0000009709187907e-09,2.375158891458577,2158.7848898898924,2040.2373315712491,118.54755831864304
2026-06-16,B2_F01,2166.622369013979,0.0,0,628.9401227802507,977.711925006438,549.6976738924046,0.00016799000000249935,0.0,183.36233627505965,1972.9872174140337,57.22866404019493,3.4196265628030735,3.4196255628030734,0.0,1.0000000000148779e-06,0.0,4.023088897415382,4.0,4.0,1,0,9,1,11,21,-1.0000000549847954e-09,8.000000001,4.400000000000002,1.7763568394002505e-15,1.3439088914585775,2094.417845640778,2012.2053661169632,82.21247952381486
2026-06-16,B2_F08,1598.632403086655,2.6645352591003757e-15,0,584.2554293383257,1489.0218178601244,638.0383331527397,0.0001933799996820088,0.0,205.94662109125358,2505.3687658799363,61.2,4.1275419490296725,4.127540949029674,0.0,9.999999983556149e-07,0.0,4.855930528270205,4.000000000000001,4.000000000000001,0,0,1,3,13,15,-9.999989725173464e-10,8.000000001000002,4.400000000000005,4.440892098500626e-15,0.9219544457292884,2094.417845640778,2012.2053661169632,82.21247952381486
2026-06-16,oracle_price_reserve,2129.283963983142,0.0,0,644.3446283763003,1484.9393356068415,551.405701316263,0.00010035000005206309,0.0,157.86348982972163,2522.826075119683,55.07301716951464,3.4360435689095197,3.436042568909519,0.0,1.000000000518815e-06,0.0,4.042403022246495,4.0,4.0,1,0,3,0,11,14,-1.0000001937626735e-09,8.000000001000002,4.400000000000002,1.7763568394002505e-15,1.1648795005781798,2094.417845640778,2012.2053661169632,82.21247952381486
2026-06-16,perfect_quarter_price,1977.342275750212,-3.552713678800501e-15,0,533.1422757502123,1444.2,203.46183930417712,0.00010034999997503291,0.0,86.38616906361136,2094.417845640778,16.0,1.0651001592596605,1.0650991592596608,0.0,9.999999997512e-07,0.0,1.2530578322538224,4.0,4.0,0,0,0,0,4,4,0.11858864927419868,7.999999998999997,4.399999997999994,-2.00000638272968e-09,1.64612950057818,2094.417845640778,2012.2053661169632,82.21247952381486
2026-06-17,B2_F01,2256.458568279109,0.0,0,415.3823391161373,796.3528197955559,1040.5584208069517,6.931999988522959e-05,0.0,439.96973491193927,1812.3237754867055,61.2,6.322049691558852,6.322048691558853,0.0,9.999999983443392e-07,0.0,7.437704343010418,4.0,4.0,0,0,0,6,16,16,-9.9999958314001e-10,8.000000001000002,4.400000000000003,2.6645352591003757e-15,0.9219544457292886,4973.093451984126,4991.8688885829215,-18.77543659879575
2026-06-17,B2_F08,1539.8981811599829,0.0,0,453.5181075360346,838.150875286499,2711.4521844464316,8.815099009993345,0.0,421.84712219204937,3572.458946066922,63.94714612141944,8.35497976794558,7.827764073567985,0.3579101161910341,0.16930557818656075,0.0,9.209134204197632,4.0,4.0,1,0,4,4,18,21,-9.999998051846148e-10,8.000000001000002,4.400000000000002,1.7763568394002505e-15,0.9219544457292885,4973.093451984126,4991.8688885829215,-18.77543659879575
2026-06-17,oracle_price_reserve,1391.9488482312318,-8.881784197001252e-16,0,459.2559542929062,932.6928939383256,3967.45072302693,9.865188210677609,0.0,388.4099308588886,4961.124452188596,51.759137668752004,7.644592380595235,7.054598090482932,0.5196045665497573,0.07038972356254633,0.0,8.299527165274036,4.0,4.0,1,0,12,1,12,20,-1.000000082740371e-09,8.000000001,4.399999999999999,-1.7763568394002505e-15,0.9219544457292884,4973.093451984126,4991.8688885829215,-18.77543659879575
2026-06-17,perfect_quarter_price,1356.5511675263856,8.881784197001252e-16,0,383.7511675263856,972.8,3836.841652453178,10.611779136666788,0.0,209.68758885877077,4973.093451984126,36.0,6.0611155644266566,5.426447897759989,0.6346666666666667,1.0000000008059118e-06,0.0,6.384056350305871,4.0,4.0,2,0,0,0,9,9,0.0,8.000000001000002,4.400000000000002,1.7763568394002505e-15,0.9219544457292888,4973.093451984126,4991.8688885829215,-18.77543659879575
2026-06-18,B2_F01,1508.1192549357258,2.6645352591003757e-15,0,1947.267338327832,356.340384929852,4444.477408955375,607.2488941394636,0.0,3457.2286133314938,2683.6076247421006,55.245388778727445,6.777886619407103,6.34870512662354,0.0,0.4291814927835632,0.0,7.469064854851222,4.0,4.0,1,0,9,1,23,32,-1.0000005268295808e-09,8.000000001,4.400000000000001,8.881784197001252e-16,1.4219544457292888,5238.032952041137,5070.116623565582,167.91632847555502
2026-06-18,B2_F08,1444.7823232672483,0.0,0,1134.5171736016339,482.9775353926964,5844.191923956808,0.00016541999993588684,0.0,3489.4935699197267,3972.1928976114114,57.472919317295734,7.418335717454903,7.418334717454904,0.0,9.99999999612422e-07,0.0,8.727452608770474,4.000000000000001,4.000000000000001,0,0,3,6,24,28,-9.999999717180685e-10,8.000000001,4.3999999999999995,-8.881784197001252e-16,0.9219544457292885,5238.032952041137,5070.116623565582,167.91632847555502
2026-06-18,oracle_price_reserve,3274.548638525162,-4.440892098500626e-15,0,3106.0228253492014,168.52581317596022,1052.218120576053,0.0004247600004837926,0.0,446.1144973426321,3880.651836998581,32.623601755164515,2.586719550004621,2.58671855000462,0.0,1.0000000011389787e-06,0.0,3.0431982930384307,4.0,4.0,1,0,1,0,10,11,-1.000000304784976e-09,8.000000001,4.399999998999997,-1.0000036354540498e-09,1.8380918908803976,5238.032952041137,5070.116623565582,167.91632847555502
2026-06-18,perfect_quarter_price,1844.813076313343,-2.6645352591003757e-15,0,1414.693076313343,430.12,5167.66493083779,0.0007358800000620102,0.0,1774.4443192299957,5238.032952041137,12.0,4.824586039912402,4.824585039912403,0.0,1.0000000000842668e-06,0.0,5.675982398812289,4.0,4.0,1,0,0,0,6,6,0.0,8.0,4.399999998999994,-1.000006299989309e-09,1.6445749451511094,5238.032952041137,5070.116623565582,167.91632847555502
2026-06-19,B2_F01,1252.1239330699234,8.881784197001252e-16,0,895.9520628328454,1115.770762679001,180.83623511543414,0.00021381999994605973,0.0,77.86503312161724,2114.693813685664,28.57563556583431,1.1378720530847763,1.1378710530847767,0.0,9.999999997477305e-07,0.0,1.3386718282432124,4.0,4.0,0,0,1,1,5,7,0.0,8.000000002,4.400000001,1.000000082740371e-09,0.9219544457292888,2220.6982144770795,2138.619162834434,82.07905164264548
2026-06-19,B2_F08,1245.8757240112186,1.7763568394002505e-15,0,947.3135774307812,1144.355001361163,315.2750717900201,0.0001557299999347798,0.0,85.25038193156098,2321.693112920403,56.00374568262831,1.6769676646451879,1.6769666646451882,0.0,9.99999999581197e-07,0.0,1.9729019584061036,4.0,4.0,0,0,4,1,10,14,-1.0000000272292198e-09,8.000000001,4.400000000000002,1.7763568394002505e-15,0.9219544457292888,2220.6982144770795,2138.619162834434,82.07905164264548
2026-06-19,oracle_price_reserve,2200.3220709381203,2.6645352591003757e-15,0,1153.5602746540437,1046.7617962840766,228.08652840180417,5.609999999713657e-05,0.0,46.809966115617236,2381.598577124307,21.83096399537456,1.0405452063700378,1.0405442063700379,0.0,9.999999999489584e-07,0.0,1.2241696534683324,4.0,4.0,0,0,0,0,2,2,-8.743006318923108e-16,7.999999999999999,4.399999999000002,-9.999983063835316e-10,1.8469544457292884,2220.6982144770795,2138.619162834434,82.07905164264548
2026-06-19,perfect_quarter_price,2126.153295623319,-1.7763568394002505e-15,0,973.633295623319,1152.52,129.04710226174714,0.00024750000000625834,0.0,34.50193590798636,2220.6982144770795,16.0,0.6867243867243866,0.6867233867243867,0.0,1.0000000000252862e-06,0.0,0.8079098656499154,4.0,4.0,1,0,0,0,0,0,0.0,7.999999999999996,4.399999998999994,-1.000006299989309e-09,2.1758249451511085,2220.6982144770795,2138.619162834434,82.07905164264548
2026-06-20,B2_F01,1337.8144382445496,-8.881784197001252e-16,0,1084.4891619594873,1588.9508432055507,699.1621669199769,0.00011046999998477969,0.0,305.10732771181455,3067.4947339032005,16.57563556583431,1.9845651942768647,1.9845641942768648,0.0,9.999999998622222e-07,0.0,2.3347814039469528,4.0,4.0,0,0,0,1,5,6,0.0,7.999999999999999,4.3999999989999985,-1.0000018590972104e-09,1.2750000000000001,3961.79987586858,3641.1530661569873,320.6468097115926
2026-06-20,B2_F08,1315.1018767491678,8.881784197001252e-16,0,1083.8731989350579,1776.0296327287615,2083.085395678353,0.00016746999985200526,0.0,1116.0831711575092,3826.9048887146637,37.51005549082733,5.149950175696858,5.149949175696859,0.0,9.999999991162911e-07,0.0,6.058763736113951,4.0,4.0,0,0,2,4,21,23,0.034558868264061716,8.000000001,4.400000000000003,2.6645352591003757e-15,0.9219544457292888,3961.79987586858,3641.1530661569873,320.6468097115926
2026-06-20,oracle_price_reserve,3135.5353682500236,1.7763568394002505e-15,0,1092.9997980976686,2042.5355701523545,1594.5476209129372,0.0004489099999630697,0.0,616.3730681541019,4113.709472098858,33.772781687253755,4.549666197237458,4.5496651972374575,0.0,9.999999999177334e-07,0.0,5.3525472919522485,4.0,4.0,0,0,6,1,13,19,0.0,8.000000002,4.400000001000002,1.0000018590972104e-09,1.3657044457292886,3961.79987586858,3641.1530661569873,320.6468097115926
2026-06-20,perfect_quarter_price,2672.420401303152,-3.552713678800501e-15,1,542.0204013031524,2130.4,1920.4568024755324,0.00011047000000930895,0.0,631.0772174401044,3961.79987586858,28.0,4.393009638721309,4.393008638721309,0.0,1.0000000000842668e-06,0.0,5.168245455149881,4.0,4.0,1,0,0,1,5,7,-9.999999994736442e-10,7.999999998999998,4.399999997999995,-2.00000549455126e-09,1.7014723129026463,3961.79987586858,3641.1530661569873,320.6468097115926
2026-06-21,B2_F01,1312.9409861388963,8.881784197001252e-16,0,1041.9254357911966,1242.4,350.1792459122222,0.00020068000001691066,0.0,148.21629668525142,2486.288184338167,20.0,2.152888888888889,2.152887888888889,0.0,1.0000000000842668e-06,0.0,2.5328092799610986,4.0,4.0,1,0,0,0,9,9,0.0,8.0,4.399999999,-1.000000082740371e-09,0.9219544457292888,2623.9488183365597,2260.246135399196,363.7026829373631
2026-06-21,B2_F08,1451.252332645074,1.7763568394002505e-15,0,992.9149335341722,1264.7837013810044,407.6794708005132,0.0003277700002722561,0.0,177.26050832702188,2488.1172696186677,28.939597367253228,2.562698370477661,2.5626973704776606,0.0,1.0000000008306316e-06,0.0,3.0149380829148953,4.0,4.0,1,0,0,4,16,18,-9.999999990399633e-10,8.000000001,4.400000000000002,1.7763568394002505e-15,1.2749999999999997,2623.9488183365597,2260.246135399196,363.7026829373631
2026-06-21,oracle_price_reserve,2386.769481133343,8.881784197001252e-16,0,1067.7252101474885,1319.0442709858548,523.4510168853607,0.00015037000003771285,0.0,183.21696105841895,2727.003386590285,35.453745682628316,4.0234625497832095,4.023461549783209,0.0,1.0000000002508003e-06,0.0,4.733484177300193,4.0,4.0,1,0,6,1,10,15,0.0,8.000000002,4.400000001,1.000000082740371e-09,1.2407044457292886,2623.9488183365597,2260.246135399196,363.7026829373631
2026-06-21,perfect_quarter_price,2358.1671888936203,-2.6645352591003757e-15,0,1069.7271888936202,1288.44,365.41103676222224,8.000000002006402e-06,0.0,99.62939931928281,2623.9488183365593,16.0,2.1195555555555554,2.1195545555555553,0.0,1.0000000002508003e-06,0.0,2.4935935936865867,4.0,4.0,1,0,0,0,3,3,0.0,7.999999999999998,4.399999998999996,-1.0000045236324695e-09,1.559454445729289,2623.9488183365597,2260.246135399196,363.7026829373631
2026-06-22,B2_F01,2283.478915508206,-8.881784197001252e-16,0,610.2827219318142,632.575480904923,1139.330381603519,5.9310000020508e-05,0.0,203.71744701369715,2178.4710781165595,73.2530284743606,6.129386116949599,6.1293851169495985,0.0,1.0000000003457764e-06,0.0,7.211041314058354,4.000000000000001,4.000000000000001,1,0,5,5,18,23,0.23380282576010814,8.000000001000004,4.400000000000002,1.7763568394002505e-15,0.9219544457292891,2081.1924425023285,1947.128733410838,134.0637090914904
2026-06-22,B2_F08,1620.5020956545393,-8.881784197001252e-16,0,741.5865483882696,504.26983970902245,627.3317220034555,6.999999999451455e-05,0.0,182.60273553077286,1690.5853045699746,32.00374568262831,2.910744383803128,2.910743383803128,0.0,9.999999999216365e-07,0.0,3.424403980944856,4.0,4.0,0,0,4,2,12,16,0.0,8.000000001,4.399999999999999,-1.7763568394002505e-15,0.9219544457292889,2081.1924425023285,1947.128733410838,134.0637090914904
2026-06-22,oracle_price_reserve,1831.3393068954745,0.0,0,1383.4634831188482,447.8758237766261,827.5328262306118,0.00024885000011076047,0.0,276.7626966121064,2382.1091876639794,46.14899924440279,4.760477729783697,4.760476729783697,0.0,1.0000000004450893e-06,0.0,5.600560857484402,4.0,4.0,1,0,2,1,17,19,-1.0000005268295808e-09,8.000000001,4.399999999,-1.000000082740371e-09,1.8439088914585775,2081.1924425023285,1947.128733410838,134.0637090914904
2026-06-22,perfect_quarter_price,1668.7257116170194,-5.329070518200751e-15,0,985.5257116170197,683.2,494.8016259508282,0.0002208799999879596,0.0,82.33467418551946,2081.1924425023285,24.0,2.630964147390115,2.6309631473901147,0.0,9.99999999945489e-07,0.0,3.095250760550776,4.0,4.0,0,0,0,0,2,2,0.43972141695352995,8.0,4.399999998999994,-1.000006299989309e-09,1.8282044457292885,2081.1924425023285,1947.128733410838,134.0637090914904
2026-06-23,B2_F01,1662.5945547408558,0.0,0,1242.1941573207012,308.7271183507954,2258.3024147016563,0.00046823999876582256,0.0,1762.8963475336036,2046.3268745995506,61.2,9.708523897592837,9.70852289759284,0.0,9.999999973642204e-07,0.0,11.421791644226866,4.000000000000001,4.000000000000001,0,0,1,7,28,31,-9.99998417405834e-10,8.000000001000002,4.399999999999998,-2.6645352591003757e-15,0.9219544457292886,3694.989379482339,3571.0521467041594,123.93723277817936
2026-06-23,B2_F08,1459.973397025181,-8.881784197001252e-16,0,1202.7395356214415,387.59166780307737,2338.7942479806725,0.00046824000114089107,0.0,1764.5312485684335,2164.593734596757,65.47291931729572,10.32316696572552,10.323165965725517,0.0,1.0000000024365518e-06,0.0,12.14490113614766,4.0,4.0,1,0,7,3,28,36,-9.999997496734636e-10,8.000000001,4.399999999999993,-7.105427357601002e-15,0.921954445729289,3694.989379482339,3571.0521467041594,123.93723277817936
2026-06-23,oracle_price_reserve,3623.364295827654,8.881784197001252e-16,0,3025.789143076418,597.575152751237,2249.8030960892784,0.000513829998823928,0.0,1397.3391620467116,4475.827716040223,63.92453391838817,10.326663407863496,10.326662407863498,0.0,9.99999997711165e-07,0.0,12.149014596401813,4.0,4.0,0,0,0,0,27,27,-9.999989725173464e-10,8.000000001000004,4.399999999,-1.000000082740371e-09,1.2508249451511086,3694.989379482339,3571.0521467041594,123.93723277817936
2026-06-23,perfect_quarter_price,3013.188677340104,-8.881784197001252e-16,0,2330.9086773401036,682.28,1078.2516887665952,0.0006087200001526671,0.0,396.45037790436015,3694.989379482339,32.0,3.8792582458168736,3.8792572458168735,0.0,1.0000000002508003e-06,0.0,4.563832053902203,4.0,4.0,1,0,0,0,4,4,0.47112902427727565,8.000000001,4.399999999999999,-1.7763568394002505e-15,1.275,3694.989379482339,3571.0521467041594,123.93723277817936
2026-06-24,B2_F01,1516.4127285710576,0.0,0,1728.989051355966,3422.3160756554075,636.2680703889786,0.0003137400000857614,0.0,571.5159139371443,5216.056969723208,28.003745682628313,2.0420742134901517,2.0420732134901516,0.0,1.0000000002733517e-06,0.0,2.4024390746942963,4.0,4.0,1,0,4,1,5,9,0.0,8.000000001,4.4,0.0,0.9219544457292889,5616.214328935349,5327.203558674178,289.0107702611713
2026-06-24,B2_F08,1247.719712971975,1.7763568394002505e-15,0,1704.931006133217,3464.780227778269,1232.3685364978903,0.00031373999966886423,0.0,960.7179938527921,5441.361462816583,63.94714612141944,4.68467674286463,4.684675742864631,0.0,9.999999989445535e-07,0.0,5.511383226899564,4.0,4.0,0,0,4,2,14,18,-9.999999162069173e-10,8.000000001,4.400000000000001,8.881784197001252e-16,0.9219544457292888,5616.214328935349,5327.203558674178,289.0107702611713
2026-06-24,oracle_price_reserve,5825.314150861989,-8.881784197001252e-16,0,3311.0548831742467,2514.2592676877416,434.5051747637055,0.0009365999999034522,0.0,344.8202863806215,5914.998102645072,27.68096399537456,1.230954765847728,1.230953765847728,0.0,9.999999998969167e-07,0.0,1.4481808999126742,4.0,4.0,0,0,1,1,4,5,-9.999999994736442e-10,8.000000001,4.3999999989999985,-1.0000018590972104e-09,2.2322134650357865,5616.214328935349,5327.203558674178,289.0107702611713
2026-06-24,perfect_quarter_price,5599.599649924952,-4.440892098500626e-15,0,2200.279649924952,3399.32,393.61402276430636,0.0007886199999898444,0.0,376.99855513391,5616.214328935349,12.0,0.8815196866625438,0.8815186866625437,0.0,9.999999999871223e-07,0.0,1.0370808067536306,4.0,4.0,0,0,0,1,2,3,8.881784197001252e-16,7.9999999999999964,4.399999998999992,-1.0000080763461483e-09,2.07112950057818,5616.214328935349,5327.203558674178,289.0107702611713
2026-06-25,B2_F01,3403.224004414402,0.0,0,1066.3412501032108,638.0722740393383,158.47414094727196,0.00019999999999141798,0.0,51.21553913420689,1811.6719259556141,23.979381248462623,0.9071600264880725,0.9071590264880725,0.0,9.9999999995709e-07,0.0,1.0672459135153793,4.0,4.0,0,0,3,1,8,11,0.0,8.000000001,4.4,0.0,1.3469544457292888,1970.007504922624,1771.1017159701064,198.9057889525177
2026-06-25,B2_F08,1291.1936684653792,1.7763568394002505e-15,0,929.7902419682775,787.0162625757665,1143.3676992317228,639.6685244620944,0.0,1453.0544507637057,767.4512285499666,61.2,7.440342644985936,5.387137475945832,0.13013221448010714,1.923072954559997,0.0,6.337808795230389,4.000000000000001,4.000000000000001,5,0,1,3,21,24,-1.000000082740371e-09,8.000000001000002,4.400000000000002,1.7763568394002505e-15,0.9219544457292885,1970.007504922624,1771.1017159701064,198.9057889525177
2026-06-25,oracle_price_reserve,2006.4387032525856,8.881784197001252e-16,0,1418.4953613229402,587.9433419296454,338.28767209175857,0.00015154000010109746,0.0,407.2887902123449,1937.4374335919993,21.43575683369738,1.7663568870890685,1.7663558870890679,0.0,1.000000000667134e-06,0.0,2.078065747347246,4.0,4.0,1,0,4,0,5,8,-1.0000019701195129e-09,7.999999999,4.399999998000002,-1.9999983891239026e-09,2.1639589731689983,1970.007504922624,1771.1017159701064,198.9057889525177
2026-06-25,perfect_quarter_price,1931.5342442730762,-5.329070518200751e-15,0,1224.1342442730759,707.4000000000001,65.04903065148758,0.0002448699999951475,0.0,26.57552513193935,1970.007504922624,12.0,0.3006691276642496,0.3006681276642496,0.0,9.999999999801834e-07,0.0,0.35372720793210904,4.0,4.0,0,0,0,0,1,1,0.0,7.999999999999997,4.399999998999992,-1.0000080763461483e-09,1.99612950057818,1970.007504922624,1771.1017159701064,198.9057889525177
2026-06-26,B2_F01,2099.008958640305,2.6645352591003757e-15,0,909.4884952888895,4299.77552841644,1083.5804863561887,23.599891413458632,0.0,908.4815764764713,5360.763042171588,61.2,5.895084186323363,5.680539718928285,0.0,0.2145444673950785,0.0,6.6829879046215135,4.000000000000001,4.000000000000001,1,0,1,5,21,22,-9.999996664067368e-10,8.000000001000004,4.400000000000006,5.329070518200751e-15,0.9219544457292884,5488.980404365116,5231.184160423689,257.79624394142684
2026-06-26,B2_F08,1629.0163741498372,8.881784197001252e-16,0,1239.9512587827396,2933.0795003460166,1070.1790383008085,23.599891413458828,0.0,876.4079976681519,4343.201908347954,59.823958841141305,5.7379584446561545,5.5234139772610735,0.0,0.21454446739508026,0.0,6.498134090895384,4.0,4.0,1,0,6,5,20,26,-9.99997779027595e-10,8.000000001000005,4.400000000000004,3.552713678800501e-15,0.9290293908803977,5488.980404365116,5231.184160423689,257.79624394142684
2026-06-26,oracle_price_reserve,5395.906539022918,0.0,0,1150.5629098381928,4245.343629184725,340.2864345283876,0.00024080000004034208,0.0,159.28502988137865,5576.907702869927,25.391700687429662,1.8489613269523775,1.8489603269523773,0.0,1.0000000001675335e-06,0.0,2.1752474434733844,4.0,4.0,1,0,6,0,1,7,-1.0000003602961272e-09,7.999999998999999,4.4,0.0,2.1215625000000005,5488.980404365116,5231.184160423689,257.79624394142684
2026-06-26,perfect_quarter_price,5383.393754442202,-4.440892098500626e-15,0,1154.0337544422018,4229.36,107.97753508172593,0.00025020000001153495,0.0,2.390634958812121,5488.980404365116,12.0,0.5756496444731739,0.5756486444731739,0.0,1.000000000046103e-06,0.0,0.6772336993802044,4.0,4.0,1,0,0,0,1,1,8.881784197001252e-16,7.9999999999999964,4.399999999999996,-4.440892098500626e-15,2.2625,5488.980404365116,5231.184160423689,257.79624394142684
2026-06-27,B2_F01,2419.406452432111,8.881784197001252e-16,4,932.3080884888649,1266.4949231977132,254.49332479911635,4.8050000025554214e-05,0.0,54.1073556923005,2399.1889327433937,20.18611863454982,2.2565549480961686,2.256553948096168,0.0,1.0000000005318255e-06,0.0,2.654769351786027,4.0,4.0,1,0,4,4,7,8,0.0,8.000000002,4.400000001000001,1.0000009709187907e-09,1.3709397829500132,2611.0955356954223,2346.5078943349604,264.587641360462
2026-06-27,B2_F08,1667.5533100355597,2.6645352591003757e-15,0,995.4754775361961,1319.6368604852203,5881.904789596632,4817.687697370001,0.0,669.5801754990902,2709.749254748957,61.2,10.735986822679825,7.735096933790936,3.000888888888889,1.0000000002508003e-06,0.0,9.100114039754045,4.000000000000001,4.000000000000001,4,0,1,3,18,19,-9.999992431342086e-10,8.000000001000002,4.400000000000006,5.329070518200751e-15,0.9219544457292885,2611.0955356954223,2346.5078943349604,264.587641360462
2026-06-27,oracle_price_reserve,2552.9217574731706,8.881784197001252e-16,0,1289.1684354354059,1263.7533220377643,1166.082734099719,532.1432586100007,0.0,54.323724008561896,3132.5375089543268,17.491101698137136,3.2397461492082322,2.908278482541565,0.0,0.33146766666666727,0.0,3.4215040971077224,4.0,4.0,3,0,8,0,7,14,0.0,8.000000001,4.4,0.0,1.894574945151109,2611.0955356954223,2346.5078943349604,264.587641360462
2026-06-27,perfect_quarter_price,2539.6095585783664,-2.6645352591003757e-15,0,1291.529558578366,1248.08,93.6714335227314,0.00021922999998957073,0.0,22.185237175675276,2611.0955356954223,8.0,0.44256029684601117,0.4425592968460112,0.0,9.999999999524278e-07,0.0,0.5206579952047706,4.0,4.0,0,0,0,0,0,0,-8.881784197001252e-16,7.999999999999998,4.399999998999996,-1.0000045236324695e-09,2.000824945151109,2611.0955356954223,2346.5078943349604,264.587641360462
2026-06-28,B2_F01,2219.8706740459443,8.881784197001252e-16,0,1065.5497938525841,682.7092053065467,293.54857833678915,0.00015471999991158392,0.0,173.87146483739676,1867.9359579385232,21.256599561208873,1.7041198189009394,1.70411881890094,0.0,9.999999994285413e-07,0.0,2.0048456682105704,4.0,4.0,0,0,0,1,9,9,0.0,8.0,4.399999999000001,-9.999991945619513e-10,0.9219544457292888,2246.9603409519764,2153.312510139237,93.64783081273936
2026-06-28,B2_F08,1577.0928109452052,1.7763568394002505e-15,0,1060.8402830333896,693.8907042095689,622.5608638857133,-0.003214740002055435,0.0,-1988.0315582388212,4365.326624107494,33.53959736725322,4.369008560259774,4.369007560259773,0.0,1.0000000006393783e-06,0.0,5.14000889333861,4.0,4.0,1,0,0,1,21,21,-1.5612511283791264e-17,8.0,4.399999999000001,-9.999991945619513e-10,0.9219544457292888,2246.9603409519764,2153.312510139237,93.64783081273936
2026-06-28,oracle_price_reserve,2254.1377104134144,-8.881784197001252e-16,0,1143.8832774237235,1110.2544329896905,219.60305616638442,0.00016253999999790684,0.0,184.31254998651212,2289.428054053286,21.402061855670105,1.217904907195525,1.217903907195525,0.0,9.999999999871223e-07,0.0,1.432828125027728,4.0,4.0,0,0,0,1,7,8,0.0,8.0,4.399999998999998,-1.00000274727563e-09,1.5594544457292887,2246.9603409519764,2153.312510139237,93.64783081273936
2026-06-28,perfect_quarter_price,2227.2658898654454,-2.6645352591003757e-15,0,1149.385889865445,1077.88,133.84872495865497,0.00016253999999790684,0.0,114.15411133212427,2246.9603409519764,8.0,0.7515087719298246,0.7515077719298245,0.0,9.999999999871223e-07,0.0,0.884126789421021,4.0,4.0,0,0,0,0,0,0,0.0,7.999999999999998,4.399999998999995,-1.0000054118108892e-09,1.6657044457292887,2246.9603409519764,2153.312510139237,93.64783081273936
2026-06-29,B2_F01,1480.972105719088,0.0,0,539.3770542355701,1380.104782698327,949.5375034037113,3.3190000030720915e-05,0.0,267.5040602551214,2601.515246892487,53.25659956120887,3.7850500087791326,3.785049008779132,0.0,1.0000000009256077e-06,0.0,4.452998833857803,4.0,4.0,1,0,1,3,13,14,-1.0000000272292198e-09,8.000000001,4.400000000000002,1.7763568394002505e-15,0.9219544457292888,3109.337047710514,3038.061533458935,71.2755142515789
2026-06-29,B2_F08,1351.4847652429864,-1.7763568394002505e-15,0,546.788139565051,1398.6658451157175,652.6672610747805,0.0004995899999909665,0.0,53.42309408405486,2544.697652081494,33.81251668454895,2.006846879797247,2.006845879797247,0.0,9.999999999819181e-07,0.0,2.3609951537872953,4.0,4.0,0,0,4,3,15,19,-3.469446951953614e-18,8.000000002,4.400000000999998,9.99997418205112e-10,0.9219544457292889,3109.337047710514,3038.061533458935,71.2755142515789
2026-06-29,oracle_price_reserve,3043.8553669745797,-2.6645352591003757e-15,0,1091.8691273121974,1951.9862396623826,1294.6849915432015,0.00011100000016339706,0.0,1651.7619640405646,2686.778283477216,44.37871083657234,5.057793437941939,5.057792437941937,0.0,1.0000000014720456e-06,0.0,5.950344044637573,4.0,4.0,1,0,2,1,16,16,-1.0000007211186102e-09,8.000000001,4.399999999999997,-3.552713678800501e-15,1.5589403375502269,3109.337047710514,3038.061533458935,71.2755142515789
2026-06-29,perfect_quarter_price,2722.716333617683,-2.6645352591003757e-15,0,740.5163336176828,1982.2,426.577076084058,2.0139999999740642e-05,0.0,39.95634185122653,3109.337047710514,16.0,1.5293913043478262,1.5293903043478263,0.0,9.999999999871223e-07,0.0,1.7992827109974423,4.0,4.0,0,0,0,0,3,3,1.7763568394002505e-15,8.000000001,4.399999999999998,-2.6645352591003757e-15,1.5680839463074687,3109.337047710514,3038.061533458935,71.2755142515789
2026-06-30,B2_F01,1161.4330600011303,-8.881784197001252e-16,0,2373.3894071659874,173.15114038746262,1693.828832465019,0.00010123999996357158,0.0,782.0513872963743,3458.317891482095,36.599999999999994,5.207614661583757,5.207613661583757,0.0,9.999999996401776e-07,0.0,6.126604305576292,4.000000000000003,4.000000000000003,0,0,0,4,14,14,-1.000000665607459e-09,7.999999999000002,4.399999997999999,-2.0000010536591617e-09,1.3469544457292892,3492.0155755322576,3318.0140036013654,174.00157193089217
2026-06-30,B2_F08,1243.6010937853857,8.881784197001252e-16,0,1292.6528242213785,1281.5840102894697,2130.449294860371,0.00010124000021646928,0.0,836.4998394777352,3868.186188653484,61.07681271972187,6.645723373634104,6.6457223736341025,0.0,1.0000000021381794e-06,0.0,7.818496910157764,4.0,4.0,1,0,5,1,18,23,-9.999998884513417e-10,8.000000001,4.3999999999999995,-8.881784197001252e-16,0.9290293908803976,3492.0155755322576,3318.0140036013654,174.00157193089217
2026-06-30,oracle_price_reserve,4015.649561057443,-2.6645352591003757e-15,0,1944.2535111837983,2071.396049873646,1542.232520958195,0.0004490700000503059,0.0,215.27230614141956,5342.60932680422,32.49170822803852,3.413760605293156,3.413759605293156,0.0,1.0000000001120224e-06,0.0,4.016187770933123,4.0,4.0,1,0,3,1,11,15,-9.999999717180685e-10,8.000000001,4.399999999999998,-2.6645352591003757e-15,1.7805839463074689,3492.0155755322576,3318.0140036013654,174.00157193089217
2026-06-30,perfect_quarter_price,3272.997757606006,-3.552713678800501e-15,0,1051.2777576060062,2221.7200000000003,308.8504848716352,7.651999999582881e-05,0.0,89.83259042538386,3492.0155755322576,16.0,1.0492342767295597,1.0492332767295598,0.0,9.99999999945489e-07,0.0,1.234392089185416,4.0,4.0,0,0,0,0,2,2,0.0,8.0,4.399999998999995,-1.0000054118108892e-09,1.7805839463074686,3492.0155755322576,3318.0140036013654,174.00157193089217
2026-07-01,B2_F01,1552.5044830628794,8.881784197001252e-16,0,255.04768037248326,1327.905705899465,803.4743427251,3.772999999689608e-05,0.0,508.0312029017269,1878.3964883653216,55.92278168725375,3.5777495655827884,3.5777485655827883,0.0,9.999999999177334e-07,0.0,4.209115959509163,4.000000000000001,4.000000000000001,0,0,3,1,19,21,-9.999996386511611e-10,8.000000001,4.400000000000002,1.7763568394002505e-15,1.3469544457292886,2661.7187983055487,2571.078183795739,90.6406145098099
2026-07-01,B2_F08,1267.789503493261,3.552713678800501e-15,0,660.8707280521867,1817.497367735295,852.0013391658935,3.773000001365156e-05,0.0,525.8815632263629,2804.487833997013,63.82395884114131,3.8130848032472686,3.8130838032472685,0.0,1.0000000003618226e-06,0.0,4.485980944996788,4.000000000000001,4.000000000000001,1,0,8,3,20,28,-1.000000304784976e-09,8.000000001,4.400000000000006,5.329070518200751e-15,0.9290293908803975,2661.7187983055487,2571.078183795739,90.6406145098099
2026-07-01,oracle_price_reserve,2724.554309144959,-4.440892098500626e-15,0,954.6410124613948,1769.913296683564,208.73733386348928,0.00021392999999724508,0.0,63.07127451821694,2870.2201545602315,30.165819245554253,1.0230833506282235,1.0230823506282236,0.0,9.999999999871223e-07,0.0,1.2036262948567331,4.0,4.0,0,0,0,2,10,11,1.0000026640089033e-09,8.000000001,4.399999999999996,-4.440892098500626e-15,1.7001588914585772,2661.7187983055487,2571.078183795739,90.6406145098099
2026-07-01,perfect_quarter_price,2571.8562364879226,-2.6645352591003757e-15,0,662.3762364879226,1909.48,134.57506332858887,0.0002572200000038269,0.0,44.71224429096247,2661.7187983055487,16.0,0.7503545576310976,0.7503535576310976,0.0,1.0000000000148779e-06,0.0,0.8827688902460508,4.0,4.0,1,0,0,0,1,1,1.7763568394002505e-15,8.0,4.399999998999998,-1.00000274727563e-09,1.5680839463074685,2661.7187983055487,2571.078183795739,90.6406145098099
2026-07-02,B2_F01,1536.9227351212173,1.7763568394002505e-15,0,795.7970939250595,91.58270194986942,663.3591267654123,-13.657459836666765,0.0,-56.134680590215446,1620.5310630672232,29.24661140334848,6.653396768063933,5.411617990286157,1.241777777777778,9.999999979709128e-07,0.0,6.366609400336654,4.0,4.0,2,0,2,2,12,14,-9.9999999993443e-10,8.000000001,4.400000000000001,8.881784197001252e-16,0.9290293908803975,1004.1262640860164,792.7740715282362,211.3521925577803
2026-07-02,B2_F08,1528.6747488873305,0.0,0,644.7717405279305,122.18001951222926,846.8633341535635,-13.657342756666521,0.0,62.35300452917413,1565.1194324212158,57.20000000000002,7.756317644572235,6.514538866794455,1.241777777777778,1.0000000009030563e-06,0.0,7.664163372699358,4.000000000000003,4.0,3,0,0,4,20,21,-9.999998398790844e-10,8.000000001,4.400000000000001,8.881784197001252e-16,0.9219544457292886,1004.1262640860164,792.7740715282362,211.3521925577803
2026-07-02,oracle_price_reserve,1111.2594916264923,0.0,0,1050.58151063744,60.677980989052216,377.10050463777804,-11.18667666666667,0.0,105.47364359607576,1394.073029334861,12.038367923392649,3.8088064329389377,2.6901387662722707,1.118666666666667,1.0000000001952891e-06,0.0,3.164869137875559,4.0,4.0,2,0,7,0,4,10,-2.220446049250313e-16,8.000000002,4.400000001,1.000000082740371e-09,2.351509162136872,1004.1262640860164,792.7740715282362,211.3521925577803
2026-07-02,perfect_quarter_price,1003.8618932803658,7.105427357601002e-15,0,891.461893280366,112.4,0.9334622850179213,8.907999999985729e-05,0.0,0.6690023993674294,1004.1262640860165,8.0,0.015469534050179213,0.015468534050179214,0.0,9.99999999998398e-07,0.0,0.0181982742684978,4.0,4.0,0,0,0,0,0,0,0.0,7.999999999999998,4.399999999000006,-9.999947536698528e-10,2.6976204994218205,1004.1262640860164,792.7740715282362,211.3521925577803
2026-07-03,B2_F01,1812.9437699861467,5.329070518200751e-15,12,336.76311136571667,434.36,63.80771555555555,0.0,0.0,-16.693656960490742,851.624483881763,20.0,0.9897777777777778,0.9897777777777778,0.0,0.0,0.0,1.164444441190497,4.000000000000002,4.000000000000002,0,0,0,0,3,15,-2.000003551660967e-09,7.999999999999997,4.399999997000014,-2.999986037366398e-09,2.911518299654783,1090.5453760562425,1051.3848370277742,39.16053902846807
2026-07-03,B2_F08,1401.3594033521044,-1.7763568394002505e-15,0,399.01236499656795,395.2995286388683,644.3388901259484,-29.416278910219756,0.0,-127.86288609343435,1595.9299487650387,52.72336187605819,9.219090653548896,7.71950170975237,1.495111111111111,0.004477832685415822,0.0,9.081766717355729,4.0,4.0,3,0,7,5,16,24,-9.999989725173464e-10,8.000000001,4.399999999999997,-3.552713678800501e-15,1.3368339463074688,1090.5453760562425,1051.3848370277742,39.16053902846807
2026-07-03,oracle_price_reserve,1216.2047839366794,8.881784197001252e-16,0,631.8234447012326,584.3813392354471,436.315281972209,-32.03065333333335,0.0,-154.49941125220425,1839.0501304944262,50.087487569606694,8.703768175294904,7.012212619739348,1.6915555555555564,0.0,0.0,8.249661905575701,4.000000000000003,4.0,2,0,16,1,6,23,0.0,8.000000001,4.4,0.0,2.009454445729289,1090.5453760562425,1051.3848370277742,39.16053902846807
2026-07-03,perfect_quarter_price,996.831188068741,7.105427357601002e-15,11,443.791188068741,553.0400000000001,81.52060888888889,0.0,0.0,-12.193579098612142,1090.5453760562423,16.0,0.6573333333333333,0.6573333333333333,0.0,0.0,0.0,0.7733333333333332,4.0,4.0,0,0,0,0,1,12,0.0,8.000000001,4.4000000000000075,7.105427357601002e-15,3.3676885291188627,1090.5453760562425,1051.3848370277742,39.16053902846807
2026-07-04,B2_F01,1806.3896793279946,3.552713678800501e-15,7,711.2265876186166,555.5418629059409,1803.8388137132795,0.000602100000554175,0.0,40.84510663810441,3029.761555499732,35.87681271972187,3.874518465314881,3.87451746531488,0.0,1.0000000009204035e-06,0.0,4.558255839377612,4.0000000000000036,4.000000000000001,1,0,2,2,7,18,-1.0000008598964882e-09,7.999999999,4.399999998000002,-1.9999983891239026e-09,2.2685134742699713,2423.562389369166,2300.299720487202,123.26266888196324
2026-07-04,B2_F08,1378.6985875684718,0.0,0,591.9714629393553,589.5286366985728,1669.3526400670612,0.0005350399995383182,0.0,-199.98439829185352,3050.8366029568433,56.60017459578007,5.371039460468371,5.371038460468371,0.0,9.999999991371078e-07,0.0,6.318868777021613,4.0000000000000036,4.0,0,0,7,4,17,27,-9.999998329401905e-10,8.000000001,4.4,0.0,1.3439088914585773,2423.562389369166,2300.299720487202,123.26266888196324
2026-07-04,oracle_price_reserve,1455.1737371837335,-3.552713678800501e-15,5,888.0162194206775,567.1575177630559,1526.6540716695347,0.00012370999998638914,0.0,-196.59704641149102,3178.424731554759,37.5436359365672,3.8530291850372906,3.8530281850372905,0.0,9.999999998899778e-07,0.0,4.532974335337987,4.0,4.0,0,0,4,1,9,14,0.0,8.000000001,4.399999999999996,-4.440892098500626e-15,1.9574121408700704,2423.562389369166,2300.299720487202,123.26266888196324
2026-07-04,perfect_quarter_price,1407.9354607541452,-1.7763568394002505e-15,13,892.2554607541449,515.68,971.9461600000002,0.0,0.0,-43.680768615020824,2423.562389369166,12.0,1.1653333333333333,1.1653333333333333,0.0,0.0,0.0,1.3709803910722074,4.0,4.0,0,0,0,1,0,14,0.0,7.999999999999997,4.399999998999996,-1.0000045236324695e-09,2.333229069659403,2423.562389369166,2300.299720487202,123.26266888196324
2026-07-05,B2_F01,1417.1980944400366,8.881784197001252e-16,0,413.436081335921,382.86069817971287,658.1067177036609,8.01000000643451e-06,0.0,-149.6115381881861,1604.015027397481,51.82395884114131,4.8430241330400845,4.8430231330400835,0.0,1.0000000008033097e-06,0.0,5.697674274164805,4.0,4.0,1,0,1,7,9,12,-1.0000000272292198e-09,8.000000001,4.400000000000002,1.7763568394002505e-15,0.9290293908803977,1085.5203093139853,1033.3843804843757,52.13592882960961
2026-07-05,B2_F08,1192.058132562201,1.7763568394002505e-15,0,411.6756808348771,392.765568785767,675.9409893304185,8.009999994991866e-06,0.0,-181.64637621483323,1662.0286071558958,55.69690721649485,5.239965270051484,5.239964270051485,0.0,9.99999999374765e-07,0.0,6.164663847119396,4.0,4.0,0,0,4,5,9,14,-1.0000001382515222e-09,8.000000001,4.400000000000005,4.440892098500626e-15,1.6255154639175255,1085.5203093139853,1033.3843804843757,52.13592882960961
2026-07-05,oracle_price_reserve,1160.753931710214,0.0,0,795.5688906984384,365.1850410117756,306.9090803437588,8.028000005578572e-05,0.0,-28.67927097139175,1496.3422027453644,46.32278168725375,3.5987018317501325,3.598700831750132,0.0,1.0000000006948895e-06,0.0,4.233765684411918,4.0,4.0,1,0,7,1,7,15,0.055716958395062965,8.000000001,4.3999999999999995,-8.881784197001252e-16,1.2594544457292882,1085.5203093139853,1033.3843804843757,52.13592882960961
2026-07-05,perfect_quarter_price,1081.4215302359162,8.881784197001252e-16,14,808.7415302359163,272.68,3.882622222222222,0.0,0.0,-0.21615685584670946,1085.5203093139853,8.0,0.028888888888888888,0.028888888888888888,0.0,0.0,0.0,0.03398692701992287,4.0,4.0,0,0,0,0,0,14,-3.552713678800501e-15,8.000000000000002,4.399999999000001,-9.999991945619513e-10,2.4180263669567004,1085.5203093139853,1033.3843804843757,52.13592882960961
2026-07-06,B2_F01,1539.644379341132,3.552713678800501e-15,0,519.3721134921083,227.35050799747762,3076.9046178418107,-10.772354666666692,0.0,31.723756083206244,3802.675837914857,75.94714612141945,8.917300242729224,7.307077020507003,1.6102222222222222,9.999999992515995e-07,0.0,8.596561200596472,4.000000000000001,4.000000000000001,2,0,2,4,14,17,-1.0000003880517028e-09,8.000000001000002,4.400000000000004,3.552713678800501e-15,0.9219544457292886,2121.8842012859945,1996.8660680873472,125.01813319864732
2026-07-06,B2_F08,1370.5476846040049,-1.7763568394002505e-15,0,767.835320443734,127.14552182702815,1695.1596313331966,-0.39726427225841143,0.0,410.7128552807179,2179.824882595499,54.125947791656344,4.2302057996634925,4.170818211881965,0.0,0.05938758778152718,0.0,4.906844955155251,4.0,4.0,3,0,11,3,12,25,-9.999998329401905e-10,8.000000001,4.399999999999999,-1.7763568394002505e-15,1.3439088914585775,2121.8842012859945,1996.8660680873472,125.01813319864732
2026-07-06,oracle_price_reserve,1046.441296508441,0.0,0,883.5376104196205,162.90368608882073,2433.3801669896293,-10.772354666666663,0.0,102.847705170804,3387.746112993933,51.454565750539075,6.50020957385366,4.889986351631437,1.6102222222222222,1.000000000139778e-06,0.0,5.752925119566396,4.0,4.0,3,0,0,3,5,7,-9.999998051846148e-10,8.000000001,4.4,0.0,1.3469544457292888,2121.8842012859945,1996.8660680873472,125.01813319864732
2026-07-06,perfect_quarter_price,968.3074752729229,-2.6645352591003757e-15,0,914.5874752729227,53.72,1017.4161955555555,-10.772386666666668,0.0,-125.38814379084967,2121.8842012859945,4.0,3.933777777777778,2.3235555555555556,1.6102222222222222,0.0,0.0,2.73359477124183,4.0,4.0,2,0,0,0,0,0,0.0,7.9999999999999964,4.399999999999998,-2.6645352591003757e-15,1.8398795005781796,2121.8842012859945,1996.8660680873472,125.01813319864732
2026-07-07,B2_F01,1200.1368433449152,0.0,0,677.9169307243207,145.35598508875796,4504.814165792368,-54.33288941888848,0.0,78.53804176785326,5303.881929256481,64.45244828555619,13.431770246493784,9.79132480204934,3.6404444444444444,9.99999998502199e-07,0.0,11.51920564946981,4.0,4.0,4,0,2,2,17,20,-9.999996386511611e-10,8.000000001,4.400000000000001,8.881784197001252e-16,0.9290293908803976,808.3604177323714,732.9853470025375,75.37507072983385
2026-07-07,B2_F08,1100.8462250569328,0.0,0,701.5334257226831,139.1278356470596,5152.248954464394,-79.8378132866674,0.0,-60.759051661924865,6133.507080782729,65.5295188785046,19.788552133007748,11.67284515379436,8.061777777777777,0.053929201435611133,0.0,13.732759004463954,4.0,4.0,8,0,4,2,21,25,-1.0000000272292198e-09,8.000000001,4.400000000000001,8.881784197001252e-16,0.9219544457292889,808.3604177323714,732.9853470025375,75.37507072983385
2026-07-07,oracle_price_reserve,925.731290102298,0.0,0,779.1640522959319,146.56723780636594,4741.690182901677,-65.56451192500015,0.0,-43.51310812477135,5776.499093053746,65.3010249227982,17.638712177099187,12.756124103257353,4.79320456773066,0.08938350611117044,0.0,15.007204827361598,4.0,4.0,7,0,8,1,19,25,1.6825349623338377,8.000000001000002,4.400000000000002,1.7763568394002505e-15,1.1344544457292889,808.3604177323714,732.9853470025375,75.37507072983385
2026-07-07,perfect_quarter_price,808.3604177323714,-4.440892098500626e-15,0,808.3604177323714,0.0,0.0,0.0,0.0,0.0,808.3604177323714,0.0,0.0,0.0,0.0,0.0,0.0,0.0,4.0,4.0,0,0,0,0,0,0,-1.7763568394002505e-15,7.999999999999998,4.399999999999996,-4.440892098500626e-15,1.8625000000000003,808.3604177323714,732.9853470025375,75.37507072983385
2026-07-08,B2_F01,1242.4290246110447,-1.7763568394002505e-15,0,685.7154241247174,172.210020190987,312.9111334245512,0.0005056300000487478,0.0,28.213960710146072,1142.6221114001096,41.976215754638744,2.0050354227808853,2.005034422780885,0.0,1.0000000000964099e-06,0.0,2.358864026801041,4.000000000000001,4.000000000000001,1,0,5,2,11,16,-9.999999855958563e-10,8.000000001,4.3999999999999995,-8.881784197001252e-16,1.3368339463074688,1096.606968804546,1021.5059366723724,75.10103213217337
2026-07-08,B2_F08,1246.2871132959108,0.0,0,546.8086257946179,247.83175878601298,404.7854276868846,0.00026760000002347823,0.0,-113.98313606254507,1313.4086807300607,58.06920139381626,2.9787537350624333,2.978752735062433,0.0,1.0000000000877363e-06,0.0,3.5044149813417413,4.0,4.0,1,0,3,1,8,12,-9.999991668063757e-10,8.000000001,4.399999999000002,-9.999983063835316e-10,1.50958331170867,1096.606968804546,1021.5059366723724,75.10103213217337
2026-07-08,oracle_price_reserve,1166.1654135443334,2.6645352591003757e-15,0,902.8626549258961,263.3027586184371,382.3479615266071,0.0003345100000132458,0.0,-91.70967049650008,1640.2227110574406,54.78883124709607,2.6710131849288645,2.6710121849288644,0.0,1.0000000000395977e-06,0.0,3.1423672763868984,4.0,4.0,1,0,0,0,6,6,-1.0000000549847954e-09,8.000000001,4.400000000000002,1.7763568394002505e-15,1.1532044457292887,1096.606968804546,1021.5059366723724,75.10103213217337
2026-07-08,perfect_quarter_price,1096.6069688045459,-1.7763568394002505e-15,0,923.2069688045458,173.4,0.0,0.0,0.0,0.0,1096.6069688045459,12.0,0.0,0.0,0.0,0.0,0.0,0.0,4.0,4.0,0,0,0,0,0,0,0.0,7.999999999999999,4.399999999999999,-1.7763568394002505e-15,1.453204445729289,1096.606968804546,1021.5059366723724,75.10103213217337
2026-07-09,B2_F01,1020.411465571099,-8.881784197001252e-16,0,1060.0750682177732,72.09568913380639,140.5581133687634,0.0001014200000217855,0.0,22.523207717748747,1250.205561582594,32.6,0.8349199353322707,0.8349189353322705,0.0,1.0000000002148048e-06,0.0,0.9822575709791419,4.0,4.0,1,0,0,0,3,3,1.0000001104959466e-09,8.000000001,4.3999999999999995,-8.881784197001252e-16,1.3469544457292888,1122.2345124255023,1000.2036043721704,122.03090805333204
2026-07-09,B2_F08,1065.1509604292485,2.6645352591003757e-15,0,877.7557430077854,159.4733757447702,327.81717922139296,9.08000000122193e-05,0.0,227.09805683399577,1137.948150339953,33.35981052576622,2.1177794459486137,2.1177784459486135,0.0,1.0000000001345738e-06,0.0,2.4915040540571924,4.0,4.0,1,0,5,3,12,17,0.02428084010644356,8.000000001,4.400000000000003,2.6645352591003757e-15,0.9290293908803976,1122.2345124255023,1000.2036043721704,122.03090805333204
2026-07-09,oracle_price_reserve,1260.6798237006635,8.881784197001252e-16,0,1111.4411457756787,149.2386779249848,348.86941752141786,0.00029436000000846455,0.0,161.21211380162737,1448.3368330604542,45.92094471400809,2.2250247925764444,2.2250237925764442,0.0,1.0000000000287557e-06,0.0,2.617675050089934,4.0,4.0,1,0,2,1,8,10,7.78023102128711e-05,8.000000001,4.400000000000001,8.881784197001252e-16,1.3060067965746793,1122.2345124255023,1000.2036043721704,122.03090805333204
2026-07-09,perfect_quarter_price,1020.013179310678,-8.881784197001252e-16,0,851.773179310678,168.24,98.97852473777778,0.0001014200000053795,0.0,-3.24290979704684,1122.2345124255025,12.0,0.6635555555555556,0.6635545555555555,0.0,1.0000000000530418e-06,0.0,0.7806524183006537,4.0,4.0,1,0,0,0,2,2,0.6088514859443624,8.000000001,4.3999999999999995,-8.881784197001252e-16,1.375,1122.2345124255023,1000.2036043721704,122.03090805333204
2026-07-10,B2_F01,976.5400820352447,2.6645352591003757e-15,0,873.7147237587677,180.8727820496494,602.1190899359156,0.00023325999965386005,0.0,233.829761003923,1422.8766014804098,59.19959440697563,4.014588304830928,4.014587304830929,0.0,9.999999985160768e-07,0.0,4.723043888036388,4.0000000000000036,4.000000000000001,0,0,8,2,14,21,-1.000000082740371e-09,8.000000001,4.400000000000004,3.552713678800501e-15,0.9290293908803975,925.3794473161472,833.5859765687189,91.79347074742827
2026-07-10,B2_F08,972.6823332381979,-2.6645352591003757e-15,0,771.144248323663,213.49188055960525,562.1685148395486,0.00023325999986103656,0.0,237.6483912060933,1309.1560192567235,61.12984119408249,3.723100417296699,3.7230994172967,0.0,9.999999994042552e-07,0.0,4.380116961525529,4.000000000000001,4.0,0,0,9,3,16,25,-1.0000001937626735e-09,8.000000001000002,4.3999999999999995,-8.881784197001252e-16,0.9290293908803976,925.3794473161472,833.5859765687189,91.79347074742827
2026-07-10,oracle_price_reserve,1114.0416117874233,8.881784197001252e-16,0,944.1652674962168,169.87634429120644,541.4473640047063,0.000143909999915577,0.0,166.04816661130698,1489.4406652708226,51.07023942391651,3.6777276521217623,3.677726652121763,0.0,9.999999994133625e-07,0.0,4.32673723779031,4.0,4.0,0,0,4,0,13,16,-1.0000000272292198e-09,8.000000001,4.400000000000001,8.881784197001252e-16,1.1344544457292889,925.3794473161472,833.5859765687189,91.79347074742827
2026-07-10,perfect_quarter_price,896.2285056038744,-1.7763568394002505e-15,0,721.5885056038743,174.64,54.98117000000002,0.00016225999998258759,0.0,25.83006602772709,925.3794473161472,16.0,0.49111111111111116,0.49111011111111125,0.0,9.999999998926883e-07,0.0,0.5777766013071897,4.0,4.0,0,0,0,0,2,2,0.0,8.000000001,4.399999999999999,-1.7763568394002505e-15,1.3844544457292889,925.3794473161472,833.5859765687189,91.79347074742827
2026-07-11,B2_F01,1064.3788756194026,0.0,0,1011.9411798024787,47.27702748732697,145.68628323870297,0.00012004000003177196,0.0,-0.39434171110777183,1205.2987121996164,20.57563556583431,1.148003834181678,1.148002834181678,0.0,1.000000000264678e-06,0.0,1.3505915696255038,4.0,4.0,1,0,1,1,7,9,0.0,8.000000001,4.4,0.0,1.3469544457292888,1520.2326012118526,1478.563407328002,41.66919388385077
2026-07-11,B2_F08,952.137595987871,1.7763568394002505e-15,0,1064.6621356129797,440.1508622762148,204.65601836893507,0.00016620999999151639,0.0,27.10112385919443,1682.3677261889352,32.22015576960341,1.6566764399613474,1.6566754399613475,0.0,9.999999999489584e-07,0.0,1.9490299304509435,4.000000000000001,4.0,0,0,8,0,14,22,-6.938893903907228e-18,8.000000002,4.400000001000002,1.0000018590972104e-09,0.9290293908803976,1520.2326012118526,1478.563407328002,41.66919388385077
2026-07-11,oracle_price_reserve,1577.2364031783143,0.0,0,1090.9228939708355,486.3135092074787,511.61168523933486,-1.076134750841508,0.0,204.0852644491894,1885.8389587193012,52.65314780799763,4.498884995250607,4.338005108727174,0.11849130630576354,0.042388580217670044,0.0,5.1035354220319675,4.0,4.0,2,0,11,2,19,27,-9.99999860695766e-10,8.000000001,4.3999999999999995,-8.881784197001252e-16,1.2356449219197647,1520.2326012118526,1478.563407328002,41.66919388385077
2026-07-11,perfect_quarter_price,1512.0609356003163,-5.329070518200751e-15,0,1125.5809356003163,386.47999999999996,23.236210848888888,0.0001553099999996165,0.0,15.06438992735251,1520.2326012118526,8.0,0.14844444444444443,0.14844344444444446,0.0,9.999999999975306e-07,0.0,0.17463934532057163,4.0,4.0,0,0,0,1,0,1,-8.881784197001252e-16,7.999999999999996,4.3999999989999905,-1.0000098527029877e-09,1.9312500000000004,1520.2326012118526,1478.563407328002,41.66919388385077
2026-07-12,B2_F01,1398.930232321442,-8.881784197001252e-16,0,1041.3175793182731,148.26835321220054,536.6397422465166,0.00013847000011411677,0.0,49.23446845728617,1676.991067849704,29.608393168045094,3.508729887141616,3.508728887141615,0.0,1.0000000008241264e-06,0.0,4.127916337813665,4.0,4.0,1,0,4,0,15,19,-1.0000000004494261e-09,8.000000001,4.399999999999999,-1.7763568394002505e-15,0.9219544457292886,1418.2559650996047,1379.0598357737524,39.196129325852326
2026-07-12,B2_F08,1247.7422615374073,1.7763568394002505e-15,0,1043.0857129113576,375.58156859125535,533.9718878056003,8.813999998548633e-05,0.0,47.404720926036674,1905.2343602421768,36.10695664718566,3.9531425063358503,3.95314150633585,0.0,9.99999999835334e-07,0.0,4.650754713336295,4.0,4.0,0,0,7,4,18,26,-1.0000000004494261e-09,8.000000001,4.400000000000002,1.7763568394002505e-15,0.9290293908803976,1418.2559650996047,1379.0598357737524,39.196129325852326
2026-07-12,oracle_price_reserve,1449.344548797407,8.881784197001252e-16,2,1064.7346944026785,384.6098543947284,573.7198269331183,0.0003344699998425166,0.0,42.897298844354125,1980.1667424161712,41.81783398873419,4.874475927303646,4.874474927303646,0.0,9.999999995291553e-07,0.0,5.734676385063114,4.0,4.0,0,0,3,2,15,21,8.881784197001252e-16,8.000000001000002,4.400000000000002,1.7763568394002505e-15,1.313350478000468,1418.2559650996047,1379.0598357737524,39.196129325852326
2026-07-12,perfect_quarter_price,1408.2590211677718,-2.6645352591003757e-15,5,1077.339021167772,330.91999999999996,33.806852346666666,0.00012426999999667508,0.0,23.809784144833795,1418.2559650996047,8.0,0.2426666666666667,0.24266566666666672,0.0,9.999999999732445e-07,0.0,0.285489018523187,4.0,4.0,0,0,0,0,0,5,-8.881784197001252e-16,7.9999999999999964,4.399999998999994,-1.000006299989309e-09,2.238634475064809,1418.2559650996047,1379.0598357737524,39.196129325852326
2026-07-13,B2_F01,1606.9384933535257,-2.6645352591003757e-15,0,700.615125610645,196.38697968126928,583.229040191767,0.0002000000000757906,0.0,93.85352230198012,1386.377423181701,44.603745682628315,2.5174566612183265,2.5174556612183263,0.0,1.000000000378953e-06,0.0,2.9617125426097948,4.0,4.0,1,0,5,1,10,15,-9.999999162069173e-10,8.000000001,4.399999999999999,-1.7763568394002505e-15,1.4290293908803977,1476.6427593260955,1433.855756148079,42.78700317801645
2026-07-13,B2_F08,1393.2064480185606,2.6645352591003757e-15,0,755.7126183358776,498.3010465918314,798.9383658924409,0.00020000000017957043,0.0,107.06416293037765,1945.8876678897718,57.454478775035255,3.1565119908223576,3.1565109908223565,0.0,1.0000000008978521e-06,0.0,3.7135423421439477,4.0,4.0,1,0,7,0,12,18,-9.999998884513417e-10,8.000000001,4.400000000000002,1.7763568394002505e-15,1.0070749451511087,1476.6427593260955,1433.855756148079,42.78700317801645
2026-07-13,oracle_price_reserve,1376.0255350336306,-8.881784197001252e-16,0,837.9258493409006,538.0996856927297,588.6651835393807,0.0001060900000980597,0.0,98.01792706502948,1866.6726854179815,52.53558080874001,2.594970042098309,2.5949690420983083,0.0,1.0000000009243067e-06,0.0,3.052904753240468,4.0,4.0,1,0,3,1,10,12,-9.999999994736442e-10,7.999999998999999,4.3999999979999975,-2.000002830016001e-09,1.3439088914585773,1476.6427593260955,1433.855756148079,42.78700317801645
2026-07-13,perfect_quarter_price,1288.290109573249,-8.881784197001252e-16,0,847.3301095732492,440.96,200.47971339999998,0.00022571000000883972,0.0,12.126837937153592,1476.6427593260955,12.0,0.5857777777777778,0.5857767777777778,0.0,1.000000000039164e-06,0.0,0.6891491481574917,4.0,4.0,1,0,0,0,1,1,0.0,8.0,4.399999997999998,-2.0000019418375814e-09,1.5282044457292887,1476.6427593260955,1433.855756148079,42.78700317801645
2026-07-14,B2_F01,874.3530976174673,0.0,0,702.1062896348907,244.94581955694792,420.36063885029955,0.0001392900000525729,0.0,205.81614734579176,1161.5964614063462,59.19959440697562,2.4773272502938966,2.477326250293896,0.0,1.000000000377435e-06,0.0,2.9145014709339963,4.0,4.0,1,0,8,1,8,14,-9.999999717180685e-10,8.000000001,4.400000000000002,1.7763568394002505e-15,0.9290293908803975,855.5904203971679,802.1953716742082,53.3950487229597
2026-07-14,B2_F08,968.3806901801468,0.0,0,702.4807623718237,252.26731168070037,398.63598914132456,0.0002500000001952167,0.0,211.0206924971709,1142.3631206966775,62.707332653615815,2.4020121141753754,2.4020111141753744,0.0,1.0000000007808667e-06,0.0,2.8258954284416165,4.0,4.0,1,0,6,0,12,17,-1.000000304784976e-09,8.000000001,4.4,0.0,1.0070749451511087,855.5904203971679,802.1953716742082,53.3950487229597
2026-07-14,oracle_price_reserve,1061.8089888452628,-8.881784197001252e-16,0,782.7125725773301,279.09641626793274,402.82988563751576,0.0002500000001952167,0.0,214.39736882732564,1250.2412556554527,62.24731560564192,2.434249376656795,2.434248376656794,0.0,1.0000000007808667e-06,0.0,2.86382161959623,4.0,4.0,1,0,3,0,11,14,-1.0000000272292198e-09,8.000000001,4.400000000000002,1.7763568394002505e-15,0.9219544457292889,855.5904203971679,802.1953716742082,53.3950487229597
2026-07-14,perfect_quarter_price,815.4231334990353,0.0,0,606.5431334990353,208.88,44.1055381811111,0.0002608600000115739,0.0,3.9379904229784577,855.5904203971679,16.0,0.34577777777777774,0.3457767777777777,0.0,1.0000000000443682e-06,0.0,0.4067962080656744,4.0,4.0,1,0,0,0,0,0,0.0,8.000000001,4.399999999,-1.000000082740371e-09,1.1719544457292888,855.5904203971679,802.1953716742082,53.3950487229597
2026-07-15,B2_F01,1003.7555584221841,8.881784197001252e-16,0,720.1845625734677,149.62900004194236,670.479410365533,0.0003677400002147113,0.0,241.25254511016604,1299.0400601307767,49.22866404019493,3.9919244869180592,3.9919234869180587,0.0,1.0000000005838672e-06,0.0,4.696380572844776,4.0,4.0,1,0,5,1,15,19,-9.999998051846148e-10,8.000000001000002,4.400000000000002,1.7763568394002505e-15,1.3469544457292888,1258.9928277093657,1195.7683927720177,63.22443493734818
2026-07-15,B2_F08,1019.7788558649331,0.0,0,812.6998438685829,305.0788177948659,781.3449103592473,0.0005351000008085772,0.0,383.5699229132844,1515.5531140094108,54.125947791656344,4.26256987236658,4.262568872366579,0.0,1.0000000015110769e-06,0.0,5.014786908666563,4.0,4.0,1,0,12,1,16,27,-9.999999162069173e-10,8.000000001,4.4,0.0,1.3439088914585775,1258.9928277093657,1195.7683927720177,63.22443493734818
2026-07-15,oracle_price_reserve,1186.7428100168747,0.0,0,884.9193508739097,301.8234591429651,651.661253695114,0.00017872000013891706,0.0,246.68132594578225,1591.7225590462065,46.141889428016185,3.710403200070064,3.710402200070063,0.0,1.0000000007772888e-06,0.0,4.365179058905957,4.0,4.0,1,0,8,0,9,16,-9.999995276288587e-10,8.000000001,4.3999999999999995,-8.881784197001252e-16,1.3368339463074685,1258.9928277093657,1195.7683927720177,63.22443493734818
2026-07-15,perfect_quarter_price,879.4801927368308,-8.881784197001252e-16,0,571.6401927368306,307.84000000000003,451.0290590199999,0.00019999000004460672,0.0,71.51622405746478,1258.9928277093657,20.0,3.0559999999999996,3.0559989999999995,0.0,1.0000000002230447e-06,0.0,3.59529294117647,4.0,4.0,1,0,0,0,5,5,1.5727458191852586,8.000000001,4.3999999999999995,-8.881784197001252e-16,1.2805839463074684,1258.9928277093657,1195.7683927720177,63.22443493734818
2026-07-16,B2_F01,1350.8391098724483,0.0,0,911.0366840369467,2108.0117981807434,587.1177675114112,0.00010766000005706957,0.0,382.28153671372513,3223.884605355376,56.45244828555618,3.375212053758768,3.3752110537587674,0.0,1.0000000005300907e-06,0.0,3.9708365338338436,4.0,4.0,1,0,5,0,8,13,-1.0000001382515222e-09,8.000000001,4.400000000000001,8.881784197001252e-16,0.9290293908803977,3731.184909920049,3681.67272175856,49.51218816148821
2026-07-16,B2_F08,1110.4904273956076,0.0,0,992.2699668869348,1605.130095564246,640.7546761898343,0.0002536400001093725,0.0,349.3409961568297,2888.8134888441855,57.454478775035255,3.6106067551756094,3.6106057551756088,0.0,1.0000000004312115e-06,0.0,4.247771476677187,4.0,4.0,1,0,9,2,7,15,-9.99999860695766e-10,8.000000001000002,4.400000000000001,8.881784197001252e-16,1.0070749451511087,3731.184909920049,3681.67272175856,49.51218816148821
2026-07-16,oracle_price_reserve,3558.516353698746,8.881784197001252e-16,0,705.4980261633682,2853.018327535378,947.7348705733395,1.2030000008943845e-05,0.0,504.6672782865764,4001.5839339555096,80.16216921110859,5.551840925974103,5.551839925974102,0.0,1.0000000007434617e-06,0.0,6.5315763834989475,4.000000000000003,4.0,1,0,5,0,11,15,3.258153184260494,8.000000001000004,4.400000000000004,3.552713678800501e-15,0.5540293908803975,3731.184909920049,3681.67272175856,49.51218816148821
2026-07-16,perfect_quarter_price,3496.638031919228,0.0,0,710.1980319192281,2786.44,490.8380796933332,0.0002536400001093725,0.0,256.2909480525128,3731.1849099200485,52.0,2.9862222222222226,2.986221222222222,0.0,1.0000000004312115e-06,0.0,3.5132014379084966,4.0,4.0,1,0,0,0,7,7,3.2539568672798422,8.000000001,4.4,0.0,0.5540293908803976,3731.184909920049,3681.67272175856,49.51218816148821
2026-07-17,B2_F01,2161.4946472697616,1.7763568394002505e-15,0,357.8421258802867,550.5761398891145,463.0569585708156,0.000229580000274231,0.0,307.2242421748733,1064.2507525853432,52.62436443416569,2.7177812245353543,2.7177802245353533,0.0,1.0000000011944898e-06,0.0,3.197388497284051,4.0,4.0,1,0,0,1,16,16,-9.999999717180685e-10,7.999999999,4.399999998000001,-1.9999992773023223e-09,0.9219544457292884,913.6200700509936,874.2182781964137,39.40179185457998
2026-07-17,B2_F08,1440.232939963774,-1.7763568394002505e-15,0,259.9542120627043,492.55987587171,436.96271417827967,0.00022958000021050973,0.0,285.95608062274846,903.5204919099453,52.579381248462624,2.606956106819394,2.6069551068193935,0.0,1.000000000916934e-06,0.0,3.0670060080228154,4.0,4.0,1,0,4,2,19,23,-9.999999162069173e-10,8.000000001,4.399999999999999,-1.7763568394002505e-15,1.3469544457292888,913.6200700509936,874.2182781964137,39.40179185457998
2026-07-17,oracle_price_reserve,976.964967753168,8.881784197001252e-16,0,406.4784494069928,570.4865183461752,513.9365217706735,0.0004683000003481631,0.0,332.24745805236876,1158.6535631714723,61.928279601016484,3.026416306663312,3.0264153066633113,0.0,1.0000000007434617e-06,0.0,3.560488596074483,4.0,4.0,1,0,4,3,23,27,-9.99999860695766e-10,8.000000001,4.4,0.0,1.0282044457292887,913.6200700509936,874.2182781964137,39.40179185457998
2026-07-17,perfect_quarter_price,885.4094595533508,-1.7763568394002505e-15,0,434.929459553351,450.47999999999996,53.04681095666666,9.981999999732926e-05,0.0,24.836100639024092,913.6200700509937,8.0,0.32844444444444443,0.32844344444444445,0.0,9.999999999732445e-07,0.0,0.3864040512029274,4.0,4.0,0,0,0,0,1,1,8.881784197001252e-16,7.999999999999998,4.399999998999997,-1.0000036354540498e-09,1.4532044457292885,913.6200700509936,874.2182781964137,39.40179185457998
2026-07-18,B2_F01,1143.28278714854,0.0,0,1107.2297576300189,174.37410269157155,191.56253513597568,0.00033445999983621166,0.0,-2.51641142041073,1475.6824724179771,28.34334304988154,1.8255125892276256,1.825511589227626,0.0,9.999999995102902e-07,0.0,2.147660694293623,4.0,4.0,0,0,4,3,7,13,2.981555974335137e-19,8.000000002,4.4000000009999995,9.999991945619513e-10,0.9219544457292886,1294.9420621373906,1271.1383491272532,23.80371301013747
2026-07-18,B2_F08,999.5226907539409,0.0,0,884.782509125806,188.8298747214165,784.3356941787126,144.7259334333333,0.0,539.896187181939,1173.3259574106628,61.07681271972187,6.172261188138713,5.339371299249824,0.8328888888888888,1.000000000139778e-06,0.0,6.281613293235086,4.0,4.0,2,0,4,2,16,20,-1.000000075801477e-09,8.000000001,4.4,0.0,0.9290293908803976,1294.9420621373906,1271.1383491272532,23.80371301013747
2026-07-18,oracle_price_reserve,1321.1869297943517,3.552713678800501e-15,6,1130.507233315741,190.67969647861085,662.8776823600344,144.7259334333333,0.0,276.0699353926004,1563.2687433284525,30.083025851044667,5.0772920962199315,4.244402207331043,0.8328888888888888,9.999999992515995e-07,0.0,4.993414361565933,4.0,4.0,2,0,0,3,10,19,0.0,8.000000001,4.400000000000005,4.440892098500626e-15,1.6497535193668422,1294.9420621373906,1271.1383491272532,23.80371301013747
2026-07-18,perfect_quarter_price,1269.6319988510459,-3.552713678800501e-15,11,1133.6319988510459,136.0,28.26854511222222,0.00019913000000073888,0.0,2.9582826958773087,1294.9420621373906,8.0,0.1648888888888889,0.1648878888888889,0.0,1.0000000000037106e-06,0.0,0.19398575054933173,4.0,4.0,1,0,0,1,0,12,-1.7763568394002505e-15,7.999999999999997,4.399999998999994,-1.000006299989309e-09,1.8523169074972412,1294.9420621373906,1271.1383491272532,23.80371301013747
2026-07-19,B2_F01,1442.2143168847922,0.0,0,1015.9143105856119,188.701745236559,3485.5425919132035,363.7880518977778,0.0,80.42311705858373,4245.947478779012,41.529518878504604,5.5286720691848465,5.2291155136292895,0.2995555555555556,1.0000000011645659e-06,0.0,6.151900604269752,4.0,4.0,3,0,5,1,11,16,0.0,8.000000001,4.4,0.0,0.9219544457292888,1195.7719303453484,1178.7169592165606,17.054971128787884
2026-07-19,B2_F08,1278.9530280556621,-8.881784197001252e-16,0,1037.9471936584457,121.49892215522436,3462.051715109643,363.78816584777803,0.0,162.22188989966372,4095.487775175871,30.456948051175132,5.10682745659985,4.807270901044293,0.2995555555555556,1.000000001720111e-06,0.0,5.6556128258426455,4.0,4.0,3,0,2,3,14,18,0.006542722895211317,8.000000002,4.400000001,1.000000082740371e-09,1.0095833117086703,1195.7719303453484,1178.7169592165606,17.054971128787884
2026-07-19,oracle_price_reserve,1234.0782150807509,-1.7763568394002505e-15,0,1044.6517130047985,189.4265020759521,3141.8471861243133,363.788295107778,0.0,329.8275624891831,3682.309543608103,44.04663766875199,5.132751301186909,4.833194745631353,0.2995555555555556,1.0000000008059118e-06,0.0,5.686111465448647,4.0,4.0,3,0,4,0,12,16,0.0,8.000000001,4.399999999999997,-3.552713678800501e-15,0.9219544457292889,1195.7719303453484,1178.7169592165606,17.054971128787884
2026-07-19,perfect_quarter_price,1193.3765142530417,-7.105427357601002e-15,2,1053.9765142530416,139.4,2.8131407077777775,6.115000000011419e-05,0.0,0.41766346547120436,1195.7719303453484,8.0,0.016444444444444446,0.016443444444444445,0.0,1.0000000000018675e-06,0.0,0.01934522767351572,4.0,4.0,1,0,0,0,0,2,0.0,7.999999999999998,4.399999998999991,-1.000008964524568e-09,1.873769610199944,1195.7719303453484,1178.7169592165606,17.054971128787884
2026-07-20,B2_F01,1286.4355038078522,0.0,0,1130.001311393877,267.4830148406413,187.1752274796471,9.460999998652889e-05,0.0,26.613567345290704,1558.0458917588746,53.2,1.2267058639825261,1.2267048639825262,0.0,9.999999998576144e-07,0.0,1.4431821929206192,4.0,4.0,0,0,1,3,12,13,-1.0000000029430911e-09,8.000000001,4.4,0.0,0.9219544457292888,1305.765799468562,1179.9459784221974,125.8198210463645
2026-07-20,B2_F08,1197.14541581168,1.7763568394002505e-15,0,1120.4152936272046,280.38661744242927,167.50176375558158,0.0005351100000376659,0.0,14.858422242840621,1553.4447174723748,60.00374568262831,1.1050860072281772,1.1050850072281773,0.0,1.000000000070389e-06,0.0,1.3001000085037373,4.0,4.0,1,0,0,1,14,14,-1.0000000029430911e-09,8.000000001,4.400000000000001,8.881784197001252e-16,0.9219544457292885,1305.765799468562,1179.9459784221974,125.8198210463645
2026-07-20,oracle_price_reserve,1530.8448613822115,0.0,0,1234.8701482703173,295.97471311189406,171.10653558068066,0.00040133000008116016,0.0,92.78307802943921,1609.1679176034527,47.02092019469961,0.989546593827893,0.9895455938278929,0.0,1.000000000202228e-06,0.0,1.164171286856344,4.0,4.0,1,0,2,1,7,9,-9.999999925347502e-10,8.000000001,4.3999999999999995,-8.881784197001252e-16,1.58987950057818,1305.765799468562,1179.9459784221974,125.8198210463645
2026-07-20,perfect_quarter_price,1268.216030506513,0.0,0,1012.9360305065125,255.28,90.00299654444444,0.0002514200000238032,0.0,52.45297616239479,1305.765799468562,20.0,0.5257777777777777,0.5257767777777778,0.0,1.0000000000946752e-06,0.0,0.6185609128633741,4.0,4.0,1,0,0,1,1,2,-1.0000000003410059e-09,7.999999998999999,4.399999997999999,-2.0000010536591617e-09,2.31487950057818,1305.765799468562,1179.9459784221974,125.8198210463645
2026-07-21,B2_F01,1303.7354586985891,-8.881784197001252e-16,0,1133.5125935579563,150.32766945057858,838.2910926788562,0.00010043000016177501,0.0,145.53942198003122,1976.5918332773597,63.19959440697562,4.895888298423052,4.89588729842305,0.0,1.0000000016108235e-06,0.0,5.7598674099094715,4.0,4.0,1,0,8,1,11,19,-1.0000005962185199e-09,8.000000001,4.3999999999999995,-8.881784197001252e-16,0.9290293908803976,1223.7129171186757,1171.7462039978416,51.9667131208339
2026-07-21,B2_F08,1353.9575603079484,8.881784197001252e-16,0,1134.7394095978061,151.8323877369179,874.4031976493604,0.00010043000009069394,0.0,127.11378052837165,2033.8611140257126,63.82395884114131,5.124220290827328,5.124219290827327,0.0,1.0000000009030563e-06,0.0,6.028493283326265,4.0,4.0,1,0,5,6,13,19,-1.0000003533572333e-09,8.000000001,4.400000000000001,8.881784197001252e-16,0.9290293908803977,1223.7129171186757,1171.7462039978416,51.9667131208339
2026-07-21,oracle_price_reserve,1353.5921918245851,8.881784197001252e-16,0,1201.942006199629,151.65018562495513,854.3660388109816,0.00010043000007257525,0.0,391.1772857812783,1816.7808444242876,60.27591026305771,4.795265276884281,4.795264276884281,0.0,1.000000000722645e-06,0.0,5.641487384569742,4.0,4.0,1,0,1,1,12,13,-1.0000003880517028e-09,8.000000001,4.400000000000002,1.7763568394002505e-15,1.2407044457292888,1223.7129171186757,1171.7462039978416,51.9667131208339
2026-07-21,perfect_quarter_price,1223.7129171186753,-1.7763568394002505e-15,0,1223.7129171186755,0.0,0.0,0.0,0.0,0.0,1223.7129171186755,0.0,0.0,0.0,0.0,0.0,0.0,0.0,4.0,4.0,0,0,0,0,0,0,-8.881784197001252e-16,7.999999999999999,4.399999999999999,-1.7763568394002505e-15,1.3469544457292888,1223.7129171186757,1171.7462039978416,51.9667131208339
2026-07-22,B2_F01,1189.1047146932517,8.881784197001252e-16,0,889.9037495108452,127.69853110180767,494.3491654813693,0.00013419999994239982,0.0,-38.39091414622236,1550.3422260402444,53.84068357967382,2.940934397642801,2.9409333976428016,0.0,9.999999995707887e-07,0.0,3.459921644285648,4.0,4.0,0,0,7,0,8,14,-9.999997496734636e-10,8.000000001,4.4,0.0,1.0070749451511087,1097.872318819354,1046.1501715280688,51.72214729128518
2026-07-22,B2_F08,1340.3128025541566,-8.881784197001252e-16,0,884.0629557814337,183.4645162382593,578.0284280419064,0.0002667299998373954,0.0,10.468953016633211,1635.0866803149665,61.21631914550814,3.3670484141158497,3.3670474141158504,0.0,9.999999993903774e-07,0.0,3.9612322519009995,4.0,4.0,0,0,3,1,10,13,-9.999997496734636e-10,8.000000001,4.3999999999999995,-8.881784197001252e-16,1.0070749451511087,1097.872318819354,1046.1501715280688,51.72214729128518
2026-07-22,oracle_price_reserve,1211.7352726415775,1.7763568394002505e-15,0,993.9642450355512,217.77102760602625,503.50061619953453,0.0002943599998471044,0.0,-30.277331108466342,1745.5129255895786,50.913982272308594,2.8915202073343362,2.891519207334337,0.0,9.99999999480583e-07,0.0,3.4017873027462784,4.0,4.0,0,0,2,1,7,8,-1.0000001937626735e-09,8.000000001,4.400000000000002,1.7763568394002505e-15,1.1344544457292884,1097.872318819354,1046.1501715280688,51.72214729128518
2026-07-22,perfect_quarter_price,1031.3199515917925,-8.881784197001252e-16,0,883.0799515917925,148.24,38.39443239666665,0.0001542700000154753,0.0,-28.158089100894898,1097.872318819354,12.0,0.584,0.5839989999999999,0.0,1.000000000100313e-06,0.0,0.6870576481434757,4.0,4.0,1,0,0,0,0,0,0.0,8.000000002,4.4000000009999995,9.999991945619513e-10,1.3844544457292887,1097.872318819354,1046.1501715280688,51.72214729128518
2026-07-23,B2_F01,1692.3989462865618,0.0,0,1198.6981867907075,206.2673508986398,236.866981992843,0.0003344300000383701,0.0,86.49864040672689,1555.3335448454632,55.990821209715804,1.4832711336967983,1.4832701336967982,0.0,1.000000000114733e-06,0.0,1.7450236867021154,4.0,4.0,1,0,7,0,7,11,0.0013517764232908874,8.000000001,4.4,0.0,1.007074945151109,1192.701645012034,1111.1791215409671,81.52252347106673
2026-07-23,B2_F08,1319.5885672983509,-8.881784197001252e-16,0,1202.823333949108,232.38362021890896,251.41701345337594,0.00010231999996633354,0.0,116.17064960460353,1570.4532156967896,61.47291931729573,1.5479351897349953,1.5479341897349956,0.0,9.99999999670969e-07,0.0,1.8210990467470531,4.0,4.0,0,0,2,5,13,15,0.0013517764232904433,8.000000001,4.3999999999999995,-8.881784197001252e-16,0.921954445729289,1192.701645012034,1111.1791215409671,81.52252347106673
2026-07-23,oracle_price_reserve,1582.0708059726073,-2.6645352591003757e-15,0,1303.5210528505468,278.549753122061,230.3696214440453,0.0002809199999247466,0.0,103.74881740970658,1708.6913290869466,52.52562734226919,1.4047956980438476,1.4047946980438477,0.0,9.99999999732118e-07,0.0,1.652699644757468,4.0,4.0,0,0,4,1,8,12,-1.0000000272292198e-09,8.000000001,4.399999999999998,-2.6645352591003757e-15,1.4430839463074685,1192.701645012034,1111.1791215409671,81.52252347106673
2026-07-23,perfect_quarter_price,1173.495415645471,-4.440892098500626e-15,0,964.8554156454716,208.64,38.73575262777778,0.00018567000000082985,0.0,19.529337591215455,1192.7016450120339,12.0,0.21155555555555555,0.21155455555555558,0.0,1.0000000000044695e-06,0.0,0.248887709164338,4.0,4.0,1,0,0,0,1,1,-1.9999999920083944e-09,8.0,4.39999999699999,-3.0000100181837297e-09,2.0493339463074687,1192.701645012034,1111.1791215409671,81.52252347106673
2026-07-24,B2_F01,1349.3979944671316,8.881784197001252e-16,0,1185.7316819320033,192.88125888474065,217.14558515260728,0.0002676000000671142,0.0,182.6399832066078,1413.1182751627432,47.82395884114131,1.3744318087697187,1.3744308087697183,0.0,1.0000000002508003e-06,0.0,1.6169774220820217,4.0,4.0,1,0,5,0,10,14,-1.000000082740371e-09,8.000000001,4.400000000000001,8.881784197001252e-16,0.9290293908803977,1404.0789177082313,1288.6840740254806,115.39484368275066
2026-07-24,B2_F08,1369.8237218713937,0.0,0,1034.535930696986,211.6978659540323,326.3725004722352,0.0002676000000671142,0.0,239.89018640310297,1332.7158431201506,59.88055840235018,1.9563679733176653,1.9563669733176652,0.0,1.0000000002508003e-06,0.0,2.3016082039031347,4.0,4.0,1,0,7,0,12,18,-1.000000082740371e-09,8.000000001,4.3999999999999995,-8.881784197001252e-16,0.9290293908803976,1404.0789177082313,1288.6840740254806,115.39484368275066
2026-07-24,oracle_price_reserve,1516.300721816867,8.881784197001252e-16,0,1280.4754953758743,235.8252264409934,278.71039763870425,0.00020765000000236896,0.0,214.47169145672734,1580.5392203488448,52.61717646058726,1.7168147320221725,1.7168137320221724,0.0,1.0000000000114084e-06,0.0,2.019780861202555,4.0,4.0,1,0,1,0,11,12,-1.0000008598964882e-09,8.000000001,4.4,0.0,1.1344544457292887,1404.0789177082313,1288.6840740254806,115.39484368275066
2026-07-24,perfect_quarter_price,1394.6851308705009,-8.881784197001252e-16,0,1238.0451308705005,156.64000000000001,21.076874762222225,0.00010590999999881984,0.0,11.682982014491387,1404.0789177082313,12.0,0.10977777777777778,0.10977677777777779,0.0,9.99999999988857e-07,0.0,0.12914915032679739,4.0,4.0,0,0,0,0,1,1,0.0,8.000000001,4.3999999999999995,-8.881784197001252e-16,1.3054250548488913,1404.0789177082313,1288.6840740254806,115.39484368275066
2026-07-25,B2_F01,1402.0939456423673,8.881784197001252e-16,0,1292.0447605917925,149.8932001161609,121.52752497379672,0.00015580999992913783,0.0,30.452451449346555,1533.0128784224034,29.256599561208873,1.3158801252828676,1.315879125282868,0.0,9.999999995452015e-07,0.0,1.54809308856808,4.0,4.0,0,0,1,1,4,6,0.0,8.000000001,4.400000000000001,8.881784197001252e-16,0.9219544457292884,1480.7571484105288,1418.8833985518727,61.87374985865608
2026-07-25,B2_F08,1183.3640360242325,3.552713678800501e-15,0,1023.1274083897675,209.63615997523294,211.65829013727011,0.00015100999993859028,0.0,104.09168067264861,1340.3300268196222,59.94714612141944,1.6549270861712557,1.6549260861712562,0.0,9.9999999959334e-07,0.0,1.9469718660838304,4.000000000000001,4.000000000000001,0,0,4,3,13,17,-9.99999576201116e-10,8.000000001,4.400000000000004,3.552713678800501e-15,0.9219544457292886,1480.7571484105288,1418.8833985518727,61.87374985865608
2026-07-25,oracle_price_reserve,1497.4144939469106,8.881784197001252e-16,9,1346.0287676854737,151.38572626143701,93.62828984514218,9.971000000548339e-05,0.0,56.71224295437341,1534.3304411276795,32.65008474211125,0.9169206913185153,0.9169196913185154,0.0,1.0000000000549934e-06,0.0,1.078729048610018,4.0,4.0,1,0,2,1,5,14,-9.999999994736442e-10,8.000000001,4.400000000000001,8.881784197001252e-16,1.751810150740484,1480.7571484105288,1418.8833985518727,61.87374985865608
2026-07-25,perfect_quarter_price,1477.6089203395989,-1.7763568394002505e-15,18,1364.6889203395988,112.92,12.184619878888887,0.00015581000000265598,0.0,9.03623599795908,1480.7571484105288,8.0,0.0791111111111111,0.07911011111111109,0.0,1.0000000000170463e-06,0.0,0.09307071786959605,4.0,4.0,1,0,0,1,0,19,-1.7763568394002505e-15,8.0,4.3999999989999985,-1.0000018590972104e-09,2.350458799389133,1480.7571484105288,1418.8833985518727,61.87374985865608
2026-07-26,B2_F01,1448.416635956293,0.0,0,1092.4066296295866,121.83470492861532,720.935382329968,3.000000003750003e-06,0.0,74.15615422507496,1861.020559663095,28.761754200384132,3.3107782516910254,3.3107772516910243,0.0,1.000000001250001e-06,0.0,3.8950320608129707,4.0,4.0,1,0,5,2,13,18,0.0,8.000000001,4.400000000000001,8.881784197001252e-16,1.2724699096468146,1398.3095528741717,1318.0400727903684,80.26948008380305
2026-07-26,B2_F08,1392.9069958023272,-1.7763568394002505e-15,1,1110.6230647759091,169.69122652036927,1127.5916697367475,2.9999999944241296e-06,0.0,141.99455605559046,2265.911401977435,33.95763048904392,4.641076538925763,4.641075538925763,0.0,9.999999981413765e-07,0.0,5.4600888693244265,4.0,4.0,0,0,4,0,12,16,0.0,8.000000001,4.399999999999997,-3.552713678800501e-15,1.2691975480635274,1398.3095528741717,1318.0400727903684,80.26948008380305
2026-07-26,oracle_price_reserve,1349.7931466677442,8.881784197001252e-16,0,1178.862110695149,170.9310359725948,742.4139435147636,9.712999993067774e-05,0.0,149.83776468168736,1942.3692283708199,42.56875579149268,6.2315289792139055,6.231527979213906,0.0,9.99999999286294e-07,0.0,7.331209387310476,4.000000000000001,4.0,0,0,9,2,13,20,-1.0000000272292198e-09,8.000000001,4.399999999999999,-1.7763568394002505e-15,1.3657044457292886,1398.3095528741717,1318.0400727903684,80.26948008380305
2026-07-26,perfect_quarter_price,1305.8739005731275,-1.7763568394002505e-15,0,1187.073900573127,118.8,118.34287327111112,7.070999999924274e-05,0.0,25.90715026006664,1398.3095528741715,8.0,0.5213333333333333,0.5213323333333334,0.0,9.999999999892907e-07,0.0,0.6133321557780927,4.0,4.0,0,0,0,0,0,0,0.0,8.0,4.3999999989999985,-1.0000018590972104e-09,1.4719544457292888,1398.3095528741717,1318.0400727903684,80.26948008380305
2026-07-27,B2_F01,1115.8724251414974,8.881784197001252e-16,0,892.9776481265715,204.6032230209758,265.75583579783574,0.00046826000017673777,0.0,63.64203867405166,1299.694200011331,51.19959440697562,2.689886756860677,2.6898857568606767,0.0,1.000000000377435e-06,0.0,3.1645714775749645,4.0,4.0,1,0,3,1,5,9,-1.0000001937626735e-09,8.000000001,4.3999999989999985,-1.0000018590972104e-09,0.9290293908803977,1462.73535825481,1380.6732747746414,82.06208348016844
2026-07-27,B2_F08,1330.8609168781363,-1.7763568394002505e-15,0,895.6362190265969,244.13114777355383,295.0165042634565,8.714000010674265e-05,0.0,54.3942503951334,1380.3895335284737,61.775635565834314,2.9205510348195167,2.9205500348195157,0.0,1.000000001224956e-06,0.0,3.435941217434724,4.0,4.0,1,0,1,2,6,9,-1.000000082740371e-09,8.000000001,4.399999999999999,-1.7763568394002505e-15,0.9219544457292888,1462.73535825481,1380.6732747746414,82.06208348016844
2026-07-27,oracle_price_reserve,1447.1213683426129,0.0,0,1166.0717729594753,281.0495953831378,186.18275886781305,5.5760000009535126e-05,0.0,-4.811497799359814,1638.1155692497857,44.122318705319785,2.1770404053596684,2.1770394053596682,0.0,1.000000000171003e-06,0.0,2.5612228298349033,4.0,4.0,1,0,3,2,4,9,-9.999999994736442e-10,8.000000001,4.4,0.0,1.9844544457292885,1462.73535825481,1380.6732747746414,82.06208348016844
2026-07-27,perfect_quarter_price,1401.426898615836,6.217248937900877e-15,0,1181.386898615836,220.04000000000002,69.89870779888888,5.576000000334452e-05,0.0,8.590192399915017,1462.7353582548099,16.0,0.5168888888888888,0.5168878888888888,0.0,1.0000000000599807e-06,0.0,0.6081033965235144,4.0,4.0,1,0,0,1,2,3,-9.999999994736442e-10,7.999999999000008,4.399999998000014,-1.999985954626027e-09,2.7157044457292883,1462.73535825481,1380.6732747746414,82.06208348016844
2026-07-28,B2_F01,1571.1075997923172,-8.881784197001252e-16,0,1323.0153538829259,139.15837905450698,245.47046541288472,0.0001416800000537208,0.0,47.83506252826007,1659.8089941420574,41.29525175926419,1.6538842927184567,1.6538832927184566,0.0,1.0000000003791698e-06,0.0,1.945745049172353,4.0,4.0,1,0,3,1,13,16,-1.0000000020757294e-09,8.000000001,4.399999998999998,-1.00000274727563e-09,1.8439088914585773,1762.390877304256,1641.0426369044444,121.34824039981164
2026-07-28,B2_F08,1272.453861926793,1.7763568394002505e-15,0,1316.2033124377979,337.9228216502292,311.41713790933693,0.0002675500000448236,0.0,65.1482545728976,1900.3947498744665,59.82395884114131,1.9242797641122316,1.9242787641122314,0.0,1.0000000001675335e-06,0.0,2.263857369543802,4.0,4.0,1,0,5,1,10,16,-9.999999855958563e-10,8.000000001,4.400000000000003,2.6645352591003757e-15,0.9290293908803975,1762.390877304256,1641.0426369044444,121.34824039981164
2026-07-28,oracle_price_reserve,1819.5901919681628,8.881784197001252e-16,0,1375.600122308129,443.9900696600337,160.35094132154455,5.032999999926455e-05,0.0,-29.212875017426864,2009.1539579771338,51.98246855680719,1.1892611358754812,1.1892601358754813,0.0,9.999999999853876e-07,0.0,1.3991295716182128,4.0,4.0,0,0,4,2,2,7,-1.0000000016420485e-09,8.000000001,4.400000000000001,8.881784197001252e-16,1.2607603633995574,1762.390877304256,1641.0426369044444,121.34824039981164
2026-07-28,perfect_quarter_price,1742.0637308273695,-3.552713678800501e-15,0,1395.7437308273695,346.32,20.86181146888889,0.00037455999999810044,0.0,0.5342904320023733,1762.390877304256,12.0,0.10711111111111113,0.10711011111111113,0.0,9.999999999949286e-07,0.0,0.12601189434018237,4.0,4.0,0,0,0,0,0,0,-8.881784197001252e-16,8.0,4.399999998999995,-1.0000054118108892e-09,1.6445749451511091,1762.390877304256,1641.0426369044444,121.34824039981164
2026-07-29,B2_F01,1577.764535512275,3.552713678800501e-15,0,1380.652370896435,307.2369976975232,590.5363753182924,0.0002594800001226938,0.0,358.82169662950986,1919.6037878027405,55.990821209715804,3.5051621466166356,3.505161146616635,0.0,1.0000000004728449e-06,0.0,4.123718996019569,4.0,4.0,1,0,11,0,11,20,-1.0000001937626735e-09,8.000000001,4.400000000000003,2.6645352591003757e-15,1.007074945151109,2005.32665130294,1918.8317983716297,86.4948529313101
2026-07-29,B2_F08,1461.6342820333277,0.0,0,1438.1906414688187,225.6270188231789,1041.8526228796977,-1.233169485703268,0.0,380.8926564583095,2326.0107961990893,63.94714612141944,7.02572405106015,5.4630035577645515,1.210991173101543,0.35172932019405617,0.0,6.4270630091347645,4.0,4.0,2,0,9,0,16,22,-9.999999717180685e-10,8.000000001,4.399999999999999,-1.7763568394002505e-15,0.9219544457292885,2005.32665130294,1918.8317983716297,86.4948529313101
2026-07-29,oracle_price_reserve,2038.7968019820007,-8.881784197001252e-16,0,1870.4475139826038,168.34928799939695,399.09942777895606,8.286000001388183e-05,0.0,183.13492343966035,2254.7612234612966,40.35920991710618,3.2475032457247064,3.2475022457247062,0.0,1.0000000001675335e-06,0.0,3.820590877323183,4.0,4.0,1,0,5,0,9,13,-9.999998051846148e-10,8.000000001,4.399999999999999,-1.7763568394002505e-15,1.8844544457292887,2005.32665130294,1918.8317983716297,86.4948529313101
2026-07-29,perfect_quarter_price,1770.70710818933,-5.329070518200751e-15,0,1502.9071081893298,267.8,323.4429871855556,0.00010072999996934674,0.0,88.82334334194582,2005.3266513029398,12.0,1.9457777777777778,1.9457767777777781,0.0,9.999999996956888e-07,0.0,2.2891491503267978,4.0,4.0,0,0,0,0,3,3,1.7763568394002505e-15,8.000000001,4.399999999999995,-5.329070518200751e-15,1.9930839463074685,2005.32665130294,1918.8317983716297,86.4948529313101
2026-07-30,B2_F01,1819.3564389703151,0.0,0,1158.8970011789029,242.23926753448671,1107.7485198008453,-2.50999999860918e-06,0.0,110.06004422496963,2398.824746799265,61.3497320370176,3.858735818098122,3.8587348180981227,0.0,9.999999994458886e-07,0.0,4.53968802129191,4.0,4.0,0,0,8,2,16,23,-9.999999162069173e-10,8.000000001,4.400000000000002,1.7763568394002505e-15,0.9290293908803975,1446.798837935651,1367.3102528374327,79.48858509821821
2026-07-30,B2_F08,1524.1593596378918,1.7763568394002505e-15,0,1147.2344946182213,239.990724479661,1074.5846174312035,-2.510000000838508e-06,0.0,109.34294763355996,2352.4668914055255,59.947146121419436,3.529650297652201,3.5296492976522007,0.0,1.000000000334067e-06,0.0,4.152528585473177,4.0,4.0,1,0,3,4,14,17,-9.999999162069173e-10,8.000000001,4.400000000000004,3.552713678800501e-15,0.9219544457292886,1446.798837935651,1367.3102528374327,79.48858509821821
2026-07-30,oracle_price_reserve,1541.8501695851917,0.0,0,1245.1614648770433,296.68870470814846,1072.0189163113987,-2.510000000838508e-06,0.0,84.48656788330557,2529.3825205232843,60.76679579171325,3.6942204661712497,3.6942194661712495,0.0,1.000000000334067e-06,0.0,4.346140548436765,4.0,4.0,1,0,2,1,10,12,-9.999999717180685e-10,8.000000001,4.4,0.0,1.1344544457292889,1446.798837935651,1367.3102528374327,79.48858509821821
2026-07-30,perfect_quarter_price,1427.2774438724123,0.0,0,1262.477443872412,164.8,29.558272086666666,0.00010892000000098281,0.0,10.036769103427849,1446.798837935651,8.0,0.16133333333333333,0.1613323333333333,0.0,1.0000000000090232e-06,0.0,0.18980274401338593,4.0,4.0,1,0,0,0,1,1,-8.881784197001252e-16,7.999999999999999,4.399999998999999,-1.0000009709187907e-09,1.2407044457292888,1446.798837935651,1367.3102528374327,79.48858509821821
2026-07-31,B2_F01,3754.526267596137,1.7763568394002505e-15,0,553.1132003082057,103.7653610713063,614.2711682667164,0.00010352999991151785,0.0,358.2320467446118,912.9175793716167,41.29525175926419,3.5004684691333607,3.5004674691333615,0.0,9.999999991453477e-07,0.0,4.118197022509838,4.0,4.0,0,0,4,2,13,16,-9.999992778286781e-10,8.000000001000002,4.400000000000004,3.552713678800501e-15,1.8439088914585775,967.1278456725806,877.28463241806,89.8432132545206
2026-07-31,B2_F08,1257.9559367017494,-1.7763568394002505e-15,0,605.6035501926449,282.82343338200945,677.4095781176313,0.00034783000008225786,0.0,390.6178410369603,1175.2183728253253,61.3497320370176,3.831999753167145,3.8319987531671442,0.0,1.0000000002364888e-06,0.0,4.5082338272554665,4.0,4.0,1,0,9,0,12,21,-9.999994166065562e-10,8.000000001000002,4.400000000000001,8.881784197001252e-16,0.9290293908803977,967.1278456725806,877.28463241806,89.8432132545206
2026-07-31,oracle_price_reserve,1051.0401254490268,0.0,0,688.9650377994756,362.07508764955134,702.5617845461924,8.075999993059303e-05,0.0,403.0680228074852,1350.533806427734,54.188833049606345,3.9673728556184424,3.9673718556184436,0.0,9.999999991405772e-07,0.0,4.6674963007275805,4.0,4.0,0,0,0,1,5,6,-9.999997496734636e-10,8.000000001,4.400000000000001,8.881784197001252e-16,1.1344544457292889,967.1278456725806,877.28463241806,89.8432132545206
2026-07-31,perfect_quarter_price,944.6105454000085,0.0,0,696.6105454000085,248.0,65.62053308666668,0.00018769999998488414,0.0,43.103045114094606,967.1278456725806,8.0,0.3351111111111112,0.3351101111111113,0.0,9.99999999919468e-07,0.0,0.39424718845783047,4.0,4.0,0,0,0,0,0,0,0.0,7.999999999999999,4.399999998999999,-1.0000009709187907e-09,1.3258249451511088,967.1278456725806,877.28463241806,89.8432132545206
2026-08-01,B2_F01,1248.9300752750532,3.552713678800501e-15,0,1181.756970025451,360.1372658333777,522.302780267077,0.00012885000001085778,0.0,286.92191457465026,1777.2749727012556,55.94714612141944,3.4165616299835233,3.4165606299835236,0.0,1.0000000000842668e-06,0.0,4.019483094098262,4.000000000000001,4.000000000000001,1,0,4,2,10,13,-1.000000221518249e-09,8.000000001,4.400000000000003,2.6645352591003757e-15,0.9219544457292885,1493.7516198659162,1434.2394603125,59.51215955341604
2026-08-01,B2_F08,1006.8810614947093,-8.881784197001252e-16,0,1133.122933864719,371.71440469744033,549.8371858293341,0.0001313900000812728,0.0,294.1766584719476,1760.4977345295456,61.2,3.6759721770582647,3.675971177058264,0.0,1.0000000006185616e-06,0.0,4.324671973009721,4.0,4.0,1,0,1,2,13,14,-1.0000003602961272e-09,8.000000001,4.399999999999999,-1.7763568394002505e-15,0.9219544457292889,1493.7516198659162,1434.2394603125,59.51215955341604
2026-08-01,oracle_price_reserve,1575.9895374730456,0.0,0,1226.1875168552892,349.80202061775634,505.70222661392353,0.00015563000012866373,0.0,267.22705966631474,1814.4645487906541,52.09638344241827,3.476179962350876,3.4761789623508754,0.0,1.0000000008267285e-06,0.0,4.089622308648088,4.0,4.0,1,0,2,0,11,13,-1.0000001382515222e-09,8.000000001,4.3999999999999995,-8.881784197001252e-16,1.0282044457292887,1493.7516198659162,1434.2394603125,59.51215955341604
2026-08-01,perfect_quarter_price,1475.1422690316226,-1.7763568394002505e-15,0,1235.1422690316228,240.0,47.253089710000005,0.00010899999999854906,0.0,28.643629875706715,1493.7516198659162,12.0,0.23822222222222222,0.23822122222222225,0.0,9.999999999866886e-07,0.0,0.280260259268603,4.000000000000001,4.000000000000001,0,0,0,0,1,1,-1.000000006412538e-09,7.999999999000001,4.3999999979999975,-2.000002830016001e-09,1.3469544457292888,1493.7516198659162,1434.2394603125,59.51215955341604
2026-08-02,B2_F01,1476.0029759644049,1.7763568394002505e-15,0,1222.52421381387,164.7332001161609,377.9546339449858,0.00024873000014522526,0.0,108.34897921143477,1656.8628199335817,33.25659956120887,2.583550412350612,2.583549412350611,0.0,1.0000000005838672e-06,0.0,3.039469896883072,4.0,4.0,1,0,1,1,5,6,0.0,8.000000001,4.400000000000001,8.881784197001252e-16,0.9219544457292886,1443.8128628241066,1400.1405356115029,43.672327212603705
2026-08-02,B2_F08,1389.7743335706753,0.0,0,1222.0385894654992,165.31560960100018,384.6647706924414,0.0002475300001917582,0.0,113.95781848544848,1658.060903743492,33.53959736725322,2.6189440046265595,2.6189430046265585,0.0,1.0000000007746868e-06,0.0,3.0811094172077156,4.0,4.0,1,0,1,2,12,14,-9.999999873305798e-10,8.000000001,4.3999999999999995,-8.881784197001252e-16,0.9219544457292888,1443.8128628241066,1400.1405356115029,43.672327212603705
2026-08-02,oracle_price_reserve,1479.8031118794825,0.0,0,1305.3089820614675,174.49412981801453,1930.9274747917111,42.133954895189945,0.0,114.4039625725886,3254.1926692034144,47.23014392746379,11.663366472529903,7.69381279653516,3.9200000000000004,0.049553675994744084,0.0,9.051544466511949,4.0,4.0,5,0,2,1,7,9,-1.0000001937626735e-09,8.000000001,4.3999999999999995,-8.881784197001252e-16,1.0282044457292887,1443.8128628241066,1400.1405356115029,43.672327212603705
2026-08-02,perfect_quarter_price,1427.4755070034446,-8.881784197001252e-16,0,1308.6755070034444,118.8,33.67808083111111,9.841000000180555e-05,0.0,17.340626600448903,1443.8128628241066,8.0,0.1497777777777778,0.14977677777777776,0.0,1.0000000000183473e-06,0.0,0.1762079727715568,4.0,4.0,1,0,0,0,1,1,0.0,8.0,4.399999998999999,-1.0000009709187907e-09,1.3657044457292888,1443.8128628241066,1400.1405356115029,43.672327212603705
2026-08-03,B2_F01,1302.5702778865686,2.6645352591003757e-15,0,1151.4464161759533,192.67559574315965,669.8580302620958,0.0004683000000004684,0.0,193.47605372286668,1820.503520158342,56.04239788068363,2.6401860694721155,2.640185069472116,0.0,1.000000000001e-06,0.0,3.106100081731901,4.0,4.0,1,0,8,2,10,17,-1.0000001382515222e-09,8.000000001000002,4.400000000000004,3.552713678800501e-15,1.3368339463074685,1568.236323755767,1487.8105431035906,80.4257806521764
2026-08-03,B2_F08,1349.9388740179581,-1.7763568394002505e-15,0,1073.7572503324332,226.4152544187484,754.5548223609644,0.00010788999996295678,0.0,198.8936038539733,1855.8336153681726,65.47291931729572,3.036668896106958,3.0366678961069584,0.0,9.999999996566575e-07,0.0,3.572550466008187,4.000000000000005,4.000000000000005,0,0,5,4,10,15,-9.999998051846148e-10,8.000000001000002,4.399999999999999,-1.7763568394002505e-15,0.9219544457292891,1568.236323755767,1487.8105431035906,80.4257806521764
2026-08-03,oracle_price_reserve,1568.8998123960398,0.0,0,1314.7681811558473,254.1316312401932,695.9969837923434,0.0001502599999334214,0.0,197.99890198454068,2066.897743943843,51.45326531715285,2.634628682097115,2.6346276820971153,0.0,9.999999995569109e-07,0.0,3.0995619789377824,4.0,4.0,0,0,5,1,11,16,-1.0000001937626735e-09,8.000000001,4.4,0.0,1.4501588914585772,1568.236323755767,1487.8105431035906,80.4257806521764
2026-08-03,perfect_quarter_price,1487.6638682464088,-2.6645352591003757e-15,0,1317.263868246409,170.4,128.31830559777777,0.00017264000000496437,0.0,47.74567744841954,1568.236323755767,8.0,0.6017777777777779,0.6017767777777778,0.0,1.0000000000287557e-06,0.0,0.7079726786539078,4.0,4.0,1,0,0,0,1,1,8.881784197001252e-16,8.0,4.399999998999996,-1.0000045236324695e-09,1.5493339463074687,1568.236323755767,1487.8105431035906,80.4257806521764
2026-08-04,B2_F01,1276.1210472119792,8.881784197001252e-16,0,808.4367873664066,122.58034834748415,1008.0406101723092,0.0006688900003162812,0.0,405.56056430033635,1533.4965126958632,54.4691730240887,3.1105999742140615,3.110598974214061,0.0,1.0000000004728449e-06,0.0,3.6595282049577174,4.0,4.0,1,0,4,0,9,13,-1.0000001937626735e-09,8.000000001,4.4,0.0,1.0070749451511087,1482.4613939171725,1288.805950611205,193.65544330596757
2026-08-04,B2_F08,1172.418123958467,0.0,0,730.2924213961809,268.2365898624796,1385.5964223098892,7.021000008718404e-05,0.0,544.155178658065,1839.9701847004849,61.47291931729572,4.120431579740759,4.120430579740757,0.0,1.000000001241761e-06,0.0,4.8475653879303024,4.0,4.0,1,0,3,5,12,16,-1.0000005268295808e-09,8.000000001,4.399999999999999,-1.7763568394002505e-15,0.9219544457292888,1482.4613939171725,1288.805950611205,193.65544330596757
2026-08-04,oracle_price_reserve,1164.9878191039559,-8.881784197001252e-16,0,1055.3309865241665,109.65683257978918,390.8564825589373,0.00023336000014110905,0.0,171.40719773008144,1384.4368705728116,40.19587498975082,1.9307364845035875,1.930735484503587,0.0,1.0000000006046839e-06,0.0,2.271453510096038,4.0,4.0,1,0,2,2,4,7,-1.0000006378518833e-09,8.000000001,4.3999999989999985,-1.0000018590972104e-09,1.9501588914585775,1482.4613939171725,1288.805950611205,193.65544330596757
2026-08-04,perfect_quarter_price,1003.1293394443557,-4.440892098500626e-15,0,796.3293394443554,206.8,541.7472164300002,0.0007359199998373288,0.0,62.41442603718322,1482.4613939171725,8.0,1.3733333333333335,1.3733323333333336,0.0,9.999999997789555e-07,0.0,1.6156850969545598,4.0,4.0,0,0,0,0,2,2,1.7763568394002505e-15,8.0,4.399999998999992,-1.0000080763461483e-09,1.7782044457292887,1482.4613939171725,1288.805950611205,193.65544330596757
2026-08-05,B2_F01,1413.5762645987763,-3.552713678800501e-15,0,980.1724849815851,245.76979967066032,1668.4645747879572,-1.3130000005673196e-05,0.0,-69.35698910604376,2963.763861676246,57.228664040194936,6.333748395790537,6.333747395790537,0.0,1.0000000004320789e-06,0.0,7.451467524459455,4.000000000000002,4.0,1,0,8,4,14,24,-9.999997496734636e-10,8.000000001,4.399999999999997,-3.552713678800501e-15,1.3439088914585773,2145.7134477917907,1959.2982195271709,186.41522826461983
2026-08-05,B2_F08,1185.9128272812636,0.0,0,1099.7194743274247,192.24871068557667,1226.8219606967077,6.961000003967697e-05,0.0,84.50038520757792,2434.289690892131,57.2,5.348381798659179,5.3483807986591785,0.0,1.0000000005699894e-06,0.0,6.292212704304914,4.0,4.0,1,0,1,1,13,14,-9.999997496734636e-10,8.000000001,4.400000000000001,8.881784197001252e-16,0.9219544457292888,2145.7134477917907,1959.2982195271709,186.41522826461983
2026-08-05,oracle_price_reserve,1465.8081685831876,-8.881784197001252e-16,0,1213.0271118179467,252.78105676524083,1580.3341004416166,0.00012838999993242115,0.0,2.866078659042998,3043.276061975761,61.06324618023075,6.701490089632251,6.7014890896322505,0.0,9.999999994736442e-07,0.0,7.884104811332058,4.0,4.0,0,0,11,2,8,18,-9.999998884513417e-10,8.000000001,4.4,0.0,1.2434322072844304,2145.7134477917907,1959.2982195271709,186.41522826461983
2026-08-05,perfect_quarter_price,1387.9694869697323,-2.6645352591003757e-15,0,1243.1694869697317,144.8,921.2964379911111,0.00012838999998943777,0.0,163.55234877905178,2145.7134477917907,8.0,2.2782222222222224,2.2782212222222222,0.0,9.999999999177334e-07,0.0,2.6802602603532524,4.0,4.0,0,0,0,0,3,3,-8.881784197001252e-16,7.999999999999998,4.399999998999994,-1.000006299989309e-09,1.5969544457292888,2145.7134477917907,1959.2982195271709,186.41522826461983
2026-08-06,B2_F01,1712.3062613587178,1.7763568394002505e-15,2,907.6717905874132,368.90087820982626,1014.7785163613819,-4.623755144138905,0.0,-15.562093014095858,2311.537033316856,57.07681271972187,6.517678248777498,6.061118383850573,0.24977777777777765,0.20678208714914711,0.0,7.1307275104124415,4.0,4.0,3,0,3,3,8,11,-1.0000006378518833e-09,8.000000001000002,4.400000000000006,5.329070518200751e-15,1.0868046748808384,1513.6730127156557,1444.4964568878863,69.17655582776933
2026-08-06,B2_F08,1396.6099202506134,1.7763568394002505e-15,0,903.4658261483987,353.02110007738224,878.2454259018053,-3.24038967111111,0.0,-29.284330603721223,2167.2570724024185,57.25659956120887,6.541878657576379,6.2920998797986005,0.24977777777777765,9.999999998795694e-07,0.0,7.402470446821885,4.0,4.0,2,0,1,2,10,11,-1.000000082740371e-09,8.000000001000004,4.400000000000006,5.329070518200751e-15,0.9219544457292886,1513.6730127156557,1444.4964568878863,69.17655582776933
2026-08-06,oracle_price_reserve,1437.8815930076387,0.0,0,1109.7757860168308,328.10580699080833,849.5851557413316,-5.735417143084273,0.0,-141.56389795778458,2434.7660638498396,33.603745682628315,4.168521356243892,3.482485853495953,0.0,0.6860355027479392,0.0,4.097042181668125,4.0,4.0,3,0,8,1,8,16,0.0,8.000000002,4.400000001,1.000000082740371e-09,1.2407044457292888,1513.6730127156557,1444.4964568878863,69.17655582776933
2026-08-06,perfect_quarter_price,1374.882542718395,-3.552713678800501e-15,0,1117.042542718395,257.84000000000003,68.1619119644444,8.188000001698454e-05,0.0,-70.62863991281594,1513.6730127156557,8.0,0.9728888888888888,0.9728878888888887,0.0,1.0000000002074322e-06,0.0,1.1445739880127566,4.0,4.0,1,0,0,0,1,1,0.0,8.000000002,4.400000000999997,9.999965300266922e-10,1.5907044457292887,1513.6730127156557,1444.4964568878863,69.17655582776933
2026-08-07,B2_F01,1483.8436550762892,-8.881784197001252e-16,3,850.4889835331599,199.6477298100198,450.8857004956256,9.295000000754035e-05,0.0,156.48080884083245,1344.541512047973,57.2,2.3856963370182624,2.3856953370182623,0.0,1.0000000000811226e-06,0.0,2.8067003964920727,4.000000000000001,4.000000000000001,1,0,4,4,12,15,-1.000000304784976e-09,8.000000001,4.3999999999999995,-8.881784197001252e-16,1.0797297297297297,1228.8876564331872,1185.31027103356,43.577385399627246
2026-08-07,B2_F08,1305.0371704187103,-8.881784197001252e-16,0,936.108172052607,174.937188085428,505.1097476697479,0.00029680000051374687,0.0,136.48683626388254,1479.6679747438998,60.64817704925449,2.6651130014584514,2.6651120014584495,0.0,1.000000001730953e-06,0.0,3.135425884068763,4.000000000000001,4.000000000000001,1,0,8,0,8,16,-1.000000082740371e-09,8.000000001,4.399999999999999,-1.7763568394002505e-15,1.2724699096468144,1228.8876564331872,1185.31027103356,43.577385399627246
2026-08-07,oracle_price_reserve,1329.641564477915,0.0,0,1127.9532282276914,201.6883362502234,475.046491323604,0.00010280000020411184,0.0,127.96853298673727,1676.7194200147812,61.03248591222092,2.56743075895254,2.567429758952538,0.0,1.0000000019855237e-06,0.0,3.0205055965983862,4.0,4.0,1,0,0,0,8,8,-1.000000304784976e-09,7.999999999,4.399999997999999,-2.0000010536591617e-09,1.0282044457292887,1228.8876564331872,1185.31027103356,43.577385399627246
2026-08-07,perfect_quarter_price,1034.4358825977904,0.0,0,880.9158825977903,153.52,254.14479184888893,0.00017793999996066733,0.0,59.69284007349208,1228.8876564331872,16.0,1.4466666666666668,1.4466656666666668,0.0,9.999999997789555e-07,0.0,1.7019596078431374,4.0,4.0,0,0,0,0,2,2,0.09231596049393831,8.000000001,4.4,0.0,1.1749999999999998,1228.8876564331872,1185.31027103356,43.577385399627246
2026-08-08,B2_F01,1384.8963366982452,1.7763568394002505e-15,0,1166.8178821314368,215.4405912597717,248.23800103896474,0.00026760000002254983,0.0,131.16145340386677,1499.3347534263066,53.07681271972187,1.5616843049562033,1.5616833049562033,0.0,1.0000000000842668e-06,0.0,1.8372744764190618,4.000000000000001,4.000000000000001,1,0,3,2,14,17,-9.999999283499816e-10,8.000000001,4.400000000000001,8.881784197001252e-16,0.9290293908803974,1478.0537401493011,1439.9176928856712,38.13604726362996
2026-08-08,B2_F08,1205.3806701056308,8.881784197001252e-16,0,1198.8560026574849,289.6205615549944,294.5476280955387,0.00026760000001512245,0.0,160.18927962974706,1622.834645078271,57.40633159822647,2.1196171291027266,2.1196161291027265,0.0,1.0000000000565112e-06,0.0,2.493666034238501,4.0,4.0,1,0,5,0,16,20,-9.999999162069173e-10,8.000000001,4.4,0.0,0.9290293908803976,1478.0537401493011,1439.9176928856712,38.13604726362996
2026-08-08,oracle_price_reserve,1528.8033792735048,8.881784197001252e-16,0,1241.9673916469321,286.8359876265723,285.2380759092048,0.0001859399999808327,0.0,151.37570316833293,1662.6655660743766,59.798781689734966,2.0747377970469993,2.0747367970469996,0.0,9.999999998969167e-07,0.0,2.4408668200552937,4.0,4.0,0,0,4,0,11,15,-9.999999994736442e-10,8.000000001,4.400000000000001,8.881784197001252e-16,1.2477793908803974,1478.0537401493011,1439.9176928856712,38.13604726362996
2026-08-08,perfect_quarter_price,1446.7931829758081,-3.552713678800501e-15,0,1275.6331829758083,171.16,83.20208729444444,0.00010822000000311194,0.0,51.941421900951795,1478.0537401493011,12.0,0.7604444444444445,0.7604434444444443,0.0,1.0000000000287557e-06,0.0,0.8946393453205737,4.0,4.0,1,0,0,0,3,3,-8.881784197001252e-16,7.999999999999997,4.399999998999994,-1.000006299989309e-09,1.5665293908803977,1478.0537401493011,1439.9176928856712,38.13604726362996
2026-08-09,B2_F01,1462.293065500792,-1.7763568394002505e-15,0,1094.2284476368518,106.95768344332274,174.23578960141793,0.00011895000002735655,0.0,20.325237465852098,1355.0965642657404,22.45659956120887,0.8294791359456615,0.8294781359456613,0.0,1.0000000002299836e-06,0.0,0.9758566305243077,4.0,4.0,1,0,0,2,7,7,0.0,8.000000001,4.399999999999999,-1.7763568394002505e-15,1.7,1326.7718838676813,1298.166867530443,28.60501633723834
2026-08-09,B2_F08,1382.36897730062,8.881784197001252e-16,0,1166.5667026305546,170.21959465184278,1123.0514415140156,-0.0017160057651709549,0.0,10.695866519268684,2449.143588282909,36.28674348867267,4.181713777036559,3.9960062005155987,0.016401998334397927,0.16930557818656214,0.0,4.701183766397123,4.0,4.0,2,0,4,1,16,18,2.168404344971009e-19,8.000000002,4.400000001000003,1.00000274727563e-09,0.9219544457292885,1326.7718838676813,1298.166867530443,28.60501633723834
2026-08-09,oracle_price_reserve,1374.0885775941993,0.0,0,1186.6764962893815,187.41208130481783,1022.1965187159478,0.0001299870606686971,0.0,27.806728782480498,2368.478237540606,50.86593134086715,3.5961269497608686,3.59501865582053,0.0,0.001108293940339092,0.0,4.229433712730035,4.0,4.0,2,0,19,1,11,29,-1.0000000341681137e-09,8.000000001,4.4,0.0,1.0282044457292885,1326.7718838676813,1298.166867530443,28.60501633723834
2026-08-09,perfect_quarter_price,1324.3239758515072,-8.881784197001252e-16,1,1203.523975851507,120.8,6.450358106666665,0.00010072000000045017,0.0,4.002349370492383,1326.7718838676813,8.0,0.033777777777777775,0.03377677777777777,0.0,1.0000000000044695e-06,0.0,0.039737384536262736,4.000000000000001,4.000000000000001,1,0,0,0,1,2,0.0,8.0,4.399999998999999,-1.0000009709187907e-09,1.3654925831729168,1326.7718838676813,1298.166867530443,28.60501633723834
2026-08-10,B2_F01,1700.1350366122308,8.881784197001252e-16,0,1000.4430500790337,270.2107582672111,475.6627583596752,0.0003745800002188674,0.0,-10.633041105300734,1756.9492332312202,57.07681271972188,3.0738658509340806,3.07386485093408,0.0,1.0000000005843009e-06,0.0,3.6163115893342113,4.000000000000004,4.0,1,0,0,1,6,6,-1.0000000549847954e-09,8.000000001,4.400000000000001,8.881784197001252e-16,0.9290293908803973,1149.8564096241748,1069.7095787731218,80.14683085105298
2026-08-10,B2_F08,1414.867701971805,-8.881784197001252e-16,0,920.717368663051,351.20221948140545,507.7723709955774,5.951000005822266e-05,0.0,7.756762996985888,1771.9351366330482,63.82395884114131,3.267419519339513,3.267418519339512,0.0,1.0000000009783677e-06,0.0,3.8440217874582485,4.0,4.0,1,0,2,1,7,9,-1.0000000549847954e-09,8.000000001,4.4,0.0,0.9290293908803977,1149.8564096241748,1069.7095787731218,80.14683085105298
2026-08-10,oracle_price_reserve,1427.2553234502375,8.881784197001252e-16,0,1119.7999940598963,307.45532939034115,493.55013720724605,0.0002943100001953231,0.0,24.71395884836806,1896.0912074991152,52.70574391653134,3.1386680991252254,3.1386670991252243,0.0,1.0000000006636645e-06,0.0,3.6925495283826164,4.0,4.0,1,0,7,2,5,12,-1.0000002770294003e-09,8.000000001,4.400000000000001,8.881784197001252e-16,1.3368339463074685,1149.8564096241748,1069.7095787731218,80.14683085105298
2026-08-10,perfect_quarter_price,1114.4944819050243,-8.881784197001252e-16,0,816.7344819050242,297.76,48.00300042555557,0.00015512999998939082,0.0,12.64091757640493,1149.8564096241748,24.0,0.3297777777777778,0.3297767777777778,0.0,9.999999999316111e-07,0.0,0.3879726797385622,4.0,4.0,0,0,0,0,1,1,-9.999999994736442e-10,8.000000001,4.3999999999999995,-8.881784197001252e-16,1.5680839463074685,1149.8564096241748,1069.7095787731218,80.14683085105298
2026-08-11,B2_F01,1494.6610207131678,1.7763568394002505e-15,0,847.8797736277605,280.2674520594928,435.41933835867883,5.340000007016015e-06,0.0,18.199146712202435,1545.36741199373,63.94714612141944,3.9378957584239247,3.9378947584239237,0.0,1.0000000013138605e-06,0.0,4.632817362851677,4.000000000000003,4.0,1,0,11,2,5,16,-1.0000000272292198e-09,8.000000001,4.400000000000004,3.552713678800501e-15,0.921954445729289,1478.838380655396,1446.9982704251724,31.840110230223672
2026-08-11,B2_F08,1219.5065340347282,0.0,0,1158.2509844755457,273.8813111734428,415.7333565145539,0.00026903999988825867,0.0,150.4832652693198,1697.3821178542225,61.472919317295734,2.6149747595094963,2.6149737595094966,0.0,9.999999995846665e-07,0.0,3.0764397170699955,4.0,4.0,0,0,4,1,8,13,-1.0000000549847954e-09,8.000000001,4.3999999999999995,-8.881784197001252e-16,0.9219544457292885,1478.838380655396,1446.9982704251724,31.840110230223672
2026-08-11,oracle_price_reserve,1558.2201249534166,-2.6645352591003757e-15,0,1280.2343257584291,277.9857991949882,434.56083438586876,0.00019381000001498692,0.0,103.72080388438135,1889.0599616449047,61.233998061828075,3.0031320980753664,3.0031310980753663,0.0,1.000000000077328e-06,0.0,3.533095409500432,4.0,4.0,1,0,10,2,9,20,-1.000000082740371e-09,8.000000001000002,4.399999999999999,-1.7763568394002505e-15,1.5564088914585774,1478.838380655396,1446.9982704251724,31.840110230223672
2026-08-11,perfect_quarter_price,1449.944604927709,-3.552713678800501e-15,0,1293.6246049277088,156.32,64.21243842555556,0.0002690399999928017,0.0,35.31839365786821,1478.8383806553961,8.0,0.3191111111111111,0.3191101111111111,0.0,9.999999999732445e-07,0.0,0.3754236590460628,4.0,4.0,0,0,0,1,2,3,0.0,8.0,4.399999998999993,-1.0000071881677286e-09,1.7689088914585773,1478.838380655396,1446.9982704251724,31.840110230223672
2026-08-12,B2_F01,1462.0590624025576,8.881784197001252e-16,0,1318.7695702670067,172.18527882308967,666.1580871854928,0.00046117000023086194,0.0,366.5083803707661,1790.6040947348229,56.45244828555618,4.185716415578144,4.185715415578143,0.0,1.0000000005006004e-06,0.0,4.924371077150756,4.0,4.0,1,0,3,0,14,16,-1.0000009986743663e-09,8.000000001,4.400000000000001,8.881784197001252e-16,0.9290293908803976,1681.7034786622116,1558.199278343688,123.50420031852376
2026-08-12,B2_F08,1443.0859128232632,0.0,0,1553.8747890301297,198.744538083645,701.3098551023947,5.9280000026384895e-05,0.0,364.8273525177313,2089.101770418438,61.07681271972187,4.327113427381333,4.327112427381332,0.0,1.0000000004450893e-06,0.0,5.0907205028015685,4.0,4.0,1,0,3,0,10,13,-1.0000012207189712e-09,8.000000001,4.400000000000001,8.881784197001252e-16,0.9290293908803975,1681.7034786622116,1558.199278343688,123.50420031852376
2026-08-12,oracle_price_reserve,2219.686534961275,2.6645352591003757e-15,0,2112.469897899786,107.21663706148917,587.0145153573471,5.928000000005929e-05,0.0,288.62241365657525,2518.0785773820467,37.85995764161713,3.811527860142444,3.8115268601424437,0.0,1.000000000001e-06,0.0,4.484149247226404,4.0,4.0,1,0,8,2,9,19,-1.000000082740371e-09,8.000000001,4.400000000000003,2.6645352591003757e-15,2.009454445729289,1681.7034786622116,1558.199278343688,123.50420031852376
2026-08-12,perfect_quarter_price,1626.7345087191993,-3.552713678800501e-15,0,1448.8145087191992,177.92,73.70470872888889,0.00031564000000455913,0.0,18.73542314587642,1681.7034786622116,12.0,0.40355555555555556,0.4035545555555555,0.0,1.0000000000144442e-06,0.0,0.4747700642748218,4.0,4.0,1,0,0,0,1,1,0.0,8.0,4.399999998999994,-1.000006299989309e-09,1.7594544457292887,1681.7034786622116,1558.199278343688,123.50420031852376
2026-08-13,B2_F01,1538.448527993855,1.7763568394002505e-15,0,1505.63307012909,256.49063765378264,749.2281750338668,0.00010817999993254973,0.0,279.61620819063046,2231.735566446109,63.94714612141944,4.015061717989459,4.01506071798946,0.0,9.999999993764996e-07,0.0,4.723600844693485,4.000000000000001,4.000000000000001,0,0,2,2,10,12,0.5682131781796668,8.000000001,4.400000000000005,4.440892098500626e-15,0.9219544457292888,1684.4630046664338,1538.64217435901,145.82083030742365
2026-08-13,B2_F08,1396.5303580656011,1.7763568394002505e-15,0,1586.8043481238328,249.17256011895478,685.385716283561,0.00010817999993254973,0.0,268.4475424244928,2252.9149739218556,63.82395884114131,3.7308408909717907,3.730839890971791,0.0,9.999999993764996e-07,0.0,4.389223401143283,4.000000000000001,4.000000000000001,0,0,8,2,9,16,0.5682131781796668,8.000000001,4.400000000000001,8.881784197001252e-16,0.9290293908803975,1684.4630046664338,1538.64217435901,145.82083030742365
2026-08-13,oracle_price_reserve,2437.498340671628,3.552713678800501e-15,0,2306.6690426081905,130.8292980634378,620.8662301601283,0.0001081800000061134,0.0,230.2331507622783,2828.131311889478,39.48955454108709,3.453855763308567,3.4538547633085668,0.0,1.0000000000565112e-06,0.0,4.063358545068901,4.000000000000001,4.000000000000001,1,0,1,1,7,8,-1.0000004158072784e-09,8.000000001,4.400000000000003,2.6645352591003757e-15,1.9980131532316627,1684.4630046664338,1538.64217435901,145.82083030742365
2026-08-13,perfect_quarter_price,1379.9437292915163,-8.881784197001252e-16,0,1084.783729291516,295.16,365.68267257,0.00028742999994032945,0.0,61.163109765082524,1684.4630046664338,24.0,1.8022222222222224,1.8022212222222225,0.0,9.999999997923996e-07,0.0,2.120260260353256,4.0,4.0,0,0,0,0,3,3,0.0,8.0,4.399999998999999,-1.0000009709187907e-09,1.5469544457292888,1684.4630046664338,1538.64217435901,145.82083030742365
2026-08-14,B2_F01,1223.2913620012937,8.881784197001252e-16,0,1349.686363184751,305.3894960470278,377.53797390654086,0.00012428000002586052,0.0,176.69758582793503,1855.9161230303846,60.00374568262831,2.318125347384745,2.3181243473847446,0.0,1.0000000002080827e-06,0.0,2.72720511457029,4.0,4.0,1,0,4,1,12,15,-9.999999994736442e-10,8.000000001,4.400000000000002,1.7763568394002505e-15,0.9219544457292888,1537.7599515495824,1406.8432787779118,130.91667277167062
2026-08-14,B2_F08,1311.3027906764707,0.0,0,1411.5425036416286,229.23730786908243,312.4774104093584,0.0001500000000485488,0.0,170.33628165282647,1782.920790267243,57.349732037017596,1.7359547179997246,1.7359537179997242,0.0,1.0000000003236587e-06,0.0,2.042298491764382,4.0,4.0,1,0,9,2,13,21,-1.0000000549847954e-09,8.000000001,4.400000000000001,8.881784197001252e-16,0.9290293908803978,1537.7599515495824,1406.8432787779118,130.91667277167062
2026-08-14,oracle_price_reserve,1805.4539493625496,1.7763568394002505e-15,0,1706.7155162476047,98.73843311494409,235.04057899087707,0.00014999999999305933,0.0,147.95944734898342,1892.5349310044426,40.45158939554993,1.2872459203111277,1.2872449203111276,0.0,9.999999999537289e-07,0.0,1.514405788601327,4.0,4.0,0,0,3,1,9,12,-9.99999943962493e-10,8.000000001,4.400000000000002,1.7763568394002505e-15,1.7719544457292888,1537.7599515495824,1406.8432787779118,130.91667277167062
2026-08-14,perfect_quarter_price,1530.7755735264434,-3.552713678800501e-15,0,1318.8155735264434,211.96,16.15073679222222,0.00015300000000333797,0.0,9.166205769083371,1537.7599515495824,12.0,0.06977777777777777,0.06977677777777776,0.0,1.0000000000218168e-06,0.0,0.08209032571272946,4.0,4.0,1,0,0,0,0,0,0.0,8.0,4.399999998999993,-1.0000071881677286e-09,1.7618339463074684,1537.7599515495824,1406.8432787779118,130.91667277167062
2026-08-15,B2_F01,1524.767929820754,0.0,0,1194.8049195656142,178.87889271205364,2358.336632341069,16.392900192518788,0.0,306.9001177244664,3408.727426701752,57.21631914550814,8.60629517975337,5.973425817194065,2.124954627999619,0.507914734559686,0.0,7.027559784934192,4.0,4.0,5,0,8,2,13,20,-9.99999860695766e-10,8.000000001000002,4.400000000000001,8.881784197001252e-16,1.0070749451511087,1363.1029170391294,1304.052869452913,59.05004758621635
2026-08-15,B2_F08,1311.580456902183,2.6645352591003757e-15,0,1187.530919511368,167.32528792119257,1192.818480410926,1.8930488411112933,0.0,301.9118472075457,2243.86979179483,61.2,4.570806314874817,4.323694203763704,0.24711111111111106,1.0000000010279564e-06,0.0,5.086699063251415,4.000000000000001,4.000000000000001,2,0,1,4,15,16,-9.999997496734636e-10,8.000000001,4.400000000000001,8.881784197001252e-16,0.9219544457292885,1363.1029170391294,1304.052869452913,59.05004758621635
2026-08-15,oracle_price_reserve,1448.674459660816,0.0,0,1271.6354728378853,177.03898682293072,1038.2387682627252,2.802715152322217,0.0,194.10731927369224,2290.0031934975264,53.429104451336386,3.763530015477886,3.3290610672319305,0.24711111111111106,0.18735783713484436,0.0,3.9165424320375646,4.0,4.0,3,0,3,1,14,17,-9.999999162069173e-10,8.000000001,4.3999999999999995,-8.881784197001252e-16,1.0282044457292887,1363.1029170391294,1304.052869452913,59.05004758621635
2026-08-15,perfect_quarter_price,1357.2067649061923,0.0,0,1315.6067649061922,41.6,9.366886063333332,0.00012395000000012396,0.0,3.4706099803960933,1363.1029170391294,4.0,0.048,0.047999,0.0,1.000000000001e-06,0.0,0.05646941068005358,4.0,4.0,1,0,0,0,1,1,0.0,8.0,4.399999999,-1.000000082740371e-09,1.2407044457292886,1363.1029170391294,1304.052869452913,59.05004758621635
2026-08-16,B2_F01,1514.820307815528,8.881784197001252e-16,0,1006.3806646178937,209.30321475033287,393.8785813852743,0.00010188000000363656,0.0,249.2928518893176,1360.2695069841834,32.68096399537456,1.7548376448575387,1.7548366448575385,0.0,1.0000000000356946e-06,0.0,2.0645136987477466,4.0,4.0,1,0,0,1,6,6,0.0,8.0,4.399999999000001,-9.999991945619513e-10,0.9219544457292888,1430.155837242175,1310.505757971133,119.6500792710417
2026-08-16,B2_F08,1427.3881307562579,3.552713678800501e-15,0,1010.6813344148361,264.3940343423078,772.4054541624962,0.00014523999994685757,0.0,503.02066423316353,1544.4600134464768,59.94714612141944,3.702639203922916,3.702638203922916,0.0,9.99999999634106e-07,0.0,4.356044945791667,4.000000000000001,4.000000000000001,0,0,1,4,12,12,-9.99999361095405e-10,8.000000001000002,4.400000000000006,5.329070518200751e-15,0.9219544457292886,1430.155837242175,1310.505757971133,119.6500792710417
2026-08-16,oracle_price_reserve,1382.5258728738315,1.7763568394002505e-15,0,1158.8940405474011,223.63183232643073,401.70315922127395,0.00022585000005037465,0.0,262.8575078817401,1521.3712983633654,38.28299780604435,1.8258629149232755,1.825861914923275,0.0,1.0000000002230447e-06,0.0,2.148072838916902,4.0,4.0,1,0,0,2,8,10,-9.999999162069173e-10,7.999999999,4.399999998000003,-1.999997500945483e-09,1.0282044457292887,1430.155837242175,1310.505757971133,119.6500792710417
2026-08-16,perfect_quarter_price,1312.502199923414,-8.881784197001252e-16,0,1111.4621999234141,201.04000000000002,241.40311771777777,0.0001018799999923256,0.0,123.74937851901687,1430.155837242175,16.0,1.0262222222222221,1.0262212222222225,0.0,9.999999999246723e-07,0.0,1.207319082798016,4.000000000000001,4.000000000000001,0,0,0,0,2,2,-9.999999994736442e-10,7.999999999,4.399999997999999,-2.0000010536591617e-09,1.25237950057818,1430.155837242175,1310.505757971133,119.6500792710417
2026-08-17,B2_F01,1586.5918202522087,2.6645352591003757e-15,0,283.67919604891983,227.91244145215123,611.6629666863066,0.0001624100001872354,0.0,416.56604556022745,706.6883962171501,53.99665991039606,2.856878425798826,2.856877425798825,0.0,1.0000000011528565e-06,0.0,3.361032265645676,4.0,4.0,1,0,8,0,10,17,-1.000000304784976e-09,8.000000001,4.400000000000003,2.6645352591003757e-15,1.4219544457292888,719.1564014836945,665.2088766182031,53.94752486549135
2026-08-17,B2_F08,1365.566879299091,8.881784197001252e-16,0,255.3631149737771,208.1918680608306,693.7159967375815,0.00011737999984943723,0.0,497.66757394372075,659.6032884484684,61.2,3.2489762878386514,3.2489752878386526,0.0,9.999999987173047e-07,0.0,3.8223238680454736,4.0,4.0,0,0,1,4,12,13,-9.99999860695766e-10,8.000000001,4.400000000000001,8.881784197001252e-16,0.9219544457292886,719.1564014836945,665.2088766182031,53.94752486549135
2026-08-17,oracle_price_reserve,698.8746844124311,0.0,0,444.7519230067909,254.1227614056405,271.1529214241116,0.0001300000000289958,0.0,168.7107907441018,801.3166850924412,42.62273459715275,1.2149962798914802,1.21499527989148,0.0,1.0000000002230447e-06,0.0,1.4294062116370356,4.0,4.0,1,0,1,1,4,6,-1.000000082740371e-09,8.000000001,4.4,0.0,1.5939088914585775,719.1564014836945,665.2088766182031,53.94752486549135
2026-08-17,perfect_quarter_price,661.2638694053618,-3.552713678800501e-15,0,461.4638694053622,199.8,150.99779499666667,0.00023789999999941253,0.0,93.10502501833439,719.1564014836945,16.0,0.6644444444444445,0.6644434444444444,0.0,9.999999999975306e-07,0.0,0.7816981699346405,4.0,4.0,0,0,0,2,1,3,-9.999999977389207e-10,8.000000001,4.399999999999997,-3.552713678800501e-15,1.6930839463074687,719.1564014836945,665.2088766182031,53.94752486549135
2026-08-18,B2_F01,1074.375893092988,8.881784197001252e-16,0,302.8634260882522,115.40136460863798,921.015354648923,0.0002705200000547067,0.0,708.9784267521018,630.3014480737115,56.50904784676505,4.612461473501703,4.612460473501703,0.0,1.000000000202228e-06,0.0,5.42642408647259,4.0,4.0,1,0,5,1,11,14,-9.999999717180685e-10,8.000000001,4.3999999999999995,-8.881784197001252e-16,0.9290293908803975,560.6241690609393,484.43415693682266,76.1900121241166
2026-08-18,B2_F08,1134.620978231086,8.881784197001252e-16,0,275.4686710793494,129.16223092044868,1006.7039105995475,0.0001989499998467054,0.0,870.4499254277442,540.8846882216016,57.2,4.946490184258106,4.946489184258107,0.0,9.999999992294818e-07,0.0,5.819399040303654,4.0,4.0,0,0,1,3,16,17,-9.99999860695766e-10,8.000000001,4.400000000000002,1.7763568394002505e-15,0.9219544457292888,560.6241690609393,484.43415693682266,76.1900121241166
2026-08-18,oracle_price_reserve,574.9362834904007,0.0,0,394.4821553471209,180.4541281432797,712.1742304110728,0.0002705200005070901,0.0,585.492840547864,701.617402833609,44.31893663717243,3.287132233168121,3.2871312331681195,0.0,1.0000000018745014e-06,0.0,3.8672132154919048,4.0,4.0,1,0,9,3,13,20,-1.000000304784976e-09,8.000000001,4.3999999999999995,-8.881784197001252e-16,1.5868339463074685,560.6241690609393,484.43415693682266,76.1900121241166
2026-08-18,perfect_quarter_price,531.2726128880166,-3.552713678800501e-15,0,413.5526128880165,117.72,170.5476783677778,0.00025941000000745954,0.0,141.19586278485502,560.6241690609393,8.0,0.6968888888888889,0.6968878888888888,0.0,1.0000000000287557e-06,0.0,0.8198681034905081,4.0,4.0,1,0,0,0,1,1,1.7763568394002505e-15,8.0,4.399999998999994,-1.000006299989309e-09,1.6930839463074687,560.6241690609393,484.43415693682266,76.1900121241166
2026-08-19,B2_F01,1083.454296400128,0.0,0,344.14243316308864,322.29937806613566,1488.3909133137556,0.0003229300002871424,0.0,1032.4338122542317,1122.3985893587478,59.32278168725375,6.163516892152072,6.163515892152072,0.0,1.0000000008891785e-06,0.0,7.251195167237731,4.0,4.0,1,0,7,0,16,23,-1.0000007488741858e-09,8.000000001,4.3999999999999995,-8.881784197001252e-16,0.9219544457292888,1410.3290194714664,1302.7387410110737,107.59027846039272
2026-08-19,B2_F08,1144.6118513665083,0.0,0,291.801673634859,339.33796836370846,1439.6160576217885,0.00019699000001108943,0.0,1048.9912411685607,1021.7642614617951,59.94714612141944,6.318552216319391,6.31855121631939,0.0,1.0000000000562944e-06,0.0,7.433589666258108,4.0,4.0,1,0,7,3,19,25,-1.0000004158072784e-09,8.000000000999998,4.4,0.0,0.9219544457292888,1410.3290194714664,1302.7387410110737,107.59027846039272
2026-08-19,oracle_price_reserve,821.9007569357228,3.552713678800501e-15,0,429.2796865411099,392.621070394613,1667.3587645677753,0.00022916000051224683,0.0,935.752107269222,1553.5071850742756,51.402727790338176,5.615819760559055,5.615818760559053,0.0,1.000000002235324e-06,0.0,6.60684560065771,4.0,4.0,1,0,5,0,18,23,-9.999999578402807e-10,8.000000001,4.400000000000005,4.440892098500626e-15,1.5594544457292885,1410.3290194714664,1302.7387410110737,107.59027846039272
2026-08-19,perfect_quarter_price,759.1285435254682,-2.6645352591003757e-15,0,377.6085435254683,381.52000000000004,1060.1097638944445,0.00014908999988842098,0.0,408.9091388584466,1410.3290194714664,28.0,3.2622222222222224,3.262221222222223,0.0,9.999999992515995e-07,0.0,3.8379073191767863,4.0,4.0,0,0,0,0,6,6,-1.9999982642238123e-09,8.000000000000002,4.3999999989999985,-1.0000018590972104e-09,1.5868339463074685,1410.3290194714664,1302.7387410110737,107.59027846039272
2026-08-20,B2_F01,1345.6176043246912,-1.7763568394002505e-15,0,684.4416112171465,365.85348867021264,698.970443781136,0.00012392999995943817,0.0,249.54886479402148,1499.7165549444737,57.2,2.641903833304379,2.6419028333043793,0.0,9.999999996727037e-07,0.0,3.108120980358093,4.0,4.0,0,0,1,3,11,12,-9.999998884513417e-10,8.000000001,4.399999999999998,-2.6645352591003757e-15,0.9219544457292889,2471.244455225269,2401.614696976544,69.62975824872501
2026-08-20,B2_F08,1168.3477840970831,2.6645352591003757e-15,0,640.5473766511544,532.7593901790794,875.5266128653861,0.00012691000013937418,0.0,371.0395820491382,1677.7936707364815,61.2,3.5717936306973295,3.5717926306973284,0.0,1.0000000010982127e-06,0.0,4.202108977290974,4.0,4.0,1,0,1,3,14,15,-9.999998884513417e-10,8.000000001,4.400000000000002,1.7763568394002505e-15,0.9219544457292885,2471.244455225269,2401.614696976544,69.62975824872501
2026-08-20,oracle_price_reserve,1279.6175449350121,8.881784197001252e-16,0,773.3012133341729,506.31633160083953,549.1703203819995,0.00013057999999860158,0.0,252.06082450847694,1576.726910228535,41.750746712406254,2.5329179536461846,2.5329169536461844,0.0,9.999999999892907e-07,0.0,2.97990229623797,4.0,4.0,0,0,4,0,9,13,-9.999999717180685e-10,8.000000001,4.399999998,-2.000000165480742e-09,1.5868339463074683,2471.244455225269,2401.614696976544,69.62975824872501
2026-08-20,perfect_quarter_price,1145.4890142928346,-2.6645352591003757e-15,0,648.4090142928351,497.08,1584.0533037511111,0.0001404000000225475,0.0,258.2977224186768,2471.244455225269,20.0,3.3746666666666667,3.3746656666666666,0.0,1.0000000001605946e-06,0.0,3.9701949019607836,4.0,4.0,1,0,0,0,7,7,1.7763568394002505e-15,8.000000001,4.399999999999997,-3.552713678800501e-15,1.5868339463074685,2471.244455225269,2401.614696976544,69.62975824872501
2026-08-21,B2_F01,1114.145588011328,1.7763568394002505e-15,0,213.97556648156268,1185.0019499997927,397.99834544614595,0.0001749999999953178,0.0,188.08856146149583,1608.8871254660057,63.94714612141945,2.0276167332437955,2.0276157332437954,0.0,9.999999999732445e-07,0.0,2.385430274404463,4.000000000000001,4.000000000000001,0,0,6,3,14,19,-9.999999994736442e-10,8.000000001,4.400000000000001,8.881784197001252e-16,0.9219544457292884,1611.8182937839174,1541.5608365204353,70.25745726348214
2026-08-21,B2_F08,1171.915815446532,3.552713678800501e-15,0,195.3394157596221,1175.6863297553675,370.84198051260563,0.00018304999996993727,0.0,171.17540726390484,1570.6921357136905,59.94714612141944,1.8984751876861319,1.8984741876861322,0.0,9.999999998357677e-07,0.0,2.2334990443366243,4.0,4.0,0,0,4,3,13,16,-9.99999937023599e-10,8.000000001,4.400000000000002,1.7763568394002505e-15,0.9219544457292885,1611.8182937839174,1541.5608365204353,70.25745726348214
2026-08-21,oracle_price_reserve,1572.949024387552,1.7763568394002505e-15,0,358.3133237885023,1214.6357005990508,343.6354659055427,0.00024099999989321552,0.0,119.6632090823261,1796.9210402107697,54.45315248784962,1.723339638941455,1.7233386389414553,0.0,9.999999995569109e-07,0.0,2.027457222284065,4.0,4.0,0,0,4,0,9,13,-9.999999786569624e-10,8.000000001,4.400000000000002,1.7763568394002505e-15,1.4618339463074683,1611.8182937839174,1541.5608365204353,70.25745726348214
2026-08-21,perfect_quarter_price,1514.4389713992086,-1.7763568394002505e-15,0,327.1589713992089,1187.2799999999997,146.9781778522222,0.00012677000001969885,0.0,49.59872869751343,1611.8182937839174,32.0,0.7653333333333333,0.7653323333333332,0.0,1.0000000001553905e-06,0.0,0.9003909803921565,4.0,4.0,1,0,0,0,1,1,-1.000000006412538e-09,8.000000001,4.399999999999999,-1.7763568394002505e-15,1.4618339463074685,1611.8182937839174,1541.5608365204353,70.25745726348214
2026-08-22,B2_F01,1811.9008580432428,0.0,0,1077.7893630041197,268.4741634535237,386.3763944331474,0.0003076799999261179,0.0,30.35909849700771,1702.2805147137833,33.59619692846209,2.431607326821335,2.431606326821335,0.0,9.999999997598735e-07,0.0,2.860713326756811,4.0,4.0,0,0,0,1,21,21,-2.233456475320139e-16,8.000000002,4.400000001,1.000000082740371e-09,0.9219544457292888,1614.170514820396,1584.5021172285644,29.668397591831532
2026-08-22,B2_F08,1223.0254990465291,1.7763568394002505e-15,0,1021.0336569206137,364.11822749056523,466.6336195932944,0.0001230100001232481,0.0,40.86761424310162,1810.9177667513716,59.94714612141944,2.9704079072364324,2.9704069072364314,0.0,1.0000000010019355e-06,0.0,3.494596361454625,4.0,4.0,1,0,4,2,16,20,-9.999998884513417e-10,8.000000001,4.400000000000002,1.7763568394002505e-15,0.9219544457292888,1614.170514820396,1584.5021172285644,29.668397591831532
2026-08-22,oracle_price_reserve,1572.742389017725,-8.881784197001252e-16,0,1086.5653609987603,486.17702801896496,507.5373129977257,1.9000000009882206e-05,0.0,28.544585212112707,2051.735097803338,58.890546560210566,3.2700798746091904,3.2700788746091902,0.0,1.000000000520116e-06,0.0,3.847151617187283,4.0,4.0,1,0,3,2,15,18,-1.000000082740371e-09,8.000000001,4.4,0.0,1.0282044457292887,1614.170514820396,1584.5021172285644,29.668397591831532
2026-08-22,perfect_quarter_price,1521.292182022719,-8.881784197001252e-16,0,1097.252182022719,424.03999999999996,115.38340548222224,0.00014311999999281906,0.0,22.50492956454503,1614.170514820396,12.0,0.7582222222222222,0.7582212222222223,0.0,9.999999999498257e-07,0.0,0.8920249651509549,4.0,4.0,0,0,0,0,1,1,-9.999999994736442e-10,7.999999999,4.3999999979999975,-2.000002830016001e-09,1.3469544457292888,1614.170514820396,1584.5021172285644,29.668397591831532
2026-08-23,B2_F01,2102.5346958870196,-8.881784197001252e-16,7,992.3613513610378,215.37280592350527,207.87107160769455,9.559000000043761e-05,0.0,88.34909282002434,1327.2560404822134,16.68096399537456,0.8254238353345624,0.8254228353345624,0.0,1.000000000004578e-06,0.0,0.9710856875442435,4.0,4.0,1,0,0,2,4,11,0.0,7.999999999999999,4.3999999989999985,-1.0000018590972104e-09,2.4911682588485924,1887.44111146372,1861.6022714772205,25.838839986499124
2026-08-23,B2_F08,1230.271102333148,1.7763568394002505e-15,0,1004.4557072424334,366.16094271846777,1129.1472356665658,0.0001637399999933467,0.0,49.78950727917764,2449.9742146082895,59.947146121419436,6.5101209021472854,6.510119902147284,0.0,9.999999999593667e-07,0.0,7.658964590761514,4.0,4.0,0,0,4,0,12,16,-9.99999943962493e-10,8.000000001000002,4.400000000000006,5.329070518200751e-15,0.9219544457292889,1887.44111146372,1861.6022714772205,25.838839986499124
2026-08-23,oracle_price_reserve,1607.6969786648865,0.0,0,1111.4526409185826,496.2443377463038,551.3271369816327,0.0002521500000212479,0.0,26.938147306719465,2132.0857161897993,50.011931474492954,4.167890291003149,4.167889291003148,0.0,1.0000000000842668e-06,0.0,4.903399165886057,4.000000000000001,4.0,1,0,7,1,10,17,-1.000000006412538e-09,8.000000001,4.4,0.0,1.0318971802825259,1887.44111146372,1861.6022714772205,25.838839986499124
2026-08-23,perfect_quarter_price,1585.806333977652,-4.440892098500626e-15,0,1128.166333977652,457.64,326.6876764555557,0.0001990999999670423,0.0,25.05269986948786,1887.4411114637196,20.0,1.6946666666666665,1.6946656666666668,0.0,9.999999998344666e-07,0.0,1.9937243137254903,4.0,4.0,0,0,0,0,6,6,-9.999999925347502e-10,8.000000001,4.399999999999996,-4.440892098500626e-15,2.009454445729289,1887.44111146372,1861.6022714772205,25.838839986499124
2026-08-24,B2_F01,1699.4429501280797,-8.881784197001252e-16,0,1162.143918681379,271.8700012926206,193.0502313717313,0.00019958000003966826,0.0,140.3376161278827,1486.7263356378483,33.2,0.9393763668455022,0.9393753668455019,0.0,1.0000000001987586e-06,0.0,1.105147489321821,4.000000000000001,4.000000000000001,1,0,1,2,9,10,-9.999999300847051e-10,8.000000001,4.399999998999999,-1.0000009709187907e-09,1.3439088914585775,1665.0409739606887,1524.7580186313526,140.28295532933612
2026-08-24,B2_F08,1388.0362590972961,1.7763568394002505e-15,0,853.3657714714359,542.5230112428922,315.0118520265467,0.00024353999995884105,0.0,213.7768823407329,1497.1235088601418,59.94714612141944,1.583796024527005,1.5837950245270054,0.0,9.999999998309972e-07,0.0,1.863288264149418,4.0,4.0,0,0,4,0,10,13,-9.999999092680234e-10,8.000000001,4.400000000000002,1.7763568394002505e-15,0.9219544457292888,1665.0409739606887,1524.7580186313526,140.28295532933612
2026-08-24,oracle_price_reserve,1716.521488535909,-2.6645352591003757e-15,0,1169.9284572068987,546.5930313290105,200.32946424121863,0.0002512399998983756,0.0,126.18269227310813,1790.6680092640197,50.19229400893585,1.0701906310494387,1.070189631049439,0.0,9.999999995955085e-07,0.0,1.259046624764046,4.0,4.0,0,0,4,2,10,15,-9.999999162069173e-10,8.000000001,4.399999999999998,-2.6645352591003757e-15,1.4430839463074687,1665.0409739606887,1524.7580186313526,140.28295532933612
2026-08-24,perfect_quarter_price,1616.913695254557,-8.881784197001252e-16,0,1078.3136952545574,538.6,111.77699529666668,0.00016261999997956928,0.0,63.64955397053515,1665.0409739606887,28.0,0.5853333333333334,0.5853323333333335,0.0,9.999999998743653e-07,0.0,0.688626274509804,4.0,4.0,0,0,0,1,3,4,0.0,8.000000001,4.3999999999999995,-8.881784197001252e-16,1.3368339463074688,1665.0409739606887,1524.7580186313526,140.28295532933612
2026-08-27,B2_F01,1500.2457020306392,1.7763568394002505e-15,0,1099.1972711476024,924.451121010124,753.250943463491,-3.3559715041262677,0.0,-80.91011954266833,2861.165426668012,55.94714612141944,5.163798474648786,4.828196524236157,0.16629637222606664,0.16930557818656275,0.0,5.680231204983713,4.0,4.0,2,0,3,2,6,10,-9.999999717180685e-10,8.000000001,4.400000000000001,8.881784197001252e-16,0.9219544457292888,2443.495163955243,2379.1515256822986,64.34363827294419
2026-08-27,B2_F08,1113.651356186402,0.0,0,1125.119434853924,938.2951688949072,749.748585100399,9.507999993082133e-05,0.0,-16.906053192896998,2830.0691469621274,63.94714612141944,4.339196244351498,4.339195244351499,0.0,9.999999992724162e-07,0.0,5.10493558159,4.0,4.0,0,0,3,3,6,11,-9.999999994736442e-10,8.000000001,4.400000000000001,8.881784197001252e-16,0.9219544457292889,2443.495163955243,2379.1515256822986,64.34363827294419
2026-08-27,oracle_price_reserve,2148.2161012976553,-1.7763568394002505e-15,0,1214.5640272314654,933.6520740661906,685.7557069248438,0.00014629999997172184,0.0,-39.547056110149995,2873.5187180326498,59.636238401467764,3.910671991016409,3.910670991016409,0.0,9.99999999806711e-07,0.0,4.600789401195777,4.0,4.0,0,0,4,0,5,9,-9.999999994736442e-10,8.000000001,4.399999999999999,-1.7763568394002505e-15,1.3773795005781801,2443.495163955243,2379.1515256822986,64.34363827294419
2026-08-27,perfect_quarter_price,2083.7180316610984,-3.552713678800501e-15,0,1224.8780316610985,858.84,304.5444093633334,7.999999998453688e-06,0.0,-55.23273093081097,2443.495163955243,12.0,1.5586666666666669,1.558665666666667,0.0,9.99999999806711e-07,0.0,1.8337243126408342,4.0,4.0,0,0,0,0,1,1,0.0,8.0,4.399999998999993,-1.0000071881677286e-09,1.6555839463074684,2443.495163955243,2379.1515256822986,64.34363827294419
2026-08-28,B2_F01,1244.837384690233,8.881784197001252e-16,0,336.28306276930164,372.72846343732965,1282.8656056261243,17.18913777777774,0.0,378.6599721164309,1596.028021938547,44.6708873250985,5.943035022167974,5.874589577723527,0.06844444444444431,1.0000000023047129e-06,0.0,6.911281856145326,4.0,4.0,2,0,4,0,13,17,-1.0000010819410932e-09,8.000000001,4.4,0.0,1.3368339463074685,852.4010839178845,825.8210972219118,26.579986695972707
2026-08-28,B2_F08,1386.7867753927844,8.881784197001252e-16,0,371.3593124623594,491.238984858204,1580.916440943259,17.18913777777774,0.0,863.2741322776309,1563.0514682084136,56.0989974418925,7.813880425079355,7.745434980634911,0.06844444444444431,9.999999996401776e-07,0.0,9.112276447805776,4.0,4.0,1,0,7,0,18,25,-9.999990835396488e-10,8.000000001000002,4.3999999999999995,-8.881784197001252e-16,1.3368339463074685,852.4010839178845,825.8210972219118,26.579986695972707
2026-08-28,oracle_price_reserve,913.7822187880697,-3.552713678800501e-15,0,416.5511858032771,497.23103298479236,2304.0175501357207,29.164630404199947,0.0,1133.7442862246276,2054.8908522949623,52.95076267900117,9.32262509343917,9.171817895744843,0.06844444444444431,0.08236275324988335,0.0,10.79037399173997,4.0,4.000000000000001,3,0,0,7,14,15,-1.9999993883246248e-09,8.0,4.399999996999993,-3.0000073536484706e-09,1.4430839463074685,852.4010839178845,825.8210972219118,26.579986695972707
2026-08-28,perfect_quarter_price,846.4997113231832,-1.7763568394002505e-15,0,422.4997113231831,424.0,11.128767133333334,0.00019396000000153986,0.0,5.227200578631819,852.4010839178845,8.0,0.07377777777777778,0.07377677777777777,0.0,1.000000000007939e-06,0.0,0.08679620806567351,4.0,4.0,1,0,0,1,1,2,0.0,8.0,4.399999998999998,-1.00000274727563e-09,1.4689088914585775,852.4010839178845,825.8210972219118,26.579986695972707
