delivery_day,hour,target,forecast,actual
2026-01-28,0,day_ahead_price,98.22564295247291,96.76499925
2026-01-28,1,day_ahead_price,95.35084362545636,97.2624985
2026-01-28,2,day_ahead_price,92.88168878193997,97.254999
2026-01-28,3,day_ahead_price,91.98692884294441,97.67500100000001
2026-01-28,4,day_ahead_price,91.04131969406785,97.21749875
2026-01-28,5,day_ahead_price,94.71428176218699,98.28999925
2026-01-28,6,day_ahead_price,99.94321946330587,109.0324975
2026-01-28,7,day_ahead_price,116.95418636868308,138.39249974999998
2026-01-28,8,day_ahead_price,143.9839554361747,171.02000049999998
2026-01-28,9,day_ahead_price,135.93288444090015,172.5600015
2026-01-28,10,day_ahead_price,119.41846360471884,171.1174965
2026-01-28,11,day_ahead_price,108.83045711369085,162.42750175
2026-01-28,12,day_ahead_price,105.11192070329186,152.1375005
2026-01-28,13,day_ahead_price,101.99867978641038,142.012497
2026-01-28,14,day_ahead_price,106.71088144464275,134.42000175
2026-01-28,15,day_ahead_price,111.0834747268443,137.02749649999998
2026-01-28,16,day_ahead_price,116.89582148873215,146.47999950000002
2026-01-28,17,day_ahead_price,128.16959352162183,162.0374985
2026-01-28,18,day_ahead_price,136.64660125897888,170.0550005
2026-01-28,19,day_ahead_price,128.5235736840854,153.82000325
2026-01-28,20,day_ahead_price,117.52188950089231,133.8449955
2026-01-28,21,day_ahead_price,105.18348057696502,117.35000025000001
2026-01-28,22,day_ahead_price,100.43289973351456,111.27249900000001
2026-01-28,23,day_ahead_price,90.67641752583407,105.73499875
2026-01-29,0,day_ahead_price,98.61502419567971,104.55000125
2026-01-29,1,day_ahead_price,95.60512250319914,104.0
2026-01-29,2,day_ahead_price,92.41270746478808,101.88000075
2026-01-29,3,day_ahead_price,90.43045595739747,100.022501
2026-01-29,4,day_ahead_price,89.23209682989004,100.93250075
2026-01-29,5,day_ahead_price,95.0765111456408,104.3900015
2026-01-29,6,day_ahead_price,98.56371330416924,111.62499975
2026-01-29,7,day_ahead_price,114.95991141898647,133.86750025
2026-01-29,8,day_ahead_price,126.23816073009685,157.29000100000002
2026-01-29,9,day_ahead_price,133.31409740987996,158.31000125
2026-01-29,10,day_ahead_price,118.44943197549384,147.699997
2026-01-29,11,day_ahead_price,106.03737329665925,138.4124985
2026-01-29,12,day_ahead_price,101.34651868906096,130.24500075
2026-01-29,13,day_ahead_price,96.80415899810792,128.45500149999998
2026-01-29,14,day_ahead_price,99.7885352660663,129.2525005
2026-01-29,15,day_ahead_price,101.9418334780273,129.994999
2026-01-29,16,day_ahead_price,117.45398590053048,142.49249675
2026-01-29,17,day_ahead_price,129.75187718139065,130.249996
2026-01-29,18,day_ahead_price,139.89499509464332,138.0
2026-01-29,19,day_ahead_price,136.47701904108501,126.91
2026-01-29,20,day_ahead_price,120.36204986752233,117.2800005
2026-01-29,21,day_ahead_price,100.80644747570501,111.084999
2026-01-29,22,day_ahead_price,97.1466759657489,106.5925005
2026-01-29,23,day_ahead_price,87.97250770508411,98.77750025
2026-01-30,0,day_ahead_price,100.84840161840003,98.66999975
2026-01-30,1,day_ahead_price,97.40198749477612,95.51749975
2026-01-30,2,day_ahead_price,96.16665982784684,94.4500005
2026-01-30,3,day_ahead_price,94.75406167889649,89.8150005
2026-01-30,4,day_ahead_price,92.27618932947203,86.98999975
2026-01-30,5,day_ahead_price,94.80298471617616,85.16250025
2026-01-30,6,day_ahead_price,103.53236623478013,92.397501
2026-01-30,7,day_ahead_price,122.65673325093394,109.9000015
2026-01-30,8,day_ahead_price,145.43962546454398,126.99499875
2026-01-30,9,day_ahead_price,140.96586504750746,124.78000275
2026-01-30,10,day_ahead_price,122.47019469699651,121.5699995
2026-01-30,11,day_ahead_price,113.7824779030944,107.994999
2026-01-30,12,day_ahead_price,106.33097878795844,101.94749825
2026-01-30,13,day_ahead_price,105.65480119891758,100.722498
2026-01-30,14,day_ahead_price,110.53422092427202,98.02000025
2026-01-30,15,day_ahead_price,118.95945765602022,98.28249925
2026-01-30,16,day_ahead_price,125.81935436488516,102.89250200000001
2026-01-30,17,day_ahead_price,135.5914043453783,107.00749975
2026-01-30,18,day_ahead_price,136.72485469049766,105.3600005
2026-01-30,19,day_ahead_price,133.44929771781148,86.14999975
2026-01-30,20,day_ahead_price,123.06105742724174,87.68249875000001
2026-01-30,21,day_ahead_price,111.20054861936035,85.9300005
2026-01-30,22,day_ahead_price,101.69060249511786,80.17249875
2026-01-30,23,day_ahead_price,90.41038460561491,83.460003
2026-01-31,0,day_ahead_price,81.00107947601813,95.00000025
2026-01-31,1,day_ahead_price,79.76470168200692,92.965
2026-01-31,2,day_ahead_price,77.72368885469041,86.7474995
2026-01-31,3,day_ahead_price,76.11552072235621,82.33000200000001
2026-01-31,4,day_ahead_price,73.10008789302633,80.49000175
2026-01-31,5,day_ahead_price,76.39011969829973,82.1399995
2026-01-31,6,day_ahead_price,88.4602056235805,81.74500075
2026-01-31,7,day_ahead_price,94.7653374111133,83.59749975
2026-01-31,8,day_ahead_price,106.74883962782351,87.79750075
2026-01-31,9,day_ahead_price,108.89461886537242,96.02249925
2026-01-31,10,day_ahead_price,107.86013750748734,91.13500025
2026-01-31,11,day_ahead_price,93.3440143725926,92.92499725
2026-01-31,12,day_ahead_price,89.1635774404886,91.915001
2026-01-31,13,day_ahead_price,93.49628894303557,92.06249825
2026-01-31,14,day_ahead_price,93.82703257213431,91.3999995
2026-01-31,15,day_ahead_price,103.08104439764041,96.09499925
2026-01-31,16,day_ahead_price,105.6731233542214,96.02249925000001
2026-01-31,17,day_ahead_price,109.93421356094177,89.26249899999999
2026-01-31,18,day_ahead_price,115.05219405230122,84.2874985
2026-01-31,19,day_ahead_price,96.4925835133099,84.130001
2026-01-31,20,day_ahead_price,93.46470223686126,81.5149995
2026-01-31,21,day_ahead_price,89.89126296037007,81.535
2026-01-31,22,day_ahead_price,83.98276239506998,78.9975015
2026-01-31,23,day_ahead_price,73.95498636413811,87.70000075
2026-02-01,0,day_ahead_price,77.75533869246252,92.99250025
2026-02-01,1,day_ahead_price,81.35609152381335,93.665001
2026-02-01,2,day_ahead_price,86.98011979730249,78.1175005
2026-02-01,3,day_ahead_price,83.5829903151931,87.6875
2026-02-01,4,day_ahead_price,88.31033219086208,88.5799995
2026-02-01,5,day_ahead_price,87.38061818650905,90.4575025
2026-02-01,6,day_ahead_price,87.56142722703356,85.6875
2026-02-01,7,day_ahead_price,89.25883623787134,84.46250175
2026-02-01,8,day_ahead_price,106.47689086385934,91.0299985
2026-02-01,9,day_ahead_price,109.05372461904774,89.61750025
2026-02-01,10,day_ahead_price,100.62520571065757,91.0650005
2026-02-01,11,day_ahead_price,101.97732336360208,90.5999985
2026-02-01,12,day_ahead_price,97.9880498153267,92.2924975
2026-02-01,13,day_ahead_price,90.48316312221259,90.7474995
2026-02-01,14,day_ahead_price,95.14127580733788,94.01750025
2026-02-01,15,day_ahead_price,98.51628764243537,95.78749825
2026-02-01,16,day_ahead_price,95.42556401038276,102.075001
2026-02-01,17,day_ahead_price,105.6734836562895,106.43000025
2026-02-01,18,day_ahead_price,100.76474668699919,103.05249975
2026-02-01,19,day_ahead_price,96.53148489884913,86.01000025
2026-02-01,20,day_ahead_price,83.68027607995656,86.14249975
2026-02-01,21,day_ahead_price,82.42448203786542,91.5699995
2026-02-01,22,day_ahead_price,75.55465890379475,84.94250124999999
2026-02-01,23,day_ahead_price,83.72974892976617,82.05499825
2026-02-02,0,day_ahead_price,83.24158650715309,84.370001
2026-02-02,1,day_ahead_price,80.65716056373702,83.65999975
2026-02-02,2,day_ahead_price,78.63625395703389,85.99250025
2026-02-02,3,day_ahead_price,78.12448686836882,86.76000024999999
2026-02-02,4,day_ahead_price,77.53596103571567,84.1525
2026-02-02,5,day_ahead_price,81.67838945041134,86.58
2026-02-02,6,day_ahead_price,86.90618273946646,96.9575005
2026-02-02,7,day_ahead_price,92.82859378465604,117.67250050000001
2026-02-02,8,day_ahead_price,94.45795777936596,126.0
2026-02-02,9,day_ahead_price,101.55055075447987,121.994999
2026-02-02,10,day_ahead_price,94.6352423765205,118.48749925
2026-02-02,11,day_ahead_price,94.62542896721448,112.65999975
2026-02-02,12,day_ahead_price,98.23563278684172,107.9375
2026-02-02,13,day_ahead_price,95.67034109942922,103.90999975
2026-02-02,14,day_ahead_price,97.82326312547085,102.9025
2026-02-02,15,day_ahead_price,98.42714547718448,99.99999775
2026-02-02,16,day_ahead_price,107.20628345687258,103.01
2026-02-02,17,day_ahead_price,110.37318081829606,113.9050005
2026-02-02,18,day_ahead_price,105.15353005732227,112.98999975000001
2026-02-02,19,day_ahead_price,92.99593072621812,104.687498
2026-02-02,20,day_ahead_price,94.37104412905381,102.205
2026-02-02,21,day_ahead_price,94.46577279838606,99.00250075
2026-02-02,22,day_ahead_price,90.95640803529696,95.56749925
2026-02-02,23,day_ahead_price,88.89381887479806,88.93499925
2026-02-03,0,day_ahead_price,92.71821905525938,84.200001
2026-02-03,1,day_ahead_price,87.95706491848014,88.574997
2026-02-03,2,day_ahead_price,88.33269102801731,83.8724995
2026-02-03,3,day_ahead_price,90.03271271104872,77.50000025
2026-02-03,4,day_ahead_price,88.65539957099736,73.370001
2026-02-03,5,day_ahead_price,89.72852770608583,73.6549985
2026-02-03,6,day_ahead_price,90.9319827303694,89.60250075
2026-02-03,7,day_ahead_price,100.85715069322835,98.72749875
2026-02-03,8,day_ahead_price,124.68800098604933,107.87000075
2026-02-03,9,day_ahead_price,123.38659583242797,102.8600005
2026-02-03,10,day_ahead_price,115.70059289042402,96.139999
2026-02-03,11,day_ahead_price,112.38067935945001,81.9400005
2026-02-03,12,day_ahead_price,111.24172751881612,83.36749825
2026-02-03,13,day_ahead_price,108.14386744785548,85.4800015
2026-02-03,14,day_ahead_price,109.6901061044622,92.07249825
2026-02-03,15,day_ahead_price,102.79410835649182,99.99250225
2026-02-03,16,day_ahead_price,113.4912035123429,106.48250025
2026-02-03,17,day_ahead_price,125.02145985236699,118.295
2026-02-03,18,day_ahead_price,127.57273516486863,118.61249925
2026-02-03,19,day_ahead_price,111.71431872335597,110.88999925
2026-02-03,20,day_ahead_price,110.35763320324482,104.93
2026-02-03,21,day_ahead_price,97.93359967202062,101.30250175
2026-02-03,22,day_ahead_price,100.22557070663036,98.5300005
2026-02-03,23,day_ahead_price,95.05167578074402,94.14999775000001
2026-02-04,0,day_ahead_price,93.91143185384,83.2350005
2026-02-04,1,day_ahead_price,91.48579004874148,87.0
2026-02-04,2,day_ahead_price,88.10540552017038,85.42
2026-02-04,3,day_ahead_price,90.54533191204251,80.3549995
2026-02-04,4,day_ahead_price,89.59970171741747,79.72750125
2026-02-04,5,day_ahead_price,88.38918697907954,76.96499825000001
2026-02-04,6,day_ahead_price,96.5858131786414,84.79500025
2026-02-04,7,day_ahead_price,110.43993618636902,92.63749874999999
2026-02-04,8,day_ahead_price,123.04181071203595,113.01000025
2026-02-04,9,day_ahead_price,115.30270322970243,112.99749925
2026-02-04,10,day_ahead_price,98.98297184635736,106.192501
2026-02-04,11,day_ahead_price,95.90256318852387,94.799999
2026-02-04,12,day_ahead_price,95.5002444087291,91.53999875000001
2026-02-04,13,day_ahead_price,97.01135302977475,91.1350005
2026-02-04,14,day_ahead_price,101.39562613064535,90.24250025
2026-02-04,15,day_ahead_price,114.75322520228013,91.25249825
2026-02-04,16,day_ahead_price,117.69903213596112,92.02000050000001
2026-02-04,17,day_ahead_price,127.62559305292102,100.00499925
2026-02-04,18,day_ahead_price,122.43195006635646,102.42999825
2026-02-04,19,day_ahead_price,107.17675779123657,98.4025
2026-02-04,20,day_ahead_price,104.9415879844694,91.182499
2026-02-04,21,day_ahead_price,100.98266418799552,91.24499875000001
2026-02-04,22,day_ahead_price,97.98985329442547,88.499998
2026-02-04,23,day_ahead_price,92.0370491311107,83.63749874999999
2026-02-05,0,day_ahead_price,83.02825096769038,80.1800005
2026-02-05,1,day_ahead_price,80.97990523598898,84.5974995
2026-02-05,2,day_ahead_price,80.70376047918504,81.83249875
2026-02-05,3,day_ahead_price,79.87132865843887,75.36250125000001
2026-02-05,4,day_ahead_price,80.17670937821289,66.70000075
2026-02-05,5,day_ahead_price,85.48929369542152,68.09749875
2026-02-05,6,day_ahead_price,83.65944284927944,69.06000125
2026-02-05,7,day_ahead_price,89.30470573030868,98.2474995
2026-02-05,8,day_ahead_price,97.15432312501027,97.0625
2026-02-05,9,day_ahead_price,104.75595563545338,104.45999900000001
2026-02-05,10,day_ahead_price,98.23579851456716,102.1450005
2026-02-05,11,day_ahead_price,100.61493705108947,100.0349995
2026-02-05,12,day_ahead_price,101.14950462196293,95.7175005
2026-02-05,13,day_ahead_price,98.28741274576987,97.807499
2026-02-05,14,day_ahead_price,102.11785404878147,100.01749975
2026-02-05,15,day_ahead_price,100.03747487320331,102.902502
2026-02-05,16,day_ahead_price,106.36828422754431,114.8125
2026-02-05,17,day_ahead_price,116.58025448789206,123.0424975
2026-02-05,18,day_ahead_price,119.27679056348292,131.18500125
2026-02-05,19,day_ahead_price,109.45290073603731,122.78750025
2026-02-05,20,day_ahead_price,99.00429916937408,114.5199985
2026-02-05,21,day_ahead_price,98.2759908535884,105.62750075
2026-02-05,22,day_ahead_price,93.51273775060739,103.40000175
2026-02-05,23,day_ahead_price,86.55954471827914,97.46750075
2026-02-06,0,day_ahead_price,92.88614785876098,97.66749974999999
2026-02-06,1,day_ahead_price,90.34546062365426,99.12749875
2026-02-06,2,day_ahead_price,89.80945153097636,98.08749975
2026-02-06,3,day_ahead_price,87.74695009659276,98.22750125
2026-02-06,4,day_ahead_price,87.11279303194911,91.11999925
2026-02-06,5,day_ahead_price,91.12374579400739,96.209999
2026-02-06,6,day_ahead_price,88.84525346845263,104.81750075000001
2026-02-06,7,day_ahead_price,102.33327837231997,114.2350005
2026-02-06,8,day_ahead_price,111.65291223001985,137.1274985
2026-02-06,9,day_ahead_price,115.7702630736383,137.36750025
2026-02-06,10,day_ahead_price,111.63104994301789,139.892498
2026-02-06,11,day_ahead_price,110.02535009614556,136.20000075000002
2026-02-06,12,day_ahead_price,102.89955562123666,130.8999995
2026-02-06,13,day_ahead_price,104.55478401947747,130.6950015
2026-02-06,14,day_ahead_price,108.78109702887417,122.2325
2026-02-06,15,day_ahead_price,116.59497319073455,112.16749775
2026-02-06,16,day_ahead_price,121.27942645281954,124.74499700000001
2026-02-06,17,day_ahead_price,135.7211371975739,132.0324995
2026-02-06,18,day_ahead_price,129.2071536820647,129.63249775
2026-02-06,19,day_ahead_price,121.57890707734761,116.3549995
2026-02-06,20,day_ahead_price,111.76327272365177,109.625
2026-02-06,21,day_ahead_price,105.96483064131785,107.380001
2026-02-06,22,day_ahead_price,97.01001592786135,105.62499825
2026-02-06,23,day_ahead_price,88.87628017854995,101.7124995
2026-02-07,0,day_ahead_price,98.2603213694404,101.4924985
2026-02-07,1,day_ahead_price,92.3951311725144,99.99999825
2026-02-07,2,day_ahead_price,91.1991511715173,98.0424995
2026-02-07,3,day_ahead_price,92.98863296820517,96.8849985
2026-02-07,4,day_ahead_price,90.13423963056924,96.3950005
2026-02-07,5,day_ahead_price,88.04976622918174,96.7249985
2026-02-07,6,day_ahead_price,92.57898732417216,96.4750005
2026-02-07,7,day_ahead_price,102.42628861744782,103.03249925
2026-02-07,8,day_ahead_price,108.75542206944897,106.47500025
2026-02-07,9,day_ahead_price,115.54194171048961,113.05500025
2026-02-07,10,day_ahead_price,115.88809271904313,109.80000125
2026-02-07,11,day_ahead_price,111.45656454129482,104.532499
2026-02-07,12,day_ahead_price,103.74185552163542,100.15750125
2026-02-07,13,day_ahead_price,100.29967363413803,97.46750075
2026-02-07,14,day_ahead_price,103.48607194710208,99.9675005
2026-02-07,15,day_ahead_price,113.56173741469996,106.33249875
2026-02-07,16,day_ahead_price,120.89743321807319,117.965
2026-02-07,17,day_ahead_price,124.06697868550796,126.75250425000002
2026-02-07,18,day_ahead_price,138.10276052006554,132.92750175
2026-02-07,19,day_ahead_price,116.0843800691916,123.880001
2026-02-07,20,day_ahead_price,112.37884944609333,110.79249974999999
2026-02-07,21,day_ahead_price,101.76147558420139,103.8325005
2026-02-07,22,day_ahead_price,99.03809613490367,103.30249775
2026-02-07,23,day_ahead_price,95.28161908725276,97.9974995
2026-02-08,0,day_ahead_price,99.21609088276483,102.03499975
2026-02-08,1,day_ahead_price,97.91954602334239,99.045
2026-02-08,2,day_ahead_price,94.32267253127493,97.56749925
2026-02-08,3,day_ahead_price,93.10889201534381,96.424999
2026-02-08,4,day_ahead_price,88.26017458394257,94.86000075
2026-02-08,5,day_ahead_price,91.76257336764752,95.57499899999999
2026-02-08,6,day_ahead_price,97.08463280100278,94.40000175
2026-02-08,7,day_ahead_price,106.92742718687492,95.487499
2026-02-08,8,day_ahead_price,118.60494322795216,98.4225005
2026-02-08,9,day_ahead_price,115.4657487658319,100.3100015
2026-02-08,10,day_ahead_price,112.68198870271283,102.64500075
2026-02-08,11,day_ahead_price,106.6072826330646,99.59999825
2026-02-08,12,day_ahead_price,99.85964888889461,96.57250025
2026-02-08,13,day_ahead_price,100.74003262183751,95.4500005
2026-02-08,14,day_ahead_price,102.83093034631258,97.21999925
2026-02-08,15,day_ahead_price,115.43286912081734,103.3224985
2026-02-08,16,day_ahead_price,120.4845655239604,111.78499775
2026-02-08,17,day_ahead_price,128.74698277846545,127.53250125
2026-02-08,18,day_ahead_price,129.08349120493958,131.2174985
2026-02-08,19,day_ahead_price,124.61418347579682,126.90500075
2026-02-08,20,day_ahead_price,98.7134711501697,113.28250125
2026-02-08,21,day_ahead_price,94.36340962711655,107.6274985
2026-02-08,22,day_ahead_price,91.17907560400951,105.1399995
2026-02-08,23,day_ahead_price,89.15997932609292,99.98249825
2026-02-09,0,day_ahead_price,99.61234285292251,96.80500025
2026-02-09,1,day_ahead_price,98.3588421515358,95.522501
2026-02-09,2,day_ahead_price,95.65233261993048,95.76999825
2026-02-09,3,day_ahead_price,95.61793198320296,95.5375005
2026-02-09,4,day_ahead_price,94.70074243711954,96.61750025
2026-02-09,5,day_ahead_price,96.5529610044571,104.7474995
2026-02-09,6,day_ahead_price,101.33792459165431,131.6100025
2026-02-09,7,day_ahead_price,113.76914764244405,158.64249825000002
2026-02-09,8,day_ahead_price,123.52239509605018,182.824997
2026-02-09,9,day_ahead_price,125.9998549836312,169.30249799999999
2026-02-09,10,day_ahead_price,125.32182869208569,157.45249975000002
2026-02-09,11,day_ahead_price,117.0933493399378,144.50250225
2026-02-09,12,day_ahead_price,110.77461064958351,137.3224985
2026-02-09,13,day_ahead_price,107.75196045435142,135.307499
2026-02-09,14,day_ahead_price,111.92411923070834,137.90750125
2026-02-09,15,day_ahead_price,115.40211365692424,149.4649965
2026-02-09,16,day_ahead_price,119.57572475299692,170.2225035
2026-02-09,17,day_ahead_price,129.59082253263662,229.24500275
2026-02-09,18,day_ahead_price,128.0583422546784,184.40250025
2026-02-09,19,day_ahead_price,123.85498034978644,167.09500475
2026-02-09,20,day_ahead_price,112.71331582936142,144.51500325
2026-02-09,21,day_ahead_price,102.80376702368079,134.70000075
2026-02-09,22,day_ahead_price,101.94795821294245,122.98999975000001
2026-02-09,23,day_ahead_price,91.00606540885231,108.9224985
2026-02-10,0,day_ahead_price,100.54319372482576,104.64750125
2026-02-10,1,day_ahead_price,98.24885833517358,103.7474995
2026-02-10,2,day_ahead_price,96.26257428129745,102.75
2026-02-10,3,day_ahead_price,96.26685100520376,102.4375
2026-02-10,4,day_ahead_price,95.15727923089531,102.43999875
2026-02-10,5,day_ahead_price,97.79652008425855,105.4349995
2026-02-10,6,day_ahead_price,107.25565793467105,119.9349995
2026-02-10,7,day_ahead_price,126.0933248394766,139.402502
2026-02-10,8,day_ahead_price,148.00833978883574,149.79749700000002
2026-02-10,9,day_ahead_price,149.84863894345133,138.19749825
2026-02-10,10,day_ahead_price,134.1225840263877,133.71249975
2026-02-10,11,day_ahead_price,125.70623677708788,123.57000125
2026-02-10,12,day_ahead_price,115.21999798341967,114.05250175
2026-02-10,13,day_ahead_price,115.49198249818446,112.21250175
2026-02-10,14,day_ahead_price,116.89560325587533,118.02250125
2026-02-10,15,day_ahead_price,120.70361009268737,130.1950015
2026-02-10,16,day_ahead_price,122.77609968549888,131.14499849999999
2026-02-10,17,day_ahead_price,135.41733398590426,138.65999975
2026-02-10,18,day_ahead_price,140.31634000990795,136.0424995
2026-02-10,19,day_ahead_price,131.89211495258778,121.89250200000001
2026-02-10,20,day_ahead_price,121.83220371714445,111.27499975
2026-02-10,21,day_ahead_price,108.69000706690596,108.13499825
2026-02-10,22,day_ahead_price,106.53692645192703,106.69499975
2026-02-10,23,day_ahead_price,99.29080708821527,100.53000075
2026-02-11,0,day_ahead_price,101.4058193022035,96.78750025
2026-02-11,1,day_ahead_price,99.22210120397197,96.62999925
2026-02-11,2,day_ahead_price,95.94788291681435,95.762499
2026-02-11,3,day_ahead_price,94.00956772950279,94.83
2026-02-11,4,day_ahead_price,93.4711112801542,94.96999925
2026-02-11,5,day_ahead_price,97.10964878867149,99.2775
2026-02-11,6,day_ahead_price,98.94720770364619,110.65250025
2026-02-11,7,day_ahead_price,120.52639962852152,129.23249825
2026-02-11,8,day_ahead_price,139.58842754931493,137.20999925
2026-02-11,9,day_ahead_price,134.38525740326716,132.0774995
2026-02-11,10,day_ahead_price,125.98045840088005,128.307501
2026-02-11,11,day_ahead_price,114.19097303477012,125.95499975
2026-02-11,12,day_ahead_price,106.18252983368264,115.880001
2026-02-11,13,day_ahead_price,107.82782219902298,117.3475
2026-02-11,14,day_ahead_price,110.86599404181503,116.70750050000001
2026-02-11,15,day_ahead_price,112.10247934964626,118.1900005
2026-02-11,16,day_ahead_price,116.89969311020836,123.02000075000001
2026-02-11,17,day_ahead_price,125.7992916982285,127.9124965
2026-02-11,18,day_ahead_price,128.02391305466168,125.48000175
2026-02-11,19,day_ahead_price,117.60743083481225,112.03750025
2026-02-11,20,day_ahead_price,105.13066922083055,105.46999925
2026-02-11,21,day_ahead_price,98.1883406316966,104.70249925
2026-02-11,22,day_ahead_price,94.12832728781771,102.174999
2026-02-11,23,day_ahead_price,91.46851136504176,95.31250025
2026-02-12,0,day_ahead_price,93.05602285687195,88.72999949999999
2026-02-12,1,day_ahead_price,95.83781718454601,87.98249824999999
2026-02-12,2,day_ahead_price,94.40024626685545,86.51499749999999
2026-02-12,3,day_ahead_price,94.13077772202648,84.642498
2026-02-12,4,day_ahead_price,91.90486357794093,85.73749925
2026-02-12,5,day_ahead_price,93.64012485672397,89.23000175
2026-02-12,6,day_ahead_price,96.65755602001074,90.78750025
2026-02-12,7,day_ahead_price,107.1800373994703,99.500002
2026-02-12,8,day_ahead_price,117.27113226086057,89.4299985
2026-02-12,9,day_ahead_price,119.40195982084427,95.96749875
2026-02-12,10,day_ahead_price,109.68949749558197,101.2199995
2026-02-12,11,day_ahead_price,101.41263064994429,103.98750100000001
2026-02-12,12,day_ahead_price,100.45146747095725,104.51499925
2026-02-12,13,day_ahead_price,95.45842179285701,103.0525015
2026-02-12,14,day_ahead_price,99.46677855503047,104.01750200000001
2026-02-12,15,day_ahead_price,111.87932299635274,105.0825005
2026-02-12,16,day_ahead_price,119.25234457273588,108.98750125000001
2026-02-12,17,day_ahead_price,127.08060842664223,120.69999849999999
2026-02-12,18,day_ahead_price,120.75742539587392,125.00250075
2026-02-12,19,day_ahead_price,113.79930134472372,111.42499925
2026-02-12,20,day_ahead_price,104.70236351627817,105.32750125
2026-02-12,21,day_ahead_price,94.78768281427695,99.9375
2026-02-12,22,day_ahead_price,95.53444455629462,96.75250075
2026-02-12,23,day_ahead_price,91.81250934568665,89.6000005
2026-02-13,0,day_ahead_price,87.6788188875379,84.3275015
2026-02-13,1,day_ahead_price,89.44906783386479,84.07000175
2026-02-13,2,day_ahead_price,83.15359423948823,85.2525025
2026-02-13,3,day_ahead_price,85.30534440330744,84.05499825
2026-02-13,4,day_ahead_price,85.92262045136154,83.779999
2026-02-13,5,day_ahead_price,84.74124690797571,87.6225015
2026-02-13,6,day_ahead_price,92.36984175840863,99.22749925
2026-02-13,7,day_ahead_price,113.11256771270773,118.30500025
2026-02-13,8,day_ahead_price,128.2259970787426,125.404999
2026-02-13,9,day_ahead_price,121.30729332088163,121.067499
2026-02-13,10,day_ahead_price,113.52729352504896,108.469999
2026-02-13,11,day_ahead_price,108.31110048119442,102.8125
2026-02-13,12,day_ahead_price,100.31090075201597,97.30000125000001
2026-02-13,13,day_ahead_price,105.5695116159644,97.49500075
2026-02-13,14,day_ahead_price,102.09945707970077,102.08999800000001
2026-02-13,15,day_ahead_price,109.0205994580081,119.15500075
2026-02-13,16,day_ahead_price,113.17611519943162,127.7075005
2026-02-13,17,day_ahead_price,119.32262023486533,134.6
2026-02-13,18,day_ahead_price,120.24290992924222,137.23249825
2026-02-13,19,day_ahead_price,109.43983978888292,132.364996
2026-02-13,20,day_ahead_price,102.77740101355533,126.125
2026-02-13,21,day_ahead_price,98.86733753256712,117.67
2026-02-13,22,day_ahead_price,90.45398100651124,110.03750025
2026-02-13,23,day_ahead_price,87.74843630246325,100.98749925
2026-02-14,0,day_ahead_price,95.82460382859661,97.26500125
2026-02-14,1,day_ahead_price,94.40548603689314,92.23750125000001
2026-02-14,2,day_ahead_price,93.27391847165278,89.5074995
2026-02-14,3,day_ahead_price,88.54074788994981,89.09499925
2026-02-14,4,day_ahead_price,91.44444393413045,87.97249975
2026-02-14,5,day_ahead_price,90.595881666337,89.08999825000001
2026-02-14,6,day_ahead_price,103.8481571968617,90.60750025
2026-02-14,7,day_ahead_price,112.47140064281555,93.6425
2026-02-14,8,day_ahead_price,126.94344148844762,102.7924995
2026-02-14,9,day_ahead_price,123.23985678609517,107.48999975
2026-02-14,10,day_ahead_price,130.88990553205173,103.969999
2026-02-14,11,day_ahead_price,119.49016845180212,98.1625005
2026-02-14,12,day_ahead_price,114.47746462492715,95.15999975
2026-02-14,13,day_ahead_price,112.6867284407721,93.9725
2026-02-14,14,day_ahead_price,117.37714996755366,97.11250100000001
2026-02-14,15,day_ahead_price,126.17082575333087,104.97999975
2026-02-14,16,day_ahead_price,129.55323180059625,116.93500125
2026-02-14,17,day_ahead_price,135.87839738430023,126.25999999999999
2026-02-14,18,day_ahead_price,146.90966054721716,131.96249775
2026-02-14,19,day_ahead_price,130.21115017547498,128.7874985
2026-02-14,20,day_ahead_price,120.73262292673415,123.27000025
2026-02-14,21,day_ahead_price,113.60515999815483,117.0775015
2026-02-14,22,day_ahead_price,109.96037029499439,111.2699985
2026-02-14,23,day_ahead_price,102.64956261224556,101.18000025
2026-02-15,0,day_ahead_price,99.16231328139432,101.7775
2026-02-15,1,day_ahead_price,97.28365331556054,99.94750025
2026-02-15,2,day_ahead_price,91.57077750964993,100.75500124999999
2026-02-15,3,day_ahead_price,90.8924340813926,98.02499975
2026-02-15,4,day_ahead_price,89.31124840405144,96.5199985
2026-02-15,5,day_ahead_price,91.95630583060469,94.35499925
2026-02-15,6,day_ahead_price,91.40222992765317,94.16750125
2026-02-15,7,day_ahead_price,95.43488842844945,96.11500175
2026-02-15,8,day_ahead_price,98.7511654096337,96.79999925
2026-02-15,9,day_ahead_price,101.25828711105915,93.0650025
2026-02-15,10,day_ahead_price,105.35580213482326,83.017498
2026-02-15,11,day_ahead_price,109.22020035973155,74.7224995
2026-02-15,12,day_ahead_price,105.95283941817166,67.37000075
2026-02-15,13,day_ahead_price,99.47156397345374,64.40750025
2026-02-15,14,day_ahead_price,109.59664592231724,64.8650005
2026-02-15,15,day_ahead_price,104.14615011197354,71.95250025
2026-02-15,16,day_ahead_price,114.58615941524143,84.204998
2026-02-15,17,day_ahead_price,126.39225976361395,96.38500025
2026-02-15,18,day_ahead_price,130.33839434178907,98.20250125
2026-02-15,19,day_ahead_price,121.07694856576114,83.61250125000001
2026-02-15,20,day_ahead_price,114.33356817460559,71.00249875
2026-02-15,21,day_ahead_price,102.83861286885211,67.2625005
2026-02-15,22,day_ahead_price,104.99236157440973,65.61500050000001
2026-02-15,23,day_ahead_price,97.94453344125917,58.2725
2026-02-16,0,day_ahead_price,57.94812293019679,69.8199995
2026-02-16,1,day_ahead_price,55.065861887090975,65.63249975000001
2026-02-16,2,day_ahead_price,55.73862751384515,65.09499725
2026-02-16,3,day_ahead_price,58.47983653071645,64.41249925
2026-02-16,4,day_ahead_price,53.598843884816475,66.05249975
2026-02-16,5,day_ahead_price,50.297205304231085,69.98500075
2026-02-16,6,day_ahead_price,56.268939866603674,79.32750125
2026-02-16,7,day_ahead_price,69.31963627612261,94.1225015
2026-02-16,8,day_ahead_price,74.0877396836701,101.032501
2026-02-16,9,day_ahead_price,77.28573956295878,104.42499925
2026-02-16,10,day_ahead_price,75.49268788256383,101.539999
2026-02-16,11,day_ahead_price,74.25753634704729,94.86000075
2026-02-16,12,day_ahead_price,69.93888717945809,92.00249875
2026-02-16,13,day_ahead_price,71.8652945404198,94.40250025
2026-02-16,14,day_ahead_price,79.3628424893009,94.7474995
2026-02-16,15,day_ahead_price,84.36831707219862,94.539999
2026-02-16,16,day_ahead_price,87.07076279470826,102.282501
2026-02-16,17,day_ahead_price,96.1843642256705,114.41749974999999
2026-02-16,18,day_ahead_price,92.88795874639204,115.63750250000001
2026-02-16,19,day_ahead_price,88.93212012751695,117.44499775
2026-02-16,20,day_ahead_price,86.30200002981391,103.75499925
2026-02-16,21,day_ahead_price,84.03610553127103,96.1875
2026-02-16,22,day_ahead_price,82.70535445064876,94.3150005
2026-02-16,23,day_ahead_price,81.16914725929881,90.20000075
2026-02-17,0,day_ahead_price,90.50696414331041,87.01749975
2026-02-17,1,day_ahead_price,89.09879205229677,85.10249925
2026-02-17,2,day_ahead_price,86.34124426830724,84.77000025000001
2026-02-17,3,day_ahead_price,85.43222593085187,85.647499
2026-02-17,4,day_ahead_price,87.44373909967094,84.8125
2026-02-17,5,day_ahead_price,89.09363456178528,88.84
2026-02-17,6,day_ahead_price,99.80452551237912,102.459999
2026-02-17,7,day_ahead_price,121.55667320043482,114.3275015
2026-02-17,8,day_ahead_price,140.28431207207643,114.30000125000001
2026-02-17,9,day_ahead_price,130.90807831714073,110.8374995
2026-02-17,10,day_ahead_price,118.14027560291309,102.40000125
2026-02-17,11,day_ahead_price,108.30012619972922,93.05500225
2026-02-17,12,day_ahead_price,108.39593914520208,83.93999875
2026-02-17,13,day_ahead_price,105.38787015675851,82.29249924999999
2026-02-17,14,day_ahead_price,107.25836299283965,82.4174995
2026-02-17,15,day_ahead_price,109.76482559049147,86.3775005
2026-02-17,16,day_ahead_price,121.54123396209383,94.0824985
2026-02-17,17,day_ahead_price,127.71783590938968,110.80500025
2026-02-17,18,day_ahead_price,122.9525068446761,126.97500025
2026-02-17,19,day_ahead_price,114.0203602176454,126.5999985
2026-02-17,20,day_ahead_price,107.72547591754413,111.32500075
2026-02-17,21,day_ahead_price,108.1894874293468,99.95250100000001
2026-02-17,22,day_ahead_price,105.22979445529398,93.2249985
2026-02-17,23,day_ahead_price,99.12225852275498,89.6100005
2026-02-18,0,day_ahead_price,83.06199062878729,95.630001
2026-02-18,1,day_ahead_price,87.06779076659188,93.562502
2026-02-18,2,day_ahead_price,86.26663089677973,93.29249725
2026-02-18,3,day_ahead_price,88.37257901192214,92.675001
2026-02-18,4,day_ahead_price,86.37897327302893,93.41750175
2026-02-18,5,day_ahead_price,90.12840288517164,101.19750025
2026-02-18,6,day_ahead_price,105.43391414964984,122.51250075
2026-02-18,7,day_ahead_price,123.12221572439583,175.744999
2026-02-18,8,day_ahead_price,135.5007370646873,186.09249875
2026-02-18,9,day_ahead_price,126.48612369107961,136.28250125
2026-02-18,10,day_ahead_price,118.72174256209044,118.010002
2026-02-18,11,day_ahead_price,106.05293414898179,107.272499
2026-02-18,12,day_ahead_price,96.15349396298113,102.8274995
2026-02-18,13,day_ahead_price,101.02358884951894,101.66250025
2026-02-18,14,day_ahead_price,101.05872227362003,104.70249925
2026-02-18,15,day_ahead_price,103.56398971152701,114.83749975
2026-02-18,16,day_ahead_price,108.99620521662075,122.472498
2026-02-18,17,day_ahead_price,123.6094037355211,140.4050025
2026-02-18,18,day_ahead_price,132.23290030007013,142.5974995
2026-02-18,19,day_ahead_price,124.33991106845335,120.192499
2026-02-18,20,day_ahead_price,107.82101974164742,103.28750225
2026-02-18,21,day_ahead_price,103.00207350733568,101.022499
2026-02-18,22,day_ahead_price,101.99491675705318,98.557499
2026-02-18,23,day_ahead_price,94.29975559145747,89.86750025
2026-02-19,0,day_ahead_price,88.30528125616458,84.4224985
2026-02-19,1,day_ahead_price,90.24655618486486,82.55500025
2026-02-19,2,day_ahead_price,90.08878301287541,82.59999825
2026-02-19,3,day_ahead_price,88.53882319339661,82.25750175
2026-02-19,4,day_ahead_price,85.98705486942168,80.3999995
2026-02-19,5,day_ahead_price,86.09695847842747,84.94749999999999
2026-02-19,6,day_ahead_price,99.41598686963259,88.80500025
2026-02-19,7,day_ahead_price,104.94086248847664,96.44499975
2026-02-19,8,day_ahead_price,111.02325656187256,107.165001
2026-02-19,9,day_ahead_price,107.80744699316811,109.76500125
2026-02-19,10,day_ahead_price,101.69642239469947,104.15250025
2026-02-19,11,day_ahead_price,98.11111154938177,96.8374995
2026-02-19,12,day_ahead_price,95.61540501419229,92.125002
2026-02-19,13,day_ahead_price,92.69534423776797,90.7299975
2026-02-19,14,day_ahead_price,106.92791338955308,90.6849995
2026-02-19,15,day_ahead_price,107.07727287284186,93.7525005
2026-02-19,16,day_ahead_price,122.3592793784869,98.0650005
2026-02-19,17,day_ahead_price,129.36902772811501,108.8599985
2026-02-19,18,day_ahead_price,131.21331003457152,114.817501
2026-02-19,19,day_ahead_price,125.87012183783202,111.94499975
2026-02-19,20,day_ahead_price,111.14049058782922,101.6274985
2026-02-19,21,day_ahead_price,106.67433519996587,98.66250025
2026-02-19,22,day_ahead_price,99.63861267030893,92.4675005
2026-02-19,23,day_ahead_price,98.68271218152825,85.49749775000001
2026-02-20,0,day_ahead_price,83.12100728617142,86.4249975
2026-02-20,1,day_ahead_price,83.49250144356982,86.22750075
2026-02-20,2,day_ahead_price,79.5059913211944,85.55750075
2026-02-20,3,day_ahead_price,79.68090411669299,84.87999925
2026-02-20,4,day_ahead_price,79.01680416265827,84.41750175
2026-02-20,5,day_ahead_price,76.80354756397475,89.6875
2026-02-20,6,day_ahead_price,82.69380719915021,100.049999
2026-02-20,7,day_ahead_price,105.90344340268122,112.49249825
2026-02-20,8,day_ahead_price,120.97486927403551,116.39249975
2026-02-20,9,day_ahead_price,113.52808613135782,107.4000015
2026-02-20,10,day_ahead_price,100.36017241581814,90.60749975
2026-02-20,11,day_ahead_price,93.03771418025954,83.0425015
2026-02-20,12,day_ahead_price,98.018958741497,79.3999995
2026-02-20,13,day_ahead_price,101.01066645835948,78.75999825
2026-02-20,14,day_ahead_price,102.20182218094457,79.95750050000001
2026-02-20,15,day_ahead_price,107.27921355330969,81.23999975000001
2026-02-20,16,day_ahead_price,108.30532353570332,78.44000075
2026-02-20,17,day_ahead_price,121.53861743140263,79.60000225
2026-02-20,18,day_ahead_price,118.13563240213139,86.102499
2026-02-20,19,day_ahead_price,114.10427962058469,82.7075005
2026-02-20,20,day_ahead_price,103.51539994488223,78.71249975
2026-02-20,21,day_ahead_price,94.22660222369612,67.99749925
2026-02-20,22,day_ahead_price,91.51831882426191,64.64000025
2026-02-20,23,day_ahead_price,85.56642672622644,46.80500025
2026-02-21,0,day_ahead_price,56.170102465369425,52.440000749999996
2026-02-21,1,day_ahead_price,60.907246408670304,46.64499925
2026-02-21,2,day_ahead_price,58.28753566957624,43.4575005
2026-02-21,3,day_ahead_price,57.4302214883206,42.36250025
2026-02-21,4,day_ahead_price,54.235137915794134,42.0
2026-02-21,5,day_ahead_price,52.90571232664304,41.625
2026-02-21,6,day_ahead_price,57.74352339556454,35.86000025
2026-02-21,7,day_ahead_price,68.81787439626909,46.989999749999996
2026-02-21,8,day_ahead_price,72.23231272119968,56.05000025
2026-02-21,9,day_ahead_price,77.99600006425888,58.41750025
2026-02-21,10,day_ahead_price,74.17224096601909,59.914999
2026-02-21,11,day_ahead_price,77.98986441966586,59.23499975
2026-02-21,12,day_ahead_price,75.96714257265495,59.0150005
2026-02-21,13,day_ahead_price,79.77077609593694,55.502500500000004
2026-02-21,14,day_ahead_price,81.27517824178541,56.732499000000004
2026-02-21,15,day_ahead_price,81.68116435064205,68.8850015
2026-02-21,16,day_ahead_price,87.6888032419831,81.9400005
2026-02-21,17,day_ahead_price,97.33902214933912,98.635
2026-02-21,18,day_ahead_price,94.01119827898178,108.175001
2026-02-21,19,day_ahead_price,88.65143103102238,101.17250250000001
2026-02-21,20,day_ahead_price,89.19558768159523,89.09749825
2026-02-21,21,day_ahead_price,91.5269724954805,82.81249975
2026-02-21,22,day_ahead_price,85.54205526025108,76.59249875
2026-02-21,23,day_ahead_price,86.25013691705144,66.709999
2026-02-22,0,day_ahead_price,68.03587055520563,56.67499925
2026-02-22,1,day_ahead_price,70.06123572031397,52.71000025
2026-02-22,2,day_ahead_price,67.32576341886787,47.89750025
2026-02-22,3,day_ahead_price,64.71351989840569,41.7924995
2026-02-22,4,day_ahead_price,61.03707684196512,39.647498999999996
2026-02-22,5,day_ahead_price,67.17611899741976,38.66750075
2026-02-22,6,day_ahead_price,66.12921830058984,37.64749975
2026-02-22,7,day_ahead_price,78.40238870290507,43.40250025
2026-02-22,8,day_ahead_price,83.49795501965063,47.46
2026-02-22,9,day_ahead_price,84.39878041461486,55.6724995
2026-02-22,10,day_ahead_price,77.15479447304091,56.99499975
2026-02-22,11,day_ahead_price,73.44188476757388,54.53000075
2026-02-22,12,day_ahead_price,77.40326798822332,51.4800005
2026-02-22,13,day_ahead_price,76.06753417873348,46.21
2026-02-22,14,day_ahead_price,82.03198498714484,44.5175
2026-02-22,15,day_ahead_price,96.52389345085194,49.007501
2026-02-22,16,day_ahead_price,112.3717469282106,66.8450005
2026-02-22,17,day_ahead_price,109.97909912740839,87.7800005
2026-02-22,18,day_ahead_price,110.34372833819828,91.567501
2026-02-22,19,day_ahead_price,106.03020309305643,89.825001
2026-02-22,20,day_ahead_price,94.88993626235519,82.32500075
2026-02-22,21,day_ahead_price,89.28494685450615,75.2749995
2026-02-22,22,day_ahead_price,90.76560364223266,70.45750050000001
2026-02-22,23,day_ahead_price,84.60680615089345,52.23750125
2026-02-23,0,day_ahead_price,62.97082694291897,45.84500025
2026-02-23,1,day_ahead_price,58.53511129900126,45.835
2026-02-23,2,day_ahead_price,58.32969816183422,44.4525005
2026-02-23,3,day_ahead_price,55.1096736620447,45.25500025
2026-02-23,4,day_ahead_price,53.59944615120136,45.40750025
2026-02-23,5,day_ahead_price,52.76794314252493,56.31999975
2026-02-23,6,day_ahead_price,58.40959679139186,77.7875005
2026-02-23,7,day_ahead_price,70.22004693306016,96.01249899999999
2026-02-23,8,day_ahead_price,76.99110908050581,99.11250100000001
2026-02-23,9,day_ahead_price,78.80059311914547,92.3449995
2026-02-23,10,day_ahead_price,82.6145305283656,88.95499975
2026-02-23,11,day_ahead_price,77.53674794554645,80.6624985
2026-02-23,12,day_ahead_price,78.94816003669776,83.70499975
2026-02-23,13,day_ahead_price,80.56088831102777,83.63500025
2026-02-23,14,day_ahead_price,78.73818249372745,86.21750075
2026-02-23,15,day_ahead_price,91.04903284158819,92.74250025
2026-02-23,16,day_ahead_price,98.681571706936,89.96000325
2026-02-23,17,day_ahead_price,108.16850807262631,98.17
2026-02-23,18,day_ahead_price,107.1527411964206,107.28499975
2026-02-23,19,day_ahead_price,100.63636388123565,110.89750125
2026-02-23,20,day_ahead_price,92.73473305503249,100.05750075
2026-02-23,21,day_ahead_price,86.21118232465373,97.249998
2026-02-23,22,day_ahead_price,86.29491428160401,95.92750175
2026-02-23,23,day_ahead_price,82.18856423498198,90.3725015
2026-02-24,0,day_ahead_price,89.78361089397202,86.0249975
2026-02-24,1,day_ahead_price,88.38017282573905,84.99499875000001
2026-02-24,2,day_ahead_price,85.461819817284,86.25749975
2026-02-24,3,day_ahead_price,82.56755909051758,86.49499875000001
2026-02-24,4,day_ahead_price,80.74583996543967,88.22250175
2026-02-24,5,day_ahead_price,82.59638447323611,94.174999
2026-02-24,6,day_ahead_price,90.92852284036866,111.7024995
2026-02-24,7,day_ahead_price,101.7720613322234,133.3500005
2026-02-24,8,day_ahead_price,118.9228724468074,147.5849955
2026-02-24,9,day_ahead_price,114.2680111893746,140.94000225
2026-02-24,10,day_ahead_price,107.32807181810756,128.904999
2026-02-24,11,day_ahead_price,102.37421774344841,111.6175005
2026-02-24,12,day_ahead_price,101.17881009477972,102.37500175
2026-02-24,13,day_ahead_price,99.99512515103068,101.21750075
2026-02-24,14,day_ahead_price,102.48322275324956,100.057499
2026-02-24,15,day_ahead_price,104.98576374846559,109.54249949999999
2026-02-24,16,day_ahead_price,114.00075406792257,126.02000025000001
2026-02-24,17,day_ahead_price,123.83734164416167,182.8025015
2026-02-24,18,day_ahead_price,121.3022117504505,184.06750075
2026-02-24,19,day_ahead_price,117.44560526040941,145.81000125
2026-02-24,20,day_ahead_price,108.46806996457637,119.01250075
2026-02-24,21,day_ahead_price,101.57335850394071,108.7250005
2026-02-24,22,day_ahead_price,92.08690562178091,101.705
2026-02-24,23,day_ahead_price,91.16493041226616,93.90250025
2026-02-25,0,day_ahead_price,95.69498936607654,92.14249975000001
2026-02-25,1,day_ahead_price,89.66360870058995,87.40250025
2026-02-25,2,day_ahead_price,89.34618215477497,84.83250050000001
2026-02-25,3,day_ahead_price,86.4922784360971,88.09499925
2026-02-25,4,day_ahead_price,84.99763050492179,88.60999899999999
2026-02-25,5,day_ahead_price,90.04346220285564,92.64000125
2026-02-25,6,day_ahead_price,107.12354576573706,109.545
2026-02-25,7,day_ahead_price,130.41466771451164,130.557499
2026-02-25,8,day_ahead_price,151.46313552882145,120.289999
2026-02-25,9,day_ahead_price,141.60841529409458,107.4975015
2026-02-25,10,day_ahead_price,129.5902213144477,91.11499975
2026-02-25,11,day_ahead_price,117.56580274845716,82.9575005
2026-02-25,12,day_ahead_price,109.4561472768904,76.9274995
2026-02-25,13,day_ahead_price,109.49498015536108,72.76249899999999
2026-02-25,14,day_ahead_price,117.90385954948239,73.43250075
2026-02-25,15,day_ahead_price,128.77957558543338,80.98749925
2026-02-25,16,day_ahead_price,130.20615989479762,100.87750075
2026-02-25,17,day_ahead_price,136.7650465495754,116.2400035
2026-02-25,18,day_ahead_price,137.8764039551736,117.91
2026-02-25,19,day_ahead_price,128.59431547033165,107.15250225
2026-02-25,20,day_ahead_price,118.04535927181044,94.25499925
2026-02-25,21,day_ahead_price,108.77925576301394,86.07000175
2026-02-25,22,day_ahead_price,102.19816290989783,84.6675015
2026-02-25,23,day_ahead_price,92.60403601587133,79.119999
2026-02-26,0,day_ahead_price,75.60081668701848,76.4224985
2026-02-26,1,day_ahead_price,76.81343359136561,72.38999925
2026-02-26,2,day_ahead_price,70.85695239073301,68.7424985
2026-02-26,3,day_ahead_price,67.54426384018494,67.93250075
2026-02-26,4,day_ahead_price,66.56301207116843,67.3775005
2026-02-26,5,day_ahead_price,68.16988768213872,72.4700005
2026-02-26,6,day_ahead_price,85.50503535114056,79.80249950000001
2026-02-26,7,day_ahead_price,93.6515773499171,97.43249875000001
2026-02-26,8,day_ahead_price,107.15198348565053,97.4475
2026-02-26,9,day_ahead_price,100.23195581139144,80.42500100000001
2026-02-26,10,day_ahead_price,96.95892824701174,71.1150015
2026-02-26,11,day_ahead_price,83.46547232018906,61.3500005
2026-02-26,12,day_ahead_price,84.69691671284065,53.60750025
2026-02-26,13,day_ahead_price,80.62490198192947,51.86000075
2026-02-26,14,day_ahead_price,87.01231708896175,55.225001250000005
2026-02-26,15,day_ahead_price,106.79524332236791,71.3075
2026-02-26,16,day_ahead_price,107.23016874979996,88.79249925
2026-02-26,17,day_ahead_price,126.81037575674851,95.215
2026-02-26,18,day_ahead_price,113.22396791207414,98.995001
2026-02-26,19,day_ahead_price,106.0751845709962,97.25250075
2026-02-26,20,day_ahead_price,97.98268237091125,88.902502
2026-02-26,21,day_ahead_price,85.6423172705662,82.0
2026-02-26,22,day_ahead_price,80.05674711001592,78.0
2026-02-26,23,day_ahead_price,78.61179501690157,71.5749995
2026-02-27,0,day_ahead_price,67.31999946913476,55.1475
2026-02-27,1,day_ahead_price,64.4573484351317,56.0074995
2026-02-27,2,day_ahead_price,62.101634292929816,57.302499749999996
2026-02-27,3,day_ahead_price,60.6287273311576,60.000001
2026-02-27,4,day_ahead_price,59.48166283182654,61.795001
2026-02-27,5,day_ahead_price,64.32263939581648,65.795001
2026-02-27,6,day_ahead_price,71.91348653997743,71.76249974999999
2026-02-27,7,day_ahead_price,84.92420253228761,85.6725005
2026-02-27,8,day_ahead_price,91.5145719144812,79.32999925
2026-02-27,9,day_ahead_price,91.87761607362008,69.31750124999999
2026-02-27,10,day_ahead_price,90.06604934628334,60.82749975
2026-02-27,11,day_ahead_price,85.49335167789235,55.0275
2026-02-27,12,day_ahead_price,81.54616176265654,59.06999975
2026-02-27,13,day_ahead_price,79.50070672054015,64.47999825
2026-02-27,14,day_ahead_price,85.4753633318842,70.84999825
2026-02-27,15,day_ahead_price,99.47742482310184,75.06499875
2026-02-27,16,day_ahead_price,105.06583896742764,91.99999975
2026-02-27,17,day_ahead_price,113.05277000286017,105.50750149999999
2026-02-27,18,day_ahead_price,104.86932158551504,115.2075025
2026-02-27,19,day_ahead_price,99.46585641981086,109.25250075
2026-02-27,20,day_ahead_price,90.5930691888267,100.0300005
2026-02-27,21,day_ahead_price,90.00364294744664,90.96250125
2026-02-27,22,day_ahead_price,81.61764067089914,87.51
2026-02-27,23,day_ahead_price,77.1772570934323,80.0025005
2026-02-28,0,day_ahead_price,79.84221040284386,80.0199985
2026-02-28,1,day_ahead_price,73.36164266815122,76.32250024999999
2026-02-28,2,day_ahead_price,67.69710498179438,74.745001
2026-02-28,3,day_ahead_price,66.47619078194401,72.630003
2026-02-28,4,day_ahead_price,64.77457141566362,71.942501
2026-02-28,5,day_ahead_price,71.21818483747579,72.869999
2026-02-28,6,day_ahead_price,79.22491906095159,73.61750025
2026-02-28,7,day_ahead_price,92.4092287102942,77.8650015
2026-02-28,8,day_ahead_price,93.72717680479201,78.34499925
2026-02-28,9,day_ahead_price,100.34675288989284,82.3174995
2026-02-28,10,day_ahead_price,89.17891296942474,84.75999999999999
2026-02-28,11,day_ahead_price,80.43143739803939,82.31750124999999
2026-02-28,12,day_ahead_price,79.33070863199075,71.65500075
2026-02-28,13,day_ahead_price,82.04993373266956,58.3450005
2026-02-28,14,day_ahead_price,89.49660419293947,55.41
2026-02-28,15,day_ahead_price,99.23781933518296,53.5325005
2026-02-28,16,day_ahead_price,105.49555837621112,74.0650005
2026-02-28,17,day_ahead_price,119.35293063776106,89.93499925
2026-02-28,18,day_ahead_price,111.15867929149434,95.19249925
2026-02-28,19,day_ahead_price,99.58094625232073,85.16749949999999
2026-02-28,20,day_ahead_price,91.72143067342917,69.7175
2026-02-28,21,day_ahead_price,85.04692058658208,64.722501
2026-02-28,22,day_ahead_price,84.96312514607631,64.66250025000001
2026-02-28,23,day_ahead_price,75.66853543755619,60.67250075
2026-03-01,0,day_ahead_price,56.88788352850623,48.8150005
2026-03-01,1,day_ahead_price,53.60884764409894,51.55000025
2026-03-01,2,day_ahead_price,51.92592449429918,54.2474995
2026-03-01,3,day_ahead_price,50.283151399354544,57.072500000000005
2026-03-01,4,day_ahead_price,49.40383189012007,61.084999249999996
2026-03-01,5,day_ahead_price,50.93537869668188,60.6375
2026-03-01,6,day_ahead_price,51.90548856386534,65.17000025
2026-03-01,7,day_ahead_price,63.4103858166554,64.99750025
2026-03-01,8,day_ahead_price,68.37003982302252,52.53500075
2026-03-01,9,day_ahead_price,70.49412020230935,21.35999975
2026-03-01,10,day_ahead_price,72.07514807388554,14.39750025
2026-03-01,11,day_ahead_price,69.96684405061413,10.8975
2026-03-01,12,day_ahead_price,70.80656365715791,10.092500000000001
2026-03-01,13,day_ahead_price,67.25320394952726,10.3875
2026-03-01,14,day_ahead_price,70.65638310631078,13.4925005
2026-03-01,15,day_ahead_price,81.74716234945626,32.62250075
2026-03-01,16,day_ahead_price,87.27294364237544,74.84000125
2026-03-01,17,day_ahead_price,92.40723317120536,103.76000025
2026-03-01,18,day_ahead_price,89.59796126731779,103.02000025
2026-03-01,19,day_ahead_price,88.63494563940154,97.47250149999999
2026-03-01,20,day_ahead_price,78.55442594256576,90.16250025
2026-03-01,21,day_ahead_price,75.61886704803834,81.31499875
2026-03-01,22,day_ahead_price,76.94819603231811,74.63749874999999
2026-03-01,23,day_ahead_price,65.63846333249874,68.1475
2026-03-02,0,day_ahead_price,67.63376876098702,65.13000124999999
2026-03-02,1,day_ahead_price,59.1643907957192,66.94499975
2026-03-02,2,day_ahead_price,59.648710778598954,69.0075
2026-03-02,3,day_ahead_price,61.59131286389633,69.56750075
2026-03-02,4,day_ahead_price,61.21216994865079,74.03000075
2026-03-02,5,day_ahead_price,64.94787966211248,84.0775015
2026-03-02,6,day_ahead_price,68.97058270087254,98.89000125
2026-03-02,7,day_ahead_price,70.24397103312171,131.35000025
2026-03-02,8,day_ahead_price,83.14667294567414,124.904999
2026-03-02,9,day_ahead_price,78.46419844001713,89.8975
2026-03-02,10,day_ahead_price,78.52560867679907,78.9675005
2026-03-02,11,day_ahead_price,73.24161664122866,73.8274995
2026-03-02,12,day_ahead_price,72.51992717343373,65.95000074999999
2026-03-02,13,day_ahead_price,79.7523901754569,80.5599995
2026-03-02,14,day_ahead_price,75.35387077650009,82.15249825000001
2026-03-02,15,day_ahead_price,94.36182871370647,85.1149995
2026-03-02,16,day_ahead_price,95.35157200325031,106.96000275
2026-03-02,17,day_ahead_price,104.00920641626611,162.53500350000002
2026-03-02,18,day_ahead_price,100.93501424435135,184.5475005
2026-03-02,19,day_ahead_price,96.70406087038349,142.10999850000002
2026-03-02,20,day_ahead_price,90.45345691117213,107.00749975
2026-03-02,21,day_ahead_price,84.4701648474544,96.467499
2026-03-02,22,day_ahead_price,83.80234831691067,96.79999925
2026-03-02,23,day_ahead_price,77.48238149453603,88.8950005
2026-03-03,0,day_ahead_price,85.26086740785097,89.06249825
2026-03-03,1,day_ahead_price,83.22931687981814,90.1225015
2026-03-03,2,day_ahead_price,83.77881925469389,89.4249995
2026-03-03,3,day_ahead_price,84.24426962209742,92.8150005
2026-03-03,4,day_ahead_price,81.63092671977394,95.7225
2026-03-03,5,day_ahead_price,86.9330377581081,103.1849995
2026-03-03,6,day_ahead_price,104.66156596754853,116.59749775
2026-03-03,7,day_ahead_price,122.58416095622725,140.0025025
2026-03-03,8,day_ahead_price,134.22601954594836,137.472496
2026-03-03,9,day_ahead_price,128.652672465748,99.52000050000001
2026-03-03,10,day_ahead_price,116.8183191280984,78.17000075
2026-03-03,11,day_ahead_price,104.12333477725743,55.92250075
2026-03-03,12,day_ahead_price,98.8300273480868,32.1475
2026-03-03,13,day_ahead_price,104.33415994681704,34.9175
2026-03-03,14,day_ahead_price,102.1402852979163,61.44750025
2026-03-03,15,day_ahead_price,114.90429090057162,86.47500149999999
2026-03-03,16,day_ahead_price,116.13641569082131,106.91
2026-03-03,17,day_ahead_price,126.4709726804104,129.97749925
2026-03-03,18,day_ahead_price,121.17283456730831,179.42000175
2026-03-03,19,day_ahead_price,115.58504984932986,152.24750125
2026-03-03,20,day_ahead_price,108.7652396608426,125.03249925
2026-03-03,21,day_ahead_price,102.54167026182425,108.08250225
2026-03-03,22,day_ahead_price,101.58314995871936,103.91250025
2026-03-03,23,day_ahead_price,92.14689967711908,97.75
2026-03-04,0,day_ahead_price,97.05059777086973,129.01000025
2026-03-04,1,day_ahead_price,93.19432935563376,127.82250025
2026-03-04,2,day_ahead_price,89.90230621486323,125.32250225
2026-03-04,3,day_ahead_price,89.94034351945773,124.7350005
2026-03-04,4,day_ahead_price,87.83352332127272,128.2024975
2026-03-04,5,day_ahead_price,92.7702447513836,131.69999725
2026-03-04,6,day_ahead_price,109.79001418373007,172.39250175
2026-03-04,7,day_ahead_price,127.00911388956786,253.86250325
2026-03-04,8,day_ahead_price,135.37251339530067,193.34749975
2026-03-04,9,day_ahead_price,113.92581240118591,150.75999625
2026-03-04,10,day_ahead_price,106.21491829184285,110.41749975
2026-03-04,11,day_ahead_price,98.09504700956887,78.2975015
2026-03-04,12,day_ahead_price,93.64178737308002,42.5225005
2026-03-04,13,day_ahead_price,93.35646904520779,32.977500500000005
2026-03-04,14,day_ahead_price,97.85773675737443,65.4050015
2026-03-04,15,day_ahead_price,112.5820515359669,98.59999875
2026-03-04,16,day_ahead_price,117.88786312659879,137.210003
2026-03-04,17,day_ahead_price,130.65221807396804,251.2249985
2026-03-04,18,day_ahead_price,130.86299075805672,369.95249950000004
2026-03-04,19,day_ahead_price,122.89394926696689,270.71999725
2026-03-04,20,day_ahead_price,111.12276056421598,178.914997
2026-03-04,21,day_ahead_price,103.30000561158388,152.407501
2026-03-04,22,day_ahead_price,98.9141101142763,141.722496
2026-03-04,23,day_ahead_price,87.9964896529971,124.49999975
2026-03-05,0,day_ahead_price,100.40671631660337,116.484999
2026-03-05,1,day_ahead_price,97.16383318006598,109.932499
2026-03-05,2,day_ahead_price,95.83495035551034,109.2625005
2026-03-05,3,day_ahead_price,89.7148586182953,108.785
2026-03-05,4,day_ahead_price,90.56165978124912,111.06249975
2026-03-05,5,day_ahead_price,94.24791240434668,122.68000225
2026-03-05,6,day_ahead_price,101.4010263964819,147.75750349999998
2026-03-05,7,day_ahead_price,111.25945746164399,169.454998
2026-03-05,8,day_ahead_price,121.92679167712942,139.329998
2026-03-05,9,day_ahead_price,121.40993684211033,97.09249875
2026-03-05,10,day_ahead_price,118.69769594188153,72.2300015
2026-03-05,11,day_ahead_price,105.45520960757675,62.9850005
2026-03-05,12,day_ahead_price,102.01241982652563,61.5474995
2026-03-05,13,day_ahead_price,103.33603268223726,61.81999975
2026-03-05,14,day_ahead_price,102.76521230448807,64.71250075
2026-03-05,15,day_ahead_price,116.34814424289073,90.00250075
2026-03-05,16,day_ahead_price,123.55682961316253,137.75
2026-03-05,17,day_ahead_price,135.77088168162962,179.7075005
2026-03-05,18,day_ahead_price,131.75799582527594,192.0199965
2026-03-05,19,day_ahead_price,124.4805007061015,165.0
2026-03-05,20,day_ahead_price,111.01405385465617,135.24499875
2026-03-05,21,day_ahead_price,98.25190474491934,130.589998
2026-03-05,22,day_ahead_price,99.15195105957395,130.14249975
2026-03-05,23,day_ahead_price,88.5137481197432,119.69999899999999
2026-03-06,0,day_ahead_price,100.54544128974456,104.125
2026-03-06,1,day_ahead_price,97.00590374007594,105.99999975
2026-03-06,2,day_ahead_price,96.2883557223889,108.522499
2026-03-06,3,day_ahead_price,96.61192126949328,109.52500175
2026-03-06,4,day_ahead_price,96.99737593546665,115.5
2026-03-06,5,day_ahead_price,97.40460887796618,128.9925005
2026-03-06,6,day_ahead_price,102.2341522476119,157.30749724999998
2026-03-06,7,day_ahead_price,119.9495592095275,173.49999975
2026-03-06,8,day_ahead_price,128.31615507129152,138.28750025
2026-03-06,9,day_ahead_price,112.24248846732551,112.3050005
2026-03-06,10,day_ahead_price,114.44784706441273,96.5000015
2026-03-06,11,day_ahead_price,104.2990686455701,76.23750125000001
2026-03-06,12,day_ahead_price,96.65219673400578,57.057499
2026-03-06,13,day_ahead_price,93.99337527897755,54.2749995
2026-03-06,14,day_ahead_price,94.65865879985078,75.20000075
2026-03-06,15,day_ahead_price,108.6117688757803,107.067501
2026-03-06,16,day_ahead_price,126.51069041087914,130.39749725000001
2026-03-06,17,day_ahead_price,135.6514934738337,177.43750175
2026-03-06,18,day_ahead_price,134.6169343231726,229.32500075000002
2026-03-06,19,day_ahead_price,125.08475085203997,189.7650035
2026-03-06,20,day_ahead_price,113.67589944404097,153.109997
2026-03-06,21,day_ahead_price,104.03609309891628,134.19250275
2026-03-06,22,day_ahead_price,98.18940220023147,127.245001
2026-03-06,23,day_ahead_price,92.4279020924115,126.074997
2026-03-07,0,day_ahead_price,102.51724935626623,135.1624985
2026-03-07,1,day_ahead_price,102.31200013204749,130.67749975
2026-03-07,2,day_ahead_price,100.94211694533446,125.672501
2026-03-07,3,day_ahead_price,99.98997177037421,124.3899995
2026-03-07,4,day_ahead_price,101.40425477447086,124.74749925
2026-03-07,5,day_ahead_price,102.2368280334323,129.57499525
2026-03-07,6,day_ahead_price,108.59104489490814,135.619999
2026-03-07,7,day_ahead_price,122.76271699555393,129.557499
2026-03-07,8,day_ahead_price,139.5552620680225,112.90250025
2026-03-07,9,day_ahead_price,120.6324088996148,103.58499925
2026-03-07,10,day_ahead_price,103.30827354680737,84.90749925
2026-03-07,11,day_ahead_price,96.82440854973004,78.51749975
2026-03-07,12,day_ahead_price,86.00920723722179,76.96500025
2026-03-07,13,day_ahead_price,85.02942649215521,72.000001
2026-03-07,14,day_ahead_price,96.73701346462983,65.38
2026-03-07,15,day_ahead_price,113.79272624063003,84.4749995
2026-03-07,16,day_ahead_price,133.03951311243742,126.43999875
2026-03-07,17,day_ahead_price,141.00977555136578,147.63249975
2026-03-07,18,day_ahead_price,153.43253954594624,180.8724975
2026-03-07,19,day_ahead_price,141.97291420387134,166.7249985
2026-03-07,20,day_ahead_price,121.73780069900148,148.19750224999999
2026-03-07,21,day_ahead_price,108.43736767993032,137.60749825
2026-03-07,22,day_ahead_price,110.34818146117439,134.197502
2026-03-07,23,day_ahead_price,104.47531878014216,130.6450025
2026-03-08,0,day_ahead_price,102.91708711078346,135.99500275
2026-03-08,1,day_ahead_price,103.80277627130303,132.732502
2026-03-08,2,day_ahead_price,101.77131615508667,131.192499
2026-03-08,3,day_ahead_price,101.2989592769454,130.09250075
2026-03-08,4,day_ahead_price,103.441403745791,129.33499899999998
2026-03-08,5,day_ahead_price,102.98083560642766,129.63500025000002
2026-03-08,6,day_ahead_price,111.10911541848508,131.097496
2026-03-08,7,day_ahead_price,129.46514977614814,116.98499699999999
2026-03-08,8,day_ahead_price,135.849369409154,108.562498
2026-03-08,9,day_ahead_price,114.09014572027883,100.90999775
2026-03-08,10,day_ahead_price,103.65231847431681,94.84000025
2026-03-08,11,day_ahead_price,83.305038704114,84.99749925
2026-03-08,12,day_ahead_price,78.69028917749672,83.522501
2026-03-08,13,day_ahead_price,76.57500958181433,80.3125
2026-03-08,14,day_ahead_price,77.39839964291211,76.96000000000001
2026-03-08,15,day_ahead_price,106.70180608345993,76.96249949999999
2026-03-08,16,day_ahead_price,132.2161181066709,117.2024995
2026-03-08,17,day_ahead_price,148.65099908837612,146.31249775
2026-03-08,18,day_ahead_price,159.34787377125284,160.25999825
2026-03-08,19,day_ahead_price,144.12233924944118,154.05249775
2026-03-08,20,day_ahead_price,124.135160008292,138.79249775
2026-03-08,21,day_ahead_price,118.17816706747062,127.43499925
2026-03-08,22,day_ahead_price,114.6575095731722,121.11500175
2026-03-08,23,day_ahead_price,107.50714322969075,113.57250225
2026-03-09,0,day_ahead_price,103.33883227075432,114.0874995
2026-03-09,1,day_ahead_price,103.27708582279311,109.27249900000001
2026-03-09,2,day_ahead_price,103.96753427819067,109.119999
2026-03-09,3,day_ahead_price,102.0026544504123,110.48000175
2026-03-09,4,day_ahead_price,101.96494987373556,116.38999925
2026-03-09,5,day_ahead_price,106.9482490586363,136.994999
2026-03-09,6,day_ahead_price,120.00154429769053,163.91999825
2026-03-09,7,day_ahead_price,144.50466751775537,191.58000175
2026-03-09,8,day_ahead_price,149.9312739764236,162.60500325
2026-03-09,9,day_ahead_price,126.94891024006951,127.072502
2026-03-09,10,day_ahead_price,117.03490647106106,102.630001
2026-03-09,11,day_ahead_price,103.51776907470257,87.4000015
2026-03-09,12,day_ahead_price,93.65267230304953,74.10750025
2026-03-09,13,day_ahead_price,88.37770506771149,72.47750075
2026-03-09,14,day_ahead_price,91.89465725146354,82.845001
2026-03-09,15,day_ahead_price,102.87082163814702,112.99249825
2026-03-09,16,day_ahead_price,129.76937244395043,143.43750025
2026-03-09,17,day_ahead_price,145.8995699613568,187.02499749999998
2026-03-09,18,day_ahead_price,155.23743677052272,254.272503
2026-03-09,19,day_ahead_price,149.65893618789138,249.99750525000002
2026-03-09,20,day_ahead_price,133.15247978710556,180.8899995
2026-03-09,21,day_ahead_price,122.75955314324884,152.1574975
2026-03-09,22,day_ahead_price,112.62704780622381,143.2699965
2026-03-09,23,day_ahead_price,107.52946487686224,132.6950035
2026-03-10,0,day_ahead_price,104.29282380180975,138.58000175
2026-03-10,1,day_ahead_price,104.90613649084007,130.44000225
2026-03-10,2,day_ahead_price,104.9472856245123,127.61249925
2026-03-10,3,day_ahead_price,102.93849925727642,126.89999975
2026-03-10,4,day_ahead_price,103.39358943201162,128.477499
2026-03-10,5,day_ahead_price,106.34316379353584,138.62000075
2026-03-10,6,day_ahead_price,120.62891124581807,168.59000025
2026-03-10,7,day_ahead_price,147.11501807956756,181.8375015
2026-03-10,8,day_ahead_price,153.47431894792817,173.3200035
2026-03-10,9,day_ahead_price,127.53195207061707,140.5375005
2026-03-10,10,day_ahead_price,106.37013009272987,120.76250074999999
2026-03-10,11,day_ahead_price,88.35442693409976,112.14250200000001
2026-03-10,12,day_ahead_price,73.98920376966517,110.5650005
2026-03-10,13,day_ahead_price,78.17545668962566,107.67499925
2026-03-10,14,day_ahead_price,77.96984895712056,107.164999
2026-03-10,15,day_ahead_price,101.70473728933669,121.49249675
2026-03-10,16,day_ahead_price,124.1616712439799,144.392502
2026-03-10,17,day_ahead_price,141.6033012414011,179.0
2026-03-10,18,day_ahead_price,152.0000621338079,210.307499
2026-03-10,19,day_ahead_price,147.33646267525287,199.88249975
2026-03-10,20,day_ahead_price,135.9813645025173,154.49999624999998
2026-03-10,21,day_ahead_price,122.5351772278456,135.2249965
2026-03-10,22,day_ahead_price,115.95099636831843,123.25500125
2026-03-10,23,day_ahead_price,109.65965650812947,98.15750125
2026-03-11,0,day_ahead_price,101.83134002577516,83.95749875
2026-03-11,1,day_ahead_price,102.33455225512559,70.8049985
2026-03-11,2,day_ahead_price,103.2867073973226,65.424999
2026-03-11,3,day_ahead_price,98.87122883224343,63.552501
2026-03-11,4,day_ahead_price,95.17541261567317,49.3549995
2026-03-11,5,day_ahead_price,97.96413262166203,53.542500749999995
2026-03-11,6,day_ahead_price,118.92337211162561,51.9399985
2026-03-11,7,day_ahead_price,133.00500466673208,79.83750175
2026-03-11,8,day_ahead_price,148.34643656112573,75.5024985
2026-03-11,9,day_ahead_price,132.38260150895871,57.945002
2026-03-11,10,day_ahead_price,116.22944900979564,35.86
2026-03-11,11,day_ahead_price,109.55096376052735,32.05250025
2026-03-11,12,day_ahead_price,98.37603114492111,31.19250075
2026-03-11,13,day_ahead_price,100.68661167352232,29.24749975
2026-03-11,14,day_ahead_price,107.8235064042404,47.2725
2026-03-11,15,day_ahead_price,116.68482563142167,79.33
2026-03-11,16,day_ahead_price,125.42467126593783,93.11749825
2026-03-11,17,day_ahead_price,138.34525435175973,112.2425
2026-03-11,18,day_ahead_price,146.16296730700518,135.0
2026-03-11,19,day_ahead_price,135.83318512673046,140.4975015
2026-03-11,20,day_ahead_price,122.22991002124954,121.86750025
2026-03-11,21,day_ahead_price,114.972661146946,112.0
2026-03-11,22,day_ahead_price,107.940199172587,108.0599995
2026-03-11,23,day_ahead_price,100.60606490507087,99.63500025
2026-03-12,0,day_ahead_price,97.84545672574923,86.317501
2026-03-12,1,day_ahead_price,93.83461482474817,86.1000005
2026-03-12,2,day_ahead_price,89.05109283330832,75.29499824999999
2026-03-12,3,day_ahead_price,88.15301272912448,67.00749975
2026-03-12,4,day_ahead_price,88.69705576090952,60.4775
2026-03-12,5,day_ahead_price,92.4583613933921,48.849999499999996
2026-03-12,6,day_ahead_price,104.23642112019364,75.82500075
2026-03-12,7,day_ahead_price,118.78821326072624,90.50000175
2026-03-12,8,day_ahead_price,128.93529981085123,99.84
2026-03-12,9,day_ahead_price,123.58055578168319,75.02749925
2026-03-12,10,day_ahead_price,101.08693830387226,28.47499975
2026-03-12,11,day_ahead_price,88.49234664950338,0.5725
2026-03-12,12,day_ahead_price,82.72007677666761,-0.10750000000000001
2026-03-12,13,day_ahead_price,80.88975004852168,-0.05
2026-03-12,14,day_ahead_price,84.00667712903504,-0.0475
2026-03-12,15,day_ahead_price,99.38841589611573,3.5999999999999996
2026-03-12,16,day_ahead_price,114.92506795993839,45.824999
2026-03-12,17,day_ahead_price,126.83266003685841,67.72999974999999
2026-03-12,18,day_ahead_price,131.22450349006604,85.52000225
2026-03-12,19,day_ahead_price,128.5717577380698,78.44999874999999
2026-03-12,20,day_ahead_price,111.95007024587892,59.29750075
2026-03-12,21,day_ahead_price,104.96051186925264,41.15499975
2026-03-12,22,day_ahead_price,105.18934287728638,28.372500499999997
2026-03-12,23,day_ahead_price,93.70398273278643,17.9025
2026-03-13,0,day_ahead_price,56.03574760734085,6.29
2026-03-13,1,day_ahead_price,54.738539557763,4.1025
2026-03-13,2,day_ahead_price,55.13815590004247,2.8875
2026-03-13,3,day_ahead_price,56.864312603389976,1.1475
2026-03-13,4,day_ahead_price,57.12995754801656,1.46
2026-03-13,5,day_ahead_price,58.75846019442651,2.9074999999999998
2026-03-13,6,day_ahead_price,68.12473790113624,8.46
2026-03-13,7,day_ahead_price,81.28490317575496,19.93750025
2026-03-13,8,day_ahead_price,89.67786046991915,6.9575
2026-03-13,9,day_ahead_price,75.80707916493088,2.3125
2026-03-13,10,day_ahead_price,78.37653877969765,2.3275
2026-03-13,11,day_ahead_price,75.20541846028608,2.3049999999999997
2026-03-13,12,day_ahead_price,71.9600194432659,1.8399999999999999
2026-03-13,13,day_ahead_price,70.87183435168807,1.6349999999999998
2026-03-13,14,day_ahead_price,74.50703311228148,2.6325000000000003
2026-03-13,15,day_ahead_price,78.97228149131128,47.07000025
2026-03-13,16,day_ahead_price,94.01218296892846,80.13499925
2026-03-13,17,day_ahead_price,98.54590839995547,130.46250175
2026-03-13,18,day_ahead_price,108.33364186240806,147.08499725000001
2026-03-13,19,day_ahead_price,106.36405834494013,137.82250224999999
2026-03-13,20,day_ahead_price,91.6180555998923,131.88750275
2026-03-13,21,day_ahead_price,87.63634848268309,127.4325025
2026-03-13,22,day_ahead_price,87.87909897233136,123.4224985
2026-03-13,23,day_ahead_price,84.97821592335374,115.8074985
2026-03-14,0,day_ahead_price,97.80967418201544,112.94500149999999
2026-03-14,1,day_ahead_price,97.84579433782524,109.0700015
2026-03-14,2,day_ahead_price,94.44939917558506,103.98999975000001
2026-03-14,3,day_ahead_price,96.25306001577331,101.86249749999999
2026-03-14,4,day_ahead_price,94.34214229341976,105.114998
2026-03-14,5,day_ahead_price,97.37987503150775,109.067499
2026-03-14,6,day_ahead_price,105.5632941819015,111.5199985
2026-03-14,7,day_ahead_price,120.71590070063962,116.70750050000001
2026-03-14,8,day_ahead_price,129.67150728424102,121.879999
2026-03-14,9,day_ahead_price,118.88218321043423,116.1399995
2026-03-14,10,day_ahead_price,98.30320603602287,107.52249925
2026-03-14,11,day_ahead_price,84.80122535729346,103.92750175
2026-03-14,12,day_ahead_price,75.69768210678576,104.6775
2026-03-14,13,day_ahead_price,73.51350832404518,103.57000175
2026-03-14,14,day_ahead_price,86.02424166910936,105.67749975000001
2026-03-14,15,day_ahead_price,104.57368008747223,114.2199995
2026-03-14,16,day_ahead_price,126.82149542608956,130.00000225
2026-03-14,17,day_ahead_price,138.33878518268705,138.6500015
2026-03-14,18,day_ahead_price,143.92605891180676,161.09999875
2026-03-14,19,day_ahead_price,140.82599302856366,169.8349955
2026-03-14,20,day_ahead_price,126.82837386290181,150.26499925000002
2026-03-14,21,day_ahead_price,114.6707939754192,137.4524955
2026-03-14,22,day_ahead_price,112.7735851719828,135.23749924999998
2026-03-14,23,day_ahead_price,98.64587923404197,128.045002
2026-03-15,0,day_ahead_price,104.96598248109615,137.3425005
2026-03-15,1,day_ahead_price,103.59898131514119,133.73000150000001
2026-03-15,2,day_ahead_price,102.12160869714786,124.959999
2026-03-15,3,day_ahead_price,100.65275153506796,123.5275
2026-03-15,4,day_ahead_price,102.70421011800859,122.17749975000001
2026-03-15,5,day_ahead_price,102.79656634472967,124.1200025
2026-03-15,6,day_ahead_price,116.610608945885,124.38749899999999
2026-03-15,7,day_ahead_price,132.05624354712427,117.80750075
2026-03-15,8,day_ahead_price,140.81402553660342,109.09499925
2026-03-15,9,day_ahead_price,125.63888559494086,94.76999875
2026-03-15,10,day_ahead_price,112.0790507620773,87.3049985
2026-03-15,11,day_ahead_price,99.67361507775448,72.210002
2026-03-15,12,day_ahead_price,96.0352176056687,52.96749975
2026-03-15,13,day_ahead_price,104.5378843537199,36.45749925
2026-03-15,14,day_ahead_price,104.24596985071544,37.1975
2026-03-15,15,day_ahead_price,107.18516822855075,63.07750025
2026-03-15,16,day_ahead_price,127.06825189065658,85.5075015
2026-03-15,17,day_ahead_price,135.23219277424755,116.744999
2026-03-15,18,day_ahead_price,160.93532642738512,127.98999975
2026-03-15,19,day_ahead_price,153.5023054238469,117.84250075
2026-03-15,20,day_ahead_price,133.017921096309,93.147501
2026-03-15,21,day_ahead_price,120.65033001743379,80.795
2026-03-15,22,day_ahead_price,115.1717224884703,70.34249875
2026-03-15,23,day_ahead_price,104.31513627594073,61.45999975
2026-03-16,0,day_ahead_price,66.11534782908942,34.16499975
2026-03-16,1,day_ahead_price,61.96202254861541,23.3275
2026-03-16,2,day_ahead_price,67.73299006949324,17.59
2026-03-16,3,day_ahead_price,64.67162879195794,14.1375
2026-03-16,4,day_ahead_price,63.243786563659015,20.05750025
2026-03-16,5,day_ahead_price,73.92115372765019,37.4275
2026-03-16,6,day_ahead_price,84.09200526001901,66.1900005
2026-03-16,7,day_ahead_price,111.51670351090064,95.56749925
2026-03-16,8,day_ahead_price,119.59246620528971,95.97749875
2026-03-16,9,day_ahead_price,101.40227292270784,73.1049995
2026-03-16,10,day_ahead_price,77.33661141589712,42.5950005
2026-03-16,11,day_ahead_price,73.1214864219024,17.54749975
2026-03-16,12,day_ahead_price,70.13537184607696,13.245000000000001
2026-03-16,13,day_ahead_price,68.8437186823137,16.29
2026-03-16,14,day_ahead_price,71.1195693323112,42.1724995
2026-03-16,15,day_ahead_price,82.88043197720334,64.444999
2026-03-16,16,day_ahead_price,92.84011834846572,106.20999724999999
2026-03-16,17,day_ahead_price,100.05537959749242,137.57999999999998
2026-03-16,18,day_ahead_price,118.50887745411434,164.00249875
2026-03-16,19,day_ahead_price,120.09307333949685,177.09000025
2026-03-16,20,day_ahead_price,99.22278979534428,154.7475015
2026-03-16,21,day_ahead_price,93.40616243983956,125.71249975
2026-03-16,22,day_ahead_price,90.7647369426089,121.9125005
2026-03-16,23,day_ahead_price,89.42062947111086,99.7649995
2026-03-17,0,day_ahead_price,98.12018264532139,113.66500075
2026-03-17,1,day_ahead_price,93.08091396880906,105.58499925
2026-03-17,2,day_ahead_price,88.22829406508494,106.42250075
2026-03-17,3,day_ahead_price,87.46864733408,106.4349995
2026-03-17,4,day_ahead_price,87.43453015137392,108.3199995
2026-03-17,5,day_ahead_price,91.36839309332842,116.237499
2026-03-17,6,day_ahead_price,106.33914062281939,142.3475
2026-03-17,7,day_ahead_price,119.45807323295284,162.159996
2026-03-17,8,day_ahead_price,133.57091966733327,151.665003
2026-03-17,9,day_ahead_price,127.52265327991363,123.0999985
2026-03-17,10,day_ahead_price,116.69345503098866,105.52999875
2026-03-17,11,day_ahead_price,94.50191003766649,97.1075
2026-03-17,12,day_ahead_price,89.96429746399173,89.03499775
2026-03-17,13,day_ahead_price,88.76686196236962,90.2800005
2026-03-17,14,day_ahead_price,96.03243159394002,88.38249975
2026-03-17,15,day_ahead_price,105.08278075982099,98.98249825
2026-03-17,16,day_ahead_price,113.68196972817873,117.80750075
2026-03-17,17,day_ahead_price,132.9999625200327,128.302498
2026-03-17,18,day_ahead_price,148.6940457162715,147.06249825
2026-03-17,19,day_ahead_price,143.8364378203319,155.84250075
2026-03-17,20,day_ahead_price,126.20812418685665,139.04499825
2026-03-17,21,day_ahead_price,116.31552498770097,117.12500175
2026-03-17,22,day_ahead_price,110.34936897858506,110.23499875
2026-03-17,23,day_ahead_price,100.96467050195713,100.4575005
2026-03-18,0,day_ahead_price,101.85593737152061,89.79999925
2026-03-18,1,day_ahead_price,99.77464231363898,86.72750075
2026-03-18,2,day_ahead_price,97.11752245165404,85.6849995
2026-03-18,3,day_ahead_price,94.70747468828175,86.86750025
2026-03-18,4,day_ahead_price,99.02072259028341,88.834999
2026-03-18,5,day_ahead_price,108.40891167759227,100.0549985
2026-03-18,6,day_ahead_price,117.5805186525196,130.73999799999999
2026-03-18,7,day_ahead_price,118.38288027608635,133.592497
2026-03-18,8,day_ahead_price,117.552928455969,99.9375
2026-03-18,9,day_ahead_price,108.97021073256671,62.95000075
2026-03-18,10,day_ahead_price,97.56550597492364,11.37500025
2026-03-18,11,day_ahead_price,90.04046381519643,2.765
2026-03-18,12,day_ahead_price,86.5464661031537,2.4825
2026-03-18,13,day_ahead_price,85.20962065457876,3.5625
2026-03-18,14,day_ahead_price,90.9531111132894,3.545
2026-03-18,15,day_ahead_price,100.25881194412537,47.194998999999996
2026-03-18,16,day_ahead_price,126.45245013844264,107.032503
2026-03-18,17,day_ahead_price,142.22239885183717,145.21249775
2026-03-18,18,day_ahead_price,151.66398745174058,177.62249775
2026-03-18,19,day_ahead_price,136.52208470478325,170.19749825
2026-03-18,20,day_ahead_price,122.62493612568794,148.489998
2026-03-18,21,day_ahead_price,113.44487723709314,132.05749875
2026-03-18,22,day_ahead_price,104.1859429552528,123.77500125
2026-03-18,23,day_ahead_price,92.03737991330509,113.374998
2026-03-19,0,day_ahead_price,105.16831093114212,109.2474995
2026-03-19,1,day_ahead_price,103.98298449765991,112.640001
2026-03-19,2,day_ahead_price,104.07109453310095,113.98999975000001
2026-03-19,3,day_ahead_price,105.33781681389938,113.777502
2026-03-19,4,day_ahead_price,109.20416105669538,117.21499825000001
2026-03-19,5,day_ahead_price,114.01390032219098,126.39000125
2026-03-19,6,day_ahead_price,126.79146719765325,154.635
2026-03-19,7,day_ahead_price,139.13246562804238,158.2425025
2026-03-19,8,day_ahead_price,137.07095791762944,138.60250275
2026-03-19,9,day_ahead_price,110.4295724387979,90.902502
2026-03-19,10,day_ahead_price,101.85124356748186,56.04749925
2026-03-19,11,day_ahead_price,86.67358834936748,22.1225
2026-03-19,12,day_ahead_price,80.75608731026874,21.65250025
2026-03-19,13,day_ahead_price,78.29407629634919,17.389999
2026-03-19,14,day_ahead_price,78.78966188399394,44.8075005
2026-03-19,15,day_ahead_price,107.19536995444066,85.947501
2026-03-19,16,day_ahead_price,131.59178786129536,120.3474995
2026-03-19,17,day_ahead_price,152.69183422523605,152.17500325
2026-03-19,18,day_ahead_price,167.0749547878022,209.26750175
2026-03-19,19,day_ahead_price,153.95316351848953,214.38250349999998
2026-03-19,20,day_ahead_price,135.34503452861705,163.369999
2026-03-19,21,day_ahead_price,126.47363051116024,149.04000075
2026-03-19,22,day_ahead_price,117.97411311163094,139.54999899999999
2026-03-19,23,day_ahead_price,104.27171832584716,132.23750125
2026-03-20,0,day_ahead_price,106.73854660043872,143.56250025
2026-03-20,1,day_ahead_price,106.48160847417314,137.95999525000002
2026-03-20,2,day_ahead_price,106.67555189614271,135.64249825000002
2026-03-20,3,day_ahead_price,104.93392868719332,137.47499875
2026-03-20,4,day_ahead_price,104.92114057220924,138.9050025
2026-03-20,5,day_ahead_price,110.23639090406108,154.59000025
2026-03-20,6,day_ahead_price,124.10895681651523,192.29499825
2026-03-20,7,day_ahead_price,125.24200592296455,197.47750100000002
2026-03-20,8,day_ahead_price,115.50229704487826,161.2325
2026-03-20,9,day_ahead_price,103.47567120175238,132.0074995
2026-03-20,10,day_ahead_price,99.98408539411075,101.08499925
2026-03-20,11,day_ahead_price,87.81020693798128,78.47249875
2026-03-20,12,day_ahead_price,73.74440729353633,65.609999
2026-03-20,13,day_ahead_price,67.52018587736612,65.60999875
2026-03-20,14,day_ahead_price,71.87288446384802,87.39999975
2026-03-20,15,day_ahead_price,92.71062702324947,117.154999
2026-03-20,16,day_ahead_price,118.10703921153153,144.675003
2026-03-20,17,day_ahead_price,144.90300547727594,174.8174975
2026-03-20,18,day_ahead_price,171.40154537251914,207.58249675
2026-03-20,19,day_ahead_price,162.85311522809252,212.3099975
2026-03-20,20,day_ahead_price,137.0895415918816,180.03500350000002
2026-03-20,21,day_ahead_price,125.81969963500927,163.04999924999998
2026-03-20,22,day_ahead_price,118.0203952541049,151.85000225
2026-03-20,23,day_ahead_price,107.25052168214808,148.11750425
2026-03-21,0,day_ahead_price,106.79296503655418,142.39250175
2026-03-21,1,day_ahead_price,109.43953607463882,138.34250275
2026-03-21,2,day_ahead_price,107.36090227329974,136.08500275
2026-03-21,3,day_ahead_price,107.72715344944592,132.05749875
2026-03-21,4,day_ahead_price,109.8178950206761,131.18999475
2026-03-21,5,day_ahead_price,117.1808535661118,137.66000375
2026-03-21,6,day_ahead_price,127.79855123813078,142.33250049999998
2026-03-21,7,day_ahead_price,149.65628716582862,139.66249825
2026-03-21,8,day_ahead_price,147.80268860828483,127.2649975
2026-03-21,9,day_ahead_price,117.72722563366578,100.57749925
2026-03-21,10,day_ahead_price,104.1327606967171,76.472501
2026-03-21,11,day_ahead_price,81.1595799076774,45.89999975
2026-03-21,12,day_ahead_price,74.39100406803733,23.48999975
2026-03-21,13,day_ahead_price,78.48638628357435,24.27
2026-03-21,14,day_ahead_price,79.37404371227214,62.92750074999999
2026-03-21,15,day_ahead_price,98.98916660247194,89.99999825
2026-03-21,16,day_ahead_price,122.43817957500133,115.664999
2026-03-21,17,day_ahead_price,140.7839545265711,146.0249995
2026-03-21,18,day_ahead_price,162.55272784033943,171.6175005
2026-03-21,19,day_ahead_price,159.85261041563447,163.10500324999998
2026-03-21,20,day_ahead_price,136.65005247091895,141.8274995
2026-03-21,21,day_ahead_price,127.99579585121441,126.875002
2026-03-21,22,day_ahead_price,120.03976969572794,120.24249825
2026-03-21,23,day_ahead_price,106.70635955734691,108.0
2026-03-22,0,day_ahead_price,108.89971559714357,100.4125005
2026-03-22,1,day_ahead_price,107.44328599013697,95.75499925
2026-03-22,2,day_ahead_price,107.96322651780005,94.20249925
2026-03-22,3,day_ahead_price,106.93420401554631,95.26
2026-03-22,4,day_ahead_price,110.30288893136331,98.59750174999999
2026-03-22,5,day_ahead_price,121.13158653429997,101.66250025
2026-03-22,6,day_ahead_price,133.7255333423237,100.1049995
2026-03-22,7,day_ahead_price,145.48424738148827,84.710001
2026-03-22,8,day_ahead_price,149.18715647038525,41.3300005
2026-03-22,9,day_ahead_price,108.22552661296055,8.2975
2026-03-22,10,day_ahead_price,91.6489861354295,3.2875
2026-03-22,11,day_ahead_price,78.04957526772948,0.7150000000000001
2026-03-22,12,day_ahead_price,62.033244138418155,-0.0075
2026-03-22,13,day_ahead_price,66.24140865998397,-0.01
2026-03-22,14,day_ahead_price,71.45659681458271,0.0975
2026-03-22,15,day_ahead_price,91.58711710898037,11.5124995
2026-03-22,16,day_ahead_price,126.29134013656467,93.152499
2026-03-22,17,day_ahead_price,150.0322098220323,145.63500025000002
2026-03-22,18,day_ahead_price,177.09850409669733,174.18999875
2026-03-22,19,day_ahead_price,170.04117796341686,173.38000125
2026-03-22,20,day_ahead_price,146.70947141278197,164.73000325
2026-03-22,21,day_ahead_price,129.88085841158892,155.3700025
2026-03-22,22,day_ahead_price,123.62949100717971,137.34
2026-03-22,23,day_ahead_price,113.33127545986713,133.72000125
2026-03-23,0,day_ahead_price,111.18920030269018,131.1349985
2026-03-23,1,day_ahead_price,109.6168423670349,125.8999995
2026-03-23,2,day_ahead_price,107.61135581055687,125.16
2026-03-23,3,day_ahead_price,107.78494449654586,128.58749975
2026-03-23,4,day_ahead_price,109.9828309409278,129.9975015
2026-03-23,5,day_ahead_price,122.4478133705218,142.517498
2026-03-23,6,day_ahead_price,135.77111254525337,174.677498
2026-03-23,7,day_ahead_price,138.13331266487418,186.1825025
2026-03-23,8,day_ahead_price,122.86245618195557,147.60500125
2026-03-23,9,day_ahead_price,102.89003423728879,108.00000399999999
2026-03-23,10,day_ahead_price,86.29089918299974,81.432502
2026-03-23,11,day_ahead_price,77.12392695616813,48.08249925
2026-03-23,12,day_ahead_price,65.08295142254747,49.25500025
2026-03-23,13,day_ahead_price,65.51360208006537,74.87499975
2026-03-23,14,day_ahead_price,75.51522257346353,94.97999949999999
2026-03-23,15,day_ahead_price,87.99635601998204,114.45250125
2026-03-23,16,day_ahead_price,125.3144552197809,130.64000125
2026-03-23,17,day_ahead_price,150.91409721995993,172.584999
2026-03-23,18,day_ahead_price,180.79536246257854,257.5499955
2026-03-23,19,day_ahead_price,171.91625279266623,240.90999975
2026-03-23,20,day_ahead_price,150.446804555136,199.38750075000002
2026-03-23,21,day_ahead_price,132.16031267936643,167.94249725
2026-03-23,22,day_ahead_price,125.62719900465251,152.1375005
2026-03-23,23,day_ahead_price,116.08261602575735,137.0024985
2026-03-24,0,day_ahead_price,111.28161909304148,133.7050035
2026-03-24,1,day_ahead_price,108.05215166398729,117.34499749999999
2026-03-24,2,day_ahead_price,110.116435593537,106.64000125
2026-03-24,3,day_ahead_price,108.47129222640238,95.925001
2026-03-24,4,day_ahead_price,113.24350563751119,94.79750075
2026-03-24,5,day_ahead_price,123.82834857459709,93.0825005
2026-03-24,6,day_ahead_price,136.86268290556083,78.7675
2026-03-24,7,day_ahead_price,142.37204527360845,103.8225005
2026-03-24,8,day_ahead_price,146.70632145567805,97.45750050000001
2026-03-24,9,day_ahead_price,111.911037670602,70.9050015
2026-03-24,10,day_ahead_price,88.48350301853924,23.752499750000002
2026-03-24,11,day_ahead_price,75.84882050221826,5.359999999999999
2026-03-24,12,day_ahead_price,64.14794797120425,3.6775
2026-03-24,13,day_ahead_price,67.11757529834648,3.5225
2026-03-24,14,day_ahead_price,72.81044524296318,3.5725
2026-03-24,15,day_ahead_price,91.97803611391065,20.559999750000003
2026-03-24,16,day_ahead_price,116.12960341256894,77.43250075
2026-03-24,17,day_ahead_price,143.7918121688033,112.83999825000001
2026-03-24,18,day_ahead_price,177.7223167476508,126.0
2026-03-24,19,day_ahead_price,165.19194462266415,135.579998
2026-03-24,20,day_ahead_price,143.64076240310132,101.1000005
2026-03-24,21,day_ahead_price,130.03630688435013,74.4975015
2026-03-24,22,day_ahead_price,126.41202303152407,66.1025
2026-03-24,23,day_ahead_price,112.32398480212802,22.09750025
2026-03-25,0,day_ahead_price,64.41714138575321,1.81
2026-03-25,1,day_ahead_price,61.21611680202466,0.36750000000000005
2026-03-25,2,day_ahead_price,62.3053591580293,-0.0025
2026-03-25,3,day_ahead_price,63.60464852999129,-0.0075
2026-03-25,4,day_ahead_price,59.05236292170935,0.0
2026-03-25,5,day_ahead_price,70.32216741804842,0.5175
2026-03-25,6,day_ahead_price,78.61046977563053,3.6625
2026-03-25,7,day_ahead_price,84.64694915921676,10.19
2026-03-25,8,day_ahead_price,91.14228257958918,9.4825
2026-03-25,9,day_ahead_price,78.3325116716171,9.44
2026-03-25,10,day_ahead_price,68.24997011940982,6.44
2026-03-25,11,day_ahead_price,60.77986279276182,2.9425
2026-03-25,12,day_ahead_price,48.86465293243787,2.2225
2026-03-25,13,day_ahead_price,56.05330735846779,2.0175
2026-03-25,14,day_ahead_price,64.23587125816609,2.6550000000000002
2026-03-25,15,day_ahead_price,77.49795297807515,5.0975
2026-03-25,16,day_ahead_price,92.85263434053978,36.287499
2026-03-25,17,day_ahead_price,114.81620188839054,59.97750025
2026-03-25,18,day_ahead_price,126.80864998107292,93.59499925
2026-03-25,19,day_ahead_price,129.2639610763171,76.0975
2026-03-25,20,day_ahead_price,114.7456308611233,64.84
2026-03-25,21,day_ahead_price,101.73705389668436,44.57999975
2026-03-25,22,day_ahead_price,106.89788878730619,48.120001
2026-03-25,23,day_ahead_price,94.28941268638809,33.71250075
2026-03-26,0,day_ahead_price,58.82889585088124,43.880000249999995
2026-03-26,1,day_ahead_price,54.373407948880235,48.234999
2026-03-26,2,day_ahead_price,52.78061213524792,45.8050015
2026-03-26,3,day_ahead_price,52.96023977220901,39.97500025
2026-03-26,4,day_ahead_price,55.75984504477194,45.47000025
2026-03-26,5,day_ahead_price,55.82505251692908,44.765
2026-03-26,6,day_ahead_price,65.38794483354191,81.4175015
2026-03-26,7,day_ahead_price,79.26223551922406,99.45750050000001
2026-03-26,8,day_ahead_price,77.14365990085983,82.1899985
2026-03-26,9,day_ahead_price,68.29800820236423,33.20000025
2026-03-26,10,day_ahead_price,60.3528831904086,40.36000075
2026-03-26,11,day_ahead_price,58.933707153668024,13.74
2026-03-26,12,day_ahead_price,58.8657127165109,4.8
2026-03-26,13,day_ahead_price,55.49250446931574,4.547499999999999
2026-03-26,14,day_ahead_price,64.92932009495836,7.98
2026-03-26,15,day_ahead_price,69.779973552578,37.4350005
2026-03-26,16,day_ahead_price,81.89408583475365,75.817499
2026-03-26,17,day_ahead_price,97.43361975629553,115.91999824999999
2026-03-26,18,day_ahead_price,106.4389060712337,144.255001
2026-03-26,19,day_ahead_price,112.43976542689543,145.45249925000002
2026-03-26,20,day_ahead_price,102.5680172477367,133.204998
2026-03-26,21,day_ahead_price,94.52359913278745,126.1000025
2026-03-26,22,day_ahead_price,87.70927016706783,124.37250125
2026-03-26,23,day_ahead_price,86.72191915740362,115.02499975
2026-03-27,0,day_ahead_price,112.61554510157262,119.39249975
2026-03-27,1,day_ahead_price,108.65989839163964,119.50000225
2026-03-27,2,day_ahead_price,104.70003550657226,117.3425005
2026-03-27,3,day_ahead_price,100.99181050226612,117.8324985
2026-03-27,4,day_ahead_price,104.90251964239093,120.24750125
2026-03-27,5,day_ahead_price,107.03932491242122,136.4625015
2026-03-27,6,day_ahead_price,119.41594606833,172.5324975
2026-03-27,7,day_ahead_price,118.59967842064422,176.39749925
2026-03-27,8,day_ahead_price,118.8808038961422,147.55750075
2026-03-27,9,day_ahead_price,108.83772125664514,114.0025005
2026-03-27,10,day_ahead_price,92.75747916344855,87.25999825
2026-03-27,11,day_ahead_price,76.8232796224709,72.8099995
2026-03-27,12,day_ahead_price,62.29774901309851,63.319998749999996
2026-03-27,13,day_ahead_price,68.02184595863658,59.5999995
2026-03-27,14,day_ahead_price,75.21887879302372,74.07500175
2026-03-27,15,day_ahead_price,95.9501551265772,92.32250049999999
2026-03-27,16,day_ahead_price,111.4121334152669,102.8949985
2026-03-27,17,day_ahead_price,130.84349472609236,128.397501
2026-03-27,18,day_ahead_price,150.35762336927553,143.00249475
2026-03-27,19,day_ahead_price,156.3929132459052,133.375002
2026-03-27,20,day_ahead_price,136.02768769052489,120.65750125
2026-03-27,21,day_ahead_price,120.50843813507683,118.67499925
2026-03-27,22,day_ahead_price,114.12209996232912,116.00000175
2026-03-27,23,day_ahead_price,106.95083140151084,105.24749925
2026-03-28,0,day_ahead_price,109.81135567981782,92.36999875000001
2026-03-28,1,day_ahead_price,106.5612358074289,92.66500075
2026-03-28,2,day_ahead_price,101.93493807881958,89.5474985
2026-03-28,3,day_ahead_price,99.64220154502821,87.26249899999999
2026-03-28,4,day_ahead_price,103.01330043717789,88.11750025
2026-03-28,5,day_ahead_price,105.76215927910371,88.54750075
2026-03-28,6,day_ahead_price,114.29843860751865,86.77750025
2026-03-28,7,day_ahead_price,126.51586224283812,79.1850015
2026-03-28,8,day_ahead_price,134.5333598761798,68.29999925
2026-03-28,9,day_ahead_price,101.42135958315255,44.9075005
2026-03-28,10,day_ahead_price,76.24886161718003,17.5825
2026-03-28,11,day_ahead_price,58.717047858302934,7.6475
2026-03-28,12,day_ahead_price,44.46825092417033,6.6975
2026-03-28,13,day_ahead_price,40.25607144766972,7.8475
2026-03-28,14,day_ahead_price,61.76543910256834,20.475
2026-03-28,15,day_ahead_price,82.07802942086377,54.24250025
2026-03-28,16,day_ahead_price,108.08508418767164,81.05000125
2026-03-28,17,day_ahead_price,138.7832398348915,105.52000025000001
2026-03-28,18,day_ahead_price,175.54444243983235,129.5249995
2026-03-28,19,day_ahead_price,157.17101088586935,154.06999975
2026-03-28,20,day_ahead_price,135.74145537135146,143.949995
2026-03-28,21,day_ahead_price,124.78303749059839,131.58999825
2026-03-28,22,day_ahead_price,115.64620748903795,125.33000175000001
2026-03-28,23,day_ahead_price,109.5106886997962,119.57999975
2026-03-29,0,day_ahead_price,110.96614712545822,114.55999925
2026-03-29,1,day_ahead_price,109.02745094202524,107.697502
2026-03-29,2,day_ahead_price,106.92344717520817,101.165001
2026-03-29,3,day_ahead_price,105.43586996966609,105.2250005
2026-03-29,4,day_ahead_price,109.69111628782287,104.6049995
2026-03-29,5,day_ahead_price,122.88217473107564,109.755001
2026-03-29,6,day_ahead_price,128.14448983908147,115.02999875
2026-03-29,7,day_ahead_price,135.25448593909059,114.8374995
2026-03-29,8,day_ahead_price,128.1877419669908,94.39749925
2026-03-29,9,day_ahead_price,92.61721436404854,74.80750175
2026-03-29,10,day_ahead_price,74.7611601997931,44.69749975
2026-03-29,11,day_ahead_price,61.508098408973915,10.01
2026-03-29,12,day_ahead_price,46.77782826434244,2.2625
2026-03-29,13,day_ahead_price,45.93072106722723,0.042499999999999996
2026-03-29,14,day_ahead_price,64.86054757217198,0.025
2026-03-29,15,day_ahead_price,78.02408912603772,0.8949999999999999
2026-03-29,16,day_ahead_price,104.82842789123178,32.7524995
2026-03-29,17,day_ahead_price,130.83447691096129,70.30499950000001
2026-03-29,18,day_ahead_price,153.1048890697244,93.05249950000001
2026-03-29,19,day_ahead_price,145.9977329692364,86.374998
2026-03-29,20,day_ahead_price,135.53264908425183,68.4825
2026-03-29,21,day_ahead_price,124.77561475812763,60.99749925
2026-03-29,22,day_ahead_price,115.41221520012415,25.6349995
2026-03-29,23,day_ahead_price,108.7192137841313,25.6349995
2026-03-30,0,day_ahead_price,55.74953732796415,9.1975
2026-03-30,1,day_ahead_price,55.93496006968454,3.555
2026-03-30,2,day_ahead_price,57.91820141616222,5.02
2026-03-30,3,day_ahead_price,57.08908742582847,3.825
2026-03-30,4,day_ahead_price,58.29034801847581,4.3575
2026-03-30,5,day_ahead_price,57.31326945533709,18.42249975
2026-03-30,6,day_ahead_price,77.0873824359629,64.82499975
2026-03-30,7,day_ahead_price,93.13040347726393,90.3125
2026-03-30,8,day_ahead_price,85.57568554172185,109.22250149999999
2026-03-30,9,day_ahead_price,72.9794599052005,96.8374995
2026-03-30,10,day_ahead_price,58.9820007051408,73.847499
2026-03-30,11,day_ahead_price,35.46181968059443,45.997499
2026-03-30,12,day_ahead_price,32.461236452396726,23.587500249999998
2026-03-30,13,day_ahead_price,35.20973371381907,11.99999975
2026-03-30,14,day_ahead_price,52.37618618912719,8.705
2026-03-30,15,day_ahead_price,73.6755187024958,12.9375
2026-03-30,16,day_ahead_price,83.93488340549521,35.1449995
2026-03-30,17,day_ahead_price,112.98967267238865,74.70750050000001
2026-03-30,18,day_ahead_price,133.28963077408685,100.27750025
2026-03-30,19,day_ahead_price,130.36549871918442,119.99249875
2026-03-30,20,day_ahead_price,115.77743514181056,121.727501
2026-03-30,21,day_ahead_price,112.41311977333223,107.42250050000001
2026-03-30,22,day_ahead_price,104.25299699217369,107.75750175
2026-03-30,23,day_ahead_price,95.63112667099837,108.8199995
2026-03-31,0,day_ahead_price,109.20223373197872,93.03750025
2026-03-31,1,day_ahead_price,103.64981045624255,93.56500075
2026-03-31,2,day_ahead_price,101.82630107828881,95.6099985
2026-03-31,3,day_ahead_price,103.15960086878104,97.22249975
2026-03-31,4,day_ahead_price,101.8333380733205,87.977499
2026-03-31,5,day_ahead_price,104.12980644361055,103.23999975000001
2026-03-31,6,day_ahead_price,110.14584892272784,117.40250225
2026-03-31,7,day_ahead_price,117.33492244944769,130.607498
2026-03-31,8,day_ahead_price,108.00372982571128,130.1999985
2026-03-31,9,day_ahead_price,90.45614339285972,119.34500125
2026-03-31,10,day_ahead_price,75.8806722192734,104.254999
2026-03-31,11,day_ahead_price,56.90674077454285,87.3500005
2026-03-31,12,day_ahead_price,57.32998290602352,78.669998
2026-03-31,13,day_ahead_price,46.02196997841227,55.2250005
2026-03-31,14,day_ahead_price,62.295141222287555,53.487500000000004
2026-03-31,15,day_ahead_price,85.73131619916535,63.05250075
2026-03-31,16,day_ahead_price,92.22263320050024,82.217499
2026-03-31,17,day_ahead_price,116.71578893226464,110.967499
2026-03-31,18,day_ahead_price,133.83223555828184,150.37000275
2026-03-31,19,day_ahead_price,134.3537469723632,174.2750015
2026-03-31,20,day_ahead_price,122.19905808924264,176.00500075
2026-03-31,21,day_ahead_price,111.36543728321305,171.7250025
2026-03-31,22,day_ahead_price,104.28435848567833,158.329998
2026-03-31,23,day_ahead_price,104.61620165219915,148.47000125
2026-04-01,0,day_ahead_price,111.9301172944144,145.630001
2026-04-01,1,day_ahead_price,109.48271066526704,129.60499775
2026-04-01,2,day_ahead_price,105.87482875529886,125.4125005
2026-04-01,3,day_ahead_price,105.69951289458417,129.62250325000002
2026-04-01,4,day_ahead_price,110.9274438495001,129.0774995
2026-04-01,5,day_ahead_price,118.74198196004376,146.50000375
2026-04-01,6,day_ahead_price,132.62008509196764,157.59749975
2026-04-01,7,day_ahead_price,132.79541884041294,184.18749975
2026-04-01,8,day_ahead_price,118.60844406797712,199.977497
2026-04-01,9,day_ahead_price,104.77741477822346,171.5149995
2026-04-01,10,day_ahead_price,88.1246933644992,139.79999924999998
2026-04-01,11,day_ahead_price,74.07422220907905,128.07750125
2026-04-01,12,day_ahead_price,55.22022847035899,115.0524995
2026-04-01,13,day_ahead_price,49.060151083136276,93.83499925
2026-04-01,14,day_ahead_price,62.09322085223503,86.3325025
2026-04-01,15,day_ahead_price,80.37102845282506,93.8374995
2026-04-01,16,day_ahead_price,95.81218514807215,105.51499925
2026-04-01,17,day_ahead_price,126.8469094075211,124.897501
2026-04-01,18,day_ahead_price,153.15007050449918,128.597498
2026-04-01,19,day_ahead_price,145.11938492005865,186.7024955
2026-04-01,20,day_ahead_price,126.53934906772682,164.2999995
2026-04-01,21,day_ahead_price,119.5580130780982,161.557499
2026-04-01,22,day_ahead_price,114.74397494461432,151.95249925
2026-04-01,23,day_ahead_price,106.49453947900615,129.38999925000002
2026-04-02,0,day_ahead_price,112.05432155134238,126.3375015
2026-04-02,1,day_ahead_price,108.07208456326819,118.995001
2026-04-02,2,day_ahead_price,107.063574644539,114.12499975
2026-04-02,3,day_ahead_price,108.14548543702905,107.817501
2026-04-02,4,day_ahead_price,108.97343719098205,106.5924985
2026-04-02,5,day_ahead_price,118.76329519000573,115.38500225
2026-04-02,6,day_ahead_price,138.60973823385882,118.72999949999999
2026-04-02,7,day_ahead_price,148.60615957406242,136.70000075000002
2026-04-02,8,day_ahead_price,127.3778267210835,146.767502
2026-04-02,9,day_ahead_price,99.69773126428895,114.2775
2026-04-02,10,day_ahead_price,90.4640827815195,90.66250125
2026-04-02,11,day_ahead_price,68.42971707271461,74.249999
2026-04-02,12,day_ahead_price,74.10605884512714,59.74499975
2026-04-02,13,day_ahead_price,60.729367928170014,42.45499975
2026-04-02,14,day_ahead_price,79.43690432151354,52.8599995
2026-04-02,15,day_ahead_price,85.47800465873657,73.76500025
2026-04-02,16,day_ahead_price,113.28617003812059,90.61999899999999
2026-04-02,17,day_ahead_price,141.8938220684969,105.9974995
2026-04-02,18,day_ahead_price,165.54636851671995,122.83250025
2026-04-02,19,day_ahead_price,163.93298480914112,130.15250025
2026-04-02,20,day_ahead_price,145.0986815553963,128.835001
2026-04-02,21,day_ahead_price,131.79446653596747,125.16000149999999
2026-04-02,22,day_ahead_price,125.39261993619034,116.1625025
2026-04-02,23,day_ahead_price,116.51227429237368,115.59250075
2026-04-03,0,day_ahead_price,103.46460095876125,123.9000015
2026-04-03,1,day_ahead_price,100.29517777802522,113.30249950000001
2026-04-03,2,day_ahead_price,98.7612555376119,108.17249875
2026-04-03,3,day_ahead_price,94.80718783342816,105.2975005
2026-04-03,4,day_ahead_price,94.47559979038438,104.5300005
2026-04-03,5,day_ahead_price,101.17366856265421,106.29750075
2026-04-03,6,day_ahead_price,114.56036520952665,112.91000174999999
2026-04-03,7,day_ahead_price,132.79273080916815,116.21999925
2026-04-03,8,day_ahead_price,133.60218828669002,121.699997
2026-04-03,9,day_ahead_price,103.65779358667488,113.18000024999999
2026-04-03,10,day_ahead_price,79.38361260913754,85.58500025000001
2026-04-03,11,day_ahead_price,52.955289354895946,52.9575
2026-04-03,12,day_ahead_price,47.03224879127221,27.66749975
2026-04-03,13,day_ahead_price,41.18326934784691,14.02
2026-04-03,14,day_ahead_price,55.854008299509104,8.405
2026-04-03,15,day_ahead_price,83.05557714600947,9.6625
2026-04-03,16,day_ahead_price,101.17277367501593,26.84250025
2026-04-03,17,day_ahead_price,120.95490873397506,66.7974975
2026-04-03,18,day_ahead_price,149.04853685043952,88.9725
2026-04-03,19,day_ahead_price,154.37687860266843,99.38999925
2026-04-03,20,day_ahead_price,139.77845452947952,94.22000299999999
2026-04-03,21,day_ahead_price,132.07091793418275,84.20250125
2026-04-03,22,day_ahead_price,121.75229027696278,80.73750100000001
2026-04-03,23,day_ahead_price,113.95221248459634,60.587500500000004
2026-04-04,0,day_ahead_price,58.88745130983239,13.3
2026-04-04,1,day_ahead_price,57.844026032391824,18.0325
2026-04-04,2,day_ahead_price,59.525887696167494,19.05250025
2026-04-04,3,day_ahead_price,57.70020235530459,11.4025
2026-04-04,4,day_ahead_price,54.350634542065315,9.3825
2026-04-04,5,day_ahead_price,59.481672670209996,11.735
2026-04-04,6,day_ahead_price,72.69138442536592,13.362499999999999
2026-04-04,7,day_ahead_price,92.58014393121204,19.2675
2026-04-04,8,day_ahead_price,92.54694056085476,16.69499975
2026-04-04,9,day_ahead_price,84.90636998124971,6.6
2026-04-04,10,day_ahead_price,72.172567671785,1.9425
2026-04-04,11,day_ahead_price,63.5713652670926,0.08
2026-04-04,12,day_ahead_price,59.122039168557656,0.0275
2026-04-04,13,day_ahead_price,44.048011483480444,0.1275
2026-04-04,14,day_ahead_price,49.97947981923008,0.10250000000000001
2026-04-04,15,day_ahead_price,68.57236887619857,0.0275
2026-04-04,16,day_ahead_price,73.12735107211505,10.689999750000002
2026-04-04,17,day_ahead_price,98.30404847509813,34.09750075
2026-04-04,18,day_ahead_price,115.89130795513454,94.2124975
2026-04-04,19,day_ahead_price,124.75532988466884,131.3500025
2026-04-04,20,day_ahead_price,116.11323806883276,120.39749925000001
2026-04-04,21,day_ahead_price,103.87583108493989,96.08999975
2026-04-04,22,day_ahead_price,98.18679829527427,73.920001
2026-04-04,23,day_ahead_price,103.00419083238997,41.8324995
2026-04-05,0,day_ahead_price,65.99186384087466,1.0625
2026-04-05,1,day_ahead_price,61.97915830362734,0.885
2026-04-05,2,day_ahead_price,64.82346910762779,1.205
2026-04-05,3,day_ahead_price,56.92489169884835,0.47250000000000003
2026-04-05,4,day_ahead_price,57.903582093904575,0.0
2026-04-05,5,day_ahead_price,63.725997360364296,0.0
2026-04-05,6,day_ahead_price,90.20358776790721,-0.0125
2026-04-05,7,day_ahead_price,107.95241973858943,-0.125
2026-04-05,8,day_ahead_price,103.42039791946469,0.0024999999999999953
2026-04-05,9,day_ahead_price,91.64097690225314,-1.3675000000000002
2026-04-05,10,day_ahead_price,63.89051697680203,-3.0275
2026-04-05,11,day_ahead_price,62.665599523251586,-5.7875
2026-04-05,12,day_ahead_price,51.29608001226666,-10.41000025
2026-04-05,13,day_ahead_price,45.38047047314893,-20.13250025
2026-04-05,14,day_ahead_price,39.71117110987401,-25.4575
2026-04-05,15,day_ahead_price,61.56785043861064,-24.11750025
2026-04-05,16,day_ahead_price,73.54759950766177,-19.46000025
2026-04-05,17,day_ahead_price,97.79618875348358,-2.5725000000000002
2026-04-05,18,day_ahead_price,116.74698318412135,0.11749999999999994
2026-04-05,19,day_ahead_price,131.67190736376673,20.0425
2026-04-05,20,day_ahead_price,119.16259427675627,33.350001
2026-04-05,21,day_ahead_price,98.44066639494095,30.2050005
2026-04-05,22,day_ahead_price,95.5571725792133,30.3775
2026-04-05,23,day_ahead_price,94.190027621292,19.02250075
2026-04-06,0,day_ahead_price,50.02502504157202,3.24
2026-04-06,1,day_ahead_price,50.60529742913472,1.985
2026-04-06,2,day_ahead_price,52.18127900819646,1.04
2026-04-06,3,day_ahead_price,53.208032608933266,1.36
2026-04-06,4,day_ahead_price,55.078671985318934,1.06
2026-04-06,5,day_ahead_price,55.52076295729331,2.11
2026-04-06,6,day_ahead_price,69.02208685087591,1.9849999999999999
2026-04-06,7,day_ahead_price,83.9001399533545,1.3325
2026-04-06,8,day_ahead_price,81.35590566985647,-0.0425
2026-04-06,9,day_ahead_price,75.49327234806256,-1.01
2026-04-06,10,day_ahead_price,64.54481005523415,-1.0150000000000001
2026-04-06,11,day_ahead_price,62.078283984919096,-3.96
2026-04-06,12,day_ahead_price,56.40105991249627,-5.1925
2026-04-06,13,day_ahead_price,53.30745055742226,-5.5575
2026-04-06,14,day_ahead_price,55.32805895417109,-5.1075
2026-04-06,15,day_ahead_price,73.71782784869357,-4.797499999999999
2026-04-06,16,day_ahead_price,81.23221238300751,-1.4575
2026-04-06,17,day_ahead_price,105.3619359728356,0.1725
2026-04-06,18,day_ahead_price,112.81924422379407,37.042500000000004
2026-04-06,19,day_ahead_price,111.66813576684203,104.89749925
2026-04-06,20,day_ahead_price,108.80102416696138,115.7074985
2026-04-06,21,day_ahead_price,100.33738639427159,109.22249975
2026-04-06,22,day_ahead_price,99.99320172804775,113.84749975
2026-04-06,23,day_ahead_price,91.83782753055549,108.80499825
2026-04-07,0,day_ahead_price,95.05565112960076,106.40000125
2026-04-07,1,day_ahead_price,99.18164073334144,101.29499825
2026-04-07,2,day_ahead_price,95.34970772337515,101.64750075
2026-04-07,3,day_ahead_price,94.77716845220813,102.27999875
2026-04-07,4,day_ahead_price,92.34677383228035,105.1349985
2026-04-07,5,day_ahead_price,101.80133613141601,112.807499
2026-04-07,6,day_ahead_price,107.58322127362231,132.62000075
2026-04-07,7,day_ahead_price,110.68879029720716,159.6449965
2026-04-07,8,day_ahead_price,123.01190694044158,127.85749625
2026-04-07,9,day_ahead_price,101.20375052197006,81.8025
2026-04-07,10,day_ahead_price,78.30071991799157,28.300000750000002
2026-04-07,11,day_ahead_price,68.22609436886977,6.555
2026-04-07,12,day_ahead_price,58.01585618067275,4.4
2026-04-07,13,day_ahead_price,47.2083624123026,2.895
2026-04-07,14,day_ahead_price,74.49824827152688,7.272499999999999
2026-04-07,15,day_ahead_price,72.84961067317863,6.22
2026-04-07,16,day_ahead_price,94.00258013325585,7.142500249999999
2026-04-07,17,day_ahead_price,122.50364241625236,79.902501
2026-04-07,18,day_ahead_price,134.6897865769858,137.99499724999998
2026-04-07,19,day_ahead_price,128.29907399039124,185.34249875
2026-04-07,20,day_ahead_price,120.53927780622116,182.555004
2026-04-07,21,day_ahead_price,115.41160929854371,141.7675015
2026-04-07,22,day_ahead_price,115.5131350937622,128.33750325
2026-04-07,23,day_ahead_price,108.50191781071373,118.19750225
2026-04-08,0,day_ahead_price,114.2042486313185,107.17000025
2026-04-08,1,day_ahead_price,110.84176926216502,102.209999
2026-04-08,2,day_ahead_price,106.06011690732487,100.8199995
2026-04-08,3,day_ahead_price,104.01528259822116,103.49749925
2026-04-08,4,day_ahead_price,105.8175634874775,107.51249875
2026-04-08,5,day_ahead_price,114.88089925009281,116.92749775
2026-04-08,6,day_ahead_price,129.60160197210902,145.590002
2026-04-08,7,day_ahead_price,135.35462224815166,168.79749675
2026-04-08,8,day_ahead_price,132.95934841193076,138.5075015
2026-04-08,9,day_ahead_price,105.28090701887372,97.449998
2026-04-08,10,day_ahead_price,82.85770506089688,67.4524995
2026-04-08,11,day_ahead_price,66.60112091521643,36.09000025
2026-04-08,12,day_ahead_price,47.13436863183576,38.6224995
2026-04-08,13,day_ahead_price,37.57115695513636,37.567500249999995
2026-04-08,14,day_ahead_price,58.4620010760854,36.862498
2026-04-08,15,day_ahead_price,76.48286114634656,33.4849995
2026-04-08,16,day_ahead_price,93.12548847150676,41.762499500000004
2026-04-08,17,day_ahead_price,117.98149820618137,91.8749975
2026-04-08,18,day_ahead_price,133.4519079007625,134.2474995
2026-04-08,19,day_ahead_price,153.31701230677584,170.0074995
2026-04-08,20,day_ahead_price,132.7543511494952,160.552498
2026-04-08,21,day_ahead_price,123.33394055722381,137.10249725
2026-04-08,22,day_ahead_price,126.84754794049798,121.3925
2026-04-08,23,day_ahead_price,118.31521771485677,109.4750005
2026-04-09,0,day_ahead_price,104.34337083682038,104.89749925
2026-04-09,1,day_ahead_price,98.50506610356447,101.102501
2026-04-09,2,day_ahead_price,95.96004290631461,101.09499774999999
2026-04-09,3,day_ahead_price,98.37786070549454,101.86249925
2026-04-09,4,day_ahead_price,96.07652860452627,104.8900015
2026-04-09,5,day_ahead_price,105.46382089193575,112.38000075
2026-04-09,6,day_ahead_price,121.85801116177863,130.59499925
2026-04-09,7,day_ahead_price,133.69029663657733,140.8624995
2026-04-09,8,day_ahead_price,133.74056015734885,128.090002
2026-04-09,9,day_ahead_price,93.09073099376124,99.6749995
2026-04-09,10,day_ahead_price,68.95758757000884,55.18
2026-04-09,11,day_ahead_price,44.708250959255025,7.03
2026-04-09,12,day_ahead_price,18.954960369049864,3.89
2026-04-09,13,day_ahead_price,9.295990173786876,2.0
2026-04-09,14,day_ahead_price,21.322142511810053,1.34
2026-04-09,15,day_ahead_price,47.314819252702534,3.8175
2026-04-09,16,day_ahead_price,71.44411301745505,27.8424995
2026-04-09,17,day_ahead_price,98.780051967184,77.99750075
2026-04-09,18,day_ahead_price,132.64471372045148,106.0875015
2026-04-09,19,day_ahead_price,162.9978955706139,113.21749875
2026-04-09,20,day_ahead_price,140.07886684055347,107.30749850000001
2026-04-09,21,day_ahead_price,133.9789333784695,87.590001
2026-04-09,22,day_ahead_price,123.61435330533074,71.17749975000001
2026-04-09,23,day_ahead_price,117.04159976126061,61.19999975
2026-04-10,0,day_ahead_price,59.94228648556245,62.052499999999995
2026-04-10,1,day_ahead_price,54.52581336355914,62.227499
2026-04-10,2,day_ahead_price,53.118234475105744,61.84249975
2026-04-10,3,day_ahead_price,50.56137023048528,59.38749875
2026-04-10,4,day_ahead_price,48.77756527068139,65.39750025000001
2026-04-10,5,day_ahead_price,47.42365268577423,76.75249975
2026-04-10,6,day_ahead_price,70.00977766735396,104.60999875
2026-04-10,7,day_ahead_price,91.87612776319345,121.62249925
2026-04-10,8,day_ahead_price,83.88275272693738,123.0874995
2026-04-10,9,day_ahead_price,65.2422970992156,119.1574975
2026-04-10,10,day_ahead_price,52.915774480734186,109.84000025
2026-04-10,11,day_ahead_price,31.307345148249627,102.98999975
2026-04-10,12,day_ahead_price,12.455504806211326,92.09
2026-04-10,13,day_ahead_price,11.36266223654558,88.9375
2026-04-10,14,day_ahead_price,15.476532720920668,87.39999975
2026-04-10,15,day_ahead_price,44.30808913750745,94.017498
2026-04-10,16,day_ahead_price,66.89796506678508,108.7799985
2026-04-10,17,day_ahead_price,96.83768212928148,127.20250125000001
2026-04-10,18,day_ahead_price,112.46948796766671,150.4299965
2026-04-10,19,day_ahead_price,132.4230542760753,221.63999975000002
2026-04-10,20,day_ahead_price,125.49864456009409,238.1574975
2026-04-10,21,day_ahead_price,106.49536281543989,170.62999725
2026-04-10,22,day_ahead_price,104.43113787419738,142.074999
2026-04-10,23,day_ahead_price,96.14528951183038,125.7200015
2026-04-11,0,day_ahead_price,116.50924403632297,130.199999
2026-04-11,1,day_ahead_price,112.04660466656618,118.9799995
2026-04-11,2,day_ahead_price,110.36284011230183,114.3375015
2026-04-11,3,day_ahead_price,108.57432414804545,112.23499875
2026-04-11,4,day_ahead_price,109.76975769873695,110.83749974999999
2026-04-11,5,day_ahead_price,122.76319535571575,108.3600005
2026-04-11,6,day_ahead_price,142.60864758998983,106.6049995
2026-04-11,7,day_ahead_price,149.2304366368508,93.23749925
2026-04-11,8,day_ahead_price,133.85426928694963,70.2525015
2026-04-11,9,day_ahead_price,107.61875355172239,26.16749975
2026-04-11,10,day_ahead_price,91.68964568867713,7.2524999999999995
2026-04-11,11,day_ahead_price,84.10564563724331,0.8125
2026-04-11,12,day_ahead_price,86.85548926725289,-8.0
2026-04-11,13,day_ahead_price,66.50108219354787,-15.1725
2026-04-11,14,day_ahead_price,74.2284865679173,-17.2425
2026-04-11,15,day_ahead_price,88.78069041147673,-17.935
2026-04-11,16,day_ahead_price,109.77959174809179,-3.055
2026-04-11,17,day_ahead_price,139.72231897882045,2.1399999999999997
2026-04-11,18,day_ahead_price,154.93013564175325,43.6975
2026-04-11,19,day_ahead_price,162.09610519444828,61.742499249999995
2026-04-11,20,day_ahead_price,142.29479031186125,60.172501499999996
2026-04-11,21,day_ahead_price,124.15540880414466,52.9874995
2026-04-11,22,day_ahead_price,118.61671280671504,51.81750025
2026-04-11,23,day_ahead_price,112.33416235169749,49.7575
2026-04-12,0,day_ahead_price,50.74987686551083,56.267499
2026-04-12,1,day_ahead_price,51.91272724473477,56.59500025
2026-04-12,2,day_ahead_price,54.23550674683346,59.56750025
2026-04-12,3,day_ahead_price,52.78552026923997,76.55999975
2026-04-12,4,day_ahead_price,53.43914263800956,85.68250075
2026-04-12,5,day_ahead_price,55.7859645139782,89.58499925
2026-04-12,6,day_ahead_price,69.80272705549571,88.9524995
2026-04-12,7,day_ahead_price,78.4253505088059,87.38750075
2026-04-12,8,day_ahead_price,86.25694012346476,76.102499
2026-04-12,9,day_ahead_price,78.16799803461431,53.3224995
2026-04-12,10,day_ahead_price,62.93506910766611,30.2325
2026-04-12,11,day_ahead_price,59.021373642807205,22.4150005
2026-04-12,12,day_ahead_price,49.472878428732365,14.975
2026-04-12,13,day_ahead_price,40.32418868232054,4.4625
2026-04-12,14,day_ahead_price,49.031417987536884,7.6475
2026-04-12,15,day_ahead_price,74.07619193549236,15.90499975
2026-04-12,16,day_ahead_price,89.45400020499875,66.91249825
2026-04-12,17,day_ahead_price,114.20268147574546,102.6674995
2026-04-12,18,day_ahead_price,127.03628906274652,131.70999925
2026-04-12,19,day_ahead_price,120.48605322745169,144.01750175
2026-04-12,20,day_ahead_price,118.7562527929398,145.75749975000002
2026-04-12,21,day_ahead_price,105.1526075156948,136.732502
2026-04-12,22,day_ahead_price,96.33305200364472,130.607498
2026-04-12,23,day_ahead_price,92.6469660009848,121.0075015
2026-04-13,0,day_ahead_price,114.61534928415026,116.17499925
2026-04-13,1,day_ahead_price,111.81839884619198,109.795
2026-04-13,2,day_ahead_price,109.1601219845046,107.31499875
2026-04-13,3,day_ahead_price,108.01061716500921,107.59000025
2026-04-13,4,day_ahead_price,107.94758243127956,110.0200005
2026-04-13,5,day_ahead_price,119.58229835200163,117.64250175000001
2026-04-13,6,day_ahead_price,134.1159607115901,134.925005
2026-04-13,7,day_ahead_price,136.4238799063741,144.3375015
2026-04-13,8,day_ahead_price,120.46254124753281,173.0525015
2026-04-13,9,day_ahead_price,105.26559275796859,160.96499649999998
2026-04-13,10,day_ahead_price,87.03254075111542,138.62999925
2026-04-13,11,day_ahead_price,68.50284453020947,116.00000025
2026-04-13,12,day_ahead_price,63.0281579615127,104.73499875
2026-04-13,13,day_ahead_price,68.60405142126835,97.3925
2026-04-13,14,day_ahead_price,61.482857030638186,101.69499975
2026-04-13,15,day_ahead_price,69.22675990283483,104.637501
2026-04-13,16,day_ahead_price,82.28646530320012,114.53499975
2026-04-13,17,day_ahead_price,102.25545657439676,122.249998
2026-04-13,18,day_ahead_price,124.74760226698409,135.6724965
2026-04-13,19,day_ahead_price,133.6079393947821,148.21249775
2026-04-13,20,day_ahead_price,124.3788496665239,137.04499825
2026-04-13,21,day_ahead_price,113.00974518715589,126.11500000000001
2026-04-13,22,day_ahead_price,104.9100773911968,118.41
2026-04-13,23,day_ahead_price,99.04075967993121,116.88500024999999
2026-04-14,0,day_ahead_price,118.82747189895171,114.02250099999999
2026-04-14,1,day_ahead_price,111.00574215849188,113.66499925
2026-04-14,2,day_ahead_price,107.00065881279333,114.9899995
2026-04-14,3,day_ahead_price,108.49564944235529,113.38500025
2026-04-14,4,day_ahead_price,104.15363479593621,114.5649985
2026-04-14,5,day_ahead_price,114.21483118369808,117.76000025
2026-04-14,6,day_ahead_price,129.3216560235909,136.07249825
2026-04-14,7,day_ahead_price,135.71518341437226,162.78999725
2026-04-14,8,day_ahead_price,123.406263983299,164.49499525
2026-04-14,9,day_ahead_price,97.30816370893561,144.32999825
2026-04-14,10,day_ahead_price,79.47024722189613,128.829998
2026-04-14,11,day_ahead_price,55.93762555499452,117.33250025
2026-04-14,12,day_ahead_price,51.16095840353164,109.5074995
2026-04-14,13,day_ahead_price,27.131274537942904,104.69999899999999
2026-04-14,14,day_ahead_price,29.533504234860622,108.91000175
2026-04-14,15,day_ahead_price,54.60192552509508,115.567501
2026-04-14,16,day_ahead_price,85.95787143542726,119.99749925
2026-04-14,17,day_ahead_price,109.50045932014854,129.32499875000002
2026-04-14,18,day_ahead_price,129.5748609350669,158.7649995
2026-04-14,19,day_ahead_price,145.63790202794047,221.37250125
2026-04-14,20,day_ahead_price,140.24038627997197,232.687504
2026-04-14,21,day_ahead_price,123.89311111986368,165.94750224999999
2026-04-14,22,day_ahead_price,121.99737609776255,147.21749875
2026-04-14,23,day_ahead_price,111.81256073610272,132.9450015
2026-04-15,0,day_ahead_price,118.2431897822711,120.40999975
2026-04-15,1,day_ahead_price,113.60340227582654,116.45750050000001
2026-04-15,2,day_ahead_price,109.34837086937115,111.76749975
2026-04-15,3,day_ahead_price,108.7088723044061,110.0175
2026-04-15,4,day_ahead_price,108.79339587009682,110.84249875
2026-04-15,5,day_ahead_price,115.33843960591113,122.58000175000001
2026-04-15,6,day_ahead_price,122.04947972839449,148.310005
2026-04-15,7,day_ahead_price,132.75097748458666,159.55249775
2026-04-15,8,day_ahead_price,137.21697505815237,140.10000225
2026-04-15,9,day_ahead_price,106.13856741649201,116.3199995
2026-04-15,10,day_ahead_price,78.28541264904811,100.802498
2026-04-15,11,day_ahead_price,61.12973498382975,78.9399995
2026-04-15,12,day_ahead_price,47.33753488313839,61.61000075
2026-04-15,13,day_ahead_price,45.907056730888655,53.45749925
2026-04-15,14,day_ahead_price,37.00983734181032,67.2575015
2026-04-15,15,day_ahead_price,66.41834759210062,81.4924985
2026-04-15,16,day_ahead_price,95.91568941924602,99.25499925
2026-04-15,17,day_ahead_price,121.51440258173754,124.84000225
2026-04-15,18,day_ahead_price,137.58143124649246,140.63750249999998
2026-04-15,19,day_ahead_price,156.6092668467815,174.4375035
2026-04-15,20,day_ahead_price,139.5733582154225,176.755001
2026-04-15,21,day_ahead_price,127.62721863191936,145.38749875
2026-04-15,22,day_ahead_price,116.9013204101629,130.71500025
2026-04-15,23,day_ahead_price,106.69518647705748,116.62750075
2026-04-16,0,day_ahead_price,117.41305393481949,106.21500025
2026-04-16,1,day_ahead_price,113.18048310489249,101.39750075
2026-04-16,2,day_ahead_price,110.70520708062658,99.59500125
2026-04-16,3,day_ahead_price,108.3309869637817,98.36499975
2026-04-16,4,day_ahead_price,111.84634529864768,100.902502
2026-04-16,5,day_ahead_price,119.29145218956924,109.0999985
2026-04-16,6,day_ahead_price,121.31526139938107,137.50500125
2026-04-16,7,day_ahead_price,140.92418860320313,141.18999875
2026-04-16,8,day_ahead_price,127.23477613031184,133.635002
2026-04-16,9,day_ahead_price,124.6432769813606,110.19499975
2026-04-16,10,day_ahead_price,101.18107564183401,96.35250075
2026-04-16,11,day_ahead_price,71.56135352731275,75.6725015
2026-04-16,12,day_ahead_price,49.94996421482238,60.61499975
2026-04-16,13,day_ahead_price,46.391463905427564,49.664999
2026-04-16,14,day_ahead_price,58.63175532324368,56.28999875
2026-04-16,15,day_ahead_price,88.28770749644796,70.87000075
2026-04-16,16,day_ahead_price,106.01009617624794,89.75749775
2026-04-16,17,day_ahead_price,130.21280516612055,111.55500025
2026-04-16,18,day_ahead_price,153.8112389996515,131.14499875
2026-04-16,19,day_ahead_price,159.8884406395569,166.92749425
2026-04-16,20,day_ahead_price,141.78290601108978,187.31749725
2026-04-16,21,day_ahead_price,131.92206457342755,155.01000225
2026-04-16,22,day_ahead_price,120.80380243640663,138.760002
2026-04-16,23,day_ahead_price,105.43381292503672,127.36249725
2026-04-17,0,day_ahead_price,118.10805390331006,121.77250125
2026-04-17,1,day_ahead_price,113.18716938171768,115.522499
2026-04-17,2,day_ahead_price,109.97660301232332,112.5324995
2026-04-17,3,day_ahead_price,108.05529643658517,108.51250075
2026-04-17,4,day_ahead_price,111.567752417209,111.46750075
2026-04-17,5,day_ahead_price,117.10675155234968,120.19249925
2026-04-17,6,day_ahead_price,134.04595412204245,146.567501
2026-04-17,7,day_ahead_price,141.07180409778812,148.5550005
2026-04-17,8,day_ahead_price,144.9806151899588,127.15750125
2026-04-17,9,day_ahead_price,112.51690284690221,102.73999975000001
2026-04-17,10,day_ahead_price,98.16872119441486,91.25749875
2026-04-17,11,day_ahead_price,71.44970624737884,67.6275005
2026-04-17,12,day_ahead_price,61.38735770367795,52.489999749999996
2026-04-17,13,day_ahead_price,57.09280980575197,47.400000750000004
2026-04-17,14,day_ahead_price,70.899320911637,47.89249875
2026-04-17,15,day_ahead_price,99.21707707636601,59.9975
2026-04-17,16,day_ahead_price,103.97361028376864,81.819999
2026-04-17,17,day_ahead_price,117.49211370635825,102.3099995
2026-04-17,18,day_ahead_price,145.87039960051808,125.51500300000001
2026-04-17,19,day_ahead_price,136.56221093694586,154.57250225
2026-04-17,20,day_ahead_price,131.8251736412252,154.6274985
2026-04-17,21,day_ahead_price,115.39096649336578,138.007498
2026-04-17,22,day_ahead_price,108.2868573048337,123.9299985
2026-04-17,23,day_ahead_price,104.15807320986002,112.71000075
2026-04-18,0,day_ahead_price,109.01573672601268,113.7749995
2026-04-18,1,day_ahead_price,106.32360798771897,108.5599995
2026-04-18,2,day_ahead_price,104.10822201077322,106.2925015
2026-04-18,3,day_ahead_price,103.21818688364843,104.42999825
2026-04-18,4,day_ahead_price,103.12993859398192,104.499998
2026-04-18,5,day_ahead_price,112.79356866811793,106.53499975
2026-04-18,6,day_ahead_price,130.02403666462732,108.30250175
2026-04-18,7,day_ahead_price,135.4902730066069,105.74250025
2026-04-18,8,day_ahead_price,117.7621051883356,92.28749875
2026-04-18,9,day_ahead_price,95.7047411520553,75.31250299999999
2026-04-18,10,day_ahead_price,73.24539499633828,53.644999250000005
2026-04-18,11,day_ahead_price,68.48464172450917,40.6399995
2026-04-18,12,day_ahead_price,47.167016875197895,32.10000025
2026-04-18,13,day_ahead_price,41.52613209480096,34.03999875
2026-04-18,14,day_ahead_price,41.42147822605421,34.75749975
2026-04-18,15,day_ahead_price,41.935456376661136,34.672499
2026-04-18,16,day_ahead_price,74.82424108311919,51.75749925
2026-04-18,17,day_ahead_price,99.58326697864463,90.80500025
2026-04-18,18,day_ahead_price,130.7276530127185,119.59500125
2026-04-18,19,day_ahead_price,160.02969244971717,131.53999725
2026-04-18,20,day_ahead_price,154.46041362877742,144.8899995
2026-04-18,21,day_ahead_price,136.25703034055732,140.2949985
2026-04-18,22,day_ahead_price,128.4488009199176,129.99250225
2026-04-18,23,day_ahead_price,120.38723505060834,125.0
2026-04-19,0,day_ahead_price,116.64265073496462,116.5599995
2026-04-19,1,day_ahead_price,111.39282300609287,109.95000075
2026-04-19,2,day_ahead_price,108.74344719776973,109.20500175000001
2026-04-19,3,day_ahead_price,108.93537245833298,106.32250024999999
2026-04-19,4,day_ahead_price,109.77942140749788,105.41500075
2026-04-19,5,day_ahead_price,119.48964418238226,106.54999925
2026-04-19,6,day_ahead_price,125.82647900823291,104.78249925
2026-04-19,7,day_ahead_price,112.07543898431047,100.032501
2026-04-19,8,day_ahead_price,116.2415187497358,96.62999925
2026-04-19,9,day_ahead_price,94.5188933687851,93.842499
2026-04-19,10,day_ahead_price,67.69485285705463,71.38499725
2026-04-19,11,day_ahead_price,50.7085297461027,35.62750025
2026-04-19,12,day_ahead_price,37.54796777016482,28.1400005
2026-04-19,13,day_ahead_price,32.65769653283418,22.2925005
2026-04-19,14,day_ahead_price,31.045171799711778,21.7899995
2026-04-19,15,day_ahead_price,49.28955555025152,21.9999995
2026-04-19,16,day_ahead_price,66.50636991934475,32.10750025
2026-04-19,17,day_ahead_price,100.43091949556216,73.75750024999999
2026-04-19,18,day_ahead_price,139.54615752670603,103.8549995
2026-04-19,19,day_ahead_price,143.7352329151265,117.35249925
2026-04-19,20,day_ahead_price,135.4169199986085,124.11249925
2026-04-19,21,day_ahead_price,131.893175536824,121.54750075
2026-04-19,22,day_ahead_price,122.2456667113577,119.362501
2026-04-19,23,day_ahead_price,111.94815592368644,111.2325
2026-04-20,0,day_ahead_price,103.68289507126968,106.30750075
2026-04-20,1,day_ahead_price,102.41493911174142,101.11249925
2026-04-20,2,day_ahead_price,101.59960879306774,99.01250075
2026-04-20,3,day_ahead_price,102.35520915567018,99.040001
2026-04-20,4,day_ahead_price,100.14760564409804,102.30249975
2026-04-20,5,day_ahead_price,103.13905591900314,111.6000005
2026-04-20,6,day_ahead_price,118.62357384062724,129.38500025
2026-04-20,7,day_ahead_price,123.50193917996978,142.2074985
2026-04-20,8,day_ahead_price,117.84702003365827,134.319996
2026-04-20,9,day_ahead_price,100.7938289293782,110.0149995
2026-04-20,10,day_ahead_price,78.64840730584928,90.1975
2026-04-20,11,day_ahead_price,41.71249752137662,75.88749999999999
2026-04-20,12,day_ahead_price,33.44029410326099,51.182499750000005
2026-04-20,13,day_ahead_price,26.68395742215804,32.595
2026-04-20,14,day_ahead_price,32.21343092686839,29.56999975
2026-04-20,15,day_ahead_price,45.678607405431414,46.475
2026-04-20,16,day_ahead_price,65.81689639633888,78.32499875
2026-04-20,17,day_ahead_price,96.719970944663,97.24500075
2026-04-20,18,day_ahead_price,129.1752891195661,112.909998
2026-04-20,19,day_ahead_price,141.37291615734196,123.407501
2026-04-20,20,day_ahead_price,135.8579420720428,127.18000025
2026-04-20,21,day_ahead_price,122.4364135573665,121.94000075
2026-04-20,22,day_ahead_price,115.85341392166582,115.97249975
2026-04-20,23,day_ahead_price,114.87928538317479,106.7924995
2026-04-21,0,day_ahead_price,104.16784605168276,98.999998
2026-04-21,1,day_ahead_price,98.87829228387007,98.6425
2026-04-21,2,day_ahead_price,94.30988752523949,98.37249750000001
2026-04-21,3,day_ahead_price,95.7548458344337,99.07499874999999
2026-04-21,4,day_ahead_price,97.55982140629887,100.1900005
2026-04-21,5,day_ahead_price,100.55124648573417,108.4475
2026-04-21,6,day_ahead_price,117.36943041955917,127.08499925000001
2026-04-21,7,day_ahead_price,140.35742585512725,135.3274975
2026-04-21,8,day_ahead_price,136.65899598094472,118.94750024999999
2026-04-21,9,day_ahead_price,115.1023767614533,97.30500125
2026-04-21,10,day_ahead_price,91.30791272005433,59.8949985
2026-04-21,11,day_ahead_price,66.56687348258812,20.995
2026-04-21,12,day_ahead_price,55.33962443606392,8.67
2026-04-21,13,day_ahead_price,49.19670600972847,6.2025
2026-04-21,14,day_ahead_price,53.57250213243874,6.3325
2026-04-21,15,day_ahead_price,59.405969914493596,8.545
2026-04-21,16,day_ahead_price,87.36991573640513,17.424999500000002
2026-04-21,17,day_ahead_price,106.0021501725836,69.82999875
2026-04-21,18,day_ahead_price,135.77055198013778,102.64500050000001
2026-04-21,19,day_ahead_price,161.48838431666385,134.1100025
2026-04-21,20,day_ahead_price,144.91395430367982,144.7750015
2026-04-21,21,day_ahead_price,136.23703543450384,129.620001
2026-04-21,22,day_ahead_price,122.97329449168643,119.8449995
2026-04-21,23,day_ahead_price,109.4639870795717,111.87250125
2026-04-22,0,day_ahead_price,106.80796792230743,107.09500125
2026-04-22,1,day_ahead_price,103.82882980187848,104.1100005
2026-04-22,2,day_ahead_price,101.16787709407627,104.199999
2026-04-22,3,day_ahead_price,101.26590510537913,104.84750174999999
2026-04-22,4,day_ahead_price,100.75531503795341,109.692499
2026-04-22,5,day_ahead_price,104.10605128105436,121.23250225
2026-04-22,6,day_ahead_price,120.6557586333838,139.84249675
2026-04-22,7,day_ahead_price,135.26496758495784,134.7975005
2026-04-22,8,day_ahead_price,127.10191678204785,113.86500375
2026-04-22,9,day_ahead_price,94.86058658956692,79.86250125
2026-04-22,10,day_ahead_price,68.13007136321724,21.59750025
2026-04-22,11,day_ahead_price,31.71883764950809,0.095
2026-04-22,12,day_ahead_price,34.820260483759306,-0.0825
2026-04-22,13,day_ahead_price,18.664146875915158,-0.0825
2026-04-22,14,day_ahead_price,15.659063007002867,-1.0525
2026-04-22,15,day_ahead_price,32.29523413390896,-0.2925
2026-04-22,16,day_ahead_price,60.06194712799202,0.8675
2026-04-22,17,day_ahead_price,89.21097224385313,57.40500025
2026-04-22,18,day_ahead_price,122.12474932428776,101.762501
2026-04-22,19,day_ahead_price,134.86684926772543,130.987503
2026-04-22,20,day_ahead_price,137.99261528111975,144.7625045
2026-04-22,21,day_ahead_price,127.96840694661029,121.61499975
2026-04-22,22,day_ahead_price,119.85794825240836,114.402502
2026-04-22,23,day_ahead_price,104.00704441826366,105.07749925
2026-04-23,0,day_ahead_price,96.29320829317112,100.13999925
2026-04-23,1,day_ahead_price,94.78445002941874,97.62500025
2026-04-23,2,day_ahead_price,94.28604079919083,96.73500075
2026-04-23,3,day_ahead_price,87.70409156169168,96.2075005
2026-04-23,4,day_ahead_price,88.31658363903715,95.85000025
2026-04-23,5,day_ahead_price,99.91312300052452,104.15999975
2026-04-23,6,day_ahead_price,118.9249986614167,119.0
2026-04-23,7,day_ahead_price,126.47656302159659,119.4000015
2026-04-23,8,day_ahead_price,122.15451511827685,109.697502
2026-04-23,9,day_ahead_price,88.50055234235245,64.82749975
2026-04-23,10,day_ahead_price,47.11534103830525,15.527499749999999
2026-04-23,11,day_ahead_price,26.27894752658918,4.57
2026-04-23,12,day_ahead_price,15.486296880336711,1.65
2026-04-23,13,day_ahead_price,9.901115021903587,0.175
2026-04-23,14,day_ahead_price,3.875627582912573,-0.0075
2026-04-23,15,day_ahead_price,20.119235145700976,-0.01
2026-04-23,16,day_ahead_price,51.286074919990774,0.35000000000000003
2026-04-23,17,day_ahead_price,87.74653966037806,21.99000075
2026-04-23,18,day_ahead_price,109.44656044718052,93.57250049999999
2026-04-23,19,day_ahead_price,138.58432752690416,113.35249875
2026-04-23,20,day_ahead_price,146.64706911548112,121.2975005
2026-04-23,21,day_ahead_price,129.76747251322215,113.2999995
2026-04-23,22,day_ahead_price,120.1520136747285,102.47999925
2026-04-23,23,day_ahead_price,115.4429958137406,99.4574985
2026-04-24,0,day_ahead_price,87.0691351806098,102.45499825
2026-04-24,1,day_ahead_price,82.49958271748356,100.12999925
2026-04-24,2,day_ahead_price,88.883337198894,100.70999925
2026-04-24,3,day_ahead_price,80.42036945290623,101.68999875
2026-04-24,4,day_ahead_price,79.8889940803285,105.272501
2026-04-24,5,day_ahead_price,85.12485644398903,109.8775005
2026-04-24,6,day_ahead_price,101.82328059903384,128.0
2026-04-24,7,day_ahead_price,106.65554973146128,137.98750475
2026-04-24,8,day_ahead_price,106.08456578264635,117.6849975
2026-04-24,9,day_ahead_price,67.06411485935823,80.90499675000001
2026-04-24,10,day_ahead_price,35.37471816952828,22.615
2026-04-24,11,day_ahead_price,9.2425538641724,5.1975
2026-04-24,12,day_ahead_price,17.61711886512852,2.1425
2026-04-24,13,day_ahead_price,13.72211446303887,0.8125
2026-04-24,14,day_ahead_price,10.20453151017334,0.05
2026-04-24,15,day_ahead_price,8.757658930104448,0.0
2026-04-24,16,day_ahead_price,41.17677096242039,0.0
2026-04-24,17,day_ahead_price,81.57656920714388,50.90750025
2026-04-24,18,day_ahead_price,107.33234639523985,104.81749825
2026-04-24,19,day_ahead_price,134.5348487982596,123.5150015
2026-04-24,20,day_ahead_price,128.78492898555123,131.53499975
2026-04-24,21,day_ahead_price,109.84464055624827,119.5300005
2026-04-24,22,day_ahead_price,108.86421544009642,105.85750225
2026-04-24,23,day_ahead_price,97.25477829281179,96.9475005
2026-04-25,0,day_ahead_price,90.76869668595054,81.8575
2026-04-25,1,day_ahead_price,89.03578484619432,75.36000075
2026-04-25,2,day_ahead_price,91.61197637904323,70.750002
2026-04-25,3,day_ahead_price,87.58712527703605,60.6225005
2026-04-25,4,day_ahead_price,82.61571910134597,55.9975005
2026-04-25,5,day_ahead_price,97.87239425735697,54.1475
2026-04-25,6,day_ahead_price,112.61513928354675,51.64500025
2026-04-25,7,day_ahead_price,103.08401109295433,46.14
2026-04-25,8,day_ahead_price,100.63708253941614,19.35000025
2026-04-25,9,day_ahead_price,76.35673001581881,0.6224999999999999
2026-04-25,10,day_ahead_price,41.304603297401,-1.3725
2026-04-25,11,day_ahead_price,23.105257058211652,-9.3725
2026-04-25,12,day_ahead_price,22.97937131267073,-20.0
2026-04-25,13,day_ahead_price,5.000117320194283,-31.2775
2026-04-25,14,day_ahead_price,10.212128274161595,-31.1700005
2026-04-25,15,day_ahead_price,22.636048104725116,-29.400000249999998
2026-04-25,16,day_ahead_price,45.37484859502912,-15.9975
2026-04-25,17,day_ahead_price,83.50563984397337,-0.9275
2026-04-25,18,day_ahead_price,105.86532732361118,5.375
2026-04-25,19,day_ahead_price,134.90746721532122,57.45500025
2026-04-25,20,day_ahead_price,135.70956768415198,75.420002
2026-04-25,21,day_ahead_price,119.11526617029726,72.00500124999999
2026-04-25,22,day_ahead_price,104.58263968119626,72.67749975000001
2026-04-25,23,day_ahead_price,101.44960744824952,69.9799995
2026-04-26,0,day_ahead_price,55.98768889471172,79.43999875
2026-04-26,1,day_ahead_price,56.59483379781091,83.595001
2026-04-26,2,day_ahead_price,58.663131634043886,87.0999985
2026-04-26,3,day_ahead_price,55.27810754844524,90.48749925
2026-04-26,4,day_ahead_price,54.62917067126912,94.15250025
2026-04-26,5,day_ahead_price,59.615229909412086,98.6399995
2026-04-26,6,day_ahead_price,72.20029952173105,94.1849995
2026-04-26,7,day_ahead_price,82.7803544391782,83.47000125
2026-04-26,8,day_ahead_price,75.16230646120155,55.03500175
2026-04-26,9,day_ahead_price,62.61069663604036,4.3525
2026-04-26,10,day_ahead_price,33.73398614413867,1.58
2026-04-26,11,day_ahead_price,21.354788964408133,1.3075
2026-04-26,12,day_ahead_price,5.441386107977669,0.515
2026-04-26,13,day_ahead_price,9.547031191503219,0.19
2026-04-26,14,day_ahead_price,2.5176886877334077,0.0
2026-04-26,15,day_ahead_price,14.296323178016713,0.005
2026-04-26,16,day_ahead_price,37.8817264153568,1.605
2026-04-26,17,day_ahead_price,73.10266245737836,12.46749975
2026-04-26,18,day_ahead_price,112.710212263207,113.097496
2026-04-26,19,day_ahead_price,121.72544653619333,150.28749825
2026-04-26,20,day_ahead_price,112.16945946285955,157.814995
2026-04-26,21,day_ahead_price,101.59398998545345,140.652504
2026-04-26,22,day_ahead_price,95.31697612439943,126.4075015
2026-04-26,23,day_ahead_price,85.31263776923255,122.87500025
2026-04-27,0,day_ahead_price,116.09752571872009,118.44750025
2026-04-27,1,day_ahead_price,107.9336051204271,113.02999875
2026-04-27,2,day_ahead_price,109.37340697087538,112.710001
2026-04-27,3,day_ahead_price,105.8548608871343,112.82499875
2026-04-27,4,day_ahead_price,107.93583334940816,116.73999975
2026-04-27,5,day_ahead_price,117.47979634980042,125.66749575
2026-04-27,6,day_ahead_price,133.6696261807106,165.56749725
2026-04-27,7,day_ahead_price,133.78150276247834,153.6900045
2026-04-27,8,day_ahead_price,126.4121226369496,126.949999
2026-04-27,9,day_ahead_price,101.69895751116825,98.675001
2026-04-27,10,day_ahead_price,67.55213065218666,74.7250025
2026-04-27,11,day_ahead_price,41.49898455268242,23.049999749999998
2026-04-27,12,day_ahead_price,34.78624257482688,18.51749975
2026-04-27,13,day_ahead_price,23.93654030368174,14.9975
2026-04-27,14,day_ahead_price,36.72516011095303,16.895
2026-04-27,15,day_ahead_price,25.591390300525962,18.4350005
2026-04-27,16,day_ahead_price,64.02025532695596,68.66500024999999
2026-04-27,17,day_ahead_price,90.96210414979447,107.1849995
2026-04-27,18,day_ahead_price,126.81251732246947,129.852499
2026-04-27,19,day_ahead_price,134.71261572657127,172.29999924999998
2026-04-27,20,day_ahead_price,137.17999853615407,188.11750025
2026-04-27,21,day_ahead_price,127.29631751360472,148.45999899999998
2026-04-27,22,day_ahead_price,121.0066063699674,125.64750099999999
2026-04-27,23,day_ahead_price,109.64153610389646,115.2024995
2026-04-28,0,day_ahead_price,118.54758854101664,112.66000175
2026-04-28,1,day_ahead_price,111.2810972826503,106.90250225
2026-04-28,2,day_ahead_price,109.53890268651638,102.9799995
2026-04-28,3,day_ahead_price,107.63858789438346,102.83
2026-04-28,4,day_ahead_price,108.59843026623135,105.2775
2026-04-28,5,day_ahead_price,117.02049537468125,111.834999
2026-04-28,6,day_ahead_price,137.76226085364374,122.1000005
2026-04-28,7,day_ahead_price,153.1018498199,121.42999825000001
2026-04-28,8,day_ahead_price,137.40296504388763,112.31500075
2026-04-28,9,day_ahead_price,90.69027865148989,79.77750025
2026-04-28,10,day_ahead_price,76.72837081721187,31.99750075
2026-04-28,11,day_ahead_price,37.69653205087628,14.54000025
2026-04-28,12,day_ahead_price,24.178349662924205,12.825
2026-04-28,13,day_ahead_price,17.46176539945126,11.19
2026-04-28,14,day_ahead_price,23.851937363862053,6.8325000000000005
2026-04-28,15,day_ahead_price,39.84486741507139,7.865
2026-04-28,16,day_ahead_price,66.12195594542683,10.0
2026-04-28,17,day_ahead_price,102.13544622072425,36.0125
2026-04-28,18,day_ahead_price,132.46059640916297,90.1000005
2026-04-28,19,day_ahead_price,155.8946111150696,117.3999995
2026-04-28,20,day_ahead_price,148.44217950504367,120.9725
2026-04-28,21,day_ahead_price,142.23234134262904,115.82750325
2026-04-28,22,day_ahead_price,126.76546108519065,111.29500025
2026-04-28,23,day_ahead_price,117.7346125414227,101.7700025
2026-04-29,0,day_ahead_price,93.45021404643282,98.2074985
2026-04-29,1,day_ahead_price,92.9482205530303,96.72499875
2026-04-29,2,day_ahead_price,90.512498613457,97.9175015
2026-04-29,3,day_ahead_price,91.4034765304262,98.52749825000001
2026-04-29,4,day_ahead_price,91.56378455487724,100.6500015
2026-04-29,5,day_ahead_price,100.32540142752767,107.90500075
2026-04-29,6,day_ahead_price,110.55368867106543,139.79749675
2026-04-29,7,day_ahead_price,107.32697479950659,126.847498
2026-04-29,8,day_ahead_price,107.53992345832295,112.36499975000001
2026-04-29,9,day_ahead_price,61.20040741697278,72.8724995
2026-04-29,10,day_ahead_price,21.231816387915604,22.7925
2026-04-29,11,day_ahead_price,5.965984360154339,4.5225
2026-04-29,12,day_ahead_price,8.806808319876534,-6.35
2026-04-29,13,day_ahead_price,0.7551920742621805,-9.16
2026-04-29,14,day_ahead_price,6.744127673766125,-9.9375
2026-04-29,15,day_ahead_price,2.586855422240135,-15.8125
2026-04-29,16,day_ahead_price,25.684547823555924,-6.6775
2026-04-29,17,day_ahead_price,71.4319753511637,21.33500025
2026-04-29,18,day_ahead_price,114.23433929571935,91.11749925000001
2026-04-29,19,day_ahead_price,141.90996732373785,125.72750075
2026-04-29,20,day_ahead_price,141.8485509583522,145.785
2026-04-29,21,day_ahead_price,125.5881553644549,129.95250125
2026-04-29,22,day_ahead_price,110.20659386985528,115.65750125
2026-04-29,23,day_ahead_price,106.00054375822694,105.0975
2026-04-30,0,day_ahead_price,95.08505226923985,98.97250174999999
2026-04-30,1,day_ahead_price,97.78726091946706,98.3125
2026-04-30,2,day_ahead_price,97.80684426014518,96.80000125000001
2026-04-30,3,day_ahead_price,93.92637635335515,93.89500025000001
2026-04-30,4,day_ahead_price,95.96263077143034,93.90749925
2026-04-30,5,day_ahead_price,103.68120103627474,102.18999875
2026-04-30,6,day_ahead_price,114.46647950214411,134.41750324999998
2026-04-30,7,day_ahead_price,105.61262748936709,119.19999899999999
2026-04-30,8,day_ahead_price,101.53211339561352,96.21749875
2026-04-30,9,day_ahead_price,80.31340257963102,46.67499975
2026-04-30,10,day_ahead_price,44.979326649102546,5.1125
2026-04-30,11,day_ahead_price,11.920566031871152,1.1199999999999999
2026-04-30,12,day_ahead_price,8.555185325772651,-1.9825
2026-04-30,13,day_ahead_price,6.035529078564196,-13.899999999999999
2026-04-30,14,day_ahead_price,9.45702875295989,-15.997499999999999
2026-04-30,15,day_ahead_price,14.636683857977129,-9.27
2026-04-30,16,day_ahead_price,35.22698110634802,-0.0025
2026-04-30,17,day_ahead_price,78.62678436512532,20.5799995
2026-04-30,18,day_ahead_price,105.6763763597634,92.43000025
2026-04-30,19,day_ahead_price,130.7799542837011,139.0874995
2026-04-30,20,day_ahead_price,149.9746165923987,178.619999
2026-04-30,21,day_ahead_price,130.02765317447736,145.84000025
2026-04-30,22,day_ahead_price,125.24443185817526,118.91999799999999
2026-04-30,23,day_ahead_price,118.13961107931075,109.6075
2026-05-01,0,day_ahead_price,104.59169246248868,107.22750099999999
2026-05-01,1,day_ahead_price,101.95872554780523,103.085001
2026-05-01,2,day_ahead_price,101.39069292665529,101.384998
2026-05-01,3,day_ahead_price,103.417513226906,99.24500075
2026-05-01,4,day_ahead_price,103.99838805160887,97.9800015
2026-05-01,5,day_ahead_price,111.71384437277662,97.49500075
2026-05-01,6,day_ahead_price,139.13171274006518,103.7675
2026-05-01,7,day_ahead_price,129.8446664929496,80.33999825000001
2026-05-01,8,day_ahead_price,123.39870837270942,35.825001
2026-05-01,9,day_ahead_price,86.17378936948647,3.2775
2026-05-01,10,day_ahead_price,40.951802859033975,0.475
2026-05-01,11,day_ahead_price,9.842519781203547,-0.07250000000000001
2026-05-01,12,day_ahead_price,0.6812445403014339,-2.22
2026-05-01,13,day_ahead_price,3.16802966341852,-4.375
2026-05-01,14,day_ahead_price,6.845299560081408,-6.7725
2026-05-01,15,day_ahead_price,10.889702336106794,-5.53
2026-05-01,16,day_ahead_price,16.565428238507312,-1.4325
2026-05-01,17,day_ahead_price,61.501962664207426,5.985
2026-05-01,18,day_ahead_price,103.40533061052336,92.52999775
2026-05-01,19,day_ahead_price,135.81584954905736,154.19000225
2026-05-01,20,day_ahead_price,152.17992798558993,173.3250045
2026-05-01,21,day_ahead_price,136.9675442052632,142.95000275
2026-05-01,22,day_ahead_price,122.34207060428625,113.222498
2026-05-01,23,day_ahead_price,112.20618968317117,96.98249799999999
2026-05-02,0,day_ahead_price,88.42951733880041,117.42499925
2026-05-02,1,day_ahead_price,90.3189453960767,103.71249975
2026-05-02,2,day_ahead_price,92.99602502442058,99.477501
2026-05-02,3,day_ahead_price,87.50872552146218,93.33500125
2026-05-02,4,day_ahead_price,89.47383993936506,93.545
2026-05-02,5,day_ahead_price,96.96007141201561,93.69750025
2026-05-02,6,day_ahead_price,118.52745235775548,91.78000075
2026-05-02,7,day_ahead_price,116.8880242673269,78.01249874999999
2026-05-02,8,day_ahead_price,95.09610946316417,18.26999975
2026-05-02,9,day_ahead_price,63.536014101092164,1.415
2026-05-02,10,day_ahead_price,27.65883777779175,-0.52
2026-05-02,11,day_ahead_price,16.150475447551177,-3.1875
2026-05-02,12,day_ahead_price,21.025315776393033,-4.2825
2026-05-02,13,day_ahead_price,10.611529893673374,-5.9525
2026-05-02,14,day_ahead_price,7.509323705715988,-5.97
2026-05-02,15,day_ahead_price,13.121704364139381,-3.9775
2026-05-02,16,day_ahead_price,26.363051224388233,0.0325
2026-05-02,17,day_ahead_price,75.19308209250053,54.9449985
2026-05-02,18,day_ahead_price,116.55725310502554,127.1399995
2026-05-02,19,day_ahead_price,138.20369543417314,165.00000175
2026-05-02,20,day_ahead_price,129.27507207822327,195.45000075000002
2026-05-02,21,day_ahead_price,121.19725955336224,154.31999975
2026-05-02,22,day_ahead_price,108.6765270480735,139.960001
2026-05-02,23,day_ahead_price,102.71480474575726,123.865
2026-05-03,0,day_ahead_price,118.27624291290527,121.19500175
2026-05-03,1,day_ahead_price,113.37233658116396,116.03250125
2026-05-03,2,day_ahead_price,108.34851123863571,110.16250025
2026-05-03,3,day_ahead_price,108.52214465139434,108.477501
2026-05-03,4,day_ahead_price,107.83730352256123,106.29249974999999
2026-05-03,5,day_ahead_price,115.85216782334594,107.07250025
2026-05-03,6,day_ahead_price,121.08295003945466,101.70000075
2026-05-03,7,day_ahead_price,112.06541780406349,85.6099995
2026-05-03,8,day_ahead_price,104.74058806293532,79.08250050000001
2026-05-03,9,day_ahead_price,79.52466734770576,46.38249975
2026-05-03,10,day_ahead_price,54.841784196688266,26.57999925
2026-05-03,11,day_ahead_price,16.089927037767996,26.494999999999997
2026-05-03,12,day_ahead_price,12.633627593221533,29.10249975
2026-05-03,13,day_ahead_price,9.592859522891079,33.1475005
2026-05-03,14,day_ahead_price,10.509868146603983,39.9974995
2026-05-03,15,day_ahead_price,8.782651458286848,45.007501500000004
2026-05-03,16,day_ahead_price,30.765530244764268,61.555000250000006
2026-05-03,17,day_ahead_price,75.43371498142639,82.70750175
2026-05-03,18,day_ahead_price,117.39138810765625,120.57249825
2026-05-03,19,day_ahead_price,149.5334819114421,134.79499825
2026-05-03,20,day_ahead_price,150.57452324979022,140.869999
2026-05-03,21,day_ahead_price,135.69845452393506,137.3099975
2026-05-03,22,day_ahead_price,117.9351169335499,130.3775025
2026-05-03,23,day_ahead_price,114.88141158043493,121.115
2026-05-04,0,day_ahead_price,114.4458124728325,117.3550015
2026-05-04,1,day_ahead_price,109.1781842643709,108.40999975
2026-05-04,2,day_ahead_price,105.81664591508031,110.5575005
2026-05-04,3,day_ahead_price,106.90637641462271,106.34749975
2026-05-04,4,day_ahead_price,105.85578880873899,109.90749925
2026-05-04,5,day_ahead_price,115.7351093008918,127.4175015
2026-05-04,6,day_ahead_price,122.46723495769749,147.77000025
2026-05-04,7,day_ahead_price,132.79711567203734,151.267498
2026-05-04,8,day_ahead_price,117.89791981450013,134.60249925
2026-05-04,9,day_ahead_price,89.81556391173413,113.625002
2026-05-04,10,day_ahead_price,56.59952706172381,99.9900015
2026-05-04,11,day_ahead_price,21.477098599027705,93.0949995
2026-05-04,12,day_ahead_price,24.177235068551774,75.06500025
2026-05-04,13,day_ahead_price,27.465354104631526,69.4075015
2026-05-04,14,day_ahead_price,19.691816403065726,81.0775015
2026-05-04,15,day_ahead_price,44.67816344826092,94.0024985
2026-05-04,16,day_ahead_price,57.26119951497712,107.9675005
2026-05-04,17,day_ahead_price,97.03943715492031,115.49749750000001
2026-05-04,18,day_ahead_price,120.34345629345341,124.22000125
2026-05-04,19,day_ahead_price,143.46722243279373,197.88750075
2026-05-04,20,day_ahead_price,140.47795577378287,218.175003
2026-05-04,21,day_ahead_price,135.75514166493036,186.01499925000002
2026-05-04,22,day_ahead_price,124.00699507070954,153.04500225
2026-05-04,23,day_ahead_price,113.72475028449746,135.75749775
2026-05-05,0,day_ahead_price,121.3416056259212,131.3599985
2026-05-05,1,day_ahead_price,113.46477507706864,126.20000075
2026-05-05,2,day_ahead_price,110.24562322451033,122.10999875
2026-05-05,3,day_ahead_price,106.49805674607074,122.04499975
2026-05-05,4,day_ahead_price,108.32139922681428,123.89999925000001
2026-05-05,5,day_ahead_price,117.74320329471227,131.49499699999998
2026-05-05,6,day_ahead_price,132.76905638903156,156.42499924999998
2026-05-05,7,day_ahead_price,125.67869586128103,160.76499925000002
2026-05-05,8,day_ahead_price,129.20147068698125,147.23249825
2026-05-05,9,day_ahead_price,106.1601701956435,129.61000074999998
2026-05-05,10,day_ahead_price,80.51782845881667,114.12000075
2026-05-05,11,day_ahead_price,71.46225564313615,108.25749975
2026-05-05,12,day_ahead_price,60.682040168694385,99.09250075
2026-05-05,13,day_ahead_price,57.59151958360345,98.0550005
2026-05-05,14,day_ahead_price,57.40589856046104,97.74500075
2026-05-05,15,day_ahead_price,71.42684659984646,105.990002
2026-05-05,16,day_ahead_price,82.92947625620961,111.977499
2026-05-05,17,day_ahead_price,110.08995300052314,128.67000000000002
2026-05-05,18,day_ahead_price,118.63685138118838,144.0025025
2026-05-05,19,day_ahead_price,152.0498541151001,161.78499975
2026-05-05,20,day_ahead_price,152.06911196357422,160.95000425
2026-05-05,21,day_ahead_price,140.5819541538172,147.00000375
2026-05-05,22,day_ahead_price,125.28013003514312,132.745001
2026-05-05,23,day_ahead_price,113.63144949926001,115.29249975
2026-05-06,0,day_ahead_price,116.0866372424596,120.03499975
2026-05-06,1,day_ahead_price,111.03687961235903,114.22999975
2026-05-06,2,day_ahead_price,108.14409829951963,113.16500075
2026-05-06,3,day_ahead_price,107.47256291620293,112.995001
2026-05-06,4,day_ahead_price,109.18895388232231,113.34000025
2026-05-06,5,day_ahead_price,117.08456205334593,118.2249985
2026-05-06,6,day_ahead_price,137.0812648055966,131.13999725
2026-05-06,7,day_ahead_price,130.93104660842204,142.45000075000002
2026-05-06,8,day_ahead_price,138.26974306571842,141.5499955
2026-05-06,9,day_ahead_price,118.48194562955007,121.3050005
2026-05-06,10,day_ahead_price,95.61992627510739,108.79999925
2026-05-06,11,day_ahead_price,68.91058543916147,104.12000075
2026-05-06,12,day_ahead_price,56.155147878009636,100.09250075
2026-05-06,13,day_ahead_price,48.03855622240871,89.340002
2026-05-06,14,day_ahead_price,46.930316425971704,91.329998
2026-05-06,15,day_ahead_price,79.91947621298657,103.125002
2026-05-06,16,day_ahead_price,93.73731869199436,112.66250025000001
2026-05-06,17,day_ahead_price,131.30049598466027,125.05249950000001
2026-05-06,18,day_ahead_price,149.49378324096628,137.91
2026-05-06,19,day_ahead_price,166.9836019094229,154.60499975
2026-05-06,20,day_ahead_price,154.77698157410796,156.91500075
2026-05-06,21,day_ahead_price,136.23970504333232,154.6100005
2026-05-06,22,day_ahead_price,124.23705989810271,143.4124985
2026-05-06,23,day_ahead_price,117.4330949302051,128.25999825
2026-05-07,0,day_ahead_price,120.81675868237247,125.1525
2026-05-07,1,day_ahead_price,116.53824893989774,116.4850005
2026-05-07,2,day_ahead_price,111.67717283370277,115.2575015
2026-05-07,3,day_ahead_price,109.79348946899574,116.48999975
2026-05-07,4,day_ahead_price,108.06659780126778,119.13749874999999
2026-05-07,5,day_ahead_price,113.76177734190716,126.87500399999999
2026-05-07,6,day_ahead_price,128.02753185761702,150.99999975
2026-05-07,7,day_ahead_price,121.93231556584199,167.2924995
2026-05-07,8,day_ahead_price,113.93879323125128,155.59249525
2026-05-07,9,day_ahead_price,107.74281658296353,136.41
2026-05-07,10,day_ahead_price,94.59973081290104,120.1324995
2026-05-07,11,day_ahead_price,89.19961936606803,113.52499775
2026-05-07,12,day_ahead_price,76.56227825103637,103.9224985
2026-05-07,13,day_ahead_price,71.30282068905052,101.915001
2026-05-07,14,day_ahead_price,72.92164265855247,101.72999949999999
2026-05-07,15,day_ahead_price,79.25005145719902,107.4449995
2026-05-07,16,day_ahead_price,106.56089962990093,117.9974995
2026-05-07,17,day_ahead_price,125.69097769886457,132.5599995
2026-05-07,18,day_ahead_price,134.8316005244776,148.704998
2026-05-07,19,day_ahead_price,155.25529369901056,185.4850005
2026-05-07,20,day_ahead_price,146.10608282867133,217.4925005
2026-05-07,21,day_ahead_price,134.68673882187818,182.71500025
2026-05-07,22,day_ahead_price,124.83304844458391,154.4350015
2026-05-07,23,day_ahead_price,119.19474009613162,142.75749975
2026-05-08,0,day_ahead_price,122.69227859182043,130.34249875
2026-05-08,1,day_ahead_price,115.79538839203069,120.659998
2026-05-08,2,day_ahead_price,112.0091056251794,118.21499800000001
2026-05-08,3,day_ahead_price,110.90808186297824,116.97749875
2026-05-08,4,day_ahead_price,110.559443528703,118.56500025
2026-05-08,5,day_ahead_price,119.12968831945682,126.1849995
2026-05-08,6,day_ahead_price,127.41341574855932,141.47000125
2026-05-08,7,day_ahead_price,128.5471342818864,147.02749649999998
2026-05-08,8,day_ahead_price,128.71431863492597,137.39999775
2026-05-08,9,day_ahead_price,111.4736393163008,115.24749975
2026-05-08,10,day_ahead_price,102.56936919105793,97.7475015
2026-05-08,11,day_ahead_price,96.69613572232522,75.8100005
2026-05-08,12,day_ahead_price,84.11032238266122,65.37
2026-05-08,13,day_ahead_price,87.58892691849479,58.7075015
2026-05-08,14,day_ahead_price,84.45542129439166,64.33999925
2026-05-08,15,day_ahead_price,99.57871305941255,79.63999925
2026-05-08,16,day_ahead_price,116.83283290050102,94.0625
2026-05-08,17,day_ahead_price,137.3841091508294,107.55500025
2026-05-08,18,day_ahead_price,149.63123691284127,127.81499875
2026-05-08,19,day_ahead_price,169.518602104699,143.54249950000002
2026-05-08,20,day_ahead_price,158.07928589382993,148.87249775
2026-05-08,21,day_ahead_price,140.843468984233,138.90000325
2026-05-08,22,day_ahead_price,131.439040191728,127.50249875
2026-05-08,23,day_ahead_price,124.99433505716986,119.1399995
2026-05-09,0,day_ahead_price,116.67687423603613,127.692501
2026-05-09,1,day_ahead_price,109.37098046617791,123.40750125
2026-05-09,2,day_ahead_price,107.38764936760056,123.47999949999999
2026-05-09,3,day_ahead_price,106.47460654662792,124.35249875
2026-05-09,4,day_ahead_price,107.83561520276487,125.7374995
2026-05-09,5,day_ahead_price,117.63339961331914,126.4525015
2026-05-09,6,day_ahead_price,132.8683737770351,127.522499
2026-05-09,7,day_ahead_price,135.0382996129568,118.67
2026-05-09,8,day_ahead_price,117.26566049724332,107.67250250000001
2026-05-09,9,day_ahead_price,98.14039424643389,68.3075
2026-05-09,10,day_ahead_price,85.52768265794765,12.69749975
2026-05-09,11,day_ahead_price,64.56075150279325,4.7575
2026-05-09,12,day_ahead_price,51.75512321788155,3.2800000000000002
2026-05-09,13,day_ahead_price,46.466153836257924,2.585
2026-05-09,14,day_ahead_price,51.000229291115545,2.75
2026-05-09,15,day_ahead_price,70.12721493394699,3.175
2026-05-09,16,day_ahead_price,81.90527660965046,27.715000000000003
2026-05-09,17,day_ahead_price,85.84868682380763,93.6900015
2026-05-09,18,day_ahead_price,112.5427918902314,123.1899985
2026-05-09,19,day_ahead_price,138.17977273491235,138.5075035
2026-05-09,20,day_ahead_price,142.4316015401585,146.965
2026-05-09,21,day_ahead_price,134.60007869919409,143.4850005
2026-05-09,22,day_ahead_price,125.40335196839852,136.299999
2026-05-09,23,day_ahead_price,123.76590445145948,127.08749975
2026-05-10,0,day_ahead_price,121.48242101995564,128.09250075
2026-05-10,1,day_ahead_price,111.69266813779078,125.44750025
2026-05-10,2,day_ahead_price,109.96706251285845,125.432501
2026-05-10,3,day_ahead_price,105.65820837109686,123.48249824999999
2026-05-10,4,day_ahead_price,108.1407211112997,124.1975005
2026-05-10,5,day_ahead_price,117.07037413499974,123.94000075
2026-05-10,6,day_ahead_price,130.31743431596266,115.14000125
2026-05-10,7,day_ahead_price,100.38403780246952,101.16749949999999
2026-05-10,8,day_ahead_price,100.03639953934209,70.83499975
2026-05-10,9,day_ahead_price,80.57725729893959,24.55749975
2026-05-10,10,day_ahead_price,56.26607638379456,19.99750025
2026-05-10,11,day_ahead_price,30.04367585003719,13.9125
2026-05-10,12,day_ahead_price,32.951419451600266,10.045
2026-05-10,13,day_ahead_price,36.99695059349275,6.154999999999999
2026-05-10,14,day_ahead_price,42.07665795858347,4.855
2026-05-10,15,day_ahead_price,49.994002450258,3.8825
2026-05-10,16,day_ahead_price,30.49914675232186,5.342499999999999
2026-05-10,17,day_ahead_price,73.97419285315529,71.005
2026-05-10,18,day_ahead_price,124.16456124561303,110.94249925
2026-05-10,19,day_ahead_price,146.34728215164066,122.00000175
2026-05-10,20,day_ahead_price,149.82886244243073,129.31749925
2026-05-10,21,day_ahead_price,140.26690353646433,128.5149995
2026-05-10,22,day_ahead_price,120.5539066275019,124.14000125
2026-05-10,23,day_ahead_price,116.35025883821379,119.8374995
2026-05-11,0,day_ahead_price,115.84590755233293,118.78500174999999
2026-05-11,1,day_ahead_price,107.34004783163827,112.334999
2026-05-11,2,day_ahead_price,105.17067575616541,110.42749975
2026-05-11,3,day_ahead_price,107.68691249840668,112.65749925
2026-05-11,4,day_ahead_price,106.41067295639866,113.09249875
2026-05-11,5,day_ahead_price,113.18895406410866,122.13750075
2026-05-11,6,day_ahead_price,120.58629303183203,136.47499825
2026-05-11,7,day_ahead_price,133.13400999613955,154.047497
2026-05-11,8,day_ahead_price,117.87525791215191,150.01250075000002
2026-05-11,9,day_ahead_price,85.71956591888164,136.79999899999999
2026-05-11,10,day_ahead_price,65.08020463983131,126.3075005
2026-05-11,11,day_ahead_price,36.936036391361725,113.43250075
2026-05-11,12,day_ahead_price,23.73789180605587,105.48500075
2026-05-11,13,day_ahead_price,25.589800294406732,98.78000075
2026-05-11,14,day_ahead_price,23.25486751167931,96.03250125
2026-05-11,15,day_ahead_price,28.59724167233922,96.28000075
2026-05-11,16,day_ahead_price,18.742484723400146,100.49
2026-05-11,17,day_ahead_price,66.54652123018293,116.30250175
2026-05-11,18,day_ahead_price,117.7822444127064,122.97999775
2026-05-11,19,day_ahead_price,124.38255035178759,130.71750075
2026-05-11,20,day_ahead_price,137.73857596747345,131.119999
2026-05-11,21,day_ahead_price,125.16286307058989,127.872503
2026-05-11,22,day_ahead_price,123.612459596199,120.7650015
2026-05-11,23,day_ahead_price,110.29153332322016,108.95249925
2026-05-12,0,day_ahead_price,108.79702726490777,99.14250025
2026-05-12,1,day_ahead_price,103.49203380747285,95.2749995
2026-05-12,2,day_ahead_price,100.90700855902513,91.73999775
2026-05-12,3,day_ahead_price,100.77465229845916,89.89749925
2026-05-12,4,day_ahead_price,102.94608000381885,91.375
2026-05-12,5,day_ahead_price,107.6614136012826,94.00250075
2026-05-12,6,day_ahead_price,132.27021427561803,111.26250075
2026-05-12,7,day_ahead_price,137.14323104564954,122.5750005
2026-05-12,8,day_ahead_price,130.14524579144484,112.23999975000001
2026-05-12,9,day_ahead_price,114.10115249794477,94.074999
2026-05-12,10,day_ahead_price,96.66314007136708,79.55749875000001
2026-05-12,11,day_ahead_price,81.10176227454413,63.53500075
2026-05-12,12,day_ahead_price,72.06384634433154,45.91
2026-05-12,13,day_ahead_price,71.07894639278243,27.33000025
2026-05-12,14,day_ahead_price,66.49476389992036,25.500000749999998
2026-05-12,15,day_ahead_price,81.58780020143685,45.28249925
2026-05-12,16,day_ahead_price,92.30743394422663,74.40500075
2026-05-12,17,day_ahead_price,101.508249546135,96.00000175
2026-05-12,18,day_ahead_price,121.34974914187076,114.879999
2026-05-12,19,day_ahead_price,136.90745032897263,136.27749825
2026-05-12,20,day_ahead_price,144.01556844404809,142.98499675
2026-05-12,21,day_ahead_price,132.9998597825928,142.7425005
2026-05-12,22,day_ahead_price,122.84016665283647,131.2250005
2026-05-12,23,day_ahead_price,111.45064753662801,118.34499925
2026-05-13,0,day_ahead_price,116.8964313287854,114.33000175000001
2026-05-13,1,day_ahead_price,108.08310023706306,106.217501
2026-05-13,2,day_ahead_price,104.09727302970506,104.3575
2026-05-13,3,day_ahead_price,103.82445028968797,107.43499925
2026-05-13,4,day_ahead_price,109.79169737699704,111.19499775
2026-05-13,5,day_ahead_price,116.17914065067964,119.99999975
2026-05-13,6,day_ahead_price,120.9565832029124,137.182499
2026-05-13,7,day_ahead_price,135.98004874242864,141.1224975
2026-05-13,8,day_ahead_price,120.67713615498036,126.70000075
2026-05-13,9,day_ahead_price,105.02976975503984,104.43499750000001
2026-05-13,10,day_ahead_price,69.49964656943443,95.79500025
2026-05-13,11,day_ahead_price,53.404762104675775,92.77499975
2026-05-13,12,day_ahead_price,21.07767770146979,82.45249925
2026-05-13,13,day_ahead_price,17.981564279056542,82.334999
2026-05-13,14,day_ahead_price,37.98227986945139,77.08250050000001
2026-05-13,15,day_ahead_price,45.455568236664206,83.27249925
2026-05-13,16,day_ahead_price,48.649146615129524,92.37499825
2026-05-13,17,day_ahead_price,80.2560679532212,112.60250075
2026-05-13,18,day_ahead_price,107.56910607185216,132.35500125
2026-05-13,19,day_ahead_price,128.172648242466,151.49250025
2026-05-13,20,day_ahead_price,127.26575650367509,171.267498
2026-05-13,21,day_ahead_price,128.40337508791725,160.04500174999998
2026-05-13,22,day_ahead_price,116.39983918267706,142.20500175
2026-05-13,23,day_ahead_price,105.4742636594543,123.09499925
2026-05-14,0,day_ahead_price,123.95163087231207,130.54000274999999
2026-05-14,1,day_ahead_price,115.24258102622956,121.75000025
2026-05-14,2,day_ahead_price,112.17744726554135,119.22500025
2026-05-14,3,day_ahead_price,106.70765996475195,115.63750075
2026-05-14,4,day_ahead_price,110.99905031002648,112.91750175
2026-05-14,5,day_ahead_price,121.22848943155968,112.04500025
2026-05-14,6,day_ahead_price,127.36957543069418,111.40499875
2026-05-14,7,day_ahead_price,137.92402431223312,108.09000025
2026-05-14,8,day_ahead_price,127.71318557728009,99.25750175
2026-05-14,9,day_ahead_price,106.86636525649449,85.15000075
2026-05-14,10,day_ahead_price,98.00342245926373,58.6425
2026-05-14,11,day_ahead_price,85.66827648631802,35.5675005
2026-05-14,12,day_ahead_price,76.4807379754508,16.05500025
2026-05-14,13,day_ahead_price,73.09740643079175,7.5525
2026-05-14,14,day_ahead_price,67.35420815268748,5.0575
2026-05-14,15,day_ahead_price,66.80995494729908,17.8475
2026-05-14,16,day_ahead_price,74.48311847414453,66.9125
2026-05-14,17,day_ahead_price,97.33719025696895,94.76
2026-05-14,18,day_ahead_price,115.06141935431495,126.0
2026-05-14,19,day_ahead_price,148.19357836268009,141.09750375
2026-05-14,20,day_ahead_price,138.2506135145427,150.4474985
2026-05-14,21,day_ahead_price,130.34917561675056,152.0024985
2026-05-14,22,day_ahead_price,123.30218665828782,147.227497
2026-05-14,23,day_ahead_price,110.91793882438333,130.267498
2026-05-15,0,day_ahead_price,124.07472079380473,131.39999775
2026-05-15,1,day_ahead_price,113.98089660474221,125.6100005
2026-05-15,2,day_ahead_price,110.51729817045116,124.864998
2026-05-15,3,day_ahead_price,108.2079515763446,119.5599995
2026-05-15,4,day_ahead_price,110.99440633943341,114.5300005
2026-05-15,5,day_ahead_price,119.76630768936903,116.897499
2026-05-15,6,day_ahead_price,135.39181297219935,126.3100015
2026-05-15,7,day_ahead_price,139.7762890994647,125.007498
2026-05-15,8,day_ahead_price,129.1255582863945,123.40499875
2026-05-15,9,day_ahead_price,110.11096107611631,104.540001
2026-05-15,10,day_ahead_price,82.52598028244846,81.78250125
2026-05-15,11,day_ahead_price,59.30796392662322,66.81750025
2026-05-15,12,day_ahead_price,42.25183276458505,54.30249875
2026-05-15,13,day_ahead_price,25.66238978322767,40.3225005
2026-05-15,14,day_ahead_price,49.08744425697539,40.14750025
2026-05-15,15,day_ahead_price,55.986513232077336,51.0024995
2026-05-15,16,day_ahead_price,44.574535173700276,77.31999875
2026-05-15,17,day_ahead_price,88.7916449753268,105.04749875
2026-05-15,18,day_ahead_price,116.99269051507385,125.04249949999999
2026-05-15,19,day_ahead_price,129.84818591952506,137.949997
2026-05-15,20,day_ahead_price,124.10613423583519,145.87499625
2026-05-15,21,day_ahead_price,120.80880251187911,149.13250324999998
2026-05-15,22,day_ahead_price,126.14313754041275,144.685005
2026-05-15,23,day_ahead_price,112.17141523194636,135.512501
2026-05-16,0,day_ahead_price,126.24718482461034,130.00000175
2026-05-16,1,day_ahead_price,116.99801669959376,121.78750025
2026-05-16,2,day_ahead_price,112.6651738113143,117.562498
2026-05-16,3,day_ahead_price,111.30498816656788,116.00249825
2026-05-16,4,day_ahead_price,111.57779590462101,114.02000225
2026-05-16,5,day_ahead_price,116.18080350114353,109.34250075
2026-05-16,6,day_ahead_price,120.081788773018,105.70750025
2026-05-16,7,day_ahead_price,118.14841287926495,100.045
2026-05-16,8,day_ahead_price,104.99375501155681,86.95249949999999
2026-05-16,9,day_ahead_price,89.3118954319008,49.52750125
2026-05-16,10,day_ahead_price,74.45398149936898,37.42
2026-05-16,11,day_ahead_price,56.35220469439168,20.150000249999998
2026-05-16,12,day_ahead_price,48.072643679920084,16.36249975
2026-05-16,13,day_ahead_price,34.5552807889508,11.99999975
2026-05-16,14,day_ahead_price,46.79280158621247,7.0325
2026-05-16,15,day_ahead_price,46.75503045720618,9.1975
2026-05-16,16,day_ahead_price,66.62641562141181,10.00000025
2026-05-16,17,day_ahead_price,103.26513575645144,60.09250125
2026-05-16,18,day_ahead_price,121.08267014359201,100.222498
2026-05-16,19,day_ahead_price,137.64041592933268,126.4699995
2026-05-16,20,day_ahead_price,139.86572725743486,139.99750125
2026-05-16,21,day_ahead_price,135.22149989896303,140.60749850000002
2026-05-16,22,day_ahead_price,129.7206495685819,135.98999775
2026-05-16,23,day_ahead_price,121.58914602453723,126.380001
2026-05-17,0,day_ahead_price,127.4210286701133,127.71750075
2026-05-17,1,day_ahead_price,115.201088421384,119.0625
2026-05-17,2,day_ahead_price,113.87584711985346,115.56500025
2026-05-17,3,day_ahead_price,111.71860329788969,113.89749925
2026-05-17,4,day_ahead_price,114.55404836848359,109.17
2026-05-17,5,day_ahead_price,114.79633057173673,105.44500174999999
2026-05-17,6,day_ahead_price,124.45317661763566,98.7924975
2026-05-17,7,day_ahead_price,107.72537853090053,80.795
2026-05-17,8,day_ahead_price,98.5175973582494,53.8425005
2026-05-17,9,day_ahead_price,79.53932456766675,21.512500499999998
2026-05-17,10,day_ahead_price,41.769513946892495,12.1275
2026-05-17,11,day_ahead_price,50.32461351855686,8.035
2026-05-17,12,day_ahead_price,34.72302518798818,6.077500000000001
2026-05-17,13,day_ahead_price,24.972481141853876,5.1575
2026-05-17,14,day_ahead_price,16.551157304890527,5.2225
2026-05-17,15,day_ahead_price,20.81194607318799,14.7625
2026-05-17,16,day_ahead_price,25.293507327848282,52.4375005
2026-05-17,17,day_ahead_price,67.50519579520927,100.3149985
2026-05-17,18,day_ahead_price,108.76079261527356,129.387499
2026-05-17,19,day_ahead_price,139.2107392727571,143.06749725
2026-05-17,20,day_ahead_price,144.2425796568055,155.800003
2026-05-17,21,day_ahead_price,132.67092287232435,156.704998
2026-05-17,22,day_ahead_price,128.57559895480716,151.36750025
2026-05-17,23,day_ahead_price,120.4468453684907,142.5750045
2026-05-18,0,day_ahead_price,127.44008442318817,134.65750325
2026-05-18,1,day_ahead_price,118.96981749685513,125.97249975
2026-05-18,2,day_ahead_price,113.0231090330737,125.9974995
2026-05-18,3,day_ahead_price,113.48163632973363,126.39250175000001
2026-05-18,4,day_ahead_price,111.48324976064269,129.3599985
2026-05-18,5,day_ahead_price,118.7332100545776,137.022501
2026-05-18,6,day_ahead_price,137.9151123781614,152.51749825000002
2026-05-18,7,day_ahead_price,144.94952927474117,160.074997
2026-05-18,8,day_ahead_price,121.18780381374508,152.1049995
2026-05-18,9,day_ahead_price,100.95902458420598,125.8799975
2026-05-18,10,day_ahead_price,90.47322017952573,107.8500005
2026-05-18,11,day_ahead_price,69.39294717051051,100.05250000000001
2026-05-18,12,day_ahead_price,52.96333044559249,94.89500050000001
2026-05-18,13,day_ahead_price,40.038009472482166,94.97749875
2026-05-18,14,day_ahead_price,37.77818615919844,96.77000025
2026-05-18,15,day_ahead_price,60.213134200046575,102.40500075
2026-05-18,16,day_ahead_price,92.35459666369304,113.96499800000001
2026-05-18,17,day_ahead_price,101.16939923035629,134.0649985
2026-05-18,18,day_ahead_price,125.23006082872647,152.137501
2026-05-18,19,day_ahead_price,146.71131490415505,192.85250075
2026-05-18,20,day_ahead_price,139.98753211147334,250.89750275
2026-05-18,21,day_ahead_price,132.10639743573603,214.33750175
2026-05-18,22,day_ahead_price,127.39604123633929,160.6474995
2026-05-18,23,day_ahead_price,114.43043114000784,148.89500049999998
2026-05-19,0,day_ahead_price,130.48336679518357,148.25250225
2026-05-19,1,day_ahead_price,120.3755118643655,141.9424975
2026-05-19,2,day_ahead_price,115.56101749422672,139.3224985
2026-05-19,3,day_ahead_price,114.17157125250952,138.54000075
2026-05-19,4,day_ahead_price,112.94831805412946,141.567497
2026-05-19,5,day_ahead_price,122.31598577965309,146.92000174999998
2026-05-19,6,day_ahead_price,139.67037406455967,164.460003
2026-05-19,7,day_ahead_price,147.38117093353253,153.772499
2026-05-19,8,day_ahead_price,145.34727094339414,131.85500150000001
2026-05-19,9,day_ahead_price,110.2341105273662,108.74250025
2026-05-19,10,day_ahead_price,95.38178279338563,94.2649995
2026-05-19,11,day_ahead_price,73.21457889275945,82.08499900000001
2026-05-19,12,day_ahead_price,60.50106995464872,73.1450005
2026-05-19,13,day_ahead_price,46.9540064301983,73.73750150000001
2026-05-19,14,day_ahead_price,56.8339165730255,79.81000125
2026-05-19,15,day_ahead_price,79.74228827878456,87.56999975
2026-05-19,16,day_ahead_price,101.28546592552354,102.24999975
2026-05-19,17,day_ahead_price,121.18263304701642,127.29249949999999
2026-05-19,18,day_ahead_price,134.08847530952283,144.95000449999998
2026-05-19,19,day_ahead_price,147.337060130465,172.4850005
2026-05-19,20,day_ahead_price,155.19207582979638,180.90250025
2026-05-19,21,day_ahead_price,148.13951383785195,163.63000475
2026-05-19,22,day_ahead_price,132.57528993273382,145.54500174999998
2026-05-19,23,day_ahead_price,119.93893428894393,131.8025035
2026-05-20,0,day_ahead_price,130.53712567330194,123.72999949999999
2026-05-20,1,day_ahead_price,120.98143950580568,114.63500025
2026-05-20,2,day_ahead_price,118.48079040865444,109.7525005
2026-05-20,3,day_ahead_price,114.67717274146692,109.97250174999999
2026-05-20,4,day_ahead_price,116.8828295049962,110.4099995
2026-05-20,5,day_ahead_price,123.74046465468639,117.049999
2026-05-20,6,day_ahead_price,141.75273710583105,131.592501
2026-05-20,7,day_ahead_price,150.03935845990608,136.9749985
2026-05-20,8,day_ahead_price,137.20511954619164,125.51249874999999
2026-05-20,9,day_ahead_price,106.58319881772012,109.05999750000001
2026-05-20,10,day_ahead_price,84.3740455535724,89.699999
2026-05-20,11,day_ahead_price,55.7334864072844,75.462499
2026-05-20,12,day_ahead_price,48.18236156004437,64.005
2026-05-20,13,day_ahead_price,40.04943666870802,44.999999
2026-05-20,14,day_ahead_price,62.36986727196528,35.065
2026-05-20,15,day_ahead_price,77.96846713826655,45.67249975
2026-05-20,16,day_ahead_price,97.6452190258257,65.00999974999999
2026-05-20,17,day_ahead_price,118.9391401471253,99.397501
2026-05-20,18,day_ahead_price,138.38728116225934,130.2125015
2026-05-20,19,day_ahead_price,156.35334928147262,149.567501
2026-05-20,20,day_ahead_price,154.7702649095592,167.92249675
2026-05-20,21,day_ahead_price,141.94747026720952,165.0000035
2026-05-20,22,day_ahead_price,133.68847601994392,150.0200005
2026-05-20,23,day_ahead_price,119.72482666808584,139.0024985
2026-05-21,0,day_ahead_price,128.9299249940822,133.02750025
2026-05-21,1,day_ahead_price,121.14759078070605,121.66000175
2026-05-21,2,day_ahead_price,117.115907091053,116.022501
2026-05-21,3,day_ahead_price,116.99895090399157,113.55000100000001
2026-05-21,4,day_ahead_price,115.53299695723506,116.01
2026-05-21,5,day_ahead_price,119.84244016654125,128.4050005
2026-05-21,6,day_ahead_price,125.99307750979982,142.815002
2026-05-21,7,day_ahead_price,115.70371064441471,143.61749650000002
2026-05-21,8,day_ahead_price,103.87022262653912,131.38750100000001
2026-05-21,9,day_ahead_price,84.35028755736056,104.13999925
2026-05-21,10,day_ahead_price,63.72827977588785,81.19750125
2026-05-21,11,day_ahead_price,35.40699137352072,42.75250075
2026-05-21,12,day_ahead_price,38.35393254538538,12.1375
2026-05-21,13,day_ahead_price,36.31844168050066,7.369999999999999
2026-05-21,14,day_ahead_price,29.903075572869867,8.8125
2026-05-21,15,day_ahead_price,40.90273581659365,35.20000075
2026-05-21,16,day_ahead_price,53.129951532357175,71.70750075
2026-05-21,17,day_ahead_price,100.56546721087916,104.99500075
2026-05-21,18,day_ahead_price,122.53512305039695,135.257494
2026-05-21,19,day_ahead_price,138.82074469076736,163.35499950000002
2026-05-21,20,day_ahead_price,149.2646023793343,200.142498
2026-05-21,21,day_ahead_price,144.44668495505803,188.4174995
2026-05-21,22,day_ahead_price,133.84133681336186,166.03499975
2026-05-21,23,day_ahead_price,125.46172403318336,146.392498
2026-05-22,0,day_ahead_price,130.10629204712288,144.31500225
2026-05-22,1,day_ahead_price,121.27658174288098,136.9000015
2026-05-22,2,day_ahead_price,116.72619550971166,131.63750075000002
2026-05-22,3,day_ahead_price,114.83913045065796,128.94999875
2026-05-22,4,day_ahead_price,114.50208807135697,131.49750125
2026-05-22,5,day_ahead_price,117.70572239863718,135.7175025
2026-05-22,6,day_ahead_price,132.14498091052138,144.3549995
2026-05-22,7,day_ahead_price,129.80139124493266,138.177498
2026-05-22,8,day_ahead_price,128.04364742441396,123.13499999999999
2026-05-22,9,day_ahead_price,99.49695937233123,91.8825015
2026-05-22,10,day_ahead_price,68.60963068272133,43.417500499999996
2026-05-22,11,day_ahead_price,45.49312270122071,13.6425
2026-05-22,12,day_ahead_price,31.496123710096068,4.890000000000001
2026-05-22,13,day_ahead_price,27.91332918379252,7.1274999999999995
2026-05-22,14,day_ahead_price,25.90775018327522,5.295
2026-05-22,15,day_ahead_price,37.0836253917463,20.5025005
2026-05-22,16,day_ahead_price,58.14698679582574,70.23999875
2026-05-22,17,day_ahead_price,92.65005140673837,104.19500149999999
2026-05-22,18,day_ahead_price,121.32686304994365,134.95000075000002
2026-05-22,19,day_ahead_price,148.2728776223779,161.22249975
2026-05-22,20,day_ahead_price,153.8265480191807,218.427498
2026-05-22,21,day_ahead_price,144.84128444924443,193.66250225
2026-05-22,22,day_ahead_price,134.66236780620665,154.63499825
2026-05-22,23,day_ahead_price,125.77024743674073,140.734997
2026-05-23,0,day_ahead_price,132.20133635347574,136.76000025
2026-05-23,1,day_ahead_price,122.84551229689633,129.99999975
2026-05-23,2,day_ahead_price,117.66432282358524,125.86750025
2026-05-23,3,day_ahead_price,115.43345668299003,120.1725005
2026-05-23,4,day_ahead_price,116.55390812057415,115.415001
2026-05-23,5,day_ahead_price,120.73620714260704,112.88499825
2026-05-23,6,day_ahead_price,134.4667286923974,112.56499875
2026-05-23,7,day_ahead_price,109.9296460042185,96.03749975
2026-05-23,8,day_ahead_price,103.6516730435674,49.86249975
2026-05-23,9,day_ahead_price,87.1008360951976,1.6
2026-05-23,10,day_ahead_price,64.56198680334012,-0.18
2026-05-23,11,day_ahead_price,27.41566378780303,-2.925
2026-05-23,12,day_ahead_price,20.943557724918264,-3.83
2026-05-23,13,day_ahead_price,17.806201312662587,-10.4475
2026-05-23,14,day_ahead_price,15.813741446493255,-8.5775
2026-05-23,15,day_ahead_price,36.67620208080726,-2.7024999999999997
2026-05-23,16,day_ahead_price,57.81205630854468,-0.28750000000000003
2026-05-23,17,day_ahead_price,99.05733224384217,44.44749875
2026-05-23,18,day_ahead_price,124.97626045790929,112.82000175
2026-05-23,19,day_ahead_price,152.66195696651357,138.835003
2026-05-23,20,day_ahead_price,152.90692502849578,163.07500075000002
2026-05-23,21,day_ahead_price,146.28287480112513,171.06499875
2026-05-23,22,day_ahead_price,138.2837071777905,151.50500125
2026-05-23,23,day_ahead_price,129.85325042632329,138.19250075
2026-05-24,0,day_ahead_price,131.0430697941066,136.300003
2026-05-24,1,day_ahead_price,122.75358985472238,132.99750125
2026-05-24,2,day_ahead_price,117.41104594727592,128.18250075
2026-05-24,3,day_ahead_price,115.88903183925949,124.6500015
2026-05-24,4,day_ahead_price,115.20257187303322,122.7425005
2026-05-24,5,day_ahead_price,115.61876658396044,117.72250174999999
2026-05-24,6,day_ahead_price,113.09915737366705,108.79499825
2026-05-24,7,day_ahead_price,98.95644887614101,88.4624995
2026-05-24,8,day_ahead_price,83.68422581980406,16.3675
2026-05-24,9,day_ahead_price,53.68608325795271,-0.025
2026-05-24,10,day_ahead_price,16.42661906352595,-2.3325
2026-05-24,11,day_ahead_price,15.289542296857071,-12.58750025
2026-05-24,12,day_ahead_price,8.064186911877128,-16.0
2026-05-24,13,day_ahead_price,8.810811742528688,-25.21249975
2026-05-24,14,day_ahead_price,6.510470682992595,-30.000000500000002
2026-05-24,15,day_ahead_price,12.375800619340005,-21.4225
2026-05-24,16,day_ahead_price,38.37432346912924,-1.8225
2026-05-24,17,day_ahead_price,75.2558926954694,14.37499975
2026-05-24,18,day_ahead_price,119.00542084113529,96.37750224999999
2026-05-24,19,day_ahead_price,140.33322938097868,133.2175005
2026-05-24,20,day_ahead_price,153.3817390124931,151.017498
2026-05-24,21,day_ahead_price,147.70516427371683,153.22749725
2026-05-24,22,day_ahead_price,138.91018587534128,144.42000175
2026-05-24,23,day_ahead_price,130.8388626870321,130.44999875
2026-05-25,0,day_ahead_price,132.76602565596355,130.8675005
2026-05-25,1,day_ahead_price,121.43509824092835,125.42499925
2026-05-25,2,day_ahead_price,116.64370545190336,123.76500125
2026-05-25,3,day_ahead_price,115.59887787143487,119.61999875000001
2026-05-25,4,day_ahead_price,114.41928688787462,119.75749975
2026-05-25,5,day_ahead_price,113.70461368845147,123.2124995
2026-05-25,6,day_ahead_price,121.42561213702857,124.7000005
2026-05-25,7,day_ahead_price,124.71640901099789,117.87750249999999
2026-05-25,8,day_ahead_price,107.97455055913372,77.68000225
2026-05-25,9,day_ahead_price,59.57149788184678,5.0125
2026-05-25,10,day_ahead_price,26.391614725532477,-0.1525
2026-05-25,11,day_ahead_price,24.120730849126254,-5.085
2026-05-25,12,day_ahead_price,24.268454995203005,-12.370000000000001
2026-05-25,13,day_ahead_price,13.291633661725228,-17.53999975
2026-05-25,14,day_ahead_price,16.9673230730403,-25.8125
2026-05-25,15,day_ahead_price,34.2336790461586,-9.40750025
2026-05-25,16,day_ahead_price,55.68314391625902,-2.4125
2026-05-25,17,day_ahead_price,85.01530785336203,31.949999499999997
2026-05-25,18,day_ahead_price,130.54170383514074,110.307499
2026-05-25,19,day_ahead_price,151.7332518119453,141.625
2026-05-25,20,day_ahead_price,156.48587343686754,162.93000425
2026-05-25,21,day_ahead_price,152.43718351293566,169.0
2026-05-25,22,day_ahead_price,138.43582670129896,153.4699975
2026-05-25,23,day_ahead_price,122.07382239695123,136.295002
2026-05-26,0,day_ahead_price,131.49880866918969,135.94000075
2026-05-26,1,day_ahead_price,123.57218339683968,125.647499
2026-05-26,2,day_ahead_price,121.97158744814512,120.6450005
2026-05-26,3,day_ahead_price,117.63941685281978,121.1800005
2026-05-26,4,day_ahead_price,117.71234304193928,119.52999875
2026-05-26,5,day_ahead_price,116.84186848402524,128.91
2026-05-26,6,day_ahead_price,127.6661139440676,143.1049995
2026-05-26,7,day_ahead_price,134.80645609735635,141.539999
2026-05-26,8,day_ahead_price,107.62632084487808,122.04500200000001
2026-05-26,9,day_ahead_price,58.85555061418521,78.8000015
2026-05-26,10,day_ahead_price,29.000540383153325,7.359999999999999
2026-05-26,11,day_ahead_price,21.621388377655595,0.4925
2026-05-26,12,day_ahead_price,14.208708664474091,-1.0975000000000001
2026-05-26,13,day_ahead_price,17.67033296546078,-1.325
2026-05-26,14,day_ahead_price,23.16426588072458,-0.365
2026-05-26,15,day_ahead_price,30.45126688984488,-0.0075
2026-05-26,16,day_ahead_price,37.622162723188474,13.13000025
2026-05-26,17,day_ahead_price,78.35552586868909,86.24999875
2026-05-26,18,day_ahead_price,128.882301652616,119.72249975
2026-05-26,19,day_ahead_price,156.79285172826945,133.40500075
2026-05-26,20,day_ahead_price,165.14441637336887,148.34000375
2026-05-26,21,day_ahead_price,156.4861540297003,134.08249875
2026-05-26,22,day_ahead_price,142.71831901874697,123.93000025
2026-05-26,23,day_ahead_price,128.17493340416024,113.2800005
2026-05-27,0,day_ahead_price,115.52558533012241,97.4975015
2026-05-27,1,day_ahead_price,111.06155348508685,98.1525
2026-05-27,2,day_ahead_price,107.20062747614179,97.397501
2026-05-27,3,day_ahead_price,109.22020273295728,96.89749925
2026-05-27,4,day_ahead_price,109.13067885805523,97.2074985
2026-05-27,5,day_ahead_price,119.22484929322853,100.30499825
2026-05-27,6,day_ahead_price,134.81145416064945,110.5
2026-05-27,7,day_ahead_price,140.26358945594967,116.94750025
2026-05-27,8,day_ahead_price,128.12976494808586,97.17000025
2026-05-27,9,day_ahead_price,94.51533811505948,48.19499975
2026-05-27,10,day_ahead_price,41.944718404252974,3.425
2026-05-27,11,day_ahead_price,21.682682317059744,-0.2675
2026-05-27,12,day_ahead_price,20.914993060291835,-1.0075
2026-05-27,13,day_ahead_price,13.831743954284764,-1.3824999999999998
2026-05-27,14,day_ahead_price,17.460007489914737,-1.085
2026-05-27,15,day_ahead_price,0.7957410910818984,-1.1025
2026-05-27,16,day_ahead_price,16.35654207197316,-0.34
2026-05-27,17,day_ahead_price,68.17304593347315,32.2075005
2026-05-27,18,day_ahead_price,114.76903439261498,87.3500015
2026-05-27,19,day_ahead_price,145.49598565577006,118.26999875
2026-05-27,20,day_ahead_price,159.43669113213562,138.0149995
2026-05-27,21,day_ahead_price,153.43208046350335,142.59750375
2026-05-27,22,day_ahead_price,134.79309826401627,136.59000025
2026-05-27,23,day_ahead_price,120.17542961790572,128.9974995
2026-05-28,0,day_ahead_price,130.74474031365654,130.23500075
2026-05-28,1,day_ahead_price,122.36874392436603,126.90750324999999
2026-05-28,2,day_ahead_price,118.12818605187259,123.5750005
2026-05-28,3,day_ahead_price,117.93542469950525,122.4725015
2026-05-28,4,day_ahead_price,114.91320833536217,126.62749875
2026-05-28,5,day_ahead_price,118.44259614411848,132.97000125
2026-05-28,6,day_ahead_price,131.71470433147476,148.4524995
2026-05-28,7,day_ahead_price,130.54696576322493,138.15500075
2026-05-28,8,day_ahead_price,106.93960941945203,123.40250025
2026-05-28,9,day_ahead_price,59.841168143352604,87.5424995
2026-05-28,10,day_ahead_price,23.298258173995226,19.30749975
2026-05-28,11,day_ahead_price,14.532315873177225,0.5675
2026-05-28,12,day_ahead_price,10.475281920895103,0.0024999999999999996
2026-05-28,13,day_ahead_price,4.4739520150159064,-0.0075
2026-05-28,14,day_ahead_price,4.350840873419002,0.7675000000000001
2026-05-28,15,day_ahead_price,-6.9207644908429575,1.2974999999999999
2026-05-28,16,day_ahead_price,9.79196691502565,39.64500025
2026-05-28,17,day_ahead_price,57.11788628023691,101.25749975
2026-05-28,18,day_ahead_price,118.19386419445124,138.25
2026-05-28,19,day_ahead_price,146.3657002421888,217.60249725
2026-05-28,20,day_ahead_price,157.87852762579996,393.93500525
2026-05-28,21,day_ahead_price,150.66791557448587,368.01749825
2026-05-28,22,day_ahead_price,133.96140137402145,215.75
2026-05-28,23,day_ahead_price,124.15501177232004,159.7975005
2026-05-29,0,day_ahead_price,131.73195596210272,144.44249925
2026-05-29,1,day_ahead_price,123.86679250906758,133.927498
2026-05-29,2,day_ahead_price,119.2661457242456,127.97499875
2026-05-29,3,day_ahead_price,118.4369628411269,126.192501
2026-05-29,4,day_ahead_price,115.68114454356204,125.27750225
2026-05-29,5,day_ahead_price,117.98508716533092,125.49499924999999
2026-05-29,6,day_ahead_price,129.78021710668062,131.88499825
2026-05-29,7,day_ahead_price,117.81358593927582,125.99500275
2026-05-29,8,day_ahead_price,114.33779353982264,113.56500249999999
2026-05-29,9,day_ahead_price,85.96557354204631,71.90750025
2026-05-29,10,day_ahead_price,47.96924849532198,17.0275
2026-05-29,11,day_ahead_price,32.89467647013302,0.3375
2026-05-29,12,day_ahead_price,27.31499676891103,-0.005
2026-05-29,13,day_ahead_price,27.8549818241784,0.0
2026-05-29,14,day_ahead_price,21.294915432567276,0.06999999999999999
2026-05-29,15,day_ahead_price,20.24159843232428,9.41
2026-05-29,16,day_ahead_price,36.12263503110266,51.61
2026-05-29,17,day_ahead_price,99.40220070211879,95.98749925
2026-05-29,18,day_ahead_price,130.0664796144549,133.72250175
2026-05-29,19,day_ahead_price,159.98369942232074,171.1850015
2026-05-29,20,day_ahead_price,161.06610930835924,225.5374985
2026-05-29,21,day_ahead_price,152.33920843849322,196.92250425
2026-05-29,22,day_ahead_price,133.08647431937325,160.702503
2026-05-29,23,day_ahead_price,126.6937992242597,144.7999995
2026-05-30,0,day_ahead_price,132.60313318164322,135.26500125
2026-05-30,1,day_ahead_price,126.37779543103727,126.177498
2026-05-30,2,day_ahead_price,122.91627504637974,121.58
2026-05-30,3,day_ahead_price,121.22373752687034,118.38999975
2026-05-30,4,day_ahead_price,115.91695681366011,118.57499899999999
2026-05-30,5,day_ahead_price,117.06439106908945,121.9500005
2026-05-30,6,day_ahead_price,117.9642683951923,116.88750075
2026-05-30,7,day_ahead_price,116.13000174810703,107.465
2026-05-30,8,day_ahead_price,105.00647131317587,88.8674985
2026-05-30,9,day_ahead_price,71.51755207470066,36.68249925
2026-05-30,10,day_ahead_price,41.23606713206652,2.96
2026-05-30,11,day_ahead_price,13.546454476978575,-0.005
2026-05-30,12,day_ahead_price,11.772453771299059,0.0
2026-05-30,13,day_ahead_price,11.531296886206968,-0.07250000000000001
2026-05-30,14,day_ahead_price,15.931673394362441,-0.08
2026-05-30,15,day_ahead_price,21.461097741999126,0.0
2026-05-30,16,day_ahead_price,33.38091152473447,3.0075
2026-05-30,17,day_ahead_price,79.66578794453386,60.62750175
2026-05-30,18,day_ahead_price,116.44356466587018,102.85749975
2026-05-30,19,day_ahead_price,140.48944782014578,133.70249925
2026-05-30,20,day_ahead_price,149.46172010876424,154.26250100000001
2026-05-30,21,day_ahead_price,152.36283335103712,165.61750025
2026-05-30,22,day_ahead_price,141.31015798802343,156.2525025
2026-05-30,23,day_ahead_price,130.5082541869276,138.93000025
2026-05-31,0,day_ahead_price,133.20614267617233,136.41249875
2026-05-31,1,day_ahead_price,125.28548961645416,129.10499950000002
2026-05-31,2,day_ahead_price,123.4624782189423,125.915001
2026-05-31,3,day_ahead_price,120.02761888403909,125.19750225
2026-05-31,4,day_ahead_price,120.27460135858276,126.9500005
2026-05-31,5,day_ahead_price,119.67738452010907,123.35750175
2026-05-31,6,day_ahead_price,105.9514225473202,115.00250075
2026-05-31,7,day_ahead_price,99.47261048512739,100.5600015
2026-05-31,8,day_ahead_price,74.39622040513325,90.437498
2026-05-31,9,day_ahead_price,32.378327992002205,56.28999975
2026-05-31,10,day_ahead_price,3.392936704388033,19.997500000000002
2026-05-31,11,day_ahead_price,-2.1488852939952974,16.12999975
2026-05-31,12,day_ahead_price,-5.7921904851947525,18.08999975
2026-05-31,13,day_ahead_price,-6.525538007283839,16.965
2026-05-31,14,day_ahead_price,-3.4256733320235484,19.2324995
2026-05-31,15,day_ahead_price,-5.293126217006508,17.5474995
2026-05-31,16,day_ahead_price,19.600289562705907,49.0024995
2026-05-31,17,day_ahead_price,66.81624432417043,95.92500100000001
2026-05-31,18,day_ahead_price,115.64246435339743,127.26500125000001
2026-05-31,19,day_ahead_price,143.1336642619876,141.369999
2026-05-31,20,day_ahead_price,154.43267549649224,152.76250075000002
2026-05-31,21,day_ahead_price,158.64105853651506,156.03499625
2026-05-31,22,day_ahead_price,149.50670313832973,153.1275025
2026-05-31,23,day_ahead_price,138.45027248237938,145.34749975
2026-06-01,0,day_ahead_price,134.50378439258486,141.0074995
2026-06-01,1,day_ahead_price,126.34526089356842,128.255001
2026-06-01,2,day_ahead_price,123.28825624548017,123.137499
2026-06-01,3,day_ahead_price,120.12129568341645,120.29500025
2026-06-01,4,day_ahead_price,121.96420614101075,124.4874975
2026-06-01,5,day_ahead_price,123.20900593262996,135.092501
2026-06-01,6,day_ahead_price,118.88758651032761,164.029999
2026-06-01,7,day_ahead_price,108.69940398530069,160.0
2026-06-01,8,day_ahead_price,82.39503948843517,151.7149985
2026-06-01,9,day_ahead_price,73.53216741972429,133.199999
2026-06-01,10,day_ahead_price,40.74686318751702,117.66000174999999
2026-06-01,11,day_ahead_price,34.5350425817873,108.14250025
2026-06-01,12,day_ahead_price,24.582098883059228,93.0825005
2026-06-01,13,day_ahead_price,15.915280720015726,89.90749925
2026-06-01,14,day_ahead_price,10.16304782952526,87.44749825
2026-06-01,15,day_ahead_price,20.254511284010317,95.09749975
2026-06-01,16,day_ahead_price,40.67602579057168,106.73499875
2026-06-01,17,day_ahead_price,92.10712870940725,125.24250025
2026-06-01,18,day_ahead_price,124.1211130576793,141.4575025
2026-06-01,19,day_ahead_price,138.93503246592925,226.612499
2026-06-01,20,day_ahead_price,159.4605116677797,355.2525025
2026-06-01,21,day_ahead_price,156.82622628820852,333.36750025
2026-06-01,22,day_ahead_price,146.41396153370778,222.50250225000002
2026-06-01,23,day_ahead_price,136.4035348764031,161.0250015
2026-06-02,0,day_ahead_price,134.21403684498102,142.064999
2026-06-02,1,day_ahead_price,124.54515003604304,131.7225
2026-06-02,2,day_ahead_price,122.81939417146494,125.08500099999999
2026-06-02,3,day_ahead_price,120.54409887692405,120.914999
2026-06-02,4,day_ahead_price,120.2560897066227,120.6275005
2026-06-02,5,day_ahead_price,128.25049231204616,124.21500025
2026-06-02,6,day_ahead_price,137.31024173038355,131.02750025
2026-06-02,7,day_ahead_price,142.758444036686,131.8049985
2026-06-02,8,day_ahead_price,125.11400293572471,121.0975
2026-06-02,9,day_ahead_price,101.85096154389524,105.42499925
2026-06-02,10,day_ahead_price,79.42034941076888,90.5300005
2026-06-02,11,day_ahead_price,68.69927939632635,85.22500025
2026-06-02,12,day_ahead_price,52.27944560873328,83.2799985
2026-06-02,13,day_ahead_price,46.250872190493695,85.16749949999999
2026-06-02,14,day_ahead_price,40.00397947637683,90.904999
2026-06-02,15,day_ahead_price,55.82973976111088,99.77000075000001
2026-06-02,16,day_ahead_price,87.38342555759662,112.26499925
2026-06-02,17,day_ahead_price,113.55995822514106,131.13750100000001
2026-06-02,18,day_ahead_price,133.7995049912264,146.97750474999998
2026-06-02,19,day_ahead_price,160.11648113255498,167.93749624999998
2026-06-02,20,day_ahead_price,164.63846640546717,167.27249525
2026-06-02,21,day_ahead_price,162.37882987958497,152.32500075000002
2026-06-02,22,day_ahead_price,144.90734791025957,140.43500125
2026-06-02,23,day_ahead_price,136.20843885712716,125.23749925000001
2026-06-03,0,day_ahead_price,124.0299641401968,116.299999
2026-06-03,1,day_ahead_price,117.06138113187095,111.8949985
2026-06-03,2,day_ahead_price,115.58552665958341,108.01749975
2026-06-03,3,day_ahead_price,110.9887455525419,107.299999
2026-06-03,4,day_ahead_price,111.48994083181114,107.1899985
2026-06-03,5,day_ahead_price,119.64700471337883,113.2749995
2026-06-03,6,day_ahead_price,123.47741989944542,130.7374955
2026-06-03,7,day_ahead_price,119.82647422145858,136.82999775000002
2026-06-03,8,day_ahead_price,107.35634415898025,131.07750325
2026-06-03,9,day_ahead_price,93.79769166092144,112.16250025
2026-06-03,10,day_ahead_price,81.28892102377341,94.09750149999999
2026-06-03,11,day_ahead_price,60.240302594318806,80.2474995
2026-06-03,12,day_ahead_price,45.2519423202342,59.09000125
2026-06-03,13,day_ahead_price,41.82224723445695,49.617499499999994
2026-06-03,14,day_ahead_price,64.34754156455612,43.46999925
2026-06-03,15,day_ahead_price,77.41769820136942,48.0
2026-06-03,16,day_ahead_price,96.91920805958559,76.90000125
2026-06-03,17,day_ahead_price,126.16198165191639,95.574999
2026-06-03,18,day_ahead_price,141.41990862341677,122.26499774999999
2026-06-03,19,day_ahead_price,157.9408055983325,138.47249775
2026-06-03,20,day_ahead_price,167.9000251159482,146.2575035
2026-06-03,21,day_ahead_price,159.07962177433538,133.432499
2026-06-03,22,day_ahead_price,144.17198255732674,120.95250125
2026-06-03,23,day_ahead_price,132.27312458449995,99.40749925
2026-06-04,0,day_ahead_price,100.55064694443236,86.20499975
2026-06-04,1,day_ahead_price,95.22765266177845,75.48749925
2026-06-04,2,day_ahead_price,92.50164462335344,66.91999824999999
2026-06-04,3,day_ahead_price,85.61543780873554,67.47250174999999
2026-06-04,4,day_ahead_price,97.02444973489006,67.13749874999999
2026-06-04,5,day_ahead_price,93.76985020257649,66.8549995
2026-06-04,6,day_ahead_price,110.14663197182807,73.96999925
2026-06-04,7,day_ahead_price,111.25550638527488,87.08000175000001
2026-06-04,8,day_ahead_price,107.44129237572312,75.620001
2026-06-04,9,day_ahead_price,80.12719897126786,34.1775
2026-06-04,10,day_ahead_price,64.72407282405057,15.09
2026-06-04,11,day_ahead_price,36.41555545745882,8.33
2026-06-04,12,day_ahead_price,19.869197197922094,9.6525
2026-06-04,13,day_ahead_price,9.339299577282096,9.545
2026-06-04,14,day_ahead_price,12.351146442572217,9.295
2026-06-04,15,day_ahead_price,28.867524527148962,11.1975
2026-06-04,16,day_ahead_price,47.499658364576185,28.6974995
2026-06-04,17,day_ahead_price,86.21457486741305,70.1525
2026-06-04,18,day_ahead_price,114.04885091993101,101.50250075
2026-06-04,19,day_ahead_price,132.95048654262547,114.165001
2026-06-04,20,day_ahead_price,135.3277078561917,117.967499
2026-06-04,21,day_ahead_price,138.31948259067195,115.3724995
2026-06-04,22,day_ahead_price,125.42162020496086,111.6900005
2026-06-04,23,day_ahead_price,115.13533953226434,100.04999925
2026-06-05,0,day_ahead_price,93.54406496172244,80.6950015
2026-06-05,1,day_ahead_price,93.01257302761738,79.44750024999999
2026-06-05,2,day_ahead_price,90.32706473278596,79.5024985
2026-06-05,3,day_ahead_price,86.15579427646868,77.3600005
2026-06-05,4,day_ahead_price,83.30618806701253,78.99000000000001
2026-06-05,5,day_ahead_price,93.39342543268206,87.200001
2026-06-05,6,day_ahead_price,110.81839725078937,102.8149985
2026-06-05,7,day_ahead_price,107.23665216759981,112.2024995
2026-06-05,8,day_ahead_price,93.81470036709682,112.89500025
2026-06-05,9,day_ahead_price,65.86816772234371,98.30000125000001
2026-06-05,10,day_ahead_price,52.298595535150106,86.11500175
2026-06-05,11,day_ahead_price,25.4689017575353,70.82500075
2026-06-05,12,day_ahead_price,20.07314443094593,45.20499925
2026-06-05,13,day_ahead_price,24.877268239273903,34.177499749999996
2026-06-05,14,day_ahead_price,21.620577926179305,27.19999925
2026-06-05,15,day_ahead_price,28.317634513723746,38.00999975
2026-06-05,16,day_ahead_price,43.80370869656747,72.55499925000001
2026-06-05,17,day_ahead_price,88.69215058734436,104.25249875
2026-06-05,18,day_ahead_price,119.69279908992368,128.9024985
2026-06-05,19,day_ahead_price,125.06092174493095,150.49750125
2026-06-05,20,day_ahead_price,124.10725522040597,179.04499825
2026-06-05,21,day_ahead_price,107.73323032265978,189.35499925
2026-06-05,22,day_ahead_price,102.24925645903681,169.135002
2026-06-05,23,day_ahead_price,103.41227063709313,152.06000125
2026-06-06,0,day_ahead_price,135.61535898017902,148.24249650000002
2026-06-06,1,day_ahead_price,128.57401905273025,137.17999675
2026-06-06,2,day_ahead_price,122.79090293160004,134.789997
2026-06-06,3,day_ahead_price,118.62188179783229,116.16749925
2026-06-06,4,day_ahead_price,120.13418628021257,130.182499
2026-06-06,5,day_ahead_price,123.73067802955192,126.034998
2026-06-06,6,day_ahead_price,124.13543370581438,117.6900005
2026-06-06,7,day_ahead_price,124.68571476802502,102.3150025
2026-06-06,8,day_ahead_price,111.35518150439259,81.0175
2026-06-06,9,day_ahead_price,85.38083447626892,49.99999975
2026-06-06,10,day_ahead_price,75.39449235189883,37.26000075
2026-06-06,11,day_ahead_price,63.95550740436924,28.099999750000002
2026-06-06,12,day_ahead_price,50.11276241244187,23.662499750000002
2026-06-06,13,day_ahead_price,37.076423173831074,20.0550005
2026-06-06,14,day_ahead_price,32.55901596413363,21.3475
2026-06-06,15,day_ahead_price,42.557115666327604,30.0
2026-06-06,16,day_ahead_price,85.27634130183598,46.205000749999996
2026-06-06,17,day_ahead_price,108.63792954551676,93.28250125
2026-06-06,18,day_ahead_price,126.88638901309153,121.78749675
2026-06-06,19,day_ahead_price,136.62087516239512,133.8499985
2026-06-06,20,day_ahead_price,163.00509898526022,152.432499
2026-06-06,21,day_ahead_price,149.89206643669147,150.9225005
2026-06-06,22,day_ahead_price,131.34748236945413,134.3274995
2026-06-06,23,day_ahead_price,126.54610829663638,121.54249949999999
2026-06-07,0,day_ahead_price,120.31149898358699,110.69999849999999
2026-06-07,1,day_ahead_price,115.14429395820599,99.51249874999999
2026-06-07,2,day_ahead_price,112.27288041770606,92.20749875
2026-06-07,3,day_ahead_price,109.21647758858938,81.41500075
2026-06-07,4,day_ahead_price,108.6972662992503,67.01249899999999
2026-06-07,5,day_ahead_price,110.37734203103206,39.2100005
2026-06-07,6,day_ahead_price,107.65146807868561,5.0475
2026-06-07,7,day_ahead_price,104.3099764535959,0.47000000000000003
2026-06-07,8,day_ahead_price,92.02643266533609,-0.48
2026-06-07,9,day_ahead_price,77.19254058629603,-4.800000000000001
2026-06-07,10,day_ahead_price,53.35054832707926,-6.495
2026-06-07,11,day_ahead_price,34.192503436333574,-1.6
2026-06-07,12,day_ahead_price,23.880065033013146,-3.7075000000000005
2026-06-07,13,day_ahead_price,25.706546377532035,-1.5325000000000002
2026-06-07,14,day_ahead_price,27.77988398132904,-7.9175
2026-06-07,15,day_ahead_price,31.747871551124504,-28.34249975
2026-06-07,16,day_ahead_price,54.977224126753875,-14.43
2026-06-07,17,day_ahead_price,93.55546218673955,0.49750000000000005
2026-06-07,18,day_ahead_price,114.7019050328926,53.667501
2026-06-07,19,day_ahead_price,145.60010187060126,108.00250224999999
2026-06-07,20,day_ahead_price,157.09308955548508,128.26750025
2026-06-07,21,day_ahead_price,146.91070136823745,137.1375045
2026-06-07,22,day_ahead_price,139.3696738920081,141.1875
2026-06-07,23,day_ahead_price,131.31733834909213,140.34249875
2026-06-08,0,day_ahead_price,131.11929824660749,140.43000025
2026-06-08,1,day_ahead_price,125.76941733653405,134.237499
2026-06-08,2,day_ahead_price,123.34307409027242,132.70999899999998
2026-06-08,3,day_ahead_price,118.71681278351365,127.66999799999999
2026-06-08,4,day_ahead_price,118.54905449524118,130.17499924999998
2026-06-08,5,day_ahead_price,123.25903791826276,138.56249975
2026-06-08,6,day_ahead_price,132.25582749601622,150.67500275
2026-06-08,7,day_ahead_price,126.53749120567556,145.675003
2026-06-08,8,day_ahead_price,120.8600923324301,124.87500025
2026-06-08,9,day_ahead_price,74.36365885862404,102.51000025
2026-06-08,10,day_ahead_price,27.042489741179637,87.70500175
2026-06-08,11,day_ahead_price,6.632580897737145,74.364999
2026-06-08,12,day_ahead_price,13.048534373714414,77.0199985
2026-06-08,13,day_ahead_price,6.703032435400425,72.47749925
2026-06-08,14,day_ahead_price,15.530073526563285,74.38249975
2026-06-08,15,day_ahead_price,18.44407643101182,88.85750025
2026-06-08,16,day_ahead_price,44.58707877593221,102.58
2026-06-08,17,day_ahead_price,80.65828724007488,128.875
2026-06-08,18,day_ahead_price,117.7255335997461,151.32999825
2026-06-08,19,day_ahead_price,130.72003526769058,199.32250225
2026-06-08,20,day_ahead_price,139.8958759975317,208.9025
2026-06-08,21,day_ahead_price,134.52916169732018,185.75000375000002
2026-06-08,22,day_ahead_price,122.37501727062534,152.36750025
2026-06-08,23,day_ahead_price,119.49487789531177,128.20499825000002
2026-06-09,0,day_ahead_price,134.30494433659487,129.01249875
2026-06-09,1,day_ahead_price,125.0255820195997,122.15749925
2026-06-09,2,day_ahead_price,118.56379122494567,115.5
2026-06-09,3,day_ahead_price,119.99843473903239,111.21750075
2026-06-09,4,day_ahead_price,118.8014506013416,110.4750005
2026-06-09,5,day_ahead_price,126.20424961264635,115.81499875
2026-06-09,6,day_ahead_price,127.82451319643747,128.9975015
2026-06-09,7,day_ahead_price,128.74511929167113,134.63249775
2026-06-09,8,day_ahead_price,114.67175764251594,126.89750125
2026-06-09,9,day_ahead_price,97.27005266267938,107.00000025
2026-06-09,10,day_ahead_price,79.83351053942565,82.33500125
2026-06-09,11,day_ahead_price,47.38190093128513,60.9000025
2026-06-09,12,day_ahead_price,37.552852360595054,25.2150005
2026-06-09,13,day_ahead_price,28.74724172137743,3.84
2026-06-09,14,day_ahead_price,49.030898880330334,1.2075
2026-06-09,15,day_ahead_price,73.60034928776847,2.2075
2026-06-09,16,day_ahead_price,97.0297763439486,30.58499975
2026-06-09,17,day_ahead_price,126.12550764769432,75.72749974999999
2026-06-09,18,day_ahead_price,140.46903811108268,116.99999825
2026-06-09,19,day_ahead_price,157.25783528602648,133.45000075000002
2026-06-09,20,day_ahead_price,161.85034875318797,150.0
2026-06-09,21,day_ahead_price,157.98294928827065,155.362503
2026-06-09,22,day_ahead_price,139.28302798330623,144.99250024999998
2026-06-09,23,day_ahead_price,122.069137971874,131.307499
2026-06-10,0,day_ahead_price,130.29891084318865,121.094999
2026-06-10,1,day_ahead_price,122.99071295983157,112.3099995
2026-06-10,2,day_ahead_price,121.84905604914317,108.67500125
2026-06-10,3,day_ahead_price,116.64808515572123,108.182501
2026-06-10,4,day_ahead_price,118.14904587776118,106.79999925
2026-06-10,5,day_ahead_price,120.05897778255701,110.9350015
2026-06-10,6,day_ahead_price,137.92459803023883,122.424999
2026-06-10,7,day_ahead_price,132.9843462156134,125.3725015
2026-06-10,8,day_ahead_price,126.89530168547593,121.22500249999999
2026-06-10,9,day_ahead_price,105.16835971290037,100.0474985
2026-06-10,10,day_ahead_price,42.366218419991725,82.35999875
2026-06-10,11,day_ahead_price,22.793312359917916,73.057499
2026-06-10,12,day_ahead_price,29.825073818594603,68.6775015
2026-06-10,13,day_ahead_price,7.693970633288769,71.56750124999999
2026-06-10,14,day_ahead_price,0.6059757850336599,77.824999
2026-06-10,15,day_ahead_price,9.927650614298775,86.62500025
2026-06-10,16,day_ahead_price,39.03089971630911,101.08500125
2026-06-10,17,day_ahead_price,67.6546217492244,119.26500125000001
2026-06-10,18,day_ahead_price,106.02587870892573,140.5250015
2026-06-10,19,day_ahead_price,140.34162632497925,169.78499975
2026-06-10,20,day_ahead_price,157.83678675169554,213.97999575
2026-06-10,21,day_ahead_price,139.4951682145196,204.9975015
2026-06-10,22,day_ahead_price,133.36851729937595,168.63499825
2026-06-10,23,day_ahead_price,118.29628169200005,151.75
2026-06-11,0,day_ahead_price,134.11214782849535,144.0200005
2026-06-11,1,day_ahead_price,124.82649363485478,134.63750075000002
2026-06-11,2,day_ahead_price,123.76314148886873,126.7924995
2026-06-11,3,day_ahead_price,119.6490545537629,126.05249975
2026-06-11,4,day_ahead_price,119.65589406866052,126.325001
2026-06-11,5,day_ahead_price,126.49091390836844,127.317501
2026-06-11,6,day_ahead_price,135.52794827013182,141.77000025
2026-06-11,7,day_ahead_price,127.09663897064942,142.397499
2026-06-11,8,day_ahead_price,117.27549513327881,130.147499
2026-06-11,9,day_ahead_price,107.0881400208205,107.74500075
2026-06-11,10,day_ahead_price,92.76961162896355,90.73750100000001
2026-06-11,11,day_ahead_price,64.0253602785945,76.8325005
2026-06-11,12,day_ahead_price,65.07750049862378,63.3550015
2026-06-11,13,day_ahead_price,52.4741507936275,50.7150005
2026-06-11,14,day_ahead_price,50.121579462218904,41.05249875
2026-06-11,15,day_ahead_price,78.33144438362524,56.32500075
2026-06-11,16,day_ahead_price,99.13264421445491,78.5125005
2026-06-11,17,day_ahead_price,117.75587160416156,101.4225005
2026-06-11,18,day_ahead_price,140.86500147981604,129.6124995
2026-06-11,19,day_ahead_price,159.05691000107987,147.45500175
2026-06-11,20,day_ahead_price,152.65330349758688,178.567501
2026-06-11,21,day_ahead_price,146.0263769061127,168.6825025
2026-06-11,22,day_ahead_price,128.84638154348065,138.15749925
2026-06-11,23,day_ahead_price,122.65877049234533,115.664999
2026-06-12,0,day_ahead_price,114.6114350671077,115.61000075
2026-06-12,1,day_ahead_price,109.36480152536562,101.30249975000001
2026-06-12,2,day_ahead_price,108.36141449553888,93.602499
2026-06-12,3,day_ahead_price,108.1379868792902,90.700001
2026-06-12,4,day_ahead_price,110.65467939273042,91.45750050000001
2026-06-12,5,day_ahead_price,110.98272488548751,94.20750050000001
2026-06-12,6,day_ahead_price,126.77889495648975,113.2474995
2026-06-12,7,day_ahead_price,139.30925885089752,119.79999925
2026-06-12,8,day_ahead_price,122.34765729014337,124.31999950000001
2026-06-12,9,day_ahead_price,89.53179321081366,115.620001
2026-06-12,10,day_ahead_price,65.230019411958,100.2124995
2026-06-12,11,day_ahead_price,25.137332264072118,89.062502
2026-06-12,12,day_ahead_price,26.139812721867994,79.71499800000001
2026-06-12,13,day_ahead_price,23.712524529262726,68.625001
2026-06-12,14,day_ahead_price,17.413254463372777,54.165001000000004
2026-06-12,15,day_ahead_price,33.87243327237317,51.4524995
2026-06-12,16,day_ahead_price,63.43581766070677,52.99750025
2026-06-12,17,day_ahead_price,93.34920190670394,68.19500075
2026-06-12,18,day_ahead_price,119.13246132867158,87.9974995
2026-06-12,19,day_ahead_price,138.85531577041255,96.83
2026-06-12,20,day_ahead_price,151.53506187471177,108.03500199999999
2026-06-12,21,day_ahead_price,142.8419415204641,109.83749975
2026-06-12,22,day_ahead_price,137.168560224805,111.10750025
2026-06-12,23,day_ahead_price,127.70091991819007,100.83999800000001
2026-06-13,0,day_ahead_price,81.84136512046449,86.6650005
2026-06-13,1,day_ahead_price,83.01243522074712,74.03499975
2026-06-13,2,day_ahead_price,86.5646584620794,63.8999995
2026-06-13,3,day_ahead_price,86.80111593041137,57.01749875
2026-06-13,4,day_ahead_price,83.12196918266413,39.23750025
2026-06-13,5,day_ahead_price,89.21806348972859,36.727501000000004
2026-06-13,6,day_ahead_price,103.00634275432739,30.5475005
2026-06-13,7,day_ahead_price,100.30834979582305,13.655
2026-06-13,8,day_ahead_price,86.98433046333805,0.4125
2026-06-13,9,day_ahead_price,65.78231796213943,-0.4175
2026-06-13,10,day_ahead_price,43.390014298249895,-2.4
2026-06-13,11,day_ahead_price,34.59415663454143,-7.1
2026-06-13,12,day_ahead_price,16.187802094163274,-13.9975
2026-06-13,13,day_ahead_price,19.43217309976393,-21.50750025
2026-06-13,14,day_ahead_price,15.02856106563149,-28.95
2026-06-13,15,day_ahead_price,20.940404809639574,-26.3
2026-06-13,16,day_ahead_price,40.4595288888682,-12.61249975
2026-06-13,17,day_ahead_price,79.541815022365,-2.9925
2026-06-13,18,day_ahead_price,107.7573951758346,0.31000000000000005
2026-06-13,19,day_ahead_price,130.3162376290797,28.245
2026-06-13,20,day_ahead_price,128.9993792687883,64.37749975
2026-06-13,21,day_ahead_price,128.43859431837936,78.18249899999999
2026-06-13,22,day_ahead_price,121.6418130769755,83.17749975
2026-06-13,23,day_ahead_price,122.98063184150783,75.93500125
2026-06-14,0,day_ahead_price,72.75751879323958,59.8500005
2026-06-14,1,day_ahead_price,67.39494589784128,48.44749925
2026-06-14,2,day_ahead_price,67.48234336243827,33.32499975
2026-06-14,3,day_ahead_price,65.73661843559859,27.3175005
2026-06-14,4,day_ahead_price,71.10666692617957,25.94749975
2026-06-14,5,day_ahead_price,79.38781560042234,21.25249975
2026-06-14,6,day_ahead_price,79.8648093043572,7.765000000000001
2026-06-14,7,day_ahead_price,85.18821561725422,0.46499999999999997
2026-06-14,8,day_ahead_price,68.93883777730743,0.0
2026-06-14,9,day_ahead_price,30.343597037938974,0.0
2026-06-14,10,day_ahead_price,3.317353779701239,0.0
2026-06-14,11,day_ahead_price,-0.03498523092324188,0.0025
2026-06-14,12,day_ahead_price,-0.8919861104786535,-0.01
2026-06-14,13,day_ahead_price,2.069254332298769,-0.005
2026-06-14,14,day_ahead_price,3.261566322344877,-0.53
2026-06-14,15,day_ahead_price,3.875007558414263,-1.51
2026-06-14,16,day_ahead_price,44.465008509692815,-0.0125
2026-06-14,17,day_ahead_price,77.92503049965336,0.8300000000000001
2026-06-14,18,day_ahead_price,117.97507713389,6.73749975
2026-06-14,19,day_ahead_price,136.89874335521415,61.397498500000005
2026-06-14,20,day_ahead_price,126.07806083525911,81.2299975
2026-06-14,21,day_ahead_price,122.00082073914184,86.9050005
2026-06-14,22,day_ahead_price,112.82353274441617,84.84499925
2026-06-14,23,day_ahead_price,102.76676570115448,74.05
2026-06-15,0,day_ahead_price,72.79828048053184,65.20499875
2026-06-15,1,day_ahead_price,68.13459153943698,57.1000005
2026-06-15,2,day_ahead_price,66.6728462510858,48.2524995
2026-06-15,3,day_ahead_price,69.85820436772325,50.02000025
2026-06-15,4,day_ahead_price,71.86295747095429,50.30000025
2026-06-15,5,day_ahead_price,78.2312624634499,59.6224995
2026-06-15,6,day_ahead_price,89.30457448558381,88.59
2026-06-15,7,day_ahead_price,104.36763657527793,101.63000275
2026-06-15,8,day_ahead_price,93.61393226362152,87.10999875
2026-06-15,9,day_ahead_price,69.81753139492943,58.977499
2026-06-15,10,day_ahead_price,26.211547031748893,21.665
2026-06-15,11,day_ahead_price,8.96616942983537,5.045
2026-06-15,12,day_ahead_price,4.851898441039253,2.025
2026-06-15,13,day_ahead_price,4.163607996018024,1.9
2026-06-15,14,day_ahead_price,8.959704613403213,1.3775
2026-06-15,15,day_ahead_price,6.408209468751417,1.69
2026-06-15,16,day_ahead_price,29.232437113936474,5.0325
2026-06-15,17,day_ahead_price,75.13983154773528,43.4675
2026-06-15,18,day_ahead_price,120.44067897965486,91.277501
2026-06-15,19,day_ahead_price,131.25858995701586,129.03500350000002
2026-06-15,20,day_ahead_price,118.10106582217404,148.74499525
2026-06-15,21,day_ahead_price,110.23326856267164,155.54000100000002
2026-06-15,22,day_ahead_price,105.76287943034664,153.7924995
2026-06-15,23,day_ahead_price,105.72700649673618,134.737503
2026-06-16,0,day_ahead_price,133.17979258097313,123.12000075
2026-06-16,1,day_ahead_price,126.77959414403246,117.34000025
2026-06-16,2,day_ahead_price,121.87476284172755,113.73750100000001
2026-06-16,3,day_ahead_price,121.49118220382132,110.822502
2026-06-16,4,day_ahead_price,120.39512650678266,110.7524985
2026-06-16,5,day_ahead_price,123.73609934348717,114.9799975
2026-06-16,6,day_ahead_price,131.11135926015328,127.99250025
2026-06-16,7,day_ahead_price,131.72412280954615,131.69499975
2026-06-16,8,day_ahead_price,116.24076668747469,134.81499875
2026-06-16,9,day_ahead_price,61.74530909904723,111.40250025
2026-06-16,10,day_ahead_price,25.48739096627219,107.0249995
2026-06-16,11,day_ahead_price,18.989092409903225,84.0150015
2026-06-16,12,day_ahead_price,13.140517246557925,68.99250025
2026-06-16,13,day_ahead_price,5.133147342868618,56.902501
2026-06-16,14,day_ahead_price,9.702495795854729,53.5275005
2026-06-16,15,day_ahead_price,13.21340456594386,63.5625
2026-06-16,16,day_ahead_price,51.7375931333781,82.6950005
2026-06-16,17,day_ahead_price,73.30203713857294,108.897501
2026-06-16,18,day_ahead_price,124.65944589041821,126.7575
2026-06-16,19,day_ahead_price,156.71064155096977,148.00749975
2026-06-16,20,day_ahead_price,163.5874961281283,175.257496
2026-06-16,21,day_ahead_price,145.74288192215826,182.88000125000002
2026-06-16,22,day_ahead_price,132.68939279651218,164.50500475
2026-06-16,23,day_ahead_price,121.60215812077007,143.29249950000002
2026-06-17,0,day_ahead_price,131.7740992563546,141.06750449999998
2026-06-17,1,day_ahead_price,125.65892066213664,135.237503
2026-06-17,2,day_ahead_price,122.31437172076144,129.1500035
2026-06-17,3,day_ahead_price,117.89325815374724,127.307501
2026-06-17,4,day_ahead_price,117.96422562044036,127.08499925
2026-06-17,5,day_ahead_price,123.4372596717182,127.83499925000001
2026-06-17,6,day_ahead_price,139.000859536622,139.35999675
2026-06-17,7,day_ahead_price,146.71645590148196,135.955002
2026-06-17,8,day_ahead_price,126.68469541547118,121.715002
2026-06-17,9,day_ahead_price,105.49699527649723,106.58250025000001
2026-06-17,10,day_ahead_price,86.97405083537585,93.602501
2026-06-17,11,day_ahead_price,55.9995156938877,82.02749825000001
2026-06-17,12,day_ahead_price,24.66965815231761,75.965
2026-06-17,13,day_ahead_price,34.9702369448942,69.1049995
2026-06-17,14,day_ahead_price,34.43880518503132,68.3599985
2026-06-17,15,day_ahead_price,38.30191505346727,76.67750175
2026-06-17,16,day_ahead_price,51.41818073922331,87.51250075
2026-06-17,17,day_ahead_price,102.64723516241882,105.71249975
2026-06-17,18,day_ahead_price,122.87035073303852,120.22000125
2026-06-17,19,day_ahead_price,150.70327796819598,142.2075005
2026-06-17,20,day_ahead_price,163.4773503579828,161.39250175
2026-06-17,21,day_ahead_price,149.59495301462348,163.1100005
2026-06-17,22,day_ahead_price,138.72550365552516,158.45249925000002
2026-06-17,23,day_ahead_price,118.4632909960574,142.5625
2026-06-18,0,day_ahead_price,133.5653282382911,134.80249975
2026-06-18,1,day_ahead_price,123.63998465501923,125.44000025
2026-06-18,2,day_ahead_price,119.97436574513478,121.6324995
2026-06-18,3,day_ahead_price,116.51779744546279,119.335001
2026-06-18,4,day_ahead_price,115.36635098532496,118.972498
2026-06-18,5,day_ahead_price,120.6308830622601,127.17999850000001
2026-06-18,6,day_ahead_price,123.124074987826,135.6674995
2026-06-18,7,day_ahead_price,125.51256117016672,135.33500475
2026-06-18,8,day_ahead_price,122.48420408445469,118.82999975
2026-06-18,9,day_ahead_price,102.51703151131946,102.4350015
2026-06-18,10,day_ahead_price,73.23753299683264,76.89000025
2026-06-18,11,day_ahead_price,67.88485389737806,48.7725
2026-06-18,12,day_ahead_price,48.283942636162216,28.735
2026-06-18,13,day_ahead_price,32.950905943836865,22.53250025
2026-06-18,14,day_ahead_price,4.464305569236318,25.8999995
2026-06-18,15,day_ahead_price,30.892508275571082,48.09749975
2026-06-18,16,day_ahead_price,55.58875487452533,80.00499925
2026-06-18,17,day_ahead_price,91.29609964379074,106.057499
2026-06-18,18,day_ahead_price,123.44519583634396,135.51750025
2026-06-18,19,day_ahead_price,145.70485181996642,258.550003
2026-06-18,20,day_ahead_price,161.02060594824857,447.57749925
2026-06-18,21,day_ahead_price,151.98072155970812,455.51499924999996
2026-06-18,22,day_ahead_price,142.3064993339515,270.05500025000003
2026-06-18,23,day_ahead_price,128.14559503025518,164.30249775
2026-06-19,0,day_ahead_price,133.89400478625825,148.0
2026-06-19,1,day_ahead_price,127.50176722919107,133.10249525
2026-06-19,2,day_ahead_price,123.11734712939705,124.43749975
2026-06-19,3,day_ahead_price,120.58723324121824,120.15749925
2026-06-19,4,day_ahead_price,120.64368555832328,117.82499899999999
2026-06-19,5,day_ahead_price,126.12060755558126,120.22250174999999
2026-06-19,6,day_ahead_price,142.28365350518186,140.05999725
2026-06-19,7,day_ahead_price,139.54006446830383,127.7125015
2026-06-19,8,day_ahead_price,135.2564351904282,112.8225005
2026-06-19,9,day_ahead_price,108.75429550019123,98.01000049999999
2026-06-19,10,day_ahead_price,79.88978257952108,73.8125
2026-06-19,11,day_ahead_price,69.05167945943212,32.7600005
2026-06-19,12,day_ahead_price,57.388427034732004,14.99999975
2026-06-19,13,day_ahead_price,43.7029260824025,11.7925
2026-06-19,14,day_ahead_price,32.903330678466325,16.92999975
2026-06-19,15,day_ahead_price,47.155821068842556,45.952499
2026-06-19,16,day_ahead_price,63.7393928194668,84.12249975
2026-06-19,17,day_ahead_price,94.50486217113162,109.08000175000001
2026-06-19,18,day_ahead_price,139.33981894774374,129.312502
2026-06-19,19,day_ahead_price,157.7365878227552,168.58749775
2026-06-19,20,day_ahead_price,170.54899253561962,207.03750225
2026-06-19,21,day_ahead_price,161.90139025018306,189.1800005
2026-06-19,22,day_ahead_price,147.71781404943007,158.51250075000002
2026-06-19,23,day_ahead_price,126.01507840083248,137.73500225
2026-06-20,0,day_ahead_price,137.4406093343208,130.1775015
2026-06-20,1,day_ahead_price,126.81443892982715,121.11500175
2026-06-20,2,day_ahead_price,124.27522500681778,118.5999985
2026-06-20,3,day_ahead_price,122.74204164307292,116.63500049999999
2026-06-20,4,day_ahead_price,120.88670945880101,114.54249949999999
2026-06-20,5,day_ahead_price,121.23654812985312,113.7574995
2026-06-20,6,day_ahead_price,125.63446785516149,109.67499725
2026-06-20,7,day_ahead_price,114.28501351986607,101.97500025000001
2026-06-20,8,day_ahead_price,99.34288505695504,92.06499875
2026-06-20,9,day_ahead_price,82.34958467696701,43.57999975
2026-06-20,10,day_ahead_price,67.492175724799,4.125
2026-06-20,11,day_ahead_price,34.48318293752011,-0.0025
2026-06-20,12,day_ahead_price,24.68786489635792,-0.0125
2026-06-20,13,day_ahead_price,32.60959031896218,-0.0175
2026-06-20,14,day_ahead_price,19.492958356372235,-0.0125
2026-06-20,15,day_ahead_price,33.88414872640474,0.25
2026-06-20,16,day_ahead_price,54.472924941337865,18.17999975
2026-06-20,17,day_ahead_price,100.23129289371703,83.65250125
2026-06-20,18,day_ahead_price,127.68088067650419,119.5199985
2026-06-20,19,day_ahead_price,145.5269559460861,145.9500025
2026-06-20,20,day_ahead_price,159.99081621066313,175.37000275
2026-06-20,21,day_ahead_price,160.6567259127561,186.517502
2026-06-20,22,day_ahead_price,145.71945252030625,167.7299995
2026-06-20,23,day_ahead_price,123.16402485251426,146.545002
2026-06-21,0,day_ahead_price,136.32391325500504,138.14250175
2026-06-21,1,day_ahead_price,128.7950185619689,128.335003
2026-06-21,2,day_ahead_price,123.87665400976142,126.1225015
2026-06-21,3,day_ahead_price,122.8032138972022,123.602501
2026-06-21,4,day_ahead_price,121.45746033941124,121.76499925
2026-06-21,5,day_ahead_price,123.06822835073004,118.75
2026-06-21,6,day_ahead_price,126.83668873768502,112.822502
2026-06-21,7,day_ahead_price,109.99006257684601,104.12000075
2026-06-21,8,day_ahead_price,98.31748792459022,75.88999925
2026-06-21,9,day_ahead_price,67.29268921767654,31.135
2026-06-21,10,day_ahead_price,35.12795702227638,1.3724999999999998
2026-06-21,11,day_ahead_price,23.06085487809325,0.065
2026-06-21,12,day_ahead_price,11.636067903759484,0.0225
2026-06-21,13,day_ahead_price,19.942469826221537,0.0
2026-06-21,14,day_ahead_price,21.677373673420583,0.0
2026-06-21,15,day_ahead_price,4.121683882045972,0.0075
2026-06-21,16,day_ahead_price,16.42848794922799,12.667499999999999
2026-06-21,17,day_ahead_price,74.8391174645207,76.755
2026-06-21,18,day_ahead_price,123.9983132248369,115.3100015
2026-06-21,19,day_ahead_price,147.49823574351416,133.70999725000001
2026-06-21,20,day_ahead_price,162.65323725238213,149.579998
2026-06-21,21,day_ahead_price,167.41874135116697,150.46249775
2026-06-21,22,day_ahead_price,149.09693768942293,146.039997
2026-06-21,23,day_ahead_price,134.02663967391936,133.84750375000002
2026-06-22,0,day_ahead_price,129.52171265355412,128.0874975
2026-06-22,1,day_ahead_price,122.4368627903557,120.004999
2026-06-22,2,day_ahead_price,118.46955105757193,114.44750025
2026-06-22,3,day_ahead_price,118.51010997513445,114.4700015
2026-06-22,4,day_ahead_price,116.36901189874575,116.38750075
2026-06-22,5,day_ahead_price,118.2577275767059,123.31999775
2026-06-22,6,day_ahead_price,113.47143399013183,139.61999875
2026-06-22,7,day_ahead_price,101.34387670414414,145.7199975
2026-06-22,8,day_ahead_price,78.89436568372238,128.70250125
2026-06-22,9,day_ahead_price,49.18637096528325,108.02750025
2026-06-22,10,day_ahead_price,29.504468865419287,85.33749974999999
2026-06-22,11,day_ahead_price,21.5512956364941,57.30250075
2026-06-22,12,day_ahead_price,13.087405042124018,39.5175005
2026-06-22,13,day_ahead_price,3.1540043035656953,32.33499975
2026-06-22,14,day_ahead_price,6.693188167461043,40.6549995
2026-06-22,15,day_ahead_price,6.71649536454742,63.415000750000004
2026-06-22,16,day_ahead_price,28.43857010130171,90.71500025
2026-06-22,17,day_ahead_price,74.74150538223081,113.59500125
2026-06-22,18,day_ahead_price,112.86126164105772,145.35750174999998
2026-06-22,19,day_ahead_price,127.41207426104634,197.89249425
2026-06-22,20,day_ahead_price,147.31008509699285,270.90750475
2026-06-22,21,day_ahead_price,149.69301904108784,254.959999
2026-06-22,22,day_ahead_price,142.97480582843096,190.7300035
2026-06-22,23,day_ahead_price,129.89488532052988,156.99499874999998
2026-06-23,0,day_ahead_price,139.0414049011086,145.987503
2026-06-23,1,day_ahead_price,129.78928538783077,138.86500175
2026-06-23,2,day_ahead_price,123.94401500124714,134.8325005
2026-06-23,3,day_ahead_price,120.98312500156248,135.529999
2026-06-23,4,day_ahead_price,120.3753701486066,137.78999725
2026-06-23,5,day_ahead_price,127.15077686909514,142.03250125
2026-06-23,6,day_ahead_price,144.59609601104532,166.65250025
2026-06-23,7,day_ahead_price,145.35173906412916,160.18000025
2026-06-23,8,day_ahead_price,128.44743550392084,135.022501
2026-06-23,9,day_ahead_price,101.3636671719488,112.48249824999999
2026-06-23,10,day_ahead_price,65.17033228828323,96.55249975
2026-06-23,11,day_ahead_price,48.23138406533094,76.47750099999999
2026-06-23,12,day_ahead_price,42.97711317264779,66.1500005
2026-06-23,13,day_ahead_price,43.34661060067266,58.28249925
2026-06-23,14,day_ahead_price,27.012941387775648,64.5599995
2026-06-23,15,day_ahead_price,48.43332639384,77.835
2026-06-23,16,day_ahead_price,84.83933418781771,100.0024985
2026-06-23,17,day_ahead_price,110.05811533885611,121.1275005
2026-06-23,18,day_ahead_price,135.90986846420685,169.83000175
2026-06-23,19,day_ahead_price,157.5852616689152,339.560005
2026-06-23,20,day_ahead_price,175.07105090560069,563.37751025
2026-06-23,21,day_ahead_price,166.2918764672412,547.1950075
2026-06-23,22,day_ahead_price,147.13277857600852,342.430004
2026-06-23,23,day_ahead_price,130.41071018863977,201.7275045
2026-06-24,0,day_ahead_price,135.732944376465,180.8499985
2026-06-24,1,day_ahead_price,127.72348577614625,164.19249725
2026-06-24,2,day_ahead_price,120.76061621007717,148.6200025
2026-06-24,3,day_ahead_price,115.95350525781005,145.007496
2026-06-24,4,day_ahead_price,117.79046134308379,146.16999825
2026-06-24,5,day_ahead_price,120.86178550886649,153.482498
2026-06-24,6,day_ahead_price,129.0679850540819,180.187496
2026-06-24,7,day_ahead_price,135.28188087840425,174.41
2026-06-24,8,day_ahead_price,119.3896569527948,150.090002
2026-06-24,9,day_ahead_price,99.70021439761025,118.90499875
2026-06-24,10,day_ahead_price,76.2350744609854,101.80249975
2026-06-24,11,day_ahead_price,66.0456331846276,83.71749875
2026-06-24,12,day_ahead_price,51.01765778636333,72.084998
2026-06-24,13,day_ahead_price,33.79741867072454,68.295
2026-06-24,14,day_ahead_price,52.81228287336856,71.24000075000001
2026-06-24,15,day_ahead_price,60.74980995431104,85.82750125
2026-06-24,16,day_ahead_price,79.78290470619406,108.460001
2026-06-24,17,day_ahead_price,108.25645945046485,128.93000025
2026-06-24,18,day_ahead_price,135.98161030328453,196.67749775
2026-06-24,19,day_ahead_price,162.1577921705323,467.64751425
2026-06-24,20,day_ahead_price,169.7443142480388,696.0400085
2026-06-24,21,day_ahead_price,164.51500573768018,693.119995
2026-06-24,22,day_ahead_price,143.72276642096082,484.12249775
2026-06-24,23,day_ahead_price,132.57910766013185,270.25500075
2026-06-25,0,day_ahead_price,136.44073761858664,169.5
2026-06-25,1,day_ahead_price,128.14626654220456,154.5499955
2026-06-25,2,day_ahead_price,122.09617412605603,144.65749725
2026-06-25,3,day_ahead_price,120.31766787807665,141.97749725
2026-06-25,4,day_ahead_price,118.2184268485846,139.822502
2026-06-25,5,day_ahead_price,126.40571445089844,142.03750225
2026-06-25,6,day_ahead_price,129.62321507999496,161.664997
2026-06-25,7,day_ahead_price,133.313882181078,147.25
2026-06-25,8,day_ahead_price,122.84295619726429,119.17999825
2026-06-25,9,day_ahead_price,99.44058927798368,105.00749975
2026-06-25,10,day_ahead_price,79.54767610419006,84.9725
2026-06-25,11,day_ahead_price,65.880849907161,65.31500075
2026-06-25,12,day_ahead_price,55.181115840820766,40.235
2026-06-25,13,day_ahead_price,44.07250474316069,31.11749925
2026-06-25,14,day_ahead_price,49.96428896335216,34.217499000000004
2026-06-25,15,day_ahead_price,72.57357675560515,66.5874995
2026-06-25,16,day_ahead_price,90.8418010654618,88.602499
2026-06-25,17,day_ahead_price,120.55149628472552,105.66749949999999
2026-06-25,18,day_ahead_price,137.95182594530712,135.73749924999998
2026-06-25,19,day_ahead_price,156.53055066821727,206.31999575
2026-06-25,20,day_ahead_price,179.36108237996189,294.29249975000005
2026-06-25,21,day_ahead_price,165.8225093169118,206.44499975
2026-06-25,22,day_ahead_price,145.33448144513378,188.86750025
2026-06-25,23,day_ahead_price,133.6137317798673,157.6100005
2026-06-26,0,day_ahead_price,136.8429489176044,144.36750025
2026-06-26,1,day_ahead_price,127.08442242674326,130.47250175
2026-06-26,2,day_ahead_price,120.65116920280093,122.12499975
2026-06-26,3,day_ahead_price,119.45419776152362,120.9500005
2026-06-26,4,day_ahead_price,120.02292307099518,122.71500025
2026-06-26,5,day_ahead_price,126.7937204276002,129.699999
2026-06-26,6,day_ahead_price,135.6358792512266,146.9000015
2026-06-26,7,day_ahead_price,132.27955958646405,137.88249975
2026-06-26,8,day_ahead_price,119.24252533762015,119.6099985
2026-06-26,9,day_ahead_price,89.19878918977506,107.9925
2026-06-26,10,day_ahead_price,49.704952993556454,93.17250050000001
2026-06-26,11,day_ahead_price,22.93307597839957,66.5375005
2026-06-26,12,day_ahead_price,8.087298669963864,46.3674995
2026-06-26,13,day_ahead_price,15.195783667855865,34.1850005
2026-06-26,14,day_ahead_price,8.240042208860649,37.067499749999996
2026-06-26,15,day_ahead_price,32.03653185210558,67.3875
2026-06-26,16,day_ahead_price,57.03685325142798,92.64999775
2026-06-26,17,day_ahead_price,95.97097548188886,110.334999
2026-06-26,18,day_ahead_price,132.25801056328635,150.69249725
2026-06-26,19,day_ahead_price,171.32327075805088,246.909996
2026-06-26,20,day_ahead_price,194.8499580116569,357.777504
2026-06-26,21,day_ahead_price,189.4324047374545,299.61249525
2026-06-26,22,day_ahead_price,155.38258262839238,203.022503
2026-06-26,23,day_ahead_price,138.17604394824667,154.85999675
2026-06-27,0,day_ahead_price,140.76512321713292,131.647501
2026-06-27,1,day_ahead_price,131.13149526995792,124.4074975
2026-06-27,2,day_ahead_price,124.01731461279792,117.92749975
2026-06-27,3,day_ahead_price,119.21855052952479,115.83
2026-06-27,4,day_ahead_price,121.37347537537353,115.32499899999999
2026-06-27,5,day_ahead_price,125.18164828394062,114.0
2026-06-27,6,day_ahead_price,132.27061547721428,112.72500225
2026-06-27,7,day_ahead_price,132.30037486595938,109.272501
2026-06-27,8,day_ahead_price,113.04509575943025,103.53499975
2026-06-27,9,day_ahead_price,80.10492730732233,74.11250025
2026-06-27,10,day_ahead_price,45.3818545129975,36.0249995
2026-06-27,11,day_ahead_price,37.43346934809819,8.997499999999999
2026-06-27,12,day_ahead_price,22.773445694228315,4.025
2026-06-27,13,day_ahead_price,19.39308031394048,4.495
2026-06-27,14,day_ahead_price,2.330269647376334,4.0175
2026-06-27,15,day_ahead_price,28.494877281950153,12.7675
2026-06-27,16,day_ahead_price,41.1552025586404,50.6325
2026-06-27,17,day_ahead_price,96.06270386265153,100.15500075
2026-06-27,18,day_ahead_price,133.31245748640276,127.39999775000001
2026-06-27,19,day_ahead_price,161.22937020542136,174.42749824999999
2026-06-27,20,day_ahead_price,173.9216314228545,229.12500400000002
2026-06-27,21,day_ahead_price,175.7685071923838,222.659996
2026-06-27,22,day_ahead_price,151.29267340934985,176.94499975000002
2026-06-27,23,day_ahead_price,139.26274879440135,145.38750475
2026-06-28,0,day_ahead_price,137.36948617974676,136.90500075
2026-06-28,1,day_ahead_price,128.6121748523207,126.362497
2026-06-28,2,day_ahead_price,123.03892070493721,119.682501
2026-06-28,3,day_ahead_price,119.73236600889234,115.68749975
2026-06-28,4,day_ahead_price,120.16650378431216,114.73499875
2026-06-28,5,day_ahead_price,122.34275338273962,115.1224995
2026-06-28,6,day_ahead_price,124.52920313018966,112.0625
2026-06-28,7,day_ahead_price,103.52178487802789,104.4300005
2026-06-28,8,day_ahead_price,89.0086620791633,76.68500025
2026-06-28,9,day_ahead_price,58.30287679642309,35.0050005
2026-06-28,10,day_ahead_price,36.67569987571787,27.8075005
2026-06-28,11,day_ahead_price,35.62030649541762,7.2025
2026-06-28,12,day_ahead_price,14.653534887077598,3.7325
2026-06-28,13,day_ahead_price,7.3054936702642745,2.0175
2026-06-28,14,day_ahead_price,7.605054316738672,1.5025
2026-06-28,15,day_ahead_price,19.356334873614855,1.62
2026-06-28,16,day_ahead_price,38.19849516813675,27.095000499999998
2026-06-28,17,day_ahead_price,85.77856040882119,84.05749800000001
2026-06-28,18,day_ahead_price,123.51138209395474,114.29249949999999
2026-06-28,19,day_ahead_price,143.45821658235272,137.1174985
2026-06-28,20,day_ahead_price,171.74866143095662,154.5999985
2026-06-28,21,day_ahead_price,182.8880571877247,162.3125
2026-06-28,22,day_ahead_price,155.80093984666132,157.99999625
2026-06-28,23,day_ahead_price,142.3352170085383,144.54000100000002
2026-06-29,0,day_ahead_price,138.72813428650943,123.11750025
2026-06-29,1,day_ahead_price,127.84064087134041,113.664999
2026-06-29,2,day_ahead_price,124.12262636013412,113.01499925
2026-06-29,3,day_ahead_price,123.23901390355698,109.71500025
2026-06-29,4,day_ahead_price,125.35561684708094,114.6224995
2026-06-29,5,day_ahead_price,128.09708111497602,126.95250150000001
2026-06-29,6,day_ahead_price,131.34423469568603,150.52499775
2026-06-29,7,day_ahead_price,125.8636408548951,152.8499985
2026-06-29,8,day_ahead_price,118.61882474362623,143.23749925
2026-06-29,9,day_ahead_price,95.27558309873824,120.9474985
2026-06-29,10,day_ahead_price,67.71854909974284,106.925001
2026-06-29,11,day_ahead_price,36.10554451480453,99.0999985
2026-06-29,12,day_ahead_price,31.64023104059745,89.50749975
2026-06-29,13,day_ahead_price,28.79956111881074,82.02750025
2026-06-29,14,day_ahead_price,27.666409964543345,86.38500025
2026-06-29,15,day_ahead_price,48.099895097899356,96.70249925
2026-06-29,16,day_ahead_price,57.7228444504073,102.13250175
2026-06-29,17,day_ahead_price,111.5666308165622,113.0049995
2026-06-29,18,day_ahead_price,126.68423110785926,135.6725005
2026-06-29,19,day_ahead_price,137.02872418600552,201.60750174999998
2026-06-29,20,day_ahead_price,181.43072875380685,298.132492
2026-06-29,21,day_ahead_price,180.61624073103766,316.84999849999997
2026-06-29,22,day_ahead_price,161.96304443790407,236.17499924999998
2026-06-29,23,day_ahead_price,147.29519289027587,172.81750075
2026-06-30,0,day_ahead_price,143.22453996209754,163.545002
2026-06-30,1,day_ahead_price,133.95463587441174,146.18500125
2026-06-30,2,day_ahead_price,127.82445357222696,141.035
2026-06-30,3,day_ahead_price,125.6072102789349,141.6674995
2026-06-30,4,day_ahead_price,125.39713332761954,142.37000275
2026-06-30,5,day_ahead_price,131.5685103074151,153.5
2026-06-30,6,day_ahead_price,145.91596330634314,189.9175035
2026-06-30,7,day_ahead_price,146.67550125036317,192.290001
2026-06-30,8,day_ahead_price,129.92758902161358,157.27500125
2026-06-30,9,day_ahead_price,110.71208709587047,123.3125
2026-06-30,10,day_ahead_price,92.22229109709863,108.72750075
2026-06-30,11,day_ahead_price,67.12711355434347,101.55500225
2026-06-30,12,day_ahead_price,60.02137295265365,98.89999975
2026-06-30,13,day_ahead_price,55.650603590178825,99.50250075
2026-06-30,14,day_ahead_price,47.80902863767685,102.8500005
2026-06-30,15,day_ahead_price,72.22793327151822,114.5650005
2026-06-30,16,day_ahead_price,96.50816099516821,125.7374995
2026-06-30,17,day_ahead_price,114.45318291958351,154.2649995
2026-06-30,18,day_ahead_price,139.83102318230195,250.71250175
2026-06-30,19,day_ahead_price,175.89655294702473,470.1524885
2026-06-30,20,day_ahead_price,193.3566340923251,534.0999987499999
2026-06-30,21,day_ahead_price,183.17826665540053,415.3724975
2026-06-30,22,day_ahead_price,160.65339200949757,283.48749925
2026-06-30,23,day_ahead_price,138.91186548553875,187.4325025
2026-07-01,0,day_ahead_price,140.63155935256498,164.86249924999998
2026-07-01,1,day_ahead_price,128.50631508817074,150.0825005
2026-07-01,2,day_ahead_price,125.39174600335855,146.377495
2026-07-01,3,day_ahead_price,121.39612237510264,146.99250025
2026-07-01,4,day_ahead_price,120.6030728241587,150.85749825
2026-07-01,5,day_ahead_price,128.54797034068264,159.73999775
2026-07-01,6,day_ahead_price,140.05859103279923,197.130001
2026-07-01,7,day_ahead_price,139.6266736065114,204.72999925
2026-07-01,8,day_ahead_price,128.31026668214568,180.6349985
2026-07-01,9,day_ahead_price,106.65689887481865,146.2250005
2026-07-01,10,day_ahead_price,88.14039541477324,124.6849995
2026-07-01,11,day_ahead_price,67.65397255468952,117.92500125
2026-07-01,12,day_ahead_price,51.79209231851896,114.0625
2026-07-01,13,day_ahead_price,45.48354497114535,107.6150015
2026-07-01,14,day_ahead_price,55.349888047836856,99.255001
2026-07-01,15,day_ahead_price,73.07285282417187,96.594999
2026-07-01,16,day_ahead_price,97.95018609082575,98.48749925
2026-07-01,17,day_ahead_price,118.09462335994104,104.50250075
2026-07-01,18,day_ahead_price,139.04899091023748,122.40250025
2026-07-01,19,day_ahead_price,172.75045600904667,171.3274975
2026-07-01,20,day_ahead_price,199.90926341959877,236.135002
2026-07-01,21,day_ahead_price,191.34613553767156,249.29000100000002
2026-07-01,22,day_ahead_price,163.8753187739989,202.80750275
2026-07-01,23,day_ahead_price,138.872308297029,158.57000349999998
2026-07-02,0,day_ahead_price,143.02338750356896,161.204998
2026-07-02,1,day_ahead_price,132.59679974905455,144.107502
2026-07-02,2,day_ahead_price,127.30832706715482,131.22750125
2026-07-02,3,day_ahead_price,121.86929476773605,119.41000174999999
2026-07-02,4,day_ahead_price,122.42585905052619,112.670002
2026-07-02,5,day_ahead_price,128.43459581999457,111.7750015
2026-07-02,6,day_ahead_price,138.70400306308693,119.0199985
2026-07-02,7,day_ahead_price,127.48513577277608,110.3225
2026-07-02,8,day_ahead_price,116.42138747158324,88.4624995
2026-07-02,9,day_ahead_price,102.36554168979305,45.072500749999996
2026-07-02,10,day_ahead_price,83.941042161355,4.91
2026-07-02,11,day_ahead_price,64.58097815807673,2.3925
2026-07-02,12,day_ahead_price,38.03210828605209,2.27
2026-07-02,13,day_ahead_price,25.95631257294652,2.0
2026-07-02,14,day_ahead_price,22.84402559429707,0.65
2026-07-02,15,day_ahead_price,54.413261503054116,-0.10500000000000001
2026-07-02,16,day_ahead_price,79.1374359208275,-0.0024999999999999988
2026-07-02,17,day_ahead_price,100.08536491268326,-0.015
2026-07-02,18,day_ahead_price,118.43329837445063,32.80999975
2026-07-02,19,day_ahead_price,155.37095244800366,50.81999925
2026-07-02,20,day_ahead_price,224.02913653911784,46.6224985
2026-07-02,21,day_ahead_price,199.71834536793935,51.715001
2026-07-02,22,day_ahead_price,168.67175544548172,36.05500025
2026-07-02,23,day_ahead_price,149.20369160171188,24.915
2026-07-03,0,day_ahead_price,84.82993343583286,74.91749875
2026-07-03,1,day_ahead_price,80.45096732218381,63.4574995
2026-07-03,2,day_ahead_price,80.72696681522321,55.012499749999996
2026-07-03,3,day_ahead_price,79.41401269670722,43.02000025
2026-07-03,4,day_ahead_price,81.271650906466,40.3824995
2026-07-03,5,day_ahead_price,83.25680590256646,42.570001
2026-07-03,6,day_ahead_price,103.84145288697815,58.93499875
2026-07-03,7,day_ahead_price,109.93633646112548,38.455
2026-07-03,8,day_ahead_price,95.48194138664543,46.74499975
2026-07-03,9,day_ahead_price,67.26921251109536,9.03250025
2026-07-03,10,day_ahead_price,34.50955762238277,0.0475
2026-07-03,11,day_ahead_price,5.937970929677542,-0.037500000000000006
2026-07-03,12,day_ahead_price,3.586617071258753,-0.10500000000000001
2026-07-03,13,day_ahead_price,0.9181460760810635,-0.0875
2026-07-03,14,day_ahead_price,2.271618705718858,-0.09
2026-07-03,15,day_ahead_price,-3.138854113692436,-0.0975
2026-07-03,16,day_ahead_price,38.612625749158276,-0.075
2026-07-03,17,day_ahead_price,76.4842316800218,-0.01
2026-07-03,18,day_ahead_price,109.55678597095896,19.822500249999997
2026-07-03,19,day_ahead_price,146.90399110814164,45.4375
2026-07-03,20,day_ahead_price,162.80808899382805,58.99499875
2026-07-03,21,day_ahead_price,139.07564626343373,62.129999
2026-07-03,22,day_ahead_price,145.2407214878887,64.30499925000001
2026-07-03,23,day_ahead_price,133.2613621700935,91.04500025
2026-07-04,0,day_ahead_price,80.58875791190324,79.2175
2026-07-04,1,day_ahead_price,79.08054565909006,87.72999949999999
2026-07-04,2,day_ahead_price,79.74847406927324,87.95250125
2026-07-04,3,day_ahead_price,76.24405538164581,84.83
2026-07-04,4,day_ahead_price,76.99694573236785,82.56999775
2026-07-04,5,day_ahead_price,84.55499267379194,75.9400005
2026-07-04,6,day_ahead_price,95.67150269364801,74.59000025
2026-07-04,7,day_ahead_price,101.3720748206003,65.85249999999999
2026-07-04,8,day_ahead_price,82.00231683230555,28.777501
2026-07-04,9,day_ahead_price,33.90275971487796,0.9724999999999999
2026-07-04,10,day_ahead_price,12.113924440929873,0.0
2026-07-04,11,day_ahead_price,7.243929790263674,-0.1275
2026-07-04,12,day_ahead_price,2.7587606847879105,-0.395
2026-07-04,13,day_ahead_price,1.7332902082786157,-4.8025
2026-07-04,14,day_ahead_price,4.955206104926159,-5.0975
2026-07-04,15,day_ahead_price,7.044758718117985,-2.4875
2026-07-04,16,day_ahead_price,10.286763704355979,-0.29500000000000004
2026-07-04,17,day_ahead_price,52.62546110666012,4.93749975
2026-07-04,18,day_ahead_price,115.75365185161948,57.079999
2026-07-04,19,day_ahead_price,143.82503825250348,100.602499
2026-07-04,20,day_ahead_price,171.98795309541495,116.00000025
2026-07-04,21,day_ahead_price,135.3177072317948,119.41250025
2026-07-04,22,day_ahead_price,133.16646952007952,120.34749975
2026-07-04,23,day_ahead_price,122.4532347181032,117.1875
2026-07-05,0,day_ahead_price,105.33282469000936,108.7874985
2026-07-05,1,day_ahead_price,107.29588466263084,94.875
2026-07-05,2,day_ahead_price,102.9041111581372,84.039999
2026-07-05,3,day_ahead_price,101.89770212451417,73.9975015
2026-07-05,4,day_ahead_price,99.58282134234062,64.04499975
2026-07-05,5,day_ahead_price,107.61577977079129,58.77250025
2026-07-05,6,day_ahead_price,110.70587205348455,35.3125
2026-07-05,7,day_ahead_price,104.12130094981708,20.99999975
2026-07-05,8,day_ahead_price,71.27169518477727,15.795000000000002
2026-07-05,9,day_ahead_price,38.62506209106147,1.4949999999999999
2026-07-05,10,day_ahead_price,13.959772659685372,-0.0025
2026-07-05,11,day_ahead_price,15.09537415212052,-0.0125
2026-07-05,12,day_ahead_price,21.901646937838017,-0.1
2026-07-05,13,day_ahead_price,12.12174365363203,-0.6025
2026-07-05,14,day_ahead_price,23.13796559185636,-1.145
2026-07-05,15,day_ahead_price,15.579214761547313,-1.0025
2026-07-05,16,day_ahead_price,19.58981829594068,-0.03
2026-07-05,17,day_ahead_price,72.60137823816687,2.175
2026-07-05,18,day_ahead_price,118.0022781914276,12.24000025
2026-07-05,19,day_ahead_price,145.4923719505925,34.32250025
2026-07-05,20,day_ahead_price,151.2707315300544,79.14749900000001
2026-07-05,21,day_ahead_price,140.85974512334056,95.0
2026-07-05,22,day_ahead_price,135.41533888626802,100.89249775
2026-07-05,23,day_ahead_price,127.51679377456624,102.17000025
2026-07-06,0,day_ahead_price,85.5976482604607,132.71750075
2026-07-06,1,day_ahead_price,82.14654342631583,123.790001
2026-07-06,2,day_ahead_price,81.80418963390903,118.70249975
2026-07-06,3,day_ahead_price,85.54954435482313,114.09249875
2026-07-06,4,day_ahead_price,85.80891958734402,114.25
2026-07-06,5,day_ahead_price,96.69750029820212,120.045
2026-07-06,6,day_ahead_price,114.23978859033286,135.7975005
2026-07-06,7,day_ahead_price,129.15293816464361,140.394993
2026-07-06,8,day_ahead_price,109.9034687085035,135.91499925
2026-07-06,9,day_ahead_price,65.64359922929351,112.4900015
2026-07-06,10,day_ahead_price,22.224376191042303,92.98499875
2026-07-06,11,day_ahead_price,7.842268792873001,74.0374995
2026-07-06,12,day_ahead_price,4.324533720300361,43.38999975
2026-07-06,13,day_ahead_price,1.1745723129412686,28.029999749999998
2026-07-06,14,day_ahead_price,3.5453355836309908,22.25000025
2026-07-06,15,day_ahead_price,3.243228869759459,16.39749975
2026-07-06,16,day_ahead_price,4.186766755462042,32.2300005
2026-07-06,17,day_ahead_price,49.80244798184677,68.36000125
2026-07-06,18,day_ahead_price,109.08577779180499,101.2549995
2026-07-06,19,day_ahead_price,140.38183347522352,116.67999825000001
2026-07-06,20,day_ahead_price,156.72331588218816,132.085003
2026-07-06,21,day_ahead_price,136.92589950909405,132.71749525
2026-07-06,22,day_ahead_price,127.25975413304964,129.24999825
2026-07-06,23,day_ahead_price,115.86362137199843,121.61750025
2026-07-07,0,day_ahead_price,118.29799798262854,105.0
2026-07-07,1,day_ahead_price,112.52316523877374,107.94249925
2026-07-07,2,day_ahead_price,112.87507041705199,101.91749949999999
2026-07-07,3,day_ahead_price,109.45417383886114,97.99250025
2026-07-07,4,day_ahead_price,111.80180521577212,94.494999
2026-07-07,5,day_ahead_price,119.63150469749728,96.367502
2026-07-07,6,day_ahead_price,130.1779675349698,101.40249825000001
2026-07-07,7,day_ahead_price,137.4246320836106,110.29000099999999
2026-07-07,8,day_ahead_price,127.85752725817012,98.807501
2026-07-07,9,day_ahead_price,76.57807331169408,96.8175
2026-07-07,10,day_ahead_price,31.251378295789724,46.152500249999996
2026-07-07,11,day_ahead_price,22.090818183282355,6.465
2026-07-07,12,day_ahead_price,18.136232471489087,1.07
2026-07-07,13,day_ahead_price,18.500464395926517,1.0075
2026-07-07,14,day_ahead_price,26.03197291531607,-0.0125
2026-07-07,15,day_ahead_price,43.45005410734829,0.6925
2026-07-07,16,day_ahead_price,62.45017938699786,3.4524999999999997
2026-07-07,17,day_ahead_price,99.56437619554477,3.3675
2026-07-07,18,day_ahead_price,111.68024711910087,49.5299995
2026-07-07,19,day_ahead_price,141.1238911814795,82.19499975
2026-07-07,20,day_ahead_price,146.66571437088066,84.43749975
2026-07-07,21,day_ahead_price,138.53386392671024,88.8600005
2026-07-07,22,day_ahead_price,133.98850085296573,85.94750025
2026-07-07,23,day_ahead_price,128.70106687437195,80.00749975
2026-07-08,0,day_ahead_price,87.30444094039996,100.577499
2026-07-08,1,day_ahead_price,84.35247637949371,100.00250025
2026-07-08,2,day_ahead_price,75.725023520252,99.99999975
2026-07-08,3,day_ahead_price,85.55854152333303,103.00249875
2026-07-08,4,day_ahead_price,89.44657152703,107.0
2026-07-08,5,day_ahead_price,91.60708750743002,104.827501
2026-07-08,6,day_ahead_price,105.47918288476137,109.59749975
2026-07-08,7,day_ahead_price,124.54941244593383,110.56000125
2026-07-08,8,day_ahead_price,107.68387815339902,98.012499
2026-07-08,9,day_ahead_price,80.10833373843869,79.99749825
2026-07-08,10,day_ahead_price,23.584761300823295,74.63500025
2026-07-08,11,day_ahead_price,25.32050269791189,68.09749975
2026-07-08,12,day_ahead_price,5.358756651202126,47.90749925
2026-07-08,13,day_ahead_price,1.9633142319577934,21.62
2026-07-08,14,day_ahead_price,6.411814513718141,12.7125
2026-07-08,15,day_ahead_price,8.046970866827728,14.2925
2026-07-08,16,day_ahead_price,15.205015103096901,39.79750025
2026-07-08,17,day_ahead_price,51.735914428548426,78.057499
2026-07-08,18,day_ahead_price,101.91980872975462,96.3925
2026-07-08,19,day_ahead_price,129.34062789806512,125.0
2026-07-08,20,day_ahead_price,159.02560919390498,147.83499899999998
2026-07-08,21,day_ahead_price,134.70266830503454,160.0
2026-07-08,22,day_ahead_price,129.67488199231406,158.8675005
2026-07-08,23,day_ahead_price,113.55439406133803,142.00250225
2026-07-09,0,day_ahead_price,133.87561996866958,135.7824975
2026-07-09,1,day_ahead_price,125.66219638493575,132.147499
2026-07-09,2,day_ahead_price,122.24319566490284,127.317499
2026-07-09,3,day_ahead_price,115.98544470817366,124.557501
2026-07-09,4,day_ahead_price,118.54617982832575,124.93250075
2026-07-09,5,day_ahead_price,122.86025829218131,133.89000125
2026-07-09,6,day_ahead_price,114.82687051337669,145.107502
2026-07-09,7,day_ahead_price,103.08320172399098,147.26250075000002
2026-07-09,8,day_ahead_price,75.2981129108961,138.36250125
2026-07-09,9,day_ahead_price,51.71603070432459,119.00000025
2026-07-09,10,day_ahead_price,40.493292725259494,102.0825005
2026-07-09,11,day_ahead_price,37.10456653552937,90.39000125000001
2026-07-09,12,day_ahead_price,29.718425255927606,70.07249925
2026-07-09,13,day_ahead_price,21.292174652048324,45.879999999999995
2026-07-09,14,day_ahead_price,18.75054483825772,38.72000025
2026-07-09,15,day_ahead_price,31.727853705307655,53.542499500000005
2026-07-09,16,day_ahead_price,38.25247508728377,83.97750099999999
2026-07-09,17,day_ahead_price,80.15195038148366,108.9850005
2026-07-09,18,day_ahead_price,120.42395195401512,131.07249825000002
2026-07-09,19,day_ahead_price,141.20410290930562,167.17249675
2026-07-09,20,day_ahead_price,157.607924511633,214.78749825
2026-07-09,21,day_ahead_price,163.9694907759638,217.882496
2026-07-09,22,day_ahead_price,144.12858966116264,185.1800005
2026-07-09,23,day_ahead_price,124.47684454491358,163.46750275
2026-07-10,0,day_ahead_price,140.29548883488573,154.050003
2026-07-10,1,day_ahead_price,130.64602398774326,143.55250175
2026-07-10,2,day_ahead_price,124.95078242722538,139.91249875
2026-07-10,3,day_ahead_price,120.7253085340407,138.017498
2026-07-10,4,day_ahead_price,122.85945734886955,138.12250125
2026-07-10,5,day_ahead_price,126.51443461008824,142.53250125
2026-07-10,6,day_ahead_price,125.94950218029095,151.29000100000002
2026-07-10,7,day_ahead_price,134.13096682452434,147.852501
2026-07-10,8,day_ahead_price,109.08270819664335,134.59
2026-07-10,9,day_ahead_price,82.34063032554987,122.20249749999999
2026-07-10,10,day_ahead_price,56.648974453779715,100.54999925
2026-07-10,11,day_ahead_price,56.646324154907354,78.23999975
2026-07-10,12,day_ahead_price,50.692473385613326,59.459998999999996
2026-07-10,13,day_ahead_price,42.16790163065539,37.35999975
2026-07-10,14,day_ahead_price,51.72684773137093,40.950001
2026-07-10,15,day_ahead_price,46.502863751025686,62.099999749999995
2026-07-10,16,day_ahead_price,70.03312033955477,88.38749975
2026-07-10,17,day_ahead_price,99.50598291460675,114.0925005
2026-07-10,18,day_ahead_price,128.93726106270017,128.70000075000002
2026-07-10,19,day_ahead_price,156.76384653549607,165.33749775
2026-07-10,20,day_ahead_price,172.49093096040892,187.38999925000002
2026-07-10,21,day_ahead_price,164.26393199418158,176.984997
2026-07-10,22,day_ahead_price,149.3838496302876,168.0
2026-07-10,23,day_ahead_price,135.41633175662147,154.46249775
2026-07-11,0,day_ahead_price,141.57732051557906,150.39749925
2026-07-11,1,day_ahead_price,130.47424162579262,143.904999
2026-07-11,2,day_ahead_price,123.86293179994665,141.08250425
2026-07-11,3,day_ahead_price,121.09944912910711,140.6050035
2026-07-11,4,day_ahead_price,120.81936790388394,140.39249825000002
2026-07-11,5,day_ahead_price,122.2055446050273,138.89250175
2026-07-11,6,day_ahead_price,122.20471708401664,136.4050025
2026-07-11,7,day_ahead_price,126.82799674567177,124.0475005
2026-07-11,8,day_ahead_price,103.37794830403773,115.4525015
2026-07-11,9,day_ahead_price,82.29488729106846,74.1050005
2026-07-11,10,day_ahead_price,74.19667370906596,16.875
2026-07-11,11,day_ahead_price,65.37138884340331,7.155
2026-07-11,12,day_ahead_price,56.4759529534499,6.699999999999999
2026-07-11,13,day_ahead_price,42.972391665743714,5.8
2026-07-11,14,day_ahead_price,46.86306090085996,5.0975
2026-07-11,15,day_ahead_price,43.002292908776525,5.055
2026-07-11,16,day_ahead_price,77.33348345785483,9.5075
2026-07-11,17,day_ahead_price,108.21390202496747,75.1825005
2026-07-11,18,day_ahead_price,125.83495177808031,120.78499975
2026-07-11,19,day_ahead_price,150.8037270823907,141.170002
2026-07-11,20,day_ahead_price,179.5164638725432,151.892498
2026-07-11,21,day_ahead_price,169.30906109848453,156.4074975
2026-07-11,22,day_ahead_price,150.5133073261042,154.88749725
2026-07-11,23,day_ahead_price,136.98072536453574,145.60000225
2026-07-12,0,day_ahead_price,138.79217113948872,137.4424975
2026-07-12,1,day_ahead_price,125.25208348514685,131.88499825
2026-07-12,2,day_ahead_price,120.47370610844932,125.5700015
2026-07-12,3,day_ahead_price,120.01568825168614,125.09999825
2026-07-12,4,day_ahead_price,121.25606725860395,122.8825015
2026-07-12,5,day_ahead_price,121.52746060084104,119.9799995
2026-07-12,6,day_ahead_price,116.93107386702765,111.612501
2026-07-12,7,day_ahead_price,100.58218311289478,99.77499975
2026-07-12,8,day_ahead_price,87.5060867938435,62.15249925
2026-07-12,9,day_ahead_price,51.336942544093304,5.9625
2026-07-12,10,day_ahead_price,40.600470864627226,1.69
2026-07-12,11,day_ahead_price,24.430281037916647,0.1225
2026-07-12,12,day_ahead_price,5.746960758328229,-1.7625000000000002
2026-07-12,13,day_ahead_price,3.549573626190281,-0.0875
2026-07-12,14,day_ahead_price,10.519439789866627,-0.0825
2026-07-12,15,day_ahead_price,9.674458633481786,-0.7975
2026-07-12,16,day_ahead_price,33.19329722432535,0.2675
2026-07-12,17,day_ahead_price,74.38231216006525,11.7425
2026-07-12,18,day_ahead_price,118.33281322581561,93.347501
2026-07-12,19,day_ahead_price,144.45753188078027,131.827503
2026-07-12,20,day_ahead_price,174.17512322898125,140.749996
2026-07-12,21,day_ahead_price,174.775016446372,144.48749924999998
2026-07-12,22,day_ahead_price,151.7900216779994,144.93000025
2026-07-12,23,day_ahead_price,139.7655167899773,139.31749725
2026-07-13,0,day_ahead_price,134.43026978273681,129.7300015
2026-07-13,1,day_ahead_price,124.11083622064255,124.46999725
2026-07-13,2,day_ahead_price,121.70456113665031,120.40999975
2026-07-13,3,day_ahead_price,121.67537049891948,121.2749995
2026-07-13,4,day_ahead_price,120.78340797102729,123.5024985
2026-07-13,5,day_ahead_price,127.03713826291441,133.88499825
2026-07-13,6,day_ahead_price,136.5480613608087,149.1950035
2026-07-13,7,day_ahead_price,126.78175111693199,156.682499
2026-07-13,8,day_ahead_price,116.51855436589989,138.98749725
2026-07-13,9,day_ahead_price,73.76226709290448,122.619999
2026-07-13,10,day_ahead_price,15.638444164045525,99.915001
2026-07-13,11,day_ahead_price,15.858934698336496,74.000002
2026-07-13,12,day_ahead_price,3.1345281638740783,50.325002
2026-07-13,13,day_ahead_price,4.621298812988743,55.95499975
2026-07-13,14,day_ahead_price,3.3348780267800118,55.0875005
2026-07-13,15,day_ahead_price,11.224570299424913,62.309999250000004
2026-07-13,16,day_ahead_price,36.54137102671091,90.3374995
2026-07-13,17,day_ahead_price,89.29584046575748,120.40000175
2026-07-13,18,day_ahead_price,122.43977238357857,138.414997
2026-07-13,19,day_ahead_price,154.07691636599318,165.51749775000002
2026-07-13,20,day_ahead_price,196.34418265795478,182.5599975
2026-07-13,21,day_ahead_price,167.58173637804245,168.75249875
2026-07-13,22,day_ahead_price,149.12201112436503,159.07249825
2026-07-13,23,day_ahead_price,136.0797169844135,144.04500175
2026-07-14,0,day_ahead_price,133.87107723461384,139.58499925
2026-07-14,1,day_ahead_price,127.10728211423739,133.8875005
2026-07-14,2,day_ahead_price,122.6951657069618,127.35000025
2026-07-14,3,day_ahead_price,122.68254537008676,127.21749875
2026-07-14,4,day_ahead_price,123.99451131572611,127.65000175
2026-07-14,5,day_ahead_price,129.91207471323276,135.0200005
2026-07-14,6,day_ahead_price,135.56881609108717,146.0825005
2026-07-14,7,day_ahead_price,137.62371166287625,150.0249975
2026-07-14,8,day_ahead_price,134.30269385974646,135.58749775
2026-07-14,9,day_ahead_price,108.94945651255753,121.7300015
2026-07-14,10,day_ahead_price,89.59028600626523,106.84999825
2026-07-14,11,day_ahead_price,78.86164437918671,88.14250200000001
2026-07-14,12,day_ahead_price,58.290969646074586,59.9399995
2026-07-14,13,day_ahead_price,46.771239221479455,46.9175005
2026-07-14,14,day_ahead_price,54.05518787385102,52.045
2026-07-14,15,day_ahead_price,64.80596979355003,64.8499985
2026-07-14,16,day_ahead_price,101.27759913265885,90.99499875000001
2026-07-14,17,day_ahead_price,115.34200039590155,115.68499975
2026-07-14,18,day_ahead_price,133.52166096492113,136.52250275
2026-07-14,19,day_ahead_price,164.56213515050584,158.02000049999998
2026-07-14,20,day_ahead_price,189.21481459050966,181.30999775
2026-07-14,21,day_ahead_price,177.84184371776624,175.287506
2026-07-14,22,day_ahead_price,152.21288365525308,168.7649995
2026-07-14,23,day_ahead_price,138.47251893126762,151.519997
2026-07-15,0,day_ahead_price,140.54756163911776,153.41249825
2026-07-15,1,day_ahead_price,132.30494209895633,144.44749825
2026-07-15,2,day_ahead_price,123.0666868919551,138.94499975
2026-07-15,3,day_ahead_price,123.48918721138125,135.5374985
2026-07-15,4,day_ahead_price,120.68244793552967,139.54249950000002
2026-07-15,5,day_ahead_price,125.4951588324764,148.8875005
2026-07-15,6,day_ahead_price,149.32173749414358,165.42750175
2026-07-15,7,day_ahead_price,149.16767523211854,165.78499975
2026-07-15,8,day_ahead_price,132.11983984859586,155.7874985
2026-07-15,9,day_ahead_price,112.56524301857377,135.10500150000001
2026-07-15,10,day_ahead_price,95.03950534975482,110.78750025
2026-07-15,11,day_ahead_price,65.74260150791297,94.960001
2026-07-15,12,day_ahead_price,57.20600714294054,71.44750125
2026-07-15,13,day_ahead_price,47.213822582041416,60.63250075
2026-07-15,14,day_ahead_price,53.43167061766444,60.477499
2026-07-15,15,day_ahead_price,55.25656545901205,70.07499874999999
2026-07-15,16,day_ahead_price,87.97049859849653,96.48750125
2026-07-15,17,day_ahead_price,104.5595537599236,119.0
2026-07-15,18,day_ahead_price,130.62195654858493,144.70249925
2026-07-15,19,day_ahead_price,151.9679264339703,179.22500250000002
2026-07-15,20,day_ahead_price,184.89914219381728,205.83250049999998
2026-07-15,21,day_ahead_price,178.33588715421845,201.41
2026-07-15,22,day_ahead_price,157.75856195274193,188.380001
2026-07-15,23,day_ahead_price,141.19632730679407,171.41500075
2026-07-16,0,day_ahead_price,144.1700189652297,166.0324975
2026-07-16,1,day_ahead_price,133.13394449567718,159.20000075000002
2026-07-16,2,day_ahead_price,127.64422757342507,152.88749675
2026-07-16,3,day_ahead_price,122.7548089165945,148.95500175
2026-07-16,4,day_ahead_price,122.29360490646353,151.84750375
2026-07-16,5,day_ahead_price,125.29478551391428,159.44249725
2026-07-16,6,day_ahead_price,143.3924278080773,174.887501
2026-07-16,7,day_ahead_price,140.06684928540983,172.4974975
2026-07-16,8,day_ahead_price,125.6635462856681,157.8150025
2026-07-16,9,day_ahead_price,106.72244469219322,137.19250125
2026-07-16,10,day_ahead_price,85.85493185360744,118.55750275
2026-07-16,11,day_ahead_price,68.60954852972515,107.245001
2026-07-16,12,day_ahead_price,51.247407121143546,94.6000005
2026-07-16,13,day_ahead_price,44.90328996825307,87.27749825000001
2026-07-16,14,day_ahead_price,52.73058907817141,96.32750125
2026-07-16,15,day_ahead_price,68.04937493997303,109.52499975
2026-07-16,16,day_ahead_price,89.2427776784072,119.60999875
2026-07-16,17,day_ahead_price,108.02295594448647,140.19750025
2026-07-16,18,day_ahead_price,134.7413874346139,178.9699975
2026-07-16,19,day_ahead_price,175.56729581256113,238.42499924999998
2026-07-16,20,day_ahead_price,215.67888679267938,306.6900025
2026-07-16,21,day_ahead_price,196.18424760376334,259.1875
2026-07-16,22,day_ahead_price,164.40301985018024,206.84
2026-07-16,23,day_ahead_price,144.16103118936417,180.31250375000002
2026-07-17,0,day_ahead_price,145.19950273780265,170.56499875
2026-07-17,1,day_ahead_price,135.81437675268603,161.45000075000002
2026-07-17,2,day_ahead_price,128.5960137364822,151.97500225
2026-07-17,3,day_ahead_price,122.60060304671202,143.93999875
2026-07-17,4,day_ahead_price,124.53219660497287,142.89999775
2026-07-17,5,day_ahead_price,129.42833244640642,152.892498
2026-07-17,6,day_ahead_price,148.23483894771408,164.66750325
2026-07-17,7,day_ahead_price,147.18224491009107,165.4075015
2026-07-17,8,day_ahead_price,130.77717631563405,157.36249924999998
2026-07-17,9,day_ahead_price,110.07120281300591,135.41999825
2026-07-17,10,day_ahead_price,94.34819243116172,128.60499775
2026-07-17,11,day_ahead_price,75.46978317377516,113.83
2026-07-17,12,day_ahead_price,51.60103116923593,103.78750025
2026-07-17,13,day_ahead_price,51.63761997617273,98.19999874999999
2026-07-17,14,day_ahead_price,52.30688619355946,98.45000075
2026-07-17,15,day_ahead_price,69.83154267491638,105.80500025
2026-07-17,16,day_ahead_price,93.41541797339782,114.86000075
2026-07-17,17,day_ahead_price,112.04302861586424,127.7425005
2026-07-17,18,day_ahead_price,134.2641933815105,138.49500075
2026-07-17,19,day_ahead_price,172.67016629198088,152.06249975
2026-07-17,20,day_ahead_price,227.8616042368929,160.1025005
2026-07-17,21,day_ahead_price,209.852168330372,167.41999825
2026-07-17,22,day_ahead_price,168.28044344225404,164.9075015
2026-07-17,23,day_ahead_price,144.79254808218852,158.25249875
2026-07-18,0,day_ahead_price,142.92259383943139,156.1900025
2026-07-18,1,day_ahead_price,133.62928215519915,145.36750025
2026-07-18,2,day_ahead_price,128.17464449952442,142.0
2026-07-18,3,day_ahead_price,122.0821384503405,135.300003
2026-07-18,4,day_ahead_price,124.07231338642057,132.619999
2026-07-18,5,day_ahead_price,130.4424135717665,124.97999975
2026-07-18,6,day_ahead_price,142.19800306073574,120.80000125
2026-07-18,7,day_ahead_price,145.66309618901516,112.14749925000001
2026-07-18,8,day_ahead_price,131.40932136666078,97.36000075
2026-07-18,9,day_ahead_price,103.41796730053237,44.822499750000006
2026-07-18,10,day_ahead_price,90.14792443673464,10.02
2026-07-18,11,day_ahead_price,79.96221526462276,0.315
2026-07-18,12,day_ahead_price,68.54639974998989,-0.035
2026-07-18,13,day_ahead_price,57.926531347002516,-0.7575
2026-07-18,14,day_ahead_price,62.40786010830387,-1.345
2026-07-18,15,day_ahead_price,71.46098667877786,-1.755
2026-07-18,16,day_ahead_price,96.5320873277535,-0.12000000000000002
2026-07-18,17,day_ahead_price,109.00418115033388,0.9725
2026-07-18,18,day_ahead_price,135.78745805792974,57.15999875
2026-07-18,19,day_ahead_price,163.89766329899658,105.30249975
2026-07-18,20,day_ahead_price,195.10142046725724,126.84499925
2026-07-18,21,day_ahead_price,180.77950747327415,136.00249875
2026-07-18,22,day_ahead_price,167.2410500254532,140.38500225
2026-07-18,23,day_ahead_price,148.89218330098882,138.869999
2026-07-19,0,day_ahead_price,130.8911447429611,138.69750200000001
2026-07-19,1,day_ahead_price,120.9578236320334,130.7424985
2026-07-19,2,day_ahead_price,117.03203448585458,121.8999995
2026-07-19,3,day_ahead_price,116.37174082958015,118.879999
2026-07-19,4,day_ahead_price,118.33952452975596,115.05249975
2026-07-19,5,day_ahead_price,118.92831755152211,108.9974995
2026-07-19,6,day_ahead_price,110.67248655020047,100.9524995
2026-07-19,7,day_ahead_price,97.10569205512871,86.90500075
2026-07-19,8,day_ahead_price,63.08991723307965,42.36499975
2026-07-19,9,day_ahead_price,19.768731401343587,4.05
2026-07-19,10,day_ahead_price,12.509973418634347,0.0125
2026-07-19,11,day_ahead_price,12.187280892650861,-0.0425
2026-07-19,12,day_ahead_price,4.542860731894343,-0.0675
2026-07-19,13,day_ahead_price,0.01984430247355716,-0.01
2026-07-19,14,day_ahead_price,-4.344707178514727,-0.0375
2026-07-19,15,day_ahead_price,-1.5877922531498958,0.2525
2026-07-19,16,day_ahead_price,19.365309213896207,0.7925
2026-07-19,17,day_ahead_price,66.18485434061937,2.88
2026-07-19,18,day_ahead_price,108.34226594837058,48.430001250000004
2026-07-19,19,day_ahead_price,126.50386148718007,117.18749975
2026-07-19,20,day_ahead_price,139.71760198848898,140.6175005
2026-07-19,21,day_ahead_price,141.52539993411136,145.36999875
2026-07-19,22,day_ahead_price,148.74015772623326,143.970001
2026-07-19,23,day_ahead_price,133.81428341927005,136.73249825
2026-07-20,0,day_ahead_price,134.31856537595843,147.45250325
2026-07-20,1,day_ahead_price,126.65712882089774,138.48249825
2026-07-20,2,day_ahead_price,121.05195513564024,129.21500175
2026-07-20,3,day_ahead_price,122.45974164624569,123.89500025000001
2026-07-20,4,day_ahead_price,120.59976087301276,130.342499
2026-07-20,5,day_ahead_price,125.22147361305102,138.36499775
2026-07-20,6,day_ahead_price,137.4809665296689,149.3350025
2026-07-20,7,day_ahead_price,134.34645756208562,150.617504
2026-07-20,8,day_ahead_price,119.49724246413979,130.9974995
2026-07-20,9,day_ahead_price,90.35934990587276,92.71750075
2026-07-20,10,day_ahead_price,66.65099117749087,60.7349995
2026-07-20,11,day_ahead_price,36.33688375997081,18.63249975
2026-07-20,12,day_ahead_price,15.970155035778285,14.52250025
2026-07-20,13,day_ahead_price,15.401879238709997,3.7525
2026-07-20,14,day_ahead_price,16.971568055905212,6.2375
2026-07-20,15,day_ahead_price,25.491934369489492,6.6899999999999995
2026-07-20,16,day_ahead_price,69.72936700336766,21.20999975
2026-07-20,17,day_ahead_price,105.26470252619063,76.16499999999999
2026-07-20,18,day_ahead_price,128.51722096739138,120.1124955
2026-07-20,19,day_ahead_price,145.91218674773341,159.00250225
2026-07-20,20,day_ahead_price,165.47529489457227,178.3549995
2026-07-20,21,day_ahead_price,169.39163477711085,179.8549995
2026-07-20,22,day_ahead_price,154.13466435018935,174.8149985
2026-07-20,23,day_ahead_price,137.22655578702893,159.24250025
2026-07-21,0,day_ahead_price,147.98794175184457,148.24249650000002
2026-07-21,1,day_ahead_price,139.8592571953888,149.1299975
2026-07-21,2,day_ahead_price,133.3703581794513,142.83249675000002
2026-07-21,3,day_ahead_price,128.7763273339738,138.49999625
2026-07-21,4,day_ahead_price,129.62035257957425,138.96000275
2026-07-21,5,day_ahead_price,134.87437395527311,144.16000350000002
2026-07-21,6,day_ahead_price,147.4940053123572,157.47750075
2026-07-21,7,day_ahead_price,145.8936862865156,154.42750175
2026-07-21,8,day_ahead_price,127.8309891237696,145.37750075
2026-07-21,9,day_ahead_price,100.00045148635392,114.88249975
2026-07-21,10,day_ahead_price,66.31918696464707,82.2349985
2026-07-21,11,day_ahead_price,42.80504102328978,43.72500025
2026-07-21,12,day_ahead_price,25.4651055168871,10.525
2026-07-21,13,day_ahead_price,24.197630729136865,4.0775
2026-07-21,14,day_ahead_price,27.471401413058196,3.8375
2026-07-21,15,day_ahead_price,33.613562055243186,14.3425
2026-07-21,16,day_ahead_price,65.55445451295154,60.44749925
2026-07-21,17,day_ahead_price,102.07689910748499,101.299999
2026-07-21,18,day_ahead_price,128.69136592604053,135.26250075000002
2026-07-21,19,day_ahead_price,154.01790325139694,153.705002
2026-07-21,20,day_ahead_price,211.25104927717913,171.73999799999999
2026-07-21,21,day_ahead_price,189.05761403532046,170.39749925
2026-07-21,22,day_ahead_price,169.2822250025292,163.26749825000002
2026-07-21,23,day_ahead_price,149.75162433132556,151.4375
2026-07-22,0,day_ahead_price,150.86746738260473,137.24249675
2026-07-22,1,day_ahead_price,144.42433541199688,128.369999
2026-07-22,2,day_ahead_price,138.04471474437258,124.02250125
2026-07-22,3,day_ahead_price,132.55274936481655,119.7175005
2026-07-22,4,day_ahead_price,130.10746838366583,116.68000025
2026-07-22,5,day_ahead_price,138.1913973514784,112.43249899999999
2026-07-22,6,day_ahead_price,149.61906322160286,119.302498
2026-07-22,7,day_ahead_price,154.0339842164394,123.64000125
2026-07-22,8,day_ahead_price,133.83847534416077,111.7800025
2026-07-22,9,day_ahead_price,106.22186176604328,90.37249925
2026-07-22,10,day_ahead_price,71.3842241281739,67.102502
2026-07-22,11,day_ahead_price,43.296074815749485,32.999999
2026-07-22,12,day_ahead_price,18.99260555453256,12.3225
2026-07-22,13,day_ahead_price,17.323331252879697,2.775
2026-07-22,14,day_ahead_price,22.848169433337425,1.81
2026-07-22,15,day_ahead_price,38.72620923293831,2.1825
2026-07-22,16,day_ahead_price,67.4578014077941,9.91250025
2026-07-22,17,day_ahead_price,104.35394719483543,63.3125005
2026-07-22,18,day_ahead_price,131.96281675902472,107.34249875
2026-07-22,19,day_ahead_price,159.7910290172269,127.8324985
2026-07-22,20,day_ahead_price,206.70394148949237,137.529999
2026-07-22,21,day_ahead_price,183.97804143429076,142.375
2026-07-22,22,day_ahead_price,165.88629622161338,141.2075005
2026-07-22,23,day_ahead_price,153.2371526414207,133.272499
2026-07-23,0,day_ahead_price,130.3273591042554,134.48500074999998
2026-07-23,1,day_ahead_price,120.97491734202788,136.02000025
2026-07-23,2,day_ahead_price,119.08864990939321,133.1399995
2026-07-23,3,day_ahead_price,117.07026794201154,132.404999
2026-07-23,4,day_ahead_price,115.73773724944527,135.61750025
2026-07-23,5,day_ahead_price,119.48698854970344,137.70000475
2026-07-23,6,day_ahead_price,127.39586245793532,158.8675005
2026-07-23,7,day_ahead_price,130.33951751156766,167.744999
2026-07-23,8,day_ahead_price,121.24100766855503,160.00749975
2026-07-23,9,day_ahead_price,92.09843159622075,134.50000025
2026-07-23,10,day_ahead_price,64.53570363222678,103.58749974999999
2026-07-23,11,day_ahead_price,37.289947001953834,82.1499995
2026-07-23,12,day_ahead_price,6.2886110295533655,33.53000075
2026-07-23,13,day_ahead_price,4.411771830680219,8.450000249999999
2026-07-23,14,day_ahead_price,1.3091867346773276,4.9425
2026-07-23,15,day_ahead_price,6.411289591672401,7.0
2026-07-23,16,day_ahead_price,30.97942328696181,27.0624995
2026-07-23,17,day_ahead_price,90.57165819709773,96.632501
2026-07-23,18,day_ahead_price,117.5830525459142,142.57999975
2026-07-23,19,day_ahead_price,138.86106086260386,166.100002
2026-07-23,20,day_ahead_price,170.44369613940708,184.82749925000002
2026-07-23,21,day_ahead_price,156.86782279209285,189.999996
2026-07-23,22,day_ahead_price,145.55160616699928,186.5424995
2026-07-23,23,day_ahead_price,138.33057240518997,170.41999825
2026-07-24,0,day_ahead_price,150.48122339462805,161.00249875
2026-07-24,1,day_ahead_price,141.776960208002,157.0974995
2026-07-24,2,day_ahead_price,133.54989968026538,150.817501
2026-07-24,3,day_ahead_price,131.12221862516552,143.80750275
2026-07-24,4,day_ahead_price,135.41397514481744,144.2050055
2026-07-24,5,day_ahead_price,137.04375395002188,150.720001
2026-07-24,6,day_ahead_price,154.4515825659597,159.630001
2026-07-24,7,day_ahead_price,148.74965231195216,162.24999624999998
2026-07-24,8,day_ahead_price,131.3246453934844,159.95999899999998
2026-07-24,9,day_ahead_price,103.9975998853912,132.86250125
2026-07-24,10,day_ahead_price,74.71761591746773,105.057499
2026-07-24,11,day_ahead_price,46.4723174731337,78.7924995
2026-07-24,12,day_ahead_price,22.671077645289945,48.794999499999996
2026-07-24,13,day_ahead_price,8.51755460081943,23.98500025
2026-07-24,14,day_ahead_price,22.869739294673924,8.0
2026-07-24,15,day_ahead_price,20.586115923628743,16.79000025
2026-07-24,16,day_ahead_price,60.78685171057901,68.2425005
2026-07-24,17,day_ahead_price,102.89796237380277,112.6949995
2026-07-24,18,day_ahead_price,134.6917381415985,150.0
2026-07-24,19,day_ahead_price,156.11266960454452,176.72749725
2026-07-24,20,day_ahead_price,198.55378069491937,201.14749925
2026-07-24,21,day_ahead_price,183.54935314011357,204.20000100000001
2026-07-24,22,day_ahead_price,163.13923348916853,194.90250025
2026-07-24,23,day_ahead_price,145.5571022462139,180.114998
2026-07-25,0,day_ahead_price,152.57233666067722,166.29499825
2026-07-25,1,day_ahead_price,140.3106615183589,161.32
2026-07-25,2,day_ahead_price,135.3526817787578,159.0999985
2026-07-25,3,day_ahead_price,130.69671161638226,156.9799995
2026-07-25,4,day_ahead_price,130.36761958195063,145.10999700000002
2026-07-25,5,day_ahead_price,130.15426357829904,134.0075035
2026-07-25,6,day_ahead_price,139.16768405089832,127.61999725
2026-07-25,7,day_ahead_price,145.35333832657304,115.160002
2026-07-25,8,day_ahead_price,125.92587037776042,83.340002
2026-07-25,9,day_ahead_price,94.62399354222003,11.16999975
2026-07-25,10,day_ahead_price,80.75883431231838,-0.11750000000000001
2026-07-25,11,day_ahead_price,57.48878927925142,-2.6075
2026-07-25,12,day_ahead_price,42.69340215075644,-5.505
2026-07-25,13,day_ahead_price,31.933748006604983,-8.0
2026-07-25,14,day_ahead_price,24.768376244236638,-12.67
2026-07-25,15,day_ahead_price,34.42014524804338,-3.3275
2026-07-25,16,day_ahead_price,54.576014936922675,-0.3225
2026-07-25,17,day_ahead_price,92.16892107671042,11.3699995
2026-07-25,18,day_ahead_price,130.96474277369592,90.867501
2026-07-25,19,day_ahead_price,162.73907094989028,141.0475005
2026-07-25,20,day_ahead_price,176.19224245541056,156.3825
2026-07-25,21,day_ahead_price,174.10368978558972,168.95000075000002
2026-07-25,22,day_ahead_price,155.2203759677911,165.482502
2026-07-25,23,day_ahead_price,147.48643459960442,159.99999975
2026-07-26,0,day_ahead_price,147.34010288425287,152.715
2026-07-26,1,day_ahead_price,141.81519021016942,147.779999
2026-07-26,2,day_ahead_price,132.07618010956787,146.999996
2026-07-26,3,day_ahead_price,126.63794773700859,150.16500100000002
2026-07-26,4,day_ahead_price,126.30498957281011,144.68000025
2026-07-26,5,day_ahead_price,120.53312870156122,136.29249950000002
2026-07-26,6,day_ahead_price,108.385214336899,123.864998
2026-07-26,7,day_ahead_price,92.46670285934842,110.07250025
2026-07-26,8,day_ahead_price,72.96463647982168,108.460001
2026-07-26,9,day_ahead_price,33.254534631910374,76.41749875
2026-07-26,10,day_ahead_price,6.483099121296608,11.53000025
2026-07-26,11,day_ahead_price,-2.4802581714367924,-0.0025
2026-07-26,12,day_ahead_price,-1.9619331337825456,-0.02
2026-07-26,13,day_ahead_price,-6.117427535582292,-0.005
2026-07-26,14,day_ahead_price,-4.56780471963962,0.24
2026-07-26,15,day_ahead_price,-4.054250983901869,0.6275
2026-07-26,16,day_ahead_price,-0.23614262963111568,9.21750025
2026-07-26,17,day_ahead_price,52.29640022857546,58.79000175
2026-07-26,18,day_ahead_price,110.761678465726,107.61750024999999
2026-07-26,19,day_ahead_price,138.73867485273522,137.64250175
2026-07-26,20,day_ahead_price,149.82992847842633,155.13999950000002
2026-07-26,21,day_ahead_price,150.18288912694763,152.887501
2026-07-26,22,day_ahead_price,156.58669479328387,148.39499675000002
2026-07-26,23,day_ahead_price,144.73454608515084,136.79500000000002
2026-07-27,0,day_ahead_price,138.47374538157266,84.09750175
2026-07-27,1,day_ahead_price,130.3333417543095,69.745001
2026-07-27,2,day_ahead_price,127.86872416055866,61.09000025
2026-07-27,3,day_ahead_price,121.41756525024587,61.362499
2026-07-27,4,day_ahead_price,120.93030462033431,70.0650005
2026-07-27,5,day_ahead_price,123.79937655102297,86.40000075
2026-07-27,6,day_ahead_price,138.77368730215883,113.1624985
2026-07-27,7,day_ahead_price,140.76430296119108,113.32249999999999
2026-07-27,8,day_ahead_price,127.84584436902698,105.9174975
2026-07-27,9,day_ahead_price,82.93997327750854,74.17749875
2026-07-27,10,day_ahead_price,51.24203835690277,23.6525
2026-07-27,11,day_ahead_price,6.522834464775679,1.655
2026-07-27,12,day_ahead_price,5.551061639519786,0.4675
2026-07-27,13,day_ahead_price,1.2553746221507796,0.9375
2026-07-27,14,day_ahead_price,0.29717476945185545,-0.01
2026-07-27,15,day_ahead_price,2.4112548466034913,-0.0325
2026-07-27,16,day_ahead_price,10.268877161320628,0.0275
2026-07-27,17,day_ahead_price,78.760026806686,14.0875
2026-07-27,18,day_ahead_price,121.06800970747481,83.89250125
2026-07-27,19,day_ahead_price,155.03798036549895,124.385
2026-07-27,20,day_ahead_price,177.61110029113252,133.3449995
2026-07-27,21,day_ahead_price,180.00443453738416,147.58749775
2026-07-27,22,day_ahead_price,163.7054273865101,148.3099975
2026-07-27,23,day_ahead_price,149.59000620325196,145.4974975
2026-07-28,0,day_ahead_price,137.96807755356892,158.295002
2026-07-28,1,day_ahead_price,135.4522372005691,147.782501
2026-07-28,2,day_ahead_price,132.56315209628477,140.7975005
2026-07-28,3,day_ahead_price,128.766339289823,135.107502
2026-07-28,4,day_ahead_price,127.68164106268084,134.8125
2026-07-28,5,day_ahead_price,132.9437528167019,137.60999675
2026-07-28,6,day_ahead_price,138.43626157400485,152.52999875
2026-07-28,7,day_ahead_price,138.4570884250463,150.9000015
2026-07-28,8,day_ahead_price,127.8340896999526,143.1949995
2026-07-28,9,day_ahead_price,100.28300005253706,115.41750125
2026-07-28,10,day_ahead_price,36.23093529886165,40.169999499999996
2026-07-28,11,day_ahead_price,29.696746704866744,3.5725
2026-07-28,12,day_ahead_price,30.60972903661344,0.17500000000000002
2026-07-28,13,day_ahead_price,16.44682342870491,1.2275
2026-07-28,14,day_ahead_price,16.44143715645974,1.2525
2026-07-28,15,day_ahead_price,20.12219815418798,3.4575
2026-07-28,16,day_ahead_price,58.807766004120836,44.2350005
2026-07-28,17,day_ahead_price,108.13324322360543,106.89000125
2026-07-28,18,day_ahead_price,134.2729687752192,155.4624995
2026-07-28,19,day_ahead_price,160.05567423515754,195.4400025
2026-07-28,20,day_ahead_price,194.8780250591417,215.56249975
2026-07-28,21,day_ahead_price,183.72469466301575,209.9275055
2026-07-28,22,day_ahead_price,168.58786296551665,193.95749675000002
2026-07-28,23,day_ahead_price,147.18715556200212,171.6349985
2026-07-29,0,day_ahead_price,147.28722819897834,152.4225045
2026-07-29,1,day_ahead_price,142.24404730258772,147.24000175
2026-07-29,2,day_ahead_price,133.32751168157074,136.720001
2026-07-29,3,day_ahead_price,133.54257598569876,135.00249875
2026-07-29,4,day_ahead_price,130.83022164953246,139.61750025
2026-07-29,5,day_ahead_price,133.71315314784061,147.14499675000002
2026-07-29,6,day_ahead_price,140.10320942311148,166.5825005
2026-07-29,7,day_ahead_price,134.92637966825728,159.7850035
2026-07-29,8,day_ahead_price,116.91664966912953,145.4074975
2026-07-29,9,day_ahead_price,66.34821398877621,122.02750025
2026-07-29,10,day_ahead_price,41.62244174616011,84.640001
2026-07-29,11,day_ahead_price,7.198346319162784,29.034999749999997
2026-07-29,12,day_ahead_price,4.87618161037139,2.8575
2026-07-29,13,day_ahead_price,8.071801995285558,2.0324999999999998
2026-07-29,14,day_ahead_price,3.660911133541089,1.4775
2026-07-29,15,day_ahead_price,10.332532873087013,8.56500025
2026-07-29,16,day_ahead_price,51.13082228447307,76.09
2026-07-29,17,day_ahead_price,88.44917133138874,125.00999825
2026-07-29,18,day_ahead_price,132.08757790320604,162.1675035
2026-07-29,19,day_ahead_price,165.69069499918098,242.7975045
2026-07-29,20,day_ahead_price,195.69781863069036,261.7950095
2026-07-29,21,day_ahead_price,177.50918837305355,224.397499
2026-07-29,22,day_ahead_price,163.81508444664357,192.92500275
2026-07-29,23,day_ahead_price,145.54335757587947,167.232502
2026-07-30,0,day_ahead_price,153.7979549784671,149.75500125
2026-07-30,1,day_ahead_price,144.23810755897162,142.38500225
2026-07-30,2,day_ahead_price,140.64053451242648,139.99750125
2026-07-30,3,day_ahead_price,136.11246581145434,135.210003
2026-07-30,4,day_ahead_price,137.959472111902,132.4925005
2026-07-30,5,day_ahead_price,135.18346134424618,136.4225005
2026-07-30,6,day_ahead_price,147.06192389641,147.1399995
2026-07-30,7,day_ahead_price,149.34346480533424,146.6900005
2026-07-30,8,day_ahead_price,128.83505646019523,138.342499
2026-07-30,9,day_ahead_price,102.86945864149207,118.54249975
2026-07-30,10,day_ahead_price,81.55523036227456,84.924999
2026-07-30,11,day_ahead_price,65.34379101327409,35.46000125
2026-07-30,12,day_ahead_price,40.85703846602249,6.0675
2026-07-30,13,day_ahead_price,13.00641594151644,4.9125
2026-07-30,14,day_ahead_price,6.774053931843685,17.29750075
2026-07-30,15,day_ahead_price,19.613327378687153,67.02249975000001
2026-07-30,16,day_ahead_price,43.27315059400074,99.6975
2026-07-30,17,day_ahead_price,91.00588837117797,126.58000175
2026-07-30,18,day_ahead_price,126.92934867556912,148.937496
2026-07-30,19,day_ahead_price,168.56189795430004,174.92000174999998
2026-07-30,20,day_ahead_price,211.1657175568032,197.78500350000002
2026-07-30,21,day_ahead_price,192.78380230176106,206.755001
2026-07-30,22,day_ahead_price,175.65328276434843,190.2975005
2026-07-30,23,day_ahead_price,151.69077780763914,170.829998
2026-07-31,0,day_ahead_price,152.1159497218681,168.16500075
2026-07-31,1,day_ahead_price,143.4009418275323,162.7199975
2026-07-31,2,day_ahead_price,138.4474954689556,154.829998
2026-07-31,3,day_ahead_price,136.70606941492738,153.47999975
2026-07-31,4,day_ahead_price,136.55990737026022,154.454998
2026-07-31,5,day_ahead_price,135.97948630248237,163.0949975
2026-07-31,6,day_ahead_price,154.0485343324018,177.61000075
2026-07-31,7,day_ahead_price,152.8468007363128,172.364998
2026-07-31,8,day_ahead_price,141.20750792926896,159.1324995
2026-07-31,9,day_ahead_price,119.45777028129365,142.25249875
2026-07-31,10,day_ahead_price,95.91569270499843,123.20249749999999
2026-07-31,11,day_ahead_price,76.75529794404378,102.2875005
2026-07-31,12,day_ahead_price,40.06649374489049,94.11249925
2026-07-31,13,day_ahead_price,31.628663897171258,83.26749975
2026-07-31,14,day_ahead_price,36.6527995687756,86.285
2026-07-31,15,day_ahead_price,63.53915123251466,101.7749995
2026-07-31,16,day_ahead_price,86.19163379700656,119.21499825
2026-07-31,17,day_ahead_price,107.2885427497675,144.522503
2026-07-31,18,day_ahead_price,137.02246896554857,162.00250225
2026-07-31,19,day_ahead_price,181.57276556122312,187.43750375000002
2026-07-31,20,day_ahead_price,210.90551713319047,194.8099975
2026-07-31,21,day_ahead_price,209.65406314955283,196.54499825
2026-07-31,22,day_ahead_price,186.81833484729214,191.329998
2026-07-31,23,day_ahead_price,163.21207157842517,170.052498
2026-08-01,0,day_ahead_price,156.6235090246739,169.1850015
2026-08-01,1,day_ahead_price,145.92405213909873,162.369999
2026-08-01,2,day_ahead_price,141.82048023494264,156.642498
2026-08-01,3,day_ahead_price,134.32621365766144,154.24500275
2026-08-01,4,day_ahead_price,134.39187747490877,154.0424995
2026-08-01,5,day_ahead_price,132.53989699569195,155.0025025
2026-08-01,6,day_ahead_price,139.8735044543035,154.31749725
2026-08-01,7,day_ahead_price,145.60524983141912,146.42250074999998
2026-08-01,8,day_ahead_price,129.4916826490719,140.47749725
2026-08-01,9,day_ahead_price,109.74512452909228,122.7675
2026-08-01,10,day_ahead_price,94.4569401416519,97.51999875
2026-08-01,11,day_ahead_price,81.05068116847114,54.55500175
2026-08-01,12,day_ahead_price,57.549944964552985,16.0475
2026-08-01,13,day_ahead_price,49.83960112898008,5.0
2026-08-01,14,day_ahead_price,49.567518108226764,3.5775
2026-08-01,15,day_ahead_price,66.79214136781701,4.9975000000000005
2026-08-01,16,day_ahead_price,82.16850776195277,43.644999999999996
2026-08-01,17,day_ahead_price,104.45836680131762,104.909998
2026-08-01,18,day_ahead_price,132.37876332724093,142.70250099999998
2026-08-01,19,day_ahead_price,160.49545264476114,167.45000075000002
2026-08-01,20,day_ahead_price,174.74595588976877,180.67250075
2026-08-01,21,day_ahead_price,179.07124370621767,180.467499
2026-08-01,22,day_ahead_price,177.17764390846202,178.5475005
2026-08-01,23,day_ahead_price,159.12837760270182,170.0
2026-08-02,0,day_ahead_price,156.6035269999728,169.32250225
2026-08-02,1,day_ahead_price,142.5264856677076,159.86999925
2026-08-02,2,day_ahead_price,134.25186309014958,156.77249925
2026-08-02,3,day_ahead_price,132.35931064833767,154.21249775
2026-08-02,4,day_ahead_price,135.76490774061747,153.28499975
2026-08-02,5,day_ahead_price,130.26508479316266,158.82749925000002
2026-08-02,6,day_ahead_price,136.97226825544436,151.1074985
2026-08-02,7,day_ahead_price,133.3791465143241,138.6775
2026-08-02,8,day_ahead_price,118.86846272525366,122.180002
2026-08-02,9,day_ahead_price,86.68546099022362,62.084998999999996
2026-08-02,10,day_ahead_price,63.17478826253218,3.0599999999999996
2026-08-02,11,day_ahead_price,13.246177803369525,0.2725
2026-08-02,12,day_ahead_price,7.5562731463828525,2.025
2026-08-02,13,day_ahead_price,3.2700205773773146,2.2125
2026-08-02,14,day_ahead_price,0.6696947889032294,2.025
2026-08-02,15,day_ahead_price,13.220326610555283,3.72
2026-08-02,16,day_ahead_price,41.77818610746518,8.3075
2026-08-02,17,day_ahead_price,90.0367760449053,92.8375005
2026-08-02,18,day_ahead_price,128.6788519191595,146.36499975
2026-08-02,19,day_ahead_price,159.4803272891034,176.267498
2026-08-02,20,day_ahead_price,175.49162183553614,185.3425025
2026-08-02,21,day_ahead_price,171.1417378240854,177.1150015
2026-08-02,22,day_ahead_price,170.9080218986289,167.0475005
2026-08-02,23,day_ahead_price,153.92394861567584,151.8300015
2026-08-03,0,day_ahead_price,145.61772424460958,138.65999975
2026-08-03,1,day_ahead_price,136.64495626441916,134.27750025
2026-08-03,2,day_ahead_price,130.7218785253689,131.23500075
2026-08-03,3,day_ahead_price,125.86431704325177,129.22249625
2026-08-03,4,day_ahead_price,126.9362591458743,132.0024985
2026-08-03,5,day_ahead_price,126.33169182417859,142.79750075
2026-08-03,6,day_ahead_price,137.23527051698517,168.22250375
2026-08-03,7,day_ahead_price,134.75193212093777,164.335003
2026-08-03,8,day_ahead_price,119.97629782353435,150.0
2026-08-03,9,day_ahead_price,80.04588685648605,134.4024985
2026-08-03,10,day_ahead_price,38.391144547533884,110.1875
2026-08-03,11,day_ahead_price,0.41366728371606176,64.52750025
2026-08-03,12,day_ahead_price,-1.4370957213919866,20.89250025
2026-08-03,13,day_ahead_price,-3.1352345564603543,14.2525005
2026-08-03,14,day_ahead_price,0.9330352861450371,21.34499975
2026-08-03,15,day_ahead_price,6.84775464722858,59.607501
2026-08-03,16,day_ahead_price,29.674993085007237,102.48749925
2026-08-03,17,day_ahead_price,86.76281731109461,138.51000225
2026-08-03,18,day_ahead_price,120.89178524038375,161.919998
2026-08-03,19,day_ahead_price,152.64194703787194,198.4174995
2026-08-03,20,day_ahead_price,159.90043676551838,203.56999575
2026-08-03,21,day_ahead_price,164.61122597456315,186.4375
2026-08-03,22,day_ahead_price,148.627209038974,172.85749825
2026-08-03,23,day_ahead_price,141.6317719084112,156.22500250000002
2026-08-04,0,day_ahead_price,155.82958460205484,153.12000275
2026-08-04,1,day_ahead_price,149.10993619163858,143.80999775
2026-08-04,2,day_ahead_price,141.88173375558742,138.10250100000002
2026-08-04,3,day_ahead_price,138.48188880594702,136.300003
2026-08-04,4,day_ahead_price,139.50758734994776,142.299999
2026-08-04,5,day_ahead_price,142.42339476819495,154.59000025
2026-08-04,6,day_ahead_price,150.84002138003257,165.675003
2026-08-04,7,day_ahead_price,154.9335266484662,169.20499825000002
2026-08-04,8,day_ahead_price,141.99039066869253,161.49000175
2026-08-04,9,day_ahead_price,127.05849051345255,146.537504
2026-08-04,10,day_ahead_price,90.06382787138813,124.1449985
2026-08-04,11,day_ahead_price,62.91337473375427,103.68000025
2026-08-04,12,day_ahead_price,50.64795098656212,87.3125
2026-08-04,13,day_ahead_price,30.338887205113664,76.464998
2026-08-04,14,day_ahead_price,47.76846524099148,84.06250025
2026-08-04,15,day_ahead_price,65.54375495885773,108.675001
2026-08-04,16,day_ahead_price,82.10332965589367,125.9450015
2026-08-04,17,day_ahead_price,112.5893006143002,151.352497
2026-08-04,18,day_ahead_price,146.4356845745344,167.5600015
2026-08-04,19,day_ahead_price,176.75574411482629,226.829998
2026-08-04,20,day_ahead_price,182.5490164611876,239.55249775000001
2026-08-04,21,day_ahead_price,177.02253975586586,212.0
2026-08-04,22,day_ahead_price,176.4903537087472,184.67499525
2026-08-04,23,day_ahead_price,157.46086161135878,161.68500125
2026-08-05,0,day_ahead_price,158.61593982855484,154.36000075
2026-08-05,1,day_ahead_price,147.07163526518374,148.74499525
2026-08-05,2,day_ahead_price,142.9156270950356,147.192501
2026-08-05,3,day_ahead_price,140.0822922294296,143.345001
2026-08-05,4,day_ahead_price,141.1970795205256,138.07749575
2026-08-05,5,day_ahead_price,145.89090768772698,136.19750225
2026-08-05,6,day_ahead_price,162.7876005682472,138.9999965
2026-08-05,7,day_ahead_price,155.3522676750609,149.19499975
2026-08-05,8,day_ahead_price,144.8555337595766,138.92500124999998
2026-08-05,9,day_ahead_price,122.53302639595823,112.03750050000001
2026-08-05,10,day_ahead_price,103.96453793867414,64.7424995
2026-08-05,11,day_ahead_price,82.0759697111544,9.665000000000001
2026-08-05,12,day_ahead_price,68.02780982274155,2.67
2026-08-05,13,day_ahead_price,53.55908469753086,2.705
2026-08-05,14,day_ahead_price,57.38678349240577,2.4625000000000004
2026-08-05,15,day_ahead_price,82.85155187092079,0.5800000000000001
2026-08-05,16,day_ahead_price,99.11564278383804,7.765000000000001
2026-08-05,17,day_ahead_price,113.67506028346389,60.38249975
2026-08-05,18,day_ahead_price,145.57896770472854,119.8949985
2026-08-05,19,day_ahead_price,183.87595720971876,158.53000275
2026-08-05,20,day_ahead_price,211.14779419783284,169.09999875
2026-08-05,21,day_ahead_price,199.662522337659,173.01250075000002
2026-08-05,22,day_ahead_price,186.93711794097274,168.07499725
2026-08-05,23,day_ahead_price,161.09161506703072,157.170002
2026-08-06,0,day_ahead_price,148.90966477327063,148.37500025
2026-08-06,1,day_ahead_price,143.21332501213192,141.609997
2026-08-06,2,day_ahead_price,137.37610785176258,127.55000125000001
2026-08-06,3,day_ahead_price,134.11634032662386,121.12999925
2026-08-06,4,day_ahead_price,138.16302330778998,116.82750125
2026-08-06,5,day_ahead_price,142.98207078570644,119.034998
2026-08-06,6,day_ahead_price,155.32539273440025,123.000002
2026-08-06,7,day_ahead_price,147.94926105742593,126.44999899999999
2026-08-06,8,day_ahead_price,128.9544292129999,108.7299995
2026-08-06,9,day_ahead_price,105.86368407962388,84.5600005
2026-08-06,10,day_ahead_price,66.81086488589703,25.3000005
2026-08-06,11,day_ahead_price,36.0691833066168,0.39
2026-08-06,12,day_ahead_price,17.500862539440675,0.10750000000000001
2026-08-06,13,day_ahead_price,8.932746643729189,1.3525
2026-08-06,14,day_ahead_price,7.448365911054733,1.46
2026-08-06,15,day_ahead_price,19.333262210707332,0.025
2026-08-06,16,day_ahead_price,40.19118308148982,0.015
2026-08-06,17,day_ahead_price,96.92328262697794,34.6425005
2026-08-06,18,day_ahead_price,130.49107543266382,80.0
2026-08-06,19,day_ahead_price,158.50628353585958,107.57250025
2026-08-06,20,day_ahead_price,179.88046270993158,125.23499724999999
2026-08-06,21,day_ahead_price,165.28860613442714,128.59249875
2026-08-06,22,day_ahead_price,157.85032377992968,136.640003
2026-08-06,23,day_ahead_price,146.69511651566256,135.097504
2026-08-07,0,day_ahead_price,122.36144127044547,130.38750075000002
2026-08-07,1,day_ahead_price,121.0326980335289,128.277502
2026-08-07,2,day_ahead_price,120.87175398025212,128.0949975
2026-08-07,3,day_ahead_price,117.05057387739654,125.41250025
2026-08-07,4,day_ahead_price,119.24703010138195,125.2675015
2026-08-07,5,day_ahead_price,126.67116718464789,131.64749925
2026-08-07,6,day_ahead_price,138.1455961651015,142.3374975
2026-08-07,7,day_ahead_price,136.3028690231499,147.11999875
2026-08-07,8,day_ahead_price,126.09709056737336,142.875002
2026-08-07,9,day_ahead_price,98.15132569299045,125.99999824999999
2026-08-07,10,day_ahead_price,73.812411209284,101.13499825
2026-08-07,11,day_ahead_price,8.881862465427291,66.3324985
2026-08-07,12,day_ahead_price,11.89136154532976,31.0024995
2026-08-07,13,day_ahead_price,2.3688952236763035,16.747500249999998
2026-08-07,14,day_ahead_price,-1.6704960021929072,21.61499975
2026-08-07,15,day_ahead_price,4.921129740974966,46.53249825
2026-08-07,16,day_ahead_price,16.577587379492925,85.69750025
2026-08-07,17,day_ahead_price,77.38284298427065,115.505001
2026-08-07,18,day_ahead_price,102.07679777377021,140.87250125
2026-08-07,19,day_ahead_price,127.10039804432202,170.22999975
2026-08-07,20,day_ahead_price,148.05460101621838,196.39749875
2026-08-07,21,day_ahead_price,155.64418363590326,195.09749975
2026-08-07,22,day_ahead_price,146.21799969720186,178.39750275
2026-08-07,23,day_ahead_price,146.8848629415643,165.72249575
2026-08-08,0,day_ahead_price,158.16745224322815,155.23249825
2026-08-08,1,day_ahead_price,144.34474284057816,148.694996
2026-08-08,2,day_ahead_price,138.81248291816928,144.85999700000002
2026-08-08,3,day_ahead_price,137.8758452674592,143.6399995
2026-08-08,4,day_ahead_price,137.23064904708167,141.51750175
2026-08-08,5,day_ahead_price,142.32014173333292,144.334999
2026-08-08,6,day_ahead_price,160.23620594822827,146.04000075
2026-08-08,7,day_ahead_price,156.56666436490093,137.6974965
2026-08-08,8,day_ahead_price,144.81397442592686,115.0324995
2026-08-08,9,day_ahead_price,123.88555836858515,62.5449995
2026-08-08,10,day_ahead_price,100.11993299533479,4.5125
2026-08-08,11,day_ahead_price,62.619385971111406,1.885
2026-08-08,12,day_ahead_price,44.09241100803869,1.025
2026-08-08,13,day_ahead_price,37.77682700014147,0.0
2026-08-08,14,day_ahead_price,41.09799625732152,0.5525
2026-08-08,15,day_ahead_price,54.68727934349595,0.7125
2026-08-08,16,day_ahead_price,91.96608712701004,1.6824999999999999
2026-08-08,17,day_ahead_price,112.39443628678816,67.76750150000001
2026-08-08,18,day_ahead_price,145.91502177984628,139.1875
2026-08-08,19,day_ahead_price,178.64096290180893,167.2800025
2026-08-08,20,day_ahead_price,206.9710572757567,183.94750175
2026-08-08,21,day_ahead_price,207.37939516494632,179.420002
2026-08-08,22,day_ahead_price,187.97301234528192,170.84999475
2026-08-08,23,day_ahead_price,162.7005255546469,154.420002
2026-08-09,0,day_ahead_price,143.58781028958228,145.27499775
2026-08-09,1,day_ahead_price,134.30073011728211,139.34499725
2026-08-09,2,day_ahead_price,132.23182623112996,136.442501
2026-08-09,3,day_ahead_price,126.97559475277927,133.95000075000002
2026-08-09,4,day_ahead_price,129.95582248623978,134.02750025
2026-08-09,5,day_ahead_price,124.43708027486217,135.0000035
2026-08-09,6,day_ahead_price,125.48163461973695,131.79749875
2026-08-09,7,day_ahead_price,123.27161354324575,118.07250225
2026-08-09,8,day_ahead_price,109.34799941347627,91.59250175
2026-08-09,9,day_ahead_price,67.81961355109547,27.28750025
2026-08-09,10,day_ahead_price,26.859909158393034,0.44
2026-08-09,11,day_ahead_price,5.1682574611865855,0.0925
2026-08-09,12,day_ahead_price,0.24646219811175157,0.022500000000000003
2026-08-09,13,day_ahead_price,-1.0711120505605272,0.0
2026-08-09,14,day_ahead_price,2.5983322175372776,-0.01
2026-08-09,15,day_ahead_price,2.440441367601716,-0.015
2026-08-09,16,day_ahead_price,25.389027160655164,3.8049999999999997
2026-08-09,17,day_ahead_price,84.34902154757528,81.90000025
2026-08-09,18,day_ahead_price,130.03285792868942,150.58249849999999
2026-08-09,19,day_ahead_price,157.75496728643125,167.98749925
2026-08-09,20,day_ahead_price,165.18144968349574,175.607498
2026-08-09,21,day_ahead_price,176.80371630082777,174.13249625
2026-08-09,22,day_ahead_price,163.61051610073795,170.00000375
2026-08-09,23,day_ahead_price,147.46266726444514,157.0
2026-08-10,0,day_ahead_price,145.6729151995907,146.375
2026-08-10,1,day_ahead_price,136.9557881905634,137.6450005
2026-08-10,2,day_ahead_price,134.63531300728525,131.16750150000001
2026-08-10,3,day_ahead_price,129.78962622642882,126.7325
2026-08-10,4,day_ahead_price,131.26057643291273,127.430002
2026-08-10,5,day_ahead_price,138.9121192664803,143.07500075000002
2026-08-10,6,day_ahead_price,153.76619813796435,163.26499925
2026-08-10,7,day_ahead_price,153.83794069124667,164.7125015
2026-08-10,8,day_ahead_price,136.18616897641513,160.88500225
2026-08-10,9,day_ahead_price,103.98638030002516,138.88249975
2026-08-10,10,day_ahead_price,28.339773299304035,111.7299995
2026-08-10,11,day_ahead_price,19.749739341535918,79.307501
2026-08-10,12,day_ahead_price,8.582083595440187,39.25499975
2026-08-10,13,day_ahead_price,9.712198882579719,10.93750025
2026-08-10,14,day_ahead_price,8.054036287287277,7.5425
2026-08-10,15,day_ahead_price,15.480545129979621,10.165
2026-08-10,16,day_ahead_price,35.843002635713134,42.200001
2026-08-10,17,day_ahead_price,85.91581211056807,58.79999925
2026-08-10,18,day_ahead_price,144.90088839725482,85.21999925
2026-08-10,19,day_ahead_price,165.55541566797288,123.79999925
2026-08-10,20,day_ahead_price,198.0622612818994,135.00000375
2026-08-10,21,day_ahead_price,191.03192843973184,135.8174975
2026-08-10,22,day_ahead_price,171.3030710428575,132.4699975
2026-08-10,23,day_ahead_price,148.1201812682087,127.45750050000001
2026-08-11,0,day_ahead_price,115.81351366328191,111.8375015
2026-08-11,1,day_ahead_price,119.0456707879027,105.79000099999999
2026-08-11,2,day_ahead_price,121.1425780402626,100.7000005
2026-08-11,3,day_ahead_price,120.34216643732387,94.72750099999999
2026-08-11,4,day_ahead_price,123.22408738919643,100.01999875
2026-08-11,5,day_ahead_price,128.17115811695868,114.82250025
2026-08-11,6,day_ahead_price,138.86977062029337,127.83500275
2026-08-11,7,day_ahead_price,138.3150911851138,135.97750100000002
2026-08-11,8,day_ahead_price,135.01075832807643,129.46249975
2026-08-11,9,day_ahead_price,109.51554432092148,108.10000050000001
2026-08-11,10,day_ahead_price,85.32413127718853,56.75499925
2026-08-11,11,day_ahead_price,62.17220845623751,10.1525
2026-08-11,12,day_ahead_price,19.706416892612086,1.675
2026-08-11,13,day_ahead_price,14.932553274956918,1.6575
2026-08-11,14,day_ahead_price,20.872289194284626,1.6199999999999999
2026-08-11,15,day_ahead_price,15.518000478425867,4.24
2026-08-11,16,day_ahead_price,48.85029366139816,42.74249925
2026-08-11,17,day_ahead_price,94.20837346367838,109.1450005
2026-08-11,18,day_ahead_price,119.68422889615931,145.57499875
2026-08-11,19,day_ahead_price,129.71101261782982,176.0925025
2026-08-11,20,day_ahead_price,139.20372459981155,200.4474985
2026-08-11,21,day_ahead_price,152.25730031126065,190.28999725
2026-08-11,22,day_ahead_price,154.66229739858144,172.18000425
2026-08-11,23,day_ahead_price,145.19773040660718,153.409996
2026-08-12,0,day_ahead_price,144.0252080669021,155.192501
2026-08-12,1,day_ahead_price,137.73459826618912,149.50499725
2026-08-12,2,day_ahead_price,135.01483211717368,143.29999925
2026-08-12,3,day_ahead_price,131.08437486066123,139.752502
2026-08-12,4,day_ahead_price,132.16200309894623,139.89999775
2026-08-12,5,day_ahead_price,140.77472848793911,153.4999965
2026-08-12,6,day_ahead_price,146.1060890820182,172.47999950000002
2026-08-12,7,day_ahead_price,150.8791404003608,167.54250325
2026-08-12,8,day_ahead_price,132.53096421755808,155.232502
2026-08-12,9,day_ahead_price,102.22414370174918,129.2524985
2026-08-12,10,day_ahead_price,59.845608697610224,87.42249975
2026-08-12,11,day_ahead_price,55.695412042289384,39.914999
2026-08-12,12,day_ahead_price,12.313059636067658,14.57
2026-08-12,13,day_ahead_price,3.2044289372538652,13.475
2026-08-12,14,day_ahead_price,4.862235458435499,14.6975
2026-08-12,15,day_ahead_price,9.770645936701534,39.89750075
2026-08-12,16,day_ahead_price,58.507633766666565,96.39500025000001
2026-08-12,17,day_ahead_price,106.62141853007346,140.58750125
2026-08-12,18,day_ahead_price,142.94231250752333,183.6399995
2026-08-12,19,day_ahead_price,169.79431114251958,300.0
2026-08-12,20,day_ahead_price,194.26607293738638,300.420002
2026-08-12,21,day_ahead_price,186.62503768204903,229.61999874999998
2026-08-12,22,day_ahead_price,174.23832264763615,190.66249825
2026-08-12,23,day_ahead_price,151.18245868523462,172.10000225
2026-08-13,0,day_ahead_price,154.57960313540272,154.10249725
2026-08-13,1,day_ahead_price,145.17727844432494,147.59249875
2026-08-13,2,day_ahead_price,140.5198166068511,143.42250075
2026-08-13,3,day_ahead_price,141.0764062215536,142.72249975
2026-08-13,4,day_ahead_price,142.3198111338226,144.920002
2026-08-13,5,day_ahead_price,142.9945057709786,157.3974955
2026-08-13,6,day_ahead_price,152.5317309033459,174.23250175
2026-08-13,7,day_ahead_price,150.82974803490944,171.0975035
2026-08-13,8,day_ahead_price,140.73722598616826,156.79999924999998
2026-08-13,9,day_ahead_price,108.30501215198545,135.9900015
2026-08-13,10,day_ahead_price,82.96394224494378,109.55750275
2026-08-13,11,day_ahead_price,27.086281320754537,55.779999000000004
2026-08-13,12,day_ahead_price,8.624130137083991,25.097499749999997
2026-08-13,13,day_ahead_price,15.906372135057158,44.695
2026-08-13,14,day_ahead_price,14.45335241151343,26.967499500000002
2026-08-13,15,day_ahead_price,41.9337347307212,48.73749875
2026-08-13,16,day_ahead_price,79.51070015700995,111.4375
2026-08-13,17,day_ahead_price,111.11342810321143,149.96999925
2026-08-13,18,day_ahead_price,137.66201920825682,203.99749775
2026-08-13,19,day_ahead_price,175.6673922253199,326.600006
2026-08-13,20,day_ahead_price,204.91785491244838,338.862503
2026-08-13,21,day_ahead_price,184.38878365996308,270.010002
2026-08-13,22,day_ahead_price,165.08716267586598,213.48249850000002
2026-08-13,23,day_ahead_price,150.68153377818118,175.04499825
2026-08-14,0,day_ahead_price,156.76056145512038,158.41500100000002
2026-08-14,1,day_ahead_price,147.17044762714417,151.3499985
2026-08-14,2,day_ahead_price,145.2421418681125,145.72999575
2026-08-14,3,day_ahead_price,144.85354570738343,142.0499955
2026-08-14,4,day_ahead_price,140.75591211667518,143.9074975
2026-08-14,5,day_ahead_price,143.6086239269845,154.6974985
2026-08-14,6,day_ahead_price,162.34734032089284,171.95999899999998
2026-08-14,7,day_ahead_price,150.99254163618696,170.0825005
2026-08-14,8,day_ahead_price,130.95088157772335,151.2350025
2026-08-14,9,day_ahead_price,112.73587130768595,137.4100015
2026-08-14,10,day_ahead_price,93.60293345566565,104.65000175
2026-08-14,11,day_ahead_price,73.51492041637925,61.50000025
2026-08-14,12,day_ahead_price,37.634481316949454,25.09500075
2026-08-14,13,day_ahead_price,28.66953286090773,13.43
2026-08-14,14,day_ahead_price,33.9695157294736,19.8975
2026-08-14,15,day_ahead_price,69.36525567370916,65.51
2026-08-14,16,day_ahead_price,85.49544685864348,116.32000149999999
2026-08-14,17,day_ahead_price,108.38963557469154,143.65500075
2026-08-14,18,day_ahead_price,140.90734182163607,180.0
2026-08-14,19,day_ahead_price,176.3962668672155,247.03250100000002
2026-08-14,20,day_ahead_price,210.3386674315617,264.09000775
2026-08-14,21,day_ahead_price,196.36765560703606,231.56999975
2026-08-14,22,day_ahead_price,183.88268177523986,198.0
2026-08-14,23,day_ahead_price,154.88571220992623,177.51750175
2026-08-15,0,day_ahead_price,158.41170822825075,169.4474985
2026-08-15,1,day_ahead_price,149.97293430731827,162.39750275
2026-08-15,2,day_ahead_price,144.99200299313415,156.90250025
2026-08-15,3,day_ahead_price,145.0044800970326,156.9375
2026-08-15,4,day_ahead_price,143.09927897429037,154.5149955
2026-08-15,5,day_ahead_price,140.2952777876347,153.84249875
2026-08-15,6,day_ahead_price,146.79850695984297,156.98249825
2026-08-15,7,day_ahead_price,144.28246530044044,154.92750175
2026-08-15,8,day_ahead_price,128.77316606011706,150.46749499999999
2026-08-15,9,day_ahead_price,103.20538889229101,129.0
2026-08-15,10,day_ahead_price,83.4020478293481,84.5350005
2026-08-15,11,day_ahead_price,57.81500111267905,28.88750025
2026-08-15,12,day_ahead_price,36.486647999265266,7.0425
2026-08-15,13,day_ahead_price,26.734151522973242,2.9275
2026-08-15,14,day_ahead_price,31.68672341459496,5.03
2026-08-15,15,day_ahead_price,50.744190123102975,15.0975
2026-08-15,16,day_ahead_price,73.31374730765013,68.5875
2026-08-15,17,day_ahead_price,106.12463350175449,129.1850015
2026-08-15,18,day_ahead_price,145.46939795241084,157.45499825
2026-08-15,19,day_ahead_price,173.4703793705577,179.67250425
2026-08-15,20,day_ahead_price,190.6520082754754,184.9900015
2026-08-15,21,day_ahead_price,186.51774385158288,183.3424985
2026-08-15,22,day_ahead_price,177.76998283034305,179.59249499999999
2026-08-15,23,day_ahead_price,160.41679707882847,173.9900015
2026-08-16,0,day_ahead_price,157.8951338999517,174.3125
2026-08-16,1,day_ahead_price,149.78218788428126,168.58750125
2026-08-16,2,day_ahead_price,143.68757293859892,165.329998
2026-08-16,3,day_ahead_price,139.86593683036148,157.53499975
2026-08-16,4,day_ahead_price,140.8160454420471,156.9000015
2026-08-16,5,day_ahead_price,146.95380450896204,156.945
2026-08-16,6,day_ahead_price,151.64584683347192,156.5999985
2026-08-16,7,day_ahead_price,141.66705143464642,150.37000275
2026-08-16,8,day_ahead_price,134.02220268935812,146.9925005
2026-08-16,9,day_ahead_price,110.41741795006571,124.5425015
2026-08-16,10,day_ahead_price,74.57503686283971,96.90000175
2026-08-16,11,day_ahead_price,25.689552165931918,61.23000075
2026-08-16,12,day_ahead_price,-0.5622309647233835,43.5300005
2026-08-16,13,day_ahead_price,1.8690947511649225,27.3375
2026-08-16,14,day_ahead_price,7.804197417235023,36.5575005
2026-08-16,15,day_ahead_price,24.122028395746852,67.70250125
2026-08-16,16,day_ahead_price,57.183686383642346,116.13500225
2026-08-16,17,day_ahead_price,107.8850952779565,145.32500275
2026-08-16,18,day_ahead_price,143.76159399120465,169.39250175
2026-08-16,19,day_ahead_price,174.25474124525164,187.97000125
2026-08-16,20,day_ahead_price,173.19454326568274,200.01750175
2026-08-16,21,day_ahead_price,177.6661430015699,205.675003
2026-08-16,22,day_ahead_price,170.63190313890618,206.53499975
2026-08-16,23,day_ahead_price,158.35877472595445,192.64750275
2026-08-17,0,day_ahead_price,161.07005931033663,192.12749875
2026-08-17,1,day_ahead_price,150.08494565479424,178.80999375
2026-08-17,2,day_ahead_price,144.2302647924584,163.89999774999998
2026-08-17,3,day_ahead_price,142.1823419381454,160.27999875
2026-08-17,4,day_ahead_price,142.6269292299657,159.0699995
2026-08-17,5,day_ahead_price,152.51521201350891,174.96749875
2026-08-17,6,day_ahead_price,162.62850274654454,197.39999775
2026-08-17,7,day_ahead_price,162.17194552975283,205.14999775
2026-08-17,8,day_ahead_price,150.34314797703158,208.75750349999998
2026-08-17,9,day_ahead_price,136.86404060087003,198.727501
2026-08-17,10,day_ahead_price,102.1428204378055,175.36249899999999
2026-08-17,11,day_ahead_price,66.33698715446177,166.85249725
2026-08-17,12,day_ahead_price,42.585226952330146,154.2775
2026-08-17,13,day_ahead_price,30.884101751349853,150.17500325
2026-08-17,14,day_ahead_price,23.166244338316034,141.294998
2026-08-17,15,day_ahead_price,46.0961012525422,138.54249575
2026-08-17,16,day_ahead_price,93.42255241868398,139.3600005
2026-08-17,17,day_ahead_price,120.39595377147863,148.25500125
2026-08-17,18,day_ahead_price,150.19911848725724,178.674999
2026-08-17,19,day_ahead_price,185.53823440719057,204.6674995
2026-08-17,20,day_ahead_price,202.93170343466463,213.494999
2026-08-17,21,day_ahead_price,201.36931657420715,210.0025025
2026-08-17,22,day_ahead_price,177.8327404045916,197.70500149999998
2026-08-17,23,day_ahead_price,165.2379563257784,179.91999825
2026-08-18,0,day_ahead_price,162.05432299547752,173.5674975
2026-08-18,1,day_ahead_price,150.36755462028106,159.7874985
2026-08-18,2,day_ahead_price,146.43191494015213,150.8050005
2026-08-18,3,day_ahead_price,143.11668936028565,148.392498
2026-08-18,4,day_ahead_price,145.8704295715463,149.22000125
2026-08-18,5,day_ahead_price,148.726657071979,159.03000225
2026-08-18,6,day_ahead_price,160.9308422098651,184.869999
2026-08-18,7,day_ahead_price,157.19201239724862,191.22249975
2026-08-18,8,day_ahead_price,146.96748840312964,185.22000125
2026-08-18,9,day_ahead_price,128.23318588759614,161.9375
2026-08-18,10,day_ahead_price,95.98150062625378,152.302498
2026-08-18,11,day_ahead_price,72.09897856881588,145.27500125
2026-08-18,12,day_ahead_price,57.457650649818895,136.460003
2026-08-18,13,day_ahead_price,42.934205464469755,131.59
2026-08-18,14,day_ahead_price,46.186833677294814,130.255001
2026-08-18,15,day_ahead_price,68.34499915249675,132.1375045
2026-08-18,16,day_ahead_price,97.73203023377339,138.79000100000002
2026-08-18,17,day_ahead_price,118.1713609403478,153.19499975
2026-08-18,18,day_ahead_price,147.7502781596823,176.74999975
2026-08-18,19,day_ahead_price,184.89106250809064,197.69249725
2026-08-18,20,day_ahead_price,212.52465798326867,200.77249925
2026-08-18,21,day_ahead_price,195.8349709289182,198.91750325
2026-08-18,22,day_ahead_price,184.85350561001638,191.3849985
2026-08-18,23,day_ahead_price,167.7837712886728,177.142498
2026-08-19,0,day_ahead_price,165.02222806183687,176.5999985
2026-08-19,1,day_ahead_price,153.3078045334259,157.60000250000002
2026-08-19,2,day_ahead_price,147.9515069971042,151.412502
2026-08-19,3,day_ahead_price,146.09686823210387,147.29999924999998
2026-08-19,4,day_ahead_price,143.5774813505871,148.9950025
2026-08-19,5,day_ahead_price,151.29740383391078,161.61500175
2026-08-19,6,day_ahead_price,165.45300148202256,184.71249775
2026-08-19,7,day_ahead_price,159.4078589289253,192.630001
2026-08-19,8,day_ahead_price,154.95601348657425,190.8650015
2026-08-19,9,day_ahead_price,130.9493619955407,169.67499924999998
2026-08-19,10,day_ahead_price,100.9960870020415,152.7599985
2026-08-19,11,day_ahead_price,71.51215019039121,142.96000275
2026-08-19,12,day_ahead_price,44.62463921922503,136.08250025
2026-08-19,13,day_ahead_price,37.939497147233425,129.0025005
2026-08-19,14,day_ahead_price,42.591311273640585,127.8650015
2026-08-19,15,day_ahead_price,61.64986234417849,131.08250225
2026-08-19,16,day_ahead_price,97.05466481082443,138.56999975
2026-08-19,17,day_ahead_price,112.47673914398709,153.817501
2026-08-19,18,day_ahead_price,139.1199073979221,183.72999975
2026-08-19,19,day_ahead_price,172.64220894523723,207.6525
2026-08-19,20,day_ahead_price,188.0466426730128,209.38500200000001
2026-08-19,21,day_ahead_price,192.2185094882281,206.12250125
2026-08-19,22,day_ahead_price,176.19099837875748,199.09749975
2026-08-19,23,day_ahead_price,156.87080105990847,186.5475005
2026-08-20,0,day_ahead_price,165.65389411350327,172.71249775
2026-08-20,1,day_ahead_price,152.66301557010544,162.35000250000002
2026-08-20,2,day_ahead_price,148.48531745969683,153.732502
2026-08-20,3,day_ahead_price,145.92154508486823,147.98749899999999
2026-08-20,4,day_ahead_price,145.25669504666163,148.48249825
2026-08-20,5,day_ahead_price,154.3150900678508,159.43499775
2026-08-20,6,day_ahead_price,166.6063229362353,182.6124955
2026-08-20,7,day_ahead_price,166.02974131152848,186.387497
2026-08-20,8,day_ahead_price,160.62574915732236,171.7475015
2026-08-20,9,day_ahead_price,139.42781534595312,154.50499725
2026-08-20,10,day_ahead_price,108.22077940756735,135.7424985
2026-08-20,11,day_ahead_price,88.34828043479054,112.29000125
2026-08-20,12,day_ahead_price,62.90867300847957,89.29250325
2026-08-20,13,day_ahead_price,49.79933318847467,82.79749875
2026-08-20,14,day_ahead_price,50.17279237039802,84.77750225
2026-08-20,15,day_ahead_price,84.92850929481774,93.38250174999999
2026-08-20,16,day_ahead_price,107.14207696656663,128.369999
2026-08-20,17,day_ahead_price,117.33741128251714,143.9474985
2026-08-20,18,day_ahead_price,140.18535852568704,164.42750175
2026-08-20,19,day_ahead_price,180.63582408767303,193.28250125
2026-08-20,20,day_ahead_price,200.0135260513668,201.15249649999998
2026-08-20,21,day_ahead_price,200.9306324729301,195.6174965
2026-08-20,22,day_ahead_price,183.74863812868728,187.9275015
2026-08-20,23,day_ahead_price,159.01140135386916,173.0149955
2026-08-21,0,day_ahead_price,168.06658211053457,170.3499985
2026-08-21,1,day_ahead_price,155.29270763528766,160.4900015
2026-08-21,2,day_ahead_price,150.40384090992296,152.3025015
2026-08-21,3,day_ahead_price,146.318915075126,151.467499
2026-08-21,4,day_ahead_price,147.7155166685777,153.1624985
2026-08-21,5,day_ahead_price,158.24756512245452,165.71500025
2026-08-21,6,day_ahead_price,169.06334284154053,188.87499625
2026-08-21,7,day_ahead_price,166.41114676829852,193.89000325
2026-08-21,8,day_ahead_price,161.59852206587544,192.585003
2026-08-21,9,day_ahead_price,140.1772663001045,167.82999775000002
2026-08-21,10,day_ahead_price,117.854548463191,148.99999975
2026-08-21,11,day_ahead_price,99.17479404880338,138.68000025
2026-08-21,12,day_ahead_price,60.71715959908675,134.42499925
2026-08-21,13,day_ahead_price,63.121082032207454,138.66749975
2026-08-21,14,day_ahead_price,60.90054227193031,140.03499975
2026-08-21,15,day_ahead_price,84.48779767676498,146.47500225
2026-08-21,16,day_ahead_price,111.91827068508908,151.90749725
2026-08-21,17,day_ahead_price,122.13007979999563,170.80749525
2026-08-21,18,day_ahead_price,145.76737886716785,189.6575015
2026-08-21,19,day_ahead_price,182.4903939091088,204.34999825
2026-08-21,20,day_ahead_price,194.25714650563563,204.16999825
2026-08-21,21,day_ahead_price,192.83682171682725,198.715004
2026-08-21,22,day_ahead_price,187.02139918372714,187.38750075000002
2026-08-21,23,day_ahead_price,165.1275348980614,173.5
2026-08-22,0,day_ahead_price,169.72976980463457,167.66499725
2026-08-22,1,day_ahead_price,158.9723510713203,161.5200005
2026-08-22,2,day_ahead_price,152.80766808140407,158.7125015
2026-08-22,3,day_ahead_price,147.80583327616569,154.34249875
2026-08-22,4,day_ahead_price,147.630911292915,148.21500025
2026-08-22,5,day_ahead_price,157.80720316479284,144.51750175
2026-08-22,6,day_ahead_price,170.13177790354618,153.1100005
2026-08-22,7,day_ahead_price,166.45146917345886,142.50500075
2026-08-22,8,day_ahead_price,164.0042317021876,128.13000275000002
2026-08-22,9,day_ahead_price,142.68408814823457,90.1949995
2026-08-22,10,day_ahead_price,110.24281758742006,49.66
2026-08-22,11,day_ahead_price,100.66335640284356,18.94250025
2026-08-22,12,day_ahead_price,65.681846196763,1.5725
2026-08-22,13,day_ahead_price,65.4262129199923,1.3450000000000002
2026-08-22,14,day_ahead_price,74.0614418498077,1.235
2026-08-22,15,day_ahead_price,93.66789149761168,1.2275
2026-08-22,16,day_ahead_price,104.92422875814117,1.6600000000000001
2026-08-22,17,day_ahead_price,129.69327362775346,29.152499249999998
2026-08-22,18,day_ahead_price,157.91064552710023,104.78249925
2026-08-22,19,day_ahead_price,191.68312808464867,134.8199995
2026-08-22,20,day_ahead_price,200.32412047553922,137.43000025
2026-08-22,21,day_ahead_price,196.9351200131505,130.0075015
2026-08-22,22,day_ahead_price,187.10271972915615,124.01500125
2026-08-22,23,day_ahead_price,171.32906680293982,124.02750025
2026-08-23,0,day_ahead_price,118.11010484070658,128.672501
2026-08-23,1,day_ahead_price,110.07032022184609,124.017498
2026-08-23,2,day_ahead_price,111.36441710522979,118.0199965
2026-08-23,3,day_ahead_price,108.14963411337807,115.3050005
2026-08-23,4,day_ahead_price,108.58408448092314,113.999998
2026-08-23,5,day_ahead_price,109.65567601037841,116.2075025
2026-08-23,6,day_ahead_price,122.17202353912369,116.22249975
2026-08-23,7,day_ahead_price,128.64303039829073,102.09249875
2026-08-23,8,day_ahead_price,119.17828491649428,49.2875005
2026-08-23,9,day_ahead_price,92.720203073069,1.325
2026-08-23,10,day_ahead_price,49.68835211619244,0.2775
2026-08-23,11,day_ahead_price,47.677854509280095,0.745
2026-08-23,12,day_ahead_price,21.091879258051605,1.6575
2026-08-23,13,day_ahead_price,11.62278177464779,1.5350000000000001
2026-08-23,14,day_ahead_price,17.164812706823614,1.11
2026-08-23,15,day_ahead_price,10.175277493353725,-0.0025
2026-08-23,16,day_ahead_price,28.468963831900936,0.4575
2026-08-23,17,day_ahead_price,74.40442955482473,47.9750005
2026-08-23,18,day_ahead_price,119.003861536749,142.54750074999998
2026-08-23,19,day_ahead_price,135.70422394453368,178.85500324999998
2026-08-23,20,day_ahead_price,146.5378997159925,184.83749775
2026-08-23,21,day_ahead_price,145.71602711747937,179.6875
2026-08-23,22,day_ahead_price,145.31573182449185,173.942501
2026-08-23,23,day_ahead_price,134.86755625503838,166.39249825000002
2026-08-24,0,day_ahead_price,151.35383583429885,160.8899995
2026-08-24,1,day_ahead_price,141.52133157452937,153.10749825
2026-08-24,2,day_ahead_price,138.15495480700648,148.64749925
2026-08-24,3,day_ahead_price,137.376349817148,148.6225015
2026-08-24,4,day_ahead_price,135.00104172073253,150.800003
2026-08-24,5,day_ahead_price,148.17731951552906,171.11500175
2026-08-24,6,day_ahead_price,160.0314813822848,206.170002
2026-08-24,7,day_ahead_price,161.38991199473358,208.3325005
2026-08-24,8,day_ahead_price,151.0470836135922,178.52250275
2026-08-24,9,day_ahead_price,130.1487509431601,143.9375055
2026-08-24,10,day_ahead_price,94.25694252589608,110.76500300000001
2026-08-24,11,day_ahead_price,73.77300209879166,78.64249925
2026-08-24,12,day_ahead_price,46.13678425197969,56.7250005
2026-08-24,13,day_ahead_price,27.247780939783063,60.71749975
2026-08-24,14,day_ahead_price,21.899106628894252,65.03499875
2026-08-24,15,day_ahead_price,37.84704488712634,85.05000050000001
2026-08-24,16,day_ahead_price,72.89403256251137,108.14250175
2026-08-24,17,day_ahead_price,114.16682689146838,143.47249775
2026-08-24,18,day_ahead_price,146.20749669643234,183.2024995
2026-08-24,19,day_ahead_price,179.52113004251098,220.75000375000002
2026-08-24,20,day_ahead_price,203.83583940985181,222.75749975
2026-08-24,21,day_ahead_price,192.40873546772335,188.9349975
2026-08-24,22,day_ahead_price,182.9589306314737,171.4275015
2026-08-24,23,day_ahead_price,166.01895746630933,154.35250075
2026-08-26,0,day_ahead_price,153.68173968300403,163.67750175
2026-08-26,1,day_ahead_price,145.4807458817221,156.84000375
2026-08-26,2,day_ahead_price,144.30551358847566,151.2249985
2026-08-26,3,day_ahead_price,140.49637700000326,149.07999825
2026-08-26,4,day_ahead_price,136.7978876354478,151.342499
2026-08-26,5,day_ahead_price,143.6742417166941,159.8125
2026-08-26,6,day_ahead_price,157.44264330524422,185.0250015
2026-08-26,7,day_ahead_price,161.79321502351323,195.65250025
2026-08-26,8,day_ahead_price,146.7494288787594,193.52000025
2026-08-26,9,day_ahead_price,130.43306196383656,165.7350005
2026-08-26,10,day_ahead_price,105.71883191447237,135.90250175
2026-08-26,11,day_ahead_price,87.90452415017577,117.8900015
2026-08-26,12,day_ahead_price,61.991427927056286,93.20000075
2026-08-26,13,day_ahead_price,53.092197698470954,84.64999975
2026-08-26,14,day_ahead_price,66.84771012464088,88.36000025
2026-08-26,15,day_ahead_price,82.51739825694597,100.87999925
2026-08-26,16,day_ahead_price,106.69884543797352,121.802498
2026-08-26,17,day_ahead_price,120.47759505550944,157.6000005
2026-08-26,18,day_ahead_price,151.13601187142035,185.442497
2026-08-26,19,day_ahead_price,180.03309006908677,211.32250225
2026-08-26,20,day_ahead_price,210.4580268085858,200.39750275
2026-08-26,21,day_ahead_price,184.21425548643506,178.060005
2026-08-26,22,day_ahead_price,165.7087899413487,163.057499
2026-08-26,23,day_ahead_price,147.30786576027032,150.125
2026-08-27,0,day_ahead_price,148.46622189560588,147.54000100000002
2026-08-27,1,day_ahead_price,141.39607689655384,141.27000075
2026-08-27,2,day_ahead_price,142.40881352692637,134.175003
2026-08-27,3,day_ahead_price,141.8845033523227,133.51250075000002
2026-08-27,4,day_ahead_price,137.53186052759577,135.5475005
2026-08-27,5,day_ahead_price,148.50480726847223,141.782501
2026-08-27,6,day_ahead_price,165.102242860661,156.00749975
2026-08-27,7,day_ahead_price,174.43622427065588,169.24000175
2026-08-27,8,day_ahead_price,158.6936174388539,157.06250025
2026-08-27,9,day_ahead_price,140.95516685741572,121.60999875
2026-08-27,10,day_ahead_price,111.29332849849229,94.41500075
2026-08-27,11,day_ahead_price,87.34691293758331,48.76749975
2026-08-27,12,day_ahead_price,67.28037452988897,2.2800000000000002
2026-08-27,13,day_ahead_price,61.91336246875817,1.5325
2026-08-27,14,day_ahead_price,69.80823026948835,1.66
2026-08-27,15,day_ahead_price,89.99810056237791,26.0125
2026-08-27,16,day_ahead_price,116.15066488791247,84.562498
2026-08-27,17,day_ahead_price,133.91297383182393,134.41999825
2026-08-27,18,day_ahead_price,158.7292410266138,151.75500075
2026-08-27,19,day_ahead_price,183.1031916177792,156.58999649999998
2026-08-27,20,day_ahead_price,197.889867991605,146.41999825
2026-08-27,21,day_ahead_price,177.67015543035725,137.30000325
2026-08-27,22,day_ahead_price,163.98740900223996,129.61749875
2026-08-27,23,day_ahead_price,152.40524575192765,129.5725
2026-08-28,0,day_ahead_price,125.4753795128538,107.90750125
2026-08-28,1,day_ahead_price,118.76224666939854,110.6799985
2026-08-28,2,day_ahead_price,119.76098775117615,112.992502
2026-08-28,3,day_ahead_price,118.1449286737364,113.93000025
2026-08-28,4,day_ahead_price,114.71106780289008,113.70750025000001
2026-08-28,5,day_ahead_price,116.2365757952885,123.0625
2026-08-28,6,day_ahead_price,132.23621294614512,141.53750575
2026-08-28,7,day_ahead_price,146.48123126558193,153.15250025
2026-08-28,8,day_ahead_price,142.69280715061697,154.08749775
2026-08-28,9,day_ahead_price,116.35617062055734,150.95500175
2026-08-28,10,day_ahead_price,86.77345523801964,139.96249975
2026-08-28,11,day_ahead_price,61.441861761223564,125.817499
2026-08-28,12,day_ahead_price,36.01074946524434,115.05249975
2026-08-28,13,day_ahead_price,21.991280854011045,99.99000175
2026-08-28,14,day_ahead_price,9.989477489356299,106.12250125
2026-08-28,15,day_ahead_price,30.581954286564343,114.71500025
2026-08-28,16,day_ahead_price,63.69421778471822,117.12500175
2026-08-28,17,day_ahead_price,104.00419746775997,141.8274995
2026-08-28,18,day_ahead_price,147.41667982046923,160.27750025
2026-08-28,19,day_ahead_price,169.03493406386326,172.53500375
2026-08-28,20,day_ahead_price,185.37430674164654,176.53249725
2026-08-28,21,day_ahead_price,184.25285806818675,165.69750225
2026-08-28,22,day_ahead_price,164.52278101972627,161.25500075
2026-08-28,23,day_ahead_price,148.20439399149353,143.892498
2026-01-28,0,capacity_price,0.5766848398152392,0.54
2026-01-28,1,capacity_price,0.8842986020190104,0.67
2026-01-28,2,capacity_price,0.8038645779441258,0.67
2026-01-28,3,capacity_price,0.7678452969087809,0.67
2026-01-28,4,capacity_price,1.3234082984321849,0.67
2026-01-28,5,capacity_price,4.086660701106929,3.35
2026-01-28,6,capacity_price,11.933227988623454,13.26
2026-01-28,7,capacity_price,12.63214261654087,13.32
2026-01-28,8,capacity_price,27.643640215558836,46.59
2026-01-28,9,capacity_price,22.586144373817927,39.23
2026-01-28,10,capacity_price,18.949909811505872,80.35
2026-01-28,11,capacity_price,10.139312886866195,71.36
2026-01-28,12,capacity_price,17.64064454870938,46.59
2026-01-28,13,capacity_price,19.000703175267347,60.92
2026-01-28,14,capacity_price,13.643963249900434,46.59
2026-01-28,15,capacity_price,27.108765949221603,46.59
2026-01-28,16,capacity_price,40.02303685856903,80.35
2026-01-28,17,capacity_price,46.67461858871497,80.35
2026-01-28,18,capacity_price,36.87313015777568,80.35
2026-01-28,19,capacity_price,24.21766757024335,80.35
2026-01-28,20,capacity_price,20.97752858157112,74.58
2026-01-28,21,capacity_price,26.648188815061676,62.77
2026-01-28,22,capacity_price,17.996234479020966,13.39
2026-01-28,23,capacity_price,4.15837207337745,1.21
2026-01-29,0,capacity_price,0.8662098774436747,0.67
2026-01-29,1,capacity_price,0.7510266942032169,0.54
2026-01-29,2,capacity_price,0.6321445674357276,0.54
2026-01-29,3,capacity_price,0.7250317589480794,0.67
2026-01-29,4,capacity_price,0.7163766413955535,0.67
2026-01-29,5,capacity_price,2.423846833657355,1.21
2026-01-29,6,capacity_price,13.932597462758325,10.0
2026-01-29,7,capacity_price,10.894818250439625,10.0
2026-01-29,8,capacity_price,28.33775711199438,13.32
2026-01-29,9,capacity_price,36.32013858709809,13.39
2026-01-29,10,capacity_price,36.394225354388894,16.25
2026-01-29,11,capacity_price,17.327308071841173,13.39
2026-01-29,12,capacity_price,23.387794047885684,13.32
2026-01-29,13,capacity_price,22.79623907931255,13.39
2026-01-29,14,capacity_price,23.798665701348003,13.32
2026-01-29,15,capacity_price,27.25470837313146,13.32
2026-01-29,16,capacity_price,50.47297210756215,13.39
2026-01-29,17,capacity_price,62.27115681239822,74.33
2026-01-29,18,capacity_price,67.39562780022797,80.36
2026-01-29,19,capacity_price,56.592948682890864,80.36
2026-01-29,20,capacity_price,39.42322913880969,62.12
2026-01-29,21,capacity_price,28.713711151822885,13.39
2026-01-29,22,capacity_price,13.481556245363103,6.7
2026-01-29,23,capacity_price,7.43444546652807,1.21
2026-01-30,0,capacity_price,0.7927130087750046,0.67
2026-01-30,1,capacity_price,0.6706237210711511,0.67
2026-01-30,2,capacity_price,0.5838109944393752,0.67
2026-01-30,3,capacity_price,0.6992520937238047,0.67
2026-01-30,4,capacity_price,1.0782840197954677,0.67
2026-01-30,5,capacity_price,1.6311330733068239,1.21
2026-01-30,6,capacity_price,9.925187274194107,1.21
2026-01-30,7,capacity_price,12.267234326526786,1.21
2026-01-30,8,capacity_price,8.954137783389228,10.0
2026-01-30,9,capacity_price,21.79145851995479,13.26
2026-01-30,10,capacity_price,17.199147813919033,13.26
2026-01-30,11,capacity_price,10.416139855371808,13.26
2026-01-30,12,capacity_price,14.016840036036673,13.39
2026-01-30,13,capacity_price,13.332446767868698,22.49
2026-01-30,14,capacity_price,12.979316392103819,20.88
2026-01-30,15,capacity_price,20.60516811493216,13.33
2026-01-30,16,capacity_price,26.208143827901175,13.33
2026-01-30,17,capacity_price,54.144244163109,51.97
2026-01-30,18,capacity_price,68.69653679776704,48.05
2026-01-30,19,capacity_price,54.62240163986215,32.68
2026-01-30,20,capacity_price,49.34578090007146,24.18
2026-01-30,21,capacity_price,20.443857877109917,13.26
2026-01-30,22,capacity_price,13.186077371392336,15.15
2026-01-30,23,capacity_price,4.306211977521548,1.21
2026-01-31,0,capacity_price,0.5962389091413426,0.67
2026-01-31,1,capacity_price,0.7399960184341164,0.67
2026-01-31,2,capacity_price,0.749175016676493,0.35
2026-01-31,3,capacity_price,0.6880810449367815,0.35
2026-01-31,4,capacity_price,1.0426046396654813,0.31
2026-01-31,5,capacity_price,1.7175104175556646,0.67
2026-01-31,6,capacity_price,5.001855894353842,0.67
2026-01-31,7,capacity_price,3.5116976880812687,0.67
2026-01-31,8,capacity_price,9.368506649153542,0.67
2026-01-31,9,capacity_price,11.894824290662127,1.21
2026-01-31,10,capacity_price,18.838455739929156,1.21
2026-01-31,11,capacity_price,15.171711052225971,1.21
2026-01-31,12,capacity_price,15.024962819006221,1.21
2026-01-31,13,capacity_price,16.266562003219683,1.21
2026-01-31,14,capacity_price,17.14887437064724,1.21
2026-01-31,15,capacity_price,17.417591270204703,1.21
2026-01-31,16,capacity_price,23.092164034917662,10.18
2026-01-31,17,capacity_price,46.33858291498913,13.39
2026-01-31,18,capacity_price,49.24986485684295,13.39
2026-01-31,19,capacity_price,31.479143553422357,13.39
2026-01-31,20,capacity_price,30.482440299252463,13.39
2026-01-31,21,capacity_price,18.92182684283333,13.26
2026-01-31,22,capacity_price,11.754359481923593,1.21
2026-01-31,23,capacity_price,0.5312133127026335,0.67
2026-02-01,0,capacity_price,0.576711614059514,0.67
2026-02-01,1,capacity_price,0.6141141269148856,0.31
2026-02-01,2,capacity_price,0.45651827044504434,0.54
2026-02-01,3,capacity_price,0.7097012525800267,0.54
2026-02-01,4,capacity_price,0.9741754450938631,0.31
2026-02-01,5,capacity_price,2.0338526063403046,0.54
2026-02-01,6,capacity_price,3.1854289966808795,1.21
2026-02-01,7,capacity_price,3.0618702133335702,1.21
2026-02-01,8,capacity_price,4.859723920271018,0.67
2026-02-01,9,capacity_price,11.219584606318412,1.21
2026-02-01,10,capacity_price,14.19180421072306,1.21
2026-02-01,11,capacity_price,13.507819152075507,1.21
2026-02-01,12,capacity_price,11.875661556251464,1.21
2026-02-01,13,capacity_price,14.523367557595595,1.21
2026-02-01,14,capacity_price,14.001832952862358,1.21
2026-02-01,15,capacity_price,11.190879205370143,1.21
2026-02-01,16,capacity_price,13.797252047877464,9.89
2026-02-01,17,capacity_price,37.87745854431536,13.26
2026-02-01,18,capacity_price,26.62566600757532,13.26
2026-02-01,19,capacity_price,20.832850266802414,13.66
2026-02-01,20,capacity_price,22.934250225245023,13.26
2026-02-01,21,capacity_price,16.92555520900756,13.26
2026-02-01,22,capacity_price,6.204281049940621,1.21
2026-02-01,23,capacity_price,0.889572752313268,0.67
2026-02-02,0,capacity_price,0.549277877937064,0.31
2026-02-02,1,capacity_price,0.5976815913772824,0.31
2026-02-02,2,capacity_price,0.5455860480949865,0.31
2026-02-02,3,capacity_price,0.6422259067580273,0.31
2026-02-02,4,capacity_price,0.944523469168721,0.67
2026-02-02,5,capacity_price,2.1118548406399364,1.21
2026-02-02,6,capacity_price,3.1175992390798664,1.21
2026-02-02,7,capacity_price,5.700858539920616,3.35
2026-02-02,8,capacity_price,11.522900383771177,6.7
2026-02-02,9,capacity_price,10.849435082503403,13.26
2026-02-02,10,capacity_price,12.681996569285939,13.26
2026-02-02,11,capacity_price,16.165859340824483,10.0
2026-02-02,12,capacity_price,12.51344862117287,1.21
2026-02-02,13,capacity_price,8.92905627288464,3.35
2026-02-02,14,capacity_price,9.348607394716144,1.21
2026-02-02,15,capacity_price,11.014025788347666,10.0
2026-02-02,16,capacity_price,12.366648982945653,10.0
2026-02-02,17,capacity_price,27.40753174436368,13.32
2026-02-02,18,capacity_price,25.542436630532805,13.32
2026-02-02,19,capacity_price,16.86807948387809,17.62
2026-02-02,20,capacity_price,11.193962548532943,6.7
2026-02-02,21,capacity_price,5.820198922272193,8.11
2026-02-02,22,capacity_price,5.022030979416501,1.21
2026-02-02,23,capacity_price,1.1785140452606866,0.67
2026-02-03,0,capacity_price,0.44226355801428674,0.67
2026-02-03,1,capacity_price,0.594862561393259,0.31
2026-02-03,2,capacity_price,0.41211920480313213,0.31
2026-02-03,3,capacity_price,0.6666515981601345,0.54
2026-02-03,4,capacity_price,0.6604512406261959,0.31
2026-02-03,5,capacity_price,1.5704266218994827,0.67
2026-02-03,6,capacity_price,4.084321223565117,0.67
2026-02-03,7,capacity_price,10.586902664933294,3.35
2026-02-03,8,capacity_price,14.348947414860875,6.7
2026-02-03,9,capacity_price,15.12381874156796,10.0
2026-02-03,10,capacity_price,14.419288302513703,20.77
2026-02-03,11,capacity_price,8.816983214680043,6.27
2026-02-03,12,capacity_price,10.62324387848333,3.73
2026-02-03,13,capacity_price,7.92336228746482,4.12
2026-02-03,14,capacity_price,8.415098170111856,6.62
2026-02-03,15,capacity_price,16.353718128194288,9.33
2026-02-03,16,capacity_price,11.606293955937163,14.38
2026-02-03,17,capacity_price,22.180996518451877,22.52
2026-02-03,18,capacity_price,32.62295414801646,13.39
2026-02-03,19,capacity_price,21.879757539530807,17.46
2026-02-03,20,capacity_price,11.666952000566852,24.94
2026-02-03,21,capacity_price,10.699567733509975,6.7
2026-02-03,22,capacity_price,4.104755040600034,1.21
2026-02-03,23,capacity_price,4.323562898152996,0.67
2026-02-04,0,capacity_price,0.6651768544775156,0.31
2026-02-04,1,capacity_price,0.5674273758265973,0.67
2026-02-04,2,capacity_price,0.4927831255329934,0.31
2026-02-04,3,capacity_price,0.6109307278419329,0.31
2026-02-04,4,capacity_price,0.6696437681164595,0.54
2026-02-04,5,capacity_price,1.3577070236721718,1.21
2026-02-04,6,capacity_price,3.4789254843726143,1.21
2026-02-04,7,capacity_price,10.308289850720884,3.35
2026-02-04,8,capacity_price,13.902036109209636,6.69
2026-02-04,9,capacity_price,13.38344660045031,29.87
2026-02-04,10,capacity_price,19.962173678210082,24.34
2026-02-04,11,capacity_price,7.8232473028126845,13.25
2026-02-04,12,capacity_price,7.432409417466643,9.37
2026-02-04,13,capacity_price,7.207159086927736,9.37
2026-02-04,14,capacity_price,9.010789799087492,10.0
2026-02-04,15,capacity_price,12.4790524538329,19.28
2026-02-04,16,capacity_price,12.360062535030844,20.76
2026-02-04,17,capacity_price,22.729171935525155,13.39
2026-02-04,18,capacity_price,27.111240744032393,13.39
2026-02-04,19,capacity_price,19.589998282822826,13.39
2026-02-04,20,capacity_price,28.703259819654836,20.76
2026-02-04,21,capacity_price,16.982777212817435,16.3
2026-02-04,22,capacity_price,3.534714088162106,1.21
2026-02-04,23,capacity_price,2.2717108925512117,0.67
2026-02-05,0,capacity_price,0.5928531176360095,0.27
2026-02-05,1,capacity_price,0.653026850149002,0.31
2026-02-05,2,capacity_price,0.6020033172448236,0.31
2026-02-05,3,capacity_price,0.6474239618525921,0.31
2026-02-05,4,capacity_price,0.8948213477487603,0.67
2026-02-05,5,capacity_price,2.164201567378599,0.67
2026-02-05,6,capacity_price,1.5940175122855669,0.67
2026-02-05,7,capacity_price,9.005619535597335,1.21
2026-02-05,8,capacity_price,10.218072297836638,6.69
2026-02-05,9,capacity_price,19.942132995664934,8.03
2026-02-05,10,capacity_price,20.325069668502103,10.0
2026-02-05,11,capacity_price,18.4693240180079,10.0
2026-02-05,12,capacity_price,19.42552661108756,1.21
2026-02-05,13,capacity_price,13.604974324380844,1.34
2026-02-05,14,capacity_price,11.07700036012461,3.35
2026-02-05,15,capacity_price,20.75386280308821,9.24
2026-02-05,16,capacity_price,19.46671067680235,10.0
2026-02-05,17,capacity_price,22.84483589661629,20.08
2026-02-05,18,capacity_price,29.415391505209104,20.08
2026-02-05,19,capacity_price,24.23594820457216,20.08
2026-02-05,20,capacity_price,25.152788107889055,14.05
2026-02-05,21,capacity_price,19.66340587415761,9.13
2026-02-05,22,capacity_price,7.141869969205335,1.21
2026-02-05,23,capacity_price,1.8917285838877862,0.67
2026-02-06,0,capacity_price,0.4770855997623573,0.31
2026-02-06,1,capacity_price,0.5822208882591932,0.31
2026-02-06,2,capacity_price,0.47730370816172973,0.31
2026-02-06,3,capacity_price,0.712410900849762,0.31
2026-02-06,4,capacity_price,1.251160028008899,0.67
2026-02-06,5,capacity_price,1.3672459483995887,1.21
2026-02-06,6,capacity_price,1.9192063545104108,1.21
2026-02-06,7,capacity_price,2.379768633574293,5.76
2026-02-06,8,capacity_price,7.9756539450543364,5.76
2026-02-06,9,capacity_price,10.77415397051174,6.7
2026-02-06,10,capacity_price,17.0266917590032,15.4
2026-02-06,11,capacity_price,8.480369751692733,10.0
2026-02-06,12,capacity_price,7.702118013774725,9.38
2026-02-06,13,capacity_price,8.644282785036859,10.04
2026-02-06,14,capacity_price,8.496166760298312,5.76
2026-02-06,15,capacity_price,16.18793011519936,5.76
2026-02-06,16,capacity_price,15.038737001180207,10.31
2026-02-06,17,capacity_price,22.609030131621168,15.4
2026-02-06,18,capacity_price,18.01408703776323,15.4
2026-02-06,19,capacity_price,24.441571834113088,10.04
2026-02-06,20,capacity_price,15.801806529197018,10.04
2026-02-06,21,capacity_price,22.645589369788418,3.35
2026-02-06,22,capacity_price,10.50971065341176,1.21
2026-02-06,23,capacity_price,0.9369689489303293,0.67
2026-02-07,0,capacity_price,0.4772431705917378,0.54
2026-02-07,1,capacity_price,0.5161735213682856,0.67
2026-02-07,2,capacity_price,0.4719380668977301,0.67
2026-02-07,3,capacity_price,0.6446756660232527,0.31
2026-02-07,4,capacity_price,0.7495462089223145,0.54
2026-02-07,5,capacity_price,1.9402311498335658,1.21
2026-02-07,6,capacity_price,1.7846417022971632,1.21
2026-02-07,7,capacity_price,2.4765576734523793,1.21
2026-02-07,8,capacity_price,8.402265262610914,1.21
2026-02-07,9,capacity_price,10.311240879880671,1.21
2026-02-07,10,capacity_price,16.937770506085215,1.21
2026-02-07,11,capacity_price,7.758758278842375,1.21
2026-02-07,12,capacity_price,11.737867771454773,1.21
2026-02-07,13,capacity_price,13.72042366661403,3.35
2026-02-07,14,capacity_price,11.070719900244493,1.21
2026-02-07,15,capacity_price,14.542491912226735,1.21
2026-02-07,16,capacity_price,17.581455653936565,5.63
2026-02-07,17,capacity_price,28.381206365252226,57.28
2026-02-07,18,capacity_price,28.97943836892155,63.37
2026-02-07,19,capacity_price,28.844256430223552,62.62
2026-02-07,20,capacity_price,25.826689050720958,38.84
2026-02-07,21,capacity_price,14.830897595185025,34.82
2026-02-07,22,capacity_price,8.565610042617724,6.7
2026-02-07,23,capacity_price,2.364182412711556,1.21
2026-02-08,0,capacity_price,0.6441812011523764,1.21
2026-02-08,1,capacity_price,0.7095828750173253,0.54
2026-02-08,2,capacity_price,0.5821426157857587,0.67
2026-02-08,3,capacity_price,0.5719901733743241,0.67
2026-02-08,4,capacity_price,0.7772201622072935,0.54
2026-02-08,5,capacity_price,2.4393847458275797,1.21
2026-02-08,6,capacity_price,8.334864353733124,1.21
2026-02-08,7,capacity_price,7.546197368688196,3.35
2026-02-08,8,capacity_price,15.113401753663592,3.35
2026-02-08,9,capacity_price,15.760410492450418,8.03
2026-02-08,10,capacity_price,13.298931291858672,5.76
2026-02-08,11,capacity_price,16.94037124283968,5.76
2026-02-08,12,capacity_price,17.221245109772628,5.89
2026-02-08,13,capacity_price,14.476632575318382,5.62
2026-02-08,14,capacity_price,9.360734949755715,5.62
2026-02-08,15,capacity_price,11.304814792987163,8.03
2026-02-08,16,capacity_price,13.099312062666733,8.03
2026-02-08,17,capacity_price,34.41906643853658,10.0
2026-02-08,18,capacity_price,35.32470451310939,10.0
2026-02-08,19,capacity_price,32.379750610705585,10.0
2026-02-08,20,capacity_price,21.548506987632834,10.0
2026-02-08,21,capacity_price,13.000688445573475,10.0
2026-02-08,22,capacity_price,7.180856710298865,8.03
2026-02-08,23,capacity_price,1.0221349535085091,1.21
2026-02-09,0,capacity_price,0.7773900620470244,0.67
2026-02-09,1,capacity_price,0.7544057303143319,0.67
2026-02-09,2,capacity_price,0.6921377167629571,0.67
2026-02-09,3,capacity_price,0.6695368552077694,0.67
2026-02-09,4,capacity_price,0.759260590234471,1.21
2026-02-09,5,capacity_price,1.3746397449408556,1.21
2026-02-09,6,capacity_price,1.5858544905397345,5.62
2026-02-09,7,capacity_price,4.513741075208489,20.08
2026-02-09,8,capacity_price,6.768746936325168,10.0
2026-02-09,9,capacity_price,12.778763774119863,20.08
2026-02-09,10,capacity_price,15.592763701317157,10.0
2026-02-09,11,capacity_price,8.263814984814712,10.0
2026-02-09,12,capacity_price,7.441048231361174,13.39
2026-02-09,13,capacity_price,7.817405585703376,26.78
2026-02-09,14,capacity_price,8.402794471990243,15.4
2026-02-09,15,capacity_price,18.02404968457245,6.4
2026-02-09,16,capacity_price,11.931316604141788,23.7
2026-02-09,17,capacity_price,20.296018683614076,87.05
2026-02-09,18,capacity_price,27.02263750184338,61.6
2026-02-09,19,capacity_price,28.554294873127205,53.57
2026-02-09,20,capacity_price,15.727735492861996,38.84
2026-02-09,21,capacity_price,11.572296883612387,20.09
2026-02-09,22,capacity_price,6.41632722141362,5.62
2026-02-09,23,capacity_price,0.9389923723989145,1.21
2026-02-10,0,capacity_price,0.7040628037070645,0.54
2026-02-10,1,capacity_price,0.5562657546587919,0.54
2026-02-10,2,capacity_price,0.5391175214231563,0.67
2026-02-10,3,capacity_price,0.6726889051781861,0.54
2026-02-10,4,capacity_price,0.5289419522094079,4.02
2026-02-10,5,capacity_price,1.9348957744079873,10.0
2026-02-10,6,capacity_price,4.0559257386117995,13.39
2026-02-10,7,capacity_price,7.0827410445124555,37.09
2026-02-10,8,capacity_price,8.038593588721465,40.17
2026-02-10,9,capacity_price,13.400628352997153,33.61
2026-02-10,10,capacity_price,7.498679994642686,33.75
2026-02-10,11,capacity_price,12.343795071527223,33.88
2026-02-10,12,capacity_price,13.312439160423025,33.61
2026-02-10,13,capacity_price,9.400282029917433,33.48
2026-02-10,14,capacity_price,7.397210361039873,13.39
2026-02-10,15,capacity_price,7.362782520719301,11.78
2026-02-10,16,capacity_price,17.203647114870325,33.75
2026-02-10,17,capacity_price,24.38025655744713,35.62
2026-02-10,18,capacity_price,27.028133765784485,40.17
2026-02-10,19,capacity_price,29.922573958534276,63.07
2026-02-10,20,capacity_price,29.66339758353765,46.87
2026-02-10,21,capacity_price,13.586639108433637,46.6
2026-02-10,22,capacity_price,7.374039271422886,1.21
2026-02-10,23,capacity_price,1.003166450941746,1.21
2026-02-11,0,capacity_price,0.5807567441552195,0.67
2026-02-11,1,capacity_price,0.5506944121118701,0.67
2026-02-11,2,capacity_price,0.5222176321852028,0.67
2026-02-11,3,capacity_price,0.6664832666725568,0.67
2026-02-11,4,capacity_price,1.5718717036592407,1.21
2026-02-11,5,capacity_price,1.701976075449538,1.21
2026-02-11,6,capacity_price,10.469283905763561,1.21
2026-02-11,7,capacity_price,14.166369567122754,19.81
2026-02-11,8,capacity_price,28.08627623138615,20.08
2026-02-11,9,capacity_price,17.394741450447796,6.69
2026-02-11,10,capacity_price,19.891973943709022,10.0
2026-02-11,11,capacity_price,22.365433062635358,28.24
2026-02-11,12,capacity_price,16.335560764211554,12.98
2026-02-11,13,capacity_price,21.465355539611437,12.98
2026-02-11,14,capacity_price,17.411408500440764,12.98
2026-02-11,15,capacity_price,14.516544876349586,16.2
2026-02-11,16,capacity_price,18.937975973486182,33.6
2026-02-11,17,capacity_price,35.38292593183569,33.74
2026-02-11,18,capacity_price,33.33463626869863,33.74
2026-02-11,19,capacity_price,29.884687692269118,60.91
2026-02-11,20,capacity_price,28.415294616522765,51.0
2026-02-11,21,capacity_price,17.456809821629925,6.69
2026-02-11,22,capacity_price,13.481857710943483,6.69
2026-02-11,23,capacity_price,1.1782429739470328,1.21
2026-02-12,0,capacity_price,0.6815613053354147,0.44
2026-02-12,1,capacity_price,0.6914736542785725,0.44
2026-02-12,2,capacity_price,0.6497445107790286,0.44
2026-02-12,3,capacity_price,0.6688703791553045,0.44
2026-02-12,4,capacity_price,0.6618196649440091,0.67
2026-02-12,5,capacity_price,1.3254673124421212,0.67
2026-02-12,6,capacity_price,8.093783758918619,0.67
2026-02-12,7,capacity_price,8.928892321176312,1.21
2026-02-12,8,capacity_price,19.459073807365886,1.21
2026-02-12,9,capacity_price,11.012423167827972,1.21
2026-02-12,10,capacity_price,17.65537515397778,7.36
2026-02-12,11,capacity_price,10.971424016032453,7.36
2026-02-12,12,capacity_price,9.551534909547282,4.02
2026-02-12,13,capacity_price,10.227007591663648,4.02
2026-02-12,14,capacity_price,12.78138880667563,3.35
2026-02-12,15,capacity_price,13.655560563692202,1.21
2026-02-12,16,capacity_price,21.146048144412497,10.0
2026-02-12,17,capacity_price,52.02731122480618,25.16
2026-02-12,18,capacity_price,46.48356584241918,28.24
2026-02-12,19,capacity_price,49.12339441460992,15.4
2026-02-12,20,capacity_price,38.06803369439632,3.35
2026-02-12,21,capacity_price,21.562911563684953,1.21
2026-02-12,22,capacity_price,7.368428704536671,1.21
2026-02-12,23,capacity_price,1.1886978226243923,0.67
2026-02-13,0,capacity_price,0.6708397159927757,0.35
2026-02-13,1,capacity_price,0.500405272367874,0.35
2026-02-13,2,capacity_price,0.500987364393614,0.35
2026-02-13,3,capacity_price,0.673137897359581,0.35
2026-02-13,4,capacity_price,0.9902352543913492,0.54
2026-02-13,5,capacity_price,1.193063798949869,1.21
2026-02-13,6,capacity_price,0.6025381333528137,1.21
2026-02-13,7,capacity_price,5.184529887478968,1.21
2026-02-13,8,capacity_price,7.873868180289193,1.21
2026-02-13,9,capacity_price,7.0213314623710295,1.21
2026-02-13,10,capacity_price,10.953921211651021,5.62
2026-02-13,11,capacity_price,8.123376983584413,5.62
2026-02-13,12,capacity_price,7.1199482034250625,4.02
2026-02-13,13,capacity_price,9.934015746053253,4.02
2026-02-13,14,capacity_price,9.820709590509562,1.21
2026-02-13,15,capacity_price,7.906173538125245,1.21
2026-02-13,16,capacity_price,12.85702833809606,6.8
2026-02-13,17,capacity_price,35.051527712726994,5.89
2026-02-13,18,capacity_price,41.9216000469645,5.89
2026-02-13,19,capacity_price,35.44073315896238,5.89
2026-02-13,20,capacity_price,24.424865288634784,5.89
2026-02-13,21,capacity_price,12.547057386007014,4.02
2026-02-13,22,capacity_price,8.908046513163896,3.35
2026-02-13,23,capacity_price,1.007001847368692,1.21
2026-02-14,0,capacity_price,0.5465342265872194,0.67
2026-02-14,1,capacity_price,0.4915467464749309,0.33
2026-02-14,2,capacity_price,0.4135992519023183,0.33
2026-02-14,3,capacity_price,0.673137897359581,0.33
2026-02-14,4,capacity_price,0.532155700509006,0.67
2026-02-14,5,capacity_price,1.5565871682941623,1.2
2026-02-14,6,capacity_price,2.7062630422398444,1.47
2026-02-14,7,capacity_price,2.0158149122841578,1.2
2026-02-14,8,capacity_price,4.175001833290407,1.2
2026-02-14,9,capacity_price,11.48249102990303,1.2
2026-02-14,10,capacity_price,10.079701634401298,1.2
2026-02-14,11,capacity_price,6.514743301996291,1.2
2026-02-14,12,capacity_price,7.381762851845448,1.2
2026-02-14,13,capacity_price,5.851327010025674,1.2
2026-02-14,14,capacity_price,7.241016042692773,1.2
2026-02-14,15,capacity_price,4.080094437935612,1.2
2026-02-14,16,capacity_price,11.255912744066602,5.89
2026-02-14,17,capacity_price,43.6846454158305,46.06
2026-02-14,18,capacity_price,36.175948771563235,51.94
2026-02-14,19,capacity_price,39.12507268749063,38.56
2026-02-14,20,capacity_price,25.956367405039735,20.08
2026-02-14,21,capacity_price,16.01052932222576,5.89
2026-02-14,22,capacity_price,3.783366217256421,3.35
2026-02-14,23,capacity_price,1.3407954150202654,1.2
2026-02-15,0,capacity_price,0.6090276044364342,0.67
2026-02-15,1,capacity_price,0.4244658363200719,0.67
2026-02-15,2,capacity_price,0.42726860185456006,0.31
2026-02-15,3,capacity_price,0.6025237068266671,0.33
2026-02-15,4,capacity_price,0.6558617667052157,0.31
2026-02-15,5,capacity_price,1.1464265621486605,0.54
2026-02-15,6,capacity_price,4.1828687985653366,1.2
2026-02-15,7,capacity_price,10.707252424938247,1.2
2026-02-15,8,capacity_price,6.654806526568398,1.2
2026-02-15,9,capacity_price,9.870081945693325,1.2
2026-02-15,10,capacity_price,8.564727190253517,1.2
2026-02-15,11,capacity_price,6.153486245099653,1.2
2026-02-15,12,capacity_price,4.883841146411211,1.2
2026-02-15,13,capacity_price,7.369025577438287,1.2
2026-02-15,14,capacity_price,5.286524655961628,0.67
2026-02-15,15,capacity_price,2.146131754843516,1.2
2026-02-15,16,capacity_price,20.813332405830426,1.2
2026-02-15,17,capacity_price,25.343686662534527,1.2
2026-02-15,18,capacity_price,32.170578188178006,3.35
2026-02-15,19,capacity_price,27.87827655428092,3.35
2026-02-15,20,capacity_price,12.115203318488591,3.35
2026-02-15,21,capacity_price,7.815086547214303,1.2
2026-02-15,22,capacity_price,2.706574117597078,0.54
2026-02-15,23,capacity_price,1.0699322282828214,0.31
2026-02-16,0,capacity_price,0.6119093129581181,0.31
2026-02-16,1,capacity_price,0.5070250813757023,0.31
2026-02-16,2,capacity_price,0.3527031841697142,0.31
2026-02-16,3,capacity_price,0.673137897359581,0.31
2026-02-16,4,capacity_price,0.7552784054978724,0.31
2026-02-16,5,capacity_price,1.16088390786619,0.67
2026-02-16,6,capacity_price,2.808909090020171,1.2
2026-02-16,7,capacity_price,6.745730142102654,1.2
2026-02-16,8,capacity_price,8.188558521374672,1.2
2026-02-16,9,capacity_price,8.579644947250392,1.2
2026-02-16,10,capacity_price,6.676941449290906,1.2
2026-02-16,11,capacity_price,4.295227017392408,1.2
2026-02-16,12,capacity_price,2.4871585101795795,1.2
2026-02-16,13,capacity_price,6.473163864777228,1.2
2026-02-16,14,capacity_price,3.6766577492822368,1.2
2026-02-16,15,capacity_price,4.472875275227278,1.2
2026-02-16,16,capacity_price,12.816770161417043,1.2
2026-02-16,17,capacity_price,18.497886712188162,5.62
2026-02-16,18,capacity_price,14.992953410304665,5.62
2026-02-16,19,capacity_price,13.351953385176683,5.62
2026-02-16,20,capacity_price,10.09226312325205,3.35
2026-02-16,21,capacity_price,7.374603944753432,1.2
2026-02-16,22,capacity_price,1.978624541171479,1.2
2026-02-16,23,capacity_price,1.1036206036470142,0.31
2026-02-17,0,capacity_price,0.4684640721612187,1.2
2026-02-17,1,capacity_price,0.38331035521625534,1.2
2026-02-17,2,capacity_price,0.3472227250281239,1.2
2026-02-17,3,capacity_price,0.673137897359581,1.2
2026-02-17,4,capacity_price,0.583500775709222,1.2
2026-02-17,5,capacity_price,1.1371884979537152,1.2
2026-02-17,6,capacity_price,1.1362413969536755,1.2
2026-02-17,7,capacity_price,1.0246786998859154,1.2
2026-02-17,8,capacity_price,3.196880618132092,1.2
2026-02-17,9,capacity_price,4.463218205411584,1.2
2026-02-17,10,capacity_price,5.190371406947479,1.2
2026-02-17,11,capacity_price,3.1962101594296386,1.2
2026-02-17,12,capacity_price,1.5624516353021658,1.2
2026-02-17,13,capacity_price,1.8036663980319685,1.2
2026-02-17,14,capacity_price,2.9563083688477723,1.2
2026-02-17,15,capacity_price,3.0616756356696784,1.2
2026-02-17,16,capacity_price,12.772322173845115,5.76
2026-02-17,17,capacity_price,8.617103416010826,53.77
2026-02-17,18,capacity_price,8.436992304667294,63.67
2026-02-17,19,capacity_price,12.5017737307388,87.69
2026-02-17,20,capacity_price,7.184035493122705,9.0
2026-02-17,21,capacity_price,2.615343045508195,4.02
2026-02-17,22,capacity_price,0.6160681695535811,1.2
2026-02-17,23,capacity_price,0.8376543163006419,1.2
2026-02-18,0,capacity_price,1.0051979896529912,0.32
2026-02-18,1,capacity_price,0.8644724392326323,0.38
2026-02-18,2,capacity_price,0.6789403762196857,0.38
2026-02-18,3,capacity_price,0.673137897359581,0.32
2026-02-18,4,capacity_price,0.540433367207404,0.67
2026-02-18,5,capacity_price,1.581234660845423,1.2
2026-02-18,6,capacity_price,1.8104320077073406,1.2
2026-02-18,7,capacity_price,2.8018384531099487,69.87
2026-02-18,8,capacity_price,6.064294445149298,100.39
2026-02-18,9,capacity_price,6.043160806892599,120.45
2026-02-18,10,capacity_price,5.090828710128198,88.79
2026-02-18,11,capacity_price,3.317085430757249,3.35
2026-02-18,12,capacity_price,1.7452368053949519,3.35
2026-02-18,13,capacity_price,3.2092658676040213,3.35
2026-02-18,14,capacity_price,1.1697968647955668,1.2
2026-02-18,15,capacity_price,4.8382935426484295,1.2
2026-02-18,16,capacity_price,11.509090484062131,5.62
2026-02-18,17,capacity_price,20.49218466134018,68.18
2026-02-18,18,capacity_price,23.55123836115389,69.25
2026-02-18,19,capacity_price,13.285540217088698,57.2
2026-02-18,20,capacity_price,7.75027659704057,3.35
2026-02-18,21,capacity_price,4.277861943094844,3.35
2026-02-18,22,capacity_price,2.3682262332618844,0.67
2026-02-18,23,capacity_price,1.1753131463828776,0.67
2026-02-19,0,capacity_price,0.5532160572212477,0.67
2026-02-19,1,capacity_price,0.44521686511179914,0.32
2026-02-19,2,capacity_price,0.4649809122332868,0.32
2026-02-19,3,capacity_price,0.673137897359581,0.32
2026-02-19,4,capacity_price,1.9930460826254113,0.67
2026-02-19,5,capacity_price,1.093130813214929,1.2
2026-02-19,6,capacity_price,3.670940134903919,1.2
2026-02-19,7,capacity_price,5.349126111721734,1.2
2026-02-19,8,capacity_price,10.58894598260647,1.2
2026-02-19,9,capacity_price,5.683937662721935,3.35
2026-02-19,10,capacity_price,9.439623108279797,5.76
2026-02-19,11,capacity_price,3.579965257466991,1.47
2026-02-19,12,capacity_price,6.932041784024302,1.2
2026-02-19,13,capacity_price,2.4293281102611153,1.2
2026-02-19,14,capacity_price,6.272430766031577,1.2
2026-02-19,15,capacity_price,9.806416590725094,1.47
2026-02-19,16,capacity_price,18.50483098308279,8.83
2026-02-19,17,capacity_price,37.47826516461275,5.89
2026-02-19,18,capacity_price,33.81961097752438,5.89
2026-02-19,19,capacity_price,34.45550538996485,5.89
2026-02-19,20,capacity_price,24.42338992848842,5.76
2026-02-19,21,capacity_price,11.580834115334417,5.76
2026-02-19,22,capacity_price,3.965742048205073,1.2
2026-02-19,23,capacity_price,1.2538528309295551,0.67
2026-02-20,0,capacity_price,0.5410901205475448,0.67
2026-02-20,1,capacity_price,0.4307681127579321,0.54
2026-02-20,2,capacity_price,0.37378619163182103,0.67
2026-02-20,3,capacity_price,0.673137897359581,0.67
2026-02-20,4,capacity_price,0.9742013731272443,0.67
2026-02-20,5,capacity_price,1.1820621245524516,1.2
2026-02-20,6,capacity_price,0.8603017189220035,1.31
2026-02-20,7,capacity_price,1.2894522042193508,1.2
2026-02-20,8,capacity_price,1.7064082191715833,3.35
2026-02-20,9,capacity_price,4.900480001845274,7.36
2026-02-20,10,capacity_price,6.514036167000942,5.62
2026-02-20,11,capacity_price,3.9658632615986913,1.31
2026-02-20,12,capacity_price,2.7188790863974788,1.31
2026-02-20,13,capacity_price,1.233239603828083,1.31
2026-02-20,14,capacity_price,0.6529134711904282,1.31
2026-02-20,15,capacity_price,1.676525334936236,1.2
2026-02-20,16,capacity_price,5.151452954903942,1.2
2026-02-20,17,capacity_price,19.873514127731877,5.76
2026-02-20,18,capacity_price,16.07851389331703,5.76
2026-02-20,19,capacity_price,11.752455759782848,5.76
2026-02-20,20,capacity_price,9.988515539584682,5.76
2026-02-20,21,capacity_price,6.139168754615014,1.2
2026-02-20,22,capacity_price,0.7574426877563583,1.31
2026-02-20,23,capacity_price,0.9728076109693289,0.67
2026-02-21,0,capacity_price,0.5965596030025139,0.67
2026-02-21,1,capacity_price,0.4252600868612339,0.67
2026-02-21,2,capacity_price,0.3981108374081242,0.67
2026-02-21,3,capacity_price,0.6260917690918599,0.67
2026-02-21,4,capacity_price,0.7048004250350389,0.67
2026-02-21,5,capacity_price,1.1258477813148131,0.67
2026-02-21,6,capacity_price,0.8579602448746576,0.54
2026-02-21,7,capacity_price,2.021773841395494,0.67
2026-02-21,8,capacity_price,2.7303971915833065,1.31
2026-02-21,9,capacity_price,3.7581206272800136,1.2
2026-02-21,10,capacity_price,5.9528441233555975,1.31
2026-02-21,11,capacity_price,2.616519536442492,1.2
2026-02-21,12,capacity_price,2.9431367801163084,1.2
2026-02-21,13,capacity_price,1.9923444237079058,1.31
2026-02-21,14,capacity_price,3.7308249995536915,1.31
2026-02-21,15,capacity_price,1.6555422046632815,1.2
2026-02-21,16,capacity_price,4.179508675177804,1.2
2026-02-21,17,capacity_price,21.142314877570737,1.34
2026-02-21,18,capacity_price,23.121136904066752,1.34
2026-02-21,19,capacity_price,17.227082574543342,1.34
2026-02-21,20,capacity_price,20.5927378531423,5.75
2026-02-21,21,capacity_price,5.990441141556363,5.75
2026-02-21,22,capacity_price,1.9418827632084459,3.35
2026-02-21,23,capacity_price,1.142751126832272,1.2
2026-02-22,0,capacity_price,0.6253358617484037,1.31
2026-02-22,1,capacity_price,0.5043192409820152,1.31
2026-02-22,2,capacity_price,0.4946172964995642,0.43
2026-02-22,3,capacity_price,0.6333220092061322,0.67
2026-02-22,4,capacity_price,0.9231407187634949,0.43
2026-02-22,5,capacity_price,2.1256886825655887,0.67
2026-02-22,6,capacity_price,2.59040496687228,1.31
2026-02-22,7,capacity_price,1.5156108225892497,1.31
2026-02-22,8,capacity_price,7.724342896766393,1.2
2026-02-22,9,capacity_price,12.355893934436667,1.2
2026-02-22,10,capacity_price,8.32816015741757,1.2
2026-02-22,11,capacity_price,4.743540957465202,1.2
2026-02-22,12,capacity_price,6.787457271148174,1.2
2026-02-22,13,capacity_price,8.527962812360652,1.31
2026-02-22,14,capacity_price,6.833240572977949,1.31
2026-02-22,15,capacity_price,5.120969205802151,1.31
2026-02-22,16,capacity_price,8.839520712820615,1.2
2026-02-22,17,capacity_price,14.294660975874143,6.69
2026-02-22,18,capacity_price,12.121081930440223,24.89
2026-02-22,19,capacity_price,14.248628075949396,24.89
2026-02-22,20,capacity_price,13.279184684727486,10.46
2026-02-22,21,capacity_price,9.6636165649819,6.61
2026-02-22,22,capacity_price,2.1200935001566803,5.03
2026-02-22,23,capacity_price,1.1129086723777586,0.54
2026-02-23,0,capacity_price,1.093495667648077,0.67
2026-02-23,1,capacity_price,0.7879704871154828,0.27
2026-02-23,2,capacity_price,0.8032020915323002,0.27
2026-02-23,3,capacity_price,0.6701776323965228,0.67
2026-02-23,4,capacity_price,0.7690952202960245,0.67
2026-02-23,5,capacity_price,1.2049555865757906,0.67
2026-02-23,6,capacity_price,3.2391154169358547,1.31
2026-02-23,7,capacity_price,8.024377796282675,1.2
2026-02-23,8,capacity_price,7.06800674504708,1.31
2026-02-23,9,capacity_price,13.102030991092079,1.2
2026-02-23,10,capacity_price,15.018121681618265,1.31
2026-02-23,11,capacity_price,11.536745843689786,1.31
2026-02-23,12,capacity_price,11.57379714375013,1.2
2026-02-23,13,capacity_price,12.079623842473032,1.2
2026-02-23,14,capacity_price,14.050910702921362,1.31
2026-02-23,15,capacity_price,11.794715053849524,1.31
2026-02-23,16,capacity_price,10.025791273587313,1.31
2026-02-23,17,capacity_price,12.414895473911129,9.37
2026-02-23,18,capacity_price,22.988087415453627,9.0
2026-02-23,19,capacity_price,22.685702338931296,9.0
2026-02-23,20,capacity_price,20.07221331618095,9.37
2026-02-23,21,capacity_price,14.93970765187049,5.89
2026-02-23,22,capacity_price,5.658083757661712,1.31
2026-02-23,23,capacity_price,1.1196565722948457,0.67
2026-02-24,0,capacity_price,0.6450043637793093,0.4
2026-02-24,1,capacity_price,0.43870291334037104,0.4
2026-02-24,2,capacity_price,0.4613069568533915,0.4
2026-02-24,3,capacity_price,0.6657593295960208,0.67
2026-02-24,4,capacity_price,1.9878861619015047,1.2
2026-02-24,5,capacity_price,1.0676756131307765,1.2
2026-02-24,6,capacity_price,1.6547006656580834,1.34
2026-02-24,7,capacity_price,4.499350576046099,5.62
2026-02-24,8,capacity_price,4.677016996203965,5.75
2026-02-24,9,capacity_price,6.651159439812984,5.89
2026-02-24,10,capacity_price,4.1199913610738275,9.0
2026-02-24,11,capacity_price,4.183658151969417,10.31
2026-02-24,12,capacity_price,3.3272540481830006,5.75
2026-02-24,13,capacity_price,5.846946471526429,5.75
2026-02-24,14,capacity_price,7.377497084241296,10.31
2026-02-24,15,capacity_price,1.8130281069611585,5.75
2026-02-24,16,capacity_price,6.865373753432532,5.89
2026-02-24,17,capacity_price,14.981818100269539,103.74
2026-02-24,18,capacity_price,14.772359668305969,66.93
2026-02-24,19,capacity_price,14.728538851688924,46.85
2026-02-24,20,capacity_price,10.419071312000675,22.22
2026-02-24,21,capacity_price,9.921235560818761,9.0
2026-02-24,22,capacity_price,3.1299904293955585,5.62
2026-02-24,23,capacity_price,1.0015346937485883,1.31
2026-02-25,0,capacity_price,0.5208590547697797,0.54
2026-02-25,1,capacity_price,0.5866897873172393,0.54
2026-02-25,2,capacity_price,0.45420125429332653,0.27
2026-02-25,3,capacity_price,0.5938673888866872,0.29
2026-02-25,4,capacity_price,0.7157974400120138,0.67
2026-02-25,5,capacity_price,1.284780198688876,1.2
2026-02-25,6,capacity_price,2.8732674770270306,1.31
2026-02-25,7,capacity_price,3.3655242886923737,1.31
2026-02-25,8,capacity_price,8.906922970627365,5.62
2026-02-25,9,capacity_price,7.189599539007645,5.89
2026-02-25,10,capacity_price,13.8357876345331,1.31
2026-02-25,11,capacity_price,6.594929978960892,1.31
2026-02-25,12,capacity_price,7.156503798485393,1.31
2026-02-25,13,capacity_price,8.509305553991336,1.31
2026-02-25,14,capacity_price,7.931613772155836,1.34
2026-02-25,15,capacity_price,9.081557276355552,1.34
2026-02-25,16,capacity_price,14.667538515388545,9.0
2026-02-25,17,capacity_price,24.18179473123816,52.87
2026-02-25,18,capacity_price,20.731513148724293,61.44
2026-02-25,19,capacity_price,24.74078804100249,63.86
2026-02-25,20,capacity_price,23.541389312149427,66.93
2026-02-25,21,capacity_price,15.597166539407693,5.89
2026-02-25,22,capacity_price,5.546062786877107,1.2
2026-02-25,23,capacity_price,1.157884770906093,0.54
2026-02-26,0,capacity_price,0.631330052170405,0.13
2026-02-26,1,capacity_price,0.42427791302389956,0.13
2026-02-26,2,capacity_price,0.5218339503509164,0.13
2026-02-26,3,capacity_price,0.5450937781113383,0.13
2026-02-26,4,capacity_price,0.5533763528721636,0.67
2026-02-26,5,capacity_price,1.223862777727937,0.67
2026-02-26,6,capacity_price,1.8627963395598877,0.54
2026-02-26,7,capacity_price,6.540567935513456,0.67
2026-02-26,8,capacity_price,12.12101868042691,1.2
2026-02-26,9,capacity_price,11.368457792129016,1.2
2026-02-26,10,capacity_price,7.77871448476436,1.2
2026-02-26,11,capacity_price,11.696991121136191,0.67
2026-02-26,12,capacity_price,9.292803536220756,0.54
2026-02-26,13,capacity_price,7.596771450009548,0.67
2026-02-26,14,capacity_price,8.169236451253568,0.67
2026-02-26,15,capacity_price,3.7768311481678873,1.2
2026-02-26,16,capacity_price,15.259462535966176,5.62
2026-02-26,17,capacity_price,16.767128956107282,5.89
2026-02-26,18,capacity_price,17.881508171262148,8.83
2026-02-26,19,capacity_price,25.069613537834712,5.62
2026-02-26,20,capacity_price,17.07764706085808,5.62
2026-02-26,21,capacity_price,11.746248342656095,5.62
2026-02-26,22,capacity_price,4.061463129278146,1.2
2026-02-26,23,capacity_price,1.12608580685792,0.67
2026-02-27,0,capacity_price,0.5308311444179621,0.13
2026-02-27,1,capacity_price,0.39716408406119214,0.13
2026-02-27,2,capacity_price,0.4403936546304204,0.13
2026-02-27,3,capacity_price,0.5014701733681086,0.26
2026-02-27,4,capacity_price,0.6565712084404314,1.44
2026-02-27,5,capacity_price,0.8319840735637831,1.2
2026-02-27,6,capacity_price,1.158582424863056,4.0
2026-02-27,7,capacity_price,0.3157930771581578,1.31
2026-02-27,8,capacity_price,0.8568853815290823,5.76
2026-02-27,9,capacity_price,1.8960997832801008,5.89
2026-02-27,10,capacity_price,2.0021031118998347,10.44
2026-02-27,11,capacity_price,1.5111295600876222,1.2
2026-02-27,12,capacity_price,0.9834957934645606,1.2
2026-02-27,13,capacity_price,2.058239572942112,1.31
2026-02-27,14,capacity_price,0.8267956197676729,1.31
2026-02-27,15,capacity_price,4.309323547223099,5.89
2026-02-27,16,capacity_price,1.6548045188793898,58.74
2026-02-27,17,capacity_price,8.005238689630197,105.71
2026-02-27,18,capacity_price,10.641285663492763,75.42
2026-02-27,19,capacity_price,11.090961595558548,94.25
2026-02-27,20,capacity_price,4.762763143594436,63.01
2026-02-27,21,capacity_price,4.645327150076088,26.5
2026-02-27,22,capacity_price,1.4828109566489576,5.89
2026-02-27,23,capacity_price,0.7865962345396799,5.89
2026-02-28,0,capacity_price,0.5944734036474654,0.67
2026-02-28,1,capacity_price,0.48474061017468745,0.67
2026-02-28,2,capacity_price,0.7246173414617088,0.67
2026-02-28,3,capacity_price,0.5702515092553604,0.67
2026-02-28,4,capacity_price,1.0523776081805598,1.31
2026-02-28,5,capacity_price,1.7994823507605577,13.38
2026-02-28,6,capacity_price,4.838660908280377,5.89
2026-02-28,7,capacity_price,2.1389798993922384,5.75
2026-02-28,8,capacity_price,8.162695941161845,6.69
2026-02-28,9,capacity_price,13.633091418067844,16.59
2026-02-28,10,capacity_price,5.708503355110827,10.0
2026-02-28,11,capacity_price,11.24085699755695,8.16
2026-02-28,12,capacity_price,12.00358590152146,6.69
2026-02-28,13,capacity_price,6.35764853144865,6.69
2026-02-28,14,capacity_price,7.453597885426537,6.69
2026-02-28,15,capacity_price,7.465158275214154,12.85
2026-02-28,16,capacity_price,19.525161303093206,24.89
2026-02-28,17,capacity_price,11.565914090161728,102.49
2026-02-28,18,capacity_price,14.132794352419547,108.52
2026-02-28,19,capacity_price,17.221711424269227,101.29
2026-02-28,20,capacity_price,10.62867808311586,88.19
2026-02-28,21,capacity_price,11.8449380850843,26.5
2026-02-28,22,capacity_price,4.40166983643578,24.89
2026-02-28,23,capacity_price,4.4371584912678905,6.69
2026-03-01,0,capacity_price,0.7234114610311229,0.54
2026-03-01,1,capacity_price,0.7153794914581043,0.67
2026-03-01,2,capacity_price,0.7955182801435539,0.13
2026-03-01,3,capacity_price,1.037744322061986,0.13
2026-03-01,4,capacity_price,1.2915550455611724,0.67
2026-03-01,5,capacity_price,4.91105884981556,0.67
2026-03-01,6,capacity_price,6.5089708578230585,1.31
2026-03-01,7,capacity_price,10.921317122365496,1.2
2026-03-01,8,capacity_price,13.505491231202193,1.31
2026-03-01,9,capacity_price,16.875739377647065,1.31
2026-03-01,10,capacity_price,19.15487840112774,1.2
2026-03-01,11,capacity_price,19.025786804891474,1.31
2026-03-01,12,capacity_price,19.10174379613725,1.2
2026-03-01,13,capacity_price,17.542947053349295,1.2
2026-03-01,14,capacity_price,18.486535166369382,1.31
2026-03-01,15,capacity_price,18.657342442041877,4.0
2026-03-01,16,capacity_price,33.72245352403639,24.89
2026-03-01,17,capacity_price,29.93921134426173,83.65
2026-03-01,18,capacity_price,36.26575365478721,43.72
2026-03-01,19,capacity_price,47.408166008365946,5.89
2026-03-01,20,capacity_price,34.78420879709634,5.75
2026-03-01,21,capacity_price,19.83089873883601,5.75
2026-03-01,22,capacity_price,15.935533627416296,1.2
2026-03-01,23,capacity_price,12.268085616789138,0.54
2026-03-02,0,capacity_price,0.6631365620792461,0.46
2026-03-02,1,capacity_price,0.39871370099469916,0.67
2026-03-02,2,capacity_price,0.47390865493621653,0.27
2026-03-02,3,capacity_price,0.6017347009575925,1.31
2026-03-02,4,capacity_price,0.9367703578740197,3.35
2026-03-02,5,capacity_price,0.9079095443346752,6.69
2026-03-02,6,capacity_price,3.0357260912041384,5.89
2026-03-02,7,capacity_price,1.7679851668167523,3.35
2026-03-02,8,capacity_price,2.9705130491814535,5.75
2026-03-02,9,capacity_price,6.1547350232901135,6.69
2026-03-02,10,capacity_price,4.551274362815287,6.69
2026-03-02,11,capacity_price,4.114738750952914,6.02
2026-03-02,12,capacity_price,3.562215319948122,5.75
2026-03-02,13,capacity_price,7.1760419522116905,6.02
2026-03-02,14,capacity_price,4.663887141307182,6.02
2026-03-02,15,capacity_price,5.787886298441642,6.69
2026-03-02,16,capacity_price,9.070583725004463,60.24
2026-03-02,17,capacity_price,28.879113134771853,64.11
2026-03-02,18,capacity_price,22.42141188778716,75.08
2026-03-02,19,capacity_price,21.653514405803122,57.82
2026-03-02,20,capacity_price,12.678478559907084,59.98
2026-03-02,21,capacity_price,8.954064147965106,38.86
2026-03-02,22,capacity_price,2.2820145449328324,5.75
2026-03-02,23,capacity_price,1.4532419867079855,0.67
2026-03-03,0,capacity_price,0.5000872771645564,0.54
2026-03-03,1,capacity_price,0.5270499771885445,0.67
2026-03-03,2,capacity_price,0.40149127480363195,0.67
2026-03-03,3,capacity_price,0.8753215287888445,0.67
2026-03-03,4,capacity_price,3.171695269208322,1.31
2026-03-03,5,capacity_price,2.8491711197996374,4.0
2026-03-03,6,capacity_price,1.7453958931849602,5.22
2026-03-03,7,capacity_price,8.65464470242611,1.31
2026-03-03,8,capacity_price,9.632799387456272,45.65
2026-03-03,9,capacity_price,13.001704937219762,6.69
2026-03-03,10,capacity_price,14.33421930583555,5.89
2026-03-03,11,capacity_price,11.012121152152156,5.89
2026-03-03,12,capacity_price,11.076231186049835,6.02
2026-03-03,13,capacity_price,12.739424547071943,5.89
2026-03-03,14,capacity_price,9.029368147833805,5.89
2026-03-03,15,capacity_price,8.564964739955819,24.89
2026-03-03,16,capacity_price,14.358930022328451,79.83
2026-03-03,17,capacity_price,49.69969979332802,66.93
2026-03-03,18,capacity_price,49.11951453979151,64.64
2026-03-03,19,capacity_price,43.06473940062828,65.45
2026-03-03,20,capacity_price,34.73972715850859,51.26
2026-03-03,21,capacity_price,18.40406506388295,52.73
2026-03-03,22,capacity_price,3.483900261219242,5.62
2026-03-03,23,capacity_price,1.026607410899452,1.2
2026-03-04,0,capacity_price,0.5542675488303533,1.2
2026-03-04,1,capacity_price,0.6082797555164945,1.31
2026-03-04,2,capacity_price,0.7664724519725186,1.2
2026-03-04,3,capacity_price,0.6667481684877675,1.2
2026-03-04,4,capacity_price,1.8554721548660065,6.69
2026-03-04,5,capacity_price,2.496598703124915,38.4
2026-03-04,6,capacity_price,2.235989034722979,53.54
2026-03-04,7,capacity_price,7.788821840933496,6.69
2026-03-04,8,capacity_price,13.457358833221988,94.09
2026-03-04,9,capacity_price,11.627779256090616,67.06
2026-03-04,10,capacity_price,12.176865569482045,40.16
2026-03-04,11,capacity_price,14.291017017958945,31.18
2026-03-04,12,capacity_price,14.421273093595536,14.86
2026-03-04,13,capacity_price,13.478118226745819,14.86
2026-03-04,14,capacity_price,7.50022887269542,24.9
2026-03-04,15,capacity_price,11.43294411652313,60.24
2026-03-04,16,capacity_price,20.39960528331142,73.88
2026-03-04,17,capacity_price,48.219950181656664,101.67
2026-03-04,18,capacity_price,51.002216757034304,127.17
2026-03-04,19,capacity_price,52.51752306365582,133.73
2026-03-04,20,capacity_price,40.64682268053662,102.4
2026-03-04,21,capacity_price,26.321211168084005,69.47
2026-03-04,22,capacity_price,13.362150631900503,40.16
2026-03-04,23,capacity_price,1.6147540139358305,5.76
2026-03-05,0,capacity_price,1.0713270429860633,4.0
2026-03-05,1,capacity_price,0.847608992802853,0.67
2026-03-05,2,capacity_price,0.7084841317661509,0.54
2026-03-05,3,capacity_price,0.9226256410310405,0.67
2026-03-05,4,capacity_price,1.9043778633824144,1.31
2026-03-05,5,capacity_price,2.757388653339085,6.56
2026-03-05,6,capacity_price,4.850742634417669,6.69
2026-03-05,7,capacity_price,4.744899105079704,5.89
2026-03-05,8,capacity_price,13.099071347569586,88.4
2026-03-05,9,capacity_price,17.67969651030522,23.42
2026-03-05,10,capacity_price,13.633536786756896,6.02
2026-03-05,11,capacity_price,15.598493870474181,5.76
2026-03-05,12,capacity_price,14.0530831325653,5.76
2026-03-05,13,capacity_price,16.02037359182849,6.02
2026-03-05,14,capacity_price,14.050407736798633,6.69
2026-03-05,15,capacity_price,14.625582814535708,53.54
2026-03-05,16,capacity_price,26.942919073462054,77.6
2026-03-05,17,capacity_price,59.06362125727244,116.6
2026-03-05,18,capacity_price,48.95225634673054,127.16
2026-03-05,19,capacity_price,48.4292042663768,130.24
2026-03-05,20,capacity_price,26.49332028396185,116.26
2026-03-05,21,capacity_price,13.461510362231019,120.48
2026-03-05,22,capacity_price,7.699875400182471,77.52
2026-03-05,23,capacity_price,5.05485207032474,5.89
2026-03-06,0,capacity_price,0.7074212347634907,1.31
2026-03-06,1,capacity_price,0.7181707971181279,1.31
2026-03-06,2,capacity_price,0.6512480873804549,1.31
2026-03-06,3,capacity_price,1.0851999878886718,1.31
2026-03-06,4,capacity_price,1.4908867231425558,5.62
2026-03-06,5,capacity_price,5.054663814620255,6.69
2026-03-06,6,capacity_price,9.415968976348088,6.69
2026-03-06,7,capacity_price,4.951798481221432,6.69
2026-03-06,8,capacity_price,16.71733597558626,70.8
2026-03-06,9,capacity_price,18.891432460727682,46.85
2026-03-06,10,capacity_price,15.33084923998154,5.76
2026-03-06,11,capacity_price,14.15548910235239,4.0
2026-03-06,12,capacity_price,9.635053322652645,3.35
2026-03-06,13,capacity_price,12.912399500456946,4.68
2026-03-06,14,capacity_price,9.546697768375907,5.35
2026-03-06,15,capacity_price,19.21877002132402,53.54
2026-03-06,16,capacity_price,30.837351471695793,67.19
2026-03-06,17,capacity_price,64.86910706001318,133.55
2026-03-06,18,capacity_price,49.757888133386125,187.41
2026-03-06,19,capacity_price,47.48896901180035,125.14
2026-03-06,20,capacity_price,34.088695749602095,81.64
2026-03-06,21,capacity_price,19.59181634851052,67.19
2026-03-06,22,capacity_price,4.89060109459396,50.19
2026-03-06,23,capacity_price,6.615155434081442,6.69
2026-03-07,0,capacity_price,1.1905282177390886,0.67
2026-03-07,1,capacity_price,0.8493109221697256,0.67
2026-03-07,2,capacity_price,0.8782981658801648,0.67
2026-03-07,3,capacity_price,1.151239620479401,0.67
2026-03-07,4,capacity_price,2.8955077232462916,1.2
2026-03-07,5,capacity_price,4.5796773974043,5.75
2026-03-07,6,capacity_price,6.992705781006428,5.89
2026-03-07,7,capacity_price,6.981672698008531,4.0
2026-03-07,8,capacity_price,20.473353771069192,5.89
2026-03-07,9,capacity_price,12.33261441541922,5.89
2026-03-07,10,capacity_price,7.245693207962693,5.89
2026-03-07,11,capacity_price,7.940199297737689,4.0
2026-03-07,12,capacity_price,5.905855727369191,1.31
2026-03-07,13,capacity_price,7.7976081125285805,1.2
2026-03-07,14,capacity_price,8.679894840831444,5.62
2026-03-07,15,capacity_price,29.392052643584314,5.89
2026-03-07,16,capacity_price,35.96296373764725,48.72
2026-03-07,17,capacity_price,64.46855268032391,53.53
2026-03-07,18,capacity_price,63.958504541575074,80.31
2026-03-07,19,capacity_price,62.94544597684091,83.65
2026-03-07,20,capacity_price,32.468880786816285,60.9
2026-03-07,21,capacity_price,22.125753949009994,56.35
2026-03-07,22,capacity_price,9.894914119983753,5.89
2026-03-07,23,capacity_price,7.3915047373509015,5.89
2026-03-08,0,capacity_price,0.7631108406303874,1.31
2026-03-08,1,capacity_price,0.8147364674993514,5.76
2026-03-08,2,capacity_price,0.8222711262977699,0.67
2026-03-08,3,capacity_price,1.169791451535644,1.31
2026-03-08,4,capacity_price,1.9730077917456113,3.75
2026-03-08,5,capacity_price,6.2505727604027514,5.89
2026-03-08,6,capacity_price,6.122507335678878,5.89
2026-03-08,7,capacity_price,6.446442847180954,5.62
2026-03-08,8,capacity_price,13.039642497718706,4.0
2026-03-08,9,capacity_price,17.53301531741652,5.62
2026-03-08,10,capacity_price,7.5247388955893095,1.31
2026-03-08,11,capacity_price,7.526543776508742,1.2
2026-03-08,12,capacity_price,6.991507212003536,1.31
2026-03-08,13,capacity_price,5.398863427657238,1.2
2026-03-08,14,capacity_price,8.466346515734994,1.31
2026-03-08,15,capacity_price,15.011816043333544,1.2
2026-03-08,16,capacity_price,31.530075891707238,23.42
2026-03-08,17,capacity_price,70.90221552181939,69.87
2026-03-08,18,capacity_price,72.40178390521582,100.39
2026-03-08,19,capacity_price,56.85448660042324,56.89
2026-03-08,20,capacity_price,45.580155659974054,68.0
2026-03-08,21,capacity_price,38.075891128855616,26.77
2026-03-08,22,capacity_price,14.980244301328765,5.89
2026-03-08,23,capacity_price,8.38381897431606,1.2
2026-03-09,0,capacity_price,1.0531894450176853,0.54
2026-03-09,1,capacity_price,0.6630878549258877,0.54
2026-03-09,2,capacity_price,0.6222325945042821,0.54
2026-03-09,3,capacity_price,0.7676690146161292,1.31
2026-03-09,4,capacity_price,1.495249019581362,6.69
2026-03-09,5,capacity_price,3.9147630540119014,11.78
2026-03-09,6,capacity_price,4.856544315487862,6.69
2026-03-09,7,capacity_price,4.3669238625983615,6.69
2026-03-09,8,capacity_price,5.236076563361619,85.27
2026-03-09,9,capacity_price,9.799820052154402,6.69
2026-03-09,10,capacity_price,5.997708561258949,6.69
2026-03-09,11,capacity_price,4.658822191554359,5.89
2026-03-09,12,capacity_price,5.017844071924133,4.0
2026-03-09,13,capacity_price,3.328951522199862,4.0
2026-03-09,14,capacity_price,3.491583639660734,6.69
2026-03-09,15,capacity_price,12.295525276237834,14.86
2026-03-09,16,capacity_price,23.349434534452765,56.89
2026-03-09,17,capacity_price,55.99924204081569,145.34
2026-03-09,18,capacity_price,52.42166926091764,239.97
2026-03-09,19,capacity_price,46.486304824889096,193.26
2026-03-09,20,capacity_price,30.76710541161104,108.29
2026-03-09,21,capacity_price,16.990657906424254,79.64
2026-03-09,22,capacity_price,2.9923918164600636,56.89
2026-03-09,23,capacity_price,0.9885717257455374,1.2
2026-03-10,0,capacity_price,0.7701258023373422,0.54
2026-03-10,1,capacity_price,0.9669837541255859,0.54
2026-03-10,2,capacity_price,0.8519032745360028,0.54
2026-03-10,3,capacity_price,1.205671208042828,1.31
2026-03-10,4,capacity_price,3.243460687443007,6.69
2026-03-10,5,capacity_price,5.3911881567830955,6.69
2026-03-10,6,capacity_price,6.690447438272527,11.52
2026-03-10,7,capacity_price,7.826167075260563,6.69
2026-03-10,8,capacity_price,25.157147740964064,72.55
2026-03-10,9,capacity_price,14.127530909228259,46.85
2026-03-10,10,capacity_price,10.153857154042061,6.69
2026-03-10,11,capacity_price,7.989274904572992,5.89
2026-03-10,12,capacity_price,5.140614480581771,5.89
2026-03-10,13,capacity_price,6.3886350277158055,5.89
2026-03-10,14,capacity_price,9.132676923664265,5.89
2026-03-10,15,capacity_price,20.467334421288662,94.58
2026-03-10,16,capacity_price,58.42675864293426,119.34
2026-03-10,17,capacity_price,73.92158038147299,147.18
2026-03-10,18,capacity_price,81.27914966856413,201.79
2026-03-10,19,capacity_price,69.24550793739868,176.3
2026-03-10,20,capacity_price,58.70495887245909,97.58
2026-03-10,21,capacity_price,31.269330571206165,71.21
2026-03-10,22,capacity_price,19.420428797671782,14.86
2026-03-10,23,capacity_price,3.7450146692565163,1.31
2026-03-11,0,capacity_price,0.6910243397056466,0.33
2026-03-11,1,capacity_price,1.1339850292828602,0.27
2026-03-11,2,capacity_price,0.959699240631068,0.27
2026-03-11,3,capacity_price,1.2200845350505147,0.27
2026-03-11,4,capacity_price,5.99011209994046,0.54
2026-03-11,5,capacity_price,4.286077786319979,1.2
2026-03-11,6,capacity_price,8.168131428777203,1.31
2026-03-11,7,capacity_price,4.559562703443516,11.78
2026-03-11,8,capacity_price,19.112881933735874,13.12
2026-03-11,9,capacity_price,22.161636221597497,3.35
2026-03-11,10,capacity_price,8.559457159067637,1.31
2026-03-11,11,capacity_price,5.064266993175937,1.31
2026-03-11,12,capacity_price,4.577597697165927,1.31
2026-03-11,13,capacity_price,6.336671795938469,1.31
2026-03-11,14,capacity_price,7.400746280621519,1.31
2026-03-11,15,capacity_price,26.254667181266196,26.77
2026-03-11,16,capacity_price,50.246351230214955,53.14
2026-03-11,17,capacity_price,72.7347933553876,107.08
2026-03-11,18,capacity_price,74.13708282122963,135.43
2026-03-11,19,capacity_price,59.84761409044138,92.23
2026-03-11,20,capacity_price,47.76325367795278,65.59
2026-03-11,21,capacity_price,38.58686369658325,53.81
2026-03-11,22,capacity_price,12.878430583815904,20.75
2026-03-11,23,capacity_price,3.390049125197531,1.2
2026-03-12,0,capacity_price,0.5670507222293169,0.3
2026-03-12,1,capacity_price,1.008737622983776,0.27
2026-03-12,2,capacity_price,0.8457718279405705,0.27
2026-03-12,3,capacity_price,1.0204518019429363,0.27
2026-03-12,4,capacity_price,2.630361689722689,1.2
2026-03-12,5,capacity_price,1.968531668008507,1.2
2026-03-12,6,capacity_price,5.963302527595556,1.2
2026-03-12,7,capacity_price,5.847983478522632,5.76
2026-03-12,8,capacity_price,17.52845157642384,6.69
2026-03-12,9,capacity_price,11.780165707365217,1.31
2026-03-12,10,capacity_price,9.239780035681484,1.31
2026-03-12,11,capacity_price,4.1830805516613,1.2
2026-03-12,12,capacity_price,3.3999576626250394,0.54
2026-03-12,13,capacity_price,3.5416289353443884,0.67
2026-03-12,14,capacity_price,8.573521874769694,0.73
2026-03-12,15,capacity_price,13.6333418355295,1.31
2026-03-12,16,capacity_price,33.345381758496124,5.89
2026-03-12,17,capacity_price,70.65350510906389,6.69
2026-03-12,18,capacity_price,83.51957117169177,53.54
2026-03-12,19,capacity_price,71.55535307882121,5.89
2026-03-12,20,capacity_price,48.60098109056322,5.89
2026-03-12,21,capacity_price,39.4195568630165,12.31
2026-03-12,22,capacity_price,12.051583513029831,1.31
2026-03-12,23,capacity_price,1.6516274393032202,0.67
2026-03-13,0,capacity_price,0.3824120319387342,0.1
2026-03-13,1,capacity_price,0.38743917468177924,0.1
2026-03-13,2,capacity_price,0.35015469156932333,0.07
2026-03-13,3,capacity_price,0.43168317177316,0.13
2026-03-13,4,capacity_price,0.8038594971444565,0.4
2026-03-13,5,capacity_price,1.3162327782160008,0.67
2026-03-13,6,capacity_price,2.0596071867910424,1.2
2026-03-13,7,capacity_price,1.9335258696234356,1.2
2026-03-13,8,capacity_price,5.483148308918966,1.2
2026-03-13,9,capacity_price,4.65107447256385,1.2
2026-03-13,10,capacity_price,4.606886342961334,0.67
2026-03-13,11,capacity_price,3.9731500619713436,0.67
2026-03-13,12,capacity_price,1.3167578918838934,0.54
2026-03-13,13,capacity_price,2.9127045773017515,0.67
2026-03-13,14,capacity_price,4.168653580759379,0.67
2026-03-13,15,capacity_price,6.916767418568274,4.0
2026-03-13,16,capacity_price,11.954503760464702,72.58
2026-03-13,17,capacity_price,32.42189488449708,126.05
2026-03-13,18,capacity_price,45.89942351677658,128.19
2026-03-13,19,capacity_price,30.816174119700747,101.55
2026-03-13,20,capacity_price,26.28175038944869,52.2
2026-03-13,21,capacity_price,10.706190252806572,6.69
2026-03-13,22,capacity_price,2.819481301017928,6.69
2026-03-13,23,capacity_price,2.455508663498196,5.89
2026-03-14,0,capacity_price,0.6368265811567367,0.67
2026-03-14,1,capacity_price,0.5748338151751099,0.54
2026-03-14,2,capacity_price,0.5558752815982161,0.4
2026-03-14,3,capacity_price,0.4777792725537846,0.67
2026-03-14,4,capacity_price,1.1147688568520002,1.31
2026-03-14,5,capacity_price,2.6261673114858657,1.31
2026-03-14,6,capacity_price,6.448923324505524,5.75
2026-03-14,7,capacity_price,3.4275289046838946,5.62
2026-03-14,8,capacity_price,9.378367779920543,6.69
2026-03-14,9,capacity_price,7.632103573794093,6.69
2026-03-14,10,capacity_price,7.1458501604390126,5.89
2026-03-14,11,capacity_price,5.324760147887822,5.62
2026-03-14,12,capacity_price,3.826477262129542,5.35
2026-03-14,13,capacity_price,4.1883658645085085,5.89
2026-03-14,14,capacity_price,3.6838867933352475,4.0
2026-03-14,15,capacity_price,10.272390903298556,5.89
2026-03-14,16,capacity_price,18.977185184572313,6.69
2026-03-14,17,capacity_price,62.77927473527732,76.28
2026-03-14,18,capacity_price,68.26478528050838,99.84
2026-03-14,19,capacity_price,50.058357256606975,90.33
2026-03-14,20,capacity_price,17.844617008064873,75.88
2026-03-14,21,capacity_price,22.00301423801891,6.69
2026-03-14,22,capacity_price,4.18720140131528,4.0
2026-03-14,23,capacity_price,6.064500860185483,1.2
2026-03-15,0,capacity_price,0.5431102217034596,1.2
2026-03-15,1,capacity_price,0.45583524278799226,1.2
2026-03-15,2,capacity_price,0.4873839919663295,0.67
2026-03-15,3,capacity_price,0.9025101813554472,0.67
2026-03-15,4,capacity_price,0.7713738127522062,1.2
2026-03-15,5,capacity_price,3.7735539629261354,5.35
2026-03-15,6,capacity_price,2.2413975490025773,5.89
2026-03-15,7,capacity_price,5.307363072544953,5.89
2026-03-15,8,capacity_price,7.954395610382746,6.69
2026-03-15,9,capacity_price,8.163642790348883,6.69
2026-03-15,10,capacity_price,6.481142515460972,1.31
2026-03-15,11,capacity_price,3.5328402776365087,1.31
2026-03-15,12,capacity_price,6.40256831817291,1.2
2026-03-15,13,capacity_price,6.594561609570848,0.54
2026-03-15,14,capacity_price,5.470082699370736,1.2
2026-03-15,15,capacity_price,9.552212039291776,1.2
2026-03-15,16,capacity_price,29.943273656899038,24.89
2026-03-15,17,capacity_price,70.60693553990556,92.77
2026-03-15,18,capacity_price,75.36352488439383,106.75
2026-03-15,19,capacity_price,34.238222303449625,30.11
2026-03-15,20,capacity_price,45.74046950805428,6.69
2026-03-15,21,capacity_price,20.24162631195611,4.0
2026-03-15,22,capacity_price,5.515271144638975,1.31
2026-03-15,23,capacity_price,1.8278065122610172,0.67
2026-03-16,0,capacity_price,0.6906204641028849,0.13
2026-03-16,1,capacity_price,0.37944120930591285,0.13
2026-03-16,2,capacity_price,0.3676838070890997,0.13
2026-03-16,3,capacity_price,0.7104108915292251,0.4
2026-03-16,4,capacity_price,1.2005195282555097,0.54
2026-03-16,5,capacity_price,1.5839131598883986,1.31
2026-03-16,6,capacity_price,4.02477992409151,3.88
2026-03-16,7,capacity_price,3.576034254806086,6.69
2026-03-16,8,capacity_price,5.915561242784932,5.75
2026-03-16,9,capacity_price,5.948505458438294,5.75
2026-03-16,10,capacity_price,3.225150063586437,5.35
2026-03-16,11,capacity_price,3.4807821450504197,1.31
2026-03-16,12,capacity_price,1.5709283106104082,1.2
2026-03-16,13,capacity_price,2.7754464768962395,1.2
2026-03-16,14,capacity_price,2.8105097303470856,1.31
2026-03-16,15,capacity_price,5.227303801547208,13.38
2026-03-16,16,capacity_price,28.04122750006591,109.25
2026-03-16,17,capacity_price,54.99792960390116,108.55
2026-03-16,18,capacity_price,57.259840710576455,116.4
2026-03-16,19,capacity_price,37.53766282757362,90.73
2026-03-16,20,capacity_price,26.682364206430428,77.62
2026-03-16,21,capacity_price,20.049207661313915,50.19
2026-03-16,22,capacity_price,5.151883864786734,5.75
2026-03-16,23,capacity_price,1.0964444285812214,1.2
2026-03-17,0,capacity_price,0.5369264500497819,0.67
2026-03-17,1,capacity_price,0.4111651025819807,0.49
2026-03-17,2,capacity_price,0.4041462495531069,0.27
2026-03-17,3,capacity_price,0.662591305986002,0.67
2026-03-17,4,capacity_price,2.3118005544284324,1.2
2026-03-17,5,capacity_price,1.6775287256645388,4.0
2026-03-17,6,capacity_price,5.755885116998421,5.35
2026-03-17,7,capacity_price,8.315388815131708,6.69
2026-03-17,8,capacity_price,12.044420261562804,6.69
2026-03-17,9,capacity_price,9.661815970231524,5.89
2026-03-17,10,capacity_price,5.141356930124513,4.0
2026-03-17,11,capacity_price,4.336555165062596,3.35
2026-03-17,12,capacity_price,3.422747964632091,1.31
2026-03-17,13,capacity_price,5.647320288218182,1.31
2026-03-17,14,capacity_price,8.958806497744071,3.35
2026-03-17,15,capacity_price,15.773557237616394,13.38
2026-03-17,16,capacity_price,30.609978089323032,75.0
2026-03-17,17,capacity_price,79.09566255076989,132.09
2026-03-17,18,capacity_price,94.89809711243036,140.78
2026-03-17,19,capacity_price,68.76624849576284,62.09
2026-03-17,20,capacity_price,64.03815561899275,57.14
2026-03-17,21,capacity_price,28.49787957989016,6.69
2026-03-17,22,capacity_price,4.817953495830889,1.31
2026-03-17,23,capacity_price,1.015044994969207,1.2
2026-03-18,0,capacity_price,0.3568483809297534,0.36
2026-03-18,1,capacity_price,0.42894404995042873,0.36
2026-03-18,2,capacity_price,0.33629837120021366,0.4
2026-03-18,3,capacity_price,0.40099755322404146,0.36
2026-03-18,4,capacity_price,0.5834492983694394,0.67
2026-03-18,5,capacity_price,1.4688560548412535,1.2
2026-03-18,6,capacity_price,3.657527472464657,1.31
2026-03-18,7,capacity_price,5.15876185698244,1.31
2026-03-18,8,capacity_price,10.791628784629781,9.9
2026-03-18,9,capacity_price,8.050356285679534,3.35
2026-03-18,10,capacity_price,5.241384680948495,1.2
2026-03-18,11,capacity_price,3.4811308538892303,1.2
2026-03-18,12,capacity_price,2.425942264242854,1.31
2026-03-18,13,capacity_price,4.113151059166438,1.2
2026-03-18,14,capacity_price,3.5544111171069703,1.31
2026-03-18,15,capacity_price,11.685573920186135,9.77
2026-03-18,16,capacity_price,32.66745288807213,59.56
2026-03-18,17,capacity_price,50.6809151874994,82.44
2026-03-18,18,capacity_price,57.058473839318076,86.99
2026-03-18,19,capacity_price,49.19386232683753,6.69
2026-03-18,20,capacity_price,50.23067732972029,9.77
2026-03-18,21,capacity_price,25.030230137957997,9.64
2026-03-18,22,capacity_price,4.291133397871562,1.2
2026-03-18,23,capacity_price,1.0098196315773387,0.67
2026-03-19,0,capacity_price,0.5236133839009631,0.31
2026-03-19,1,capacity_price,0.42991746534567776,0.31
2026-03-19,2,capacity_price,0.3800918777001141,0.31
2026-03-19,3,capacity_price,0.429428308509852,0.4
2026-03-19,4,capacity_price,0.7390075517466986,0.47
2026-03-19,5,capacity_price,1.4532959236615752,1.2
2026-03-19,6,capacity_price,2.0190455148205597,1.2
2026-03-19,7,capacity_price,3.5693957627601702,1.2
2026-03-19,8,capacity_price,8.115568136158684,57.95
2026-03-19,9,capacity_price,9.542723876864134,9.9
2026-03-19,10,capacity_price,3.291530532835269,1.31
2026-03-19,11,capacity_price,3.3433141040452545,1.31
2026-03-19,12,capacity_price,4.4846907688821025,1.31
2026-03-19,13,capacity_price,3.8125094333486818,1.2
2026-03-19,14,capacity_price,3.2956071601531454,1.31
2026-03-19,15,capacity_price,8.022883655450835,9.9
2026-03-19,16,capacity_price,29.53965676370161,55.81
2026-03-19,17,capacity_price,54.585722210328576,81.64
2026-03-19,18,capacity_price,72.30865403603312,104.12
2026-03-19,19,capacity_price,49.21226290960094,9.64
2026-03-19,20,capacity_price,48.11181368699586,9.77
2026-03-19,21,capacity_price,16.499642881765958,9.9
2026-03-19,22,capacity_price,4.498537569376075,5.35
2026-03-19,23,capacity_price,0.7066749526325452,0.67
2026-03-20,0,capacity_price,0.500618226856306,0.31
2026-03-20,1,capacity_price,0.36176155201431737,0.31
2026-03-20,2,capacity_price,0.37690784144627926,0.31
2026-03-20,3,capacity_price,0.4481071395539346,0.31
2026-03-20,4,capacity_price,0.4851234534180378,1.2
2026-03-20,5,capacity_price,1.1380462820955757,1.2
2026-03-20,6,capacity_price,3.4006345357152536,1.31
2026-03-20,7,capacity_price,2.8310482212878036,5.35
2026-03-20,8,capacity_price,17.765265492929746,75.21
2026-03-20,9,capacity_price,8.973815624527147,52.73
2026-03-20,10,capacity_price,2.6310906887728147,23.69
2026-03-20,11,capacity_price,3.998365236632771,8.83
2026-03-20,12,capacity_price,1.8556901944369384,4.17
2026-03-20,13,capacity_price,2.9548898683589164,2.11
2026-03-20,14,capacity_price,2.6413568759989476,3.35
2026-03-20,15,capacity_price,8.893996216040383,9.77
2026-03-20,16,capacity_price,24.10259218630903,46.84
2026-03-20,17,capacity_price,80.50944568735163,86.99
2026-03-20,18,capacity_price,96.57193341053838,49.81
2026-03-20,19,capacity_price,59.040204115832175,9.64
2026-03-20,20,capacity_price,47.44177703512886,6.69
2026-03-20,21,capacity_price,11.299579540267837,9.64
2026-03-20,22,capacity_price,3.3686249952308738,1.31
2026-03-20,23,capacity_price,0.8464359466542338,1.31
2026-03-21,0,capacity_price,0.3242830438775586,1.31
2026-03-21,1,capacity_price,0.3747761013057138,0.4
2026-03-21,2,capacity_price,0.3295121263475094,0.31
2026-03-21,3,capacity_price,0.40787729493223057,0.31
2026-03-21,4,capacity_price,0.6873886725399497,0.31
2026-03-21,5,capacity_price,1.416837903062817,1.31
2026-03-21,6,capacity_price,1.9367093377084554,1.2
2026-03-21,7,capacity_price,3.6387208879721715,1.2
2026-03-21,8,capacity_price,20.378963695850302,53.53
2026-03-21,9,capacity_price,15.432918718469782,53.53
2026-03-21,10,capacity_price,8.131852641465116,6.69
2026-03-21,11,capacity_price,5.744101484865428,1.31
2026-03-21,12,capacity_price,5.0770973263864745,1.2
2026-03-21,13,capacity_price,4.70399403115073,1.31
2026-03-21,14,capacity_price,4.427806046004542,1.2
2026-03-21,15,capacity_price,8.535803711165457,6.69
2026-03-21,16,capacity_price,22.244222588825853,75.55
2026-03-21,17,capacity_price,67.52758204743765,113.78
2026-03-21,18,capacity_price,59.00810700822133,51.92
2026-03-21,19,capacity_price,28.337171943393773,9.77
2026-03-21,20,capacity_price,23.04379319814611,9.77
2026-03-21,21,capacity_price,15.886789326024982,9.9
2026-03-21,22,capacity_price,4.481670236192745,4.0
2026-03-21,23,capacity_price,1.1466740353814657,5.35
2026-03-22,0,capacity_price,0.5600830721628689,0.54
2026-03-22,1,capacity_price,0.5634635920464883,0.67
2026-03-22,2,capacity_price,0.37539892860559987,0.31
2026-03-22,3,capacity_price,0.525676656238992,0.4
2026-03-22,4,capacity_price,0.7388864040032682,0.54
2026-03-22,5,capacity_price,1.5149156906698684,0.67
2026-03-22,6,capacity_price,3.9616036204922023,1.31
2026-03-22,7,capacity_price,5.283359079849167,1.31
2026-03-22,8,capacity_price,22.33154787870507,9.9
2026-03-22,9,capacity_price,21.09685255094622,5.35
2026-03-22,10,capacity_price,8.221116541762484,1.31
2026-03-22,11,capacity_price,3.982518581367617,0.67
2026-03-22,12,capacity_price,2.6250968134594013,0.54
2026-03-22,13,capacity_price,2.6059335380365938,0.54
2026-03-22,14,capacity_price,3.462024940319167,0.67
2026-03-22,15,capacity_price,9.434062768097887,4.68
2026-03-22,16,capacity_price,38.49474321956038,60.23
2026-03-22,17,capacity_price,58.90897312758163,100.47
2026-03-22,18,capacity_price,45.400069171192435,9.9
2026-03-22,19,capacity_price,30.481203596791836,6.69
2026-03-22,20,capacity_price,21.406191712911195,6.69
2026-03-22,21,capacity_price,10.22304312838576,6.69
2026-03-22,22,capacity_price,6.396134555547989,1.31
2026-03-22,23,capacity_price,4.43978027033719,0.67
2026-03-23,0,capacity_price,0.3825910367545345,0.31
2026-03-23,1,capacity_price,0.44885295456363467,0.31
2026-03-23,2,capacity_price,0.36051241197130335,0.31
2026-03-23,3,capacity_price,0.7381618543674913,0.54
2026-03-23,4,capacity_price,3.455485414231191,0.67
2026-03-23,5,capacity_price,2.404321915436793,1.31
2026-03-23,6,capacity_price,2.446165104851334,1.2
2026-03-23,7,capacity_price,2.9568516099607947,4.0
2026-03-23,8,capacity_price,9.440205652297898,113.78
2026-03-23,9,capacity_price,9.860533155316585,55.47
2026-03-23,10,capacity_price,4.898257881504433,10.0
2026-03-23,11,capacity_price,4.809045889462821,9.9
2026-03-23,12,capacity_price,1.704385055139935,9.9
2026-03-23,13,capacity_price,1.3439790137602996,9.77
2026-03-23,14,capacity_price,1.6761589280258613,31.73
2026-03-23,15,capacity_price,3.1532796630920124,72.75
2026-03-23,16,capacity_price,28.841720375505457,108.24
2026-03-23,17,capacity_price,76.05278926830272,158.48
2026-03-23,18,capacity_price,35.059721513441815,180.03
2026-03-23,19,capacity_price,10.829876883688291,169.44
2026-03-23,20,capacity_price,6.603379667824955,128.33
2026-03-23,21,capacity_price,8.0733681787269,87.0
2026-03-23,22,capacity_price,2.6140744341606332,26.55
2026-03-23,23,capacity_price,1.3016071589461344,5.35
2026-03-24,0,capacity_price,0.5944931132614163,1.31
2026-03-24,1,capacity_price,0.6497899138486685,0.4
2026-03-24,2,capacity_price,0.56304361906245,0.31
2026-03-24,3,capacity_price,0.6291600647255821,0.31
2026-03-24,4,capacity_price,1.4497792724522192,0.31
2026-03-24,5,capacity_price,4.163343342173074,1.2
2026-03-24,6,capacity_price,5.845685361512757,4.0
2026-03-24,7,capacity_price,6.931492639882015,20.08
2026-03-24,8,capacity_price,26.957846267477816,54.7
2026-03-24,9,capacity_price,24.409557655255675,17.0
2026-03-24,10,capacity_price,11.757704341531374,6.69
2026-03-24,11,capacity_price,10.574695515560656,1.31
2026-03-24,12,capacity_price,9.642795803023066,0.13
2026-03-24,13,capacity_price,6.8366975287664165,0.13
2026-03-24,14,capacity_price,8.196579187191766,0.13
2026-03-24,15,capacity_price,18.78082071294976,1.34
2026-03-24,16,capacity_price,63.2154148378746,9.9
2026-03-24,17,capacity_price,101.66538079089972,95.0
2026-03-24,18,capacity_price,85.8464893037785,101.69
2026-03-24,19,capacity_price,70.16933292060641,33.46
2026-03-24,20,capacity_price,46.86067588662298,4.0
2026-03-24,21,capacity_price,26.473462452369027,1.2
2026-03-24,22,capacity_price,5.313564615723738,0.31
2026-03-24,23,capacity_price,1.227982207868771,0.13
2026-03-25,0,capacity_price,0.433144654487597,0.13
2026-03-25,1,capacity_price,0.4600421440898527,0.1
2026-03-25,2,capacity_price,0.306883003911037,0.1
2026-03-25,3,capacity_price,0.4913996087059643,0.1
2026-03-25,4,capacity_price,0.8332460053694913,0.13
2026-03-25,5,capacity_price,1.0564880686944333,0.31
2026-03-25,6,capacity_price,1.1408539925031675,0.31
2026-03-25,7,capacity_price,2.0786926455708756,0.31
2026-03-25,8,capacity_price,18.49317449268067,6.69
2026-03-25,9,capacity_price,12.377681150024769,0.67
2026-03-25,10,capacity_price,7.219396718517343,0.67
2026-03-25,11,capacity_price,10.054971588936358,1.31
2026-03-25,12,capacity_price,6.387488171378846,1.34
2026-03-25,13,capacity_price,5.579131044822125,3.35
2026-03-25,14,capacity_price,6.966062017370378,3.35
2026-03-25,15,capacity_price,7.583223105645259,2.68
2026-03-25,16,capacity_price,30.64415614327445,6.84
2026-03-25,17,capacity_price,79.75088385768137,56.85
2026-03-25,18,capacity_price,45.512411063218316,33.46
2026-03-25,19,capacity_price,14.014326871845242,9.77
2026-03-25,20,capacity_price,25.267389051521917,9.77
2026-03-25,21,capacity_price,14.383672899496084,9.64
2026-03-25,22,capacity_price,2.5463413183281265,1.2
2026-03-25,23,capacity_price,1.032968506858533,0.31
2026-03-26,0,capacity_price,0.3873723725419471,0.31
2026-03-26,1,capacity_price,0.4339055899966909,0.31
2026-03-26,2,capacity_price,0.27803525649628913,0.27
2026-03-26,3,capacity_price,0.38932311559949023,0.27
2026-03-26,4,capacity_price,0.7139540617194184,0.31
2026-03-26,5,capacity_price,1.883302008135989,0.67
2026-03-26,6,capacity_price,1.0926144211809476,1.2
2026-03-26,7,capacity_price,2.958058599839265,1.2
2026-03-26,8,capacity_price,8.898703860611347,9.9
2026-03-26,9,capacity_price,5.760171556340308,10.71
2026-03-26,10,capacity_price,3.7169519429248217,1.31
2026-03-26,11,capacity_price,3.6332391706638885,1.31
2026-03-26,12,capacity_price,2.7111482374752973,0.67
2026-03-26,13,capacity_price,1.2542270890045075,0.43
2026-03-26,14,capacity_price,3.2289483098296206,1.2
2026-03-26,15,capacity_price,4.294924376047681,3.35
2026-03-26,16,capacity_price,23.481307178063073,36.35
2026-03-26,17,capacity_price,56.291847680617515,106.4
2026-03-26,18,capacity_price,70.34829730374022,72.28
2026-03-26,19,capacity_price,28.801464395260275,33.46
2026-03-26,20,capacity_price,22.13110655972315,9.64
2026-03-26,21,capacity_price,11.14322140313063,5.35
2026-03-26,22,capacity_price,4.972083866302693,1.2
2026-03-26,23,capacity_price,1.335410842185487,0.31
2026-03-27,0,capacity_price,0.3818540557286517,0.31
2026-03-27,1,capacity_price,0.3785676098195492,0.31
2026-03-27,2,capacity_price,0.30284565829073457,0.31
2026-03-27,3,capacity_price,0.3607359826900036,0.31
2026-03-27,4,capacity_price,0.5399363426944739,0.67
2026-03-27,5,capacity_price,0.9436482372464702,2.0
2026-03-27,6,capacity_price,1.1086835556311965,6.69
2026-03-27,7,capacity_price,2.471911660842269,53.54
2026-03-27,8,capacity_price,8.62786370906709,107.23
2026-03-27,9,capacity_price,8.6045324380399,33.59
2026-03-27,10,capacity_price,4.888487823281417,24.89
2026-03-27,11,capacity_price,1.2892710768421276,9.77
2026-03-27,12,capacity_price,2.0104817096575327,6.69
2026-03-27,13,capacity_price,1.4090435170611662,5.35
2026-03-27,14,capacity_price,1.5291330206086764,9.1
2026-03-27,15,capacity_price,1.6470342876654607,24.89
2026-03-27,16,capacity_price,14.489163802212689,104.37
2026-03-27,17,capacity_price,46.58659501919716,127.14
2026-03-27,18,capacity_price,33.843435391364466,100.37
2026-03-27,19,capacity_price,7.587797776077887,60.76
2026-03-27,20,capacity_price,8.302599409425873,9.9
2026-03-27,21,capacity_price,5.038938729765721,9.64
2026-03-27,22,capacity_price,1.2296343896937805,6.69
2026-03-27,23,capacity_price,0.7776232098390674,6.69
2026-03-28,0,capacity_price,0.6311984087183808,0.67
2026-03-28,1,capacity_price,0.6103559890968829,0.31
2026-03-28,2,capacity_price,0.46318389465954174,0.31
2026-03-28,3,capacity_price,0.5072540730135079,0.31
2026-03-28,4,capacity_price,2.150353869116953,0.31
2026-03-28,5,capacity_price,3.6004989731848664,0.54
2026-03-28,6,capacity_price,5.817578301549232,0.67
2026-03-28,7,capacity_price,6.512887292029724,0.67
2026-03-28,8,capacity_price,27.88114066747323,6.69
2026-03-28,9,capacity_price,13.176502215064565,1.31
2026-03-28,10,capacity_price,9.121390371675338,1.2
2026-03-28,11,capacity_price,6.399384413624455,0.67
2026-03-28,12,capacity_price,4.947743435437835,0.54
2026-03-28,13,capacity_price,4.2745335326532725,0.54
2026-03-28,14,capacity_price,7.018224720726169,0.54
2026-03-28,15,capacity_price,12.352359626224095,6.69
2026-03-28,16,capacity_price,39.917650648382484,32.12
2026-03-28,17,capacity_price,75.9172537017128,104.45
2026-03-28,18,capacity_price,57.47314130340133,51.92
2026-03-28,19,capacity_price,37.87659469173267,6.69
2026-03-28,20,capacity_price,39.1078986038755,9.64
2026-03-28,21,capacity_price,11.700811666119218,6.69
2026-03-28,22,capacity_price,4.999012797475644,1.2
2026-03-28,23,capacity_price,2.87455628123252,1.31
2026-03-29,0,capacity_price,0.3956496616129487,1.2
2026-03-29,1,capacity_price,0.31451323826085986,1.2
2026-03-29,2,capacity_price,0.3255925613062571,0.31
2026-03-29,3,capacity_price,0.4887789544836399,0.31
2026-03-29,4,capacity_price,0.46119484145399076,0.35
2026-03-29,5,capacity_price,0.8906984414823074,1.2
2026-03-29,6,capacity_price,1.1533455473212963,4.0
2026-03-29,7,capacity_price,3.2737220313440103,68.32
2026-03-29,8,capacity_price,6.347471257481746,41.73
2026-03-29,9,capacity_price,9.659365006791015,6.69
2026-03-29,10,capacity_price,4.346116857924778,2.96
2026-03-29,11,capacity_price,2.763269883958447,0.4
2026-03-29,12,capacity_price,1.9807901475019853,0.13
2026-03-29,13,capacity_price,4.3763299081633935,0.13
2026-03-29,14,capacity_price,2.283291730959545,0.13
2026-03-29,15,capacity_price,5.7403083017389,0.54
2026-03-29,16,capacity_price,34.428319821440944,20.59
2026-03-29,17,capacity_price,68.31947786765829,22.75
2026-03-29,18,capacity_price,46.99171860489673,9.64
2026-03-29,19,capacity_price,16.313686183878524,3.35
2026-03-29,20,capacity_price,8.388547369200044,1.2
2026-03-29,21,capacity_price,9.507193821866313,0.54
2026-03-29,22,capacity_price,2.3107650529161585,0.13
2026-03-29,23,capacity_price,0.5946258316459084,0.13
2026-03-30,0,capacity_price,0.4267246835205842,0.13
2026-03-30,1,capacity_price,0.30204008392641957,0.07
2026-03-30,2,capacity_price,0.27227066072380984,0.07
2026-03-30,3,capacity_price,0.44388874953825086,0.1
2026-03-30,4,capacity_price,0.4541873474176438,0.31
2026-03-30,5,capacity_price,1.1070850419108889,0.54
2026-03-30,6,capacity_price,1.5055393221427724,0.54
2026-03-30,7,capacity_price,3.4898662318176434,1.2
2026-03-30,8,capacity_price,11.981077021221582,59.96
2026-03-30,9,capacity_price,5.9318610017354105,44.43
2026-03-30,10,capacity_price,3.6186062653886233,9.91
2026-03-30,11,capacity_price,2.0729630591380066,5.35
2026-03-30,12,capacity_price,1.5545264774932026,1.2
2026-03-30,13,capacity_price,1.3661883621836286,0.54
2026-03-30,14,capacity_price,1.995946284849537,0.54
2026-03-30,15,capacity_price,5.497238397589405,3.35
2026-03-30,16,capacity_price,36.513602608713455,13.61
2026-03-30,17,capacity_price,68.02540646924218,26.63
2026-03-30,18,capacity_price,37.19425312432055,53.5
2026-03-30,19,capacity_price,31.489559587685562,57.68
2026-03-30,20,capacity_price,19.379797212770665,9.64
2026-03-30,21,capacity_price,7.477140628916082,5.35
2026-03-30,22,capacity_price,2.307976847775986,1.2
2026-03-30,23,capacity_price,2.440970942737981,0.54
2026-03-31,0,capacity_price,0.3671240760971953,0.31
2026-03-31,1,capacity_price,0.38353155501190883,0.31
2026-03-31,2,capacity_price,0.284144255645211,0.31
2026-03-31,3,capacity_price,0.3957569528878265,0.31
2026-03-31,4,capacity_price,0.8392710544434552,0.54
2026-03-31,5,capacity_price,1.8500516707373411,0.67
2026-03-31,6,capacity_price,1.1169594970903214,1.2
2026-03-31,7,capacity_price,2.682082904817167,1.2
2026-03-31,8,capacity_price,13.962364831135012,9.9
2026-03-31,9,capacity_price,12.676622514622638,13.65
2026-03-31,10,capacity_price,6.533212122301088,20.07
2026-03-31,11,capacity_price,1.9238493391099276,3.35
2026-03-31,12,capacity_price,2.778341302722503,1.2
2026-03-31,13,capacity_price,1.7033639517075985,0.67
2026-03-31,14,capacity_price,2.1555818016797135,0.54
2026-03-31,15,capacity_price,4.016429042165462,9.64
2026-03-31,16,capacity_price,24.25777382397802,40.15
2026-03-31,17,capacity_price,50.819596312963064,88.28
2026-03-31,18,capacity_price,43.61441765284193,73.61
2026-03-31,19,capacity_price,19.873035537274824,91.67
2026-03-31,20,capacity_price,10.624647350108477,9.77
2026-03-31,21,capacity_price,8.843772421026385,15.87
2026-03-31,22,capacity_price,2.8402163713341073,5.35
2026-03-31,23,capacity_price,1.205653569751361,0.67
2026-04-01,0,capacity_price,0.5207101597193551,1.2
2026-04-01,1,capacity_price,0.39248922711723694,1.2
2026-04-01,2,capacity_price,0.32919395402876955,1.2
2026-04-01,3,capacity_price,0.29653832169942623,1.2
2026-04-01,4,capacity_price,0.4538438923451059,1.2
2026-04-01,5,capacity_price,1.7778972977235432,1.2
2026-04-01,6,capacity_price,1.4683696516197775,1.2
2026-04-01,7,capacity_price,3.6891444959432405,1.2
2026-04-01,8,capacity_price,24.350092701599785,86.99
2026-04-01,9,capacity_price,14.654754835188102,66.92
2026-04-01,10,capacity_price,8.810627710284763,36.4
2026-04-01,11,capacity_price,5.95078748522792,20.08
2026-04-01,12,capacity_price,5.905381295317593,10.04
2026-04-01,13,capacity_price,3.742272707499979,7.63
2026-04-01,14,capacity_price,2.842458494453701,9.34
2026-04-01,15,capacity_price,9.223060278650072,9.63
2026-04-01,16,capacity_price,24.243157203569574,37.2
2026-04-01,17,capacity_price,63.03731662998846,91.83
2026-04-01,18,capacity_price,65.28181472622136,76.95
2026-04-01,19,capacity_price,36.973483435222484,12.5
2026-04-01,20,capacity_price,10.419654395908669,8.1
2026-04-01,21,capacity_price,7.889388245096634,8.1
2026-04-01,22,capacity_price,1.5458695183837958,8.17
2026-04-01,23,capacity_price,0.8842764191117772,2.0
2026-04-02,0,capacity_price,0.8078944560490807,1.2
2026-04-02,1,capacity_price,0.6656419790295308,1.2
2026-04-02,2,capacity_price,0.4620834916697243,1.2
2026-04-02,3,capacity_price,0.47575493364126137,1.2
2026-04-02,4,capacity_price,0.5809609116419941,1.2
2026-04-02,5,capacity_price,1.1081663447245254,1.2
2026-04-02,6,capacity_price,2.589294647438715,1.2
2026-04-02,7,capacity_price,2.920165320256732,1.2
2026-04-02,8,capacity_price,22.87773775500948,63.96
2026-04-02,9,capacity_price,18.968181198591427,35.33
2026-04-02,10,capacity_price,5.5907113967367765,30.78
2026-04-02,11,capacity_price,5.654475874332093,9.9
2026-04-02,12,capacity_price,2.0296083887156637,4.0
2026-04-02,13,capacity_price,3.0809790084173323,4.0
2026-04-02,14,capacity_price,5.579008235151321,4.0
2026-04-02,15,capacity_price,8.165041714446321,9.63
2026-04-02,16,capacity_price,34.60429365275853,60.22
2026-04-02,17,capacity_price,72.0550569302313,86.48
2026-04-02,18,capacity_price,32.7594420016872,51.93
2026-04-02,19,capacity_price,20.930706874343265,40.14
2026-04-02,20,capacity_price,18.072170043994095,9.77
2026-04-02,21,capacity_price,9.038830999048313,4.0
2026-04-02,22,capacity_price,5.274011653316565,4.0
2026-04-02,23,capacity_price,2.4426814111983606,2.0
2026-04-03,0,capacity_price,0.9134064591535555,0.54
2026-04-03,1,capacity_price,0.6027959775284254,1.2
2026-04-03,2,capacity_price,0.5898631510553957,0.67
2026-04-03,3,capacity_price,0.9029208414226719,0.67
2026-04-03,4,capacity_price,1.6261938595509158,0.67
2026-04-03,5,capacity_price,1.4854503416576013,0.67
2026-04-03,6,capacity_price,1.3494540592525675,0.67
2026-04-03,7,capacity_price,1.766476386791175,1.2
2026-04-03,8,capacity_price,36.764404043317484,20.07
2026-04-03,9,capacity_price,25.941325508135343,20.07
2026-04-03,10,capacity_price,14.638915625880248,9.63
2026-04-03,11,capacity_price,6.299692224634926,4.0
2026-04-03,12,capacity_price,6.193455843056556,1.2
2026-04-03,13,capacity_price,6.511080100639191,0.67
2026-04-03,14,capacity_price,6.092271396179534,0.54
2026-04-03,15,capacity_price,7.736519884467155,1.2
2026-04-03,16,capacity_price,36.921521889438615,14.4
2026-04-03,17,capacity_price,57.71335122341156,33.99
2026-04-03,18,capacity_price,31.948571852167774,9.77
2026-04-03,19,capacity_price,16.445692068659643,1.2
2026-04-03,20,capacity_price,12.945612657573214,0.54
2026-04-03,21,capacity_price,10.983369498222581,0.54
2026-04-03,22,capacity_price,1.2643179829346092,0.67
2026-04-03,23,capacity_price,3.2113912064667702,0.47
2026-04-04,0,capacity_price,0.625669119856852,0.31
2026-04-04,1,capacity_price,0.5758698445527766,0.32
2026-04-04,2,capacity_price,0.3592177930969743,0.31
2026-04-04,3,capacity_price,0.8090156277989563,0.31
2026-04-04,4,capacity_price,1.322481848162976,0.31
2026-04-04,5,capacity_price,1.3102089172185936,0.32
2026-04-04,6,capacity_price,1.3220030350220116,0.32
2026-04-04,7,capacity_price,0.8848185533738302,0.67
2026-04-04,8,capacity_price,13.915861453220487,6.69
2026-04-04,9,capacity_price,14.03370613892215,1.2
2026-04-04,10,capacity_price,11.54678355705677,0.67
2026-04-04,11,capacity_price,4.53959182535219,0.21
2026-04-04,12,capacity_price,3.3886780026846703,0.13
2026-04-04,13,capacity_price,2.9714089727029407,0.13
2026-04-04,14,capacity_price,1.9014011990284458,0.13
2026-04-04,15,capacity_price,3.199268132246149,0.13
2026-04-04,16,capacity_price,17.86311536530565,0.32
2026-04-04,17,capacity_price,53.47973737869516,22.76
2026-04-04,18,capacity_price,45.430616809690164,72.26
2026-04-04,19,capacity_price,23.819199798772186,33.46
2026-04-04,20,capacity_price,13.269155731210216,9.77
2026-04-04,21,capacity_price,14.868719116714496,7.7
2026-04-04,22,capacity_price,2.826318190868315,1.2
2026-04-04,23,capacity_price,1.6625249958945063,0.67
2026-04-05,0,capacity_price,0.49142542022128893,0.31
2026-04-05,1,capacity_price,0.509348716956247,0.31
2026-04-05,2,capacity_price,0.31742337555597394,0.13
2026-04-05,3,capacity_price,0.420289540060629,0.13
2026-04-05,4,capacity_price,0.535031050522155,0.13
2026-04-05,5,capacity_price,0.8465688852024866,0.13
2026-04-05,6,capacity_price,1.2675691508065865,0.2
2026-04-05,7,capacity_price,1.261810600581193,0.31
2026-04-05,8,capacity_price,3.380467575365111,0.13
2026-04-05,9,capacity_price,2.451127141970178,0.13
2026-04-05,10,capacity_price,3.769815932755943,0.13
2026-04-05,11,capacity_price,2.2650521233707717,0.13
2026-04-05,12,capacity_price,1.5210147755195427,0.13
2026-04-05,13,capacity_price,2.1410705795556946,0.13
2026-04-05,14,capacity_price,1.2165647621337394,0.13
2026-04-05,15,capacity_price,2.6427736977092016,0.13
2026-04-05,16,capacity_price,21.33730703125635,0.13
2026-04-05,17,capacity_price,40.26883955399633,0.26
2026-04-05,18,capacity_price,61.178868749225,0.31
2026-04-05,19,capacity_price,38.31185739201697,1.2
2026-04-05,20,capacity_price,8.914742776563557,1.2
2026-04-05,21,capacity_price,4.187106414094289,1.2
2026-04-05,22,capacity_price,4.292577302477927,0.67
2026-04-05,23,capacity_price,0.7988593239969083,0.31
2026-04-06,0,capacity_price,0.46753479536812836,0.31
2026-04-06,1,capacity_price,0.3456283779055692,0.31
2026-04-06,2,capacity_price,0.30019049084073174,0.38
2026-04-06,3,capacity_price,0.4730592034441266,0.31
2026-04-06,4,capacity_price,0.6093437671734593,0.67
2026-04-06,5,capacity_price,0.7513569572573965,0.67
2026-04-06,6,capacity_price,1.2785169040218218,0.54
2026-04-06,7,capacity_price,1.7444536738989327,0.54
2026-04-06,8,capacity_price,7.053692522342709,6.69
2026-04-06,9,capacity_price,9.722824506265129,0.54
2026-04-06,10,capacity_price,3.4731984564017373,0.54
2026-04-06,11,capacity_price,4.513583207399178,0.27
2026-04-06,12,capacity_price,1.3938428046960192,0.13
2026-04-06,13,capacity_price,1.0959641162832456,0.13
2026-04-06,14,capacity_price,1.8350007142548488,0.13
2026-04-06,15,capacity_price,1.5002363568054051,0.13
2026-04-06,16,capacity_price,4.373277049685752,0.54
2026-04-06,17,capacity_price,45.51292801823762,1.2
2026-04-06,18,capacity_price,41.245667466682185,6.69
2026-04-06,19,capacity_price,23.913510179107835,1.2
2026-04-06,20,capacity_price,3.9623436388158764,5.35
2026-04-06,21,capacity_price,2.9514363651197995,1.2
2026-04-06,22,capacity_price,1.7779885698442295,0.54
2026-04-06,23,capacity_price,0.9510796058379689,0.38
2026-04-07,0,capacity_price,0.5201661120746298,0.31
2026-04-07,1,capacity_price,0.40622425279261337,0.67
2026-04-07,2,capacity_price,0.3541242125572479,0.67
2026-04-07,3,capacity_price,0.40648446506302277,0.67
2026-04-07,4,capacity_price,0.6368177145730878,1.2
2026-04-07,5,capacity_price,0.8216565445503122,1.2
2026-04-07,6,capacity_price,1.3036622610771629,1.2
2026-04-07,7,capacity_price,1.1376723107294509,6.69
2026-04-07,8,capacity_price,7.611070344958808,101.28
2026-04-07,9,capacity_price,3.5906715020321958,45.51
2026-04-07,10,capacity_price,3.0054300919417973,13.52
2026-04-07,11,capacity_price,1.6775252149534354,0.67
2026-04-07,12,capacity_price,0.8016079955987998,0.67
2026-04-07,13,capacity_price,0.6668102286941758,0.4
2026-04-07,14,capacity_price,1.2475315249127132,0.13
2026-04-07,15,capacity_price,1.7820043648627462,0.54
2026-04-07,16,capacity_price,4.619311525437977,4.0
2026-04-07,17,capacity_price,32.45271474755681,68.97
2026-04-07,18,capacity_price,32.258017209596986,57.41
2026-04-07,19,capacity_price,28.403166715378564,44.57
2026-04-07,20,capacity_price,5.296565460459493,9.77
2026-04-07,21,capacity_price,3.6245546830155657,9.63
2026-04-07,22,capacity_price,1.2587761086667062,6.69
2026-04-07,23,capacity_price,0.7538746637339966,0.54
2026-04-08,0,capacity_price,0.5312034431171486,0.4
2026-04-08,1,capacity_price,0.5537846672019904,0.67
2026-04-08,2,capacity_price,0.4801355617082261,0.67
2026-04-08,3,capacity_price,0.6155909773369083,0.67
2026-04-08,4,capacity_price,0.8687465152852607,0.67
2026-04-08,5,capacity_price,1.4687457308735477,1.2
2026-04-08,6,capacity_price,1.2193387026006335,2.0
2026-04-08,7,capacity_price,3.1626834337283234,5.35
2026-04-08,8,capacity_price,9.431551537900097,76.14
2026-04-08,9,capacity_price,10.4084230859652,42.69
2026-04-08,10,capacity_price,9.496342846241548,20.07
2026-04-08,11,capacity_price,3.903530436544275,1.81
2026-04-08,12,capacity_price,1.7336228156683688,1.34
2026-04-08,13,capacity_price,3.4874102251088432,0.54
2026-04-08,14,capacity_price,2.157276007951785,0.67
2026-04-08,15,capacity_price,6.729427058168043,1.34
2026-04-08,16,capacity_price,9.863069939704097,7.35
2026-04-08,17,capacity_price,44.84157093347935,73.6
2026-04-08,18,capacity_price,22.06324618088247,65.44
2026-04-08,19,capacity_price,36.29175540874514,73.6
2026-04-08,20,capacity_price,9.745123275483344,17.64
2026-04-08,21,capacity_price,6.340130718259448,20.07
2026-04-08,22,capacity_price,2.683601625555833,6.0
2026-04-08,23,capacity_price,0.7648543747983677,0.67
2026-04-09,0,capacity_price,0.5345908969544813,0.38
2026-04-09,1,capacity_price,0.534286019913192,2.0
2026-04-09,2,capacity_price,0.5286255165943211,0.31
2026-04-09,3,capacity_price,0.6625170542255426,0.31
2026-04-09,4,capacity_price,1.0518248388401934,2.0
2026-04-09,5,capacity_price,1.4984703313676109,2.0
2026-04-09,6,capacity_price,2.087150629415825,1.2
2026-04-09,7,capacity_price,3.722195742699881,1.2
2026-04-09,8,capacity_price,17.430244940229557,46.84
2026-04-09,9,capacity_price,15.619146386336602,3.35
2026-04-09,10,capacity_price,12.884978487635026,1.2
2026-04-09,11,capacity_price,6.370552890516361,1.2
2026-04-09,12,capacity_price,2.863406510482378,0.54
2026-04-09,13,capacity_price,2.3714868618096947,0.54
2026-04-09,14,capacity_price,6.000059600471542,0.54
2026-04-09,15,capacity_price,5.9070569669831405,0.67
2026-04-09,16,capacity_price,10.736263923393576,3.35
2026-04-09,17,capacity_price,69.16579382096708,40.35
2026-04-09,18,capacity_price,71.925064506286,6.69
2026-04-09,19,capacity_price,33.10847057377244,6.0
2026-04-09,20,capacity_price,23.36721969314386,4.0
2026-04-09,21,capacity_price,12.183133496508402,1.2
2026-04-09,22,capacity_price,3.957103272385019,0.54
2026-04-09,23,capacity_price,0.6929700587981079,0.31
2026-04-10,0,capacity_price,0.4503628704915599,0.37
2026-04-10,1,capacity_price,0.5274074112516327,0.27
2026-04-10,2,capacity_price,0.5010790528491286,0.31
2026-04-10,3,capacity_price,0.5436380789331684,0.27
2026-04-10,4,capacity_price,1.1602293670982329,0.31
2026-04-10,5,capacity_price,2.94413145471566,0.67
2026-04-10,6,capacity_price,4.160311287506923,1.2
2026-04-10,7,capacity_price,3.891036938081036,1.2
2026-04-10,8,capacity_price,8.787278978226242,63.7
2026-04-10,9,capacity_price,3.9695721924245486,9.9
2026-04-10,10,capacity_price,3.1008770886272057,6.69
2026-04-10,11,capacity_price,2.3351215796167937,6.69
2026-04-10,12,capacity_price,2.301687118534344,3.35
2026-04-10,13,capacity_price,1.454140670605229,1.62
2026-04-10,14,capacity_price,2.41266535877591,1.2
2026-04-10,15,capacity_price,2.2537143570027607,6.69
2026-04-10,16,capacity_price,10.962214704791135,24.89
2026-04-10,17,capacity_price,30.465850955532243,72.6
2026-04-10,18,capacity_price,47.92718033054603,65.57
2026-04-10,19,capacity_price,22.5739919285211,9.63
2026-04-10,20,capacity_price,16.825499018533623,9.63
2026-04-10,21,capacity_price,6.4315824329624816,1.2
2026-04-10,22,capacity_price,6.513700323015641,1.2
2026-04-10,23,capacity_price,0.9046751348018763,0.67
2026-04-11,0,capacity_price,0.42773870043652723,0.67
2026-04-11,1,capacity_price,0.4661339402968786,1.2
2026-04-11,2,capacity_price,0.40337431673946766,0.67
2026-04-11,3,capacity_price,0.4512245228504905,0.31
2026-04-11,4,capacity_price,0.9373668513528316,0.4
2026-04-11,5,capacity_price,0.8794101381522136,0.67
2026-04-11,6,capacity_price,1.4089233708132793,1.2
2026-04-11,7,capacity_price,1.2022938855928271,1.2
2026-04-11,8,capacity_price,39.94124133538001,10.0
2026-04-11,9,capacity_price,16.791751556146185,1.2
2026-04-11,10,capacity_price,10.243629985156167,0.54
2026-04-11,11,capacity_price,3.865216934872751,0.13
2026-04-11,12,capacity_price,4.174098916741054,0.13
2026-04-11,13,capacity_price,4.691992334345063,0.13
2026-04-11,14,capacity_price,4.076421150864314,0.13
2026-04-11,15,capacity_price,9.717505097908328,0.13
2026-04-11,16,capacity_price,26.833263715484193,0.54
2026-04-11,17,capacity_price,72.81765579321338,1.2
2026-04-11,18,capacity_price,62.964118838306085,1.2
2026-04-11,19,capacity_price,29.824545503895248,1.2
2026-04-11,20,capacity_price,12.829787250970723,1.2
2026-04-11,21,capacity_price,16.773025955839614,0.54
2026-04-11,22,capacity_price,2.6332570248407348,0.54
2026-04-11,23,capacity_price,1.017500143754116,0.39
2026-04-12,0,capacity_price,0.519799243018356,0.32
2026-04-12,1,capacity_price,0.44718408193571785,0.32
2026-04-12,2,capacity_price,0.42879756298583654,0.32
2026-04-12,3,capacity_price,0.539484659375034,0.32
2026-04-12,4,capacity_price,0.6323518853898406,0.67
2026-04-12,5,capacity_price,0.9726655067744543,0.67
2026-04-12,6,capacity_price,1.375409674950331,1.2
2026-04-12,7,capacity_price,1.078588070134338,1.2
2026-04-12,8,capacity_price,19.730733616889463,20.07
2026-04-12,9,capacity_price,16.280987384089617,20.08
2026-04-12,10,capacity_price,7.072682176411736,1.2
2026-04-12,11,capacity_price,2.283164010013971,0.67
2026-04-12,12,capacity_price,0.9600647182099712,0.28
2026-04-12,13,capacity_price,0.7443849631523594,0.13
2026-04-12,14,capacity_price,1.2336517561660354,0.13
2026-04-12,15,capacity_price,1.073982497850816,0.67
2026-04-12,16,capacity_price,7.7471679789887675,6.1
2026-04-12,17,capacity_price,37.06953933624049,66.08
2026-04-12,18,capacity_price,32.942677846589675,42.55
2026-04-12,19,capacity_price,25.7199540518615,33.46
2026-04-12,20,capacity_price,5.264581811325675,7.6
2026-04-12,21,capacity_price,4.419349855301313,5.35
2026-04-12,22,capacity_price,6.452904939282713,1.2
2026-04-12,23,capacity_price,1.008217264214648,0.54
2026-04-13,0,capacity_price,0.41580149483676976,1.2
2026-04-13,1,capacity_price,0.4841023480761417,1.2
2026-04-13,2,capacity_price,0.374141871804875,1.2
2026-04-13,3,capacity_price,0.3495664767707803,1.2
2026-04-13,4,capacity_price,0.35803971555577696,2.0
2026-04-13,5,capacity_price,0.5684284533721141,2.0
2026-04-13,6,capacity_price,1.1596854120285103,5.35
2026-04-13,7,capacity_price,2.6639726414778404,9.77
2026-04-13,8,capacity_price,22.38756446964743,51.93
2026-04-13,9,capacity_price,16.13089370271783,9.9
2026-04-13,10,capacity_price,8.80562642326381,9.77
2026-04-13,11,capacity_price,1.1729797904205639,6.69
2026-04-13,12,capacity_price,1.2247813383069464,1.2
2026-04-13,13,capacity_price,1.0023548633192119,1.2
2026-04-13,14,capacity_price,0.4842408761930867,1.2
2026-04-13,15,capacity_price,2.142490623086292,9.63
2026-04-13,16,capacity_price,8.139382024931436,24.89
2026-04-13,17,capacity_price,60.57750619999881,73.61
2026-04-13,18,capacity_price,44.77650558493799,44.03
2026-04-13,19,capacity_price,38.87060731250516,46.84
2026-04-13,20,capacity_price,5.751765865355508,104.92
2026-04-13,21,capacity_price,4.715969779908588,6.69
2026-04-13,22,capacity_price,1.7120498442710688,1.2
2026-04-13,23,capacity_price,0.5394540209998062,0.67
2026-04-14,0,capacity_price,0.472821102798432,2.0
2026-04-14,1,capacity_price,0.5271242226146281,1.2
2026-04-14,2,capacity_price,0.5956568682201069,1.47
2026-04-14,3,capacity_price,0.47266122231109403,1.47
2026-04-14,4,capacity_price,1.2684998446356925,4.42
2026-04-14,5,capacity_price,1.6173668984101943,2.0
2026-04-14,6,capacity_price,4.428361535056432,16.19
2026-04-14,7,capacity_price,2.0141865975830076,25.16
2026-04-14,8,capacity_price,36.72123100667368,25.16
2026-04-14,9,capacity_price,11.23397984926027,9.9
2026-04-14,10,capacity_price,10.216043792470645,9.77
2026-04-14,11,capacity_price,1.625374112013914,6.69
2026-04-14,12,capacity_price,1.8920747030457017,1.2
2026-04-14,13,capacity_price,1.0281289381064187,3.35
2026-04-14,14,capacity_price,2.0962754783049897,1.2
2026-04-14,15,capacity_price,10.690342228622216,9.63
2026-04-14,16,capacity_price,32.33358481534916,8.83
2026-04-14,17,capacity_price,63.683454163680814,66.65
2026-04-14,18,capacity_price,40.98232748154152,63.7
2026-04-14,19,capacity_price,34.16772771931472,101.57
2026-04-14,20,capacity_price,5.347897973315211,102.51
2026-04-14,21,capacity_price,13.250947576099376,9.9
2026-04-14,22,capacity_price,6.873267801179931,17.69
2026-04-14,23,capacity_price,0.9735765591236754,1.2
2026-04-15,0,capacity_price,0.6653688204823273,1.2
2026-04-15,1,capacity_price,0.8682442109643865,1.2
2026-04-15,2,capacity_price,1.0205453605478672,1.2
2026-04-15,3,capacity_price,0.8235455982318631,1.2
2026-04-15,4,capacity_price,1.9765568574218924,8.83
2026-04-15,5,capacity_price,3.2279214462545864,2.0
2026-04-15,6,capacity_price,5.295562745281411,6.69
2026-04-15,7,capacity_price,3.5420372680059464,9.63
2026-04-15,8,capacity_price,23.027842267882104,9.9
2026-04-15,9,capacity_price,8.210147439805594,9.9
2026-04-15,10,capacity_price,8.216324503851482,9.63
2026-04-15,11,capacity_price,3.2326285581034013,6.69
2026-04-15,12,capacity_price,2.1030736893128017,1.2
2026-04-15,13,capacity_price,1.6768060128997413,1.2
2026-04-15,14,capacity_price,1.8308016545090742,1.2
2026-04-15,15,capacity_price,9.826503886801511,6.69
2026-04-15,16,capacity_price,34.02954680014698,4.0
2026-04-15,17,capacity_price,76.92238640635365,51.52
2026-04-15,18,capacity_price,76.38844372694169,85.92
2026-04-15,19,capacity_price,40.607484876961635,146.27
2026-04-15,20,capacity_price,25.663220992099696,142.17
2026-04-15,21,capacity_price,12.178358599206728,76.41
2026-04-15,22,capacity_price,7.295242716366152,9.63
2026-04-15,23,capacity_price,1.699045092000062,1.2
2026-04-16,0,capacity_price,0.873172223440281,1.2
2026-04-16,1,capacity_price,0.819727378461336,1.2
2026-04-16,2,capacity_price,1.000427592592502,0.67
2026-04-16,3,capacity_price,1.1202579149867307,0.67
2026-04-16,4,capacity_price,3.9573773726635015,1.2
2026-04-16,5,capacity_price,3.0675580676406122,1.2
2026-04-16,6,capacity_price,6.343512079340124,9.63
2026-04-16,7,capacity_price,5.265660145901158,66.92
2026-04-16,8,capacity_price,7.123175976919455,71.86
2026-04-16,9,capacity_price,8.92910207702606,46.3
2026-04-16,10,capacity_price,5.080053549994735,9.9
2026-04-16,11,capacity_price,7.329483655595593,6.69
2026-04-16,12,capacity_price,4.261679981868657,1.2
2026-04-16,13,capacity_price,5.69307970523532,0.54
2026-04-16,14,capacity_price,5.247394044605533,0.54
2026-04-16,15,capacity_price,9.773493364924644,1.2
2026-04-16,16,capacity_price,30.609104885041248,6.69
2026-04-16,17,capacity_price,47.86763518203751,44.56
2026-04-16,18,capacity_price,91.26800831962225,71.19
2026-04-16,19,capacity_price,68.61817780054594,158.21
2026-04-16,20,capacity_price,57.440086515002236,145.6
2026-04-16,21,capacity_price,23.7303709786216,57.95
2026-04-16,22,capacity_price,7.925311092815094,18.74
2026-04-16,23,capacity_price,1.6241010684280652,5.35
2026-04-17,0,capacity_price,0.9107395729444752,1.2
2026-04-17,1,capacity_price,0.7521919077972888,1.2
2026-04-17,2,capacity_price,0.7437744506348919,0.67
2026-04-17,3,capacity_price,0.6704651094294928,1.2
2026-04-17,4,capacity_price,1.8103760715327022,1.2
2026-04-17,5,capacity_price,1.5933561585513745,1.2
2026-04-17,6,capacity_price,2.5237220980091557,5.35
2026-04-17,7,capacity_price,4.306878673814258,9.77
2026-04-17,8,capacity_price,29.599723148408916,31.18
2026-04-17,9,capacity_price,12.762989311598794,9.9
2026-04-17,10,capacity_price,8.126532001560397,6.69
2026-04-17,11,capacity_price,4.970906627468738,1.2
2026-04-17,12,capacity_price,1.6458501129599121,1.2
2026-04-17,13,capacity_price,1.5846287507824808,1.2
2026-04-17,14,capacity_price,2.490297421183481,2.94
2026-04-17,15,capacity_price,3.785989931712618,3.35
2026-04-17,16,capacity_price,13.204352848278143,3.35
2026-04-17,17,capacity_price,46.081817376832916,16.19
2026-04-17,18,capacity_price,77.60425959089606,57.54
2026-04-17,19,capacity_price,65.33300636475329,96.21
2026-04-17,20,capacity_price,39.34529669781042,97.95
2026-04-17,21,capacity_price,29.123151364290774,26.3
2026-04-17,22,capacity_price,5.701442951755711,6.69
2026-04-17,23,capacity_price,1.8590548120056936,9.77
2026-04-18,0,capacity_price,0.8848843310215838,1.2
2026-04-18,1,capacity_price,0.8488911228558267,2.0
2026-04-18,2,capacity_price,0.6505575032015938,1.2
2026-04-18,3,capacity_price,0.6762604182068207,1.2
2026-04-18,4,capacity_price,1.5677545015234327,1.2
2026-04-18,5,capacity_price,1.8141451893494254,2.0
2026-04-18,6,capacity_price,5.588353762761785,5.35
2026-04-18,7,capacity_price,6.34855556122344,6.0
2026-04-18,8,capacity_price,16.786188126505166,11.78
2026-04-18,9,capacity_price,8.763692963398451,6.69
2026-04-18,10,capacity_price,6.214872917982507,1.2
2026-04-18,11,capacity_price,5.24000424126686,0.54
2026-04-18,12,capacity_price,3.3900941138251124,0.54
2026-04-18,13,capacity_price,3.3435619070921443,0.67
2026-04-18,14,capacity_price,4.335730764335434,0.67
2026-04-18,15,capacity_price,3.5492837006298825,1.2
2026-04-18,16,capacity_price,11.019052186245156,6.69
2026-04-18,17,capacity_price,25.856118627645728,42.69
2026-04-18,18,capacity_price,66.43643733320582,48.17
2026-04-18,19,capacity_price,70.10622396938437,59.28
2026-04-18,20,capacity_price,63.71734316796861,66.37
2026-04-18,21,capacity_price,16.93890914549068,35.6
2026-04-18,22,capacity_price,6.182511645214343,9.63
2026-04-18,23,capacity_price,2.110148895555067,9.77
2026-04-19,0,capacity_price,1.055932345443629,2.0
2026-04-19,1,capacity_price,0.8645794082856239,1.2
2026-04-19,2,capacity_price,0.6350170057591432,1.2
2026-04-19,3,capacity_price,0.9588479008166452,1.2
2026-04-19,4,capacity_price,1.1474070841955477,5.35
2026-04-19,5,capacity_price,1.6775905107838998,1.2
2026-04-19,6,capacity_price,5.73923072505353,5.35
2026-04-19,7,capacity_price,2.1449992075137696,7.4
2026-04-19,8,capacity_price,17.401713962852654,6.69
2026-04-19,9,capacity_price,8.046538121952404,6.0
2026-04-19,10,capacity_price,4.5488579739037105,6.0
2026-04-19,11,capacity_price,3.2383184240992895,1.2
2026-04-19,12,capacity_price,2.291254704668409,1.2
2026-04-19,13,capacity_price,1.4253231576830743,0.63
2026-04-19,14,capacity_price,1.3277551847450828,1.2
2026-04-19,15,capacity_price,3.5454942387843613,1.2
2026-04-19,16,capacity_price,14.887058540181341,11.92
2026-04-19,17,capacity_price,48.37185937698345,43.11
2026-04-19,18,capacity_price,69.25001006116656,46.84
2026-04-19,19,capacity_price,79.77034680265616,55.13
2026-04-19,20,capacity_price,71.046301057403,46.84
2026-04-19,21,capacity_price,37.53197146185979,13.38
2026-04-19,22,capacity_price,6.770968717967378,5.35
2026-04-19,23,capacity_price,2.2764363103407947,6.69
2026-04-20,0,capacity_price,0.968068634970101,1.2
2026-04-20,1,capacity_price,0.8843483125899964,1.2
2026-04-20,2,capacity_price,0.596433072950585,1.2
2026-04-20,3,capacity_price,1.0658393583716257,1.2
2026-04-20,4,capacity_price,1.8637373498839536,5.35
2026-04-20,5,capacity_price,2.3846442492036144,6.69
2026-04-20,6,capacity_price,3.195479591144811,4.68
2026-04-20,7,capacity_price,5.158247803395705,35.6
2026-04-20,8,capacity_price,6.4995787378436,54.86
2026-04-20,9,capacity_price,7.691680489351074,11.78
2026-04-20,10,capacity_price,6.537766949130688,3.35
2026-04-20,11,capacity_price,4.541944817922924,3.35
2026-04-20,12,capacity_price,2.5698542348736475,1.2
2026-04-20,13,capacity_price,2.8555138836651315,1.2
2026-04-20,14,capacity_price,3.0050414360824402,1.2
2026-04-20,15,capacity_price,5.559487785204521,2.14
2026-04-20,16,capacity_price,20.012575063177113,9.63
2026-04-20,17,capacity_price,30.3579766884473,69.47
2026-04-20,18,capacity_price,49.505459006110016,87.9
2026-04-20,19,capacity_price,45.932535622402256,107.74
2026-04-20,20,capacity_price,35.14420769190222,109.09
2026-04-20,21,capacity_price,25.32715933246513,16.73
2026-04-20,22,capacity_price,11.721587206377448,16.73
2026-04-20,23,capacity_price,3.1736136195326483,6.69
2026-04-21,0,capacity_price,1.132277507354612,1.2
2026-04-21,1,capacity_price,0.8749867140105411,0.67
2026-04-21,2,capacity_price,0.6639767402188713,0.67
2026-04-21,3,capacity_price,1.1565767696562943,1.2
2026-04-21,4,capacity_price,2.1935337903987966,6.69
2026-04-21,5,capacity_price,4.853856241368407,5.35
2026-04-21,6,capacity_price,6.4960550441081,9.9
2026-04-21,7,capacity_price,7.41680015547517,57.27
2026-04-21,8,capacity_price,19.94735832337612,97.62
2026-04-21,9,capacity_price,13.219957851755602,35.59
2026-04-21,10,capacity_price,3.325242515107949,6.69
2026-04-21,11,capacity_price,4.712790247681123,3.35
2026-04-21,12,capacity_price,3.0866233055978336,1.2
2026-04-21,13,capacity_price,2.156915758662862,1.2
2026-04-21,14,capacity_price,2.6293939397390633,1.34
2026-04-21,15,capacity_price,9.107541466219773,2.01
2026-04-21,16,capacity_price,24.714107921154714,4.0
2026-04-21,17,capacity_price,74.25463386490428,27.43
2026-04-21,18,capacity_price,96.51203175828994,85.93
2026-04-21,19,capacity_price,72.50549366201004,107.43
2026-04-21,20,capacity_price,76.68174888074704,113.75
2026-04-21,21,capacity_price,26.653273331024074,95.88
2026-04-21,22,capacity_price,12.397700526001769,16.19
2026-04-21,23,capacity_price,3.67288158663476,1.2
2026-04-22,0,capacity_price,1.0143273154829506,1.2
2026-04-22,1,capacity_price,0.8475767714303372,1.2
2026-04-22,2,capacity_price,0.6752912978917958,1.2
2026-04-22,3,capacity_price,1.0746334932906645,1.2
2026-04-22,4,capacity_price,3.6442441399484675,21.5
2026-04-22,5,capacity_price,5.690947667486939,32.78
2026-04-22,6,capacity_price,7.43850424215502,53.26
2026-04-22,7,capacity_price,8.73237420421434,111.96
2026-04-22,8,capacity_price,26.351676877817162,118.46
2026-04-22,9,capacity_price,17.97035425571713,24.89
2026-04-22,10,capacity_price,6.571569383453489,6.69
2026-04-22,11,capacity_price,3.1590348620182924,1.34
2026-04-22,12,capacity_price,1.7270071053518672,1.2
2026-04-22,13,capacity_price,1.3433144495969171,1.2
2026-04-22,14,capacity_price,1.5530104833312866,1.2
2026-04-22,15,capacity_price,7.220967486723427,2.68
2026-04-22,16,capacity_price,23.61760655605304,6.69
2026-04-22,17,capacity_price,48.43996917690225,79.09
2026-04-22,18,capacity_price,81.40832139071469,109.33
2026-04-22,19,capacity_price,81.88453868609777,123.38
2026-04-22,20,capacity_price,81.74622305286168,121.91
2026-04-22,21,capacity_price,43.33157607149667,66.91
2026-04-22,22,capacity_price,14.645963145620067,35.59
2026-04-22,23,capacity_price,2.91074358906074,2.0
2026-04-23,0,capacity_price,0.9885025526043464,1.2
2026-04-23,1,capacity_price,0.9101227778314286,1.2
2026-04-23,2,capacity_price,0.6841123220168893,1.2
2026-04-23,3,capacity_price,0.9508755924548116,6.0
2026-04-23,4,capacity_price,2.4066039004873705,53.53
2026-04-23,5,capacity_price,3.3267992947920058,73.54
2026-04-23,6,capacity_price,6.398528828104253,92.09
2026-04-23,7,capacity_price,9.455369650783513,101.73
2026-04-23,8,capacity_price,50.69405647874941,112.84
2026-04-23,9,capacity_price,18.18794541755106,42.41
2026-04-23,10,capacity_price,5.2447881081634575,5.35
2026-04-23,11,capacity_price,1.7372455301542513,1.34
2026-04-23,12,capacity_price,1.386507702106926,1.34
2026-04-23,13,capacity_price,1.4372304986333377,1.2
2026-04-23,14,capacity_price,0.9962107233468777,0.67
2026-04-23,15,capacity_price,4.5456948882687485,1.34
2026-04-23,16,capacity_price,15.904952978505987,6.02
2026-04-23,17,capacity_price,62.62285239849498,36.7
2026-04-23,18,capacity_price,93.16578410550073,91.16
2026-04-23,19,capacity_price,96.80345071928608,119.13
2026-04-23,20,capacity_price,94.8823105039516,126.22
2026-04-23,21,capacity_price,46.81167862921896,93.66
2026-04-23,22,capacity_price,11.999385816782397,79.29
2026-04-23,23,capacity_price,2.108377226156734,11.7
2026-04-24,0,capacity_price,1.1933912265882471,1.2
2026-04-24,1,capacity_price,0.9423436058444694,1.2
2026-04-24,2,capacity_price,0.7595100486202494,1.2
2026-04-24,3,capacity_price,1.1200244980397935,18.74
2026-04-24,4,capacity_price,2.947753047695453,51.92
2026-04-24,5,capacity_price,4.8284904290251776,68.15
2026-04-24,6,capacity_price,7.366528731407533,98.64
2026-04-24,7,capacity_price,9.26932025143244,127.02
2026-04-24,8,capacity_price,53.78664605014743,107.89
2026-04-24,9,capacity_price,18.302735767739854,66.91
2026-04-24,10,capacity_price,4.672431865559803,20.12
2026-04-24,11,capacity_price,0.9510874806213168,6.02
2026-04-24,12,capacity_price,1.1491154613117618,0.67
2026-04-24,13,capacity_price,1.7257657191346458,0.67
2026-04-24,14,capacity_price,1.0046319221863975,0.54
2026-04-24,15,capacity_price,4.6832029920414096,0.54
2026-04-24,16,capacity_price,8.02747545222387,6.69
2026-04-24,17,capacity_price,57.28753178310586,50.61
2026-04-24,18,capacity_price,86.28261497851987,93.57
2026-04-24,19,capacity_price,91.2665408496521,111.63
2026-04-24,20,capacity_price,94.36954748011452,107.89
2026-04-24,21,capacity_price,60.05288207459396,77.55
2026-04-24,22,capacity_price,12.967306897701329,14.2
2026-04-24,23,capacity_price,3.146687048322856,66.91
2026-04-25,0,capacity_price,1.1819190199003216,2.0
2026-04-25,1,capacity_price,1.088147611462081,1.2
2026-04-25,2,capacity_price,0.7999114450992647,1.2
2026-04-25,3,capacity_price,1.1065707676676264,3.35
2026-04-25,4,capacity_price,2.7446601728861397,1.2
2026-04-25,5,capacity_price,5.190714698534334,12.58
2026-04-25,6,capacity_price,9.139422054035657,12.71
2026-04-25,7,capacity_price,11.434764184508706,33.67
2026-04-25,8,capacity_price,71.69419715707913,8.45
2026-04-25,9,capacity_price,24.414786941138182,1.34
2026-04-25,10,capacity_price,8.183003175970804,0.54
2026-04-25,11,capacity_price,1.5361475728852476,0.54
2026-04-25,12,capacity_price,0.9205640253366787,0.54
2026-04-25,13,capacity_price,0.6460322117847832,0.54
2026-04-25,14,capacity_price,0.6201732256069704,0.67
2026-04-25,15,capacity_price,2.8252442077975966,0.67
2026-04-25,16,capacity_price,6.430744916883931,0.67
2026-04-25,17,capacity_price,48.00986838526323,1.2
2026-04-25,18,capacity_price,91.40501419797307,4.01
2026-04-25,19,capacity_price,100.96432286738403,12.58
2026-04-25,20,capacity_price,104.30676253105267,56.65
2026-04-25,21,capacity_price,56.769533774241644,33.46
2026-04-25,22,capacity_price,15.65125361605126,25.16
2026-04-25,23,capacity_price,3.678657251015757,12.71
2026-04-26,0,capacity_price,1.0555802681650976,1.2
2026-04-26,1,capacity_price,1.0614209944395279,1.2
2026-04-26,2,capacity_price,0.9000319453806794,3.35
2026-04-26,3,capacity_price,1.2122548194888039,6.3
2026-04-26,4,capacity_price,2.6590243448874324,12.58
2026-04-26,5,capacity_price,4.621482176968789,12.58
2026-04-26,6,capacity_price,4.519789856702456,18.74
2026-04-26,7,capacity_price,7.2139929718225995,12.85
2026-04-26,8,capacity_price,21.84348343356536,12.58
2026-04-26,9,capacity_price,8.249010826125744,1.2
2026-04-26,10,capacity_price,4.260571443932621,1.34
2026-04-26,11,capacity_price,1.2812459550013686,1.2
2026-04-26,12,capacity_price,0.952983700857688,0.67
2026-04-26,13,capacity_price,0.9479248546113468,0.54
2026-04-26,14,capacity_price,1.1420175680820068,0.67
2026-04-26,15,capacity_price,2.7133822263571594,0.67
2026-04-26,16,capacity_price,4.998006866491704,1.34
2026-04-26,17,capacity_price,39.54608876119664,6.14
2026-04-26,18,capacity_price,61.68713329782851,75.6
2026-04-26,19,capacity_price,58.34252670855772,75.34
2026-04-26,20,capacity_price,52.811464848834746,66.91
2026-04-26,21,capacity_price,43.84469431589986,33.46
2026-04-26,22,capacity_price,10.165815731195561,8.9
2026-04-26,23,capacity_price,3.6061563188891195,2.0
2026-04-27,0,capacity_price,1.0764004884079257,0.54
2026-04-27,1,capacity_price,0.8703750764993861,0.67
2026-04-27,2,capacity_price,0.896526998296703,1.2
2026-04-27,3,capacity_price,1.1939237491797807,1.2
2026-04-27,4,capacity_price,3.1697349531442423,6.69
2026-04-27,5,capacity_price,5.579167196821802,12.58
2026-04-27,6,capacity_price,8.523166080767982,12.3
2026-04-27,7,capacity_price,10.978578701159798,12.85
2026-04-27,8,capacity_price,20.759836076121175,60.08
2026-04-27,9,capacity_price,12.174674746912524,12.85
2026-04-27,10,capacity_price,5.567112082156897,12.71
2026-04-27,11,capacity_price,1.667279061582978,1.2
2026-04-27,12,capacity_price,1.9966571327742775,2.68
2026-04-27,13,capacity_price,1.1298406783962454,1.2
2026-04-27,14,capacity_price,1.2017132185816861,1.19
2026-04-27,15,capacity_price,1.8751584677095485,1.2
2026-04-27,16,capacity_price,3.930573635007215,15.26
2026-04-27,17,capacity_price,45.64255935080716,33.46
2026-04-27,18,capacity_price,86.95431625009408,80.96
2026-04-27,19,capacity_price,95.15303629734865,139.86
2026-04-27,20,capacity_price,78.57100615794809,127.41
2026-04-27,21,capacity_price,36.26682019476825,33.46
2026-04-27,22,capacity_price,14.205935729798764,12.58
2026-04-27,23,capacity_price,2.2562182100432264,1.2
2026-04-28,0,capacity_price,1.1146903767983372,1.2
2026-04-28,1,capacity_price,0.7843483236772973,1.2
2026-04-28,2,capacity_price,0.9605009085235819,1.2
2026-04-28,3,capacity_price,1.1138638615228276,1.2
2026-04-28,4,capacity_price,3.6991626081461084,12.58
2026-04-28,5,capacity_price,5.49089384869649,12.85
2026-04-28,6,capacity_price,8.162605181449598,13.8
2026-04-28,7,capacity_price,14.191368130505557,66.24
2026-04-28,8,capacity_price,63.12346173161373,79.3
2026-04-28,9,capacity_price,15.269696066350276,61.33
2026-04-28,10,capacity_price,8.377467074342803,12.58
2026-04-28,11,capacity_price,3.629929465875227,1.2
2026-04-28,12,capacity_price,2.9672521389355317,1.2
2026-04-28,13,capacity_price,2.0965359969261343,1.2
2026-04-28,14,capacity_price,1.7220566987583994,1.2
2026-04-28,15,capacity_price,4.2185636464169285,3.35
2026-04-28,16,capacity_price,12.670292093661123,1.2
2026-04-28,17,capacity_price,52.357899621355976,40.12
2026-04-28,18,capacity_price,94.35025618086331,71.58
2026-04-28,19,capacity_price,109.08284866277619,100.29
2026-04-28,20,capacity_price,103.88438812173204,113.76
2026-04-28,21,capacity_price,53.338130657116785,33.46
2026-04-28,22,capacity_price,14.644899052681122,11.8
2026-04-28,23,capacity_price,1.4272137531338898,1.2
2026-04-29,0,capacity_price,1.1151067967905288,0.67
2026-04-29,1,capacity_price,1.15527571647575,1.2
2026-04-29,2,capacity_price,1.0126667188772807,0.67
2026-04-29,3,capacity_price,1.031511686401841,1.2
2026-04-29,4,capacity_price,5.125740539447729,32.12
2026-04-29,5,capacity_price,7.991361386872724,12.58
2026-04-29,6,capacity_price,10.098799780544802,9.9
2026-04-29,7,capacity_price,12.792141733680674,64.5
2026-04-29,8,capacity_price,62.82641124929142,66.92
2026-04-29,9,capacity_price,18.851487611023927,6.69
2026-04-29,10,capacity_price,8.814684196622538,0.67
2026-04-29,11,capacity_price,1.238127974152622,0.47
2026-04-29,12,capacity_price,1.2557548208705456,0.67
2026-04-29,13,capacity_price,1.0938620684394194,0.39
2026-04-29,14,capacity_price,0.8053828198017572,0.47
2026-04-29,15,capacity_price,1.5734933269672076,0.27
2026-04-29,16,capacity_price,8.739753470702732,0.33
2026-04-29,17,capacity_price,35.431990603876095,1.2
2026-04-29,18,capacity_price,82.90305748153727,12.85
2026-04-29,19,capacity_price,88.97621370556732,12.85
2026-04-29,20,capacity_price,72.37489356751261,13.0
2026-04-29,21,capacity_price,50.293908921889745,13.0
2026-04-29,22,capacity_price,13.726996532094487,12.58
2026-04-29,23,capacity_price,1.6501632525510461,5.35
2026-04-30,0,capacity_price,0.7613416703372639,1.2
2026-04-30,1,capacity_price,1.0701104307892946,1.2
2026-04-30,2,capacity_price,0.94674523810892,1.2
2026-04-30,3,capacity_price,1.0403623121414822,1.2
2026-04-30,4,capacity_price,5.417733799623161,7.8
2026-04-30,5,capacity_price,7.635426092619855,7.8
2026-04-30,6,capacity_price,6.121372683339265,7.8
2026-04-30,7,capacity_price,11.916607009523513,16.33
2026-04-30,8,capacity_price,69.347905141638,69.37
2026-04-30,9,capacity_price,13.19570114112816,12.58
2026-04-30,10,capacity_price,3.811514659041995,1.34
2026-04-30,11,capacity_price,1.0946843797860566,0.54
2026-04-30,12,capacity_price,0.7629674746912091,0.54
2026-04-30,13,capacity_price,0.9498598087903374,0.54
2026-04-30,14,capacity_price,0.6976401460833334,1.34
2026-04-30,15,capacity_price,1.2766862100633154,0.67
2026-04-30,16,capacity_price,3.1615670090760823,0.54
2026-04-30,17,capacity_price,19.38516334653115,12.58
2026-04-30,18,capacity_price,60.21328145210955,45.0
2026-04-30,19,capacity_price,97.96693222961727,53.4
2026-04-30,20,capacity_price,51.56604944461597,64.1
2026-04-30,21,capacity_price,37.395712830395254,14.4
2026-04-30,22,capacity_price,11.603422985964036,12.85
2026-04-30,23,capacity_price,2.191053714039151,12.58
2026-05-01,0,capacity_price,0.9642414864111537,2.0
2026-05-01,1,capacity_price,0.927664899986628,1.2
2026-05-01,2,capacity_price,1.051432869068113,1.2
2026-05-01,3,capacity_price,1.2265518344769217,2.0
2026-05-01,4,capacity_price,5.948572970272574,7.1
2026-05-01,5,capacity_price,9.330370889108098,7.1
2026-05-01,6,capacity_price,8.24126851174242,7.1
2026-05-01,7,capacity_price,17.344596901789906,7.1
2026-05-01,8,capacity_price,73.55274035935301,32.21
2026-05-01,9,capacity_price,13.893149880359672,1.34
2026-05-01,10,capacity_price,5.016850270505586,0.67
2026-05-01,11,capacity_price,0.8177770136011926,0.67
2026-05-01,12,capacity_price,1.0449195074128386,0.67
2026-05-01,13,capacity_price,1.061423295908055,0.54
2026-05-01,14,capacity_price,0.6125962265636673,0.54
2026-05-01,15,capacity_price,0.6008722536314803,0.54
2026-05-01,16,capacity_price,1.3630878356210085,0.67
2026-05-01,17,capacity_price,27.3504700197837,4.84
2026-05-01,18,capacity_price,53.166183738481124,47.9
2026-05-01,19,capacity_price,70.04923208605813,89.6
2026-05-01,20,capacity_price,94.01264786930315,12.85
2026-05-01,21,capacity_price,33.734624017673795,12.8
2026-05-01,22,capacity_price,13.347890042428133,12.71
2026-05-01,23,capacity_price,2.602179616159694,5.89
2026-05-02,0,capacity_price,1.2148581591836751,1.2
2026-05-02,1,capacity_price,1.09081787127113,1.2
2026-05-02,2,capacity_price,0.894965778242029,1.2
2026-05-02,3,capacity_price,1.0566930817879427,1.2
2026-05-02,4,capacity_price,6.416339427752181,6.0
2026-05-02,5,capacity_price,7.628760458151302,6.0
2026-05-02,6,capacity_price,6.326184027796569,6.0
2026-05-02,7,capacity_price,11.896784113237912,6.0
2026-05-02,8,capacity_price,50.49871128222786,3.35
2026-05-02,9,capacity_price,13.016005584988442,1.2
2026-05-02,10,capacity_price,3.719677625982003,0.27
2026-05-02,11,capacity_price,1.542760293772298,0.13
2026-05-02,12,capacity_price,1.0222366560712084,0.13
2026-05-02,13,capacity_price,1.048807408620744,0.13
2026-05-02,14,capacity_price,0.8825605004265358,0.13
2026-05-02,15,capacity_price,0.7083501898000699,0.2
2026-05-02,16,capacity_price,3.2722296063631817,1.2
2026-05-02,17,capacity_price,38.074865690312414,12.58
2026-05-02,18,capacity_price,67.46857232520978,88.49
2026-05-02,19,capacity_price,83.31776026479709,70.27
2026-05-02,20,capacity_price,49.884030570447806,65.31
2026-05-02,21,capacity_price,28.40238993671713,12.85
2026-05-02,22,capacity_price,11.322257302776508,12.58
2026-05-02,23,capacity_price,2.657550635238794,8.7
2026-05-03,0,capacity_price,1.2055915963432176,12.58
2026-05-03,1,capacity_price,1.125803861850924,12.58
2026-05-03,2,capacity_price,1.1291876940372552,6.69
2026-05-03,3,capacity_price,1.2178512205470982,6.69
2026-05-03,4,capacity_price,6.554591292201933,6.0
2026-05-03,5,capacity_price,7.385469327345393,6.0
2026-05-03,6,capacity_price,8.984436680524073,6.0
2026-05-03,7,capacity_price,14.797993805382367,6.69
2026-05-03,8,capacity_price,15.24178540310663,6.0
2026-05-03,9,capacity_price,6.442843923558571,6.69
2026-05-03,10,capacity_price,5.360877810035332,0.54
2026-05-03,11,capacity_price,0.953155639804863,0.54
2026-05-03,12,capacity_price,0.6943673961314704,0.67
2026-05-03,13,capacity_price,0.5971913784741644,0.2
2026-05-03,14,capacity_price,0.5807912012833205,0.43
2026-05-03,15,capacity_price,0.7643322780662275,0.54
2026-05-03,16,capacity_price,4.368534736692882,1.2
2026-05-03,17,capacity_price,38.521724130280994,6.69
2026-05-03,18,capacity_price,86.12216879122799,46.84
2026-05-03,19,capacity_price,86.81562899130384,12.85
2026-05-03,20,capacity_price,88.46028215674225,12.71
2026-05-03,21,capacity_price,19.37551218313522,12.1
2026-05-03,22,capacity_price,13.490713327387741,33.46
2026-05-03,23,capacity_price,4.658072566049208,2.0
2026-05-04,0,capacity_price,1.0999436517341552,6.69
2026-05-04,1,capacity_price,1.064370733841501,1.2
2026-05-04,2,capacity_price,1.095004989720424,1.2
2026-05-04,3,capacity_price,1.2231471351656147,6.69
2026-05-04,4,capacity_price,6.515190942881559,12.58
2026-05-04,5,capacity_price,6.701871093815185,12.85
2026-05-04,6,capacity_price,7.271434738559297,12.58
2026-05-04,7,capacity_price,5.784839212402381,55.01
2026-05-04,8,capacity_price,15.154448682415136,20.07
2026-05-04,9,capacity_price,7.800970268292704,24.89
2026-05-04,10,capacity_price,8.910229845205265,6.0
2026-05-04,11,capacity_price,2.8146163903027492,12.58
2026-05-04,12,capacity_price,1.975037659022521,1.2
2026-05-04,13,capacity_price,1.631495727952922,2.68
2026-05-04,14,capacity_price,1.7685326845958662,2.68
2026-05-04,15,capacity_price,1.3444629505898735,24.89
2026-05-04,16,capacity_price,8.525230959227025,6.69
2026-05-04,17,capacity_price,27.143866219782762,24.89
2026-05-04,18,capacity_price,67.56125308437551,55.28
2026-05-04,19,capacity_price,90.2005122701772,87.13
2026-05-04,20,capacity_price,75.45511281387765,89.67
2026-05-04,21,capacity_price,15.393666331819816,84.99
2026-05-04,22,capacity_price,10.748408369977364,12.58
2026-05-04,23,capacity_price,3.2707773663504858,2.0
2026-05-05,0,capacity_price,1.2256940836326502,1.2
2026-05-05,1,capacity_price,1.0276780720557754,1.2
2026-05-05,2,capacity_price,1.1939078667239547,1.2
2026-05-05,3,capacity_price,1.2113447976138847,1.2
2026-05-05,4,capacity_price,6.80945436485922,36.0
2026-05-05,5,capacity_price,8.773631237952356,12.58
2026-05-05,6,capacity_price,10.397122932401222,13.2
2026-05-05,7,capacity_price,14.528546327169959,63.57
2026-05-05,8,capacity_price,32.86473717532579,54.47
2026-05-05,9,capacity_price,15.90315281513562,40.02
2026-05-05,10,capacity_price,10.392616390554414,24.89
2026-05-05,11,capacity_price,4.769282282607813,12.71
2026-05-05,12,capacity_price,4.173379204266593,6.69
2026-05-05,13,capacity_price,3.0739187530588765,6.69
2026-05-05,14,capacity_price,3.5536794272690235,6.69
2026-05-05,15,capacity_price,7.343256045122577,12.85
2026-05-05,16,capacity_price,2.700217947713399,16.33
2026-05-05,17,capacity_price,27.225046051407404,30.78
2026-05-05,18,capacity_price,80.1492667434772,50.46
2026-05-05,19,capacity_price,107.12583306116618,59.83
2026-05-05,20,capacity_price,96.69427875759311,62.1
2026-05-05,21,capacity_price,34.76162815575424,55.81
2026-05-05,22,capacity_price,14.646931742312153,12.71
2026-05-05,23,capacity_price,3.296293281215719,2.0
2026-05-06,0,capacity_price,1.2243628637172674,1.2
2026-05-06,1,capacity_price,1.1765003614760305,1.2
2026-05-06,2,capacity_price,1.1421567271730073,1.2
2026-05-06,3,capacity_price,1.1715820370638388,2.0
2026-05-06,4,capacity_price,5.773376577669892,6.69
2026-05-06,5,capacity_price,7.033476018459724,6.6
2026-05-06,6,capacity_price,6.401494879133652,6.69
2026-05-06,7,capacity_price,12.993085943130028,57.95
2026-05-06,8,capacity_price,15.693518547573792,61.43
2026-05-06,9,capacity_price,13.927630503910015,44.96
2026-05-06,10,capacity_price,9.4733071645292,36.53
2026-05-06,11,capacity_price,9.037325759753864,12.98
2026-05-06,12,capacity_price,6.15798945220025,12.71
2026-05-06,13,capacity_price,6.037354046924508,12.71
2026-05-06,14,capacity_price,5.623798917847947,12.58
2026-05-06,15,capacity_price,14.109264939435146,24.89
2026-05-06,16,capacity_price,18.236182751907425,12.85
2026-05-06,17,capacity_price,28.058793741207825,53.53
2026-05-06,18,capacity_price,42.454570650449725,71.33
2026-05-06,19,capacity_price,80.40341908935305,93.94
2026-05-06,20,capacity_price,75.12114927106514,104.52
2026-05-06,21,capacity_price,41.17145459645552,80.3
2026-05-06,22,capacity_price,12.342767076311894,12.71
2026-05-06,23,capacity_price,2.3187455763609788,6.69
2026-05-07,0,capacity_price,1.1867699517478851,1.2
2026-05-07,1,capacity_price,1.0966920038621064,1.2
2026-05-07,2,capacity_price,1.0843331643543865,1.2
2026-05-07,3,capacity_price,1.213600693326422,1.2
2026-05-07,4,capacity_price,6.472237912729934,19.27
2026-05-07,5,capacity_price,8.145122413310647,12.85
2026-05-07,6,capacity_price,10.2801461716324,53.53
2026-05-07,7,capacity_price,15.853071008457405,22.3
2026-05-07,8,capacity_price,50.276713869139776,24.3
2026-05-07,9,capacity_price,16.0883072888844,12.9
2026-05-07,10,capacity_price,8.947165682380698,12.9
2026-05-07,11,capacity_price,10.412753976875583,12.9
2026-05-07,12,capacity_price,9.986150667028229,12.71
2026-05-07,13,capacity_price,8.855839039386131,12.58
2026-05-07,14,capacity_price,7.009624905217635,12.58
2026-05-07,15,capacity_price,13.68100828561829,14.79
2026-05-07,16,capacity_price,4.452894078249591,12.58
2026-05-07,17,capacity_price,28.953151281376556,28.24
2026-05-07,18,capacity_price,57.52624435290883,74.81
2026-05-07,19,capacity_price,64.11488829772576,133.56
2026-05-07,20,capacity_price,90.84901600165598,122.05
2026-05-07,21,capacity_price,42.17761549602929,26.4
2026-05-07,22,capacity_price,13.341991304295034,13.38
2026-05-07,23,capacity_price,3.9351838152416163,13.38
2026-05-08,0,capacity_price,1.2074244743014544,6.69
2026-05-08,1,capacity_price,1.108935432636138,1.2
2026-05-08,2,capacity_price,1.0957407546798443,2.0
2026-05-08,3,capacity_price,1.172939550293958,12.71
2026-05-08,4,capacity_price,6.988884694680283,12.71
2026-05-08,5,capacity_price,8.564474603347193,12.71
2026-05-08,6,capacity_price,10.00953368253747,44.57
2026-05-08,7,capacity_price,18.40348027542167,26.9
2026-05-08,8,capacity_price,35.76364089434587,12.71
2026-05-08,9,capacity_price,14.73814192614441,11.8
2026-05-08,10,capacity_price,9.136423829838769,11.8
2026-05-08,11,capacity_price,10.638536236982409,12.58
2026-05-08,12,capacity_price,9.388908132961468,6.69
2026-05-08,13,capacity_price,10.514193023590225,6.69
2026-05-08,14,capacity_price,8.026451648680172,6.69
2026-05-08,15,capacity_price,14.855180887546709,6.69
2026-05-08,16,capacity_price,6.436545025107935,6.69
2026-05-08,17,capacity_price,33.12689576969979,12.71
2026-05-08,18,capacity_price,76.31450395352864,63.16
2026-05-08,19,capacity_price,90.18222435446845,67.89
2026-05-08,20,capacity_price,87.62116497227098,67.59
2026-05-08,21,capacity_price,41.780131082399556,53.53
2026-05-08,22,capacity_price,15.11544065696563,12.71
2026-05-08,23,capacity_price,5.958707109118388,6.69
2026-05-09,0,capacity_price,1.2280903863686488,6.0
2026-05-09,1,capacity_price,1.2167560521895686,3.21
2026-05-09,2,capacity_price,1.0649464909934034,1.2
2026-05-09,3,capacity_price,1.304492247776683,1.2
2026-05-09,4,capacity_price,6.91639213123445,1.2
2026-05-09,5,capacity_price,10.135459097631061,12.58
2026-05-09,6,capacity_price,10.667802668328244,6.5
2026-05-09,7,capacity_price,17.404489382264934,6.69
2026-05-09,8,capacity_price,27.34939453769556,12.85
2026-05-09,9,capacity_price,16.770260474578247,6.69
2026-05-09,10,capacity_price,10.150082473935104,0.54
2026-05-09,11,capacity_price,8.368202645769712,0.67
2026-05-09,12,capacity_price,9.230568199800846,0.67
2026-05-09,13,capacity_price,7.849017603524266,0.54
2026-05-09,14,capacity_price,5.999321969775474,0.54
2026-05-09,15,capacity_price,7.879287136770019,0.67
2026-05-09,16,capacity_price,4.064578319020164,6.99
2026-05-09,17,capacity_price,28.863981122010124,6.0
2026-05-09,18,capacity_price,47.68220201899561,12.71
2026-05-09,19,capacity_price,81.3896618451842,12.85
2026-05-09,20,capacity_price,76.7359593729616,12.85
2026-05-09,21,capacity_price,46.17952326216443,33.46
2026-05-09,22,capacity_price,12.79818263237959,9.0
2026-05-09,23,capacity_price,6.6240293390482465,9.0
2026-05-10,0,capacity_price,1.2747924206016725,1.2
2026-05-10,1,capacity_price,1.190154168195336,0.67
2026-05-10,2,capacity_price,1.2075046078017233,0.67
2026-05-10,3,capacity_price,1.2319368953771195,0.67
2026-05-10,4,capacity_price,5.597327330531934,0.67
2026-05-10,5,capacity_price,8.316735599333484,0.67
2026-05-10,6,capacity_price,8.352115710627007,6.0
2026-05-10,7,capacity_price,15.159535913458223,6.69
2026-05-10,8,capacity_price,16.775497508499953,33.09
2026-05-10,9,capacity_price,5.754838050249154,1.2
2026-05-10,10,capacity_price,6.025548898178339,0.67
2026-05-10,11,capacity_price,3.070935484089892,0.54
2026-05-10,12,capacity_price,5.069743167877538,0.27
2026-05-10,13,capacity_price,5.262842710294039,0.2
2026-05-10,14,capacity_price,1.5199362639421672,0.2
2026-05-10,15,capacity_price,1.3094819187474882,0.2
2026-05-10,16,capacity_price,8.151297725938463,1.29
2026-05-10,17,capacity_price,18.820764648219914,12.85
2026-05-10,18,capacity_price,37.38211305896448,86.99
2026-05-10,19,capacity_price,65.36233054959774,94.42
2026-05-10,20,capacity_price,59.81796834020689,98.73
2026-05-10,21,capacity_price,30.86204666101253,19.27
2026-05-10,22,capacity_price,9.275757849540195,1.2
2026-05-10,23,capacity_price,5.868951321733401,0.67
2026-05-11,0,capacity_price,0.7756975362512051,1.2
2026-05-11,1,capacity_price,0.5587991755746261,0.67
2026-05-11,2,capacity_price,0.7949513762456457,1.2
2026-05-11,3,capacity_price,0.9379665935878874,0.67
2026-05-11,4,capacity_price,4.854676259547035,0.67
2026-05-11,5,capacity_price,4.985499620812952,0.67
2026-05-11,6,capacity_price,7.830537088824564,11.4
2026-05-11,7,capacity_price,13.052394218027052,12.58
2026-05-11,8,capacity_price,53.94761604332904,65.31
2026-05-11,9,capacity_price,10.653191723534972,46.84
2026-05-11,10,capacity_price,6.339047142705565,31.18
2026-05-11,11,capacity_price,1.6768844587853178,12.85
2026-05-11,12,capacity_price,1.7356457063132666,12.71
2026-05-11,13,capacity_price,1.1677065907329427,12.71
2026-05-11,14,capacity_price,1.1539927517743669,12.85
2026-05-11,15,capacity_price,1.2783148291020154,12.71
2026-05-11,16,capacity_price,9.130777181828472,9.6
2026-05-11,17,capacity_price,18.365174878744273,29.58
2026-05-11,18,capacity_price,67.4776389104018,45.37
2026-05-11,19,capacity_price,75.60647034306983,28.24
2026-05-11,20,capacity_price,66.41452661963375,56.74
2026-05-11,21,capacity_price,30.51606261697041,12.71
2026-05-11,22,capacity_price,5.682716641596044,1.2
2026-05-11,23,capacity_price,1.7411434117402784,0.67
2026-05-12,0,capacity_price,0.7071941200940667,1.2
2026-05-12,1,capacity_price,0.6806881408550548,0.67
2026-05-12,2,capacity_price,0.713952368818524,0.67
2026-05-12,3,capacity_price,0.6816421725153083,0.67
2026-05-12,4,capacity_price,1.6823529707360003,0.67
2026-05-12,5,capacity_price,2.4125235607115147,0.67
2026-05-12,6,capacity_price,6.324325480393797,7.6
2026-05-12,7,capacity_price,13.065978372443135,12.85
2026-05-12,8,capacity_price,47.21753042064215,26.77
2026-05-12,9,capacity_price,17.324335667415596,25.16
2026-05-12,10,capacity_price,13.86386084188699,6.69
2026-05-12,11,capacity_price,9.483922659683811,6.0
2026-05-12,12,capacity_price,7.888498653519649,5.0
2026-05-12,13,capacity_price,8.42173970966783,1.2
2026-05-12,14,capacity_price,6.829192857270146,5.35
2026-05-12,15,capacity_price,11.473570898721144,4.29
2026-05-12,16,capacity_price,10.101718173861775,6.69
2026-05-12,17,capacity_price,35.907456108767136,48.7
2026-05-12,18,capacity_price,34.45090589619724,78.55
2026-05-12,19,capacity_price,44.81678242666647,66.11
2026-05-12,20,capacity_price,75.30019863614783,113.33
2026-05-12,21,capacity_price,11.420543850740334,64.23
2026-05-12,22,capacity_price,4.183818499958743,12.71
2026-05-12,23,capacity_price,2.192649629573944,1.2
2026-05-13,0,capacity_price,0.7087074260320037,1.61
2026-05-13,1,capacity_price,0.7763077419317306,1.61
2026-05-13,2,capacity_price,0.6597577617467187,0.67
2026-05-13,3,capacity_price,0.876318722490792,0.67
2026-05-13,4,capacity_price,1.195113002984118,1.2
2026-05-13,5,capacity_price,2.319657427001949,33.46
2026-05-13,6,capacity_price,7.553810763495262,37.47
2026-05-13,7,capacity_price,16.374053816559023,17.9
2026-05-13,8,capacity_price,29.754004946485118,89.57
2026-05-13,9,capacity_price,14.96693568423197,12.85
2026-05-13,10,capacity_price,9.556058189411676,20.08
2026-05-13,11,capacity_price,4.854208667567753,13.12
2026-05-13,12,capacity_price,7.122125506526498,7.49
2026-05-13,13,capacity_price,5.134364205342908,6.69
2026-05-13,14,capacity_price,3.1692414382194323,6.69
2026-05-13,15,capacity_price,2.416528924546175,14.23
2026-05-13,16,capacity_price,7.797740698539971,6.69
2026-05-13,17,capacity_price,39.80669344895223,12.58
2026-05-13,18,capacity_price,30.59377118923255,52.32
2026-05-13,19,capacity_price,64.26261693735545,74.94
2026-05-13,20,capacity_price,80.91966687908428,73.61
2026-05-13,21,capacity_price,34.37815193764118,44.57
2026-05-13,22,capacity_price,7.690117157163505,12.85
2026-05-13,23,capacity_price,1.2392894087518074,12.58
2026-05-14,0,capacity_price,0.9164503439823282,2.0
2026-05-14,1,capacity_price,0.7693433445953409,1.2
2026-05-14,2,capacity_price,0.7826134104930303,0.54
2026-05-14,3,capacity_price,0.7901503154995418,0.54
2026-05-14,4,capacity_price,1.094990641405917,1.2
2026-05-14,5,capacity_price,4.398018068720634,1.2
2026-05-14,6,capacity_price,10.11033654310848,12.58
2026-05-14,7,capacity_price,15.923387590762404,6.0
2026-05-14,8,capacity_price,35.329874440871755,12.58
2026-05-14,9,capacity_price,20.988214788873844,6.69
2026-05-14,10,capacity_price,10.405026722337611,5.76
2026-05-14,11,capacity_price,7.543213605093987,4.01
2026-05-14,12,capacity_price,7.4973821209126745,1.2
2026-05-14,13,capacity_price,4.030363222083472,0.54
2026-05-14,14,capacity_price,5.501015568769693,0.67
2026-05-14,15,capacity_price,7.680307676124157,0.67
2026-05-14,16,capacity_price,6.744670964804856,6.1
2026-05-14,17,capacity_price,38.45305538991752,13.14
2026-05-14,18,capacity_price,60.681214389067684,50.85
2026-05-14,19,capacity_price,92.75770634414557,76.55
2026-05-14,20,capacity_price,89.58165930903662,97.82
2026-05-14,21,capacity_price,41.499469020336065,60.22
2026-05-14,22,capacity_price,9.37516882539363,46.84
2026-05-14,23,capacity_price,3.4547915311853634,12.58
2026-05-15,0,capacity_price,1.1197312336853265,1.2
2026-05-15,1,capacity_price,0.8510129742401553,0.67
2026-05-15,2,capacity_price,0.8406192067895557,0.67
2026-05-15,3,capacity_price,0.8462047984809072,0.67
2026-05-15,4,capacity_price,1.8121877963618822,1.2
2026-05-15,5,capacity_price,3.7862078568068287,0.67
2026-05-15,6,capacity_price,9.813424834578214,1.2
2026-05-15,7,capacity_price,9.847744731331785,1.2
2026-05-15,8,capacity_price,26.700341564643423,1.2
2026-05-15,9,capacity_price,6.172566274965912,1.2
2026-05-15,10,capacity_price,7.148105724058162,1.2
2026-05-15,11,capacity_price,3.1660431642934888,0.67
2026-05-15,12,capacity_price,2.7183463205998644,0.67
2026-05-15,13,capacity_price,3.010643206446359,0.67
2026-05-15,14,capacity_price,1.7254216967765186,0.67
2026-05-15,15,capacity_price,2.433666429580192,0.67
2026-05-15,16,capacity_price,7.403488176554342,1.2
2026-05-15,17,capacity_price,21.858354802194423,6.0
2026-05-15,18,capacity_price,50.9474856284502,12.71
2026-05-15,19,capacity_price,83.20675919829196,6.0
2026-05-15,20,capacity_price,75.95517705303719,33.46
2026-05-15,21,capacity_price,35.05227727707727,6.69
2026-05-15,22,capacity_price,10.290219836573208,1.2
2026-05-15,23,capacity_price,5.215523247770341,1.2
2026-05-16,0,capacity_price,0.8784942920493157,0.67
2026-05-16,1,capacity_price,0.5958858601943078,0.67
2026-05-16,2,capacity_price,0.8191830872505209,0.67
2026-05-16,3,capacity_price,0.6777333945935932,0.67
2026-05-16,4,capacity_price,0.4770332886475533,0.67
2026-05-16,5,capacity_price,1.186522217964786,1.2
2026-05-16,6,capacity_price,1.505996741617638,1.2
2026-05-16,7,capacity_price,3.042322634721907,1.2
2026-05-16,8,capacity_price,6.672460713365516,1.2
2026-05-16,9,capacity_price,2.063597752244977,1.2
2026-05-16,10,capacity_price,0.8696747941883595,1.2
2026-05-16,11,capacity_price,1.2379005431329508,0.67
2026-05-16,12,capacity_price,0.6520666909691375,0.67
2026-05-16,13,capacity_price,0.7518965507840518,0.54
2026-05-16,14,capacity_price,0.6783571533516212,0.27
2026-05-16,15,capacity_price,0.3789379039093807,0.54
2026-05-16,16,capacity_price,4.249701196855909,1.2
2026-05-16,17,capacity_price,25.642007813237225,6.69
2026-05-16,18,capacity_price,57.862655187257054,17.4
2026-05-16,19,capacity_price,38.46192663878538,6.69
2026-05-16,20,capacity_price,33.41634891217243,14.2
2026-05-16,21,capacity_price,6.469861868643833,12.58
2026-05-16,22,capacity_price,5.432503193139704,1.2
2026-05-16,23,capacity_price,1.341870607125036,1.2
2026-05-17,0,capacity_price,0.6874853066106985,0.67
2026-05-17,1,capacity_price,0.5314112800418923,0.67
2026-05-17,2,capacity_price,0.5486184388848898,0.67
2026-05-17,3,capacity_price,0.7362727029626065,1.2
2026-05-17,4,capacity_price,1.3782739094583396,0.67
2026-05-17,5,capacity_price,1.578840301044292,0.67
2026-05-17,6,capacity_price,1.5511177847178999,1.2
2026-05-17,7,capacity_price,3.958288208662286,1.2
2026-05-17,8,capacity_price,10.302572348021455,1.2
2026-05-17,9,capacity_price,6.673996698718303,1.2
2026-05-17,10,capacity_price,3.4218904998642716,0.67
2026-05-17,11,capacity_price,1.5988450356139745,0.67
2026-05-17,12,capacity_price,0.9815711432010117,0.67
2026-05-17,13,capacity_price,0.7263895475186649,0.67
2026-05-17,14,capacity_price,0.3919038689910883,0.67
2026-05-17,15,capacity_price,1.3832836641511628,0.67
2026-05-17,16,capacity_price,2.7870517390055305,1.2
2026-05-17,17,capacity_price,26.314764525096795,6.0
2026-05-17,18,capacity_price,41.421909052529735,12.71
2026-05-17,19,capacity_price,40.56747810565954,6.0
2026-05-17,20,capacity_price,13.346528891742567,6.69
2026-05-17,21,capacity_price,14.204466740165179,6.69
2026-05-17,22,capacity_price,2.0059314116353177,1.2
2026-05-17,23,capacity_price,2.054260546882462,0.67
2026-05-18,0,capacity_price,0.549237268773517,1.2
2026-05-18,1,capacity_price,0.5885624741883821,0.67
2026-05-18,2,capacity_price,0.6302122487998721,0.67
2026-05-18,3,capacity_price,0.7387234226250421,0.67
2026-05-18,4,capacity_price,1.2985784355659271,0.67
2026-05-18,5,capacity_price,1.1259294642101862,0.67
2026-05-18,6,capacity_price,1.3186771439789946,1.2
2026-05-18,7,capacity_price,5.773368795734575,1.2
2026-05-18,8,capacity_price,11.673227327769402,6.69
2026-05-18,9,capacity_price,6.784004084035168,1.2
2026-05-18,10,capacity_price,6.866732377558921,1.2
2026-05-18,11,capacity_price,1.3975187056151932,1.2
2026-05-18,12,capacity_price,1.2693381704220004,1.2
2026-05-18,13,capacity_price,0.9625787108363827,3.35
2026-05-18,14,capacity_price,1.1438936391874672,1.2
2026-05-18,15,capacity_price,1.3564785183609764,1.2
2026-05-18,16,capacity_price,3.7956212662760493,1.2
2026-05-18,17,capacity_price,24.28539844983698,12.85
2026-05-18,18,capacity_price,33.39438921039999,12.0
2026-05-18,19,capacity_price,41.48268308683118,17.4
2026-05-18,20,capacity_price,8.572169025133716,12.58
2026-05-18,21,capacity_price,4.285947860947785,6.69
2026-05-18,22,capacity_price,1.2856637836630602,1.2
2026-05-18,23,capacity_price,0.5532095686395249,0.67
2026-05-19,0,capacity_price,0.6746579015662345,2.0
2026-05-19,1,capacity_price,0.6159203495052266,1.2
2026-05-19,2,capacity_price,0.6091469101262729,1.2
2026-05-19,3,capacity_price,0.7920717123427684,1.2
2026-05-19,4,capacity_price,3.1349126349010157,2.0
2026-05-19,5,capacity_price,1.0311592789212676,52.58
2026-05-19,6,capacity_price,1.4390918359432603,12.85
2026-05-19,7,capacity_price,2.7980221775954135,66.91
2026-05-19,8,capacity_price,13.674465737063885,12.85
2026-05-19,9,capacity_price,12.7978670761763,6.69
2026-05-19,10,capacity_price,5.0800953516134975,6.0
2026-05-19,11,capacity_price,2.4733228064013204,6.0
2026-05-19,12,capacity_price,1.2760964616206698,6.69
2026-05-19,13,capacity_price,0.9579104998517676,6.69
2026-05-19,14,capacity_price,1.0459566803333427,6.69
2026-05-19,15,capacity_price,1.2723554996334419,6.69
2026-05-19,16,capacity_price,3.632142412907389,5.35
2026-05-19,17,capacity_price,14.1093647292222,17.8
2026-05-19,18,capacity_price,33.042862424806344,54.46
2026-05-19,19,capacity_price,24.760625501880096,45.5
2026-05-19,20,capacity_price,12.666925451890641,98.61
2026-05-19,21,capacity_price,7.068866713135647,34.3
2026-05-19,22,capacity_price,1.365111864211546,12.71
2026-05-19,23,capacity_price,0.556818952796552,2.0
2026-05-20,0,capacity_price,0.9885591045993009,0.67
2026-05-20,1,capacity_price,0.8077918519912217,0.67
2026-05-20,2,capacity_price,0.7897000884000293,0.67
2026-05-20,3,capacity_price,0.7519285794194017,0.67
2026-05-20,4,capacity_price,2.1700972336974225,0.67
2026-05-20,5,capacity_price,3.9184355720057673,0.67
2026-05-20,6,capacity_price,7.672000082550071,1.2
2026-05-20,7,capacity_price,17.414213232357046,6.69
2026-05-20,8,capacity_price,55.89780762776061,6.69
2026-05-20,9,capacity_price,18.61478788079786,1.2
2026-05-20,10,capacity_price,9.854374517862881,1.2
2026-05-20,11,capacity_price,7.596639232280684,1.2
2026-05-20,12,capacity_price,3.9276122577233337,0.67
2026-05-20,13,capacity_price,2.5962300803253866,0.67
2026-05-20,14,capacity_price,3.4139034847166347,0.67
2026-05-20,15,capacity_price,3.0448231706775926,1.2
2026-05-20,16,capacity_price,7.360701071309942,4.0
2026-05-20,17,capacity_price,24.753260389084925,12.58
2026-05-20,18,capacity_price,37.326198163753105,12.84
2026-05-20,19,capacity_price,86.78628638385487,30.0
2026-05-20,20,capacity_price,66.5635991161359,45.5
2026-05-20,21,capacity_price,26.39411521768855,30.0
2026-05-20,22,capacity_price,7.146135397804238,1.2
2026-05-20,23,capacity_price,1.9623302909226608,0.67
2026-05-21,0,capacity_price,0.7186031478825474,1.2
2026-05-21,1,capacity_price,0.7642873026246024,0.67
2026-05-21,2,capacity_price,0.8419932069120987,0.67
2026-05-21,3,capacity_price,1.0083102074128951,0.67
2026-05-21,4,capacity_price,2.8408062053536796,8.7
2026-05-21,5,capacity_price,2.5799909358650073,2.0
2026-05-21,6,capacity_price,1.4187053341562406,1.2
2026-05-21,7,capacity_price,4.665576276079341,4.0
2026-05-21,8,capacity_price,10.559447536777572,20.0
2026-05-21,9,capacity_price,8.519582258395095,1.2
2026-05-21,10,capacity_price,5.288035257469924,1.2
2026-05-21,11,capacity_price,2.0222171432930476,1.2
2026-05-21,12,capacity_price,1.4100318982469848,1.2
2026-05-21,13,capacity_price,1.616147875911534,0.67
2026-05-21,14,capacity_price,0.8277331437232832,0.67
2026-05-21,15,capacity_price,2.4960740225427185,1.2
2026-05-21,16,capacity_price,3.6095700268661863,1.2
2026-05-21,17,capacity_price,21.889470770788694,12.58
2026-05-21,18,capacity_price,42.60223010190498,26.77
2026-05-21,19,capacity_price,21.14351357382041,12.58
2026-05-21,20,capacity_price,39.02967879155041,23.5
2026-05-21,21,capacity_price,14.57334993001767,74.27
2026-05-21,22,capacity_price,5.736736653819169,1.2
2026-05-21,23,capacity_price,2.8139314239689175,0.67
2026-05-22,0,capacity_price,0.6625734677832267,1.2
2026-05-22,1,capacity_price,0.5498500486588975,0.67
2026-05-22,2,capacity_price,0.6659496761032335,0.67
2026-05-22,3,capacity_price,0.9122972051060295,0.67
2026-05-22,4,capacity_price,1.7485712881335969,1.2
2026-05-22,5,capacity_price,6.216561123922821,2.0
2026-05-22,6,capacity_price,1.7101240901644446,1.61
2026-05-22,7,capacity_price,6.292294385983352,1.61
2026-05-22,8,capacity_price,48.93595049444906,6.69
2026-05-22,9,capacity_price,7.9017010756395845,1.2
2026-05-22,10,capacity_price,1.7462886654522987,1.2
2026-05-22,11,capacity_price,1.751875609657146,1.2
2026-05-22,12,capacity_price,1.138552901973981,1.07
2026-05-22,13,capacity_price,0.886596845428677,0.67
2026-05-22,14,capacity_price,0.8016692904916105,0.67
2026-05-22,15,capacity_price,1.5650400463338001,0.67
2026-05-22,16,capacity_price,2.6614585996433235,0.67
2026-05-22,17,capacity_price,26.065680260948646,6.42
2026-05-22,18,capacity_price,42.5121180433112,6.0
2026-05-22,19,capacity_price,46.50509230415587,6.0
2026-05-22,20,capacity_price,27.77513491962179,6.69
2026-05-22,21,capacity_price,14.29291200294267,6.69
2026-05-22,22,capacity_price,11.679095838629184,1.2
2026-05-22,23,capacity_price,1.6109130408821457,0.67
2026-05-23,0,capacity_price,0.8127401966695758,1.2
2026-05-23,1,capacity_price,0.9623511567214352,1.2
2026-05-23,2,capacity_price,0.5912522670144654,0.67
2026-05-23,3,capacity_price,0.7596380720527032,0.67
2026-05-23,4,capacity_price,0.6211952576043114,0.67
2026-05-23,5,capacity_price,0.9280892416198367,2.0
2026-05-23,6,capacity_price,1.08411548673158,1.2
2026-05-23,7,capacity_price,4.695299577751292,1.2
2026-05-23,8,capacity_price,5.078034829127743,1.2
2026-05-23,9,capacity_price,2.4707729831571923,0.67
2026-05-23,10,capacity_price,0.84504039617486,0.67
2026-05-23,11,capacity_price,1.0978595506037647,0.54
2026-05-23,12,capacity_price,1.5328946658635176,0.54
2026-05-23,13,capacity_price,1.8606588078571695,0.2
2026-05-23,14,capacity_price,1.491753458704101,0.2
2026-05-23,15,capacity_price,0.8526886594473098,0.67
2026-05-23,16,capacity_price,0.8993487996072588,0.54
2026-05-23,17,capacity_price,18.74714822547057,4.0
2026-05-23,18,capacity_price,24.460501503962817,6.2
2026-05-23,19,capacity_price,25.86991663126164,12.58
2026-05-23,20,capacity_price,28.2122170861402,12.58
2026-05-23,21,capacity_price,6.858769546414277,9.9
2026-05-23,22,capacity_price,2.6638768852982224,12.58
2026-05-23,23,capacity_price,0.7368061634179353,1.2
2026-05-24,0,capacity_price,0.8117353255974954,1.2
2026-05-24,1,capacity_price,0.7616487787306336,1.2
2026-05-24,2,capacity_price,0.6934768281262721,0.67
2026-05-24,3,capacity_price,0.7297610567578081,0.67
2026-05-24,4,capacity_price,0.9904324244408034,1.2
2026-05-24,5,capacity_price,1.07232608231586,1.2
2026-05-24,6,capacity_price,1.2652239179384677,1.2
2026-05-24,7,capacity_price,3.7097147206756445,1.2
2026-05-24,8,capacity_price,0.6596077669000451,1.2
2026-05-24,9,capacity_price,2.544351127104971,0.67
2026-05-24,10,capacity_price,1.2344251049382398,0.67
2026-05-24,11,capacity_price,1.112197642673829,0.54
2026-05-24,12,capacity_price,0.9060052020153524,0.67
2026-05-24,13,capacity_price,0.9337269849355933,0.2
2026-05-24,14,capacity_price,0.5791116425584686,0.2
2026-05-24,15,capacity_price,1.2933979436148506,0.2
2026-05-24,16,capacity_price,1.6752557636407537,0.67
2026-05-24,17,capacity_price,11.563678518719549,2.68
2026-05-24,18,capacity_price,23.817498947796025,6.69
2026-05-24,19,capacity_price,24.4153209949141,20.0
2026-05-24,20,capacity_price,15.715255093271852,11.4
2026-05-24,21,capacity_price,8.622276006998645,11.4
2026-05-24,22,capacity_price,2.538516387456817,4.0
2026-05-24,23,capacity_price,0.9168085409119708,1.2
2026-05-25,0,capacity_price,0.8846865503447826,1.2
2026-05-25,1,capacity_price,0.8379409948668939,1.2
2026-05-25,2,capacity_price,0.5678106038891286,1.2
2026-05-25,3,capacity_price,0.6669816193631355,1.2
2026-05-25,4,capacity_price,0.8131444234249222,2.0
2026-05-25,5,capacity_price,0.9188749699043549,1.2
2026-05-25,6,capacity_price,1.3458284439219907,1.2
2026-05-25,7,capacity_price,1.549118045252151,1.2
2026-05-25,8,capacity_price,6.883989556536591,2.41
2026-05-25,9,capacity_price,3.1225948145675786,0.67
2026-05-25,10,capacity_price,1.161669144695693,0.67
2026-05-25,11,capacity_price,1.221097902475481,0.67
2026-05-25,12,capacity_price,0.88845654643477,0.67
2026-05-25,13,capacity_price,0.8475885484598015,0.27
2026-05-25,14,capacity_price,1.5011519051663191,0.67
2026-05-25,15,capacity_price,0.9910116369197468,0.67
2026-05-25,16,capacity_price,0.48480736769659777,0.67
2026-05-25,17,capacity_price,2.370326016612337,1.2
2026-05-25,18,capacity_price,7.75639267206276,6.9
2026-05-25,19,capacity_price,13.820302175779991,6.9
2026-05-25,20,capacity_price,10.917720437459623,52.0
2026-05-25,21,capacity_price,9.731551451166883,13.0
2026-05-25,22,capacity_price,2.409263796322644,1.2
2026-05-25,23,capacity_price,0.8459755012840964,0.67
2026-05-26,0,capacity_price,1.0003112402470518,2.0
2026-05-26,1,capacity_price,0.7119216862711294,0.67
2026-05-26,2,capacity_price,0.7687274624143123,1.2
2026-05-26,3,capacity_price,0.7476122684310488,1.2
2026-05-26,4,capacity_price,1.4915865800109813,1.2
2026-05-26,5,capacity_price,2.235121684089401,6.69
2026-05-26,6,capacity_price,2.0267592265162477,1.2
2026-05-26,7,capacity_price,6.665707488361277,4.0
2026-05-26,8,capacity_price,11.050861149700596,21.58
2026-05-26,9,capacity_price,6.2293098356313665,1.2
2026-05-26,10,capacity_price,3.745099839095021,0.67
2026-05-26,11,capacity_price,1.320658899264622,0.67
2026-05-26,12,capacity_price,1.2542052362206348,0.67
2026-05-26,13,capacity_price,1.5178379089892937,0.67
2026-05-26,14,capacity_price,1.1620150018158524,0.67
2026-05-26,15,capacity_price,1.0888953464991014,0.67
2026-05-26,16,capacity_price,1.0510642202921356,1.2
2026-05-26,17,capacity_price,5.975042031407289,6.69
2026-05-26,18,capacity_price,10.120515841680533,12.58
2026-05-26,19,capacity_price,32.38958657477264,12.71
2026-05-26,20,capacity_price,15.926866077258474,22.8
2026-05-26,21,capacity_price,15.762925154674923,20.08
2026-05-26,22,capacity_price,2.1858797933090552,1.2
2026-05-26,23,capacity_price,0.4867291521139465,0.67
2026-05-27,0,capacity_price,1.183562497596462,0.67
2026-05-27,1,capacity_price,0.7497430677671856,0.67
2026-05-27,2,capacity_price,0.840227739022488,0.67
2026-05-27,3,capacity_price,0.9349985313480054,0.67
2026-05-27,4,capacity_price,2.6854937252306743,1.2
2026-05-27,5,capacity_price,2.1939195145541057,2.0
2026-05-27,6,capacity_price,1.1470616407328436,1.2
2026-05-27,7,capacity_price,4.6592255108026315,4.0
2026-05-27,8,capacity_price,25.391011818677583,18.74
2026-05-27,9,capacity_price,4.933579612727665,6.69
2026-05-27,10,capacity_price,2.541010903644497,0.8
2026-05-27,11,capacity_price,0.7065746651594742,0.67
2026-05-27,12,capacity_price,0.7240530728478385,0.67
2026-05-27,13,capacity_price,1.1189223131087624,0.67
2026-05-27,14,capacity_price,1.8402646206363702,0.67
2026-05-27,15,capacity_price,0.822540391186552,0.67
2026-05-27,16,capacity_price,0.5693817517875727,0.8
2026-05-27,17,capacity_price,8.001972156614064,11.75
2026-05-27,18,capacity_price,15.2930045137001,13.4
2026-05-27,19,capacity_price,18.742684744603388,62.62
2026-05-27,20,capacity_price,20.853840246389172,82.43
2026-05-27,21,capacity_price,12.17938198118124,12.71
2026-05-27,22,capacity_price,1.9078084885585902,4.0
2026-05-27,23,capacity_price,0.7158085391131075,1.2
2026-05-28,0,capacity_price,1.1006158813799995,0.67
2026-05-28,1,capacity_price,0.9356323400544273,0.67
2026-05-28,2,capacity_price,0.7271923844489938,0.67
2026-05-28,3,capacity_price,0.7620887591190391,0.67
2026-05-28,4,capacity_price,3.089024687380286,0.67
2026-05-28,5,capacity_price,1.5905338258749642,1.2
2026-05-28,6,capacity_price,2.930743819329348,12.58
2026-05-28,7,capacity_price,2.484390004721009,12.71
2026-05-28,8,capacity_price,18.909062910509707,6.1
2026-05-28,9,capacity_price,1.6090392739797381,1.2
2026-05-28,10,capacity_price,0.5031148215550156,1.2
2026-05-28,11,capacity_price,1.2961430624852837,0.67
2026-05-28,12,capacity_price,0.7601238014230255,0.67
2026-05-28,13,capacity_price,0.4182636157189309,0.67
2026-05-28,14,capacity_price,0.3997034838131832,0.67
2026-05-28,15,capacity_price,0.8871644719831103,0.67
2026-05-28,16,capacity_price,0.7395965022340025,0.67
2026-05-28,17,capacity_price,7.730719677180718,4.0
2026-05-28,18,capacity_price,11.016616368795695,6.1
2026-05-28,19,capacity_price,20.632147812059817,12.58
2026-05-28,20,capacity_price,20.47033189351329,26.0
2026-05-28,21,capacity_price,12.049127643438998,117.37
2026-05-28,22,capacity_price,3.9732210771673597,1.2
2026-05-28,23,capacity_price,0.8061157995953212,0.67
2026-05-29,0,capacity_price,0.9295786979728222,0.67
2026-05-29,1,capacity_price,0.7798477328707233,0.67
2026-05-29,2,capacity_price,0.6635691515190845,0.67
2026-05-29,3,capacity_price,0.5623767399895866,0.67
2026-05-29,4,capacity_price,0.9374632561817275,0.67
2026-05-29,5,capacity_price,1.6274102219264224,1.2
2026-05-29,6,capacity_price,6.0191573834223,2.0
2026-05-29,7,capacity_price,6.275417051109332,12.58
2026-05-29,8,capacity_price,7.087100179479395,1.2
2026-05-29,9,capacity_price,0.2744807586545238,1.2
2026-05-29,10,capacity_price,0.6650339091795653,0.67
2026-05-29,11,capacity_price,0.33309519822229183,0.67
2026-05-29,12,capacity_price,0.6552921054152593,0.67
2026-05-29,13,capacity_price,0.2960248773533453,0.67
2026-05-29,14,capacity_price,0.5141997784481589,0.67
2026-05-29,15,capacity_price,0.7365819336338661,0.67
2026-05-29,16,capacity_price,-0.04983660834897648,0.67
2026-05-29,17,capacity_price,4.0207721769510165,1.2
2026-05-29,18,capacity_price,20.379496213242476,1.2
2026-05-29,19,capacity_price,42.93432829306235,6.0
2026-05-29,20,capacity_price,60.463114079072376,30.3
2026-05-29,21,capacity_price,19.25277983731786,12.71
2026-05-29,22,capacity_price,4.203920614046864,1.2
2026-05-29,23,capacity_price,1.2132357782204526,1.2
2026-05-30,0,capacity_price,0.7711913594784736,1.2
2026-05-30,1,capacity_price,0.7600299436598628,1.2
2026-05-30,2,capacity_price,0.6196543680419005,0.67
2026-05-30,3,capacity_price,0.7255130464006733,0.67
2026-05-30,4,capacity_price,0.7074764953752561,0.67
2026-05-30,5,capacity_price,1.232941143833961,1.2
2026-05-30,6,capacity_price,1.7917854658677994,20.0
2026-05-30,7,capacity_price,4.832284331529624,6.0
2026-05-30,8,capacity_price,1.260121485505262,12.58
2026-05-30,9,capacity_price,0.3446048990662264,6.69
2026-05-30,10,capacity_price,0.5592917808107515,0.67
2026-05-30,11,capacity_price,0.5462097638038428,0.67
2026-05-30,12,capacity_price,0.6586401844755047,0.67
2026-05-30,13,capacity_price,0.5706264469515588,0.67
2026-05-30,14,capacity_price,0.6292329392972115,0.67
2026-05-30,15,capacity_price,0.8992600426319096,0.67
2026-05-30,16,capacity_price,0.21659765808851408,0.67
2026-05-30,17,capacity_price,6.519318036363079,5.35
2026-05-30,18,capacity_price,21.530348203897194,20.0
2026-05-30,19,capacity_price,24.859140742164055,12.71
2026-05-30,20,capacity_price,24.443778264865827,116.56
2026-05-30,21,capacity_price,10.297418460158228,12.71
2026-05-30,22,capacity_price,4.6648399019530755,4.0
2026-05-30,23,capacity_price,0.744236007317899,1.2
2026-05-31,0,capacity_price,0.9299957911478968,1.2
2026-05-31,1,capacity_price,0.8536357265837646,1.2
2026-05-31,2,capacity_price,0.7428338558081446,1.2
2026-05-31,3,capacity_price,0.7361062031928188,0.67
2026-05-31,4,capacity_price,0.5867394311027871,1.2
2026-05-31,5,capacity_price,0.9649528973584063,1.2
2026-05-31,6,capacity_price,5.016155098644374,1.2
2026-05-31,7,capacity_price,9.31539930918185,1.2
2026-05-31,8,capacity_price,18.81250639363448,1.2
2026-05-31,9,capacity_price,1.6100650355825532,1.34
2026-05-31,10,capacity_price,0.8974123819329365,0.67
2026-05-31,11,capacity_price,0.5425622890825439,0.67
2026-05-31,12,capacity_price,0.6722574212883881,0.67
2026-05-31,13,capacity_price,0.6193306256967125,0.67
2026-05-31,14,capacity_price,0.6215963692491725,0.54
2026-05-31,15,capacity_price,0.8028518094132807,0.67
2026-05-31,16,capacity_price,0.5830653764935517,0.67
2026-05-31,17,capacity_price,4.617410672102682,1.2
2026-05-31,18,capacity_price,7.177933695269124,1.2
2026-05-31,19,capacity_price,24.41994519151221,12.58
2026-05-31,20,capacity_price,35.331705701682154,17.3
2026-05-31,21,capacity_price,9.826496479879891,4.0
2026-05-31,22,capacity_price,3.133462721393505,1.2
2026-05-31,23,capacity_price,1.546396688087063,0.67
2026-06-01,0,capacity_price,1.0823242162194573,2.01
2026-06-01,1,capacity_price,0.7576644722802377,0.67
2026-06-01,2,capacity_price,0.7188175862024635,0.67
2026-06-01,3,capacity_price,0.6586040061917068,2.01
2026-06-01,4,capacity_price,0.7591138307289401,2.01
2026-06-01,5,capacity_price,1.1919653773280496,2.01
2026-06-01,6,capacity_price,4.002042869899395,2.01
2026-06-01,7,capacity_price,2.00932433419834,2.01
2026-06-01,8,capacity_price,8.001765246266505,2.01
2026-06-01,9,capacity_price,1.9740704751180607,2.01
2026-06-01,10,capacity_price,0.7802667769985063,2.01
2026-06-01,11,capacity_price,0.6060329494316389,6.69
2026-06-01,12,capacity_price,0.6529282387599875,2.01
2026-06-01,13,capacity_price,0.6213317974909082,2.01
2026-06-01,14,capacity_price,0.559398881845971,2.01
2026-06-01,15,capacity_price,0.6174356270163934,6.69
2026-06-01,16,capacity_price,0.9474803711591931,2.01
2026-06-01,17,capacity_price,4.368892972163924,2.01
2026-06-01,18,capacity_price,15.641845836298303,2.01
2026-06-01,19,capacity_price,10.6944909731331,14.0
2026-06-01,20,capacity_price,29.299637309338802,22.0
2026-06-01,21,capacity_price,13.006489240230993,12.58
2026-06-01,22,capacity_price,5.093228805350635,2.01
2026-06-01,23,capacity_price,1.184683180186594,0.67
2026-06-02,0,capacity_price,0.8042126357434701,2.01
2026-06-02,1,capacity_price,0.7235002901738596,2.0
2026-06-02,2,capacity_price,0.8674850169410754,0.67
2026-06-02,3,capacity_price,0.9238176973420793,0.67
2026-06-02,4,capacity_price,1.1887858072380153,0.67
2026-06-02,5,capacity_price,2.0659071765070767,2.01
2026-06-02,6,capacity_price,1.5122018438414622,6.0
2026-06-02,7,capacity_price,4.004919548167673,6.0
2026-06-02,8,capacity_price,2.3542184638792802,2.01
2026-06-02,9,capacity_price,1.7092572676928153,2.01
2026-06-02,10,capacity_price,4.517703886966176,2.01
2026-06-02,11,capacity_price,3.055022030101484,2.01
2026-06-02,12,capacity_price,1.314972537990746,2.01
2026-06-02,13,capacity_price,0.9166664001416113,2.01
2026-06-02,14,capacity_price,0.8516573128819608,2.01
2026-06-02,15,capacity_price,0.7938161538791909,6.69
2026-06-02,16,capacity_price,2.6259235540945425,2.01
2026-06-02,17,capacity_price,26.25079034461284,2.01
2026-06-02,18,capacity_price,18.610635272714003,2.01
2026-06-02,19,capacity_price,21.480189159496874,12.71
2026-06-02,20,capacity_price,39.079419456313765,9.4
2026-06-02,21,capacity_price,12.816898523684342,9.4
2026-06-02,22,capacity_price,3.574779127989598,2.01
2026-06-02,23,capacity_price,1.2815350471717442,0.67
2026-06-03,0,capacity_price,1.1796547564193052,2.01
2026-06-03,1,capacity_price,0.7982925778867768,0.67
2026-06-03,2,capacity_price,0.6656185714189282,0.67
2026-06-03,3,capacity_price,0.683164227956582,0.67
2026-06-03,4,capacity_price,1.9758787202113939,2.01
2026-06-03,5,capacity_price,0.9285826146454673,2.01
2026-06-03,6,capacity_price,1.971970949310034,6.69
2026-06-03,7,capacity_price,5.742940245501972,2.01
2026-06-03,8,capacity_price,4.494803792560242,2.01
2026-06-03,9,capacity_price,6.492861995812288,2.01
2026-06-03,10,capacity_price,6.806218557292606,5.75
2026-06-03,11,capacity_price,2.1285939081701835,2.01
2026-06-03,12,capacity_price,1.187122095931244,2.68
2026-06-03,13,capacity_price,1.2929137000369095,2.68
2026-06-03,14,capacity_price,1.4503433399890135,2.01
2026-06-03,15,capacity_price,2.20699605826069,2.01
2026-06-03,16,capacity_price,2.7834850342441326,0.67
2026-06-03,17,capacity_price,20.22597004283486,2.01
2026-06-03,18,capacity_price,22.838661039696785,2.01
2026-06-03,19,capacity_price,29.698277471991354,12.71
2026-06-03,20,capacity_price,56.240821279862494,10.9
2026-06-03,21,capacity_price,14.51542652997583,12.84
2026-06-03,22,capacity_price,3.565898800209154,4.0
2026-06-03,23,capacity_price,0.8497955005236091,2.01
2026-06-04,0,capacity_price,1.2499805782154563,1.07
2026-06-04,1,capacity_price,0.7308573050687865,1.07
2026-06-04,2,capacity_price,0.6479552404467984,0.67
2026-06-04,3,capacity_price,0.7760541281506639,1.07
2026-06-04,4,capacity_price,1.5772517797893533,1.07
2026-06-04,5,capacity_price,3.8658010476883757,0.67
2026-06-04,6,capacity_price,5.351737093392976,2.01
2026-06-04,7,capacity_price,2.139981004729828,2.01
2026-06-04,8,capacity_price,2.3124353529050903,2.01
2026-06-04,9,capacity_price,2.718827263321896,2.58
2026-06-04,10,capacity_price,0.23540666330674093,0.67
2026-06-04,11,capacity_price,1.148964578809051,0.67
2026-06-04,12,capacity_price,1.7172138366882022,0.67
2026-06-04,13,capacity_price,1.3731139763417364,0.67
2026-06-04,14,capacity_price,1.8922758408106424,0.67
2026-06-04,15,capacity_price,1.1555486847132932,0.67
2026-06-04,16,capacity_price,0.6681885669700464,1.07
2026-06-04,17,capacity_price,5.608768782125011,6.69
2026-06-04,18,capacity_price,12.067698972327841,2.01
2026-06-04,19,capacity_price,17.01329436196827,10.3
2026-06-04,20,capacity_price,47.76274898467663,13.38
2026-06-04,21,capacity_price,28.5027191539593,11.77
2026-06-04,22,capacity_price,8.87352577458353,2.01
2026-06-04,23,capacity_price,1.6794286516182915,2.94
2026-06-05,0,capacity_price,0.9089159996735013,2.01
2026-06-05,1,capacity_price,0.7554338078307166,0.67
2026-06-05,2,capacity_price,0.5018974755156511,0.67
2026-06-05,3,capacity_price,0.876746137825204,0.67
2026-06-05,4,capacity_price,0.8927383606996632,0.67
2026-06-05,5,capacity_price,1.4125059186505742,0.67
2026-06-05,6,capacity_price,2.8414575243020312,2.01
2026-06-05,7,capacity_price,1.8656493555586506,2.01
2026-06-05,8,capacity_price,2.870144320951605,2.01
2026-06-05,9,capacity_price,1.0107851341113436,2.01
2026-06-05,10,capacity_price,0.6012365138447697,1.07
2026-06-05,11,capacity_price,0.6782968033457034,0.67
2026-06-05,12,capacity_price,0.9595022725281743,0.67
2026-06-05,13,capacity_price,1.101891885122781,0.67
2026-06-05,14,capacity_price,0.8056834079413461,0.67
2026-06-05,15,capacity_price,0.7158083368200392,0.67
2026-06-05,16,capacity_price,0.5152037962386705,1.47
2026-06-05,17,capacity_price,7.068567682461765,2.01
2026-06-05,18,capacity_price,4.354962360048389,2.01
2026-06-05,19,capacity_price,15.026405808550955,66.9
2026-06-05,20,capacity_price,32.13909136534296,145.73
2026-06-05,21,capacity_price,11.90040150233271,15.4
2026-06-05,22,capacity_price,3.3869909197226478,2.01
2026-06-05,23,capacity_price,1.770417875195896,0.67
2026-06-06,0,capacity_price,1.1445750398775663,0.67
2026-06-06,1,capacity_price,0.6702921226271172,0.67
2026-06-06,2,capacity_price,0.6682871399876454,0.67
2026-06-06,3,capacity_price,0.7188372226760162,0.67
2026-06-06,4,capacity_price,2.2166617257244305,2.0
2026-06-06,5,capacity_price,1.0513191427468638,2.01
2026-06-06,6,capacity_price,6.477245429152205,2.01
2026-06-06,7,capacity_price,4.220900780919112,2.01
2026-06-06,8,capacity_price,9.81245607370214,12.27
2026-06-06,9,capacity_price,0.8413199450385018,2.01
2026-06-06,10,capacity_price,3.727594795021388,2.01
2026-06-06,11,capacity_price,0.9542342967708451,3.35
2026-06-06,12,capacity_price,1.133489702258789,0.67
2026-06-06,13,capacity_price,0.8138419113240192,0.67
2026-06-06,14,capacity_price,0.49716620332297107,1.96
2026-06-06,15,capacity_price,1.3505350409117136,0.67
2026-06-06,16,capacity_price,2.5234109099334536,2.01
2026-06-06,17,capacity_price,16.967113330244636,3.35
2026-06-06,18,capacity_price,17.590063705694128,2.01
2026-06-06,19,capacity_price,22.404380571919774,90.32
2026-06-06,20,capacity_price,18.77117187858554,12.84
2026-06-06,21,capacity_price,15.59770896900198,73.59
2026-06-06,22,capacity_price,1.012600677002581,4.0
2026-06-06,23,capacity_price,1.2001605487213431,2.01
2026-06-07,0,capacity_price,0.9940011805786558,2.01
2026-06-07,1,capacity_price,0.9049714006663392,0.67
2026-06-07,2,capacity_price,0.6298278721894118,0.67
2026-06-07,3,capacity_price,0.7718229071813528,0.67
2026-06-07,4,capacity_price,1.146652848408516,0.67
2026-06-07,5,capacity_price,2.1946999875570508,2.0
2026-06-07,6,capacity_price,1.51423038894662,2.01
2026-06-07,7,capacity_price,6.406235170360412,2.01
2026-06-07,8,capacity_price,21.058431839521816,2.01
2026-06-07,9,capacity_price,3.051669799302641,0.67
2026-06-07,10,capacity_price,3.188005107025152,0.67
2026-06-07,11,capacity_price,1.407394644430646,0.67
2026-06-07,12,capacity_price,1.4084968246724705,0.67
2026-06-07,13,capacity_price,0.788531402882911,0.2
2026-06-07,14,capacity_price,1.1792408574421849,0.2
2026-06-07,15,capacity_price,0.8420038968418158,0.23
2026-06-07,16,capacity_price,2.0995239896036484,0.54
2026-06-07,17,capacity_price,14.111526273515176,2.01
2026-06-07,18,capacity_price,13.778576601365378,2.01
2026-06-07,19,capacity_price,23.9359638774641,69.58
2026-06-07,20,capacity_price,23.05575818161384,52.85
2026-06-07,21,capacity_price,16.616022196023696,20.0
2026-06-07,22,capacity_price,3.057101051505518,0.67
2026-06-07,23,capacity_price,2.0003479417256247,0.67
2026-06-08,0,capacity_price,1.1086439727967927,0.67
2026-06-08,1,capacity_price,0.7253815424303052,0.67
2026-06-08,2,capacity_price,0.5855888546839777,0.67
2026-06-08,3,capacity_price,0.6498341807150998,0.67
2026-06-08,4,capacity_price,0.7835453895542851,2.0
2026-06-08,5,capacity_price,1.470429939309279,2.01
2026-06-08,6,capacity_price,3.2136399868612875,53.52
2026-06-08,7,capacity_price,2.742079643008489,2.01
2026-06-08,8,capacity_price,7.213015012267811,2.01
2026-06-08,9,capacity_price,1.3049018727648878,6.69
2026-06-08,10,capacity_price,0.5030392213257974,2.01
2026-06-08,11,capacity_price,0.7854973679626921,2.01
2026-06-08,12,capacity_price,1.1474710396630772,2.01
2026-06-08,13,capacity_price,0.880550082003681,2.01
2026-06-08,14,capacity_price,1.1693087504229582,2.01
2026-06-08,15,capacity_price,0.9008935173888664,2.01
2026-06-08,16,capacity_price,0.648684387316297,2.01
2026-06-08,17,capacity_price,4.245283149322721,2.01
2026-06-08,18,capacity_price,11.16567365155807,2.01
2026-06-08,19,capacity_price,40.791635654252126,152.14
2026-06-08,20,capacity_price,19.39599598749854,27.16
2026-06-08,21,capacity_price,16.906601986739954,27.03
2026-06-08,22,capacity_price,1.9170147388599963,2.01
2026-06-08,23,capacity_price,0.5707706355716895,0.67
2026-06-09,0,capacity_price,0.8086385225972369,0.67
2026-06-09,1,capacity_price,0.7615096845664454,0.67
2026-06-09,2,capacity_price,0.6825569266712672,0.67
2026-06-09,3,capacity_price,0.7438850009690449,0.67
2026-06-09,4,capacity_price,0.7320352146598,0.67
2026-06-09,5,capacity_price,2.2518900491203544,2.01
2026-06-09,6,capacity_price,4.815470426740137,26.76
2026-06-09,7,capacity_price,3.026998328930159,20.0
2026-06-09,8,capacity_price,4.107810745131848,6.0
2026-06-09,9,capacity_price,5.27091359224932,6.0
2026-06-09,10,capacity_price,3.4414940485690084,13.38
2026-06-09,11,capacity_price,1.7426538284586717,2.01
2026-06-09,12,capacity_price,1.4091160299869019,2.01
2026-06-09,13,capacity_price,1.1788396870669036,2.01
2026-06-09,14,capacity_price,1.272555727098603,0.67
2026-06-09,15,capacity_price,1.7093191582028098,0.67
2026-06-09,16,capacity_price,2.5963491125082303,0.67
2026-06-09,17,capacity_price,11.66089895384642,2.01
2026-06-09,18,capacity_price,17.68614745186945,2.01
2026-06-09,19,capacity_price,68.30916563546131,20.0
2026-06-09,20,capacity_price,50.92620803152794,73.59
2026-06-09,21,capacity_price,27.3632923274375,55.0
2026-06-09,22,capacity_price,4.654954301628005,2.01
2026-06-09,23,capacity_price,0.9799772608757521,0.67
2026-06-10,0,capacity_price,1.0727227618337911,0.67
2026-06-10,1,capacity_price,0.7357257999499953,0.67
2026-06-10,2,capacity_price,0.5768904165252354,0.67
2026-06-10,3,capacity_price,0.6910936515281895,0.67
2026-06-10,4,capacity_price,1.8040313874896297,0.67
2026-06-10,5,capacity_price,2.0418815029418558,2.01
2026-06-10,6,capacity_price,7.532919721847076,6.1
2026-06-10,7,capacity_price,9.356890674697842,2.01
2026-06-10,8,capacity_price,4.534072371078947,2.01
2026-06-10,9,capacity_price,4.730397540287182,2.01
2026-06-10,10,capacity_price,4.3468596081106705,2.01
2026-06-10,11,capacity_price,1.490192520786022,2.01
2026-06-10,12,capacity_price,1.5737836355323795,2.01
2026-06-10,13,capacity_price,1.274844078983122,2.01
2026-06-10,14,capacity_price,1.311477882677294,2.01
2026-06-10,15,capacity_price,1.4091959544116914,2.01
2026-06-10,16,capacity_price,1.5427388041994199,2.01
2026-06-10,17,capacity_price,4.516712182121545,2.01
2026-06-10,18,capacity_price,7.391177189506103,2.01
2026-06-10,19,capacity_price,26.50554230107389,77.21
2026-06-10,20,capacity_price,54.14831110161834,173.93
2026-06-10,21,capacity_price,35.86873180259449,27.16
2026-06-10,22,capacity_price,3.8875216138558706,2.01
2026-06-10,23,capacity_price,1.9204872558301562,0.67
2026-06-11,0,capacity_price,0.9993929008569254,0.67
2026-06-11,1,capacity_price,0.6929754275474362,0.67
2026-06-11,2,capacity_price,0.6493814744779224,0.67
2026-06-11,3,capacity_price,0.7192306609733407,0.67
2026-06-11,4,capacity_price,1.1336422427160195,0.67
2026-06-11,5,capacity_price,3.0508943082895126,2.0
2026-06-11,6,capacity_price,6.743340645670012,2.01
2026-06-11,7,capacity_price,5.879022832680083,2.01
2026-06-11,8,capacity_price,2.699349998302315,2.01
2026-06-11,9,capacity_price,2.634498638560493,5.35
2026-06-11,10,capacity_price,2.3008151115259965,2.94
2026-06-11,11,capacity_price,1.2402066339123947,2.01
2026-06-11,12,capacity_price,1.743256061168742,0.67
2026-06-11,13,capacity_price,1.1134233242926106,0.67
2026-06-11,14,capacity_price,1.1417652570889651,0.67
2026-06-11,15,capacity_price,1.4726805349516363,0.67
2026-06-11,16,capacity_price,1.1667918079097037,0.67
2026-06-11,17,capacity_price,1.5517089190525033,2.01
2026-06-11,18,capacity_price,2.217561931661023,2.01
2026-06-11,19,capacity_price,41.97531166920278,69.58
2026-06-11,20,capacity_price,59.58212538148965,26.89
2026-06-11,21,capacity_price,25.99753843495042,9.4
2026-06-11,22,capacity_price,4.121924044216801,2.01
2026-06-11,23,capacity_price,1.3202122326940442,0.67
2026-06-12,0,capacity_price,0.9334572495175095,0.67
2026-06-12,1,capacity_price,0.671991004104498,0.67
2026-06-12,2,capacity_price,0.6199225558911857,0.67
2026-06-12,3,capacity_price,0.6772245609680526,0.67
2026-06-12,4,capacity_price,0.9878032439567644,0.67
2026-06-12,5,capacity_price,2.039973833774176,0.67
2026-06-12,6,capacity_price,2.703827680304764,2.27
2026-06-12,7,capacity_price,0.5447199650742086,2.01
2026-06-12,8,capacity_price,0.4245606689698491,2.01
2026-06-12,9,capacity_price,4.7281054092634145,2.01
2026-06-12,10,capacity_price,1.176234298829388,2.01
2026-06-12,11,capacity_price,0.9165160624722225,2.01
2026-06-12,12,capacity_price,1.027065835054483,2.01
2026-06-12,13,capacity_price,1.0475852703833577,2.01
2026-06-12,14,capacity_price,1.0155896700336062,0.67
2026-06-12,15,capacity_price,1.0092744439046313,0.74
2026-06-12,16,capacity_price,1.1895825168278535,2.01
2026-06-12,17,capacity_price,1.513110370974149,2.01
2026-06-12,18,capacity_price,1.8336393787953984,11.48
2026-06-12,19,capacity_price,57.341087382418564,27.02
2026-06-12,20,capacity_price,42.555476569813244,28.32
2026-06-12,21,capacity_price,9.704694637726696,26.89
2026-06-12,22,capacity_price,1.6642338196495272,2.01
2026-06-12,23,capacity_price,1.5369273975317634,0.67
2026-06-13,0,capacity_price,0.6604147867201565,2.0
2026-06-13,1,capacity_price,0.5827792988686588,0.67
2026-06-13,2,capacity_price,0.652615234749986,0.67
2026-06-13,3,capacity_price,0.645860552757866,0.67
2026-06-13,4,capacity_price,0.8234033048456636,0.67
2026-06-13,5,capacity_price,1.5699254289532838,2.01
2026-06-13,6,capacity_price,3.3607609975479478,6.69
2026-06-13,7,capacity_price,2.662702450286879,2.01
2026-06-13,8,capacity_price,3.913083396375963,0.67
2026-06-13,9,capacity_price,5.948620400326351,0.67
2026-06-13,10,capacity_price,4.703730862581796,0.54
2026-06-13,11,capacity_price,2.4051871537258442,0.54
2026-06-13,12,capacity_price,1.563928114198273,0.54
2026-06-13,13,capacity_price,1.198472439368504,0.67
2026-06-13,14,capacity_price,0.9550689736081929,0.67
2026-06-13,15,capacity_price,0.9541983424431714,0.67
2026-06-13,16,capacity_price,1.7331863593248276,0.67
2026-06-13,17,capacity_price,7.8305522737546385,0.67
2026-06-13,18,capacity_price,1.9916582353000067,0.67
2026-06-13,19,capacity_price,48.85153660605664,6.0
2026-06-13,20,capacity_price,44.968529131751446,27.02
2026-06-13,21,capacity_price,19.018682875362607,26.89
2026-06-13,22,capacity_price,2.1046419745764684,2.01
2026-06-13,23,capacity_price,0.6619795153557767,0.67
2026-06-14,0,capacity_price,0.9811708986608082,2.01
2026-06-14,1,capacity_price,0.7115299880994636,3.88
2026-06-14,2,capacity_price,0.6347277124625161,0.67
2026-06-14,3,capacity_price,0.673974687107362,0.67
2026-06-14,4,capacity_price,0.5724267515642586,0.67
2026-06-14,5,capacity_price,1.909814041871152,2.01
2026-06-14,6,capacity_price,3.96467869510559,0.67
2026-06-14,7,capacity_price,2.094873544276894,0.67
2026-06-14,8,capacity_price,2.4087875848611646,0.67
2026-06-14,9,capacity_price,3.454994700301081,0.54
2026-06-14,10,capacity_price,0.816484737788275,0.67
2026-06-14,11,capacity_price,0.8150741354631796,0.67
2026-06-14,12,capacity_price,1.1441553087924623,0.54
2026-06-14,13,capacity_price,1.265288359820854,0.54
2026-06-14,14,capacity_price,0.8086297550801378,0.67
2026-06-14,15,capacity_price,0.7238240828569282,0.54
2026-06-14,16,capacity_price,0.9816919803969123,0.67
2026-06-14,17,capacity_price,2.004128119231579,0.67
2026-06-14,18,capacity_price,3.094952110381242,2.01
2026-06-14,19,capacity_price,20.44433083235516,6.0
2026-06-14,20,capacity_price,20.83952632581019,56.03
2026-06-14,21,capacity_price,23.428671116992838,9.3
2026-06-14,22,capacity_price,1.8651841915437084,2.01
2026-06-14,23,capacity_price,0.6819426130486923,0.67
2026-06-15,0,capacity_price,1.1015911566562204,0.67
2026-06-15,1,capacity_price,0.81221364091926,0.67
2026-06-15,2,capacity_price,0.6963988896132886,0.67
2026-06-15,3,capacity_price,0.7156162507892884,0.67
2026-06-15,4,capacity_price,1.041332713082151,2.01
2026-06-15,5,capacity_price,1.5396707298993781,2.0
2026-06-15,6,capacity_price,3.5460620286341147,2.01
2026-06-15,7,capacity_price,2.29792896075175,2.01
2026-06-15,8,capacity_price,5.4104187642431265,2.01
2026-06-15,9,capacity_price,3.402798970914162,2.01
2026-06-15,10,capacity_price,1.9367801206826578,4.01
2026-06-15,11,capacity_price,1.566373687245012,2.01
2026-06-15,12,capacity_price,1.4054752220599174,2.01
2026-06-15,13,capacity_price,1.9746306313550808,2.94
2026-06-15,14,capacity_price,1.8069494771762082,0.83
2026-06-15,15,capacity_price,1.2855733240122664,2.01
2026-06-15,16,capacity_price,1.821326137675176,2.01
2026-06-15,17,capacity_price,4.67453174338513,2.01
2026-06-15,18,capacity_price,2.0763763414244885,2.01
2026-06-15,19,capacity_price,18.441409271953425,87.34
2026-06-15,20,capacity_price,61.278356103571014,108.52
2026-06-15,21,capacity_price,19.97137159860374,33.58
2026-06-15,22,capacity_price,2.0894668760322634,0.67
2026-06-15,23,capacity_price,0.6289309095392281,0.67
2026-06-16,0,capacity_price,0.9466359429521151,0.67
2026-06-16,1,capacity_price,0.6989174826515302,0.67
2026-06-16,2,capacity_price,0.7130257661463466,0.67
2026-06-16,3,capacity_price,0.804879385739478,0.67
2026-06-16,4,capacity_price,1.8487381862649694,0.67
2026-06-16,5,capacity_price,2.148068043514396,0.67
2026-06-16,6,capacity_price,4.170938282896024,2.01
2026-06-16,7,capacity_price,4.925675668543691,2.01
2026-06-16,8,capacity_price,4.7176732540992825,2.01
2026-06-16,9,capacity_price,1.9447030397647687,2.01
2026-06-16,10,capacity_price,5.00632778040673,2.94
2026-06-16,11,capacity_price,1.528756526495943,4.0
2026-06-16,12,capacity_price,1.3890245403001256,6.69
2026-06-16,13,capacity_price,1.3714774313024034,2.01
2026-06-16,14,capacity_price,1.3304777541327208,2.01
2026-06-16,15,capacity_price,1.2333594942042208,2.94
2026-06-16,16,capacity_price,1.3581240782177986,2.94
2026-06-16,17,capacity_price,4.006863930658937,2.01
2026-06-16,18,capacity_price,3.1331133058398573,2.01
2026-06-16,19,capacity_price,67.46517331059319,132.11
2026-06-16,20,capacity_price,49.04992468044838,152.67
2026-06-16,21,capacity_price,34.12015497270207,69.58
2026-06-16,22,capacity_price,2.0259892891043854,2.01
2026-06-16,23,capacity_price,0.7803518539445536,0.67
2026-06-17,0,capacity_price,0.9275957672352511,0.67
2026-06-17,1,capacity_price,0.6534169038313309,0.67
2026-06-17,2,capacity_price,0.6700331050753424,0.67
2026-06-17,3,capacity_price,0.7323128702965848,0.67
2026-06-17,4,capacity_price,1.2226975263492164,0.67
2026-06-17,5,capacity_price,2.166751316849074,0.67
2026-06-17,6,capacity_price,5.916092563764137,2.01
2026-06-17,7,capacity_price,6.447369647146157,2.01
2026-06-17,8,capacity_price,2.2911403509706996,2.01
2026-06-17,9,capacity_price,2.442366855443398,2.01
2026-06-17,10,capacity_price,3.725965802621968,6.0
2026-06-17,11,capacity_price,2.1222882199424054,13.38
2026-06-17,12,capacity_price,2.121892657095276,13.38
2026-06-17,13,capacity_price,1.5776123326623146,14.92
2026-06-17,14,capacity_price,1.5337767817929528,15.41
2026-06-17,15,capacity_price,1.9715657559473125,2.01
2026-06-17,16,capacity_price,2.5521442822472786,6.69
2026-06-17,17,capacity_price,1.7553443185785083,2.01
2026-06-17,18,capacity_price,8.331279881080903,26.36
2026-06-17,19,capacity_price,66.99825066189328,49.77
2026-06-17,20,capacity_price,55.16143166046115,69.57
2026-06-17,21,capacity_price,34.48794255695977,33.72
2026-06-17,22,capacity_price,3.311731042879352,2.01
2026-06-17,23,capacity_price,0.8741368258691584,0.67
2026-06-18,0,capacity_price,0.7176265956500604,0.67
2026-06-18,1,capacity_price,0.7374110162892508,0.67
2026-06-18,2,capacity_price,0.6589604648196019,0.67
2026-06-18,3,capacity_price,0.6708033032716786,0.67
2026-06-18,4,capacity_price,0.5124339040941676,0.67
2026-06-18,5,capacity_price,2.123163886163051,0.67
2026-06-18,6,capacity_price,2.885780297317618,2.0
2026-06-18,7,capacity_price,1.5844014065962322,2.01
2026-06-18,8,capacity_price,2.1820975866691588,2.01
2026-06-18,9,capacity_price,2.8648057133431406,4.0
2026-06-18,10,capacity_price,3.7037057691624162,4.01
2026-06-18,11,capacity_price,2.828485614259635,2.01
2026-06-18,12,capacity_price,1.7712472847383105,4.01
2026-06-18,13,capacity_price,1.849610439594269,0.67
2026-06-18,14,capacity_price,0.8144390142811588,0.67
2026-06-18,15,capacity_price,1.3307731848455733,1.2
2026-06-18,16,capacity_price,4.498302985061931,2.01
2026-06-18,17,capacity_price,5.976332041343026,2.01
2026-06-18,18,capacity_price,11.875506155801336,2.01
2026-06-18,19,capacity_price,37.24554246449015,33.58
2026-06-18,20,capacity_price,57.95384284783545,40.1
2026-06-18,21,capacity_price,28.102959822795395,33.85
2026-06-18,22,capacity_price,2.115191638542517,2.01
2026-06-18,23,capacity_price,2.042612430162718,0.67
2026-06-19,0,capacity_price,0.7190946682000853,1.2
2026-06-19,1,capacity_price,0.6259417486469872,0.67
2026-06-19,2,capacity_price,0.6349336146894182,0.67
2026-06-19,3,capacity_price,0.6233875539570959,0.67
2026-06-19,4,capacity_price,0.7037456703440881,0.67
2026-06-19,5,capacity_price,1.0531781304834076,1.2
2026-06-19,6,capacity_price,1.819534961462021,2.01
2026-06-19,7,capacity_price,1.3572281606551762,13.38
2026-06-19,8,capacity_price,0.9332210123277216,2.01
2026-06-19,9,capacity_price,1.8675116010497779,2.01
2026-06-19,10,capacity_price,2.821902251822393,3.34
2026-06-19,11,capacity_price,2.0747413691569507,3.34
2026-06-19,12,capacity_price,2.3061391495213206,1.2
2026-06-19,13,capacity_price,1.79881806083674,0.67
2026-06-19,14,capacity_price,1.8289224673023048,0.67
2026-06-19,15,capacity_price,1.5238362452304077,0.67
2026-06-19,16,capacity_price,1.3560043790687593,0.67
2026-06-19,17,capacity_price,2.447549094003693,2.01
2026-06-19,18,capacity_price,14.528546689514684,2.01
2026-06-19,19,capacity_price,24.742023803068612,120.62
2026-06-19,20,capacity_price,47.931092579853946,120.42
2026-06-19,21,capacity_price,31.667271459634044,33.71
2026-06-19,22,capacity_price,1.6854548214539429,2.01
2026-06-19,23,capacity_price,0.6450215136648388,0.67
2026-06-20,0,capacity_price,0.9856155314179169,0.67
2026-06-20,1,capacity_price,0.729176112273364,0.36
2026-06-20,2,capacity_price,0.6530719594886792,0.36
2026-06-20,3,capacity_price,0.6203969577614161,0.36
2026-06-20,4,capacity_price,0.984919806463063,0.36
2026-06-20,5,capacity_price,1.4550017448864245,0.36
2026-06-20,6,capacity_price,3.4718693535439664,2.01
2026-06-20,7,capacity_price,6.240086221573231,2.01
2026-06-20,8,capacity_price,1.2701535350675137,6.69
2026-06-20,9,capacity_price,1.3373920858935646,8.03
2026-06-20,10,capacity_price,0.8920586490423775,0.36
2026-06-20,11,capacity_price,1.7262422539016358,0.67
2026-06-20,12,capacity_price,1.267404712494364,0.54
2026-06-20,13,capacity_price,0.7780835705051781,0.54
2026-06-20,14,capacity_price,0.5747101109699821,0.67
2026-06-20,15,capacity_price,0.6349814387804348,0.54
2026-06-20,16,capacity_price,1.9573321070975183,1.2
2026-06-20,17,capacity_price,1.8640942722210787,4.0
2026-06-20,18,capacity_price,12.690509443471306,4.0
2026-06-20,19,capacity_price,26.46546558261518,13.38
2026-06-20,20,capacity_price,48.37203706918783,180.63
2026-06-20,21,capacity_price,24.464197853880734,202.61
2026-06-20,22,capacity_price,2.0612766397044764,101.56
2026-06-20,23,capacity_price,0.7793246734968748,19.7
2026-06-21,0,capacity_price,1.0853321910797966,1.2
2026-06-21,1,capacity_price,0.8451462077801786,0.38
2026-06-21,2,capacity_price,0.6966774237893092,0.38
2026-06-21,3,capacity_price,0.6798359470034016,0.38
2026-06-21,4,capacity_price,1.4627795551271645,0.38
2026-06-21,5,capacity_price,1.3115498878850038,0.38
2026-06-21,6,capacity_price,1.7869408325176894,1.2
2026-06-21,7,capacity_price,2.4146488687631944,2.01
2026-06-21,8,capacity_price,8.689047101591553,2.01
2026-06-21,9,capacity_price,3.32306485341351,0.54
2026-06-21,10,capacity_price,0.7826092034417137,0.67
2026-06-21,11,capacity_price,0.6818901099088656,4.01
2026-06-21,12,capacity_price,0.6514361513827284,1.34
2026-06-21,13,capacity_price,0.5369299112571173,1.2
2026-06-21,14,capacity_price,0.4406738869051099,1.2
2026-06-21,15,capacity_price,0.4173319632124383,1.2
2026-06-21,16,capacity_price,0.8471730321598439,0.67
2026-06-21,17,capacity_price,4.814011371875487,2.01
2026-06-21,18,capacity_price,10.56862324026925,2.01
2026-06-21,19,capacity_price,27.68388295058037,147.18
2026-06-21,20,capacity_price,40.13155398981912,33.85
2026-06-21,21,capacity_price,31.333120822072537,127.18
2026-06-21,22,capacity_price,3.206471695711545,13.9
2026-06-21,23,capacity_price,2.1923921787895932,0.38
2026-06-22,0,capacity_price,0.7857095287575597,0.67
2026-06-22,1,capacity_price,0.7582864073766065,0.67
2026-06-22,2,capacity_price,0.6900319836624401,0.67
2026-06-22,3,capacity_price,0.7101256305846101,0.67
2026-06-22,4,capacity_price,1.129321473046501,2.0
2026-06-22,5,capacity_price,1.6487226797150811,2.0
2026-06-22,6,capacity_price,3.8363098565666327,2.01
2026-06-22,7,capacity_price,3.6831381352375834,4.0
2026-06-22,8,capacity_price,3.3844568876459786,4.0
2026-06-22,9,capacity_price,4.393007997281194,4.01
2026-06-22,10,capacity_price,2.852045722747091,26.76
2026-06-22,11,capacity_price,1.6892419470459237,20.12
2026-06-22,12,capacity_price,1.5888015843632033,8.87
2026-06-22,13,capacity_price,1.5960992709188928,6.32
2026-06-22,14,capacity_price,0.9954013961541613,11.9
2026-06-22,15,capacity_price,0.9432877485900694,3.34
2026-06-22,16,capacity_price,1.4327218032824236,2.01
2026-06-22,17,capacity_price,6.421559090341304,2.01
2026-06-22,18,capacity_price,7.019159184746004,4.0
2026-06-22,19,capacity_price,54.398941206171905,33.58
2026-06-22,20,capacity_price,56.19086846416514,69.57
2026-06-22,21,capacity_price,37.45225910413959,4.0
2026-06-22,22,capacity_price,4.115535775851364,2.01
2026-06-22,23,capacity_price,1.797380918698482,0.67
2026-06-23,0,capacity_price,0.6353530951712372,2.01
2026-06-23,1,capacity_price,0.8878295141011894,0.67
2026-06-23,2,capacity_price,0.7091076009007907,0.67
2026-06-23,3,capacity_price,0.7505496700530704,0.67
2026-06-23,4,capacity_price,0.9241187679373436,0.67
2026-06-23,5,capacity_price,1.2427241611888211,2.01
2026-06-23,6,capacity_price,2.7067536925825753,10.4
2026-06-23,7,capacity_price,2.7275313303267454,10.4
2026-06-23,8,capacity_price,11.797341614295146,35.59
2026-06-23,9,capacity_price,5.322540061851617,33.71
2026-06-23,10,capacity_price,5.036278682591441,2.01
2026-06-23,11,capacity_price,3.6662340869065133,2.01
2026-06-23,12,capacity_price,2.1735294579465436,2.01
2026-06-23,13,capacity_price,1.8964216017841964,20.0
2026-06-23,14,capacity_price,1.473800378670049,13.38
2026-06-23,15,capacity_price,1.8346699338750483,2.01
2026-06-23,16,capacity_price,1.7341519572099917,2.01
2026-06-23,17,capacity_price,8.539245383718116,2.01
2026-06-23,18,capacity_price,15.94595186414517,2.01
2026-06-23,19,capacity_price,40.19552105284084,13.38
2026-06-23,20,capacity_price,63.523431716770865,33.71
2026-06-23,21,capacity_price,30.299683424741623,2.01
2026-06-23,22,capacity_price,2.332687575152229,4.0
2026-06-23,23,capacity_price,0.9549977167317052,2.0
2026-06-24,0,capacity_price,1.0123160670526148,0.28
2026-06-24,1,capacity_price,0.7247613474252054,0.28
2026-06-24,2,capacity_price,0.6866957532107719,0.28
2026-06-24,3,capacity_price,0.7388328222097221,0.28
2026-06-24,4,capacity_price,0.806766988636083,0.28
2026-06-24,5,capacity_price,1.3172733575875213,1.2
2026-06-24,6,capacity_price,3.391874046038933,2.01
2026-06-24,7,capacity_price,3.2746376119068845,4.0
2026-06-24,8,capacity_price,25.99949747813677,4.0
2026-06-24,9,capacity_price,10.264876462526281,2.01
2026-06-24,10,capacity_price,4.31234309572149,4.01
2026-06-24,11,capacity_price,2.572735023491871,4.01
2026-06-24,12,capacity_price,1.505442578201172,1.2
2026-06-24,13,capacity_price,1.1351941927087386,1.2
2026-06-24,14,capacity_price,1.5744730031127037,1.2
2026-06-24,15,capacity_price,1.72579836006068,1.2
2026-06-24,16,capacity_price,0.9837226070512415,2.01
2026-06-24,17,capacity_price,6.356892584222985,2.01
2026-06-24,18,capacity_price,3.2905224461747897,4.0
2026-06-24,19,capacity_price,41.15806048078521,120.41
2026-06-24,20,capacity_price,51.39546300213522,321.1
2026-06-24,21,capacity_price,32.38389151533845,408.32
2026-06-24,22,capacity_price,1.9749442175846148,2.01
2026-06-24,23,capacity_price,1.62594850606703,1.2
2026-06-25,0,capacity_price,0.9671139772371223,0.67
2026-06-25,1,capacity_price,0.5475352908031957,0.67
2026-06-25,2,capacity_price,0.5714250565527295,0.67
2026-06-25,3,capacity_price,0.5069573185168323,0.67
2026-06-25,4,capacity_price,0.6593180797378431,2.01
2026-06-25,5,capacity_price,0.7475606222456611,2.01
2026-06-25,6,capacity_price,2.5155577949216377,2.01
2026-06-25,7,capacity_price,2.6641676497161195,2.01
2026-06-25,8,capacity_price,9.11077540599301,2.01
2026-06-25,9,capacity_price,2.58809799572758,2.01
2026-06-25,10,capacity_price,3.833148004032805,6.0
2026-06-25,11,capacity_price,2.13996341288581,4.01
2026-06-25,12,capacity_price,1.249255702857697,2.01
2026-06-25,13,capacity_price,0.9406678453095316,4.01
2026-06-25,14,capacity_price,0.8059556949808855,4.01
2026-06-25,15,capacity_price,1.2824280935152914,4.01
2026-06-25,16,capacity_price,3.350843357249861,2.01
2026-06-25,17,capacity_price,3.4834640170220608,2.01
2026-06-25,18,capacity_price,7.874630436248232,2.01
2026-06-25,19,capacity_price,44.290199704077146,29.56
2026-06-25,20,capacity_price,64.5500811339224,120.4
2026-06-25,21,capacity_price,37.66284542937065,26.89
2026-06-25,22,capacity_price,1.8056994662537669,1.2
2026-06-25,23,capacity_price,0.8570697166992871,0.67
2026-06-26,0,capacity_price,0.8360122132512549,0.38
2026-06-26,1,capacity_price,0.6810442759360659,0.38
2026-06-26,2,capacity_price,0.6648851360222795,1.2
2026-06-26,3,capacity_price,0.6779670115808576,1.2
2026-06-26,4,capacity_price,0.8929738790461826,0.38
2026-06-26,5,capacity_price,2.322603342955364,2.0
2026-06-26,6,capacity_price,2.5846642451649617,2.01
2026-06-26,7,capacity_price,2.7918731930398217,4.0
2026-06-26,8,capacity_price,2.7501116987539707,4.0
2026-06-26,9,capacity_price,2.897409690061678,2.01
2026-06-26,10,capacity_price,2.967053949303726,4.01
2026-06-26,11,capacity_price,2.9242170357024073,4.01
2026-06-26,12,capacity_price,1.5512064084629653,4.01
2026-06-26,13,capacity_price,1.1305231257771065,6.0
2026-06-26,14,capacity_price,1.1945095265889512,0.38
2026-06-26,15,capacity_price,1.999303252024416,0.38
2026-06-26,16,capacity_price,2.1785538930001076,0.38
2026-06-26,17,capacity_price,3.1241731466207807,4.0
2026-06-26,18,capacity_price,3.79169069991725,4.0
2026-06-26,19,capacity_price,53.141974778290525,202.46
2026-06-26,20,capacity_price,51.53804585075013,445.2
2026-06-26,21,capacity_price,23.963392096818097,409.68
2026-06-26,22,capacity_price,2.836305443023921,2.01
2026-06-26,23,capacity_price,1.6933675112328797,0.38
2026-06-27,0,capacity_price,0.7835762058508968,0.4
2026-06-27,1,capacity_price,0.6767182797893545,0.4
2026-06-27,2,capacity_price,0.8955502969104364,0.4
2026-06-27,3,capacity_price,0.8722631676880903,0.4
2026-06-27,4,capacity_price,1.1720426448225236,0.4
2026-06-27,5,capacity_price,1.5271550791828643,2.0
2026-06-27,6,capacity_price,3.1479267695552386,2.01
2026-06-27,7,capacity_price,5.3552396235344215,2.01
2026-06-27,8,capacity_price,11.543093647518946,1.2
2026-06-27,9,capacity_price,4.013484524820287,4.28
2026-06-27,10,capacity_price,3.3485409193944435,6.0
2026-06-27,11,capacity_price,1.958021969753789,0.4
2026-06-27,12,capacity_price,0.8167028277877361,1.2
2026-06-27,13,capacity_price,0.8036788291754154,1.2
2026-06-27,14,capacity_price,0.9965621659087924,0.4
2026-06-27,15,capacity_price,0.8277336873741551,2.94
2026-06-27,16,capacity_price,2.0241028423282694,2.01
2026-06-27,17,capacity_price,10.724575849146845,1.2
2026-06-27,18,capacity_price,19.24583861262295,2.01
2026-06-27,19,capacity_price,47.55310467566661,2.01
2026-06-27,20,capacity_price,54.281062414218546,133.79
2026-06-27,21,capacity_price,37.49076974298167,178.23
2026-06-27,22,capacity_price,2.8468884617704657,2.01
2026-06-27,23,capacity_price,0.8251619143367049,1.2
2026-06-28,0,capacity_price,0.8636694225499277,0.21
2026-06-28,1,capacity_price,0.6502694269993442,0.21
2026-06-28,2,capacity_price,0.6627557295940535,0.21
2026-06-28,3,capacity_price,0.6958666224723848,0.21
2026-06-28,4,capacity_price,1.1054862608396483,0.67
2026-06-28,5,capacity_price,1.5334146593586166,1.2
2026-06-28,6,capacity_price,2.1461515745681576,2.01
2026-06-28,7,capacity_price,6.641134067637678,2.01
2026-06-28,8,capacity_price,3.85030265706413,1.2
2026-06-28,9,capacity_price,2.0140765616605463,2.94
2026-06-28,10,capacity_price,1.2478873781505873,0.67
2026-06-28,11,capacity_price,2.534688777277191,0.21
2026-06-28,12,capacity_price,1.4476302275540078,0.21
2026-06-28,13,capacity_price,1.2745499947079206,0.21
2026-06-28,14,capacity_price,1.1664954457227639,0.21
2026-06-28,15,capacity_price,2.0561916658078405,0.21
2026-06-28,16,capacity_price,2.2412866249698955,0.54
2026-06-28,17,capacity_price,4.291010196148406,1.2
2026-06-28,18,capacity_price,15.49999368314897,2.01
2026-06-28,19,capacity_price,36.84800578049165,4.0
2026-06-28,20,capacity_price,47.94179719052502,2.01
2026-06-28,21,capacity_price,32.988073589357825,139.26
2026-06-28,22,capacity_price,1.9089458722109156,130.21
2026-06-28,23,capacity_price,0.7904360958491916,2.01
2026-06-29,0,capacity_price,0.7308578863900749,0.28
2026-06-29,1,capacity_price,0.6595555293788388,0.28
2026-06-29,2,capacity_price,0.6088423574617969,0.28
2026-06-29,3,capacity_price,0.5733255083705998,0.28
2026-06-29,4,capacity_price,0.7986287898503146,2.0
2026-06-29,5,capacity_price,1.6484743419854282,2.01
2026-06-29,6,capacity_price,1.2432740107448754,2.01
2026-06-29,7,capacity_price,2.9631963443719904,4.0
2026-06-29,8,capacity_price,4.357670255139553,2.01
2026-06-29,9,capacity_price,2.8325834673249877,1.2
2026-06-29,10,capacity_price,5.663769921138296,2.01
2026-06-29,11,capacity_price,1.973022203360691,0.67
2026-06-29,12,capacity_price,1.438629849347909,0.54
2026-06-29,13,capacity_price,1.6398486677724422,0.67
2026-06-29,14,capacity_price,1.1833658548112644,0.54
2026-06-29,15,capacity_price,1.3844951092757136,1.2
2026-06-29,16,capacity_price,2.3312730201056153,2.01
2026-06-29,17,capacity_price,4.036940819379138,13.38
2026-06-29,18,capacity_price,0.02301612479764209,4.0
2026-06-29,19,capacity_price,46.12162329444445,2.01
2026-06-29,20,capacity_price,44.76541844206562,20.0
2026-06-29,21,capacity_price,24.489661020631683,274.68
2026-06-29,22,capacity_price,3.3449038916448224,187.49
2026-06-29,23,capacity_price,0.7266660234252229,0.28
2026-06-30,0,capacity_price,0.4324946741858569,0.47
2026-06-30,1,capacity_price,0.5917093521102895,0.47
2026-06-30,2,capacity_price,0.6463555163070522,1.2
2026-06-30,3,capacity_price,0.6205841891313372,0.47
2026-06-30,4,capacity_price,1.7743787492325271,2.01
2026-06-30,5,capacity_price,1.6303338067968565,2.01
2026-06-30,6,capacity_price,1.5531454078439577,2.01
2026-06-30,7,capacity_price,3.2635101341063097,2.01
2026-06-30,8,capacity_price,3.6596530828959795,2.01
2026-06-30,9,capacity_price,6.1607933781393225,1.2
2026-06-30,10,capacity_price,6.434401354011642,1.2
2026-06-30,11,capacity_price,1.670434217174517,0.54
2026-06-30,12,capacity_price,1.5355077424023806,0.67
2026-06-30,13,capacity_price,1.4491235694662379,0.47
2026-06-30,14,capacity_price,1.0233502429184844,0.47
2026-06-30,15,capacity_price,1.1349753072075708,0.67
2026-06-30,16,capacity_price,6.503817196235273,0.54
2026-06-30,17,capacity_price,14.514317076941886,2.01
2026-06-30,18,capacity_price,3.3233670294173896,2.01
2026-06-30,19,capacity_price,48.73861938571883,20.0
2026-06-30,20,capacity_price,32.30110645378116,44.28
2026-06-30,21,capacity_price,17.267212572131402,295.57
2026-06-30,22,capacity_price,5.2708352223614945,195.58
2026-06-30,23,capacity_price,1.6047102963952322,0.47
2026-07-01,0,capacity_price,0.5168254133966318,0.28
2026-07-01,1,capacity_price,0.6147934794113363,0.28
2026-07-01,2,capacity_price,0.6741582353443638,0.28
2026-07-01,3,capacity_price,0.7150953838280123,0.28
2026-07-01,4,capacity_price,1.541020746653708,0.28
2026-07-01,5,capacity_price,2.8817344141113175,2.01
2026-07-01,6,capacity_price,2.3546942559309967,2.01
2026-07-01,7,capacity_price,4.930386921995128,4.0
2026-07-01,8,capacity_price,4.4303390058163075,4.0
2026-07-01,9,capacity_price,4.649170874719358,2.01
2026-07-01,10,capacity_price,5.594762358110416,2.01
2026-07-01,11,capacity_price,1.7856173848208463,2.01
2026-07-01,12,capacity_price,1.411965378725975,0.54
2026-07-01,13,capacity_price,1.4982501145097495,0.67
2026-07-01,14,capacity_price,0.9892765119959746,0.67
2026-07-01,15,capacity_price,2.076386790932783,0.67
2026-07-01,16,capacity_price,3.311497137885431,0.54
2026-07-01,17,capacity_price,4.337193648692451,4.0
2026-07-01,18,capacity_price,3.9249548796015796,2.01
2026-07-01,19,capacity_price,49.302465525368916,20.0
2026-07-01,20,capacity_price,33.918859213307734,44.28
2026-07-01,21,capacity_price,29.328972414811464,240.83
2026-07-01,22,capacity_price,6.393718249763279,172.26
2026-07-01,23,capacity_price,1.5270031013909722,1.2
2026-07-02,0,capacity_price,0.5316116580372997,0.33
2026-07-02,1,capacity_price,0.5123828323488953,0.33
2026-07-02,2,capacity_price,0.6238574214838298,1.2
2026-07-02,3,capacity_price,0.47713599556090364,1.2
2026-07-02,4,capacity_price,1.3091990585503046,0.33
2026-07-02,5,capacity_price,1.949963596500302,2.0
2026-07-02,6,capacity_price,3.8201879791326934,2.01
2026-07-02,7,capacity_price,5.092827364590241,13.25
2026-07-02,8,capacity_price,9.829804570004958,2.01
2026-07-02,9,capacity_price,4.2547962619618085,1.2
2026-07-02,10,capacity_price,3.2696953894096374,1.2
2026-07-02,11,capacity_price,1.7794311219543746,0.54
2026-07-02,12,capacity_price,1.048359175979092,0.33
2026-07-02,13,capacity_price,1.5502944920553323,0.33
2026-07-02,14,capacity_price,0.982113564844528,0.33
2026-07-02,15,capacity_price,1.1382928948152529,0.33
2026-07-02,16,capacity_price,3.82497820793801,0.35
2026-07-02,17,capacity_price,2.810984187951117,2.01
2026-07-02,18,capacity_price,2.438262481597855,2.01
2026-07-02,19,capacity_price,32.49981053455955,2.01
2026-07-02,20,capacity_price,66.83844547611697,2.01
2026-07-02,21,capacity_price,32.195732193871876,2.01
2026-07-02,22,capacity_price,9.120276799524776,1.2
2026-07-02,23,capacity_price,1.2625916555824142,14.85
2026-07-03,0,capacity_price,0.5534637781945173,2.44
2026-07-03,1,capacity_price,0.5720932554709313,1.2
2026-07-03,2,capacity_price,0.7910166081874195,1.07
2026-07-03,3,capacity_price,0.6958021958589256,1.2
2026-07-03,4,capacity_price,0.9437276992151213,2.0
2026-07-03,5,capacity_price,1.6366019368175786,2.44
2026-07-03,6,capacity_price,1.8499275642765514,2.44
2026-07-03,7,capacity_price,4.037785960158367,2.44
2026-07-03,8,capacity_price,3.910571924152583,9.1
2026-07-03,9,capacity_price,2.3085324983931668,2.44
2026-07-03,10,capacity_price,1.7379518739917283,4.0
2026-07-03,11,capacity_price,1.4021610760614207,2.68
2026-07-03,12,capacity_price,0.6597082337487953,0.54
2026-07-03,13,capacity_price,0.7807056495514227,0.67
2026-07-03,14,capacity_price,0.7296769313142095,0.35
2026-07-03,15,capacity_price,0.9895260255355752,0.54
2026-07-03,16,capacity_price,1.3306382167717923,0.67
2026-07-03,17,capacity_price,6.81104344999888,2.44
2026-07-03,18,capacity_price,3.639307319310939,27.89
2026-07-03,19,capacity_price,16.655022036998943,2.44
2026-07-03,20,capacity_price,35.517269855457904,2.44
2026-07-03,21,capacity_price,35.45963795519433,2.44
2026-07-03,22,capacity_price,4.29012636066348,61.0
2026-07-03,23,capacity_price,2.391168860842079,40.27
2026-07-04,0,capacity_price,1.018063343006657,2.0
2026-07-04,1,capacity_price,0.8107010316512483,2.0
2026-07-04,2,capacity_price,0.7964311704076396,1.2
2026-07-04,3,capacity_price,0.8171290172190699,1.2
2026-07-04,4,capacity_price,1.7834158378332383,2.01
2026-07-04,5,capacity_price,1.707615870598645,2.19
2026-07-04,6,capacity_price,1.7404596855516399,2.19
2026-07-04,7,capacity_price,6.347140670517774,2.19
2026-07-04,8,capacity_price,19.850159488690814,2.19
2026-07-04,9,capacity_price,3.83251099882291,2.19
2026-07-04,10,capacity_price,4.099103273293831,4.39
2026-07-04,11,capacity_price,1.8175644586547293,1.2
2026-07-04,12,capacity_price,0.4568017652104827,0.44
2026-07-04,13,capacity_price,1.0407605344086337,0.2
2026-07-04,14,capacity_price,0.5233760472316465,0.2
2026-07-04,15,capacity_price,0.7591573246246875,1.2
2026-07-04,16,capacity_price,3.319105655373937,1.2
2026-07-04,17,capacity_price,13.445363382946702,8.81
2026-07-04,18,capacity_price,10.321367605602607,2.19
2026-07-04,19,capacity_price,38.02433715946499,2.19
2026-07-04,20,capacity_price,11.56592284175356,2.19
2026-07-04,21,capacity_price,19.24871380317902,2.19
2026-07-04,22,capacity_price,5.174940124546825,72.88
2026-07-04,23,capacity_price,0.2845910260891036,47.23
2026-07-05,0,capacity_price,1.2444210495683425,2.36
2026-07-05,1,capacity_price,0.8408711599124352,2.01
2026-07-05,2,capacity_price,0.8663126107981058,2.01
2026-07-05,3,capacity_price,0.8205516334957753,2.36
2026-07-05,4,capacity_price,2.239703045321695,2.36
2026-07-05,5,capacity_price,1.395290438400999,2.36
2026-07-05,6,capacity_price,2.7344256280963073,2.36
2026-07-05,7,capacity_price,5.749102481930377,2.36
2026-07-05,8,capacity_price,5.0731057989851935,2.36
2026-07-05,9,capacity_price,1.0373360989840212,2.36
2026-07-05,10,capacity_price,4.241440370737042,2.36
2026-07-05,11,capacity_price,1.599099293800155,2.76
2026-07-05,12,capacity_price,0.5596877652735391,1.34
2026-07-05,13,capacity_price,0.7934386425760679,1.34
2026-07-05,14,capacity_price,0.49081188945994403,1.34
2026-07-05,15,capacity_price,0.703076608728139,1.34
2026-07-05,16,capacity_price,0.7066487077078674,2.01
2026-07-05,17,capacity_price,3.532275604061501,2.36
2026-07-05,18,capacity_price,12.216956104617855,5.89
2026-07-05,19,capacity_price,30.32689486541084,2.36
2026-07-05,20,capacity_price,9.994424081463194,2.36
2026-07-05,21,capacity_price,14.957447984559275,2.36
2026-07-05,22,capacity_price,8.465616297187456,48.17
2026-07-05,23,capacity_price,2.3451788418961166,20.0
2026-07-06,0,capacity_price,1.3816287738905093,2.45
2026-07-06,1,capacity_price,1.1475504935128984,2.01
2026-07-06,2,capacity_price,0.89423381386842,2.0
2026-07-06,3,capacity_price,1.0341244602117852,2.01
2026-07-06,4,capacity_price,2.1954316551542727,2.01
2026-07-06,5,capacity_price,2.651340840850478,2.45
2026-07-06,6,capacity_price,2.7365893815677715,2.45
2026-07-06,7,capacity_price,6.95073260054077,4.0
2026-07-06,8,capacity_price,8.18465419459237,2.45
2026-07-06,9,capacity_price,3.074368151008268,2.45
2026-07-06,10,capacity_price,1.851130324550883,2.45
2026-07-06,11,capacity_price,1.337993895478967,2.94
2026-07-06,12,capacity_price,1.2342231597615456,2.45
2026-07-06,13,capacity_price,1.5627228954594636,2.94
2026-07-06,14,capacity_price,1.0165770728030619,2.45
2026-07-06,15,capacity_price,0.7172988706697154,13.43
2026-07-06,16,capacity_price,1.0311281751372814,2.01
2026-07-06,17,capacity_price,3.4997373557254123,2.45
2026-07-06,18,capacity_price,11.419088537957569,2.45
2026-07-06,19,capacity_price,17.368130453627003,2.45
2026-07-06,20,capacity_price,7.65260954798095,2.45
2026-07-06,21,capacity_price,12.265632651714004,2.45
2026-07-06,22,capacity_price,10.736054666554045,2.45
2026-07-06,23,capacity_price,4.22887382529919,2.45
2026-07-07,0,capacity_price,1.46591145219948,2.21
2026-07-07,1,capacity_price,0.7540604352031421,4.42
2026-07-07,2,capacity_price,1.0625765678448063,1.2
2026-07-07,3,capacity_price,0.9937646077132667,2.21
2026-07-07,4,capacity_price,2.138999658914903,2.21
2026-07-07,5,capacity_price,1.953609649934073,2.21
2026-07-07,6,capacity_price,2.625041963787397,2.21
2026-07-07,7,capacity_price,4.217270900574608,2.21
2026-07-07,8,capacity_price,3.805201458846175,2.21
2026-07-07,9,capacity_price,3.199885400658523,2.21
2026-07-07,10,capacity_price,2.2541379870880807,2.21
2026-07-07,11,capacity_price,3.346738792440394,2.21
2026-07-07,12,capacity_price,1.6167590440263904,2.01
2026-07-07,13,capacity_price,1.4817169490715394,2.01
2026-07-07,14,capacity_price,1.5845942092774932,0.67
2026-07-07,15,capacity_price,1.831118109114459,0.67
2026-07-07,16,capacity_price,1.979280101533517,2.01
2026-07-07,17,capacity_price,3.041950424577084,2.21
2026-07-07,18,capacity_price,3.6299341027583356,2.21
2026-07-07,19,capacity_price,9.85429054013902,2.21
2026-07-07,20,capacity_price,5.873777960245096,2.94
2026-07-07,21,capacity_price,11.931573497535771,4.42
2026-07-07,22,capacity_price,5.051449706377522,2.21
2026-07-07,23,capacity_price,3.2504449646694,0.54
2026-07-08,0,capacity_price,1.2240219359699924,1.2
2026-07-08,1,capacity_price,0.8817167216932825,2.0
2026-07-08,2,capacity_price,1.0788501937171817,1.2
2026-07-08,3,capacity_price,1.4257177682444233,13.38
2026-07-08,4,capacity_price,5.015876963936107,2.26
2026-07-08,5,capacity_price,2.9705663120695927,2.26
2026-07-08,6,capacity_price,2.3355832589675902,2.26
2026-07-08,7,capacity_price,7.106530719613677,2.26
2026-07-08,8,capacity_price,2.130237193391059,2.26
2026-07-08,9,capacity_price,2.324810670512323,2.26
2026-07-08,10,capacity_price,3.3852690586514367,2.26
2026-07-08,11,capacity_price,1.9319568427075478,4.0
2026-07-08,12,capacity_price,1.5474345198546027,2.01
2026-07-08,13,capacity_price,0.9520865057261426,0.67
2026-07-08,14,capacity_price,0.8083064497949871,0.67
2026-07-08,15,capacity_price,1.0820981921688129,1.2
2026-07-08,16,capacity_price,1.9793863388336526,2.26
2026-07-08,17,capacity_price,2.1013498687157215,2.94
2026-07-08,18,capacity_price,2.4627941182234108,2.26
2026-07-08,19,capacity_price,7.444777173172989,2.26
2026-07-08,20,capacity_price,6.216151737624194,2.26
2026-07-08,21,capacity_price,10.783848398462297,2.26
2026-07-08,22,capacity_price,2.1646669135882255,18.6
2026-07-08,23,capacity_price,1.847384296462285,11.37
2026-07-09,0,capacity_price,1.5623887338804205,2.29
2026-07-09,1,capacity_price,1.1892645534809883,1.2
2026-07-09,2,capacity_price,1.0531643921046672,1.2
2026-07-09,3,capacity_price,1.3587176824353744,2.01
2026-07-09,4,capacity_price,2.467751348465399,2.29
2026-07-09,5,capacity_price,3.340897920897748,2.29
2026-07-09,6,capacity_price,2.301941455469866,2.29
2026-07-09,7,capacity_price,3.0298668260706862,2.29
2026-07-09,8,capacity_price,0.12665414478638926,2.29
2026-07-09,9,capacity_price,1.8106771514280648,2.29
2026-07-09,10,capacity_price,1.0557601957876455,4.0
2026-07-09,11,capacity_price,1.7722223536235473,20.0
2026-07-09,12,capacity_price,1.3280096342691072,2.29
2026-07-09,13,capacity_price,0.9117996501003861,4.77
2026-07-09,14,capacity_price,0.7588152621671519,2.01
2026-07-09,15,capacity_price,0.8043364544299841,8.68
2026-07-09,16,capacity_price,0.943137112039388,5.89
2026-07-09,17,capacity_price,2.4768090973188674,2.29
2026-07-09,18,capacity_price,2.8146044473274303,2.29
2026-07-09,19,capacity_price,14.0707535789675,2.29
2026-07-09,20,capacity_price,6.306305394939133,2.29
2026-07-09,21,capacity_price,6.515194371784377,2.29
2026-07-09,22,capacity_price,7.671505588530095,13.38
2026-07-09,23,capacity_price,3.115147418914745,2.01
2026-07-10,0,capacity_price,1.4282999420297258,2.01
2026-07-10,1,capacity_price,1.2247035135356796,0.67
2026-07-10,2,capacity_price,1.2171207483229745,0.54
2026-07-10,3,capacity_price,1.660681214077743,0.67
2026-07-10,4,capacity_price,2.5966837507894733,2.02
2026-07-10,5,capacity_price,2.3553078125492752,2.18
2026-07-10,6,capacity_price,2.214365065876887,2.13
2026-07-10,7,capacity_price,2.8580817904474185,2.02
2026-07-10,8,capacity_price,1.7502588425457324,2.13
2026-07-10,9,capacity_price,2.8808309489564787,2.18
2026-07-10,10,capacity_price,3.4608156285271217,4.0
2026-07-10,11,capacity_price,3.094307207636335,11.37
2026-07-10,12,capacity_price,1.838842154673756,2.02
2026-07-10,13,capacity_price,1.9247267642299637,2.02
2026-07-10,14,capacity_price,1.0740211313519534,9.2
2026-07-10,15,capacity_price,2.1046264161056834,2.02
2026-07-10,16,capacity_price,6.319019737093846,2.02
2026-07-10,17,capacity_price,2.0471053441198133,2.18
2026-07-10,18,capacity_price,8.546199664827409,2.02
2026-07-10,19,capacity_price,13.050204029334504,2.13
2026-07-10,20,capacity_price,3.214633135953675,2.02
2026-07-10,21,capacity_price,5.962314143443311,2.02
2026-07-10,22,capacity_price,8.075088365407096,16.4
2026-07-10,23,capacity_price,2.523767588507136,6.69
2026-07-11,0,capacity_price,1.8628763077280246,2.19
2026-07-11,1,capacity_price,0.8740882336938467,2.19
2026-07-11,2,capacity_price,0.7109402161576474,2.19
2026-07-11,3,capacity_price,1.0958498591751331,2.19
2026-07-11,4,capacity_price,1.4168556393774179,2.19
2026-07-11,5,capacity_price,1.4492672057492206,2.19
2026-07-11,6,capacity_price,2.3381544722206615,2.19
2026-07-11,7,capacity_price,2.0505908742353065,2.19
2026-07-11,8,capacity_price,2.471912216630799,2.19
2026-07-11,9,capacity_price,2.2868886000263178,2.29
2026-07-11,10,capacity_price,3.9200245644469995,2.68
2026-07-11,11,capacity_price,3.6704694504524773,2.68
2026-07-11,12,capacity_price,2.017647205074668,2.01
2026-07-11,13,capacity_price,1.2769498095852965,2.01
2026-07-11,14,capacity_price,1.2906122184837436,2.01
2026-07-11,15,capacity_price,1.6503084158898336,2.29
2026-07-11,16,capacity_price,1.6196105807755985,2.19
2026-07-11,17,capacity_price,2.2596630436957326,2.38
2026-07-11,18,capacity_price,1.6167652348822892,2.29
2026-07-11,19,capacity_price,11.979601760809798,2.38
2026-07-11,20,capacity_price,2.811431816397021,2.19
2026-07-11,21,capacity_price,5.328457355719535,2.19
2026-07-11,22,capacity_price,10.866146931789224,84.02
2026-07-11,23,capacity_price,4.132082382813816,12.6
2026-07-12,0,capacity_price,1.8507117243597464,2.26
2026-07-12,1,capacity_price,0.9584598679653574,2.26
2026-07-12,2,capacity_price,1.1231452318476158,2.26
2026-07-12,3,capacity_price,1.4733767622329306,2.26
2026-07-12,4,capacity_price,1.1613863536757874,2.26
2026-07-12,5,capacity_price,2.2073877003648756,2.26
2026-07-12,6,capacity_price,2.2392674905984085,2.26
2026-07-12,7,capacity_price,1.9929263152030319,2.28
2026-07-12,8,capacity_price,1.8388309497619522,2.26
2026-07-12,9,capacity_price,2.428723825764644,2.26
2026-07-12,10,capacity_price,2.7234958085334084,2.28
2026-07-12,11,capacity_price,3.691161826771994,1.2
2026-07-12,12,capacity_price,1.9252305096751372,0.67
2026-07-12,13,capacity_price,1.0782012722519485,0.2
2026-07-12,14,capacity_price,1.2673547659585334,0.2
2026-07-12,15,capacity_price,1.265812927925003,0.2
2026-07-12,16,capacity_price,2.4999649961372516,1.46
2026-07-12,17,capacity_price,2.183892394583177,2.26
2026-07-12,18,capacity_price,1.834795432980979,2.28
2026-07-12,19,capacity_price,8.516585831451296,2.26
2026-07-12,20,capacity_price,2.302753902296575,2.26
2026-07-12,21,capacity_price,2.650113327009273,2.26
2026-07-12,22,capacity_price,12.987696137320897,70.63
2026-07-12,23,capacity_price,4.134619932227957,12.1
2026-07-13,0,capacity_price,1.907564868551611,2.43
2026-07-13,1,capacity_price,1.2087602605372085,2.01
2026-07-13,2,capacity_price,1.2515393893059596,2.01
2026-07-13,3,capacity_price,1.938142486768872,2.45
2026-07-13,4,capacity_price,2.165421668320465,2.43
2026-07-13,5,capacity_price,2.210909833020066,2.43
2026-07-13,6,capacity_price,1.7084749232790046,2.45
2026-07-13,7,capacity_price,2.9906597368140155,2.43
2026-07-13,8,capacity_price,4.024646249256223,2.43
2026-07-13,9,capacity_price,1.825468582750061,2.43
2026-07-13,10,capacity_price,2.302875920786887,2.45
2026-07-13,11,capacity_price,2.4112549751445784,2.45
2026-07-13,12,capacity_price,1.385140160088058,2.43
2026-07-13,13,capacity_price,0.8049602527064644,13.38
2026-07-13,14,capacity_price,0.9092414739992668,2.43
2026-07-13,15,capacity_price,0.9291872511535083,2.43
2026-07-13,16,capacity_price,1.3875269844839746,2.43
2026-07-13,17,capacity_price,2.2180467264704418,2.45
2026-07-13,18,capacity_price,2.6783066720792235,2.43
2026-07-13,19,capacity_price,9.25541854498706,11.64
2026-07-13,20,capacity_price,2.436889916443123,2.43
2026-07-13,21,capacity_price,3.315810094095201,2.45
2026-07-13,22,capacity_price,16.368973293928445,85.22
2026-07-13,23,capacity_price,4.3043832791289605,2.45
2026-07-14,0,capacity_price,2.1617718835442323,2.48
2026-07-14,1,capacity_price,1.3849127932642673,2.08
2026-07-14,2,capacity_price,1.1868081645169843,2.16
2026-07-14,3,capacity_price,2.150774093551154,2.48
2026-07-14,4,capacity_price,4.536907531494808,2.48
2026-07-14,5,capacity_price,3.90169491999907,2.48
2026-07-14,6,capacity_price,2.3566108213141925,2.48
2026-07-14,7,capacity_price,4.488683330373187,2.48
2026-07-14,8,capacity_price,2.652017556317777,2.48
2026-07-14,9,capacity_price,2.5483693871931,2.48
2026-07-14,10,capacity_price,2.604938080864506,2.48
2026-07-14,11,capacity_price,2.9182791937308328,2.48
2026-07-14,12,capacity_price,1.9114598885159024,2.48
2026-07-14,13,capacity_price,1.17077383158368,12.1
2026-07-14,14,capacity_price,1.7013058489045483,11.35
2026-07-14,15,capacity_price,1.373941356044717,11.37
2026-07-14,16,capacity_price,2.310591873089537,5.89
2026-07-14,17,capacity_price,2.2813775608857343,2.48
2026-07-14,18,capacity_price,4.21863912953269,2.48
2026-07-14,19,capacity_price,4.085499776176565,2.48
2026-07-14,20,capacity_price,1.5948897604197425,2.48
2026-07-14,21,capacity_price,3.307568070810507,2.48
2026-07-14,22,capacity_price,15.80263882590534,17.4
2026-07-14,23,capacity_price,2.754175829060254,2.01
2026-07-15,0,capacity_price,2.1442290668458766,2.41
2026-07-15,1,capacity_price,1.3018058980658647,2.05
2026-07-15,2,capacity_price,1.3136281264461453,2.18
2026-07-15,3,capacity_price,2.268473825422472,2.41
2026-07-15,4,capacity_price,3.645863124039424,2.41
2026-07-15,5,capacity_price,3.1660050401629465,2.18
2026-07-15,6,capacity_price,2.7073387164433327,2.18
2026-07-15,7,capacity_price,2.908589903048995,2.41
2026-07-15,8,capacity_price,3.0279098269080555,2.18
2026-07-15,9,capacity_price,2.4423338378553217,2.18
2026-07-15,10,capacity_price,2.212124671460162,13.38
2026-07-15,11,capacity_price,2.730118561820526,6.69
2026-07-15,12,capacity_price,2.218112230276505,2.18
2026-07-15,13,capacity_price,2.116911700331338,2.18
2026-07-15,14,capacity_price,2.344023207899325,6.69
2026-07-15,15,capacity_price,2.101089982309476,2.41
2026-07-15,16,capacity_price,3.935968610467218,2.18
2026-07-15,17,capacity_price,2.4948362191754985,2.18
2026-07-15,18,capacity_price,4.577096591526037,2.41
2026-07-15,19,capacity_price,7.567124787770883,2.41
2026-07-15,20,capacity_price,2.871520947544458,2.41
2026-07-15,21,capacity_price,3.114475233349638,2.18
2026-07-15,22,capacity_price,16.886580905543717,30.2
2026-07-15,23,capacity_price,2.084698660550209,20.0
2026-07-16,0,capacity_price,2.199241455733997,11.37
2026-07-16,1,capacity_price,1.6223503865601359,2.45
2026-07-16,2,capacity_price,1.3314058119609444,2.04
2026-07-16,3,capacity_price,2.3290194967042246,13.38
2026-07-16,4,capacity_price,2.5277506810527957,74.24
2026-07-16,5,capacity_price,2.8865210170187403,79.33
2026-07-16,6,capacity_price,2.6562826479380535,106.62
2026-07-16,7,capacity_price,3.331534766345203,102.07
2026-07-16,8,capacity_price,3.3778672580328846,13.38
2026-07-16,9,capacity_price,2.5421322203728396,11.64
2026-07-16,10,capacity_price,2.73635969556069,20.0
2026-07-16,11,capacity_price,3.3124090255969683,7.0
2026-07-16,12,capacity_price,2.0858098824798454,2.37
2026-07-16,13,capacity_price,1.3958753342934844,19.73
2026-07-16,14,capacity_price,1.8785911789497942,2.68
2026-07-16,15,capacity_price,1.6310192617068624,2.37
2026-07-16,16,capacity_price,3.042290651322888,2.37
2026-07-16,17,capacity_price,2.1974842881538166,2.37
2026-07-16,18,capacity_price,2.1800168918680822,2.37
2026-07-16,19,capacity_price,3.487047743451693,13.38
2026-07-16,20,capacity_price,2.3523706449782433,2.46
2026-07-16,21,capacity_price,1.7723307639416184,224.47
2026-07-16,22,capacity_price,18.32716806630563,2.46
2026-07-16,23,capacity_price,8.038223174180139,2.37
2026-07-17,0,capacity_price,1.6910287221362994,2.14
2026-07-17,1,capacity_price,1.7026970774700267,2.46
2026-07-17,2,capacity_price,1.4568067009719732,2.14
2026-07-17,3,capacity_price,2.250238661385424,2.01
2026-07-17,4,capacity_price,4.214825546189133,2.46
2026-07-17,5,capacity_price,4.0777622052352465,2.46
2026-07-17,6,capacity_price,4.722869713487201,2.14
2026-07-17,7,capacity_price,11.079883195088668,4.0
2026-07-17,8,capacity_price,8.086137933377254,4.0
2026-07-17,9,capacity_price,2.4944460435672053,2.14
2026-07-17,10,capacity_price,2.898055641925663,2.14
2026-07-17,11,capacity_price,3.311153768023536,2.14
2026-07-17,12,capacity_price,2.1336480399851627,2.14
2026-07-17,13,capacity_price,1.3515375075842044,2.14
2026-07-17,14,capacity_price,2.36901800524179,2.14
2026-07-17,15,capacity_price,2.410427643134456,2.14
2026-07-17,16,capacity_price,2.50965152137527,2.14
2026-07-17,17,capacity_price,5.441700447641434,2.14
2026-07-17,18,capacity_price,6.698131213678375,2.14
2026-07-17,19,capacity_price,54.04285389612412,96.32
2026-07-17,20,capacity_price,13.242512459857155,2.46
2026-07-17,21,capacity_price,17.79456226150287,2.14
2026-07-17,22,capacity_price,6.7858724310499206,2.14
2026-07-17,23,capacity_price,4.721302669532986,16.3
2026-07-18,0,capacity_price,2.2092123241939605,2.05
2026-07-18,1,capacity_price,1.1992303789133039,2.05
2026-07-18,2,capacity_price,1.6846705942282973,2.05
2026-07-18,3,capacity_price,2.361479748787362,2.05
2026-07-18,4,capacity_price,4.687192829518399,2.05
2026-07-18,5,capacity_price,5.592302174269432,2.44
2026-07-18,6,capacity_price,4.660311190598307,2.05
2026-07-18,7,capacity_price,9.64060778820848,2.44
2026-07-18,8,capacity_price,5.255945683004597,2.05
2026-07-18,9,capacity_price,3.137829801229372,5.08
2026-07-18,10,capacity_price,3.003224837010669,4.0
2026-07-18,11,capacity_price,3.1311301209597597,2.01
2026-07-18,12,capacity_price,2.167360098137914,0.54
2026-07-18,13,capacity_price,1.877442825637941,0.2
2026-07-18,14,capacity_price,2.3496714045610805,0.2
2026-07-18,15,capacity_price,1.2851048174643986,0.54
2026-07-18,16,capacity_price,2.2655292886521385,2.01
2026-07-18,17,capacity_price,2.1360138778651674,4.0
2026-07-18,18,capacity_price,2.3184526885318433,2.05
2026-07-18,19,capacity_price,27.486815324593355,2.05
2026-07-18,20,capacity_price,6.726634959497364,20.0
2026-07-18,21,capacity_price,5.958016677781781,2.44
2026-07-18,22,capacity_price,2.0253573792921147,2.44
2026-07-18,23,capacity_price,4.845993916960614,14.0
2026-07-19,0,capacity_price,1.870480286697127,2.01
2026-07-19,1,capacity_price,1.6445226517712046,2.17
2026-07-19,2,capacity_price,0.8864000249094716,2.17
2026-07-19,3,capacity_price,1.1792090957743582,2.01
2026-07-19,4,capacity_price,1.8550341212350079,2.01
2026-07-19,5,capacity_price,4.117619986280449,2.01
2026-07-19,6,capacity_price,2.216024220204117,2.32
2026-07-19,7,capacity_price,6.2546319000925354,2.17
2026-07-19,8,capacity_price,2.0930608216311932,2.17
2026-07-19,9,capacity_price,2.130813452936867,2.01
2026-07-19,10,capacity_price,2.5806894854002604,2.01
2026-07-19,11,capacity_price,2.426905227647731,1.2
2026-07-19,12,capacity_price,1.375848375846562,0.54
2026-07-19,13,capacity_price,1.286587553422108,0.54
2026-07-19,14,capacity_price,1.8443350336719677,0.67
2026-07-19,15,capacity_price,0.8845127190360156,0.67
2026-07-19,16,capacity_price,1.495450496660066,0.54
2026-07-19,17,capacity_price,2.004960339009989,2.17
2026-07-19,18,capacity_price,12.300425285861992,2.17
2026-07-19,19,capacity_price,6.7840137645974865,2.32
2026-07-19,20,capacity_price,23.264369323389893,2.32
2026-07-19,21,capacity_price,6.470249857616179,14.85
2026-07-19,22,capacity_price,3.40426386517212,20.0
2026-07-19,23,capacity_price,4.631264455900012,2.01
2026-07-20,0,capacity_price,2.081117808167121,2.38
2026-07-20,1,capacity_price,1.1983169737017068,13.38
2026-07-20,2,capacity_price,0.8228914239679049,2.23
2026-07-20,3,capacity_price,1.4890787730679942,2.01
2026-07-20,4,capacity_price,2.439814005270927,2.38
2026-07-20,5,capacity_price,2.7945443052499486,2.38
2026-07-20,6,capacity_price,2.9853438869393534,2.38
2026-07-20,7,capacity_price,2.5683038391272897,2.38
2026-07-20,8,capacity_price,3.2816376404741385,2.38
2026-07-20,9,capacity_price,2.726474742727854,2.38
2026-07-20,10,capacity_price,1.8363214613871959,2.38
2026-07-20,11,capacity_price,2.2681022887200455,7.36
2026-07-20,12,capacity_price,1.0280805672050328,2.01
2026-07-20,13,capacity_price,1.500048545579041,0.67
2026-07-20,14,capacity_price,2.022163976367751,0.54
2026-07-20,15,capacity_price,1.3907035463624662,2.23
2026-07-20,16,capacity_price,1.494251881696788,2.38
2026-07-20,17,capacity_price,2.338780476296606,2.38
2026-07-20,18,capacity_price,3.090244026439959,2.38
2026-07-20,19,capacity_price,12.527000914511925,2.38
2026-07-20,20,capacity_price,3.887027200483141,14.85
2026-07-20,21,capacity_price,8.387009636539254,14.85
2026-07-20,22,capacity_price,10.632016400955157,2.38
2026-07-20,23,capacity_price,3.817878901144454,13.38
2026-07-21,0,capacity_price,2.2936269436843806,2.41
2026-07-21,1,capacity_price,1.8228806286932024,2.16
2026-07-21,2,capacity_price,1.4114385773033247,2.41
2026-07-21,3,capacity_price,1.6940025618197274,2.41
2026-07-21,4,capacity_price,2.318506756132877,2.41
2026-07-21,5,capacity_price,2.498028556709834,2.41
2026-07-21,6,capacity_price,3.084233994703059,2.41
2026-07-21,7,capacity_price,2.463504785482815,2.41
2026-07-21,8,capacity_price,13.68509953622869,2.41
2026-07-21,9,capacity_price,2.841887136906122,2.41
2026-07-21,10,capacity_price,2.625665386800308,2.41
2026-07-21,11,capacity_price,1.9065622772954527,2.41
2026-07-21,12,capacity_price,1.9909135506550686,2.41
2026-07-21,13,capacity_price,1.5311355719831863,6.02
2026-07-21,14,capacity_price,2.4319698969680283,2.41
2026-07-21,15,capacity_price,1.9402258918377555,2.41
2026-07-21,16,capacity_price,1.8428493763546192,2.41
2026-07-21,17,capacity_price,2.8654694486191317,2.41
2026-07-21,18,capacity_price,2.1889006268249753,2.41
2026-07-21,19,capacity_price,8.128859057883266,2.41
2026-07-21,20,capacity_price,22.44859688922156,2.41
2026-07-21,21,capacity_price,16.21358504455358,2.41
2026-07-21,22,capacity_price,11.603156168765139,2.41
2026-07-21,23,capacity_price,3.695687025995374,2.16
2026-07-22,0,capacity_price,2.311538356225139,2.01
2026-07-22,1,capacity_price,1.4649150823463937,2.46
2026-07-22,2,capacity_price,1.7641677561847278,2.27
2026-07-22,3,capacity_price,1.8902328173473733,2.27
2026-07-22,4,capacity_price,2.4996012030460273,2.27
2026-07-22,5,capacity_price,2.3707835977224296,2.33
2026-07-22,6,capacity_price,2.7382903935529193,2.27
2026-07-22,7,capacity_price,2.769507544472279,2.27
2026-07-22,8,capacity_price,2.1077309568941525,2.27
2026-07-22,9,capacity_price,3.329435680871277,2.27
2026-07-22,10,capacity_price,2.805682181066543,2.33
2026-07-22,11,capacity_price,3.34229304589012,2.27
2026-07-22,12,capacity_price,2.1967662571351125,7.36
2026-07-22,13,capacity_price,2.149674222248127,2.68
2026-07-22,14,capacity_price,2.429399693194584,2.46
2026-07-22,15,capacity_price,2.188325662003671,2.27
2026-07-22,16,capacity_price,2.7152935355843275,2.27
2026-07-22,17,capacity_price,2.010799834153382,2.46
2026-07-22,18,capacity_price,2.575961314397578,2.33
2026-07-22,19,capacity_price,2.5397758807121606,2.33
2026-07-22,20,capacity_price,6.796826906376896,14.85
2026-07-22,21,capacity_price,6.186753528779197,14.85
2026-07-22,22,capacity_price,8.118070656738464,2.27
2026-07-22,23,capacity_price,2.442858187634958,2.33
2026-07-23,0,capacity_price,1.778043963859502,2.01
2026-07-23,1,capacity_price,1.7716927002716938,2.01
2026-07-23,2,capacity_price,1.8203440908696111,2.04
2026-07-23,3,capacity_price,1.58332586504893,2.46
2026-07-23,4,capacity_price,3.46544085223568,2.22
2026-07-23,5,capacity_price,2.669669223696852,2.46
2026-07-23,6,capacity_price,3.6969714978857073,2.22
2026-07-23,7,capacity_price,4.565194087336498,2.46
2026-07-23,8,capacity_price,2.7012145340493605,2.46
2026-07-23,9,capacity_price,2.350606916801103,2.22
2026-07-23,10,capacity_price,2.7381648772849543,2.46
2026-07-23,11,capacity_price,2.503766909102664,7.36
2026-07-23,12,capacity_price,2.1395545568980197,2.22
2026-07-23,13,capacity_price,1.4450533992522492,2.22
2026-07-23,14,capacity_price,2.055227913182759,2.22
2026-07-23,15,capacity_price,2.1534070041535784,2.22
2026-07-23,16,capacity_price,2.51333046620381,2.22
2026-07-23,17,capacity_price,3.8095663672084816,2.22
2026-07-23,18,capacity_price,2.440975534040087,2.22
2026-07-23,19,capacity_price,2.632268044739892,2.46
2026-07-23,20,capacity_price,32.90089351626323,22.4
2026-07-23,21,capacity_price,10.436423623883927,22.4
2026-07-23,22,capacity_price,6.224709513706581,2.22
2026-07-23,23,capacity_price,2.765432240850901,2.46
2026-07-24,0,capacity_price,2.165698193881708,2.45
2026-07-24,1,capacity_price,1.5350029018482176,2.05
2026-07-24,2,capacity_price,1.6726763201306194,2.45
2026-07-24,3,capacity_price,1.755344580696638,2.15
2026-07-24,4,capacity_price,2.2090843378065417,2.45
2026-07-24,5,capacity_price,3.0195796648963937,2.45
2026-07-24,6,capacity_price,2.789513078213079,2.45
2026-07-24,7,capacity_price,4.3761469914248385,2.45
2026-07-24,8,capacity_price,2.7663362769136204,2.45
2026-07-24,9,capacity_price,2.2368135882173625,2.45
2026-07-24,10,capacity_price,2.441468132507542,2.45
2026-07-24,11,capacity_price,3.565335959290022,2.45
2026-07-24,12,capacity_price,2.285383396086293,2.45
2026-07-24,13,capacity_price,1.9410545439579676,2.01
2026-07-24,14,capacity_price,2.285744312785756,0.63
2026-07-24,15,capacity_price,2.267986235366877,7.36
2026-07-24,16,capacity_price,2.328871971869523,2.45
2026-07-24,17,capacity_price,2.737309408879601,2.45
2026-07-24,18,capacity_price,1.8739504290793876,2.45
2026-07-24,19,capacity_price,4.180928500732073,2.45
2026-07-24,20,capacity_price,18.28895533592646,15.9
2026-07-24,21,capacity_price,18.782007835866864,15.9
2026-07-24,22,capacity_price,2.255760557233739,2.45
2026-07-24,23,capacity_price,3.5858205988749923,2.45
2026-07-25,0,capacity_price,2.1339868909687754,2.13
2026-07-25,1,capacity_price,1.5373973202454068,2.13
2026-07-25,2,capacity_price,1.6787810693298795,2.01
2026-07-25,3,capacity_price,1.786082116018619,2.01
2026-07-25,4,capacity_price,2.6806709048229864,2.13
2026-07-25,5,capacity_price,2.560083095536145,2.03
2026-07-25,6,capacity_price,2.0252461884896626,2.13
2026-07-25,7,capacity_price,2.039644559329972,2.03
2026-07-25,8,capacity_price,2.054592444262375,2.01
2026-07-25,9,capacity_price,2.3730480849501223,2.01
2026-07-25,10,capacity_price,2.3366815376206285,1.2
2026-07-25,11,capacity_price,2.3715211899924613,0.67
2026-07-25,12,capacity_price,1.9697782716632821,0.54
2026-07-25,13,capacity_price,1.3454712570473228,0.54
2026-07-25,14,capacity_price,1.8737767022803893,0.54
2026-07-25,15,capacity_price,2.0984255569599592,0.67
2026-07-25,16,capacity_price,2.433539759913446,0.54
2026-07-25,17,capacity_price,1.7563117760473774,2.01
2026-07-25,18,capacity_price,2.1021434728144435,2.13
2026-07-25,19,capacity_price,1.9330834330700462,2.13
2026-07-25,20,capacity_price,27.47482700149392,14.85
2026-07-25,21,capacity_price,18.42748101415223,13.38
2026-07-25,22,capacity_price,3.591747760451933,2.03
2026-07-25,23,capacity_price,3.593847067722238,2.01
2026-07-26,0,capacity_price,2.101490267053282,2.19
2026-07-26,1,capacity_price,1.7899036114774216,2.19
2026-07-26,2,capacity_price,1.775403864502492,2.19
2026-07-26,3,capacity_price,2.0775181341503415,2.19
2026-07-26,4,capacity_price,1.9022060925425743,2.32
2026-07-26,5,capacity_price,2.0859970383118513,2.19
2026-07-26,6,capacity_price,2.0724774293825083,2.32
2026-07-26,7,capacity_price,1.5950849350838525,2.32
2026-07-26,8,capacity_price,1.9003346704894493,2.19
2026-07-26,9,capacity_price,1.9731064369979423,2.19
2026-07-26,10,capacity_price,1.4854054930434306,2.19
2026-07-26,11,capacity_price,2.462432714829622,2.01
2026-07-26,12,capacity_price,1.3756085375020521,0.54
2026-07-26,13,capacity_price,0.9148313916704217,0.54
2026-07-26,14,capacity_price,1.534799757704788,0.54
2026-07-26,15,capacity_price,1.4263943529551648,0.54
2026-07-26,16,capacity_price,1.6484237338871426,2.32
2026-07-26,17,capacity_price,1.9921503948469417,2.19
2026-07-26,18,capacity_price,2.140379391462041,2.32
2026-07-26,19,capacity_price,8.713233954955495,2.36
2026-07-26,20,capacity_price,21.357129007461058,14.85
2026-07-26,21,capacity_price,16.554512523540602,14.85
2026-07-26,22,capacity_price,2.6615711700005336,2.19
2026-07-26,23,capacity_price,2.3505741251614065,2.19
2026-07-27,0,capacity_price,2.18933903032904,2.46
2026-07-27,1,capacity_price,1.9047754854225936,2.46
2026-07-27,2,capacity_price,1.806490314285596,2.07
2026-07-27,3,capacity_price,2.130609055413647,13.38
2026-07-27,4,capacity_price,1.8527097796807366,2.46
2026-07-27,5,capacity_price,2.315534924697507,2.46
2026-07-27,6,capacity_price,2.267828283355126,2.46
2026-07-27,7,capacity_price,2.679438745855919,2.46
2026-07-27,8,capacity_price,1.110329234270822,2.46
2026-07-27,9,capacity_price,1.8917539591425847,2.46
2026-07-27,10,capacity_price,2.001164425018485,2.46
2026-07-27,11,capacity_price,1.6004536296021363,2.46
2026-07-27,12,capacity_price,1.8474901846967482,13.38
2026-07-27,13,capacity_price,1.2950322659417166,2.01
2026-07-27,14,capacity_price,1.5996200346632365,1.2
2026-07-27,15,capacity_price,1.6280692665270695,0.67
2026-07-27,16,capacity_price,1.8564172512581603,2.14
2026-07-27,17,capacity_price,2.4459718681013354,2.46
2026-07-27,18,capacity_price,3.3732183654408168,2.46
2026-07-27,19,capacity_price,1.859532404990914,2.46
2026-07-27,20,capacity_price,10.215661667994917,14.85
2026-07-27,21,capacity_price,12.805120771128987,13.4
2026-07-27,22,capacity_price,2.4707634616414014,2.46
2026-07-27,23,capacity_price,2.1601748043987485,2.46
2026-07-28,0,capacity_price,2.2108236057515898,2.26
2026-07-28,1,capacity_price,2.003241128964394,13.38
2026-07-28,2,capacity_price,2.0280763004498983,2.01
2026-07-28,3,capacity_price,2.2602096381079395,2.26
2026-07-28,4,capacity_price,2.349901115422959,2.26
2026-07-28,5,capacity_price,2.4696192218181974,2.26
2026-07-28,6,capacity_price,2.262471605255488,2.26
2026-07-28,7,capacity_price,2.2440194526565014,2.26
2026-07-28,8,capacity_price,2.337760053508562,2.26
2026-07-28,9,capacity_price,2.6605546641481186,2.37
2026-07-28,10,capacity_price,2.507100903605467,2.26
2026-07-28,11,capacity_price,2.421878132629038,2.26
2026-07-28,12,capacity_price,2.0905460668523554,5.58
2026-07-28,13,capacity_price,2.455231307826151,1.65
2026-07-28,14,capacity_price,2.1594816722174968,2.01
2026-07-28,15,capacity_price,2.3900972259482707,2.26
2026-07-28,16,capacity_price,1.79980152020405,2.26
2026-07-28,17,capacity_price,2.798330968232001,2.37
2026-07-28,18,capacity_price,1.9808620713638838,2.26
2026-07-28,19,capacity_price,3.4468979259727703,2.26
2026-07-28,20,capacity_price,13.248142708626977,36.6
2026-07-28,21,capacity_price,17.29205449806124,36.6
2026-07-28,22,capacity_price,2.369573814596203,2.26
2026-07-28,23,capacity_price,2.7358091705261574,2.26
2026-07-29,0,capacity_price,2.1100911528829545,2.42
2026-07-29,1,capacity_price,2.0250484144583742,2.42
2026-07-29,2,capacity_price,2.0421211304507194,2.49
2026-07-29,3,capacity_price,2.1844941011732475,2.42
2026-07-29,4,capacity_price,2.567484324246856,2.42
2026-07-29,5,capacity_price,2.0512780646498157,2.42
2026-07-29,6,capacity_price,2.3629100829235528,2.49
2026-07-29,7,capacity_price,2.603412428284334,2.42
2026-07-29,8,capacity_price,2.4296728130442466,2.42
2026-07-29,9,capacity_price,2.314705344525041,2.42
2026-07-29,10,capacity_price,2.5708156800576343,2.42
2026-07-29,11,capacity_price,3.0769542476584406,2.42
2026-07-29,12,capacity_price,2.452845752765066,2.42
2026-07-29,13,capacity_price,2.0381753687273254,2.42
2026-07-29,14,capacity_price,2.0932639392092622,20.0
2026-07-29,15,capacity_price,2.4433817718126383,2.42
2026-07-29,16,capacity_price,2.3751168364465824,2.44
2026-07-29,17,capacity_price,2.829116155710847,2.42
2026-07-29,18,capacity_price,1.9271187387803845,2.42
2026-07-29,19,capacity_price,15.990418257506114,14.85
2026-07-29,20,capacity_price,24.866989291479094,32.1
2026-07-29,21,capacity_price,20.012245508796376,2.42
2026-07-29,22,capacity_price,2.5650833924420358,2.44
2026-07-29,23,capacity_price,2.6167175269502856,2.42
2026-07-30,0,capacity_price,2.1296578039873038,2.34
2026-07-30,1,capacity_price,2.039620436192005,2.34
2026-07-30,2,capacity_price,2.0444547893795066,2.24
2026-07-30,3,capacity_price,2.1957871780293954,6.0
2026-07-30,4,capacity_price,2.2038148944351588,2.34
2026-07-30,5,capacity_price,2.8035968290496487,2.34
2026-07-30,6,capacity_price,2.3581752374418947,2.34
2026-07-30,7,capacity_price,2.9427239603775535,2.34
2026-07-30,8,capacity_price,2.315004818977164,2.34
2026-07-30,9,capacity_price,2.334883956471582,2.34
2026-07-30,10,capacity_price,2.4123043729609583,2.34
2026-07-30,11,capacity_price,2.345577917334931,2.34
2026-07-30,12,capacity_price,2.3095561802698006,2.34
2026-07-30,13,capacity_price,2.013798850625266,2.34
2026-07-30,14,capacity_price,2.1741985359316494,2.34
2026-07-30,15,capacity_price,1.8641032552031673,2.34
2026-07-30,16,capacity_price,2.6706811773272463,2.34
2026-07-30,17,capacity_price,2.0035676131377462,2.34
2026-07-30,18,capacity_price,2.227991487433211,2.34
2026-07-30,19,capacity_price,20.805210465202553,2.34
2026-07-30,20,capacity_price,40.12657256753265,20.6
2026-07-30,21,capacity_price,17.53066006479499,20.6
2026-07-30,22,capacity_price,2.5159894219171934,2.34
2026-07-30,23,capacity_price,2.0292270710358298,2.34
2026-07-31,0,capacity_price,2.229841892679163,2.41
2026-07-31,1,capacity_price,1.9859110491860543,2.03
2026-07-31,2,capacity_price,2.1110880376081194,2.26
2026-07-31,3,capacity_price,2.2853032353823752,2.03
2026-07-31,4,capacity_price,2.2137537694231457,2.41
2026-07-31,5,capacity_price,2.376802162229987,2.41
2026-07-31,6,capacity_price,3.1217409378099905,2.41
2026-07-31,7,capacity_price,3.158993627986748,2.41
2026-07-31,8,capacity_price,2.655140336957685,2.41
2026-07-31,9,capacity_price,2.23297869633017,2.41
2026-07-31,10,capacity_price,2.360112496898285,2.41
2026-07-31,11,capacity_price,3.320531209310902,2.41
2026-07-31,12,capacity_price,2.0665712541633323,2.41
2026-07-31,13,capacity_price,1.8448516965839166,2.41
2026-07-31,14,capacity_price,1.9594327882534404,2.41
2026-07-31,15,capacity_price,1.9664316493503093,2.41
2026-07-31,16,capacity_price,2.1770575953965445,2.41
2026-07-31,17,capacity_price,2.3551855630780576,4.01
2026-07-31,18,capacity_price,2.1506475096126505,2.41
2026-07-31,19,capacity_price,7.342620061292434,2.41
2026-07-31,20,capacity_price,20.75181833896954,31.0
2026-07-31,21,capacity_price,13.597753295960706,31.0
2026-07-31,22,capacity_price,2.254504142947035,2.41
2026-07-31,23,capacity_price,2.6499126138073663,2.41
2026-08-01,0,capacity_price,2.21363626931716,2.4
2026-08-01,1,capacity_price,2.190261903859405,6.1
2026-08-01,2,capacity_price,1.980182877071113,20.0
2026-08-01,3,capacity_price,2.0280530223852753,2.4
2026-08-01,4,capacity_price,1.798465086082067,2.5
2026-08-01,5,capacity_price,2.1574373191526046,2.4
2026-08-01,6,capacity_price,2.0606501876018193,2.4
2026-08-01,7,capacity_price,1.915169935000631,2.4
2026-08-01,8,capacity_price,2.513188668105585,2.4
2026-08-01,9,capacity_price,2.0434674491715126,2.4
2026-08-01,10,capacity_price,1.6747666807986403,2.4
2026-08-01,11,capacity_price,2.174714516598151,2.4
2026-08-01,12,capacity_price,2.1920592433166117,1.07
2026-08-01,13,capacity_price,1.9405536307211562,1.07
2026-08-01,14,capacity_price,1.820611577126127,1.07
2026-08-01,15,capacity_price,1.5723141971088135,2.01
2026-08-01,16,capacity_price,2.401060320824777,2.4
2026-08-01,17,capacity_price,1.99876163456113,2.4
2026-08-01,18,capacity_price,2.0542483790636097,2.4
2026-08-01,19,capacity_price,0.9318302301915048,2.5
2026-08-01,20,capacity_price,23.081969797165552,20.0
2026-08-01,21,capacity_price,16.85597080756684,20.0
2026-08-01,22,capacity_price,1.9967980510267576,2.4
2026-08-01,23,capacity_price,2.0857405961934283,2.49
2026-08-02,0,capacity_price,2.3006886535073576,2.03
2026-08-02,1,capacity_price,2.243936894012434,2.1
2026-08-02,2,capacity_price,2.1807153312190573,2.1
2026-08-02,3,capacity_price,2.2185963727265445,2.03
2026-08-02,4,capacity_price,2.0608905362234524,2.03
2026-08-02,5,capacity_price,2.5028774712110673,2.03
2026-08-02,6,capacity_price,2.0998489327964394,2.18
2026-08-02,7,capacity_price,3.9236240860763676,2.18
2026-08-02,8,capacity_price,2.53829400004906,2.18
2026-08-02,9,capacity_price,2.381701743100748,2.03
2026-08-02,10,capacity_price,2.119930989253701,2.03
2026-08-02,11,capacity_price,2.34382897264462,0.54
2026-08-02,12,capacity_price,1.5266453500885382,0.54
2026-08-02,13,capacity_price,1.6835121268992785,0.54
2026-08-02,14,capacity_price,1.474473841286106,0.54
2026-08-02,15,capacity_price,1.6024632730011965,0.54
2026-08-02,16,capacity_price,2.124368896907864,2.18
2026-08-02,17,capacity_price,2.240379223434849,2.03
2026-08-02,18,capacity_price,1.8432092093314736,2.18
2026-08-02,19,capacity_price,1.7290936851273344,2.1
2026-08-02,20,capacity_price,24.480935962512643,14.85
2026-08-02,21,capacity_price,15.22942377908808,14.85
2026-08-02,22,capacity_price,2.2914893659992677,2.03
2026-08-02,23,capacity_price,2.290215922737545,2.03
2026-08-03,0,capacity_price,2.2175941039585165,2.03
2026-08-03,1,capacity_price,2.0557207632540475,2.03
2026-08-03,2,capacity_price,2.0539772843062156,2.34
2026-08-03,3,capacity_price,2.2479937461959327,2.03
2026-08-03,4,capacity_price,2.172458906515466,2.1
2026-08-03,5,capacity_price,2.542296783126975,2.34
2026-08-03,6,capacity_price,2.519511634466553,2.03
2026-08-03,7,capacity_price,2.684270029731939,2.03
2026-08-03,8,capacity_price,2.7733406586330265,2.03
2026-08-03,9,capacity_price,2.13440347677454,2.1
2026-08-03,10,capacity_price,1.9477414695758954,2.03
2026-08-03,11,capacity_price,1.278965760584122,2.34
2026-08-03,12,capacity_price,1.5529748577058131,2.34
2026-08-03,13,capacity_price,1.0875643302264144,2.03
2026-08-03,14,capacity_price,0.8347180373261998,2.03
2026-08-03,15,capacity_price,1.3495247032071578,2.03
2026-08-03,16,capacity_price,2.0806384785952106,2.03
2026-08-03,17,capacity_price,3.0559749656800563,2.03
2026-08-03,18,capacity_price,2.70398480923633,2.03
2026-08-03,19,capacity_price,6.65892453715887,2.1
2026-08-03,20,capacity_price,19.50967945746066,21.3
2026-08-03,21,capacity_price,16.34479581276169,21.3
2026-08-03,22,capacity_price,2.29873128689015,2.03
2026-08-03,23,capacity_price,2.316299536532238,2.03
2026-08-04,0,capacity_price,2.294427862774266,2.01
2026-08-04,1,capacity_price,2.1256597628674916,2.0
2026-08-04,2,capacity_price,2.16662448270975,2.0
2026-08-04,3,capacity_price,2.2210888424305164,2.01
2026-08-04,4,capacity_price,2.2634908952002775,2.37
2026-08-04,5,capacity_price,1.8154220074391667,2.37
2026-08-04,6,capacity_price,2.3165114353526643,2.37
2026-08-04,7,capacity_price,1.908784511078913,2.37
2026-08-04,8,capacity_price,2.0236066375113713,2.37
2026-08-04,9,capacity_price,2.6591919656664653,2.37
2026-08-04,10,capacity_price,2.4234195118129356,2.49
2026-08-04,11,capacity_price,2.536091271085379,2.37
2026-08-04,12,capacity_price,2.6473511049458103,2.37
2026-08-04,13,capacity_price,2.0551275032594476,2.37
2026-08-04,14,capacity_price,1.4984476535234672,2.37
2026-08-04,15,capacity_price,2.1423542274936804,2.37
2026-08-04,16,capacity_price,2.135867957133345,2.37
2026-08-04,17,capacity_price,2.4715931146435075,2.49
2026-08-04,18,capacity_price,2.1270354777467877,2.37
2026-08-04,19,capacity_price,2.2169015599644233,20.0
2026-08-04,20,capacity_price,29.84664504948832,31.7
2026-08-04,21,capacity_price,16.73249912804403,2.37
2026-08-04,22,capacity_price,2.4237727041824693,2.37
2026-08-04,23,capacity_price,2.142676270961324,2.01
2026-08-05,0,capacity_price,2.108347475437969,2.01
2026-08-05,1,capacity_price,2.0262148422803596,1.2
2026-08-05,2,capacity_price,1.864598874118853,2.02
2026-08-05,3,capacity_price,2.186229420159082,2.17
2026-08-05,4,capacity_price,2.7292700644895493,2.17
2026-08-05,5,capacity_price,2.3909573239585584,2.17
2026-08-05,6,capacity_price,2.209191231487931,2.17
2026-08-05,7,capacity_price,1.997679680261415,2.17
2026-08-05,8,capacity_price,1.909608826718812,2.17
2026-08-05,9,capacity_price,2.1531232636305773,2.17
2026-08-05,10,capacity_price,2.524205694519676,2.17
2026-08-05,11,capacity_price,2.229662103570374,2.17
2026-08-05,12,capacity_price,2.3640015727386428,2.01
2026-08-05,13,capacity_price,2.1340852529094514,2.02
2026-08-05,14,capacity_price,2.162257051134937,2.01
2026-08-05,15,capacity_price,2.212508360117884,2.01
2026-08-05,16,capacity_price,2.3392476097964305,2.17
2026-08-05,17,capacity_price,2.526232630943079,2.17
2026-08-05,18,capacity_price,1.8513302147987025,2.17
2026-08-05,19,capacity_price,12.123342534607637,2.17
2026-08-05,20,capacity_price,33.8871049131774,2.17
2026-08-05,21,capacity_price,27.376854439690597,18.1
2026-08-05,22,capacity_price,2.999724081691446,18.1
2026-08-05,23,capacity_price,2.353456990751483,2.02
2026-08-06,0,capacity_price,2.0657082645500444,2.16
2026-08-06,1,capacity_price,1.9283265009916868,1.2
2026-08-06,2,capacity_price,2.0813584550035835,0.67
2026-08-06,3,capacity_price,1.305757791792715,2.16
2026-08-06,4,capacity_price,2.087434959762527,2.15
2026-08-06,5,capacity_price,2.1213898140708376,2.15
2026-08-06,6,capacity_price,2.248797741265117,2.11
2026-08-06,7,capacity_price,3.0224682399374716,2.15
2026-08-06,8,capacity_price,1.6024594826996845,2.11
2026-08-06,9,capacity_price,2.089574797984187,2.11
2026-08-06,10,capacity_price,2.268663602633464,2.11
2026-08-06,11,capacity_price,2.5682802787068724,2.11
2026-08-06,12,capacity_price,1.7369536735158821,2.01
2026-08-06,13,capacity_price,1.5556193923585886,2.01
2026-08-06,14,capacity_price,1.1786616550477942,6.2
2026-08-06,15,capacity_price,1.6320393988024207,6.94
2026-08-06,16,capacity_price,2.0297570831100167,2.11
2026-08-06,17,capacity_price,2.1393596963645996,2.16
2026-08-06,18,capacity_price,1.6556804971167016,2.11
2026-08-06,19,capacity_price,3.5113238116567738,2.15
2026-08-06,20,capacity_price,20.828544886112503,2.15
2026-08-06,21,capacity_price,16.970909657675413,2.11
2026-08-06,22,capacity_price,15.564631554326418,57.52
2026-08-06,23,capacity_price,2.9307643044190157,2.01
2026-08-07,0,capacity_price,1.9127519877030297,1.2
2026-08-07,1,capacity_price,1.2942922077726833,2.15
2026-08-07,2,capacity_price,1.6576901838535036,1.2
2026-08-07,3,capacity_price,1.3252663446915216,2.28
2026-08-07,4,capacity_price,2.257041495284847,2.37
2026-08-07,5,capacity_price,2.6300670403104185,2.37
2026-08-07,6,capacity_price,2.179961808146711,2.37
2026-08-07,7,capacity_price,2.052488692809134,2.37
2026-08-07,8,capacity_price,1.948673338440147,2.37
2026-08-07,9,capacity_price,2.2224662151505896,2.48
2026-08-07,10,capacity_price,2.611566073730442,2.37
2026-08-07,11,capacity_price,2.598505206229753,2.37
2026-08-07,12,capacity_price,1.9705765330134246,7.89
2026-08-07,13,capacity_price,1.9291342081235454,7.89
2026-08-07,14,capacity_price,1.6594889560783779,2.68
2026-08-07,15,capacity_price,1.876543795443343,2.37
2026-08-07,16,capacity_price,1.8018587169608347,2.37
2026-08-07,17,capacity_price,2.280983104994987,2.37
2026-08-07,18,capacity_price,2.2932002346673936,2.37
2026-08-07,19,capacity_price,9.712586852809446,2.37
2026-08-07,20,capacity_price,8.189486960711234,2.37
2026-08-07,21,capacity_price,7.532676774302262,11.3
2026-08-07,22,capacity_price,15.86181897257765,11.3
2026-08-07,23,capacity_price,2.712345817142251,2.37
2026-08-08,0,capacity_price,1.7493716013419747,2.12
2026-08-08,1,capacity_price,1.9984675290547624,2.12
2026-08-08,2,capacity_price,1.5468463698109174,2.12
2026-08-08,3,capacity_price,2.3760041869144253,2.12
2026-08-08,4,capacity_price,2.4339786629279123,6.0
2026-08-08,5,capacity_price,2.3537640016771455,2.42
2026-08-08,6,capacity_price,2.413654988069204,2.42
2026-08-08,7,capacity_price,2.0975917774843924,2.42
2026-08-08,8,capacity_price,2.6288989106850593,2.45
2026-08-08,9,capacity_price,2.2718139222681244,2.42
2026-08-08,10,capacity_price,2.1820140819606064,2.42
2026-08-08,11,capacity_price,1.9876303818853933,2.01
2026-08-08,12,capacity_price,1.5441762050787402,1.2
2026-08-08,13,capacity_price,1.704644365840596,0.31
2026-08-08,14,capacity_price,1.7408024331810634,0.2
2026-08-08,15,capacity_price,1.072856778918255,2.45
2026-08-08,16,capacity_price,1.9433933356373017,7.51
2026-08-08,17,capacity_price,2.0968447008122784,2.42
2026-08-08,18,capacity_price,3.5350529083009583,2.45
2026-08-08,19,capacity_price,2.930391489946338,13.38
2026-08-08,20,capacity_price,9.763873370247518,2.42
2026-08-08,21,capacity_price,11.409937104091526,2.42
2026-08-08,22,capacity_price,13.421675472240956,21.9
2026-08-08,23,capacity_price,2.7051800950401965,2.42
2026-08-09,0,capacity_price,2.3067093491707253,2.19
2026-08-09,1,capacity_price,2.0935115469186414,2.01
2026-08-09,2,capacity_price,2.0872468701786038,2.0
2026-08-09,3,capacity_price,2.505983891114424,2.41
2026-08-09,4,capacity_price,2.925819182507782,2.41
2026-08-09,5,capacity_price,4.16097474852593,2.19
2026-08-09,6,capacity_price,2.0454902179206034,2.19
2026-08-09,7,capacity_price,2.3868106907693467,2.19
2026-08-09,8,capacity_price,1.1942208459414372,2.19
2026-08-09,9,capacity_price,2.1110550048438634,2.48
2026-08-09,10,capacity_price,2.769583837003308,2.21
2026-08-09,11,capacity_price,1.9811717564615203,0.54
2026-08-09,12,capacity_price,1.2924671951950897,0.2
2026-08-09,13,capacity_price,1.1220841104418133,0.2
2026-08-09,14,capacity_price,1.3761018428277219,0.2
2026-08-09,15,capacity_price,0.9228301062466225,0.2
2026-08-09,16,capacity_price,2.059984122262365,2.48
2026-08-09,17,capacity_price,2.0915232435740694,2.19
2026-08-09,18,capacity_price,2.378906216913711,2.19
2026-08-09,19,capacity_price,12.640849859596237,2.41
2026-08-09,20,capacity_price,12.552160048041449,2.19
2026-08-09,21,capacity_price,5.171035311052226,2.19
2026-08-09,22,capacity_price,15.126535776836597,15.1
2026-08-09,23,capacity_price,3.04506757844439,15.1
2026-08-10,0,capacity_price,2.2632949887283424,13.38
2026-08-10,1,capacity_price,2.0654301254876177,2.0
2026-08-10,2,capacity_price,1.6124696658823998,2.14
2026-08-10,3,capacity_price,2.3924290412777145,2.13
2026-08-10,4,capacity_price,2.6171058815616974,2.44
2026-08-10,5,capacity_price,3.40925592272658,2.44
2026-08-10,6,capacity_price,2.3090822477804425,2.44
2026-08-10,7,capacity_price,2.417417031337075,2.44
2026-08-10,8,capacity_price,2.2109573351891267,2.44
2026-08-10,9,capacity_price,2.201651264370967,2.44
2026-08-10,10,capacity_price,1.6866494413014415,2.44
2026-08-10,11,capacity_price,2.089148842082008,2.44
2026-08-10,12,capacity_price,1.4273788691681446,10.0
2026-08-10,13,capacity_price,1.680513339171973,10.0
2026-08-10,14,capacity_price,1.900148629690344,2.01
2026-08-10,15,capacity_price,1.0921949064775407,2.01
2026-08-10,16,capacity_price,1.830487972193056,2.01
2026-08-10,17,capacity_price,2.1244654035443427,2.44
2026-08-10,18,capacity_price,1.5056664503057495,2.44
2026-08-10,19,capacity_price,1.662777575567894,13.38
2026-08-10,20,capacity_price,5.3730225055445695,2.44
2026-08-10,21,capacity_price,4.6021711851723595,2.44
2026-08-10,22,capacity_price,15.19023582865361,14.3
2026-08-10,23,capacity_price,4.498712520438535,13.38
2026-08-11,0,capacity_price,2.027011472367741,2.27
2026-08-11,1,capacity_price,1.5129150263265427,2.27
2026-08-11,2,capacity_price,1.9163162354882002,2.05
2026-08-11,3,capacity_price,2.3840192786179126,2.05
2026-08-11,4,capacity_price,2.6965870133061083,2.28
2026-08-11,5,capacity_price,3.229538848052543,2.28
2026-08-11,6,capacity_price,2.755476849474354,2.28
2026-08-11,7,capacity_price,3.0558533419587617,2.28
2026-08-11,8,capacity_price,2.8030521108487663,2.28
2026-08-11,9,capacity_price,2.5117565544592515,2.28
2026-08-11,10,capacity_price,2.4970642216076397,2.28
2026-08-11,11,capacity_price,2.5657603892877834,2.28
2026-08-11,12,capacity_price,2.2638302457671724,5.08
2026-08-11,13,capacity_price,2.3897437937191475,0.67
2026-08-11,14,capacity_price,2.0787164893938614,1.2
2026-08-11,15,capacity_price,2.696069555130222,2.01
2026-08-11,16,capacity_price,2.252836448353708,2.28
2026-08-11,17,capacity_price,2.3990370793730555,2.28
2026-08-11,18,capacity_price,3.5838496905084996,2.28
2026-08-11,19,capacity_price,14.586041332209255,13.38
2026-08-11,20,capacity_price,10.5125679128184,2.28
2026-08-11,21,capacity_price,7.611606247259368,2.28
2026-08-11,22,capacity_price,14.794652404644033,25.7
2026-08-11,23,capacity_price,3.7185268682120167,2.27
2026-08-12,0,capacity_price,2.252656414022945,1.2
2026-08-12,1,capacity_price,2.1570139005924087,2.04
2026-08-12,2,capacity_price,2.0379802485306726,2.04
2026-08-12,3,capacity_price,2.281119653019607,2.45
2026-08-12,4,capacity_price,2.629028202003045,2.16
2026-08-12,5,capacity_price,2.3867360515304017,2.16
2026-08-12,6,capacity_price,2.4493183630139623,2.16
2026-08-12,7,capacity_price,2.348089585742838,2.43
2026-08-12,8,capacity_price,2.227310363766318,2.45
2026-08-12,9,capacity_price,2.468527787380638,2.16
2026-08-12,10,capacity_price,2.5950145045210005,4.0
2026-08-12,11,capacity_price,2.5463960754735817,2.16
2026-08-12,12,capacity_price,2.3714166601373923,2.16
2026-08-12,13,capacity_price,2.502704549044203,2.04
2026-08-12,14,capacity_price,2.3572916725514763,4.37
2026-08-12,15,capacity_price,1.9930960106752842,7.89
2026-08-12,16,capacity_price,2.0944136245555414,2.16
2026-08-12,17,capacity_price,2.348131232568287,2.45
2026-08-12,18,capacity_price,1.4231133096491324,2.16
2026-08-12,19,capacity_price,8.755035569013401,7.89
2026-08-12,20,capacity_price,5.169013426954365,28.7
2026-08-12,21,capacity_price,2.7042576708480457,2.16
2026-08-12,22,capacity_price,15.477322221266261,4.0
2026-08-12,23,capacity_price,4.5227520186470205,2.04
2026-08-13,0,capacity_price,2.072330167894912,0.67
2026-08-13,1,capacity_price,2.0581544840861077,0.67
2026-08-13,2,capacity_price,2.111221227564286,0.67
2026-08-13,3,capacity_price,2.3156543102285183,2.17
2026-08-13,4,capacity_price,2.0596820520870014,2.41
2026-08-13,5,capacity_price,2.6063441611301603,2.47
2026-08-13,6,capacity_price,2.5025580976443953,2.47
2026-08-13,7,capacity_price,2.2953835394240025,2.47
2026-08-13,8,capacity_price,2.064054217107279,2.47
2026-08-13,9,capacity_price,2.3010804050268012,2.47
2026-08-13,10,capacity_price,2.575259461983778,2.47
2026-08-13,11,capacity_price,2.532450819848339,2.47
2026-08-13,12,capacity_price,2.2458535073010237,7.89
2026-08-13,13,capacity_price,2.308519183089111,6.29
2026-08-13,14,capacity_price,1.8116167338366802,7.89
2026-08-13,15,capacity_price,2.385914231858856,7.89
2026-08-13,16,capacity_price,2.247466712943838,6.0
2026-08-13,17,capacity_price,2.121523641564193,2.47
2026-08-13,18,capacity_price,1.3405623590428082,2.47
2026-08-13,19,capacity_price,5.981921547462071,7.89
2026-08-13,20,capacity_price,13.83485072426221,33.0
2026-08-13,21,capacity_price,12.652609215861816,9.23
2026-08-13,22,capacity_price,2.802465037102115,2.47
2026-08-13,23,capacity_price,2.1926904172045183,2.01
2026-08-14,0,capacity_price,1.8878842142557706,2.28
2026-08-14,1,capacity_price,1.539373129796934,0.67
2026-08-14,2,capacity_price,1.492478545219222,0.67
2026-08-14,3,capacity_price,1.4419166857745775,2.28
2026-08-14,4,capacity_price,2.582039378702228,2.43
2026-08-14,5,capacity_price,2.2422392984668167,2.43
2026-08-14,6,capacity_price,2.1148337115467024,2.43
2026-08-14,7,capacity_price,2.3048537830908757,2.47
2026-08-14,8,capacity_price,2.65515966810005,2.47
2026-08-14,9,capacity_price,3.0168029539139467,2.43
2026-08-14,10,capacity_price,3.0716273678624706,2.47
2026-08-14,11,capacity_price,2.200992943214358,4.0
2026-08-14,12,capacity_price,1.9404106263463126,2.43
2026-08-14,13,capacity_price,1.7298347118101636,3.01
2026-08-14,14,capacity_price,2.4932556823786545,6.0
2026-08-14,15,capacity_price,2.255534584414178,2.43
2026-08-14,16,capacity_price,2.2809745401609005,2.43
2026-08-14,17,capacity_price,2.2089542365584953,2.43
2026-08-14,18,capacity_price,1.1973832174916565,2.43
2026-08-14,19,capacity_price,10.344593875536702,7.89
2026-08-14,20,capacity_price,22.884565303336572,25.1
2026-08-14,21,capacity_price,18.2778256521337,20.0
2026-08-14,22,capacity_price,3.094118554756759,2.43
2026-08-14,23,capacity_price,2.7000609388840338,2.01
2026-08-15,0,capacity_price,2.1995717786527664,2.01
2026-08-15,1,capacity_price,1.7675111956262262,1.2
2026-08-15,2,capacity_price,1.1363784618158415,2.01
2026-08-15,3,capacity_price,2.098228085231968,1.2
2026-08-15,4,capacity_price,2.829623052663804,2.01
2026-08-15,5,capacity_price,2.587293488669415,2.19
2026-08-15,6,capacity_price,5.68617894367264,2.19
2026-08-15,7,capacity_price,4.221210719072304,2.19
2026-08-15,8,capacity_price,4.164271392441556,2.19
2026-08-15,9,capacity_price,3.491716711740564,2.19
2026-08-15,10,capacity_price,3.2539391447731503,2.47
2026-08-15,11,capacity_price,2.510686291062175,2.19
2026-08-15,12,capacity_price,1.7392015403661452,2.01
2026-08-15,13,capacity_price,2.0986223993146544,2.01
2026-08-15,14,capacity_price,0.7508059972184988,2.01
2026-08-15,15,capacity_price,2.019877486422784,3.34
2026-08-15,16,capacity_price,2.157271570034005,6.0
2026-08-15,17,capacity_price,2.785130533823712,2.26
2026-08-15,18,capacity_price,13.690363323371319,2.19
2026-08-15,19,capacity_price,10.546328857275524,6.0
2026-08-15,20,capacity_price,23.534050543411407,2.47
2026-08-15,21,capacity_price,21.53604668030101,2.47
2026-08-15,22,capacity_price,2.3244490455379676,10.4
2026-08-15,23,capacity_price,3.2743953341621346,2.26
2026-08-16,0,capacity_price,2.0134777978559817,2.09
2026-08-16,1,capacity_price,1.4433348092347775,0.54
2026-08-16,2,capacity_price,1.5727137239479967,0.54
2026-08-16,3,capacity_price,1.6181135567234795,0.4
2026-08-16,4,capacity_price,2.2838538972251796,0.67
2026-08-16,5,capacity_price,2.219265901210842,9.23
2026-08-16,6,capacity_price,2.557479203129806,2.09
2026-08-16,7,capacity_price,2.175664331790285,2.09
2026-08-16,8,capacity_price,2.4344762337665893,2.09
2026-08-16,9,capacity_price,2.268202560244272,2.09
2026-08-16,10,capacity_price,2.2117108642561645,2.09
2026-08-16,11,capacity_price,2.0046453953579384,2.01
2026-08-16,12,capacity_price,1.8272773810124185,0.54
2026-08-16,13,capacity_price,1.008033211952207,0.4
2026-08-16,14,capacity_price,1.3290781112009311,0.4
2026-08-16,15,capacity_price,1.9126249989780832,0.67
2026-08-16,16,capacity_price,1.9009115040001145,4.0
2026-08-16,17,capacity_price,2.3931088804720715,2.09
2026-08-16,18,capacity_price,2.012928066127608,2.09
2026-08-16,19,capacity_price,7.368663802440912,2.09
2026-08-16,20,capacity_price,10.198895540195014,15.9
2026-08-16,21,capacity_price,10.330959110750205,2.09
2026-08-16,22,capacity_price,14.439622247236407,15.9
2026-08-16,23,capacity_price,3.9632196777029836,9.23
2026-08-17,0,capacity_price,2.052124405049988,2.2
2026-08-17,1,capacity_price,0.8716859688992347,0.54
2026-08-17,2,capacity_price,1.216469315572651,0.67
2026-08-17,3,capacity_price,1.0251742743893086,0.67
2026-08-17,4,capacity_price,2.153642696753514,9.23
2026-08-17,5,capacity_price,2.126507501633271,2.16
2026-08-17,6,capacity_price,2.3463456009173127,2.16
2026-08-17,7,capacity_price,2.5436381381762456,2.16
2026-08-17,8,capacity_price,2.636967382109427,2.16
2026-08-17,9,capacity_price,2.0451928115602342,2.16
2026-08-17,10,capacity_price,2.2982442997159427,2.16
2026-08-17,11,capacity_price,2.234587091172676,2.16
2026-08-17,12,capacity_price,1.613961616298166,2.16
2026-08-17,13,capacity_price,1.0520812400259736,2.16
2026-08-17,14,capacity_price,1.0666591235446277,2.16
2026-08-17,15,capacity_price,1.76441784818642,2.16
2026-08-17,16,capacity_price,2.3796953878811418,7.89
2026-08-17,17,capacity_price,1.966549063255445,2.16
2026-08-17,18,capacity_price,2.649699970578021,2.16
2026-08-17,19,capacity_price,8.654881631537398,9.23
2026-08-17,20,capacity_price,19.152782726318257,2.16
2026-08-17,21,capacity_price,13.321039316922867,23.6
2026-08-17,22,capacity_price,15.228983133389692,2.16
2026-08-17,23,capacity_price,5.035006355294428,2.2
2026-08-18,0,capacity_price,2.0368073027379436,0.54
2026-08-18,1,capacity_price,1.2882521455355729,0.54
2026-08-18,2,capacity_price,1.6299169046437065,0.67
2026-08-18,3,capacity_price,1.4629035141455013,0.4
2026-08-18,4,capacity_price,2.3246075353998306,2.08
2026-08-18,5,capacity_price,2.2294800574140554,2.08
2026-08-18,6,capacity_price,2.156658806378201,2.08
2026-08-18,7,capacity_price,2.3324567050337293,2.08
2026-08-18,8,capacity_price,2.2282793265333742,2.08
2026-08-18,9,capacity_price,2.1844417506154494,2.08
2026-08-18,10,capacity_price,2.2044798717007583,2.08
2026-08-18,11,capacity_price,1.9977532462533838,2.08
2026-08-18,12,capacity_price,2.054933521798384,2.08
2026-08-18,13,capacity_price,1.6733244927217308,2.08
2026-08-18,14,capacity_price,1.7976132101106095,2.08
2026-08-18,15,capacity_price,1.8001468392731457,2.08
2026-08-18,16,capacity_price,2.1210624409458085,2.08
2026-08-18,17,capacity_price,2.213616341450468,2.08
2026-08-18,18,capacity_price,2.265017873268317,2.08
2026-08-18,19,capacity_price,6.999839792389999,9.23
2026-08-18,20,capacity_price,17.390164901960215,20.2
2026-08-18,21,capacity_price,7.838759989965313,2.08
2026-08-18,22,capacity_price,4.045103227359577,2.08
2026-08-18,23,capacity_price,1.4530503611120251,0.54
2026-08-19,0,capacity_price,1.6619873097793016,0.4
2026-08-19,1,capacity_price,0.6695551208385024,0.67
2026-08-19,2,capacity_price,1.3114471205979659,0.67
2026-08-19,3,capacity_price,1.4028137533228735,0.67
2026-08-19,4,capacity_price,2.0820361322603818,20.0
2026-08-19,5,capacity_price,2.2481875698837475,2.23
2026-08-19,6,capacity_price,2.0011668986246782,2.23
2026-08-19,7,capacity_price,2.1263600317579,2.23
2026-08-19,8,capacity_price,2.3626256899773703,2.23
2026-08-19,9,capacity_price,2.055397406472083,2.23
2026-08-19,10,capacity_price,2.3985694216600306,2.23
2026-08-19,11,capacity_price,2.253012134306501,2.23
2026-08-19,12,capacity_price,2.2494230238919055,2.23
2026-08-19,13,capacity_price,2.150867188950096,20.0
2026-08-19,14,capacity_price,2.830955068600145,9.23
2026-08-19,15,capacity_price,2.252753402333729,9.23
2026-08-19,16,capacity_price,1.5605986964181418,6.69
2026-08-19,17,capacity_price,2.2270578858757144,2.23
2026-08-19,18,capacity_price,1.5622124464240108,2.23
2026-08-19,19,capacity_price,6.79121131768323,9.23
2026-08-19,20,capacity_price,15.742226968498379,21.0
2026-08-19,21,capacity_price,12.279563946570676,2.23
2026-08-19,22,capacity_price,3.4600038395624644,2.23
2026-08-19,23,capacity_price,0.9997571257500888,0.54
2026-08-20,0,capacity_price,1.14978833617746,0.67
2026-08-20,1,capacity_price,0.6025329971466984,0.67
2026-08-20,2,capacity_price,0.6633571831166636,0.54
2026-08-20,3,capacity_price,0.9813447071518067,0.67
2026-08-20,4,capacity_price,1.2977139298238782,2.02
2026-08-20,5,capacity_price,2.156986081029864,2.02
2026-08-20,6,capacity_price,2.724859754417816,2.02
2026-08-20,7,capacity_price,2.4549741560049894,2.02
2026-08-20,8,capacity_price,2.6289865018284417,2.02
2026-08-20,9,capacity_price,2.3634820538064334,2.02
2026-08-20,10,capacity_price,2.638934239570664,2.02
2026-08-20,11,capacity_price,2.4347309306443377,2.02
2026-08-20,12,capacity_price,2.0720904739420862,7.89
2026-08-20,13,capacity_price,2.1226740423632995,0.54
2026-08-20,14,capacity_price,2.3429758235355087,0.54
2026-08-20,15,capacity_price,2.301198771955149,6.69
2026-08-20,16,capacity_price,2.9017091846209757,6.69
2026-08-20,17,capacity_price,2.399176174087396,2.02
2026-08-20,18,capacity_price,2.276280696542513,2.02
2026-08-20,19,capacity_price,10.462910698075667,51.5
2026-08-20,20,capacity_price,26.679759515327763,51.5
2026-08-20,21,capacity_price,23.219220555903426,2.02
2026-08-20,22,capacity_price,3.0129069680952076,2.02
2026-08-20,23,capacity_price,1.2573040109220712,0.67
2026-08-21,0,capacity_price,0.9706943159346255,0.67
2026-08-21,1,capacity_price,0.6751491053807462,0.4
2026-08-21,2,capacity_price,0.6382563064368829,0.4
2026-08-21,3,capacity_price,0.8079467581341964,0.4
2026-08-21,4,capacity_price,1.2800321948902988,41.87
2026-08-21,5,capacity_price,2.117551203590494,2.39
2026-08-21,6,capacity_price,2.3385026958295843,2.39
2026-08-21,7,capacity_price,2.3871495243841836,2.39
2026-08-21,8,capacity_price,2.1646669578199442,2.39
2026-08-21,9,capacity_price,2.474374557687423,2.39
2026-08-21,10,capacity_price,2.060608080530057,2.39
2026-08-21,11,capacity_price,2.1526982429693584,2.39
2026-08-21,12,capacity_price,1.2984122650625227,7.89
2026-08-21,13,capacity_price,1.6685658461193276,7.89
2026-08-21,14,capacity_price,2.4900548928273603,7.89
2026-08-21,15,capacity_price,2.234916597413223,9.23
2026-08-21,16,capacity_price,2.757296628540294,2.39
2026-08-21,17,capacity_price,2.1530834077584986,2.39
2026-08-21,18,capacity_price,1.9460593541619118,2.39
2026-08-21,19,capacity_price,22.37801245459782,105.41
2026-08-21,20,capacity_price,29.675532437561813,108.75
2026-08-21,21,capacity_price,28.447890950422753,2.39
2026-08-21,22,capacity_price,2.101684067527882,2.39
2026-08-21,23,capacity_price,0.8466386763534512,7.89
2026-08-22,0,capacity_price,1.9089488902106493,2.0
2026-08-22,1,capacity_price,0.7363396062576562,0.54
2026-08-22,2,capacity_price,0.7619819284601113,0.4
2026-08-22,3,capacity_price,0.7944456072982982,0.4
2026-08-22,4,capacity_price,1.3779171977674383,0.67
2026-08-22,5,capacity_price,2.0601553604804894,20.0
2026-08-22,6,capacity_price,2.376878059697807,2.4
2026-08-22,7,capacity_price,2.4872784763273112,2.4
2026-08-22,8,capacity_price,2.323633874359719,2.4
2026-08-22,9,capacity_price,2.6314227272561066,2.4
2026-08-22,10,capacity_price,3.152698751730571,2.4
2026-08-22,11,capacity_price,2.3400785658181373,1.34
2026-08-22,12,capacity_price,2.016099629284134,0.4
2026-08-22,13,capacity_price,2.0606031153463884,0.4
2026-08-22,14,capacity_price,1.5074863205657105,0.4
2026-08-22,15,capacity_price,2.553901762629593,0.67
2026-08-22,16,capacity_price,2.702105108421087,0.67
2026-08-22,17,capacity_price,2.3415450932110033,2.4
2026-08-22,18,capacity_price,1.67789495306793,2.4
2026-08-22,19,capacity_price,31.25907756149537,46.68
2026-08-22,20,capacity_price,48.107950702816645,2.4
2026-08-22,21,capacity_price,21.89238256753677,2.4
2026-08-22,22,capacity_price,2.244238103031744,39.33
2026-08-22,23,capacity_price,1.8378154437451513,2.4
2026-08-23,0,capacity_price,1.7114449620494228,9.23
2026-08-23,1,capacity_price,0.7838714977118635,2.01
2026-08-23,2,capacity_price,0.6884735228040569,0.4
2026-08-23,3,capacity_price,0.7872192117355065,0.67
2026-08-23,4,capacity_price,1.9531777604862999,0.4
2026-08-23,5,capacity_price,1.974903857881739,0.67
2026-08-23,6,capacity_price,2.2740440200457694,2.4
2026-08-23,7,capacity_price,2.076328090127583,2.4
2026-08-23,8,capacity_price,1.731582550694669,2.4
2026-08-23,9,capacity_price,2.2026029733621963,5.0
2026-08-23,10,capacity_price,2.051201561135824,2.45
2026-08-23,11,capacity_price,1.500725994859554,0.54
2026-08-23,12,capacity_price,0.9221423443259547,0.67
2026-08-23,13,capacity_price,0.5940160665204559,0.67
2026-08-23,14,capacity_price,1.0923635208437905,0.4
2026-08-23,15,capacity_price,1.2638900838255147,0.67
2026-08-23,16,capacity_price,1.5929942452311856,0.67
2026-08-23,17,capacity_price,2.028702703409653,6.69
2026-08-23,18,capacity_price,2.200298725007251,2.4
2026-08-23,19,capacity_price,26.61704769477442,2.4
2026-08-23,20,capacity_price,18.82564205784284,45.3
2026-08-23,21,capacity_price,7.996028839411564,45.3
2026-08-23,22,capacity_price,14.936594783880675,2.4
2026-08-23,23,capacity_price,2.380069101867037,7.89
2026-08-24,0,capacity_price,1.7973936390250933,0.67
2026-08-24,1,capacity_price,1.5855538719618458,0.4
2026-08-24,2,capacity_price,0.8491142296503053,0.67
2026-08-24,3,capacity_price,0.8697809169364423,0.4
2026-08-24,4,capacity_price,1.9071820574131215,2.01
2026-08-24,5,capacity_price,1.6206776036802726,2.2
2026-08-24,6,capacity_price,2.6106802755682836,2.2
2026-08-24,7,capacity_price,2.7015073980214432,2.2
2026-08-24,8,capacity_price,2.431474096630478,2.2
2026-08-24,9,capacity_price,1.879669419920357,2.2
2026-08-24,10,capacity_price,1.964770875482232,4.0
2026-08-24,11,capacity_price,1.4358905511067774,4.0
2026-08-24,12,capacity_price,1.3559732919921155,2.2
2026-08-24,13,capacity_price,1.909935288704502,6.69
2026-08-24,14,capacity_price,1.4894235992069822,6.69
2026-08-24,15,capacity_price,1.2813302236221307,6.69
2026-08-24,16,capacity_price,1.7579682413012336,7.89
2026-08-24,17,capacity_price,2.7630611011077697,2.2
2026-08-24,18,capacity_price,2.4814130767976827,2.2
2026-08-24,19,capacity_price,21.859182215492034,49.4
2026-08-24,20,capacity_price,26.90523519353617,49.4
2026-08-24,21,capacity_price,16.97516665092849,2.2
2026-08-24,22,capacity_price,2.4683099138899145,2.2
2026-08-24,23,capacity_price,1.6673999489468583,7.89
2026-08-26,0,capacity_price,0.8227256703051866,0.4
2026-08-26,1,capacity_price,0.6210934436954043,0.67
2026-08-26,2,capacity_price,0.7167351709523314,0.67
2026-08-26,3,capacity_price,0.6925012988711121,0.67
2026-08-26,4,capacity_price,1.47959803922948,2.24
2026-08-26,5,capacity_price,2.055766954540876,2.24
2026-08-26,6,capacity_price,2.289075991772473,2.24
2026-08-26,7,capacity_price,3.055127464311664,2.24
2026-08-26,8,capacity_price,2.398728590762811,2.24
2026-08-26,9,capacity_price,2.3337166435416,2.24
2026-08-26,10,capacity_price,2.806297733352703,25.28
2026-08-26,11,capacity_price,2.319417372116744,33.44
2026-08-26,12,capacity_price,2.3656409922853454,2.24
2026-08-26,13,capacity_price,1.4897375160692554,2.24
2026-08-26,14,capacity_price,2.7945701845277435,2.24
2026-08-26,15,capacity_price,2.51234882215427,2.24
2026-08-26,16,capacity_price,2.4276423856373395,2.24
2026-08-26,17,capacity_price,3.220603373899924,2.24
2026-08-26,18,capacity_price,3.39683858083581,2.24
2026-08-26,19,capacity_price,41.15403798038825,89.49
2026-08-26,20,capacity_price,37.12531844701281,2.24
2026-08-26,21,capacity_price,27.333318303379286,69.83
2026-08-26,22,capacity_price,12.794427054415054,2.24
2026-08-26,23,capacity_price,1.2462835185258636,0.54
2026-08-27,0,capacity_price,1.0328577970541752,0.4
2026-08-27,1,capacity_price,0.8340727436648848,0.4
2026-08-27,2,capacity_price,0.6551940226376127,0.67
2026-08-27,3,capacity_price,0.6899769254178615,0.67
2026-08-27,4,capacity_price,1.19660369860867,2.06
2026-08-27,5,capacity_price,2.136055432799404,2.06
2026-08-27,6,capacity_price,2.1291230522166535,2.06
2026-08-27,7,capacity_price,2.670099675016166,2.06
2026-08-27,8,capacity_price,2.916822963187659,2.06
2026-08-27,9,capacity_price,2.530079892212674,2.06
2026-08-27,10,capacity_price,3.433365235779453,4.0
2026-08-27,11,capacity_price,2.87595402981454,2.06
2026-08-27,12,capacity_price,1.9644256593711458,2.06
2026-08-27,13,capacity_price,2.114619594647497,2.06
2026-08-27,14,capacity_price,1.5642856925646202,2.94
2026-08-27,15,capacity_price,1.788257404187523,20.07
2026-08-27,16,capacity_price,2.0969217722188795,2.06
2026-08-27,17,capacity_price,2.8183524820315506,2.06
2026-08-27,18,capacity_price,6.323715899889354,133.77
2026-08-27,19,capacity_price,21.7047683013916,60.87
2026-08-27,20,capacity_price,39.935191570567426,2.06
2026-08-27,21,capacity_price,14.260052232519444,2.06
2026-08-27,22,capacity_price,5.450919487177229,2.06
2026-08-27,23,capacity_price,2.740641192918708,0.54
2026-08-28,0,capacity_price,0.9062533857431492,0.4
2026-08-28,1,capacity_price,0.6037990356061478,0.67
2026-08-28,2,capacity_price,0.5759076298233018,0.54
2026-08-28,3,capacity_price,0.6847847941673164,0.54
2026-08-28,4,capacity_price,1.4969664959260187,2.01
2026-08-28,5,capacity_price,2.1076673762824782,2.01
2026-08-28,6,capacity_price,2.3434071669747145,2.01
2026-08-28,7,capacity_price,2.516887035806615,2.01
2026-08-28,8,capacity_price,2.8599398423094424,2.01
2026-08-28,9,capacity_price,2.4210675390305467,2.01
2026-08-28,10,capacity_price,2.755981775947838,2.01
2026-08-28,11,capacity_price,2.506557850443768,2.01
2026-08-28,12,capacity_price,1.9626350465769957,2.01
2026-08-28,13,capacity_price,1.8463646351834893,2.01
2026-08-28,14,capacity_price,1.6739194632001895,2.01
2026-08-28,15,capacity_price,2.150742754609946,2.01
2026-08-28,16,capacity_price,2.3191674295255087,2.01
2026-08-28,17,capacity_price,4.181305818376348,2.01
2026-08-28,18,capacity_price,5.020730355266708,2.01
2026-08-28,19,capacity_price,32.57245435768048,77.2
2026-08-28,20,capacity_price,14.855220824377367,2.01
2026-08-28,21,capacity_price,14.037667861943808,28.8
2026-08-28,22,capacity_price,3.219272595210875,2.01
2026-08-28,23,capacity_price,2.1939727714506634,0.54
